season,week,roster_id,user_id,player_id,player_name,position,points,started,is_playoff
2022,1,1,608781531883859968,4866,Saquon Barkley,RB,32.9,1,0
2022,1,1,608781531883859968,7564,Ja'Marr Chase,WR,29.4,1,0
2022,1,1,608781531883859968,1466,Travis Kelce,TE,26.6,1,0
2022,1,1,608781531883859968,4881,Lamar Jackson,QB,21.22,1,0
2022,1,1,608781531883859968,1049,Ryan Tannehill,QB,19.34,0,0
2022,1,1,608781531883859968,3969,Leonard Fournette,RB,16.2,1,0
2022,1,1,608781531883859968,5848,Marquise Brown,WR,14.3,1,0
2022,1,1,608781531883859968,7523,Trevor Lawrence,QB,13.4,1,0
2022,1,1,608781531883859968,7596,Elijah Moore,WR,9.9,0,0
2022,1,1,608781531883859968,5095,Daniel Carlson,K,9.0,1,0
2022,1,1,608781531883859968,7543,Travis Etienne,RB,7.5,1,0
2022,1,1,608781531883859968,6803,Brandon Aiyuk,WR,6.7,0,0
2022,1,1,608781531883859968,NO,New Orleans Saints,DEF,3.5,1,0
2022,1,1,608781531883859968,7606,Kadarius Toney,WR,2.3,0,0
2022,1,1,608781531883859968,1426,DeAndre Hopkins,WR,0,0,0
2022,1,1,608781531883859968,8148,Jameson Williams,WR,0,0,0
2022,1,1,608781531883859968,8151,Kenneth Walker,RB,0,0,0
2022,1,2,736077599457026048,3161,Carson Wentz,QB,28.22,0,0
2022,1,2,736077599457026048,5859,A.J. Brown,WR,26.0,1,0
2022,1,2,736077599457026048,7588,Javonte Williams,RB,19.8,1,0
2022,1,2,736077599457026048,1234,Russell Wilson,QB,19.3,1,0
2022,1,2,736077599457026048,6943,Gabe Davis,WR,18.8,1,0
2022,1,2,736077599457026048,4034,Christian McCaffrey,RB,15.7,1,0
2022,1,2,736077599457026048,5872,Deebo Samuel,WR,12.6,1,0
2022,1,2,736077599457026048,5916,Darrell Henderson,RB,12.3,0,0
2022,1,2,736077599457026048,2505,Darren Waller,TE,11.9,1,0
2022,1,2,736077599457026048,8144,Chris Olave,WR,9.1,0,0
2022,1,2,736077599457026048,DEN,Denver Broncos,DEF,9.0,1,0
2022,1,2,736077599457026048,5846,DK Metcalf,WR,8.6,0,0
2022,1,2,736077599457026048,4037,Chris Godwin,WR,6.5,0,0
2022,1,2,736077599457026048,6083,Matt Gay,K,6.0,1,0
2022,1,2,736077599457026048,8129,Dameon Pierce,RB,4.9,0,0
2022,1,2,736077599457026048,96,Aaron Rodgers,QB,3.7,1,0
2022,1,3,737091087440674816,6794,Justin Jefferson,WR,39.9,1,0
2022,1,3,737091087440674816,4098,Kareem Hunt,RB,23.0,0,0
2022,1,3,737091087440674816,2306,Jameis Winston,QB,21.66,1,0
2022,1,3,737091087440674816,1166,Kirk Cousins,QB,19.08,1,0
2022,1,3,737091087440674816,4950,Christian Kirk,WR,18.2,0,0
2022,1,3,737091087440674816,4988,Nick Chubb,RB,15.8,1,0
2022,1,3,737091087440674816,LAC,Los Angeles Chargers,DEF,14.5,1,0
2022,1,3,737091087440674816,5001,Dalton Schultz,TE,13.2,1,0
2022,1,3,737091087440674816,7528,Najee Harris,RB,10.6,1,0
2022,1,3,737091087440674816,5892,David Montgomery,RB,8.0,1,0
2022,1,3,737091087440674816,5890,Damien Harris,RB,7.8,0,0
2022,1,3,737091087440674816,1264,Justin Tucker,K,6.0,1,0
2022,1,3,737091087440674816,2309,Amari Cooper,WR,4.7,0,0
2022,1,3,737091087440674816,4068,Mike Williams,WR,3.0,1,0
2022,1,3,737091087440674816,8160,Kenny Pickett,QB,0,0,0
2022,1,3,737091087440674816,8138,James Cook,RB,-1.8,0,0
2022,1,4,736744257179770880,6797,Justin Herbert,QB,23.76,1,0
2022,1,4,736744257179770880,3199,Michael Thomas,WR,22.7,0,0
2022,1,4,736744257179770880,6820,Clyde Edwards-Helaire,RB,22.4,1,0
2022,1,4,736744257179770880,4018,Joe Mixon,RB,21.5,1,0
2022,1,4,736744257179770880,2197,Brandin Cooks,WR,15.2,1,0
2022,1,4,736744257179770880,7591,Justin Fields,QB,14.64,1,0
2022,1,4,736744257179770880,5045,Courtland Sutton,WR,11.2,1,0
2022,1,4,736744257179770880,5347,Nyheim Miller-Hines,RB,10.4,0,0
2022,1,4,736744257179770880,5012,Mark Andrews,TE,10.2,1,0
2022,1,4,736744257179770880,IND,Indianapolis Colts,DEF,9.25,1,0
2022,1,4,736744257179770880,5850,Josh Jacobs,RB,8.3,0,0
2022,1,4,736744257179770880,6130,Devin Singletary,RB,8.2,0,0
2022,1,4,736744257179770880,8168,Skyy Moore,WR,4.0,0,0
2022,1,4,736744257179770880,7553,Kyle Pitts,TE,3.9,1,0
2022,1,4,736744257179770880,7839,Evan McPherson,K,3.0,1,0
2022,1,4,736744257179770880,1837,Jimmy Garoppolo,QB,0,0,0
2022,1,5,716698629934481408,2449,Stefon Diggs,WR,28.2,1,0
2022,1,5,716698629934481408,2216,Mike Evans,WR,18.1,1,0
2022,1,5,716698629934481408,4149,Jamaal Williams,RB,16.0,0,0
2022,1,5,716698629934481408,3163,Jared Goff,QB,14.5,1,0
2022,1,5,716698629934481408,4227,Harrison Butker,K,9.0,1,0
2022,1,5,716698629934481408,7527,Mac Jones,QB,8.52,0,0
2022,1,5,716698629934481408,4983,DJ Moore,WR,8.0,1,0
2022,1,5,716698629934481408,5844,T.J. Hockenson,TE,7.8,1,0
2022,1,5,716698629934481408,421,Matthew Stafford,QB,7.3,1,0
2022,1,5,716698629934481408,3198,Derrick Henry,RB,7.2,1,0
2022,1,5,716698629934481408,DAL,Dallas Cowboys,DEF,5.0,1,0
2022,1,5,716698629934481408,7561,Elijah Mitchell,RB,4.1,1,0
2022,1,5,716698629934481408,1352,Robert Woods,WR,2.3,0,0
2022,1,5,716698629934481408,8137,George Pickens,WR,1.3,0,0
2022,1,5,716698629934481408,5185,Allen Lazard,WR,0,0,0
2022,1,5,716698629934481408,6806,J.K. Dobbins,RB,0,0,0
2022,1,6,736740647758938112,4039,Cooper Kupp,WR,32.3,1,0
2022,1,6,736740647758938112,6783,Jerry Jeudy,WR,22.2,1,0
2022,1,6,736740647758938112,5849,Kyler Murray,QB,20.62,1,0
2022,1,6,736740647758938112,4137,James Conner,RB,15.5,1,0
2022,1,6,736740647758938112,4892,Baker Mayfield,QB,15.0,1,0
2022,1,6,736740647758938112,6768,Tua Tagovailoa,QB,13.8,0,0
2022,1,6,736740647758938112,1339,Zach Ertz,TE,11.4,0,0
2022,1,6,736740647758938112,4040,JuJu Smith-Schuster,WR,10.9,1,0
2022,1,6,736740647758938112,6886,Chase Claypool,WR,9.4,0,0
2022,1,6,736740647758938112,1433,Brandon McManus,K,9.0,1,0
2022,1,6,736740647758938112,5022,Dallas Goedert,TE,9.0,1,0
2022,1,6,736740647758938112,4035,Alvin Kamara,RB,7.6,1,0
2022,1,6,736740647758938112,2320,Melvin Gordon,RB,7.2,0,0
2022,1,6,736740647758938112,2374,Tyler Lockett,WR,5.8,0,0
2022,1,6,736740647758938112,LAR,Los Angeles Rams,DEF,5.5,1,0
2022,1,6,736740647758938112,7611,Rhamondre Stevenson,RB,4.7,0,0
2022,1,7,735974647736213504,4984,Josh Allen,QB,32.98,1,0
2022,1,7,735974647736213504,6819,Michael Pittman,WR,27.6,1,0
2022,1,7,735974647736213504,6790,D'Andre Swift,RB,27.0,1,0
2022,1,7,735974647736213504,6828,AJ Dillon,RB,20.1,0,0
2022,1,7,735974647736213504,6945,Antonio Gibson,RB,20.0,1,0
2022,1,7,735974647736213504,7526,Jaylen Waddle,WR,18.2,1,0
2022,1,7,735974647736213504,5870,Daniel Jones,QB,17.02,0,0
2022,1,7,735974647736213504,7571,Rashod Bateman,WR,15.4,1,0
2022,1,7,735974647736213504,5272,Greg Joseph,K,13.0,1,0
2022,1,7,735974647736213504,BAL,Baltimore Ravens,DEF,10.75,1,0
2022,1,7,735974647736213504,167,Tom Brady,QB,10.38,1,0
2022,1,7,735974647736213504,8135,Treylon Burks,WR,8.5,0,0
2022,1,7,735974647736213504,8167,Christian Watson,WR,6.1,0,0
2022,1,7,735974647736213504,3164,Ezekiel Elliott,RB,5.9,0,0
2022,1,7,735974647736213504,7090,Darnell Mooney,WR,1.8,0,0
2022,1,7,735974647736213504,4217,George Kittle,TE,0,0,0
2022,1,7,735974647736213504,6126,Irv Smith,TE,0,1,0
2022,1,8,736803054736822272,6813,Jonathan Taylor,RB,28.0,1,0
2022,1,8,736803054736822272,6904,Jalen Hurts,QB,24.72,1,0
2022,1,8,736803054736822272,6151,Miles Sanders,RB,18.5,0,0
2022,1,8,736803054736822272,BUF,Buffalo Bills,DEF,18.25,1,0
2022,1,8,736803054736822272,5927,Terry McLaurin,WR,14.3,1,0
2022,1,8,736803054736822272,24,Matt Ryan,QB,12.78,0,0
2022,1,8,736803054736822272,391,Ryan Succop,K,12.0,1,0
2022,1,8,736803054736822272,2028,Derek Carr,QB,11.8,1,0
2022,1,8,736803054736822272,1479,Keenan Allen,WR,10.6,1,0
2022,1,8,736803054736822272,4199,Aaron Jones,RB,10.6,1,0
2022,1,8,736803054736822272,8121,Romeo Doubs,WR,8.8,0,0
2022,1,8,736803054736822272,5086,Marquez Valdes-Scantling,WR,8.1,0,0
2022,1,8,736803054736822272,5967,Tony Pollard,RB,4.2,0,0
2022,1,8,736803054736822272,5955,Hunter Renfrow,WR,4.1,0,0
2022,1,8,736803054736822272,1992,Allen Robinson,WR,2.2,1,0
2022,1,8,736803054736822272,4993,Mike Gesicki,TE,1.1,1,0
2022,1,9,710284244835979264,4046,Patrick Mahomes,QB,34.4,1,0
2022,1,9,710284244835979264,7547,Amon-Ra St. Brown,WR,20.4,1,0
2022,1,9,710284244835979264,7607,Michael Carter,RB,17.0,0,0
2022,1,9,710284244835979264,4029,Dalvin Cook,RB,13.8,1,0
2022,1,9,710284244835979264,7600,Pat Freiermuth,TE,12.5,0,0
2022,1,9,710284244835979264,8112,Drake London,WR,12.4,0,0
2022,1,9,710284244835979264,5937,Diontae Johnson,WR,11.5,1,0
2022,1,9,710284244835979264,8146,Garrett Wilson,WR,9.2,0,0
2022,1,9,710284244835979264,7610,Trey Lance,QB,8.96,1,0
2022,1,9,710284244835979264,SF,San Francisco 49ers,DEF,8.5,1,0
2022,1,9,710284244835979264,6786,CeeDee Lamb,WR,4.9,1,0
2022,1,9,710284244835979264,5906,Dawson Knox,TE,1.5,1,0
2022,1,9,710284244835979264,17,Matt Prater,K,1.0,1,0
2022,1,9,710284244835979264,4017,Deshaun Watson,QB,0,0,0
2022,1,9,710284244835979264,6938,Cam Akers,RB,0,1,0
2022,1,9,710284244835979264,7525,DeVonta Smith,WR,0,0,0
2022,1,10,475399371639222272,2133,Davante Adams,WR,30.6,1,0
2022,1,10,475399371639222272,1535,Cordarrelle Patterson,RB,23.1,0,0
2022,1,10,475399371639222272,6770,Joe Burrow,QB,17.72,1,0
2022,1,10,475399371639222272,3321,Tyreek Hill,WR,17.0,1,0
2022,1,10,475399371639222272,TB,Tampa Bay Buccaneers,DEF,15.5,1,0
2022,1,10,475399371639222272,947,Julio Jones,WR,11.6,0,0
2022,1,10,475399371639222272,4663,Austin Ekeler,RB,11.2,1,0
2022,1,10,475399371639222272,7567,Kenny Gainwell,RB,11.2,0,0
2022,1,10,475399371639222272,5000,Chase Edmonds,RB,10.5,1,0
2022,1,10,475399371639222272,8155,Breece Hall,RB,10.1,0,0
2022,1,10,475399371639222272,7042,Tyler Bass,K,8.0,1,0
2022,1,10,475399371639222272,4985,Rashaad Penny,RB,7.7,0,0
2022,1,10,475399371639222272,1689,Adam Thielen,WR,6.6,0,0
2022,1,10,475399371639222272,6801,Tee Higgins,WR,4.7,1,0
2022,1,10,475399371639222272,3294,Dak Prescott,QB,4.46,1,0
2022,1,10,475399371639222272,6826,Cole Kmet,TE,0,1,0
2022,1,10,475399371639222272,7538,Zach Wilson,QB,0,0,0
2022,2,1,608781531883859968,4881,Lamar Jackson,QB,44.62,1,0
2022,2,1,608781531883859968,7523,Trevor Lawrence,QB,19.0,1,0
2022,2,1,608781531883859968,5095,Daniel Carlson,K,13.0,1,0
2022,2,1,608781531883859968,5848,Marquise Brown,WR,12.8,1,0
2022,2,1,608781531883859968,4866,Saquon Barkley,RB,11.8,1,0
2022,2,1,608781531883859968,6803,Brandon Aiyuk,WR,11.3,0,0
2022,2,1,608781531883859968,7564,Ja'Marr Chase,WR,10.8,1,0
2022,2,1,608781531883859968,1466,Travis Kelce,TE,10.1,1,0
2022,2,1,608781531883859968,3969,Leonard Fournette,RB,9.4,1,0
2022,2,1,608781531883859968,7543,Travis Etienne,RB,8.3,1,0
2022,2,1,608781531883859968,7596,Elijah Moore,WR,6.5,0,0
2022,2,1,608781531883859968,8151,Kenneth Walker,RB,3.5,0,0
2022,2,1,608781531883859968,CLE,Cleveland Browns,DEF,1.5,1,0
2022,2,1,608781531883859968,1049,Ryan Tannehill,QB,0.88,0,0
2022,2,1,608781531883859968,8136,Rachaad White,RB,0.1,0,0
2022,2,1,608781531883859968,1426,DeAndre Hopkins,WR,0,0,0
2022,2,1,608781531883859968,8148,Jameson Williams,WR,0,0,0
2022,2,2,736077599457026048,3161,Carson Wentz,QB,27.28,0,0
2022,2,2,736077599457026048,4034,Christian McCaffrey,RB,17.3,1,0
2022,2,2,736077599457026048,2505,Darren Waller,TE,17.0,1,0
2022,2,2,736077599457026048,96,Aaron Rodgers,QB,16.36,1,0
2022,2,2,736077599457026048,5872,Deebo Samuel,WR,13.7,1,0
2022,2,2,736077599457026048,5859,A.J. Brown,WR,11.9,1,0
2022,2,2,736077599457026048,DEN,Denver Broncos,DEF,11.75,1,0
2022,2,2,736077599457026048,1234,Russell Wilson,QB,11.06,1,0
2022,2,2,736077599457026048,8144,Chris Olave,WR,11.0,0,0
2022,2,2,736077599457026048,5916,Darrell Henderson,RB,10.7,1,0
2022,2,2,736077599457026048,7588,Javonte Williams,RB,9.5,1,0
2022,2,2,736077599457026048,8129,Dameon Pierce,RB,8.7,0,0
2022,2,2,736077599457026048,5846,DK Metcalf,WR,7.5,0,0
2022,2,2,736077599457026048,6083,Matt Gay,K,7.0,1,0
2022,2,2,736077599457026048,956,Mark Ingram,RB,6.1,0,0
2022,2,2,736077599457026048,4037,Chris Godwin,WR,0,0,0
2022,2,2,736077599457026048,6943,Gabe Davis,WR,0,0,0
2022,2,3,737091087440674816,4988,Nick Chubb,RB,32.3,1,0
2022,2,3,737091087440674816,4068,Mike Williams,WR,25.8,1,0
2022,2,3,737091087440674816,4950,Christian Kirk,WR,25.8,1,0
2022,2,3,737091087440674816,2309,Amari Cooper,WR,25.6,0,0
2022,2,3,737091087440674816,5892,David Montgomery,RB,16.1,0,0
2022,2,3,737091087440674816,7528,Najee Harris,RB,13.9,1,0
2022,2,3,737091087440674816,6794,Justin Jefferson,WR,10.8,1,0
2022,2,3,737091087440674816,1264,Justin Tucker,K,10.0,1,0
2022,2,3,737091087440674816,4098,Kareem Hunt,RB,9.4,0,0
2022,2,3,737091087440674816,1166,Kirk Cousins,QB,8.34,1,0
2022,2,3,737091087440674816,2306,Jameis Winston,QB,7.14,1,0
2022,2,3,737091087440674816,8138,James Cook,RB,5.3,0,0
2022,2,3,737091087440674816,LAC,Los Angeles Chargers,DEF,2.25,1,0
2022,2,3,737091087440674816,5001,Dalton Schultz,TE,1.8,1,0
2022,2,3,737091087440674816,4951,DJ Chark,WR,0,0,0
2022,2,3,737091087440674816,8160,Kenny Pickett,QB,0,0,0
2022,2,4,736744257179770880,5012,Mark Andrews,TE,26.2,1,0
2022,2,4,736744257179770880,6797,Justin Herbert,QB,23.96,1,0
2022,2,4,736744257179770880,5045,Courtland Sutton,WR,20.2,1,0
2022,2,4,736744257179770880,3199,Michael Thomas,WR,18.5,1,0
2022,2,4,736744257179770880,1837,Jimmy Garoppolo,QB,16.66,0,0
2022,2,4,736744257179770880,6820,Clyde Edwards-Helaire,RB,15.8,1,0
2022,2,4,736744257179770880,7839,Evan McPherson,K,13.0,1,0
2022,2,4,736744257179770880,4018,Joe Mixon,RB,11.3,1,0
2022,2,4,736744257179770880,2197,Brandin Cooks,WR,9.4,1,0
2022,2,4,736744257179770880,5850,Josh Jacobs,RB,9.1,0,0
2022,2,4,736744257179770880,7591,Justin Fields,QB,7.8,1,0
2022,2,4,736744257179770880,5347,Nyheim Miller-Hines,RB,7.7,0,0
2022,2,4,736744257179770880,6130,Devin Singletary,RB,4.1,0,0
2022,2,4,736744257179770880,7553,Kyle Pitts,TE,3.9,0,0
2022,2,4,736744257179770880,IND,Indianapolis Colts,DEF,3.0,1,0
2022,2,4,736744257179770880,8168,Skyy Moore,WR,0,0,0
2022,2,5,716698629934481408,2449,Stefon Diggs,WR,45.8,1,0
2022,2,5,716698629934481408,3163,Jared Goff,QB,26.04,1,0
2022,2,5,716698629934481408,421,Matthew Stafford,QB,19.38,1,0
2022,2,5,716698629934481408,6955,James Robinson,RB,15.8,1,0
2022,2,5,716698629934481408,4983,DJ Moore,WR,13.3,1,0
2022,2,5,716698629934481408,7527,Mac Jones,QB,12.68,0,0
2022,2,5,716698629934481408,DAL,Dallas Cowboys,DEF,9.5,1,0
2022,2,5,716698629934481408,5185,Allen Lazard,WR,9.3,0,0
2022,2,5,716698629934481408,2216,Mike Evans,WR,9.1,1,0
2022,2,5,716698629934481408,3198,Derrick Henry,RB,8.5,1,0
2022,2,5,716698629934481408,1352,Robert Woods,WR,7.9,0,0
2022,2,5,716698629934481408,4149,Jamaal Williams,RB,7.0,0,0
2022,2,5,716698629934481408,5844,T.J. Hockenson,TE,5.6,1,0
2022,2,5,716698629934481408,8137,George Pickens,WR,3.3,0,0
2022,2,5,716698629934481408,4195,Jake Elliott,K,3.0,1,0
2022,2,5,716698629934481408,6806,J.K. Dobbins,RB,0,0,0
2022,2,5,716698629934481408,7561,Elijah Mitchell,RB,0,0,0
2022,2,6,736740647758938112,6768,Tua Tagovailoa,QB,41.36,1,0
2022,2,6,736740647758938112,4039,Cooper Kupp,WR,32.3,1,0
2022,2,6,736740647758938112,5849,Kyler Murray,QB,26.38,1,0
2022,2,6,736740647758938112,2374,Tyler Lockett,WR,20.2,0,0
2022,2,6,736740647758938112,1339,Zach Ertz,TE,15.5,0,0
2022,2,6,736740647758938112,5022,Dallas Goedert,TE,13.2,1,0
2022,2,6,736740647758938112,4892,Baker Mayfield,QB,12.3,0,0
2022,2,6,736740647758938112,1433,Brandon McManus,K,12.0,1,0
2022,2,6,736740647758938112,LAR,Los Angeles Rams,DEF,11.75,1,0
2022,2,6,736740647758938112,4137,James Conner,RB,7.1,1,0
2022,2,6,736740647758938112,6886,Chase Claypool,WR,6.6,0,0
2022,2,6,736740647758938112,2320,Melvin Gordon,RB,6.3,1,0
2022,2,6,736740647758938112,7611,Rhamondre Stevenson,RB,6.1,0,0
2022,2,6,736740647758938112,4040,JuJu Smith-Schuster,WR,4.0,1,0
2022,2,6,736740647758938112,6783,Jerry Jeudy,WR,2.2,1,0
2022,2,6,736740647758938112,4035,Alvin Kamara,RB,0,0,0
2022,2,7,735974647736213504,7526,Jaylen Waddle,WR,40.6,1,0
2022,2,7,735974647736213504,4984,Josh Allen,QB,30.18,1,0
2022,2,7,735974647736213504,4082,Curtis Samuel,WR,22.9,1,0
2022,2,7,735974647736213504,7571,Rashod Bateman,WR,22.8,1,0
2022,2,7,735974647736213504,6790,D'Andre Swift,RB,16.7,1,0
2022,2,7,735974647736213504,5870,Daniel Jones,QB,13.14,0,0
2022,2,7,735974647736213504,6945,Antonio Gibson,RB,12.1,1,0
2022,2,7,735974647736213504,167,Tom Brady,QB,9.4,1,0
2022,2,7,735974647736213504,8135,Treylon Burks,WR,8.7,0,0
2022,2,7,735974647736213504,6828,AJ Dillon,RB,7.7,0,0
2022,2,7,735974647736213504,3164,Ezekiel Elliott,RB,5.9,0,0
2022,2,7,735974647736213504,8167,Christian Watson,WR,3.9,0,0
2022,2,7,735974647736213504,BAL,Baltimore Ravens,DEF,1.75,1,0
2022,2,7,735974647736213504,4381,Taysom Hill,TE,1.4,1,0
2022,2,7,735974647736213504,5272,Greg Joseph,K,1.0,1,0
2022,2,7,735974647736213504,4217,George Kittle,TE,0,0,0
2022,2,7,735974647736213504,6819,Michael Pittman,WR,0,0,0
2022,2,8,736803054736822272,6904,Jalen Hurts,QB,33.52,1,0
2022,2,8,736803054736822272,4199,Aaron Jones,RB,32.5,1,0
2022,2,8,736803054736822272,BUF,Buffalo Bills,DEF,22.0,1,0
2022,2,8,736803054736822272,5967,Tony Pollard,RB,19.8,0,0
2022,2,8,736803054736822272,2028,Derek Carr,QB,19.48,1,0
2022,2,8,736803054736822272,1992,Allen Robinson,WR,15.3,1,0
2022,2,8,736803054736822272,4089,Gerald Everett,TE,13.1,1,0
2022,2,8,736803054736822272,5927,Terry McLaurin,WR,12.2,1,0
2022,2,8,736803054736822272,6151,Miles Sanders,RB,11.6,0,0
2022,2,8,736803054736822272,391,Ryan Succop,K,10.0,1,0
2022,2,8,736803054736822272,5955,Hunter Renfrow,WR,9.9,1,0
2022,2,8,736803054736822272,6813,Jonathan Taylor,RB,7.3,1,0
2022,2,8,736803054736822272,1825,Jarvis Landry,WR,6.5,0,0
2022,2,8,736803054736822272,3225,Tyler Boyd,WR,5.7,0,0
2022,2,8,736803054736822272,8121,Romeo Doubs,WR,4.7,0,0
2022,2,8,736803054736822272,24,Matt Ryan,QB,0.8,0,0
2022,2,8,736803054736822272,1479,Keenan Allen,WR,0,0,0
2022,2,9,710284244835979264,7547,Amon-Ra St. Brown,WR,39.9,1,0
2022,2,9,710284244835979264,8146,Garrett Wilson,WR,30.5,0,0
2022,2,9,710284244835979264,8112,Drake London,WR,24.6,0,0
2022,2,9,710284244835979264,4046,Patrick Mahomes,QB,17.3,1,0
2022,2,9,710284244835979264,6786,CeeDee Lamb,WR,15.1,1,0
2022,2,9,710284244835979264,7525,DeVonta Smith,WR,15.0,0,0
2022,2,9,710284244835979264,5937,Diontae Johnson,WR,13.7,1,0
2022,2,9,710284244835979264,SF,San Francisco 49ers,DEF,13.0,1,0
2022,2,9,710284244835979264,5284,Jeff Wilson,RB,12.3,0,0
2022,2,9,710284244835979264,7607,Michael Carter,RB,10.0,1,0
2022,2,9,710284244835979264,6938,Cam Akers,RB,8.2,0,0
2022,2,9,710284244835979264,5906,Dawson Knox,TE,8.1,1,0
2022,2,9,710284244835979264,4029,Dalvin Cook,RB,7.6,1,0
2022,2,9,710284244835979264,7610,Trey Lance,QB,2.5,1,0
2022,2,9,710284244835979264,17,Matt Prater,K,1.0,1,0
2022,2,9,710284244835979264,4017,Deshaun Watson,QB,0,0,0
2022,2,10,475399371639222272,3321,Tyreek Hill,WR,44.5,1,0
2022,2,10,475399371639222272,TB,Tampa Bay Buccaneers,DEF,26.0,1,0
2022,2,10,475399371639222272,6801,Tee Higgins,WR,19.1,0,0
2022,2,10,475399371639222272,4663,Austin Ekeler,RB,18.4,1,0
2022,2,10,475399371639222272,6770,Joe Burrow,QB,15.56,1,0
2022,2,10,475399371639222272,2307,Marcus Mariota,QB,13.44,1,0
2022,2,10,475399371639222272,8155,Breece Hall,RB,13.0,0,0
2022,2,10,475399371639222272,7600,Pat Freiermuth,TE,12.2,1,0
2022,2,10,475399371639222272,7042,Tyler Bass,K,12.0,1,0
2022,2,10,475399371639222272,1689,Adam Thielen,WR,9.2,0,0
2022,2,10,475399371639222272,2133,Davante Adams,WR,9.2,1,0
2022,2,10,475399371639222272,5000,Chase Edmonds,RB,5.1,1,0
2022,2,10,475399371639222272,1535,Cordarrelle Patterson,RB,4.1,1,0
2022,2,10,475399371639222272,7567,Kenny Gainwell,RB,2.8,0,0
2022,2,10,475399371639222272,4985,Rashaad Penny,RB,1.5,0,0
2022,2,10,475399371639222272,3294,Dak Prescott,QB,0,0,0
2022,2,10,475399371639222272,947,Julio Jones,WR,0,0,0
2022,3,1,608781531883859968,4881,Lamar Jackson,QB,39.92,1,0
2022,3,1,608781531883859968,5848,Marquise Brown,WR,28.5,1,0
2022,3,1,608781531883859968,7523,Trevor Lawrence,QB,25.68,0,0
2022,3,1,608781531883859968,4866,Saquon Barkley,RB,22.6,1,0
2022,3,1,608781531883859968,1466,Travis Kelce,TE,17.9,1,0
2022,3,1,608781531883859968,1049,Ryan Tannehill,QB,17.76,1,0
2022,3,1,608781531883859968,6803,Brandon Aiyuk,WR,12.9,1,0
2022,3,1,608781531883859968,7564,Ja'Marr Chase,WR,12.7,1,0
2022,3,1,608781531883859968,3969,Leonard Fournette,RB,12.0,1,0
2022,3,1,608781531883859968,CLE,Cleveland Browns,DEF,11.25,1,0
2022,3,1,608781531883859968,7543,Travis Etienne,RB,10.5,0,0
2022,3,1,608781531883859968,5095,Daniel Carlson,K,10.0,1,0
2022,3,1,608781531883859968,7596,Elijah Moore,WR,8.9,0,0
2022,3,1,608781531883859968,8151,Kenneth Walker,RB,6.3,0,0
2022,3,1,608781531883859968,8119,Jahan Dotson,WR,3.0,0,0
2022,3,1,608781531883859968,1426,DeAndre Hopkins,WR,0,0,0
2022,3,1,608781531883859968,8148,Jameson Williams,WR,0,0,0
2022,3,2,736077599457026048,8144,Chris Olave,WR,24.2,0,0
2022,3,2,736077599457026048,5859,A.J. Brown,WR,19.5,1,0
2022,3,2,736077599457026048,5846,DK Metcalf,WR,17.4,0,0
2022,3,2,736077599457026048,96,Aaron Rodgers,QB,16.6,0,0
2022,3,2,736077599457026048,8129,Dameon Pierce,RB,16.1,0,0
2022,3,2,736077599457026048,4034,Christian McCaffrey,RB,14.0,1,0
2022,3,2,736077599457026048,5872,Deebo Samuel,WR,12.9,1,0
2022,3,2,736077599457026048,1234,Russell Wilson,QB,9.06,1,0
2022,3,2,736077599457026048,6083,Matt Gay,K,9.0,1,0
2022,3,2,736077599457026048,7588,Javonte Williams,RB,9.0,1,0
2022,3,2,736077599457026048,3161,Carson Wentz,QB,8.14,1,0
2022,3,2,736077599457026048,NO,New Orleans Saints,DEF,7.75,1,0
2022,3,2,736077599457026048,6943,Gabe Davis,WR,6.7,1,0
2022,3,2,736077599457026048,2505,Darren Waller,TE,5.2,1,0
2022,3,2,736077599457026048,4066,Evan Engram,TE,3.9,0,0
2022,3,2,736077599457026048,5916,Darrell Henderson,RB,1.7,0,0
2022,3,2,736077599457026048,4037,Chris Godwin,WR,0,0,0
2022,3,3,737091087440674816,2309,Amari Cooper,WR,23.6,0,0
2022,3,3,737091087440674816,4950,Christian Kirk,WR,19.2,1,0
2022,3,3,737091087440674816,1166,Kirk Cousins,QB,18.3,1,0
2022,3,3,737091087440674816,4988,Nick Chubb,RB,17.8,1,0
2022,3,3,737091087440674816,2306,Jameis Winston,QB,13.12,1,0
2022,3,3,737091087440674816,7528,Najee Harris,RB,13.1,1,0
2022,3,3,737091087440674816,5844,T.J. Hockenson,TE,10.8,1,0
2022,3,3,737091087440674816,4098,Kareem Hunt,RB,9.1,0,0
2022,3,3,737091087440674816,4068,Mike Williams,WR,8.5,1,0
2022,3,3,737091087440674816,1264,Justin Tucker,K,8.0,1,0
2022,3,3,737091087440674816,8138,James Cook,RB,8.0,0,0
2022,3,3,737091087440674816,6794,Justin Jefferson,WR,4.4,1,0
2022,3,3,737091087440674816,5892,David Montgomery,RB,1.1,0,0
2022,3,3,737091087440674816,5001,Dalton Schultz,TE,0,0,0
2022,3,3,737091087440674816,8160,Kenny Pickett,QB,0,0,0
2022,3,3,737091087440674816,LAC,Los Angeles Chargers,DEF,-6.0,1,0
2022,3,4,736744257179770880,5012,Mark Andrews,TE,28.9,1,0
2022,3,4,736744257179770880,6130,Devin Singletary,RB,24.1,0,0
2022,3,4,736744257179770880,5045,Courtland Sutton,WR,17.7,1,0
2022,3,4,736744257179770880,6820,Clyde Edwards-Helaire,RB,14.9,1,0
2022,3,4,736744257179770880,5850,Josh Jacobs,RB,13.7,0,0
2022,3,4,736744257179770880,7553,Kyle Pitts,TE,13.7,0,0
2022,3,4,736744257179770880,6797,Justin Herbert,QB,13.08,1,0
2022,3,4,736744257179770880,3199,Michael Thomas,WR,9.9,1,0
2022,3,4,736744257179770880,1837,Jimmy Garoppolo,QB,8.44,0,0
2022,3,4,736744257179770880,CHI,Chicago Bears,DEF,8.25,1,0
2022,3,4,736744257179770880,5347,Nyheim Miller-Hines,RB,8.0,0,0
2022,3,4,736744257179770880,7839,Evan McPherson,K,7.0,1,0
2022,3,4,736744257179770880,4018,Joe Mixon,RB,6.8,1,0
2022,3,4,736744257179770880,2197,Brandin Cooks,WR,4.2,1,0
2022,3,4,736744257179770880,7591,Justin Fields,QB,2.94,1,0
2022,3,4,736744257179770880,8168,Skyy Moore,WR,-2.0,0,0
2022,3,5,716698629934481408,3198,Derrick Henry,RB,25.3,1,0
2022,3,5,716698629934481408,4149,Jamaal Williams,RB,24.7,0,0
2022,3,5,716698629934481408,6955,James Robinson,RB,22.6,1,0
2022,3,5,716698629934481408,5970,Greg Dortch,WR,17.0,0,0
2022,3,5,716698629934481408,7527,Mac Jones,QB,15.94,0,0
2022,3,5,716698629934481408,5185,Allen Lazard,WR,14.5,1,0
2022,3,5,716698629934481408,2449,Stefon Diggs,WR,14.4,1,0
2022,3,5,716698629934481408,3163,Jared Goff,QB,14.38,1,0
2022,3,5,716698629934481408,DAL,Dallas Cowboys,DEF,10.75,1,0
2022,3,5,716698629934481408,421,Matthew Stafford,QB,10.16,1,0
2022,3,5,716698629934481408,3271,Tyler Higbee,TE,10.1,1,0
2022,3,5,716698629934481408,8137,George Pickens,WR,6.9,0,0
2022,3,5,716698629934481408,4195,Jake Elliott,K,6.0,1,0
2022,3,5,716698629934481408,6806,J.K. Dobbins,RB,6.0,0,0
2022,3,5,716698629934481408,4983,DJ Moore,WR,2.5,1,0
2022,3,5,716698629934481408,2216,Mike Evans,WR,0,0,0
2022,3,5,716698629934481408,7561,Elijah Mitchell,RB,0,0,0
2022,3,6,736740647758938112,2374,Tyler Lockett,WR,16.6,1,0
2022,3,6,736740647758938112,4039,Cooper Kupp,WR,16.4,1,0
2022,3,6,736740647758938112,2320,Melvin Gordon,RB,14.5,0,0
2022,3,6,736740647758938112,4040,JuJu Smith-Schuster,WR,13.9,1,0
2022,3,6,736740647758938112,5849,Kyler Murray,QB,12.86,1,0
2022,3,6,736740647758938112,5890,Damien Harris,RB,12.6,1,0
2022,3,6,736740647758938112,4892,Baker Mayfield,QB,11.7,0,0
2022,3,6,736740647758938112,5022,Dallas Goedert,TE,11.6,1,0
2022,3,6,736740647758938112,6768,Tua Tagovailoa,QB,11.44,1,0
2022,3,6,736740647758938112,1339,Zach Ertz,TE,10.5,0,0
2022,3,6,736740647758938112,4137,James Conner,RB,8.7,0,0
2022,3,6,736740647758938112,6886,Chase Claypool,WR,7.6,0,0
2022,3,6,736740647758938112,4035,Alvin Kamara,RB,7.3,1,0
2022,3,6,736740647758938112,LAR,Los Angeles Rams,DEF,6.0,1,0
2022,3,6,736740647758938112,6783,Jerry Jeudy,WR,3.7,0,0
2022,3,6,736740647758938112,1433,Brandon McManus,K,3.0,1,0
2022,3,7,735974647736213504,4984,Josh Allen,QB,26.2,1,0
2022,3,7,735974647736213504,PHI,Philadelphia Eagles,DEF,19.25,1,0
2022,3,7,735974647736213504,7526,Jaylen Waddle,WR,15.6,1,0
2022,3,7,735974647736213504,167,Tom Brady,QB,15.24,1,0
2022,3,7,735974647736213504,6819,Michael Pittman,WR,15.2,1,0
2022,3,7,735974647736213504,3164,Ezekiel Elliott,RB,14.5,0,0
2022,3,7,735974647736213504,5870,Daniel Jones,QB,13.74,0,0
2022,3,7,735974647736213504,4082,Curtis Samuel,WR,13.1,0,0
2022,3,7,735974647736213504,6945,Antonio Gibson,RB,11.0,1,0
2022,3,7,735974647736213504,BAL,Baltimore Ravens,DEF,8.75,0,0
2022,3,7,735974647736213504,6790,D'Andre Swift,RB,7.6,1,0
2022,3,7,735974647736213504,4217,George Kittle,TE,6.8,1,0
2022,3,7,735974647736213504,7571,Rashod Bateman,WR,5.9,1,0
2022,3,7,735974647736213504,6828,AJ Dillon,RB,5.8,0,0
2022,3,7,735974647736213504,8135,Treylon Burks,WR,3.1,0,0
2022,3,7,735974647736213504,5272,Greg Joseph,K,0,1,0
2022,3,8,736803054736822272,6904,Jalen Hurts,QB,27.6,1,0
2022,3,8,736803054736822272,3225,Tyler Boyd,WR,22.5,0,0
2022,3,8,736803054736822272,2028,Derek Carr,QB,20.32,1,0
2022,3,8,736803054736822272,8121,Romeo Doubs,WR,20.3,0,0
2022,3,8,736803054736822272,5927,Terry McLaurin,WR,16.7,1,0
2022,3,8,736803054736822272,24,Matt Ryan,QB,14.78,0,0
2022,3,8,736803054736822272,6813,Jonathan Taylor,RB,12.1,1,0
2022,3,8,736803054736822272,5967,Tony Pollard,RB,11.0,0,0
2022,3,8,736803054736822272,391,Ryan Succop,K,8.0,1,0
2022,3,8,736803054736822272,BUF,Buffalo Bills,DEF,6.5,1,0
2022,3,8,736803054736822272,4199,Aaron Jones,RB,5.7,1,0
2022,3,8,736803054736822272,6151,Miles Sanders,RB,5.4,0,0
2022,3,8,736803054736822272,4089,Gerald Everett,TE,4.5,1,0
2022,3,8,736803054736822272,1992,Allen Robinson,WR,4.3,1,0
2022,3,8,736803054736822272,1825,Jarvis Landry,WR,4.2,1,0
2022,3,8,736803054736822272,1479,Keenan Allen,WR,0,0,0
2022,3,8,736803054736822272,5955,Hunter Renfrow,WR,0,0,0
2022,3,9,710284244835979264,7525,DeVonta Smith,WR,31.4,0,0
2022,3,9,710284244835979264,6786,CeeDee Lamb,WR,22.7,0,0
2022,3,9,710284244835979264,4046,Patrick Mahomes,QB,17.08,1,0
2022,3,9,710284244835979264,5937,Diontae Johnson,WR,16.4,1,0
2022,3,9,710284244835979264,8112,Drake London,WR,14.4,1,0
2022,3,9,710284244835979264,17,Matt Prater,K,14.0,1,0
2022,3,9,710284244835979264,4029,Dalvin Cook,RB,13.6,1,0
2022,3,9,710284244835979264,SF,San Francisco 49ers,DEF,13.5,1,0
2022,3,9,710284244835979264,7547,Amon-Ra St. Brown,WR,13.3,1,0
2022,3,9,710284244835979264,8146,Garrett Wilson,WR,12.0,1,0
2022,3,9,710284244835979264,5284,Jeff Wilson,RB,11.6,0,0
2022,3,9,710284244835979264,6938,Cam Akers,RB,10.1,0,0
2022,3,9,710284244835979264,5906,Dawson Knox,TE,6.5,1,0
2022,3,9,710284244835979264,7607,Michael Carter,RB,5.6,1,0
2022,3,9,710284244835979264,19,Joe Flacco,QB,2.9,0,0
2022,3,9,710284244835979264,4017,Deshaun Watson,QB,0,0,0
2022,3,9,710284244835979264,7610,Trey Lance,QB,0,0,0
2022,3,10,475399371639222272,6770,Joe Burrow,QB,24.0,1,0
2022,3,10,475399371639222272,1535,Cordarrelle Patterson,RB,22.8,1,0
2022,3,10,475399371639222272,1689,Adam Thielen,WR,18.1,0,0
2022,3,10,475399371639222272,5000,Chase Edmonds,RB,15.7,0,0
2022,3,10,475399371639222272,8155,Breece Hall,RB,15.2,0,0
2022,3,10,475399371639222272,2307,Marcus Mariota,QB,14.56,1,0
2022,3,10,475399371639222272,6801,Tee Higgins,WR,14.3,1,0
2022,3,10,475399371639222272,2133,Davante Adams,WR,14.2,1,0
2022,3,10,475399371639222272,4663,Austin Ekeler,RB,13.3,1,0
2022,3,10,475399371639222272,TB,Tampa Bay Buccaneers,DEF,8.75,1,0
2022,3,10,475399371639222272,4985,Rashaad Penny,RB,7.9,0,0
2022,3,10,475399371639222272,7600,Pat Freiermuth,TE,6.1,1,0
2022,3,10,475399371639222272,3321,Tyreek Hill,WR,5.3,1,0
2022,3,10,475399371639222272,7042,Tyler Bass,K,2.0,1,0
2022,3,10,475399371639222272,7567,Kenny Gainwell,RB,0.6,0,0
2022,3,10,475399371639222272,3294,Dak Prescott,QB,0,0,0
2022,3,10,475399371639222272,947,Julio Jones,WR,0,0,0
2022,4,1,608781531883859968,1466,Travis Kelce,TE,24.2,1,0
2022,4,1,608781531883859968,5848,Marquise Brown,WR,20.8,1,0
2022,4,1,608781531883859968,4866,Saquon Barkley,RB,18.7,1,0
2022,4,1,608781531883859968,3969,Leonard Fournette,RB,18.4,1,0
2022,4,1,608781531883859968,1049,Ryan Tannehill,QB,14.38,0,0
2022,4,1,608781531883859968,4881,Lamar Jackson,QB,13.06,1,0
2022,4,1,608781531883859968,5095,Daniel Carlson,K,13.0,1,0
2022,4,1,608781531883859968,7611,Rhamondre Stevenson,RB,12.9,0,0
2022,4,1,608781531883859968,7564,Ja'Marr Chase,WR,12.1,1,0
2022,4,1,608781531883859968,5038,Michael Gallup,WR,10.4,0,0
2022,4,1,608781531883859968,7596,Elijah Moore,WR,8.5,0,0
2022,4,1,608781531883859968,6803,Brandon Aiyuk,WR,7.7,1,0
2022,4,1,608781531883859968,MIN,Minnesota Vikings,DEF,7.0,1,0
2022,4,1,608781531883859968,7523,Trevor Lawrence,QB,5.66,1,0
2022,4,1,608781531883859968,7543,Travis Etienne,RB,3.2,0,0
2022,4,1,608781531883859968,1426,DeAndre Hopkins,WR,0,0,0
2022,4,1,608781531883859968,8148,Jameson Williams,WR,0,0,0
2022,4,2,736077599457026048,8129,Dameon Pierce,RB,27.9,0,0
2022,4,2,736077599457026048,1234,Russell Wilson,QB,27.48,0,0
2022,4,2,736077599457026048,167,Tom Brady,QB,25.9,1,0
2022,4,2,736077599457026048,4034,Christian McCaffrey,RB,25.8,1,0
2022,4,2,736077599457026048,5872,Deebo Samuel,WR,25.7,1,0
2022,4,2,736077599457026048,5846,DK Metcalf,WR,22.4,0,0
2022,4,2,736077599457026048,8144,Chris Olave,WR,16.7,1,0
2022,4,2,736077599457026048,96,Aaron Rodgers,QB,16.14,1,0
2022,4,2,736077599457026048,5859,A.J. Brown,WR,14.5,1,0
2022,4,2,736077599457026048,GB,Green Bay Packers,DEF,10.0,1,0
2022,4,2,736077599457026048,6083,Matt Gay,K,9.0,1,0
2022,4,2,736077599457026048,5916,Darrell Henderson,RB,6.9,0,0
2022,4,2,736077599457026048,2505,Darren Waller,TE,5.4,1,0
2022,4,2,736077599457026048,7571,Rashod Bateman,WR,4.7,0,0
2022,4,2,736077599457026048,7588,Javonte Williams,RB,3.7,1,0
2022,4,2,736077599457026048,6943,Gabe Davis,WR,2.3,0,0
2022,4,3,737091087440674816,5844,T.J. Hockenson,TE,40.4,1,0
2022,4,3,737091087440674816,6794,Justin Jefferson,WR,31.5,1,0
2022,4,3,737091087440674816,4988,Nick Chubb,RB,21.2,1,0
2022,4,3,737091087440674816,4068,Mike Williams,WR,19.5,1,0
2022,4,3,737091087440674816,1166,Kirk Cousins,QB,13.42,1,0
2022,4,3,737091087440674816,8160,Kenny Pickett,QB,11.3,0,0
2022,4,3,737091087440674816,1264,Justin Tucker,K,11.0,1,0
2022,4,3,737091087440674816,LAC,Los Angeles Chargers,DEF,10.0,1,0
2022,4,3,737091087440674816,4098,Kareem Hunt,RB,8.8,0,0
2022,4,3,737091087440674816,5987,Alexander Mattison,RB,8.8,0,0
2022,4,3,737091087440674816,4950,Christian Kirk,WR,8.3,1,0
2022,4,3,737091087440674816,4381,Taysom Hill,TE,8.1,0,0
2022,4,3,737091087440674816,7528,Najee Harris,RB,7.4,1,0
2022,4,3,737091087440674816,2309,Amari Cooper,WR,1.9,1,0
2022,4,3,737091087440674816,2306,Jameis Winston,QB,0,0,0
2022,4,3,737091087440674816,5892,David Montgomery,RB,0,0,0
2022,4,4,736744257179770880,5850,Josh Jacobs,RB,35.0,0,0
2022,4,4,736744257179770880,6820,Clyde Edwards-Helaire,RB,22.4,0,0
2022,4,4,736744257179770880,6797,Justin Herbert,QB,21.6,1,0
2022,4,4,736744257179770880,2197,Brandin Cooks,WR,18.7,1,0
2022,4,4,736744257179770880,4018,Joe Mixon,RB,17.4,1,0
2022,4,4,736744257179770880,5045,Courtland Sutton,WR,16.2,1,0
2022,4,4,736744257179770880,1837,Jimmy Garoppolo,QB,14.86,1,0
2022,4,4,736744257179770880,6130,Devin Singletary,RB,11.6,1,0
2022,4,4,736744257179770880,7591,Justin Fields,QB,10.16,0,0
2022,4,4,736744257179770880,7839,Evan McPherson,K,10.0,1,0
2022,4,4,736744257179770880,PIT,Pittsburgh Steelers,DEF,6.25,1,0
2022,4,4,736744257179770880,5012,Mark Andrews,TE,3.5,1,0
2022,4,4,736744257179770880,7553,Kyle Pitts,TE,3.5,1,0
2022,4,4,736744257179770880,5347,Nyheim Miller-Hines,RB,2.3,0,0
2022,4,4,736744257179770880,3199,Michael Thomas,WR,0,0,0
2022,4,4,736744257179770880,4080,Zay Jones,WR,0,0,0
2022,4,5,716698629934481408,3163,Jared Goff,QB,33.72,1,0
2022,4,5,716698629934481408,2216,Mike Evans,WR,30.8,1,0
2022,4,5,716698629934481408,4149,Jamaal Williams,RB,25.9,1,0
2022,4,5,716698629934481408,3198,Derrick Henry,RB,24.2,1,0
2022,4,5,716698629934481408,6806,J.K. Dobbins,RB,22.3,0,0
2022,4,5,716698629934481408,5185,Allen Lazard,WR,18.1,0,0
2022,4,5,716698629934481408,3271,Tyler Higbee,TE,17.3,1,0
2022,4,5,716698629934481408,8137,George Pickens,WR,16.7,0,0
2022,4,5,716698629934481408,DAL,Dallas Cowboys,DEF,14.0,1,0
2022,4,5,716698629934481408,4983,DJ Moore,WR,12.1,0,0
2022,4,5,716698629934481408,4666,Younghoe Koo,K,12.0,1,0
2022,4,5,716698629934481408,2449,Stefon Diggs,WR,10.2,1,0
2022,4,5,716698629934481408,421,Matthew Stafford,QB,7.26,1,0
2022,4,5,716698629934481408,6955,James Robinson,RB,1.9,1,0
2022,4,5,716698629934481408,5970,Greg Dortch,WR,1.6,0,0
2022,4,5,716698629934481408,7527,Mac Jones,QB,0,0,0
2022,4,5,716698629934481408,7561,Elijah Mitchell,RB,0,0,0
2022,4,6,736740647758938112,4039,Cooper Kupp,WR,26.7,1,0
2022,4,6,736740647758938112,5849,Kyler Murray,QB,21.88,1,0
2022,4,6,736740647758938112,1339,Zach Ertz,TE,16.7,0,0
2022,4,6,736740647758938112,5890,Damien Harris,RB,15.4,1,0
2022,4,6,736740647758938112,6783,Jerry Jeudy,WR,15.3,0,0
2022,4,6,736740647758938112,2374,Tyler Lockett,WR,13.1,1,0
2022,4,6,736740647758938112,5022,Dallas Goedert,TE,12.2,1,0
2022,4,6,736740647758938112,4137,James Conner,RB,10.7,1,0
2022,4,6,736740647758938112,4040,JuJu Smith-Schuster,WR,9.6,1,0
2022,4,6,736740647758938112,4892,Baker Mayfield,QB,5.88,0,0
2022,4,6,736740647758938112,1433,Brandon McManus,K,4.0,1,0
2022,4,6,736740647758938112,LAR,Los Angeles Rams,DEF,3.5,1,0
2022,4,6,736740647758938112,6768,Tua Tagovailoa,QB,2.4,1,0
2022,4,6,736740647758938112,4035,Alvin Kamara,RB,0,0,0
2022,4,6,736740647758938112,6886,Chase Claypool,WR,0,0,0
2022,4,6,736740647758938112,2320,Melvin Gordon,RB,-1.2,0,0
2022,4,7,735974647736213504,1373,Geno Smith,QB,31.7,1,0
2022,4,7,735974647736213504,4984,Josh Allen,QB,22.52,1,0
2022,4,7,735974647736213504,PHI,Philadelphia Eagles,DEF,18.0,0,0
2022,4,7,735974647736213504,5272,Greg Joseph,K,17.0,1,0
2022,4,7,735974647736213504,NYG,New York Giants,DEF,15.5,1,0
2022,4,7,735974647736213504,4037,Chris Godwin,WR,12.9,0,0
2022,4,7,735974647736213504,7608,Khalil Herbert,RB,11.1,0,0
2022,4,7,735974647736213504,3164,Ezekiel Elliott,RB,10.1,1,0
2022,4,7,735974647736213504,6828,AJ Dillon,RB,9.4,1,0
2022,4,7,735974647736213504,3161,Carson Wentz,QB,7.8,0,0
2022,4,7,735974647736213504,4082,Curtis Samuel,WR,7.8,1,0
2022,4,7,735974647736213504,6819,Michael Pittman,WR,6.1,1,0
2022,4,7,735974647736213504,7526,Jaylen Waddle,WR,5.9,1,0
2022,4,7,735974647736213504,4217,George Kittle,TE,4.4,1,0
2022,4,7,735974647736213504,8135,Treylon Burks,WR,3.8,0,0
2022,4,7,735974647736213504,6790,D'Andre Swift,RB,0,0,0
2022,4,7,735974647736213504,8154,Brian Robinson,RB,0,0,0
2022,4,8,736803054736822272,6151,Miles Sanders,RB,30.1,0,0
2022,4,8,736803054736822272,24,Matt Ryan,QB,17.34,0,0
2022,4,8,736803054736822272,4089,Gerald Everett,TE,17.1,1,0
2022,4,8,736803054736822272,4199,Aaron Jones,RB,15.0,1,0
2022,4,8,736803054736822272,6904,Jalen Hurts,QB,14.96,1,0
2022,4,8,736803054736822272,8121,Romeo Doubs,WR,13.7,1,0
2022,4,8,736803054736822272,2028,Derek Carr,QB,11.52,1,0
2022,4,8,736803054736822272,BUF,Buffalo Bills,DEF,10.5,1,0
2022,4,8,736803054736822272,391,Ryan Succop,K,8.0,1,0
2022,4,8,736803054736822272,1825,Jarvis Landry,WR,4.7,0,0
2022,4,8,736803054736822272,5927,Terry McLaurin,WR,3.5,1,0
2022,4,8,736803054736822272,6813,Jonathan Taylor,RB,3.3,1,0
2022,4,8,736803054736822272,1992,Allen Robinson,WR,2.7,1,0
2022,4,8,736803054736822272,5967,Tony Pollard,RB,1.8,0,0
2022,4,8,736803054736822272,1479,Keenan Allen,WR,0,0,0
2022,4,8,736803054736822272,5955,Hunter Renfrow,WR,0,0,0
2022,4,9,710284244835979264,4046,Patrick Mahomes,QB,23.36,1,0
2022,4,9,710284244835979264,SF,San Francisco 49ers,DEF,21.75,1,0
2022,4,9,710284244835979264,6786,CeeDee Lamb,WR,21.7,1,0
2022,4,9,710284244835979264,7538,Zach Wilson,QB,18.78,1,0
2022,4,9,710284244835979264,5284,Jeff Wilson,RB,13.4,1,0
2022,4,9,710284244835979264,4029,Dalvin Cook,RB,10.6,1,0
2022,4,9,710284244835979264,17,Matt Prater,K,8.0,1,0
2022,4,9,710284244835979264,5906,Dawson Knox,TE,7.0,1,0
2022,4,9,710284244835979264,8146,Garrett Wilson,WR,6.1,0,0
2022,4,9,710284244835979264,7525,DeVonta Smith,WR,4.7,1,0
2022,4,9,710284244835979264,5937,Diontae Johnson,WR,4.2,1,0
2022,4,9,710284244835979264,7607,Michael Carter,RB,3.9,0,0
2022,4,9,710284244835979264,8112,Drake London,WR,3.7,0,0
2022,4,9,710284244835979264,6938,Cam Akers,RB,1.3,0,0
2022,4,9,710284244835979264,4017,Deshaun Watson,QB,0,0,0
2022,4,9,710284244835979264,7547,Amon-Ra St. Brown,WR,0,0,0
2022,4,9,710284244835979264,7610,Trey Lance,QB,0,0,0
2022,4,10,475399371639222272,4663,Austin Ekeler,RB,33.9,1,0
2022,4,10,475399371639222272,4985,Rashaad Penny,RB,29.7,0,0
2022,4,10,475399371639222272,6801,Tee Higgins,WR,27.4,1,0
2022,4,10,475399371639222272,3321,Tyreek Hill,WR,26.4,1,0
2022,4,10,475399371639222272,6770,Joe Burrow,QB,21.08,1,0
2022,4,10,475399371639222272,2133,Davante Adams,WR,20.0,1,0
2022,4,10,475399371639222272,8155,Breece Hall,RB,15.8,0,0
2022,4,10,475399371639222272,7600,Pat Freiermuth,TE,15.5,1,0
2022,4,10,475399371639222272,1689,Adam Thielen,WR,15.2,0,0
2022,4,10,475399371639222272,7042,Tyler Bass,K,11.0,1,0
2022,4,10,475399371639222272,5000,Chase Edmonds,RB,10.0,0,0
2022,4,10,475399371639222272,1535,Cordarrelle Patterson,RB,9.8,1,0
2022,4,10,475399371639222272,6945,Antonio Gibson,RB,9.3,0,0
2022,4,10,475399371639222272,2307,Marcus Mariota,QB,2.86,1,0
2022,4,10,475399371639222272,947,Julio Jones,WR,1.7,0,0
2022,4,10,475399371639222272,3294,Dak Prescott,QB,0,0,0
2022,4,10,475399371639222272,TB,Tampa Bay Buccaneers,DEF,-1.75,1,0
2022,5,1,608781531883859968,3969,Leonard Fournette,RB,35.9,1,0
2022,5,1,608781531883859968,1466,Travis Kelce,TE,33.5,1,0
2022,5,1,608781531883859968,5848,Marquise Brown,WR,21.8,1,0
2022,5,1,608781531883859968,7611,Rhamondre Stevenson,RB,20.0,1,0
2022,5,1,608781531883859968,4866,Saquon Barkley,RB,19.6,1,0
2022,5,1,608781531883859968,5095,Daniel Carlson,K,16.0,1,0
2022,5,1,608781531883859968,4881,Lamar Jackson,QB,14.76,1,0
2022,5,1,608781531883859968,7543,Travis Etienne,RB,14.4,0,0
2022,5,1,608781531883859968,7564,Ja'Marr Chase,WR,12.0,1,0
2022,5,1,608781531883859968,1049,Ryan Tannehill,QB,11.54,0,0
2022,5,1,608781531883859968,7523,Trevor Lawrence,QB,10.84,1,0
2022,5,1,608781531883859968,6803,Brandon Aiyuk,WR,8.8,0,0
2022,5,1,608781531883859968,5038,Michael Gallup,WR,8.4,0,0
2022,5,1,608781531883859968,MIN,Minnesota Vikings,DEF,6.5,1,0
2022,5,1,608781531883859968,7596,Elijah Moore,WR,2.1,0,0
2022,5,1,608781531883859968,1426,DeAndre Hopkins,WR,0,0,0
2022,5,1,608781531883859968,8148,Jameson Williams,WR,0,0,0
2022,5,2,736077599457026048,4034,Christian McCaffrey,RB,23.4,1,0
2022,5,2,736077599457026048,8129,Dameon Pierce,RB,20.3,1,0
2022,5,2,736077599457026048,167,Tom Brady,QB,20.24,1,0
2022,5,2,736077599457026048,5846,DK Metcalf,WR,19.3,0,0
2022,5,2,736077599457026048,96,Aaron Rodgers,QB,16.38,0,0
2022,5,2,736077599457026048,8144,Chris Olave,WR,15.4,1,0
2022,5,2,736077599457026048,5872,Deebo Samuel,WR,11.2,1,0
2022,5,2,736077599457026048,5937,Diontae Johnson,WR,11.0,0,0
2022,5,2,736077599457026048,1234,Russell Wilson,QB,8.16,1,0
2022,5,2,736077599457026048,5916,Darrell Henderson,RB,7.0,0,0
2022,5,2,736077599457026048,5987,Alexander Mattison,RB,7.0,0,0
2022,5,2,736077599457026048,5859,A.J. Brown,WR,6.2,1,0
2022,5,2,736077599457026048,GB,Green Bay Packers,DEF,3.75,1,0
2022,5,2,736077599457026048,6083,Matt Gay,K,2.0,1,0
2022,5,2,736077599457026048,2505,Darren Waller,TE,0,1,0
2022,5,2,736077599457026048,7571,Rashod Bateman,WR,0,0,0
2022,5,2,736077599457026048,7588,Javonte Williams,RB,0,0,0
2022,5,3,737091087440674816,6794,Justin Jefferson,WR,30.82,1,0
2022,5,3,737091087440674816,4988,Nick Chubb,RB,26.4,1,0
2022,5,3,737091087440674816,4068,Mike Williams,WR,23.9,1,0
2022,5,3,737091087440674816,1166,Kirk Cousins,QB,22.74,1,0
2022,5,3,737091087440674816,2309,Amari Cooper,WR,20.6,0,0
2022,5,3,737091087440674816,5892,David Montgomery,RB,18.2,0,0
2022,5,3,737091087440674816,1264,Justin Tucker,K,16.0,1,0
2022,5,3,737091087440674816,4098,Kareem Hunt,RB,14.7,0,0
2022,5,3,737091087440674816,8160,Kenny Pickett,QB,12.58,1,0
2022,5,3,737091087440674816,JAX,Jacksonville Jaguars,DEF,7.25,1,0
2022,5,3,737091087440674816,7528,Najee Harris,RB,6.6,1,0
2022,5,3,737091087440674816,8132,Tyler Allgeier,RB,4.5,0,0
2022,5,3,737091087440674816,4950,Christian Kirk,WR,2.1,1,0
2022,5,3,737091087440674816,5844,T.J. Hockenson,TE,1.6,1,0
2022,5,3,737091087440674816,2306,Jameis Winston,QB,0,0,0
2022,5,3,737091087440674816,LAC,Los Angeles Chargers,DEF,0,0,0
2022,5,4,736744257179770880,5850,Josh Jacobs,RB,30.8,1,0
2022,5,4,736744257179770880,5012,Mark Andrews,TE,22.9,1,0
2022,5,4,736744257179770880,1837,Jimmy Garoppolo,QB,17.02,1,0
2022,5,4,736744257179770880,7591,Justin Fields,QB,15.02,0,0
2022,5,4,736744257179770880,6797,Justin Herbert,QB,14.42,1,0
2022,5,4,736744257179770880,5045,Courtland Sutton,WR,12.4,1,0
2022,5,4,736744257179770880,4018,Joe Mixon,RB,11.8,1,0
2022,5,4,736744257179770880,6820,Clyde Edwards-Helaire,RB,6.5,1,0
2022,5,4,736744257179770880,2197,Brandin Cooks,WR,6.0,1,0
2022,5,4,736744257179770880,7839,Evan McPherson,K,6.0,1,0
2022,5,4,736744257179770880,6130,Devin Singletary,RB,5.6,0,0
2022,5,4,736744257179770880,4080,Zay Jones,WR,4.2,0,0
2022,5,4,736744257179770880,5347,Nyheim Miller-Hines,RB,1.8,0,0
2022,5,4,736744257179770880,3199,Michael Thomas,WR,0,0,0
2022,5,4,736744257179770880,7553,Kyle Pitts,TE,0,0,0
2022,5,4,736744257179770880,MIA,Miami Dolphins,DEF,-1.0,1,0
2022,5,5,716698629934481408,3198,Derrick Henry,RB,27.7,1,0
2022,5,5,716698629934481408,2449,Stefon Diggs,WR,24.7,1,0
2022,5,5,716698629934481408,DAL,Dallas Cowboys,DEF,21.75,1,0
2022,5,5,716698629934481408,8137,George Pickens,WR,14.3,0,0
2022,5,5,716698629934481408,5185,Allen Lazard,WR,13.5,0,0
2022,5,5,716698629934481408,2216,Mike Evans,WR,12.1,1,0
2022,5,5,716698629934481408,421,Matthew Stafford,QB,11.82,1,0
2022,5,5,716698629934481408,3271,Tyler Higbee,TE,11.6,1,0
2022,5,5,716698629934481408,4983,DJ Moore,WR,10.7,0,0
2022,5,5,716698629934481408,6955,James Robinson,RB,5.9,1,0
2022,5,5,716698629934481408,3163,Jared Goff,QB,5.86,1,0
2022,5,5,716698629934481408,4149,Jamaal Williams,RB,5.6,1,0
2022,5,5,716698629934481408,6806,J.K. Dobbins,RB,4.4,0,0
2022,5,5,716698629934481408,5970,Greg Dortch,WR,0,0,0
2022,5,5,716698629934481408,7527,Mac Jones,QB,0,0,0
2022,5,5,716698629934481408,7561,Elijah Mitchell,RB,0,0,0
2022,5,5,716698629934481408,4666,Younghoe Koo,K,-1.0,1,0
2022,5,6,736740647758938112,2374,Tyler Lockett,WR,28.4,0,0
2022,5,6,736740647758938112,4039,Cooper Kupp,WR,27.9,1,0
2022,5,6,736740647758938112,4035,Alvin Kamara,RB,23.9,1,0
2022,5,6,736740647758938112,5022,Dallas Goedert,TE,17.5,0,0
2022,5,6,736740647758938112,5849,Kyler Murray,QB,16.7,1,0
2022,5,6,736740647758938112,2320,Melvin Gordon,RB,13.3,1,0
2022,5,6,736740647758938112,1339,Zach Ertz,TE,10.8,1,0
2022,5,6,736740647758938112,6886,Chase Claypool,WR,10.0,0,0
2022,5,6,736740647758938112,6783,Jerry Jeudy,WR,8.3,1,0
2022,5,6,736740647758938112,1433,Brandon McManus,K,8.0,1,0
2022,5,6,736740647758938112,LAR,Los Angeles Rams,DEF,7.75,1,0
2022,5,6,736740647758938112,1352,Robert Woods,WR,7.7,1,0
2022,5,6,736740647758938112,4137,James Conner,RB,7.3,1,0
2022,5,6,736740647758938112,4892,Baker Mayfield,QB,6.6,0,0
2022,5,6,736740647758938112,4040,JuJu Smith-Schuster,WR,6.3,0,0
2022,5,6,736740647758938112,5890,Damien Harris,RB,2.2,0,0
2022,5,6,736740647758938112,6768,Tua Tagovailoa,QB,0,0,0
2022,5,7,735974647736213504,4984,Josh Allen,QB,38.16,1,0
2022,5,7,735974647736213504,1373,Geno Smith,QB,25.02,0,0
2022,5,7,735974647736213504,3161,Carson Wentz,QB,20.36,1,0
2022,5,7,735974647736213504,2749,Raheem Mostert,RB,19.7,1,0
2022,5,7,735974647736213504,4037,Chris Godwin,WR,12.3,1,0
2022,5,7,735974647736213504,4082,Curtis Samuel,WR,12.2,0,0
2022,5,7,735974647736213504,6819,Michael Pittman,WR,10.9,1,0
2022,5,7,735974647736213504,3164,Ezekiel Elliott,RB,7.8,0,0
2022,5,7,735974647736213504,4217,George Kittle,TE,7.7,1,0
2022,5,7,735974647736213504,TEN,Tennessee Titans,DEF,6.75,1,0
2022,5,7,735974647736213504,7526,Jaylen Waddle,WR,5.3,1,0
2022,5,7,735974647736213504,6828,AJ Dillon,RB,3.4,1,0
2022,5,7,735974647736213504,PHI,Philadelphia Eagles,DEF,3.25,0,0
2022,5,7,735974647736213504,8154,Brian Robinson,RB,2.2,0,0
2022,5,7,735974647736213504,6790,D'Andre Swift,RB,0,0,0
2022,5,7,735974647736213504,7606,Kadarius Toney,WR,0,0,0
2022,5,7,735974647736213504,5272,Greg Joseph,K,-1.0,1,0
2022,5,8,736803054736822272,6904,Jalen Hurts,QB,28.16,1,0
2022,5,8,736803054736822272,2028,Derek Carr,QB,18.94,1,0
2022,5,8,736803054736822272,5967,Tony Pollard,RB,16.1,0,0
2022,5,8,736803054736822272,5086,Marquez Valdes-Scantling,WR,15.0,1,0
2022,5,8,736803054736822272,BUF,Buffalo Bills,DEF,13.75,1,0
2022,5,8,736803054736822272,5927,Terry McLaurin,WR,12.6,1,0
2022,5,8,736803054736822272,4199,Aaron Jones,RB,10.0,1,0
2022,5,8,736803054736822272,6151,Miles Sanders,RB,8.4,1,0
2022,5,8,736803054736822272,391,Ryan Succop,K,8.0,1,0
2022,5,8,736803054736822272,5955,Hunter Renfrow,WR,6.5,0,0
2022,5,8,736803054736822272,8121,Romeo Doubs,WR,5.9,1,0
2022,5,8,736803054736822272,24,Matt Ryan,QB,4.64,0,0
2022,5,8,736803054736822272,1992,Allen Robinson,WR,4.2,0,0
2022,5,8,736803054736822272,4089,Gerald Everett,TE,1.2,1,0
2022,5,8,736803054736822272,1479,Keenan Allen,WR,0,0,0
2022,5,8,736803054736822272,1825,Jarvis Landry,WR,0,0,0
2022,5,8,736803054736822272,6813,Jonathan Taylor,RB,0,0,0
2022,5,9,710284244835979264,6943,Gabe Davis,WR,35.6,1,0
2022,5,9,710284244835979264,4046,Patrick Mahomes,QB,30.98,1,0
2022,5,9,710284244835979264,4029,Dalvin Cook,RB,26.1,1,0
2022,5,9,710284244835979264,5284,Jeff Wilson,RB,20.7,1,0
2022,5,9,710284244835979264,7525,DeVonta Smith,WR,18.7,0,0
2022,5,9,710284244835979264,SF,San Francisco 49ers,DEF,17.5,1,0
2022,5,9,710284244835979264,7607,Michael Carter,RB,17.3,0,0
2022,5,9,710284244835979264,4033,David Njoku,TE,14.8,1,0
2022,5,9,710284244835979264,7538,Zach Wilson,QB,14.6,1,0
2022,5,9,710284244835979264,6786,CeeDee Lamb,WR,10.3,1,0
2022,5,9,710284244835979264,8259,Cameron Dicker,K,9.0,1,0
2022,5,9,710284244835979264,8112,Drake London,WR,7.5,0,0
2022,5,9,710284244835979264,7547,Amon-Ra St. Brown,WR,5.8,1,0
2022,5,9,710284244835979264,8146,Garrett Wilson,WR,5.7,0,0
2022,5,9,710284244835979264,6938,Cam Akers,RB,3.3,0,0
2022,5,9,710284244835979264,4017,Deshaun Watson,QB,0,0,0
2022,5,9,710284244835979264,7610,Trey Lance,QB,0,0,0
2022,5,10,475399371639222272,4663,Austin Ekeler,RB,36.4,1,0
2022,5,10,475399371639222272,2133,Davante Adams,WR,28.9,1,0
2022,5,10,475399371639222272,8155,Breece Hall,RB,28.2,1,0
2022,5,10,475399371639222272,6770,Joe Burrow,QB,17.28,1,0
2022,5,10,475399371639222272,3321,Tyreek Hill,WR,13.0,1,0
2022,5,10,475399371639222272,TB,Tampa Bay Buccaneers,DEF,7.25,1,0
2022,5,10,475399371639222272,6945,Antonio Gibson,RB,6.9,0,0
2022,5,10,475399371639222272,1689,Adam Thielen,WR,6.7,0,0
2022,5,10,475399371639222272,4985,Rashaad Penny,RB,5.4,0,0
2022,5,10,475399371639222272,7042,Tyler Bass,K,5.0,1,0
2022,5,10,475399371639222272,7600,Pat Freiermuth,TE,3.2,0,0
2022,5,10,475399371639222272,5000,Chase Edmonds,RB,0.1,0,0
2022,5,10,475399371639222272,1535,Cordarrelle Patterson,RB,0,0,0
2022,5,10,475399371639222272,2152,Teddy Bridgewater,QB,0,1,0
2022,5,10,475399371639222272,3294,Dak Prescott,QB,0,0,0
2022,5,10,475399371639222272,5133,Tyler Conklin,TE,0,1,0
2022,5,10,475399371639222272,6801,Tee Higgins,WR,0,1,0
2022,6,1,608781531883859968,7564,Ja'Marr Chase,WR,34.2,1,0
2022,6,1,608781531883859968,6803,Brandon Aiyuk,WR,28.3,0,0
2022,6,1,608781531883859968,7611,Rhamondre Stevenson,RB,25.1,1,0
2022,6,1,608781531883859968,7523,Trevor Lawrence,QB,24.9,0,0
2022,6,1,608781531883859968,3969,Leonard Fournette,RB,22.1,1,0
2022,6,1,608781531883859968,1466,Travis Kelce,TE,19.7,1,0
2022,6,1,608781531883859968,4866,Saquon Barkley,RB,18.5,1,0
2022,6,1,608781531883859968,4881,Lamar Jackson,QB,15.1,1,0
2022,6,1,608781531883859968,5916,Darrell Henderson,RB,13.2,0,0
2022,6,1,608781531883859968,5848,Marquise Brown,WR,10.8,1,0
2022,6,1,608781531883859968,5947,Jakobi Meyers,WR,10.0,0,0
2022,6,1,608781531883859968,MIN,Minnesota Vikings,DEF,10.0,1,0
2022,6,1,608781531883859968,4227,Harrison Butker,K,9.0,1,0
2022,6,1,608781531883859968,2216,Mike Evans,WR,8.2,1,0
2022,6,1,608781531883859968,8136,Rachaad White,RB,5.3,0,0
2022,6,1,608781531883859968,5095,Daniel Carlson,K,0,0,0
2022,6,1,608781531883859968,8148,Jameson Williams,WR,0,0,0
2022,6,2,736077599457026048,4034,Christian McCaffrey,RB,22.8,1,0
2022,6,2,736077599457026048,8151,Kenneth Walker,RB,19.0,1,0
2022,6,2,736077599457026048,5859,A.J. Brown,WR,17.7,1,0
2022,6,2,736077599457026048,5872,Deebo Samuel,WR,16.0,1,0
2022,6,2,736077599457026048,6151,Miles Sanders,RB,14.2,1,0
2022,6,2,736077599457026048,8142,Alec Pierce,WR,13.9,0,0
2022,6,2,736077599457026048,1234,Russell Wilson,QB,13.82,0,0
2022,6,2,736077599457026048,167,Tom Brady,QB,13.22,1,0
2022,6,2,736077599457026048,96,Aaron Rodgers,QB,11.34,1,0
2022,6,2,736077599457026048,4066,Evan Engram,TE,9.0,1,0
2022,6,2,736077599457026048,5937,Diontae Johnson,WR,8.6,0,0
2022,6,2,736077599457026048,6083,Matt Gay,K,6.0,1,0
2022,6,2,736077599457026048,GB,Green Bay Packers,DEF,6.0,1,0
2022,6,2,736077599457026048,2505,Darren Waller,TE,0,0,0
2022,6,2,736077599457026048,7571,Rashod Bateman,WR,0,0,0
2022,6,2,736077599457026048,8129,Dameon Pierce,RB,0,0,0
2022,6,2,736077599457026048,8144,Chris Olave,WR,0,0,0
2022,6,3,737091087440674816,6794,Justin Jefferson,WR,17.2,1,0
2022,6,3,737091087440674816,1166,Kirk Cousins,QB,16.5,1,0
2022,6,3,737091087440674816,2309,Amari Cooper,WR,14.4,1,0
2022,6,3,737091087440674816,7528,Najee Harris,RB,12.9,0,0
2022,6,3,737091087440674816,4950,Christian Kirk,WR,10.8,0,0
2022,6,3,737091087440674816,LAC,Los Angeles Chargers,DEF,9.5,0,0
2022,6,3,737091087440674816,5892,David Montgomery,RB,9.0,1,0
2022,6,3,737091087440674816,8160,Kenny Pickett,QB,8.28,1,0
2022,6,3,737091087440674816,4988,Nick Chubb,RB,8.0,1,0
2022,6,3,737091087440674816,1264,Justin Tucker,K,6.0,1,0
2022,6,3,737091087440674816,4973,Hayden Hurst,TE,5.1,1,0
2022,6,3,737091087440674816,4068,Mike Williams,WR,3.7,1,0
2022,6,3,737091087440674816,4098,Kareem Hunt,RB,1.2,0,0
2022,6,3,737091087440674816,2306,Jameis Winston,QB,0,0,0
2022,6,3,737091087440674816,5844,T.J. Hockenson,TE,0,0,0
2022,6,3,737091087440674816,JAX,Jacksonville Jaguars,DEF,-3.0,1,0
2022,6,4,736744257179770880,5012,Mark Andrews,TE,24.1,1,0
2022,6,4,736744257179770880,1837,Jimmy Garoppolo,QB,17.44,0,0
2022,6,4,736744257179770880,7591,Justin Fields,QB,17.4,1,0
2022,6,4,736744257179770880,4018,Joe Mixon,RB,16.8,1,0
2022,6,4,736744257179770880,6130,Devin Singletary,RB,14.7,1,0
2022,6,4,736744257179770880,3225,Tyler Boyd,WR,12.6,1,0
2022,6,4,736744257179770880,7553,Kyle Pitts,TE,10.9,0,0
2022,6,4,736744257179770880,4080,Zay Jones,WR,9.2,0,0
2022,6,4,736744257179770880,6797,Justin Herbert,QB,8.92,1,0
2022,6,4,736744257179770880,7839,Evan McPherson,K,8.0,1,0
2022,6,4,736744257179770880,BAL,Baltimore Ravens,DEF,8.0,1,0
2022,6,4,736744257179770880,5045,Courtland Sutton,WR,3.4,1,0
2022,6,4,736744257179770880,6820,Clyde Edwards-Helaire,RB,3.3,1,0
2022,6,4,736744257179770880,2197,Brandin Cooks,WR,0,0,0
2022,6,4,736744257179770880,3199,Michael Thomas,WR,0,0,0
2022,6,4,736744257179770880,4171,Josh Reynolds,WR,0,0,0
2022,6,4,736744257179770880,5347,Nyheim Miller-Hines,RB,0,0,0
2022,6,4,736744257179770880,5850,Josh Jacobs,RB,0,0,0
2022,6,5,716698629934481408,2449,Stefon Diggs,WR,31.3,1,0
2022,6,5,716698629934481408,5185,Allen Lazard,WR,17.6,1,0
2022,6,5,716698629934481408,421,Matthew Stafford,QB,12.32,1,0
2022,6,5,716698629934481408,7543,Travis Etienne,RB,11.8,1,0
2022,6,5,716698629934481408,6955,James Robinson,RB,6.5,1,0
2022,6,5,716698629934481408,8137,George Pickens,WR,5.8,1,0
2022,6,5,716698629934481408,DAL,Dallas Cowboys,DEF,5.0,1,0
2022,6,5,716698629934481408,4666,Younghoe Koo,K,4.0,1,0
2022,6,5,716698629934481408,4983,DJ Moore,WR,3.7,0,0
2022,6,5,716698629934481408,3271,Tyler Higbee,TE,1.7,1,0
2022,6,5,716698629934481408,6806,J.K. Dobbins,RB,1.5,1,0
2022,6,5,716698629934481408,1426,DeAndre Hopkins,WR,0,0,0
2022,6,5,716698629934481408,3163,Jared Goff,QB,0,0,0
2022,6,5,716698629934481408,3198,Derrick Henry,RB,0,0,0
2022,6,5,716698629934481408,4149,Jamaal Williams,RB,0,0,0
2022,6,5,716698629934481408,7527,Mac Jones,QB,0,0,0
2022,6,5,716698629934481408,7561,Elijah Mitchell,RB,0,0,0
2022,6,6,736740647758938112,6886,Chase Claypool,WR,23.4,0,0
2022,6,6,736740647758938112,4040,JuJu Smith-Schuster,WR,23.3,0,0
2022,6,6,736740647758938112,4035,Alvin Kamara,RB,18.4,1,0
2022,6,6,736740647758938112,4039,Cooper Kupp,WR,16.7,1,0
2022,6,6,736740647758938112,5849,Kyler Murray,QB,14.38,1,0
2022,6,6,736740647758938112,1339,Zach Ertz,TE,14.0,1,0
2022,6,6,736740647758938112,5870,Daniel Jones,QB,13.52,1,0
2022,6,6,736740647758938112,1433,Brandon McManus,K,13.0,1,0
2022,6,6,736740647758938112,LAR,Los Angeles Rams,DEF,12.0,1,0
2022,6,6,736740647758938112,6783,Jerry Jeudy,WR,8.4,0,0
2022,6,6,736740647758938112,5022,Dallas Goedert,TE,4.2,1,0
2022,6,6,736740647758938112,2374,Tyler Lockett,WR,3.7,1,0
2022,6,6,736740647758938112,2320,Melvin Gordon,RB,0.8,1,0
2022,6,6,736740647758938112,4137,James Conner,RB,0,0,0
2022,6,6,736740647758938112,5890,Damien Harris,RB,0,0,0
2022,6,6,736740647758938112,6768,Tua Tagovailoa,QB,0,0,0
2022,6,6,736740647758938112,6938,Cam Akers,RB,0,0,0
2022,6,7,735974647736213504,6819,Michael Pittman,WR,26.9,1,0
2022,6,7,735974647736213504,4984,Josh Allen,QB,26.86,1,0
2022,6,7,735974647736213504,7526,Jaylen Waddle,WR,17.4,1,0
2022,6,7,735974647736213504,4217,George Kittle,TE,16.3,1,0
2022,6,7,735974647736213504,3164,Ezekiel Elliott,RB,15.6,0,0
2022,6,7,735974647736213504,4037,Chris Godwin,WR,15.5,1,0
2022,6,7,735974647736213504,8154,Brian Robinson,RB,12.0,0,0
2022,6,7,735974647736213504,1373,Geno Smith,QB,11.68,1,0
2022,6,7,735974647736213504,6951,Eno Benjamin,RB,9.5,1,0
2022,6,7,735974647736213504,6828,AJ Dillon,RB,9.2,0,0
2022,6,7,735974647736213504,PHI,Philadelphia Eagles,DEF,8.5,1,0
2022,6,7,735974647736213504,2749,Raheem Mostert,RB,5.8,1,0
2022,6,7,735974647736213504,3161,Carson Wentz,QB,4.16,0,0
2022,6,7,735974647736213504,5272,Greg Joseph,K,3.0,1,0
2022,6,7,735974647736213504,4082,Curtis Samuel,WR,2.6,0,0
2022,6,7,735974647736213504,6790,D'Andre Swift,RB,0,0,0
2022,6,7,735974647736213504,7606,Kadarius Toney,WR,0,0,0
2022,6,8,736803054736822272,24,Matt Ryan,QB,27.66,1,0
2022,6,8,736803054736822272,1992,Allen Robinson,WR,17.3,0,0
2022,6,8,736803054736822272,6904,Jalen Hurts,QB,15.9,1,0
2022,6,8,736803054736822272,391,Ryan Succop,K,14.0,1,0
2022,6,8,736803054736822272,4089,Gerald Everett,TE,7.9,1,0
2022,6,8,736803054736822272,4199,Aaron Jones,RB,7.4,1,0
2022,6,8,736803054736822272,BUF,Buffalo Bills,DEF,7.25,1,0
2022,6,8,736803054736822272,5927,Terry McLaurin,WR,7.2,1,0
2022,6,8,736803054736822272,5967,Tony Pollard,RB,7.2,1,0
2022,6,8,736803054736822272,8121,Romeo Doubs,WR,6.1,1,0
2022,6,8,736803054736822272,5846,DK Metcalf,WR,5.4,1,0
2022,6,8,736803054736822272,1479,Keenan Allen,WR,0,0,0
2022,6,8,736803054736822272,1825,Jarvis Landry,WR,0,0,0
2022,6,8,736803054736822272,2028,Derek Carr,QB,0,0,0
2022,6,8,736803054736822272,5086,Marquez Valdes-Scantling,WR,0,0,0
2022,6,8,736803054736822272,5955,Hunter Renfrow,WR,0,0,0
2022,6,8,736803054736822272,6813,Jonathan Taylor,RB,0,0,0
2022,6,9,710284244835979264,4046,Patrick Mahomes,QB,20.12,1,0
2022,6,9,710284244835979264,4029,Dalvin Cook,RB,16.8,1,0
2022,6,9,710284244835979264,6943,Gabe Davis,WR,16.4,1,0
2022,6,9,710284244835979264,7525,DeVonta Smith,WR,15.4,1,0
2022,6,9,710284244835979264,6786,CeeDee Lamb,WR,12.7,1,0
2022,6,9,710284244835979264,4033,David Njoku,TE,8.8,1,0
2022,6,9,710284244835979264,8112,Drake London,WR,7.0,0,0
2022,6,9,710284244835979264,503,Graham Gano,K,6.0,1,0
2022,6,9,710284244835979264,7607,Michael Carter,RB,5.7,0,0
2022,6,9,710284244835979264,4381,Taysom Hill,TE,4.54,0,0
2022,6,9,710284244835979264,7538,Zach Wilson,QB,4.5,1,0
2022,6,9,710284244835979264,SF,San Francisco 49ers,DEF,4.0,1,0
2022,6,9,710284244835979264,8146,Garrett Wilson,WR,1.8,0,0
2022,6,9,710284244835979264,5284,Jeff Wilson,RB,0.5,1,0
2022,6,9,710284244835979264,4017,Deshaun Watson,QB,0,0,0
2022,6,9,710284244835979264,7547,Amon-Ra St. Brown,WR,0,0,0
2022,6,10,475399371639222272,6770,Joe Burrow,QB,34.0,1,0
2022,6,10,475399371639222272,3321,Tyreek Hill,WR,30.2,1,0
2022,6,10,475399371639222272,4663,Austin Ekeler,RB,24.3,1,0
2022,6,10,475399371639222272,8155,Breece Hall,RB,20.6,1,0
2022,6,10,475399371639222272,1689,Adam Thielen,WR,15.6,1,0
2022,6,10,475399371639222272,6801,Tee Higgins,WR,10.7,1,0
2022,6,10,475399371639222272,6126,Irv Smith,TE,9.7,1,0
2022,6,10,475399371639222272,6945,Antonio Gibson,RB,8.3,0,0
2022,6,10,475399371639222272,3257,Jacoby Brissett,QB,7.64,1,0
2022,6,10,475399371639222272,7608,Khalil Herbert,RB,7.4,0,0
2022,6,10,475399371639222272,TB,Tampa Bay Buccaneers,DEF,6.5,1,0
2022,6,10,475399371639222272,7042,Tyler Bass,K,6.0,1,0
2022,6,10,475399371639222272,5000,Chase Edmonds,RB,5.1,0,0
2022,6,10,475399371639222272,4197,Isaiah McKenzie,WR,2.9,0,0
2022,6,10,475399371639222272,1535,Cordarrelle Patterson,RB,0,0,0
2022,6,10,475399371639222272,2133,Davante Adams,WR,0,0,0
2022,6,10,475399371639222272,3294,Dak Prescott,QB,0,0,0
2022,6,10,475399371639222272,7600,Pat Freiermuth,TE,0,0,0
2022,7,1,608781531883859968,7564,Ja'Marr Chase,WR,34.0,1,0
2022,7,1,608781531883859968,7611,Rhamondre Stevenson,RB,23.8,1,0
2022,7,1,608781531883859968,7523,Trevor Lawrence,QB,18.7,1,0
2022,7,1,608781531883859968,2216,Mike Evans,WR,18.6,1,0
2022,7,1,608781531883859968,4866,Saquon Barkley,RB,18.0,1,0
2022,7,1,608781531883859968,1466,Travis Kelce,TE,15.8,1,0
2022,7,1,608781531883859968,6803,Brandon Aiyuk,WR,15.2,0,0
2022,7,1,608781531883859968,5947,Jakobi Meyers,WR,11.4,0,0
2022,7,1,608781531883859968,4881,Lamar Jackson,QB,10.7,1,0
2022,7,1,608781531883859968,5095,Daniel Carlson,K,10.0,1,0
2022,7,1,608781531883859968,CIN,Cincinnati Bengals,DEF,6.75,1,0
2022,7,1,608781531883859968,3969,Leonard Fournette,RB,4.6,1,0
2022,7,1,608781531883859968,8136,Rachaad White,RB,4.2,0,0
2022,7,1,608781531883859968,7601,Rondale Moore,WR,4.1,0,0
2022,7,1,608781531883859968,1992,Allen Robinson,WR,0,0,0
2022,7,1,608781531883859968,2078,Odell Beckham,WR,0,0,0
2022,7,1,608781531883859968,5848,Marquise Brown,WR,0,0,0
2022,7,1,608781531883859968,8148,Jameson Williams,WR,0,0,0
2022,7,2,736077599457026048,8151,Kenneth Walker,RB,30.7,1,0
2022,7,2,736077599457026048,8144,Chris Olave,WR,18.1,1,0
2022,7,2,736077599457026048,8129,Dameon Pierce,RB,15.7,1,0
2022,7,2,736077599457026048,96,Aaron Rodgers,QB,14.76,1,0
2022,7,2,736077599457026048,167,Tom Brady,QB,12.2,1,0
2022,7,2,736077599457026048,4066,Evan Engram,TE,10.7,1,0
2022,7,2,736077599457026048,GB,Green Bay Packers,DEF,9.75,1,0
2022,7,2,736077599457026048,5937,Diontae Johnson,WR,9.5,0,0
2022,7,2,736077599457026048,5872,Deebo Samuel,WR,9.4,1,0
2022,7,2,736077599457026048,4034,Christian McCaffrey,RB,8.2,1,0
2022,7,2,736077599457026048,7571,Rashod Bateman,WR,8.2,0,0
2022,7,2,736077599457026048,4958,Brett Maher,K,6.0,1,0
2022,7,2,736077599457026048,7527,Mac Jones,QB,0.92,0,0
2022,7,2,736077599457026048,1234,Russell Wilson,QB,0,0,0
2022,7,2,736077599457026048,2505,Darren Waller,TE,0,0,0
2022,7,2,736077599457026048,5859,A.J. Brown,WR,0,0,0
2022,7,2,736077599457026048,6151,Miles Sanders,RB,0,0,0
2022,7,3,737091087440674816,4068,Mike Williams,WR,21.6,1,0
2022,7,3,737091087440674816,4988,Nick Chubb,RB,18.7,1,0
2022,7,3,737091087440674816,4950,Christian Kirk,WR,17.1,1,0
2022,7,3,737091087440674816,7594,Chuba Hubbard,RB,15.3,0,0
2022,7,3,737091087440674816,1264,Justin Tucker,K,13.0,1,0
2022,7,3,737091087440674816,5892,David Montgomery,RB,12.2,0,0
2022,7,3,737091087440674816,2307,Marcus Mariota,QB,12.06,1,0
2022,7,3,737091087440674816,7528,Najee Harris,RB,11.0,1,0
2022,7,3,737091087440674816,8160,Kenny Pickett,QB,10.78,1,0
2022,7,3,737091087440674816,2309,Amari Cooper,WR,10.4,1,0
2022,7,3,737091087440674816,5844,T.J. Hockenson,TE,8.8,1,0
2022,7,3,737091087440674816,4098,Kareem Hunt,RB,7.8,0,0
2022,7,3,737091087440674816,1166,Kirk Cousins,QB,0,0,0
2022,7,3,737091087440674816,6794,Justin Jefferson,WR,0,0,0
2022,7,3,737091087440674816,LAC,Los Angeles Chargers,DEF,0,0,0
2022,7,3,737091087440674816,JAX,Jacksonville Jaguars,DEF,-1.25,1,0
2022,7,4,736744257179770880,5850,Josh Jacobs,RB,37.0,1,0
2022,7,4,736744257179770880,3225,Tyler Boyd,WR,31.5,0,0
2022,7,4,736744257179770880,7591,Justin Fields,QB,19.36,0,0
2022,7,4,736744257179770880,6797,Justin Herbert,QB,18.62,1,0
2022,7,4,736744257179770880,4018,Joe Mixon,RB,18.1,1,0
2022,7,4,736744257179770880,1837,Jimmy Garoppolo,QB,16.82,1,0
2022,7,4,736744257179770880,BAL,Baltimore Ravens,DEF,12.25,1,0
2022,7,4,736744257179770880,2197,Brandin Cooks,WR,8.6,1,0
2022,7,4,736744257179770880,5045,Courtland Sutton,WR,5.3,1,0
2022,7,4,736744257179770880,7839,Evan McPherson,K,5.0,1,0
2022,7,4,736744257179770880,7553,Kyle Pitts,TE,3.9,0,0
2022,7,4,736744257179770880,4171,Josh Reynolds,WR,1.8,1,0
2022,7,4,736744257179770880,5012,Mark Andrews,TE,0.4,1,0
2022,7,4,736744257179770880,3199,Michael Thomas,WR,0,0,0
2022,7,4,736744257179770880,6130,Devin Singletary,RB,0,0,0
2022,7,4,736744257179770880,7525,DeVonta Smith,WR,0,0,0
2022,7,5,716698629934481408,1426,DeAndre Hopkins,WR,19.8,1,0
2022,7,5,716698629934481408,4983,DJ Moore,WR,19.6,0,0
2022,7,5,716698629934481408,7543,Travis Etienne,RB,19.4,1,0
2022,7,5,716698629934481408,DAL,Dallas Cowboys,DEF,18.75,1,0
2022,7,5,716698629934481408,8137,George Pickens,WR,18.1,1,0
2022,7,5,716698629934481408,3198,Derrick Henry,RB,17.3,1,0
2022,7,5,716698629934481408,5185,Allen Lazard,WR,11.5,1,0
2022,7,5,716698629934481408,4149,Jamaal Williams,RB,6.3,1,0
2022,7,5,716698629934481408,4602,Robert Tonyan,TE,6.2,1,0
2022,7,5,716698629934481408,4666,Younghoe Koo,K,6.0,1,0
2022,7,5,716698629934481408,3163,Jared Goff,QB,1.52,1,0
2022,7,5,716698629934481408,3242,Kenyan Drake,RB,0.5,0,0
2022,7,5,716698629934481408,2449,Stefon Diggs,WR,0,0,0
2022,7,5,716698629934481408,3271,Tyler Higbee,TE,0,0,0
2022,7,5,716698629934481408,421,Matthew Stafford,QB,0,0,0
2022,7,5,716698629934481408,6955,James Robinson,RB,0,0,0
2022,7,5,716698629934481408,7561,Elijah Mitchell,RB,0,0,0
2022,7,6,736740647758938112,4040,JuJu Smith-Schuster,WR,26.4,1,0
2022,7,6,736740647758938112,4035,Alvin Kamara,RB,17.5,1,0
2022,7,6,736740647758938112,6783,Jerry Jeudy,WR,16.6,0,0
2022,7,6,736740647758938112,5849,Kyler Murray,QB,16.16,1,0
2022,7,6,736740647758938112,6768,Tua Tagovailoa,QB,15.94,1,0
2022,7,6,736740647758938112,MIA,Miami Dolphins,DEF,12.5,1,0
2022,7,6,736740647758938112,2374,Tyler Lockett,WR,11.5,1,0
2022,7,6,736740647758938112,6886,Chase Claypool,WR,9.1,1,0
2022,7,6,736740647758938112,2320,Melvin Gordon,RB,7.0,0,0
2022,7,6,736740647758938112,8142,Alec Pierce,WR,6.7,0,0
2022,7,6,736740647758938112,1339,Zach Ertz,TE,6.1,1,0
2022,7,6,736740647758938112,5890,Damien Harris,RB,2.0,1,0
2022,7,6,736740647758938112,1433,Brandon McManus,K,1.0,1,0
2022,7,6,736740647758938112,4039,Cooper Kupp,WR,0,0,0
2022,7,6,736740647758938112,4137,James Conner,RB,0,0,0
2022,7,6,736740647758938112,5022,Dallas Goedert,TE,0,0,0
2022,7,6,736740647758938112,6938,Cam Akers,RB,0,0,0
2022,7,7,735974647736213504,4217,George Kittle,TE,21.8,1,0
2022,7,7,735974647736213504,2749,Raheem Mostert,RB,20.9,1,0
2022,7,7,735974647736213504,7585,Davis Mills,QB,18.58,1,0
2022,7,7,735974647736213504,3164,Ezekiel Elliott,RB,17.7,1,0
2022,7,7,735974647736213504,1373,Geno Smith,QB,13.1,1,0
2022,7,7,735974647736213504,4082,Curtis Samuel,WR,12.9,0,0
2022,7,7,735974647736213504,7526,Jaylen Waddle,WR,12.8,1,0
2022,7,7,735974647736213504,4037,Chris Godwin,WR,11.5,1,0
2022,7,7,735974647736213504,8126,Wan'Dale Robinson,WR,11.0,0,0
2022,7,7,735974647736213504,8154,Brian Robinson,RB,10.6,0,0
2022,7,7,735974647736213504,6819,Michael Pittman,WR,9.8,1,0
2022,7,7,735974647736213504,NYJ,New York Jets,DEF,8.75,1,0
2022,7,7,735974647736213504,650,Nick Folk,K,2.0,0,0
2022,7,7,735974647736213504,6828,AJ Dillon,RB,1.5,0,0
2022,7,7,735974647736213504,4984,Josh Allen,QB,0,0,0
2022,7,7,735974647736213504,6790,D'Andre Swift,RB,0,0,0
2022,7,7,735974647736213504,PHI,Philadelphia Eagles,DEF,0,0,0
2022,7,8,736803054736822272,4199,Aaron Jones,RB,28.6,1,0
2022,7,8,736803054736822272,5927,Terry McLaurin,WR,18.3,1,0
2022,7,8,736803054736822272,6813,Jonathan Taylor,RB,15.5,1,0
2022,7,8,736803054736822272,5967,Tony Pollard,RB,12.9,0,0
2022,7,8,736803054736822272,2028,Derek Carr,QB,12.54,1,0
2022,7,8,736803054736822272,4089,Gerald Everett,TE,11.3,1,0
2022,7,8,736803054736822272,24,Matt Ryan,QB,10.42,1,0
2022,7,8,736803054736822272,5955,Hunter Renfrow,WR,8.5,0,0
2022,7,8,736803054736822272,NE,New England Patriots,DEF,5.5,1,0
2022,7,8,736803054736822272,1479,Keenan Allen,WR,3.1,0,0
2022,7,8,736803054736822272,391,Ryan Succop,K,3.0,1,0
2022,7,8,736803054736822272,5846,DK Metcalf,WR,2.2,1,0
2022,7,8,736803054736822272,5916,Darrell Henderson,RB,0,0,0
2022,7,8,736803054736822272,6904,Jalen Hurts,QB,0,0,0
2022,7,8,736803054736822272,8121,Romeo Doubs,WR,0,1,0
2022,7,8,736803054736822272,BUF,Buffalo Bills,DEF,0,0,0
2022,7,9,710284244835979264,5870,Daniel Jones,QB,29.28,1,0
2022,7,9,710284244835979264,4046,Patrick Mahomes,QB,27.42,1,0
2022,7,9,710284244835979264,4111,D'Onta Foreman,RB,17.0,1,0
2022,7,9,710284244835979264,4033,David Njoku,TE,14.1,1,0
2022,7,9,710284244835979264,503,Graham Gano,K,11.0,1,0
2022,7,9,710284244835979264,6786,CeeDee Lamb,WR,10.6,1,0
2022,7,9,710284244835979264,7607,Michael Carter,RB,9.4,0,0
2022,7,9,710284244835979264,6820,Clyde Edwards-Helaire,RB,9.2,1,0
2022,7,9,710284244835979264,LV,Las Vegas Raiders,DEF,8.25,1,0
2022,7,9,710284244835979264,8146,Garrett Wilson,WR,6.4,0,0
2022,7,9,710284244835979264,8112,Drake London,WR,1.9,1,0
2022,7,9,710284244835979264,7547,Amon-Ra St. Brown,WR,1.4,1,0
2022,7,9,710284244835979264,4017,Deshaun Watson,QB,0,0,0
2022,7,9,710284244835979264,4029,Dalvin Cook,RB,0,0,0
2022,7,9,710284244835979264,6943,Gabe Davis,WR,0,0,0
2022,7,9,710284244835979264,SF,San Francisco 49ers,DEF,-4.25,0,0
2022,7,10,475399371639222272,6770,Joe Burrow,QB,41.74,1,0
2022,7,10,475399371639222272,4663,Austin Ekeler,RB,35.7,1,0
2022,7,10,475399371639222272,2133,Davante Adams,WR,17.5,1,0
2022,7,10,475399371639222272,7608,Khalil Herbert,RB,15.7,0,0
2022,7,10,475399371639222272,7600,Pat Freiermuth,TE,15.5,1,0
2022,7,10,475399371639222272,8155,Breece Hall,RB,14.7,1,0
2022,7,10,475399371639222272,6801,Tee Higgins,WR,14.3,1,0
2022,7,10,475399371639222272,3321,Tyreek Hill,WR,14.2,1,0
2022,7,10,475399371639222272,3294,Dak Prescott,QB,12.28,1,0
2022,7,10,475399371639222272,5001,Dalton Schultz,TE,9.9,0,0
2022,7,10,475399371639222272,1049,Ryan Tannehill,QB,3.88,0,0
2022,7,10,475399371639222272,TB,Tampa Bay Buccaneers,DEF,3.25,1,0
2022,7,10,475399371639222272,3467,Taylor Bertolet,K,3.0,1,0
2022,7,10,475399371639222272,5000,Chase Edmonds,RB,1.7,0,0
2022,7,10,475399371639222272,1535,Cordarrelle Patterson,RB,0,0,0
2022,7,10,475399371639222272,1689,Adam Thielen,WR,0,0,0
2022,7,10,475399371639222272,4197,Isaiah McKenzie,WR,0,0,0
2022,8,1,608781531883859968,4881,Lamar Jackson,QB,22.32,1,0
2022,8,1,608781531883859968,7611,Rhamondre Stevenson,RB,21.3,1,0
2022,8,1,608781531883859968,6803,Brandon Aiyuk,WR,20.1,1,0
2022,8,1,608781531883859968,8131,Isaiah Likely,TE,19.7,0,0
2022,8,1,608781531883859968,2216,Mike Evans,WR,18.8,1,0
2022,8,1,608781531883859968,4866,Saquon Barkley,RB,15.2,1,0
2022,8,1,608781531883859968,TEN,Tennessee Titans,DEF,12.75,1,0
2022,8,1,608781531883859968,8136,Rachaad White,RB,7.3,0,0
2022,8,1,608781531883859968,6126,Irv Smith,TE,6.8,1,0
2022,8,1,608781531883859968,7523,Trevor Lawrence,QB,5.82,1,0
2022,8,1,608781531883859968,6813,Jonathan Taylor,RB,5.6,1,0
2022,8,1,608781531883859968,8161,Malik Willis,QB,1.4,0,0
2022,8,1,608781531883859968,1466,Travis Kelce,TE,0,0,0
2022,8,1,608781531883859968,5095,Daniel Carlson,K,0,1,0
2022,8,1,608781531883859968,5848,Marquise Brown,WR,0,0,0
2022,8,1,608781531883859968,7564,Ja'Marr Chase,WR,0,0,0
2022,8,1,608781531883859968,7606,Kadarius Toney,WR,0,0,0
2022,8,1,608781531883859968,7670,Joshua Palmer,WR,0,0,0
2022,8,1,608781531883859968,8148,Jameson Williams,WR,0,0,0
2022,8,2,736077599457026048,5859,A.J. Brown,WR,40.1,1,0
2022,8,2,736077599457026048,4034,Christian McCaffrey,RB,39.26,1,0
2022,8,2,736077599457026048,167,Tom Brady,QB,17.6,1,0
2022,8,2,736077599457026048,96,Aaron Rodgers,QB,15.22,0,0
2022,8,2,736077599457026048,8129,Dameon Pierce,RB,14.1,1,0
2022,8,2,736077599457026048,1234,Russell Wilson,QB,13.78,1,0
2022,8,2,736077599457026048,5022,Dallas Goedert,TE,12.4,1,0
2022,8,2,736077599457026048,8151,Kenneth Walker,RB,12.2,1,0
2022,8,2,736077599457026048,2747,Jason Myers,K,11.0,1,0
2022,8,2,736077599457026048,8144,Chris Olave,WR,10.2,1,0
2022,8,2,736077599457026048,5937,Diontae Johnson,WR,8.5,0,0
2022,8,2,736077599457026048,8195,Ronnie Rivers,RB,7.6,0,0
2022,8,2,736077599457026048,5890,Damien Harris,RB,7.2,0,0
2022,8,2,736077599457026048,IND,Indianapolis Colts,DEF,5.5,1,0
2022,8,2,736077599457026048,2505,Darren Waller,TE,0,0,0
2022,8,2,736077599457026048,5872,Deebo Samuel,WR,0,0,0
2022,8,2,736077599457026048,7571,Rashod Bateman,WR,0,0,0
2022,8,3,737091087440674816,4988,Nick Chubb,RB,25.9,1,0
2022,8,3,737091087440674816,1166,Kirk Cousins,QB,23.48,1,0
2022,8,3,737091087440674816,2309,Amari Cooper,WR,22.6,1,0
2022,8,3,737091087440674816,2307,Marcus Mariota,QB,22.42,1,0
2022,8,3,737091087440674816,6794,Justin Jefferson,WR,15.8,1,0
2022,8,3,737091087440674816,7528,Najee Harris,RB,11.96,1,0
2022,8,3,737091087440674816,4098,Kareem Hunt,RB,11.2,0,0
2022,8,3,737091087440674816,5844,T.J. Hockenson,TE,11.0,1,0
2022,8,3,737091087440674816,5892,David Montgomery,RB,8.5,0,0
2022,8,3,737091087440674816,JAX,Jacksonville Jaguars,DEF,8.25,1,0
2022,8,3,737091087440674816,4973,Hayden Hurst,TE,8.2,0,0
2022,8,3,737091087440674816,1264,Justin Tucker,K,7.0,1,0
2022,8,3,737091087440674816,4950,Christian Kirk,WR,7.0,1,0
2022,8,3,737091087440674816,8160,Kenny Pickett,QB,6.84,0,0
2022,8,3,737091087440674816,4068,Mike Williams,WR,0,0,0
2022,8,3,737091087440674816,7594,Chuba Hubbard,RB,0,0,0
2022,8,4,736744257179770880,7591,Justin Fields,QB,26.04,1,0
2022,8,4,736744257179770880,7553,Kyle Pitts,TE,19.0,0,0
2022,8,4,736744257179770880,1837,Jimmy Garoppolo,QB,17.7,1,0
2022,8,4,736744257179770880,4018,Joe Mixon,RB,12.9,1,0
2022,8,4,736744257179770880,3225,Tyler Boyd,WR,12.8,1,0
2022,8,4,736744257179770880,2197,Brandin Cooks,WR,11.3,0,0
2022,8,4,736744257179770880,6130,Devin Singletary,RB,9.3,1,0
2022,8,4,736744257179770880,5850,Josh Jacobs,RB,7.4,1,0
2022,8,4,736744257179770880,7525,DeVonta Smith,WR,7.3,1,0
2022,8,4,736744257179770880,5012,Mark Andrews,TE,6.3,1,0
2022,8,4,736744257179770880,BAL,Baltimore Ravens,DEF,5.25,1,0
2022,8,4,736744257179770880,4171,Josh Reynolds,WR,3.4,0,0
2022,8,4,736744257179770880,5045,Courtland Sutton,WR,2.3,0,0
2022,8,4,736744257179770880,3199,Michael Thomas,WR,0,0,0
2022,8,4,736744257179770880,6797,Justin Herbert,QB,0,0,0
2022,8,4,736744257179770880,7839,Evan McPherson,K,-3.0,1,0
2022,8,5,716698629934481408,3198,Derrick Henry,RB,36.8,1,0
2022,8,5,716698629934481408,1426,DeAndre Hopkins,WR,34.4,1,0
2022,8,5,716698629934481408,4983,DJ Moore,WR,29.5,1,0
2022,8,5,716698629934481408,7543,Travis Etienne,RB,25.7,1,0
2022,8,5,716698629934481408,4149,Jamaal Williams,RB,22.6,0,0
2022,8,5,716698629934481408,2449,Stefon Diggs,WR,22.3,1,0
2022,8,5,716698629934481408,3163,Jared Goff,QB,19.14,1,0
2022,8,5,716698629934481408,421,Matthew Stafford,QB,17.38,1,0
2022,8,5,716698629934481408,3242,Kenyan Drake,RB,16.7,0,0
2022,8,5,716698629934481408,4666,Younghoe Koo,K,14.0,1,0
2022,8,5,716698629934481408,DAL,Dallas Cowboys,DEF,12.0,1,0
2022,8,5,716698629934481408,3271,Tyler Higbee,TE,3.5,1,0
2022,8,5,716698629934481408,6955,James Robinson,RB,1.7,0,0
2022,8,5,716698629934481408,5185,Allen Lazard,WR,0,0,0
2022,8,5,716698629934481408,5917,Mecole Hardman,WR,0,0,0
2022,8,5,716698629934481408,7561,Elijah Mitchell,RB,0,0,0
2022,8,5,716698629934481408,8137,George Pickens,WR,0,0,0
2022,8,6,736740647758938112,4035,Alvin Kamara,RB,42.8,1,0
2022,8,6,736740647758938112,6768,Tua Tagovailoa,QB,29.68,1,0
2022,8,6,736740647758938112,5849,Kyler Murray,QB,24.14,1,0
2022,8,6,736740647758938112,4039,Cooper Kupp,WR,22.9,1,0
2022,8,6,736740647758938112,6783,Jerry Jeudy,WR,18.3,1,0
2022,8,6,736740647758938112,2374,Tyler Lockett,WR,15.3,1,0
2022,8,6,736740647758938112,2320,Melvin Gordon,RB,14.2,0,0
2022,8,6,736740647758938112,6151,Miles Sanders,RB,13.8,1,0
2022,8,6,736740647758938112,1339,Zach Ertz,TE,13.4,1,0
2022,8,6,736740647758938112,5347,Nyheim Miller-Hines,RB,12.9,0,0
2022,8,6,736740647758938112,6886,Chase Claypool,WR,12.54,0,0
2022,8,6,736740647758938112,6083,Matt Gay,K,2.0,1,0
2022,8,6,736740647758938112,MIA,Miami Dolphins,DEF,0.75,1,0
2022,8,6,736740647758938112,4040,JuJu Smith-Schuster,WR,0,0,0
2022,8,6,736740647758938112,4137,James Conner,RB,0,0,0
2022,8,6,736740647758938112,4227,Harrison Butker,K,0,0,0
2022,8,6,736740647758938112,6938,Cam Akers,RB,0,0,0
2022,8,7,735974647736213504,1373,Geno Smith,QB,19.08,0,0
2022,8,7,735974647736213504,4984,Josh Allen,QB,17.62,1,0
2022,8,7,735974647736213504,829,Andy Dalton,QB,17.16,1,0
2022,8,7,735974647736213504,6790,D'Andre Swift,RB,14.3,1,0
2022,8,7,735974647736213504,4037,Chris Godwin,WR,13.5,1,0
2022,8,7,735974647736213504,PHI,Philadelphia Eagles,DEF,13.5,1,0
2022,8,7,735974647736213504,4217,George Kittle,TE,12.9,1,0
2022,8,7,735974647736213504,6819,Michael Pittman,WR,12.3,1,0
2022,8,7,735974647736213504,7090,Darnell Mooney,WR,12.0,0,0
2022,8,7,735974647736213504,4082,Curtis Samuel,WR,10.9,0,0
2022,8,7,735974647736213504,5119,Jason Sanders,K,8.0,1,0
2022,8,7,735974647736213504,2749,Raheem Mostert,RB,7.7,1,0
2022,8,7,735974647736213504,6828,AJ Dillon,RB,7.3,0,0
2022,8,7,735974647736213504,8126,Wan'Dale Robinson,WR,3.5,0,0
2022,8,7,735974647736213504,8154,Brian Robinson,RB,2.0,0,0
2022,8,7,735974647736213504,2133,Davante Adams,WR,1.2,1,0
2022,8,8,736803054736822272,5967,Tony Pollard,RB,35.7,1,0
2022,8,8,736803054736822272,6904,Jalen Hurts,QB,28.4,1,0
2022,8,8,736803054736822272,2711,Taylor Heinicke,QB,22.06,0,0
2022,8,8,736803054736822272,5947,Jakobi Meyers,WR,21.0,0,0
2022,8,8,736803054736822272,4199,Aaron Jones,RB,20.2,1,0
2022,8,8,736803054736822272,5846,DK Metcalf,WR,17.5,1,0
2022,8,8,736803054736822272,5927,Terry McLaurin,WR,17.1,1,0
2022,8,8,736803054736822272,8121,Romeo Doubs,WR,16.2,0,0
2022,8,8,736803054736822272,3969,Leonard Fournette,RB,14.8,1,0
2022,8,8,736803054736822272,4993,Mike Gesicki,TE,12.8,1,0
2022,8,8,736803054736822272,391,Ryan Succop,K,10.0,1,0
2022,8,8,736803054736822272,BUF,Buffalo Bills,DEF,6.0,1,0
2022,8,8,736803054736822272,5916,Darrell Henderson,RB,5.0,0,0
2022,8,8,736803054736822272,2028,Derek Carr,QB,1.94,1,0
2022,8,8,736803054736822272,1479,Keenan Allen,WR,0,0,0
2022,8,8,736803054736822272,4089,Gerald Everett,TE,0,0,0
2022,8,9,710284244835979264,4111,D'Onta Foreman,RB,32.3,1,0
2022,8,9,710284244835979264,4029,Dalvin Cook,RB,25.6,1,0
2022,8,9,710284244835979264,6786,CeeDee Lamb,WR,18.8,1,0
2022,8,9,710284244835979264,8146,Garrett Wilson,WR,18.0,0,0
2022,8,9,710284244835979264,7547,Amon-Ra St. Brown,WR,13.9,1,0
2022,8,9,710284244835979264,7607,Michael Carter,RB,10.1,1,0
2022,8,9,710284244835979264,5906,Dawson Knox,TE,9.0,1,0
2022,8,9,710284244835979264,5870,Daniel Jones,QB,8.04,1,0
2022,8,9,710284244835979264,503,Graham Gano,K,8.0,1,0
2022,8,9,710284244835979264,8112,Drake London,WR,7.1,0,0
2022,8,9,710284244835979264,SF,San Francisco 49ers,DEF,6.0,1,0
2022,8,9,710284244835979264,6943,Gabe Davis,WR,5.5,1,0
2022,8,9,710284244835979264,1352,Robert Woods,WR,2.6,0,0
2022,8,9,710284244835979264,4017,Deshaun Watson,QB,0,0,0
2022,8,9,710284244835979264,4033,David Njoku,TE,0,0,0
2022,8,9,710284244835979264,4046,Patrick Mahomes,QB,0,0,0
2022,8,9,710284244835979264,6820,Clyde Edwards-Helaire,RB,0,0,0
2022,8,10,475399371639222272,3321,Tyreek Hill,WR,32.0,1,0
2022,8,10,475399371639222272,7526,Jaylen Waddle,WR,31.1,1,0
2022,8,10,475399371639222272,3294,Dak Prescott,QB,25.4,1,0
2022,8,10,475399371639222272,7608,Khalil Herbert,RB,15.9,0,0
2022,8,10,475399371639222272,6801,Tee Higgins,WR,14.4,1,0
2022,8,10,475399371639222272,6770,Joe Burrow,QB,13.98,1,0
2022,8,10,475399371639222272,5001,Dalton Schultz,TE,13.4,0,0
2022,8,10,475399371639222272,1689,Adam Thielen,WR,12.7,0,0
2022,8,10,475399371639222272,NE,New England Patriots,DEF,10.5,1,0
2022,8,10,475399371639222272,7042,Tyler Bass,K,10.0,1,0
2022,8,10,475399371639222272,7600,Pat Freiermuth,TE,9.7,1,0
2022,8,10,475399371639222272,6951,Eno Benjamin,RB,8.5,1,0
2022,8,10,475399371639222272,5248,Gus Edwards,RB,6.5,1,0
2022,8,10,475399371639222272,TB,Tampa Bay Buccaneers,DEF,2.25,0,0
2022,8,10,475399371639222272,5000,Chase Edmonds,RB,1.4,0,0
2022,8,10,475399371639222272,1535,Cordarrelle Patterson,RB,0,0,0
2022,8,10,475399371639222272,3164,Ezekiel Elliott,RB,0,0,0
2022,8,10,475399371639222272,4663,Austin Ekeler,RB,0,0,0
2022,9,1,608781531883859968,1466,Travis Kelce,TE,21.1,1,0
2022,9,1,608781531883859968,7670,Joshua Palmer,WR,19.1,1,0
2022,9,1,608781531883859968,7523,Trevor Lawrence,QB,17.2,1,0
2022,9,1,608781531883859968,4881,Lamar Jackson,QB,16.52,1,0
2022,9,1,608781531883859968,7611,Rhamondre Stevenson,RB,16.0,1,0
2022,9,1,608781531883859968,KC,Kansas City Chiefs,DEF,9.25,1,0
2022,9,1,608781531883859968,2216,Mike Evans,WR,9.0,1,0
2022,9,1,608781531883859968,5095,Daniel Carlson,K,8.0,1,0
2022,9,1,608781531883859968,7551,Deon Jackson,RB,5.6,1,0
2022,9,1,608781531883859968,7606,Kadarius Toney,WR,3.2,1,0
2022,9,1,608781531883859968,4866,Saquon Barkley,RB,0,0,0
2022,9,1,608781531883859968,5848,Marquise Brown,WR,0,0,0
2022,9,1,608781531883859968,5870,Daniel Jones,QB,0,0,0
2022,9,1,608781531883859968,6803,Brandon Aiyuk,WR,0,0,0
2022,9,1,608781531883859968,6813,Jonathan Taylor,RB,0,0,0
2022,9,1,608781531883859968,7564,Ja'Marr Chase,WR,0,0,0
2022,9,1,608781531883859968,8148,Jameson Williams,WR,0,0,0
2022,9,2,736077599457026048,8151,Kenneth Walker,RB,28.4,1,0
2022,9,2,736077599457026048,5022,Dallas Goedert,TE,24.5,1,0
2022,9,2,736077599457026048,7090,Darnell Mooney,WR,17.5,0,0
2022,9,2,736077599457026048,5859,A.J. Brown,WR,15.9,1,0
2022,9,2,736077599457026048,167,Tom Brady,QB,15.7,1,0
2022,9,2,736077599457026048,8129,Dameon Pierce,RB,14.4,1,0
2022,9,2,736077599457026048,96,Aaron Rodgers,QB,13.64,1,0
2022,9,2,736077599457026048,8144,Chris Olave,WR,13.1,1,0
2022,9,2,736077599457026048,TB,Tampa Bay Buccaneers,DEF,12.0,1,0
2022,9,2,736077599457026048,2747,Jason Myers,K,8.0,1,0
2022,9,2,736077599457026048,6945,Antonio Gibson,RB,6.7,1,0
2022,9,2,736077599457026048,4066,Evan Engram,TE,1.8,0,0
2022,9,2,736077599457026048,6847,Devin Duvernay,WR,1.5,0,0
2022,9,2,736077599457026048,1234,Russell Wilson,QB,0,0,0
2022,9,2,736077599457026048,4034,Christian McCaffrey,RB,0,0,0
2022,9,2,736077599457026048,5872,Deebo Samuel,WR,0,0,0
2022,9,2,736077599457026048,5937,Diontae Johnson,WR,0,0,0
2022,9,3,737091087440674816,6794,Justin Jefferson,WR,26.0,1,0
2022,9,3,737091087440674816,4950,Christian Kirk,WR,21.6,1,0
2022,9,3,737091087440674816,1166,Kirk Cousins,QB,16.4,1,0
2022,9,3,737091087440674816,5844,T.J. Hockenson,TE,16.0,1,0
2022,9,3,737091087440674816,7601,Rondale Moore,WR,14.9,1,0
2022,9,3,737091087440674816,1264,Justin Tucker,K,10.0,1,0
2022,9,3,737091087440674816,2307,Marcus Mariota,QB,7.56,1,0
2022,9,3,737091087440674816,JAX,Jacksonville Jaguars,DEF,7.5,1,0
2022,9,3,737091087440674816,8154,Brian Robinson,RB,5.8,1,0
2022,9,3,737091087440674816,5892,David Montgomery,RB,5.4,1,0
2022,9,3,737091087440674816,2309,Amari Cooper,WR,0,0,0
2022,9,3,737091087440674816,4068,Mike Williams,WR,0,0,0
2022,9,3,737091087440674816,4098,Kareem Hunt,RB,0,0,0
2022,9,3,737091087440674816,4988,Nick Chubb,RB,0,0,0
2022,9,3,737091087440674816,7528,Najee Harris,RB,0,0,0
2022,9,3,737091087440674816,8160,Kenny Pickett,QB,0,0,0
2022,9,4,736744257179770880,4018,Joe Mixon,RB,55.6,1,0
2022,9,4,736744257179770880,7591,Justin Fields,QB,44.72,1,0
2022,9,4,736744257179770880,6797,Justin Herbert,QB,12.6,1,0
2022,9,4,736744257179770880,5850,Josh Jacobs,RB,11.7,1,0
2022,9,4,736744257179770880,BAL,Baltimore Ravens,DEF,11.5,1,0
2022,9,4,736744257179770880,3225,Tyler Boyd,WR,9.4,1,0
2022,9,4,736744257179770880,8131,Isaiah Likely,TE,9.4,0,0
2022,9,4,736744257179770880,6130,Devin Singletary,RB,8.8,1,0
2022,9,4,736744257179770880,7553,Kyle Pitts,TE,4.7,1,0
2022,9,4,736744257179770880,7525,DeVonta Smith,WR,4.2,1,0
2022,9,4,736744257179770880,7839,Evan McPherson,K,3.0,1,0
2022,9,4,736744257179770880,1837,Jimmy Garoppolo,QB,0,0,0
2022,9,4,736744257179770880,2197,Brandin Cooks,WR,0,0,0
2022,9,4,736744257179770880,5012,Mark Andrews,TE,0,0,0
2022,9,4,736744257179770880,5045,Courtland Sutton,WR,0,0,0
2022,9,5,716698629934481408,7543,Travis Etienne,RB,27.1,1,0
2022,9,5,716698629934481408,3242,Kenyan Drake,RB,24.9,0,0
2022,9,5,716698629934481408,3198,Derrick Henry,RB,24.0,1,0
2022,9,5,716698629934481408,5185,Allen Lazard,WR,18.7,0,0
2022,9,5,716698629934481408,2449,Stefon Diggs,WR,14.3,1,0
2022,9,5,716698629934481408,1426,DeAndre Hopkins,WR,13.6,1,0
2022,9,5,716698629934481408,6955,James Robinson,RB,13.3,0,0
2022,9,5,716698629934481408,3163,Jared Goff,QB,11.38,1,0
2022,9,5,716698629934481408,421,Matthew Stafford,QB,10.5,1,0
2022,9,5,716698629934481408,4149,Jamaal Williams,RB,10.1,0,0
2022,9,5,716698629934481408,MIN,Minnesota Vikings,DEF,8.75,1,0
2022,9,5,716698629934481408,4983,DJ Moore,WR,4.4,1,0
2022,9,5,716698629934481408,4666,Younghoe Koo,K,3.0,1,0
2022,9,5,716698629934481408,3271,Tyler Higbee,TE,0,1,0
2022,9,5,716698629934481408,7561,Elijah Mitchell,RB,0,0,0
2022,9,5,716698629934481408,8137,George Pickens,WR,0,0,0
2022,9,5,716698629934481408,DAL,Dallas Cowboys,DEF,0,0,0
2022,9,6,736740647758938112,4039,Cooper Kupp,WR,27.8,1,0
2022,9,6,736740647758938112,6768,Tua Tagovailoa,QB,23.08,1,0
2022,9,6,736740647758938112,4040,JuJu Smith-Schuster,WR,18.8,1,0
2022,9,6,736740647758938112,5849,Kyler Murray,QB,18.5,1,0
2022,9,6,736740647758938112,2374,Tyler Lockett,WR,17.7,1,0
2022,9,6,736740647758938112,6151,Miles Sanders,RB,15.3,1,0
2022,9,6,736740647758938112,1339,Zach Ertz,TE,15.0,1,0
2022,9,6,736740647758938112,4137,James Conner,RB,11.4,0,0
2022,9,6,736740647758938112,4035,Alvin Kamara,RB,9.2,1,0
2022,9,6,736740647758938112,MIA,Miami Dolphins,DEF,9.0,1,0
2022,9,6,736740647758938112,6886,Chase Claypool,WR,3.7,0,0
2022,9,6,736740647758938112,4227,Harrison Butker,K,2.0,1,0
2022,9,6,736740647758938112,2320,Melvin Gordon,RB,0,0,0
2022,9,6,736740647758938112,2505,Darren Waller,TE,0,0,0
2022,9,6,736740647758938112,5347,Nyheim Miller-Hines,RB,0,0,0
2022,9,6,736740647758938112,6783,Jerry Jeudy,WR,0,0,0
2022,9,7,735974647736213504,2133,Davante Adams,WR,37.1,1,0
2022,9,7,735974647736213504,4984,Josh Allen,QB,22.8,1,0
2022,9,7,735974647736213504,1373,Geno Smith,QB,21.3,1,0
2022,9,7,735974647736213504,4082,Curtis Samuel,WR,17.6,0,0
2022,9,7,735974647736213504,829,Andy Dalton,QB,10.9,0,0
2022,9,7,735974647736213504,4037,Chris Godwin,WR,10.7,1,0
2022,9,7,735974647736213504,2749,Raheem Mostert,RB,8.6,1,0
2022,9,7,735974647736213504,6790,D'Andre Swift,RB,8.0,1,0
2022,9,7,735974647736213504,PHI,Philadelphia Eagles,DEF,7.75,1,0
2022,9,7,735974647736213504,6083,Matt Gay,K,7.0,1,0
2022,9,7,735974647736213504,6828,AJ Dillon,RB,5.4,0,0
2022,9,7,735974647736213504,6819,Michael Pittman,WR,5.2,1,0
2022,9,7,735974647736213504,8205,Isiah Pacheco,RB,1.9,0,0
2022,9,7,735974647736213504,4381,Taysom Hill,TE,1.12,1,0
2022,9,7,735974647736213504,4217,George Kittle,TE,0,0,0
2022,9,7,735974647736213504,8126,Wan'Dale Robinson,WR,0,0,0
2022,9,8,736803054736822272,6904,Jalen Hurts,QB,19.02,1,0
2022,9,8,736803054736822272,2028,Derek Carr,QB,18.36,0,0
2022,9,8,736803054736822272,5846,DK Metcalf,WR,14.7,1,0
2022,9,8,736803054736822272,2711,Taylor Heinicke,QB,13.66,1,0
2022,9,8,736803054736822272,3969,Leonard Fournette,RB,11.0,1,0
2022,9,8,736803054736822272,5927,Terry McLaurin,WR,10.6,1,0
2022,9,8,736803054736822272,391,Ryan Succop,K,10.0,1,0
2022,9,8,736803054736822272,4089,Gerald Everett,TE,8.6,1,0
2022,9,8,736803054736822272,5947,Jakobi Meyers,WR,7.4,1,0
2022,9,8,736803054736822272,4199,Aaron Jones,RB,6.5,1,0
2022,9,8,736803054736822272,5916,Darrell Henderson,RB,5.6,0,0
2022,9,8,736803054736822272,BUF,Buffalo Bills,DEF,5.5,1,0
2022,9,8,736803054736822272,8121,Romeo Doubs,WR,2.8,0,0
2022,9,8,736803054736822272,4993,Mike Gesicki,TE,1.3,0,0
2022,9,8,736803054736822272,1479,Keenan Allen,WR,0,0,0
2022,9,8,736803054736822272,5967,Tony Pollard,RB,0,0,0
2022,9,9,710284244835979264,4046,Patrick Mahomes,QB,35.64,1,0
2022,9,9,710284244835979264,8146,Garrett Wilson,WR,16.9,0,0
2022,9,9,710284244835979264,7607,Michael Carter,RB,15.6,1,0
2022,9,9,710284244835979264,4029,Dalvin Cook,RB,13.6,1,0
2022,9,9,710284244835979264,7538,Zach Wilson,QB,10.56,1,0
2022,9,9,710284244835979264,CIN,Cincinnati Bengals,DEF,10.0,1,0
2022,9,9,710284244835979264,7547,Amon-Ra St. Brown,WR,9.5,1,0
2022,9,9,710284244835979264,6943,Gabe Davis,WR,5.3,1,0
2022,9,9,710284244835979264,5985,Foster Moreau,TE,4.4,1,0
2022,9,9,710284244835979264,4111,D'Onta Foreman,RB,4.1,1,0
2022,9,9,710284244835979264,8112,Drake London,WR,3.3,0,0
2022,9,9,710284244835979264,17,Matt Prater,K,3.0,1,0
2022,9,9,710284244835979264,6820,Clyde Edwards-Helaire,RB,2.9,0,0
2022,9,9,710284244835979264,4017,Deshaun Watson,QB,0,0,0
2022,9,9,710284244835979264,4033,David Njoku,TE,0,0,0
2022,9,9,710284244835979264,6786,CeeDee Lamb,WR,0,0,0
2022,9,9,710284244835979264,SF,San Francisco 49ers,DEF,0,0,0
2022,9,10,475399371639222272,NE,New England Patriots,DEF,29.25,1,0
2022,9,10,475399371639222272,3321,Tyreek Hill,WR,27.8,1,0
2022,9,10,475399371639222272,4663,Austin Ekeler,RB,24.1,1,0
2022,9,10,475399371639222272,7526,Jaylen Waddle,WR,19.5,1,0
2022,9,10,475399371639222272,6770,Joe Burrow,QB,19.14,1,0
2022,9,10,475399371639222272,1535,Cordarrelle Patterson,RB,18.3,1,0
2022,9,10,475399371639222272,6801,Tee Higgins,WR,13.0,1,0
2022,9,10,475399371639222272,1689,Adam Thielen,WR,9.7,0,0
2022,9,10,475399371639222272,7527,Mac Jones,QB,9.68,1,0
2022,9,10,475399371639222272,4973,Hayden Hurst,TE,8.5,1,0
2022,9,10,475399371639222272,7042,Tyler Bass,K,5.0,1,0
2022,9,10,475399371639222272,6951,Eno Benjamin,RB,3.7,0,0
2022,9,10,475399371639222272,7608,Khalil Herbert,RB,2.3,0,0
2022,9,10,475399371639222272,3164,Ezekiel Elliott,RB,0,0,0
2022,9,10,475399371639222272,3294,Dak Prescott,QB,0,0,0
2022,9,10,475399371639222272,5248,Gus Edwards,RB,0,0,0
2022,9,10,475399371639222272,7600,Pat Freiermuth,TE,0,0,0
2022,10,1,608781531883859968,6813,Jonathan Taylor,RB,26.3,1,0
2022,10,1,608781531883859968,4866,Saquon Barkley,RB,23.5,1,0
2022,10,1,608781531883859968,7523,Trevor Lawrence,QB,21.46,1,0
2022,10,1,608781531883859968,1466,Travis Kelce,TE,20.1,1,0
2022,10,1,608781531883859968,5870,Daniel Jones,QB,19.28,1,0
2022,10,1,608781531883859968,7606,Kadarius Toney,WR,19.0,0,0
2022,10,1,608781531883859968,6803,Brandon Aiyuk,WR,12.4,1,0
2022,10,1,608781531883859968,8136,Rachaad White,RB,11.0,0,0
2022,10,1,608781531883859968,2216,Mike Evans,WR,10.4,1,0
2022,10,1,608781531883859968,7670,Joshua Palmer,WR,7.4,1,0
2022,10,1,608781531883859968,KC,Kansas City Chiefs,DEF,5.75,1,0
2022,10,1,608781531883859968,5095,Daniel Carlson,K,2.0,1,0
2022,10,1,608781531883859968,4881,Lamar Jackson,QB,0,0,0
2022,10,1,608781531883859968,5848,Marquise Brown,WR,0,0,0
2022,10,1,608781531883859968,7564,Ja'Marr Chase,WR,0,0,0
2022,10,1,608781531883859968,7611,Rhamondre Stevenson,RB,0,0,0
2022,10,1,608781531883859968,8148,Jameson Williams,WR,0,0,0
2022,10,2,736077599457026048,96,Aaron Rodgers,QB,20.36,0,0
2022,10,2,736077599457026048,4034,Christian McCaffrey,RB,17.7,1,0
2022,10,2,736077599457026048,167,Tom Brady,QB,16.02,1,0
2022,10,2,736077599457026048,6945,Antonio Gibson,RB,14.8,0,0
2022,10,2,736077599457026048,8151,Kenneth Walker,RB,13.2,1,0
2022,10,2,736077599457026048,1234,Russell Wilson,QB,12.24,1,0
2022,10,2,736077599457026048,8129,Dameon Pierce,RB,12.2,1,0
2022,10,2,736077599457026048,5937,Diontae Johnson,WR,10.3,0,0
2022,10,2,736077599457026048,7090,Darnell Mooney,WR,9.7,0,0
2022,10,2,736077599457026048,5022,Dallas Goedert,TE,9.3,1,0
2022,10,2,736077599457026048,5872,Deebo Samuel,WR,7.1,0,0
2022,10,2,736077599457026048,8144,Chris Olave,WR,7.0,1,0
2022,10,2,736077599457026048,8150,Kyren Williams,RB,6.9,0,0
2022,10,2,736077599457026048,2747,Jason Myers,K,6.0,1,0
2022,10,2,736077599457026048,NO,New Orleans Saints,DEF,5.5,1,0
2022,10,2,736077599457026048,5859,A.J. Brown,WR,1.7,1,0
2022,10,2,736077599457026048,5917,Mecole Hardman,WR,0,0,0
2022,10,3,737091087440674816,6794,Justin Jefferson,WR,35.8,1,0
2022,10,3,737091087440674816,4950,Christian Kirk,WR,32.0,1,0
2022,10,3,737091087440674816,8160,Kenny Pickett,QB,19.06,0,0
2022,10,3,737091087440674816,7601,Rondale Moore,WR,18.4,0,0
2022,10,3,737091087440674816,2307,Marcus Mariota,QB,17.74,1,0
2022,10,3,737091087440674816,4988,Nick Chubb,RB,15.1,1,0
2022,10,3,737091087440674816,8154,Brian Robinson,RB,14.6,0,0
2022,10,3,737091087440674816,1166,Kirk Cousins,QB,13.98,1,0
2022,10,3,737091087440674816,5844,T.J. Hockenson,TE,11.5,1,0
2022,10,3,737091087440674816,ARI,Arizona Cardinals,DEF,10.75,1,0
2022,10,3,737091087440674816,7528,Najee Harris,RB,8.9,1,0
2022,10,3,737091087440674816,2309,Amari Cooper,WR,6.2,1,0
2022,10,3,737091087440674816,5892,David Montgomery,RB,5.4,0,0
2022,10,3,737091087440674816,3678,Wil Lutz,K,5.0,1,0
2022,10,3,737091087440674816,4098,Kareem Hunt,RB,2.9,0,0
2022,10,3,737091087440674816,1264,Justin Tucker,K,0,0,0
2022,10,3,737091087440674816,4068,Mike Williams,WR,0,0,0
2022,10,4,736744257179770880,7591,Justin Fields,QB,41.38,1,0
2022,10,4,736744257179770880,6826,Cole Kmet,TE,24.9,1,0
2022,10,4,736744257179770880,5850,Josh Jacobs,RB,22.6,1,0
2022,10,4,736744257179770880,1837,Jimmy Garoppolo,QB,15.9,0,0
2022,10,4,736744257179770880,6130,Devin Singletary,RB,15.7,1,0
2022,10,4,736744257179770880,7525,DeVonta Smith,WR,13.9,1,0
2022,10,4,736744257179770880,5045,Courtland Sutton,WR,12.6,1,0
2022,10,4,736744257179770880,6797,Justin Herbert,QB,11.04,1,0
2022,10,4,736744257179770880,5038,Michael Gallup,WR,7.5,1,0
2022,10,4,736744257179770880,LAR,Los Angeles Rams,DEF,5.5,1,0
2022,10,4,736744257179770880,7565,Terrace Marshall,WR,5.3,0,0
2022,10,4,736744257179770880,4195,Jake Elliott,K,3.0,1,0
2022,10,4,736744257179770880,3225,Tyler Boyd,WR,0,0,0
2022,10,4,736744257179770880,4018,Joe Mixon,RB,0,0,0
2022,10,4,736744257179770880,5012,Mark Andrews,TE,0,0,0
2022,10,4,736744257179770880,650,Nick Folk,K,0,0,0
2022,10,4,736744257179770880,8131,Isaiah Likely,TE,0,0,0
2022,10,4,736744257179770880,BAL,Baltimore Ravens,DEF,0,0,0
2022,10,5,716698629934481408,2449,Stefon Diggs,WR,25.3,1,0
2022,10,5,716698629934481408,1426,DeAndre Hopkins,WR,19.8,1,0
2022,10,5,716698629934481408,3271,Tyler Higbee,TE,15.3,1,0
2022,10,5,716698629934481408,8137,George Pickens,WR,14.5,0,0
2022,10,5,716698629934481408,3163,Jared Goff,QB,13.84,1,0
2022,10,5,716698629934481408,4149,Jamaal Williams,RB,11.9,1,0
2022,10,5,716698629934481408,7543,Travis Etienne,RB,10.3,1,0
2022,10,5,716698629934481408,7561,Elijah Mitchell,RB,9.8,0,0
2022,10,5,716698629934481408,3198,Derrick Henry,RB,8.7,1,0
2022,10,5,716698629934481408,5185,Allen Lazard,WR,7.5,0,0
2022,10,5,716698629934481408,4983,DJ Moore,WR,6.9,1,0
2022,10,5,716698629934481408,DAL,Dallas Cowboys,DEF,3.0,1,0
2022,10,5,716698629934481408,4666,Younghoe Koo,K,1.0,1,0
2022,10,5,716698629934481408,3242,Kenyan Drake,RB,0,0,0
2022,10,5,716698629934481408,421,Matthew Stafford,QB,0,0,0
2022,10,5,716698629934481408,6955,James Robinson,RB,0,0,0
2022,10,6,736740647758938112,6768,Tua Tagovailoa,QB,23.9,1,0
2022,10,6,736740647758938112,4137,James Conner,RB,23.6,1,0
2022,10,6,736740647758938112,6824,Donovan Peoples-Jones,WR,14.9,0,0
2022,10,6,736740647758938112,2374,Tyler Lockett,WR,13.2,1,0
2022,10,6,736740647758938112,2320,Melvin Gordon,RB,11.0,0,0
2022,10,6,736740647758938112,NYG,New York Giants,DEF,8.5,1,0
2022,10,6,736740647758938112,4035,Alvin Kamara,RB,7.5,1,0
2022,10,6,736740647758938112,6151,Miles Sanders,RB,5.4,1,0
2022,10,6,736740647758938112,4040,JuJu Smith-Schuster,WR,5.3,1,0
2022,10,6,736740647758938112,4039,Cooper Kupp,WR,2.9,1,0
2022,10,6,736740647758938112,1339,Zach Ertz,TE,2.2,1,0
2022,10,6,736740647758938112,4227,Harrison Butker,K,2.0,1,0
2022,10,6,736740647758938112,5347,Nyheim Miller-Hines,RB,1.9,0,0
2022,10,6,736740647758938112,6886,Chase Claypool,WR,1.8,0,0
2022,10,6,736740647758938112,2505,Darren Waller,TE,0,0,0
2022,10,6,736740647758938112,5849,Kyler Murray,QB,0,0,0
2022,10,6,736740647758938112,6783,Jerry Jeudy,WR,0,0,0
2022,10,7,735974647736213504,2133,Davante Adams,WR,28.6,1,0
2022,10,7,735974647736213504,5284,Jeff Wilson,RB,22.8,0,0
2022,10,7,735974647736213504,4984,Josh Allen,QB,20.1,1,0
2022,10,7,735974647736213504,1373,Geno Smith,QB,19.2,1,0
2022,10,7,735974647736213504,4037,Chris Godwin,WR,19.1,1,0
2022,10,7,735974647736213504,2749,Raheem Mostert,RB,18.7,1,0
2022,10,7,735974647736213504,6819,Michael Pittman,WR,11.3,1,0
2022,10,7,735974647736213504,6790,D'Andre Swift,RB,8.2,1,0
2022,10,7,735974647736213504,PHI,Philadelphia Eagles,DEF,7.25,1,0
2022,10,7,735974647736213504,503,Graham Gano,K,7.0,1,0
2022,10,7,735974647736213504,6828,AJ Dillon,RB,6.5,0,0
2022,10,7,735974647736213504,8205,Isiah Pacheco,RB,6.2,0,0
2022,10,7,735974647736213504,4082,Curtis Samuel,WR,6.0,0,0
2022,10,7,735974647736213504,829,Andy Dalton,QB,5.06,0,0
2022,10,7,735974647736213504,8126,Wan'Dale Robinson,WR,3.5,0,0
2022,10,7,735974647736213504,4217,George Kittle,TE,3.1,1,0
2022,10,8,736803054736822272,4199,Aaron Jones,RB,23.1,1,0
2022,10,8,736803054736822272,5967,Tony Pollard,RB,22.3,1,0
2022,10,8,736803054736822272,6904,Jalen Hurts,QB,21.8,1,0
2022,10,8,736803054736822272,5927,Terry McLaurin,WR,21.3,1,0
2022,10,8,736803054736822272,2028,Derek Carr,QB,17.92,1,0
2022,10,8,736803054736822272,5846,DK Metcalf,WR,13.1,1,0
2022,10,8,736803054736822272,3969,Leonard Fournette,RB,10.8,1,0
2022,10,8,736803054736822272,5916,Darrell Henderson,RB,10.2,0,0
2022,10,8,736803054736822272,49,Robbie Gould,K,9.0,0,0
2022,10,8,736803054736822272,BUF,Buffalo Bills,DEF,6.5,1,0
2022,10,8,736803054736822272,2711,Taylor Heinicke,QB,5.44,0,0
2022,10,8,736803054736822272,4089,Gerald Everett,TE,4.3,0,0
2022,10,8,736803054736822272,8132,Tyler Allgeier,RB,3.3,0,0
2022,10,8,736803054736822272,8172,Greg Dulcich,TE,2.1,1,0
2022,10,8,736803054736822272,391,Ryan Succop,K,1.0,1,0
2022,10,8,736803054736822272,1479,Keenan Allen,WR,0,0,0
2022,10,8,736803054736822272,5947,Jakobi Meyers,WR,0,0,0
2022,10,8,736803054736822272,8121,Romeo Doubs,WR,0,0,0
2022,10,9,710284244835979264,6786,CeeDee Lamb,WR,38.5,1,0
2022,10,9,710284244835979264,4046,Patrick Mahomes,QB,30.64,1,0
2022,10,9,710284244835979264,4029,Dalvin Cook,RB,25.6,1,0
2022,10,9,710284244835979264,7547,Amon-Ra St. Brown,WR,22.6,1,0
2022,10,9,710284244835979264,6943,Gabe Davis,WR,21.3,1,0
2022,10,9,710284244835979264,4111,D'Onta Foreman,RB,19.5,1,0
2022,10,9,710284244835979264,5001,Dalton Schultz,TE,17.4,1,0
2022,10,9,710284244835979264,8112,Drake London,WR,14.8,0,0
2022,10,9,710284244835979264,SF,San Francisco 49ers,DEF,9.75,1,0
2022,10,9,710284244835979264,6083,Matt Gay,K,5.0,1,0
2022,10,9,710284244835979264,4017,Deshaun Watson,QB,0,0,0
2022,10,9,710284244835979264,4033,David Njoku,TE,0,0,0
2022,10,9,710284244835979264,6820,Clyde Edwards-Helaire,RB,0,1,0
2022,10,9,710284244835979264,7538,Zach Wilson,QB,0,0,0
2022,10,9,710284244835979264,7607,Michael Carter,RB,0,0,0
2022,10,9,710284244835979264,8146,Garrett Wilson,WR,0,0,0
2022,10,10,475399371639222272,3294,Dak Prescott,QB,19.7,1,0
2022,10,10,475399371639222272,3257,Jacoby Brissett,QB,16.48,1,0
2022,10,10,475399371639222272,3321,Tyreek Hill,WR,15.4,1,0
2022,10,10,475399371639222272,4663,Austin Ekeler,RB,13.3,1,0
2022,10,10,475399371639222272,7042,Tyler Bass,K,13.0,1,0
2022,10,10,475399371639222272,7526,Jaylen Waddle,WR,10.6,1,0
2022,10,10,475399371639222272,1689,Adam Thielen,WR,9.9,0,0
2022,10,10,475399371639222272,7600,Pat Freiermuth,TE,7.6,1,0
2022,10,10,475399371639222272,7608,Khalil Herbert,RB,5.7,0,0
2022,10,10,475399371639222272,1535,Cordarrelle Patterson,RB,3.0,1,0
2022,10,10,475399371639222272,LV,Las Vegas Raiders,DEF,1.25,1,0
2022,10,10,475399371639222272,3164,Ezekiel Elliott,RB,0,1,0
2022,10,10,475399371639222272,5248,Gus Edwards,RB,0,0,0
2022,10,10,475399371639222272,6770,Joe Burrow,QB,0,0,0
2022,10,10,475399371639222272,6801,Tee Higgins,WR,0,0,0
2022,10,10,475399371639222272,6951,Eno Benjamin,RB,0,0,0
2022,10,10,475399371639222272,NE,New England Patriots,DEF,0,0,0
2022,11,1,608781531883859968,1466,Travis Kelce,TE,36.0,1,0
2022,11,1,608781531883859968,7670,Joshua Palmer,WR,32.6,0,0
2022,11,1,608781531883859968,5870,Daniel Jones,QB,25.14,1,0
2022,11,1,608781531883859968,WAS,Washington Commanders,DEF,21.75,1,0
2022,11,1,608781531883859968,6813,Jonathan Taylor,RB,16.4,1,0
2022,11,1,608781531883859968,6803,Brandon Aiyuk,WR,16.0,1,0
2022,11,1,608781531883859968,4881,Lamar Jackson,QB,15.46,1,0
2022,11,1,608781531883859968,7611,Rhamondre Stevenson,RB,14.2,1,0
2022,11,1,608781531883859968,5095,Daniel Carlson,K,11.0,1,0
2022,11,1,608781531883859968,4866,Saquon Barkley,RB,5.5,1,0
2022,11,1,608781531883859968,2216,Mike Evans,WR,0,0,0
2022,11,1,608781531883859968,5848,Marquise Brown,WR,0,0,0
2022,11,1,608781531883859968,7523,Trevor Lawrence,QB,0,0,0
2022,11,1,608781531883859968,7564,Ja'Marr Chase,WR,0,0,0
2022,11,1,608781531883859968,7606,Kadarius Toney,WR,0,1,0
2022,11,1,608781531883859968,8136,Rachaad White,RB,0,0,0
2022,11,1,608781531883859968,8148,Jameson Williams,WR,0,0,0
2022,11,2,736077599457026048,8144,Chris Olave,WR,23.2,1,0
2022,11,2,736077599457026048,5872,Deebo Samuel,WR,22.4,1,0
2022,11,2,736077599457026048,4958,Brett Maher,K,22.0,1,0
2022,11,2,736077599457026048,96,Aaron Rodgers,QB,19.08,1,0
2022,11,2,736077599457026048,4034,Christian McCaffrey,RB,17.6,1,0
2022,11,2,736077599457026048,6945,Antonio Gibson,RB,13.3,0,0
2022,11,2,736077599457026048,7090,Darnell Mooney,WR,12.9,0,0
2022,11,2,736077599457026048,1234,Russell Wilson,QB,10.68,1,0
2022,11,2,736077599457026048,5859,A.J. Brown,WR,9.0,1,0
2022,11,2,736077599457026048,NO,New Orleans Saints,DEF,7.0,1,0
2022,11,2,736077599457026048,5937,Diontae Johnson,WR,6.2,0,0
2022,11,2,736077599457026048,8130,Trey McBride,TE,5.4,0,0
2022,11,2,736077599457026048,5985,Foster Moreau,TE,4.3,1,0
2022,11,2,736077599457026048,8129,Dameon Pierce,RB,3.7,1,0
2022,11,2,736077599457026048,167,Tom Brady,QB,0,0,0
2022,11,2,736077599457026048,5022,Dallas Goedert,TE,0,0,0
2022,11,2,736077599457026048,8151,Kenneth Walker,RB,0,0,0
2022,11,3,737091087440674816,2309,Amari Cooper,WR,31.8,1,0
2022,11,3,737091087440674816,7528,Najee Harris,RB,27.6,1,0
2022,11,3,737091087440674816,5892,David Montgomery,RB,21.1,1,0
2022,11,3,737091087440674816,2307,Marcus Mariota,QB,17.74,1,0
2022,11,3,737091087440674816,8160,Kenny Pickett,QB,16.5,0,0
2022,11,3,737091087440674816,4988,Nick Chubb,RB,9.7,1,0
2022,11,3,737091087440674816,5844,T.J. Hockenson,TE,8.4,1,0
2022,11,3,737091087440674816,4098,Kareem Hunt,RB,7.4,0,0
2022,11,3,737091087440674816,1264,Justin Tucker,K,7.0,1,0
2022,11,3,737091087440674816,6794,Justin Jefferson,WR,6.3,1,0
2022,11,3,737091087440674816,8154,Brian Robinson,RB,5.7,0,0
2022,11,3,737091087440674816,4068,Mike Williams,WR,2.5,0,0
2022,11,3,737091087440674816,CIN,Cincinnati Bengals,DEF,2.5,1,0
2022,11,3,737091087440674816,1166,Kirk Cousins,QB,2.2,1,0
2022,11,3,737091087440674816,4950,Christian Kirk,WR,0,0,0
2022,11,3,737091087440674816,7601,Rondale Moore,WR,-0.6,0,0
2022,11,4,736744257179770880,1837,Jimmy Garoppolo,QB,25.42,0,0
2022,11,4,736744257179770880,7591,Justin Fields,QB,21.62,1,0
2022,11,4,736744257179770880,6797,Justin Herbert,QB,20.7,1,0
2022,11,4,736744257179770880,5850,Josh Jacobs,RB,19.5,1,0
2022,11,4,736744257179770880,6130,Devin Singletary,RB,17.7,0,0
2022,11,4,736744257179770880,BAL,Baltimore Ravens,DEF,17.5,1,0
2022,11,4,736744257179770880,7525,DeVonta Smith,WR,13.8,0,0
2022,11,4,736744257179770880,5045,Courtland Sutton,WR,13.0,1,0
2022,11,4,736744257179770880,5012,Mark Andrews,TE,12.3,1,0
2022,11,4,736744257179770880,2197,Brandin Cooks,WR,10.0,0,0
2022,11,4,736744257179770880,4018,Joe Mixon,RB,9.2,1,0
2022,11,4,736744257179770880,5038,Michael Gallup,WR,7.1,0,0
2022,11,4,736744257179770880,6826,Cole Kmet,TE,6.5,1,0
2022,11,4,736744257179770880,3225,Tyler Boyd,WR,6.2,1,0
2022,11,4,736744257179770880,8131,Isaiah Likely,TE,1.1,0,0
2022,11,4,736744257179770880,650,Nick Folk,K,-2.0,1,0
2022,11,5,716698629934481408,3198,Derrick Henry,RB,25.36,1,0
2022,11,5,716698629934481408,4149,Jamaal Williams,RB,24.4,0,0
2022,11,5,716698629934481408,8137,George Pickens,WR,18.3,0,0
2022,11,5,716698629934481408,1426,DeAndre Hopkins,WR,18.1,1,0
2022,11,5,716698629934481408,7839,Evan McPherson,K,17.0,1,0
2022,11,5,716698629934481408,421,Matthew Stafford,QB,15.76,1,0
2022,11,5,716698629934481408,DAL,Dallas Cowboys,DEF,15.75,1,0
2022,11,5,716698629934481408,2449,Stefon Diggs,WR,14.8,1,0
2022,11,5,716698629934481408,5185,Allen Lazard,WR,10.7,1,0
2022,11,5,716698629934481408,3271,Tyler Higbee,TE,8.5,1,0
2022,11,5,716698629934481408,3242,Kenyan Drake,RB,7.3,1,0
2022,11,5,716698629934481408,3163,Jared Goff,QB,6.5,1,0
2022,11,5,716698629934481408,7561,Elijah Mitchell,RB,5.9,0,0
2022,11,5,716698629934481408,4983,DJ Moore,WR,5.4,0,0
2022,11,5,716698629934481408,6955,James Robinson,RB,1.0,0,0
2022,11,5,716698629934481408,7543,Travis Etienne,RB,0,0,0
2022,11,6,736740647758938112,6824,Donovan Peoples-Jones,WR,17.1,0,0
2022,11,6,736740647758938112,1992,Allen Robinson,WR,14.7,1,0
2022,11,6,736740647758938112,4227,Harrison Butker,K,14.0,1,0
2022,11,6,736740647758938112,4035,Alvin Kamara,RB,12.9,1,0
2022,11,6,736740647758938112,4137,James Conner,RB,12.4,1,0
2022,11,6,736740647758938112,7585,Davis Mills,QB,9.76,1,0
2022,11,6,736740647758938112,7553,Kyle Pitts,TE,7.3,1,0
2022,11,6,736740647758938112,6151,Miles Sanders,RB,5.8,1,0
2022,11,6,736740647758938112,6886,Chase Claypool,WR,3.1,1,0
2022,11,6,736740647758938112,2374,Tyler Lockett,WR,0,0,0
2022,11,6,736740647758938112,2505,Darren Waller,TE,0,0,0
2022,11,6,736740647758938112,4039,Cooper Kupp,WR,0,0,0
2022,11,6,736740647758938112,4040,JuJu Smith-Schuster,WR,0,0,0
2022,11,6,736740647758938112,5849,Kyler Murray,QB,0,1,0
2022,11,6,736740647758938112,6768,Tua Tagovailoa,QB,0,0,0
2022,11,6,736740647758938112,6783,Jerry Jeudy,WR,0,0,0
2022,11,6,736740647758938112,DEN,Denver Broncos,DEF,-1.25,1,0
2022,11,7,735974647736213504,2133,Davante Adams,WR,33.6,1,0
2022,11,7,735974647736213504,4217,George Kittle,TE,24.4,1,0
2022,11,7,735974647736213504,829,Andy Dalton,QB,23.2,1,0
2022,11,7,735974647736213504,8167,Christian Watson,WR,21.1,1,0
2022,11,7,735974647736213504,8126,Wan'Dale Robinson,WR,19.9,0,0
2022,11,7,735974647736213504,6819,Michael Pittman,WR,13.5,1,0
2022,11,7,735974647736213504,4984,Josh Allen,QB,12.58,1,0
2022,11,7,735974647736213504,6790,D'Andre Swift,RB,11.2,1,0
2022,11,7,735974647736213504,8205,Isiah Pacheco,RB,11.2,1,0
2022,11,7,735974647736213504,PHI,Philadelphia Eagles,DEF,10.0,1,0
2022,11,7,735974647736213504,4082,Curtis Samuel,WR,9.8,0,0
2022,11,7,735974647736213504,2020,Cairo Santos,K,5.0,1,0
2022,11,7,735974647736213504,1373,Geno Smith,QB,0,0,0
2022,11,7,735974647736213504,2749,Raheem Mostert,RB,0,0,0
2022,11,7,735974647736213504,4037,Chris Godwin,WR,0,0,0
2022,11,7,735974647736213504,5284,Jeff Wilson,RB,0,0,0
2022,11,8,736803054736822272,5967,Tony Pollard,RB,38.9,1,0
2022,11,8,736803054736822272,6904,Jalen Hurts,QB,23.2,1,0
2022,11,8,736803054736822272,2028,Derek Carr,QB,20.28,0,0
2022,11,8,736803054736822272,4199,Aaron Jones,RB,13.0,1,0
2022,11,8,736803054736822272,1479,Keenan Allen,WR,12.4,1,0
2022,11,8,736803054736822272,5927,Terry McLaurin,WR,9.6,1,0
2022,11,8,736803054736822272,5947,Jakobi Meyers,WR,9.2,1,0
2022,11,8,736803054736822272,49,Robbie Gould,K,8.0,1,0
2022,11,8,736803054736822272,8172,Greg Dulcich,TE,7.0,1,0
2022,11,8,736803054736822272,2711,Taylor Heinicke,QB,6.84,1,0
2022,11,8,736803054736822272,BUF,Buffalo Bills,DEF,5.25,1,0
2022,11,8,736803054736822272,5086,Marquez Valdes-Scantling,WR,2.8,0,0
2022,11,8,736803054736822272,5916,Darrell Henderson,RB,0.9,0,0
2022,11,8,736803054736822272,3969,Leonard Fournette,RB,0,0,0
2022,11,8,736803054736822272,4089,Gerald Everett,TE,0,0,0
2022,11,8,736803054736822272,5846,DK Metcalf,WR,0,0,0
2022,11,8,736803054736822272,8121,Romeo Doubs,WR,0,0,0
2022,11,9,710284244835979264,4046,Patrick Mahomes,QB,26.46,1,0
2022,11,9,710284244835979264,7547,Amon-Ra St. Brown,WR,15.0,1,0
2022,11,9,710284244835979264,SF,San Francisco 49ers,DEF,12.75,1,0
2022,11,9,710284244835979264,4666,Younghoe Koo,K,12.0,1,0
2022,11,9,710284244835979264,6943,Gabe Davis,WR,11.8,1,0
2022,11,9,710284244835979264,6786,CeeDee Lamb,WR,9.5,1,0
2022,11,9,710284244835979264,4029,Dalvin Cook,RB,7.2,1,0
2022,11,9,710284244835979264,8112,Drake London,WR,7.2,0,0
2022,11,9,710284244835979264,7538,Zach Wilson,QB,5.68,0,0
2022,11,9,710284244835979264,5001,Dalton Schultz,TE,5.2,1,0
2022,11,9,710284244835979264,4033,David Njoku,TE,3.7,0,0
2022,11,9,710284244835979264,8146,Garrett Wilson,WR,3.2,1,0
2022,11,9,710284244835979264,7607,Michael Carter,RB,2.7,1,0
2022,11,9,710284244835979264,4111,D'Onta Foreman,RB,2.4,0,0
2022,11,9,710284244835979264,6820,Clyde Edwards-Helaire,RB,0.9,0,0
2022,11,9,710284244835979264,4017,Deshaun Watson,QB,0,0,0
2022,11,10,475399371639222272,6770,Joe Burrow,QB,26.7,1,0
2022,11,10,475399371639222272,6801,Tee Higgins,WR,24.3,1,0
2022,11,10,475399371639222272,7042,Tyler Bass,K,23.0,1,0
2022,11,10,475399371639222272,3294,Dak Prescott,QB,21.64,1,0
2022,11,10,475399371639222272,NE,New England Patriots,DEF,19.5,1,0
2022,11,10,475399371639222272,4663,Austin Ekeler,RB,18.0,1,0
2022,11,10,475399371639222272,3164,Ezekiel Elliott,RB,17.7,1,0
2022,11,10,475399371639222272,7600,Pat Freiermuth,TE,15.9,1,0
2022,11,10,475399371639222272,1535,Cordarrelle Patterson,RB,11.9,1,0
2022,11,10,475399371639222272,5880,Parris Campbell,WR,11.7,0,0
2022,11,10,475399371639222272,5890,Damien Harris,RB,11.3,0,0
2022,11,10,475399371639222272,1689,Adam Thielen,WR,4.5,1,0
2022,11,10,475399371639222272,2078,Odell Beckham,WR,0,0,0
2022,11,10,475399371639222272,3321,Tyreek Hill,WR,0,0,0
2022,11,10,475399371639222272,5248,Gus Edwards,RB,0,0,0
2022,11,10,475399371639222272,6806,J.K. Dobbins,RB,0,0,0
2022,11,10,475399371639222272,7526,Jaylen Waddle,WR,0,0,0
2022,12,1,608781531883859968,7523,Trevor Lawrence,QB,24.44,0,0
2022,12,1,608781531883859968,4881,Lamar Jackson,QB,23.06,1,0
2022,12,1,608781531883859968,7611,Rhamondre Stevenson,RB,20.2,1,0
2022,12,1,608781531883859968,8136,Rachaad White,RB,19.9,1,0
2022,12,1,608781531883859968,6813,Jonathan Taylor,RB,18.8,0,0
2022,12,1,608781531883859968,8135,Treylon Burks,WR,17.0,0,0
2022,12,1,608781531883859968,1466,Travis Kelce,TE,15.7,1,0
2022,12,1,608781531883859968,4866,Saquon Barkley,RB,15.2,1,0
2022,12,1,608781531883859968,5870,Daniel Jones,QB,13.52,1,0
2022,12,1,608781531883859968,6803,Brandon Aiyuk,WR,11.5,0,0
2022,12,1,608781531883859968,5848,Marquise Brown,WR,10.6,0,0
2022,12,1,608781531883859968,7670,Joshua Palmer,WR,9.6,1,0
2022,12,1,608781531883859968,5095,Daniel Carlson,K,8.0,1,0
2022,12,1,608781531883859968,WAS,Washington Commanders,DEF,7.75,1,0
2022,12,1,608781531883859968,2216,Mike Evans,WR,5.1,1,0
2022,12,1,608781531883859968,7564,Ja'Marr Chase,WR,0,0,0
2022,12,1,608781531883859968,8148,Jameson Williams,WR,0,0,0
2022,12,2,736077599457026048,167,Tom Brady,QB,18.54,1,0
2022,12,2,736077599457026048,8151,Kenneth Walker,RB,16.9,1,0
2022,12,2,736077599457026048,KC,Kansas City Chiefs,DEF,13.75,1,0
2022,12,2,736077599457026048,5859,A.J. Brown,WR,12.6,1,0
2022,12,2,736077599457026048,8144,Chris Olave,WR,11.2,0,0
2022,12,2,736077599457026048,5937,Diontae Johnson,WR,9.9,0,0
2022,12,2,736077599457026048,96,Aaron Rodgers,QB,9.5,1,0
2022,12,2,736077599457026048,4034,Christian McCaffrey,RB,8.9,1,0
2022,12,2,736077599457026048,1234,Russell Wilson,QB,8.48,0,0
2022,12,2,736077599457026048,6945,Antonio Gibson,RB,8.4,0,0
2022,12,2,736077599457026048,5872,Deebo Samuel,WR,7.3,1,0
2022,12,2,736077599457026048,8129,Dameon Pierce,RB,4.6,1,0
2022,12,2,736077599457026048,4066,Evan Engram,TE,1.4,0,0
2022,12,2,736077599457026048,8130,Trey McBride,TE,1.1,1,0
2022,12,2,736077599457026048,4958,Brett Maher,K,1.0,1,0
2022,12,2,736077599457026048,5022,Dallas Goedert,TE,0,0,0
2022,12,2,736077599457026048,7090,Darnell Mooney,WR,0,0,0
2022,12,3,737091087440674816,6794,Justin Jefferson,WR,29.84,1,0
2022,12,3,737091087440674816,1166,Kirk Cousins,QB,22.36,1,0
2022,12,3,737091087440674816,8154,Brian Robinson,RB,21.0,0,0
2022,12,3,737091087440674816,4988,Nick Chubb,RB,20.7,1,0
2022,12,3,737091087440674816,2309,Amari Cooper,WR,16.4,1,0
2022,12,3,737091087440674816,5844,T.J. Hockenson,TE,15.3,1,0
2022,12,3,737091087440674816,5892,David Montgomery,RB,14.3,0,0
2022,12,3,737091087440674816,2307,Marcus Mariota,QB,13.86,1,0
2022,12,3,737091087440674816,1264,Justin Tucker,K,13.0,1,0
2022,12,3,737091087440674816,8160,Kenny Pickett,QB,12.16,0,0
2022,12,3,737091087440674816,7528,Najee Harris,RB,10.9,1,0
2022,12,3,737091087440674816,4950,Christian Kirk,WR,8.1,1,0
2022,12,3,737091087440674816,CIN,Cincinnati Bengals,DEF,3.75,1,0
2022,12,3,737091087440674816,4098,Kareem Hunt,RB,3.1,0,0
2022,12,3,737091087440674816,4068,Mike Williams,WR,0,0,0
2022,12,4,736744257179770880,5850,Josh Jacobs,RB,50.8,1,0
2022,12,4,736744257179770880,6797,Justin Herbert,QB,29.26,1,0
2022,12,4,736744257179770880,650,Nick Folk,K,15.0,1,0
2022,12,4,736744257179770880,1837,Jimmy Garoppolo,QB,13.78,1,0
2022,12,4,736744257179770880,5045,Courtland Sutton,WR,13.5,1,0
2022,12,4,736744257179770880,5038,Michael Gallup,WR,11.3,0,0
2022,12,4,736744257179770880,2197,Brandin Cooks,WR,11.1,0,0
2022,12,4,736744257179770880,5012,Mark Andrews,TE,10.0,1,0
2022,12,4,736744257179770880,6130,Devin Singletary,RB,9.0,1,0
2022,12,4,736744257179770880,7525,DeVonta Smith,WR,9.0,1,0
2022,12,4,736744257179770880,BAL,Baltimore Ravens,DEF,7.0,1,0
2022,12,4,736744257179770880,6826,Cole Kmet,TE,4.7,0,0
2022,12,4,736744257179770880,3225,Tyler Boyd,WR,3.6,1,0
2022,12,4,736744257179770880,4018,Joe Mixon,RB,0,0,0
2022,12,4,736744257179770880,7591,Justin Fields,QB,0,0,0
2022,12,4,736744257179770880,8131,Isaiah Likely,TE,0,0,0
2022,12,5,716698629934481408,2449,Stefon Diggs,WR,21.7,1,0
2022,12,5,716698629934481408,4983,DJ Moore,WR,20.8,0,0
2022,12,5,716698629934481408,1426,DeAndre Hopkins,WR,18.7,1,0
2022,12,5,716698629934481408,3163,Jared Goff,QB,17.6,1,0
2022,12,5,716698629934481408,3198,Derrick Henry,RB,13.7,1,0
2022,12,5,716698629934481408,5985,Foster Moreau,TE,12.3,0,0
2022,12,5,716698629934481408,8137,George Pickens,WR,10.7,0,0
2022,12,5,716698629934481408,4149,Jamaal Williams,RB,10.6,1,0
2022,12,5,716698629934481408,7839,Evan McPherson,K,9.0,1,0
2022,12,5,716698629934481408,DAL,Dallas Cowboys,DEF,6.75,1,0
2022,12,5,716698629934481408,7561,Elijah Mitchell,RB,6.3,0,0
2022,12,5,716698629934481408,5185,Allen Lazard,WR,4.4,1,0
2022,12,5,716698629934481408,7543,Travis Etienne,RB,0.3,1,0
2022,12,5,716698629934481408,3242,Kenyan Drake,RB,0.2,0,0
2022,12,5,716698629934481408,3271,Tyler Higbee,TE,0,1,0
2022,12,5,716698629934481408,421,Matthew Stafford,QB,0,0,0
2022,12,6,736740647758938112,6151,Miles Sanders,RB,31.5,0,0
2022,12,6,736740647758938112,5849,Kyler Murray,QB,25.24,1,0
2022,12,6,736740647758938112,4137,James Conner,RB,21.5,1,0
2022,12,6,736740647758938112,4147,Samaje Perine,RB,19.3,1,0
2022,12,6,736740647758938112,6768,Tua Tagovailoa,QB,15.96,1,0
2022,12,6,736740647758938112,2374,Tyler Lockett,WR,15.8,1,0
2022,12,6,736740647758938112,4227,Harrison Butker,K,14.0,1,0
2022,12,6,736740647758938112,4973,Hayden Hurst,TE,11.7,1,0
2022,12,6,736740647758938112,6886,Chase Claypool,WR,7.1,0,0
2022,12,6,736740647758938112,4035,Alvin Kamara,RB,7.0,1,0
2022,12,6,736740647758938112,4040,JuJu Smith-Schuster,WR,6.8,1,0
2022,12,6,736740647758938112,DEN,Denver Broncos,DEF,4.0,1,0
2022,12,6,736740647758938112,5906,Dawson Knox,TE,3.7,0,0
2022,12,6,736740647758938112,6824,Donovan Peoples-Jones,WR,3.6,0,0
2022,12,6,736740647758938112,1992,Allen Robinson,WR,0,0,0
2022,12,6,736740647758938112,2505,Darren Waller,TE,0,0,0
2022,12,6,736740647758938112,4039,Cooper Kupp,WR,0,0,0
2022,12,6,736740647758938112,6783,Jerry Jeudy,WR,0,0,0
2022,12,7,735974647736213504,4037,Chris Godwin,WR,29.5,1,0
2022,12,7,735974647736213504,4984,Josh Allen,QB,28.92,1,0
2022,12,7,735974647736213504,8167,Christian Watson,WR,23.0,0,0
2022,12,7,735974647736213504,MIA,Miami Dolphins,DEF,21.75,1,0
2022,12,7,735974647736213504,1373,Geno Smith,QB,19.82,1,0
2022,12,7,735974647736213504,6819,Michael Pittman,WR,19.1,1,0
2022,12,7,735974647736213504,8205,Isiah Pacheco,RB,15.6,1,0
2022,12,7,735974647736213504,2133,Davante Adams,WR,14.4,1,0
2022,12,7,735974647736213504,5119,Jason Sanders,K,13.0,1,0
2022,12,7,735974647736213504,5284,Jeff Wilson,RB,12.2,1,0
2022,12,7,735974647736213504,6790,D'Andre Swift,RB,10.3,0,0
2022,12,7,735974647736213504,829,Andy Dalton,QB,10.26,0,0
2022,12,7,735974647736213504,PHI,Philadelphia Eagles,DEF,5.75,0,0
2022,12,7,735974647736213504,4217,George Kittle,TE,5.6,1,0
2022,12,7,735974647736213504,4082,Curtis Samuel,WR,1.3,0,0
2022,12,7,735974647736213504,2749,Raheem Mostert,RB,0,0,0
2022,12,8,736803054736822272,6904,Jalen Hurts,QB,29.32,1,0
2022,12,8,736803054736822272,2028,Derek Carr,QB,21.3,0,0
2022,12,8,736803054736822272,5846,DK Metcalf,WR,20.0,1,0
2022,12,8,736803054736822272,4199,Aaron Jones,RB,18.9,1,0
2022,12,8,736803054736822272,1479,Keenan Allen,WR,15.9,1,0
2022,12,8,736803054736822272,2711,Taylor Heinicke,QB,11.42,1,0
2022,12,8,736803054736822272,5927,Terry McLaurin,WR,9.3,1,0
2022,12,8,736803054736822272,5947,Jakobi Meyers,WR,9.2,0,0
2022,12,8,736803054736822272,5967,Tony Pollard,RB,8.1,1,0
2022,12,8,736803054736822272,49,Robbie Gould,K,8.0,1,0
2022,12,8,736803054736822272,BUF,Buffalo Bills,DEF,8.0,1,0
2022,12,8,736803054736822272,4089,Gerald Everett,TE,7.8,0,0
2022,12,8,736803054736822272,2161,Jerick McKinnon,RB,5.6,0,0
2022,12,8,736803054736822272,8172,Greg Dulcich,TE,3.1,1,0
2022,12,8,736803054736822272,3969,Leonard Fournette,RB,0,0,0
2022,12,8,736803054736822272,5916,Darrell Henderson,RB,0,0,0
2022,12,8,736803054736822272,8121,Romeo Doubs,WR,0,0,0
2022,12,9,710284244835979264,7547,Amon-Ra St. Brown,WR,28.4,1,0
2022,12,9,710284244835979264,8146,Garrett Wilson,WR,27.9,0,0
2022,12,9,710284244835979264,5001,Dalton Schultz,TE,19.1,1,0
2022,12,9,710284244835979264,4046,Patrick Mahomes,QB,18.9,1,0
2022,12,9,710284244835979264,6786,CeeDee Lamb,WR,18.2,1,0
2022,12,9,710284244835979264,4033,David Njoku,TE,13.9,0,0
2022,12,9,710284244835979264,SF,San Francisco 49ers,DEF,13.75,1,0
2022,12,9,710284244835979264,1049,Ryan Tannehill,QB,12.54,1,0
2022,12,9,710284244835979264,4111,D'Onta Foreman,RB,11.8,0,0
2022,12,9,710284244835979264,1476,Latavius Murray,RB,10.8,1,0
2022,12,9,710284244835979264,4029,Dalvin Cook,RB,9.6,1,0
2022,12,9,710284244835979264,6943,Gabe Davis,WR,7.8,1,0
2022,12,9,710284244835979264,7607,Michael Carter,RB,5.6,0,0
2022,12,9,710284244835979264,8259,Cameron Dicker,K,5.0,1,0
2022,12,9,710284244835979264,8112,Drake London,WR,4.9,0,0
2022,12,9,710284244835979264,4017,Deshaun Watson,QB,0,0,0
2022,12,10,475399371639222272,4663,Austin Ekeler,RB,25.0,1,0
2022,12,10,475399371639222272,6801,Tee Higgins,WR,24.9,1,0
2022,12,10,475399371639222272,1689,Adam Thielen,WR,21.1,0,0
2022,12,10,475399371639222272,6770,Joe Burrow,QB,18.0,1,0
2022,12,10,475399371639222272,3164,Ezekiel Elliott,RB,16.5,1,0
2022,12,10,475399371639222272,3321,Tyreek Hill,WR,15.0,1,0
2022,12,10,475399371639222272,3294,Dak Prescott,QB,13.84,1,0
2022,12,10,475399371639222272,7526,Jaylen Waddle,WR,13.5,1,0
2022,12,10,475399371639222272,1535,Cordarrelle Patterson,RB,10.1,0,0
2022,12,10,475399371639222272,5248,Gus Edwards,RB,9.2,0,0
2022,12,10,475399371639222272,7042,Tyler Bass,K,9.0,1,0
2022,12,10,475399371639222272,7600,Pat Freiermuth,TE,6.9,1,0
2022,12,10,475399371639222272,5880,Parris Campbell,WR,3.4,0,0
2022,12,10,475399371639222272,NE,New England Patriots,DEF,1.75,1,0
2022,12,10,475399371639222272,5890,Damien Harris,RB,1.6,0,0
2022,12,10,475399371639222272,2078,Odell Beckham,WR,0,0,0
2022,12,10,475399371639222272,6806,J.K. Dobbins,RB,0,0,0
2022,13,1,608781531883859968,CLE,Cleveland Browns,DEF,34.0,1,0
2022,13,1,608781531883859968,2449,Stefon Diggs,WR,22.2,1,0
2022,13,1,608781531883859968,4866,Saquon Barkley,RB,19.1,1,0
2022,13,1,608781531883859968,8136,Rachaad White,RB,16.9,0,0
2022,13,1,608781531883859968,7523,Trevor Lawrence,QB,16.36,1,0
2022,13,1,608781531883859968,6813,Jonathan Taylor,RB,13.3,1,0
2022,13,1,608781531883859968,7670,Joshua Palmer,WR,13.0,1,0
2022,13,1,608781531883859968,7611,Rhamondre Stevenson,RB,12.8,1,0
2022,13,1,608781531883859968,2216,Mike Evans,WR,9.9,0,0
2022,13,1,608781531883859968,6803,Brandon Aiyuk,WR,9.6,0,0
2022,13,1,608781531883859968,8135,Treylon Burks,WR,9.5,0,0
2022,13,1,608781531883859968,5095,Daniel Carlson,K,9.0,1,0
2022,13,1,608781531883859968,1466,Travis Kelce,TE,7.6,1,0
2022,13,1,608781531883859968,4881,Lamar Jackson,QB,1.34,1,0
2022,13,1,608781531883859968,4039,Cooper Kupp,WR,0,0,0
2022,13,1,608781531883859968,5848,Marquise Brown,WR,0,0,0
2022,13,1,608781531883859968,8148,Jameson Williams,WR,0,0,0
2022,13,2,736077599457026048,5859,A.J. Brown,WR,32.9,1,0
2022,13,2,736077599457026048,4034,Christian McCaffrey,RB,28.6,1,0
2022,13,2,736077599457026048,5089,Mike White,QB,17.96,1,0
2022,13,2,736077599457026048,167,Tom Brady,QB,17.64,0,0
2022,13,2,736077599457026048,96,Aaron Rodgers,QB,13.68,1,0
2022,13,2,736077599457026048,8129,Dameon Pierce,RB,12.5,0,0
2022,13,2,736077599457026048,5872,Deebo Samuel,WR,12.3,1,0
2022,13,2,736077599457026048,5937,Diontae Johnson,WR,11.0,0,0
2022,13,2,736077599457026048,8144,Chris Olave,WR,10.5,1,0
2022,13,2,736077599457026048,2747,Jason Myers,K,10.0,1,0
2022,13,2,736077599457026048,6945,Antonio Gibson,RB,7.9,0,0
2022,13,2,736077599457026048,8408,Jordan Mason,RB,5.1,0,0
2022,13,2,736077599457026048,PIT,Pittsburgh Steelers,DEF,3.75,1,0
2022,13,2,736077599457026048,8151,Kenneth Walker,RB,3.6,1,0
2022,13,2,736077599457026048,5022,Dallas Goedert,TE,0,0,0
2022,13,2,736077599457026048,5906,Dawson Knox,TE,0,1,0
2022,13,2,736077599457026048,KC,Kansas City Chiefs,DEF,-0.75,0,0
2022,13,3,737091087440674816,6794,Justin Jefferson,WR,18.6,1,0
2022,13,3,737091087440674816,4950,Christian Kirk,WR,16.9,1,0
2022,13,3,737091087440674816,5892,David Montgomery,RB,16.7,0,0
2022,13,3,737091087440674816,8160,Kenny Pickett,QB,13.28,0,0
2022,13,3,737091087440674816,8154,Brian Robinson,RB,12.1,0,0
2022,13,3,737091087440674816,1166,Kirk Cousins,QB,11.82,1,0
2022,13,3,737091087440674816,2307,Marcus Mariota,QB,10.38,1,0
2022,13,3,737091087440674816,7528,Najee Harris,RB,10.2,1,0
2022,13,3,737091087440674816,4098,Kareem Hunt,RB,8.4,0,0
2022,13,3,737091087440674816,2309,Amari Cooper,WR,8.0,1,0
2022,13,3,737091087440674816,4988,Nick Chubb,RB,8.0,1,0
2022,13,3,737091087440674816,5844,T.J. Hockenson,TE,7.3,1,0
2022,13,3,737091087440674816,TB,Tampa Bay Buccaneers,DEF,7.0,1,0
2022,13,3,737091087440674816,1264,Justin Tucker,K,4.0,1,0
2022,13,3,737091087440674816,CIN,Cincinnati Bengals,DEF,4.0,0,0
2022,13,3,737091087440674816,4068,Mike Williams,WR,0,0,0
2022,13,4,736744257179770880,4147,Samaje Perine,RB,22.0,1,0
2022,13,4,736744257179770880,7525,DeVonta Smith,WR,21.7,1,0
2022,13,4,736744257179770880,5850,Josh Jacobs,RB,21.5,1,0
2022,13,4,736744257179770880,7591,Justin Fields,QB,20.76,1,0
2022,13,4,736744257179770880,5038,Michael Gallup,WR,18.3,0,0
2022,13,4,736744257179770880,6797,Justin Herbert,QB,16.6,1,0
2022,13,4,736744257179770880,6826,Cole Kmet,TE,13.2,0,0
2022,13,4,736744257179770880,6130,Devin Singletary,RB,11.1,1,0
2022,13,4,736744257179770880,3225,Tyler Boyd,WR,10.0,0,0
2022,13,4,736744257179770880,5012,Mark Andrews,TE,9.4,1,0
2022,13,4,736744257179770880,BAL,Baltimore Ravens,DEF,8.0,1,0
2022,13,4,736744257179770880,8131,Isaiah Likely,TE,7.0,0,0
2022,13,4,736744257179770880,1837,Jimmy Garoppolo,QB,2.24,0,0
2022,13,4,736744257179770880,650,Nick Folk,K,1.0,1,0
2022,13,4,736744257179770880,2197,Brandin Cooks,WR,0,0,0
2022,13,4,736744257179770880,4018,Joe Mixon,RB,0,0,0
2022,13,4,736744257179770880,5045,Courtland Sutton,WR,0,1,0
2022,13,5,716698629934481408,3163,Jared Goff,QB,22.1,1,0
2022,13,5,716698629934481408,DAL,Dallas Cowboys,DEF,20.25,1,0
2022,13,5,716698629934481408,5870,Daniel Jones,QB,17.6,1,0
2022,13,5,716698629934481408,7564,Ja'Marr Chase,WR,16.7,1,0
2022,13,5,716698629934481408,5185,Allen Lazard,WR,11.7,0,0
2022,13,5,716698629934481408,7839,Evan McPherson,K,10.0,1,0
2022,13,5,716698629934481408,4149,Jamaal Williams,RB,9.5,1,0
2022,13,5,716698629934481408,7543,Travis Etienne,RB,7.6,1,0
2022,13,5,716698629934481408,3198,Derrick Henry,RB,5.8,1,0
2022,13,5,716698629934481408,5985,Foster Moreau,TE,4.2,1,0
2022,13,5,716698629934481408,4080,Zay Jones,WR,3.6,0,0
2022,13,5,716698629934481408,3271,Tyler Higbee,TE,3.4,0,0
2022,13,5,716698629934481408,8137,George Pickens,WR,1.2,1,0
2022,13,5,716698629934481408,1426,DeAndre Hopkins,WR,0,0,0
2022,13,5,716698629934481408,4983,DJ Moore,WR,0,0,0
2022,13,5,716698629934481408,6996,JaMycal Hasty,RB,0,0,0
2022,13,6,736740647758938112,2374,Tyler Lockett,WR,28.3,1,0
2022,13,6,736740647758938112,6768,Tua Tagovailoa,QB,14.8,1,0
2022,13,6,736740647758938112,2161,Jerick McKinnon,RB,14.0,0,0
2022,13,6,736740647758938112,6824,Donovan Peoples-Jones,WR,13.4,0,0
2022,13,6,736740647758938112,1049,Ryan Tannehill,QB,13.04,1,0
2022,13,6,736740647758938112,6783,Jerry Jeudy,WR,10.5,0,0
2022,13,6,736740647758938112,4040,JuJu Smith-Schuster,WR,6.5,1,0
2022,13,6,736740647758938112,6886,Chase Claypool,WR,5.8,1,0
2022,13,6,736740647758938112,4035,Alvin Kamara,RB,5.7,1,0
2022,13,6,736740647758938112,4227,Harrison Butker,K,4.0,1,0
2022,13,6,736740647758938112,MIN,Minnesota Vikings,DEF,3.75,1,0
2022,13,6,736740647758938112,4973,Hayden Hurst,TE,3.2,1,0
2022,13,6,736740647758938112,8150,Kyren Williams,RB,0.9,1,0
2022,13,6,736740647758938112,2505,Darren Waller,TE,0,0,0
2022,13,6,736740647758938112,4111,D'Onta Foreman,RB,0,0,0
2022,13,6,736740647758938112,4137,James Conner,RB,0,0,0
2022,13,6,736740647758938112,5849,Kyler Murray,QB,0,0,0
2022,13,7,735974647736213504,2133,Davante Adams,WR,38.7,1,0
2022,13,7,735974647736213504,8167,Christian Watson,WR,24.9,1,0
2022,13,7,735974647736213504,1373,Geno Smith,QB,23.48,1,0
2022,13,7,735974647736213504,6790,D'Andre Swift,RB,21.1,1,0
2022,13,7,735974647736213504,4984,Josh Allen,QB,16.92,1,0
2022,13,7,735974647736213504,8122,Zonovan Knight,RB,16.8,0,0
2022,13,7,735974647736213504,8205,Isiah Pacheco,RB,16.2,1,0
2022,13,7,735974647736213504,4037,Chris Godwin,WR,14.3,1,0
2022,13,7,735974647736213504,829,Andy Dalton,QB,13.26,0,0
2022,13,7,735974647736213504,PHI,Philadelphia Eagles,DEF,13.0,1,0
2022,13,7,735974647736213504,8258,Cade York,K,11.0,1,0
2022,13,7,735974647736213504,WAS,Washington Commanders,DEF,8.0,0,0
2022,13,7,735974647736213504,4217,George Kittle,TE,4.2,1,0
2022,13,7,735974647736213504,6819,Michael Pittman,WR,3.6,0,0
2022,13,7,735974647736213504,2749,Raheem Mostert,RB,3.0,0,0
2022,13,7,735974647736213504,5284,Jeff Wilson,RB,0.3,0,0
2022,13,8,736803054736822272,6904,Jalen Hurts,QB,33.9,1,0
2022,13,8,736803054736822272,5846,DK Metcalf,WR,27.2,1,0
2022,13,8,736803054736822272,5927,Terry McLaurin,WR,25.0,1,0
2022,13,8,736803054736822272,5967,Tony Pollard,RB,24.6,1,0
2022,13,8,736803054736822272,1479,Keenan Allen,WR,20.8,1,0
2022,13,8,736803054736822272,49,Robbie Gould,K,18.0,1,0
2022,13,8,736803054736822272,2711,Taylor Heinicke,QB,17.1,0,0
2022,13,8,736803054736822272,2028,Derek Carr,QB,16.0,1,0
2022,13,8,736803054736822272,8172,Greg Dulcich,TE,14.5,0,0
2022,13,8,736803054736822272,3969,Leonard Fournette,RB,14.1,0,0
2022,13,8,736803054736822272,4089,Gerald Everett,TE,13.0,1,0
2022,13,8,736803054736822272,4199,Aaron Jones,RB,10.0,1,0
2022,13,8,736803054736822272,BUF,Buffalo Bills,DEF,8.25,1,0
2022,13,8,736803054736822272,5947,Jakobi Meyers,WR,5.2,0,0
2022,13,8,736803054736822272,5916,Darrell Henderson,RB,0,0,0
2022,13,8,736803054736822272,8121,Romeo Doubs,WR,0,0,0
2022,13,9,710284244835979264,7547,Amon-Ra St. Brown,WR,35.1,1,0
2022,13,9,710284244835979264,8146,Garrett Wilson,WR,24.7,1,0
2022,13,9,710284244835979264,6786,CeeDee Lamb,WR,20.4,1,0
2022,13,9,710284244835979264,4046,Patrick Mahomes,QB,19.82,1,0
2022,13,9,710284244835979264,SF,San Francisco 49ers,DEF,19.75,0,0
2022,13,9,710284244835979264,4029,Dalvin Cook,RB,16.3,1,0
2022,13,9,710284244835979264,8112,Drake London,WR,15.5,0,0
2022,13,9,710284244835979264,6151,Miles Sanders,RB,11.8,1,0
2022,13,9,710284244835979264,1476,Latavius Murray,RB,10.1,0,0
2022,13,9,710284244835979264,6943,Gabe Davis,WR,9.5,0,0
2022,13,9,710284244835979264,GB,Green Bay Packers,DEF,6.5,1,0
2022,13,9,710284244835979264,8259,Cameron Dicker,K,6.0,1,0
2022,13,9,710284244835979264,4017,Deshaun Watson,QB,5.34,1,0
2022,13,9,710284244835979264,5001,Dalton Schultz,TE,5.3,1,0
2022,13,9,710284244835979264,4033,David Njoku,TE,0,0,0
2022,13,9,710284244835979264,7607,Michael Carter,RB,0,0,0
2022,13,10,475399371639222272,3321,Tyreek Hill,WR,30.6,1,0
2022,13,10,475399371639222272,6770,Joe Burrow,QB,30.54,1,0
2022,13,10,475399371639222272,3164,Ezekiel Elliott,RB,18.1,1,0
2022,13,10,475399371639222272,3294,Dak Prescott,QB,16.8,1,0
2022,13,10,475399371639222272,4663,Austin Ekeler,RB,13.2,1,0
2022,13,10,475399371639222272,6801,Tee Higgins,WR,12.5,1,0
2022,13,10,475399371639222272,7600,Pat Freiermuth,TE,10.6,1,0
2022,13,10,475399371639222272,SEA,Seattle Seahawks,DEF,9.5,1,0
2022,13,10,475399371639222272,5880,Parris Campbell,WR,8.5,0,0
2022,13,10,475399371639222272,7042,Tyler Bass,K,7.0,1,0
2022,13,10,475399371639222272,1535,Cordarrelle Patterson,RB,6.0,0,0
2022,13,10,475399371639222272,1689,Adam Thielen,WR,4.7,0,0
2022,13,10,475399371639222272,NE,New England Patriots,DEF,3.0,0,0
2022,13,10,475399371639222272,7526,Jaylen Waddle,WR,1.9,1,0
2022,13,10,475399371639222272,5248,Gus Edwards,RB,1.2,0,0
2022,13,10,475399371639222272,2078,Odell Beckham,WR,0,0,0
2022,13,10,475399371639222272,6806,J.K. Dobbins,RB,0,0,0
2022,14,1,608781531883859968,7523,Trevor Lawrence,QB,33.92,1,0
2022,14,1,608781531883859968,6803,Brandon Aiyuk,WR,13.7,0,0
2022,14,1,608781531883859968,5095,Daniel Carlson,K,12.0,1,0
2022,14,1,608781531883859968,8148,Jameson Williams,WR,11.6,0,0
2022,14,1,608781531883859968,1466,Travis Kelce,TE,11.1,1,0
2022,14,1,608781531883859968,8136,Rachaad White,RB,10.7,0,0
2022,14,1,608781531883859968,7670,Joshua Palmer,WR,9.3,0,0
2022,14,1,608781531883859968,2216,Mike Evans,WR,8.4,1,0
2022,14,1,608781531883859968,5848,Marquise Brown,WR,7.4,1,0
2022,14,1,608781531883859968,4866,Saquon Barkley,RB,6.8,1,0
2022,14,1,608781531883859968,2449,Stefon Diggs,WR,6.7,1,0
2022,14,1,608781531883859968,7083,Tyler Huntley,QB,5.62,1,0
2022,14,1,608781531883859968,ARI,Arizona Cardinals,DEF,4.75,1,0
2022,14,1,608781531883859968,7611,Rhamondre Stevenson,RB,3.0,1,0
2022,14,1,608781531883859968,4039,Cooper Kupp,WR,0,0,0
2022,14,1,608781531883859968,4881,Lamar Jackson,QB,0,0,0
2022,14,1,608781531883859968,6813,Jonathan Taylor,RB,0,0,0
2022,14,2,736077599457026048,4066,Evan Engram,TE,39.7,1,0
2022,14,2,736077599457026048,4034,Christian McCaffrey,RB,29.8,1,0
2022,14,2,736077599457026048,5859,A.J. Brown,WR,17.0,1,0
2022,14,2,736077599457026048,KC,Kansas City Chiefs,DEF,17.0,1,0
2022,14,2,736077599457026048,5872,Deebo Samuel,WR,14.4,1,0
2022,14,2,736077599457026048,5937,Diontae Johnson,WR,14.2,0,0
2022,14,2,736077599457026048,8129,Dameon Pierce,RB,11.8,1,0
2022,14,2,736077599457026048,167,Tom Brady,QB,10.62,1,0
2022,14,2,736077599457026048,5089,Mike White,QB,10.22,1,0
2022,14,2,736077599457026048,2747,Jason Myers,K,6.0,1,0
2022,14,2,736077599457026048,6012,Travis Homer,RB,5.4,1,0
2022,14,2,736077599457026048,PIT,Pittsburgh Steelers,DEF,4.5,0,0
2022,14,2,736077599457026048,5022,Dallas Goedert,TE,0,0,0
2022,14,2,736077599457026048,6945,Antonio Gibson,RB,0,0,0
2022,14,2,736077599457026048,8144,Chris Olave,WR,0,0,0
2022,14,2,736077599457026048,8151,Kenneth Walker,RB,0,0,0
2022,14,2,736077599457026048,96,Aaron Rodgers,QB,0,0,0
2022,14,3,737091087440674816,6794,Justin Jefferson,WR,34.3,1,0
2022,14,3,737091087440674816,1166,Kirk Cousins,QB,26.5,1,0
2022,14,3,737091087440674816,4068,Mike Williams,WR,24.1,0,0
2022,14,3,737091087440674816,7528,Najee Harris,RB,13.0,1,0
2022,14,3,737091087440674816,5844,T.J. Hockenson,TE,11.7,1,0
2022,14,3,737091087440674816,CIN,Cincinnati Bengals,DEF,11.5,0,0
2022,14,3,737091087440674816,1264,Justin Tucker,K,11.0,1,0
2022,14,3,737091087440674816,4950,Christian Kirk,WR,9.5,1,0
2022,14,3,737091087440674816,4988,Nick Chubb,RB,8.4,1,0
2022,14,3,737091087440674816,2309,Amari Cooper,WR,6.2,1,0
2022,14,3,737091087440674816,4098,Kareem Hunt,RB,3.2,0,0
2022,14,3,737091087440674816,8160,Kenny Pickett,QB,1.6,1,0
2022,14,3,737091087440674816,2307,Marcus Mariota,QB,0,0,0
2022,14,3,737091087440674816,5892,David Montgomery,RB,0,0,0
2022,14,3,737091087440674816,8154,Brian Robinson,RB,0,0,0
2022,14,3,737091087440674816,TB,Tampa Bay Buccaneers,DEF,-3.0,1,0
2022,14,4,736744257179770880,5850,Josh Jacobs,RB,19.4,1,0
2022,14,4,736744257179770880,6797,Justin Herbert,QB,18.98,1,0
2022,14,4,736744257179770880,7525,DeVonta Smith,WR,17.9,1,0
2022,14,4,736744257179770880,4018,Joe Mixon,RB,12.6,1,0
2022,14,4,736744257179770880,650,Nick Folk,K,11.0,1,0
2022,14,4,736744257179770880,BAL,Baltimore Ravens,DEF,11.0,1,0
2022,14,4,736744257179770880,4147,Samaje Perine,RB,9.4,0,0
2022,14,4,736744257179770880,7527,Mac Jones,QB,6.3,1,0
2022,14,4,736744257179770880,5038,Michael Gallup,WR,6.0,1,0
2022,14,4,736744257179770880,6130,Devin Singletary,RB,5.3,1,0
2022,14,4,736744257179770880,5012,Mark Andrews,TE,3.7,1,0
2022,14,4,736744257179770880,1837,Jimmy Garoppolo,QB,0,0,0
2022,14,4,736744257179770880,3225,Tyler Boyd,WR,0,0,0
2022,14,4,736744257179770880,5045,Courtland Sutton,WR,0,0,0
2022,14,4,736744257179770880,6826,Cole Kmet,TE,0,0,0
2022,14,4,736744257179770880,7591,Justin Fields,QB,0,0,0
2022,14,4,736744257179770880,8131,Isaiah Likely,TE,0,0,0
2022,14,5,716698629934481408,7564,Ja'Marr Chase,WR,29.0,1,0
2022,14,5,716698629934481408,3163,Jared Goff,QB,26.6,1,0
2022,14,5,716698629934481408,4080,Zay Jones,WR,21.7,0,0
2022,14,5,716698629934481408,3198,Derrick Henry,RB,21.0,1,0
2022,14,5,716698629934481408,5870,Daniel Jones,QB,19.36,1,0
2022,14,5,716698629934481408,1426,DeAndre Hopkins,WR,12.9,1,0
2022,14,5,716698629934481408,8137,George Pickens,WR,10.8,0,0
2022,14,5,716698629934481408,DAL,Dallas Cowboys,DEF,7.5,1,0
2022,14,5,716698629934481408,7839,Evan McPherson,K,4.0,1,0
2022,14,5,716698629934481408,4149,Jamaal Williams,RB,3.7,0,0
2022,14,5,716698629934481408,7543,Travis Etienne,RB,3.2,1,0
2022,14,5,716698629934481408,3271,Tyler Higbee,TE,3.1,0,0
2022,14,5,716698629934481408,6996,JaMycal Hasty,RB,1.3,0,0
2022,14,5,716698629934481408,4983,DJ Moore,WR,0.6,1,0
2022,14,5,716698629934481408,5185,Allen Lazard,WR,0,0,0
2022,14,5,716698629934481408,5985,Foster Moreau,TE,0,1,0
2022,14,6,736740647758938112,2161,Jerick McKinnon,RB,34.4,0,0
2022,14,6,736740647758938112,6783,Jerry Jeudy,WR,33.3,1,0
2022,14,6,736740647758938112,4137,James Conner,RB,23.4,1,0
2022,14,6,736740647758938112,4040,JuJu Smith-Schuster,WR,22.4,1,0
2022,14,6,736740647758938112,6824,Donovan Peoples-Jones,WR,19.9,0,0
2022,14,6,736740647758938112,1049,Ryan Tannehill,QB,18.26,0,0
2022,14,6,736740647758938112,2374,Tyler Lockett,WR,17.0,1,0
2022,14,6,736740647758938112,5906,Dawson Knox,TE,14.1,1,0
2022,14,6,736740647758938112,6768,Tua Tagovailoa,QB,13.6,1,0
2022,14,6,736740647758938112,4227,Harrison Butker,K,11.0,1,0
2022,14,6,736740647758938112,4111,D'Onta Foreman,RB,8.5,1,0
2022,14,6,736740647758938112,LV,Las Vegas Raiders,DEF,8.5,1,0
2022,14,6,736740647758938112,5849,Kyler Murray,QB,0.66,1,0
2022,14,6,736740647758938112,2505,Darren Waller,TE,0,0,0
2022,14,6,736740647758938112,4035,Alvin Kamara,RB,0,0,0
2022,14,6,736740647758938112,6886,Chase Claypool,WR,0,0,0
2022,14,6,736740647758938112,MIN,Minnesota Vikings,DEF,-3.5,0,0
2022,14,7,735974647736213504,4984,Josh Allen,QB,20.58,1,0
2022,14,7,735974647736213504,1373,Geno Smith,QB,20.56,1,0
2022,14,7,735974647736213504,8122,Zonovan Knight,RB,15.7,0,0
2022,14,7,735974647736213504,8205,Isiah Pacheco,RB,12.3,1,0
2022,14,7,735974647736213504,4958,Brett Maher,K,11.0,1,0
2022,14,7,735974647736213504,4037,Chris Godwin,WR,10.4,1,0
2022,14,7,735974647736213504,2133,Davante Adams,WR,10.1,1,0
2022,14,7,735974647736213504,PHI,Philadelphia Eagles,DEF,9.25,1,0
2022,14,7,735974647736213504,6790,D'Andre Swift,RB,6.9,1,0
2022,14,7,735974647736213504,4217,George Kittle,TE,6.8,1,0
2022,14,7,735974647736213504,2749,Raheem Mostert,RB,5.4,0,0
2022,14,7,735974647736213504,5284,Jeff Wilson,RB,1.6,1,0
2022,14,7,735974647736213504,6819,Michael Pittman,WR,0,0,0
2022,14,7,735974647736213504,8167,Christian Watson,WR,0,0,0
2022,14,7,735974647736213504,829,Andy Dalton,QB,0,0,0
2022,14,7,735974647736213504,TEN,Tennessee Titans,DEF,-5.5,0,0
2022,14,8,736803054736822272,6904,Jalen Hurts,QB,30.38,1,0
2022,14,8,736803054736822272,5967,Tony Pollard,RB,22.2,1,0
2022,14,8,736803054736822272,4951,DJ Chark,WR,21.9,0,0
2022,14,8,736803054736822272,1479,Keenan Allen,WR,21.2,1,0
2022,14,8,736803054736822272,5846,DK Metcalf,WR,18.1,1,0
2022,14,8,736803054736822272,BUF,Buffalo Bills,DEF,12.5,1,0
2022,14,8,736803054736822272,3969,Leonard Fournette,RB,10.6,1,0
2022,14,8,736803054736822272,4089,Gerald Everett,TE,7.8,1,0
2022,14,8,736803054736822272,6149,Darius Slayton,WR,6.2,1,0
2022,14,8,736803054736822272,49,Robbie Gould,K,5.0,1,0
2022,14,8,736803054736822272,2028,Derek Carr,QB,2.58,1,0
2022,14,8,736803054736822272,8138,James Cook,RB,2.5,0,0
2022,14,8,736803054736822272,2711,Taylor Heinicke,QB,0,0,0
2022,14,8,736803054736822272,4199,Aaron Jones,RB,0,0,0
2022,14,8,736803054736822272,5927,Terry McLaurin,WR,0,0,0
2022,14,8,736803054736822272,5947,Jakobi Meyers,WR,0,0,0
2022,14,8,736803054736822272,8121,Romeo Doubs,WR,0,0,0
2022,14,9,710284244835979264,6151,Miles Sanders,RB,29.5,1,0
2022,14,9,710284244835979264,4046,Patrick Mahomes,QB,21.28,1,0
2022,14,9,710284244835979264,4033,David Njoku,TE,18.7,0,0
2022,14,9,710284244835979264,4017,Deshaun Watson,QB,16.84,1,0
2022,14,9,710284244835979264,5001,Dalton Schultz,TE,14.7,1,0
2022,14,9,710284244835979264,SF,San Francisco 49ers,DEF,14.0,1,0
2022,14,9,710284244835979264,8146,Garrett Wilson,WR,13.8,1,0
2022,14,9,710284244835979264,7547,Amon-Ra St. Brown,WR,13.4,1,0
2022,14,9,710284244835979264,8259,Cameron Dicker,K,11.0,1,0
2022,14,9,710284244835979264,4029,Dalvin Cook,RB,8.6,1,0
2022,14,9,710284244835979264,6786,CeeDee Lamb,WR,8.3,1,0
2022,14,9,710284244835979264,1476,Latavius Murray,RB,6.1,0,0
2022,14,9,710284244835979264,6943,Gabe Davis,WR,6.1,0,0
2022,14,9,710284244835979264,7607,Michael Carter,RB,3.0,0,0
2022,14,9,710284244835979264,8112,Drake London,WR,0,0,0
2022,14,9,710284244835979264,NO,New Orleans Saints,DEF,0,0,0
2022,14,10,475399371639222272,1234,Russell Wilson,QB,26.58,0,0
2022,14,10,475399371639222272,3321,Tyreek Hill,WR,25.6,1,0
2022,14,10,475399371639222272,4663,Austin Ekeler,RB,24.4,1,0
2022,14,10,475399371639222272,NE,New England Patriots,DEF,22.0,0,0
2022,14,10,475399371639222272,1689,Adam Thielen,WR,19.5,0,0
2022,14,10,475399371639222272,6806,J.K. Dobbins,RB,18.5,0,0
2022,14,10,475399371639222272,3164,Ezekiel Elliott,RB,17.1,1,0
2022,14,10,475399371639222272,6770,Joe Burrow,QB,16.56,1,0
2022,14,10,475399371639222272,3294,Dak Prescott,QB,12.66,1,0
2022,14,10,475399371639222272,7600,Pat Freiermuth,TE,12.3,1,0
2022,14,10,475399371639222272,7042,Tyler Bass,K,9.0,1,0
2022,14,10,475399371639222272,7526,Jaylen Waddle,WR,5.1,1,0
2022,14,10,475399371639222272,SEA,Seattle Seahawks,DEF,2.5,1,0
2022,14,10,475399371639222272,1535,Cordarrelle Patterson,RB,0,0,0
2022,14,10,475399371639222272,6801,Tee Higgins,WR,0,1,0
2022,14,10,475399371639222272,6828,AJ Dillon,RB,0,0,0
2022,15,1,608781531883859968,7523,Trevor Lawrence,QB,28.32,1,1
2022,15,1,608781531883859968,7611,Rhamondre Stevenson,RB,25.3,1,1
2022,15,1,608781531883859968,4866,Saquon Barkley,RB,23.0,1,1
2022,15,1,608781531883859968,1466,Travis Kelce,TE,21.0,1,1
2022,15,1,608781531883859968,8183,Brock Purdy,QB,17.48,1,1
2022,15,1,608781531883859968,DEN,Denver Broncos,DEF,14.25,1,1
2022,15,1,608781531883859968,2216,Mike Evans,WR,13.3,0,1
2022,15,1,608781531883859968,2449,Stefon Diggs,WR,10.7,1,1
2022,15,1,608781531883859968,7670,Joshua Palmer,WR,9.9,0,1
2022,15,1,608781531883859968,5095,Daniel Carlson,K,7.0,1,1
2022,15,1,608781531883859968,5848,Marquise Brown,WR,5.9,0,1
2022,15,1,608781531883859968,8136,Rachaad White,RB,5.3,0,1
2022,15,1,608781531883859968,6803,Brandon Aiyuk,WR,3.9,1,1
2022,15,1,608781531883859968,6813,Jonathan Taylor,RB,2.3,1,1
2022,15,1,608781531883859968,4881,Lamar Jackson,QB,0,0,1
2022,15,1,608781531883859968,8148,Jameson Williams,WR,0,0,1
2022,15,2,736077599457026048,5859,A.J. Brown,WR,27.6,1,1
2022,15,2,736077599457026048,4034,Christian McCaffrey,RB,26.3,1,1
2022,15,2,736077599457026048,5937,Diontae Johnson,WR,20.0,0,1
2022,15,2,736077599457026048,167,Tom Brady,QB,17.08,1,1
2022,15,2,736077599457026048,4066,Evan Engram,TE,14.2,1,1
2022,15,2,736077599457026048,8151,Kenneth Walker,RB,11.9,1,1
2022,15,2,736077599457026048,96,Aaron Rodgers,QB,10.86,1,1
2022,15,2,736077599457026048,7594,Chuba Hubbard,RB,9.7,0,1
2022,15,2,736077599457026048,2747,Jason Myers,K,9.0,1,1
2022,15,2,736077599457026048,8144,Chris Olave,WR,8.3,1,1
2022,15,2,736077599457026048,3269,Chris Moore,WR,8.2,1,1
2022,15,2,736077599457026048,KC,Kansas City Chiefs,DEF,5.75,1,1
2022,15,2,736077599457026048,6945,Antonio Gibson,RB,3.7,0,1
2022,15,2,736077599457026048,5022,Dallas Goedert,TE,0,0,1
2022,15,2,736077599457026048,5089,Mike White,QB,0,0,1
2022,15,2,736077599457026048,5872,Deebo Samuel,WR,0,0,1
2022,15,2,736077599457026048,8129,Dameon Pierce,RB,0,0,1
2022,15,3,737091087440674816,1166,Kirk Cousins,QB,34.9,1,1
2022,15,3,737091087440674816,6794,Justin Jefferson,WR,30.8,1,1
2022,15,3,737091087440674816,5892,David Montgomery,RB,24.1,0,1
2022,15,3,737091087440674816,4950,Christian Kirk,WR,15.2,0,1
2022,15,3,737091087440674816,7528,Najee Harris,RB,14.6,1,1
2022,15,3,737091087440674816,4943,Sam Darnold,QB,13.2,1,1
2022,15,3,737091087440674816,4068,Mike Williams,WR,10.7,1,1
2022,15,3,737091087440674816,8154,Brian Robinson,RB,10.7,0,1
2022,15,3,737091087440674816,4988,Nick Chubb,RB,9.9,1,1
2022,15,3,737091087440674816,2309,Amari Cooper,WR,9.8,1,1
2022,15,3,737091087440674816,CIN,Cincinnati Bengals,DEF,8.75,1,1
2022,15,3,737091087440674816,5844,T.J. Hockenson,TE,8.3,1,1
2022,15,3,737091087440674816,TB,Tampa Bay Buccaneers,DEF,7.0,0,1
2022,15,3,737091087440674816,4098,Kareem Hunt,RB,3.7,0,1
2022,15,3,737091087440674816,1264,Justin Tucker,K,0,1,1
2022,15,3,737091087440674816,8160,Kenny Pickett,QB,0,0,1
2022,15,4,736744257179770880,7591,Justin Fields,QB,21.58,0,1
2022,15,4,736744257179770880,7525,DeVonta Smith,WR,18.1,0,1
2022,15,4,736744257179770880,3225,Tyler Boyd,WR,14.5,0,1
2022,15,4,736744257179770880,650,Nick Folk,K,13.0,0,1
2022,15,4,736744257179770880,6938,Cam Akers,RB,13.0,0,1
2022,15,4,736744257179770880,5850,Josh Jacobs,RB,12.0,0,1
2022,15,4,736744257179770880,4018,Joe Mixon,RB,10.4,0,1
2022,15,4,736744257179770880,6130,Devin Singletary,RB,10.0,0,1
2022,15,4,736744257179770880,6797,Justin Herbert,QB,9.22,0,1
2022,15,4,736744257179770880,BAL,Baltimore Ravens,DEF,8.75,0,1
2022,15,4,736744257179770880,7527,Mac Jones,QB,7.48,0,1
2022,15,4,736744257179770880,6826,Cole Kmet,TE,6.5,0,1
2022,15,4,736744257179770880,5012,Mark Andrews,TE,6.1,1,1
2022,15,4,736744257179770880,4147,Samaje Perine,RB,3.4,0,1
2022,15,4,736744257179770880,5038,Michael Gallup,WR,1.2,0,1
2022,15,4,736744257179770880,1837,Jimmy Garoppolo,QB,0,0,1
2022,15,4,736744257179770880,5045,Courtland Sutton,WR,0,0,1
2022,15,4,736744257179770880,8135,Treylon Burks,WR,0,0,1
2022,15,5,716698629934481408,4080,Zay Jones,WR,36.9,1,1
2022,15,5,716698629934481408,3198,Derrick Henry,RB,25.8,1,1
2022,15,5,716698629934481408,7564,Ja'Marr Chase,WR,19.0,1,1
2022,15,5,716698629934481408,4983,DJ Moore,WR,18.3,0,1
2022,15,5,716698629934481408,3163,Jared Goff,QB,15.08,1,1
2022,15,5,716698629934481408,7543,Travis Etienne,RB,13.2,1,1
2022,15,5,716698629934481408,1426,DeAndre Hopkins,WR,13.0,1,1
2022,15,5,716698629934481408,3271,Tyler Higbee,TE,12.7,0,1
2022,15,5,716698629934481408,5870,Daniel Jones,QB,9.9,1,1
2022,15,5,716698629934481408,7839,Evan McPherson,K,9.0,1,1
2022,15,5,716698629934481408,8137,George Pickens,WR,7.3,0,1
2022,15,5,716698629934481408,4149,Jamaal Williams,RB,3.3,0,1
2022,15,5,716698629934481408,6996,JaMycal Hasty,RB,2.5,0,1
2022,15,5,716698629934481408,DAL,Dallas Cowboys,DEF,2.25,1,1
2022,15,5,716698629934481408,8172,Greg Dulcich,TE,2.1,1,1
2022,15,5,716698629934481408,5185,Allen Lazard,WR,1.7,0,1
2022,15,6,736740647758938112,2161,Jerick McKinnon,RB,34.2,1,1
2022,15,6,736740647758938112,5906,Dawson Knox,TE,21.8,1,1
2022,15,6,736740647758938112,4137,James Conner,RB,18.1,1,1
2022,15,6,736740647758938112,6768,Tua Tagovailoa,QB,18.06,1,1
2022,15,6,736740647758938112,4040,JuJu Smith-Schuster,WR,16.8,1,1
2022,15,6,736740647758938112,6783,Jerry Jeudy,WR,14.6,0,1
2022,15,6,736740647758938112,2374,Tyler Lockett,WR,13.8,1,1
2022,15,6,736740647758938112,2505,Darren Waller,TE,13.8,0,1
2022,15,6,736740647758938112,GB,Green Bay Packers,DEF,13.25,1,1
2022,15,6,736740647758938112,6824,Donovan Peoples-Jones,WR,13.1,0,1
2022,15,6,736740647758938112,LV,Las Vegas Raiders,DEF,12.5,0,1
2022,15,6,736740647758938112,4035,Alvin Kamara,RB,12.4,1,1
2022,15,6,736740647758938112,1049,Ryan Tannehill,QB,10.7,1,1
2022,15,6,736740647758938112,533,Colt McCoy,QB,1.32,0,1
2022,15,6,736740647758938112,4227,Harrison Butker,K,1.0,1,1
2022,15,6,736740647758938112,6886,Chase Claypool,WR,0,0,1
2022,15,6,736740647758938112,4111,D'Onta Foreman,RB,-0.1,0,1
2022,15,7,735974647736213504,4984,Josh Allen,QB,35.36,1,1
2022,15,7,735974647736213504,4217,George Kittle,TE,26.8,1,1
2022,15,7,735974647736213504,4037,Chris Godwin,WR,22.3,1,1
2022,15,7,735974647736213504,6819,Michael Pittman,WR,19.0,1,1
2022,15,7,735974647736213504,2749,Raheem Mostert,RB,17.1,0,1
2022,15,7,735974647736213504,1373,Geno Smith,QB,14.82,1,1
2022,15,7,735974647736213504,829,Andy Dalton,QB,14.14,0,1
2022,15,7,735974647736213504,PHI,Philadelphia Eagles,DEF,13.0,1,1
2022,15,7,735974647736213504,6790,D'Andre Swift,RB,12.5,0,1
2022,15,7,735974647736213504,4958,Brett Maher,K,12.0,1,1
2022,15,7,735974647736213504,8205,Isiah Pacheco,RB,8.7,1,1
2022,15,7,735974647736213504,8167,Christian Watson,WR,8.6,0,1
2022,15,7,735974647736213504,TEN,Tennessee Titans,DEF,7.75,0,1
2022,15,7,735974647736213504,2133,Davante Adams,WR,6.8,1,1
2022,15,7,735974647736213504,8122,Zonovan Knight,RB,2.3,1,1
2022,15,7,735974647736213504,5284,Jeff Wilson,RB,0,0,1
2022,15,8,736803054736822272,6904,Jalen Hurts,QB,34.7,1,1
2022,15,8,736803054736822272,4199,Aaron Jones,RB,20.6,1,1
2022,15,8,736803054736822272,2028,Derek Carr,QB,18.24,0,1
2022,15,8,736803054736822272,1479,Keenan Allen,WR,16.6,1,1
2022,15,8,736803054736822272,5967,Tony Pollard,RB,14.6,1,1
2022,15,8,736803054736822272,2711,Taylor Heinicke,QB,13.26,1,1
2022,15,8,736803054736822272,5927,Terry McLaurin,WR,13.0,1,1
2022,15,8,736803054736822272,5846,DK Metcalf,WR,12.5,1,1
2022,15,8,736803054736822272,3969,Leonard Fournette,RB,11.4,0,1
2022,15,8,736803054736822272,8121,Romeo Doubs,WR,10.5,0,1
2022,15,8,736803054736822272,4089,Gerald Everett,TE,8.2,1,1
2022,15,8,736803054736822272,6149,Darius Slayton,WR,6.3,0,1
2022,15,8,736803054736822272,5947,Jakobi Meyers,WR,4.7,0,1
2022,15,8,736803054736822272,4951,DJ Chark,WR,2.8,0,1
2022,15,8,736803054736822272,49,Robbie Gould,K,0,1,1
2022,15,8,736803054736822272,BUF,Buffalo Bills,DEF,-1.5,1,1
2022,15,9,710284244835979264,4046,Patrick Mahomes,QB,32.24,1,1
2022,15,9,710284244835979264,4029,Dalvin Cook,RB,28.5,1,1
2022,15,9,710284244835979264,1476,Latavius Murray,RB,21.7,0,1
2022,15,9,710284244835979264,6786,CeeDee Lamb,WR,20.2,1,1
2022,15,9,710284244835979264,7547,Amon-Ra St. Brown,WR,15.2,1,1
2022,15,9,710284244835979264,8146,Garrett Wilson,WR,13.8,1,1
2022,15,9,710284244835979264,4017,Deshaun Watson,QB,12.64,1,1
2022,15,9,710284244835979264,SF,San Francisco 49ers,DEF,12.25,0,1
2022,15,9,710284244835979264,8112,Drake London,WR,12.0,0,1
2022,15,9,710284244835979264,6943,Gabe Davis,WR,9.6,0,1
2022,15,9,710284244835979264,NO,New Orleans Saints,DEF,8.0,1,1
2022,15,9,710284244835979264,8259,Cameron Dicker,K,6.0,1,1
2022,15,9,710284244835979264,4033,David Njoku,TE,5.8,0,1
2022,15,9,710284244835979264,7607,Michael Carter,RB,4.1,0,1
2022,15,9,710284244835979264,5001,Dalton Schultz,TE,3.5,1,1
2022,15,9,710284244835979264,6151,Miles Sanders,RB,1.9,1,1
2022,15,10,475399371639222272,6770,Joe Burrow,QB,24.3,1,1
2022,15,10,475399371639222272,7526,Jaylen Waddle,WR,22.4,1,1
2022,15,10,475399371639222272,6828,AJ Dillon,RB,22.1,0,1
2022,15,10,475399371639222272,3321,Tyreek Hill,WR,21.9,1,1
2022,15,10,475399371639222272,3294,Dak Prescott,QB,20.24,1,1
2022,15,10,475399371639222272,6801,Tee Higgins,WR,16.3,1,1
2022,15,10,475399371639222272,3164,Ezekiel Elliott,RB,15.1,1,1
2022,15,10,475399371639222272,4663,Austin Ekeler,RB,15.0,1,1
2022,15,10,475399371639222272,6806,J.K. Dobbins,RB,14.3,0,1
2022,15,10,475399371639222272,NE,New England Patriots,DEF,13.25,1,1
2022,15,10,475399371639222272,1689,Adam Thielen,WR,13.1,0,1
2022,15,10,475399371639222272,1535,Cordarrelle Patterson,RB,12.2,0,1
2022,15,10,475399371639222272,LAC,Los Angeles Chargers,DEF,10.0,0,1
2022,15,10,475399371639222272,7042,Tyler Bass,K,6.0,1,1
2022,15,10,475399371639222272,1234,Russell Wilson,QB,0,0,1
2022,15,10,475399371639222272,7600,Pat Freiermuth,TE,0,1,1
2022,16,1,608781531883859968,4866,Saquon Barkley,RB,27.3,1,1
2022,16,1,608781531883859968,8119,Jahan Dotson,WR,19.6,0,1
2022,16,1,608781531883859968,7523,Trevor Lawrence,QB,18.26,1,1
2022,16,1,608781531883859968,1466,Travis Kelce,TE,17.8,1,1
2022,16,1,608781531883859968,8183,Brock Purdy,QB,15.96,1,1
2022,16,1,608781531883859968,8136,Rachaad White,RB,15.3,1,1
2022,16,1,608781531883859968,503,Graham Gano,K,14.0,1,1
2022,16,1,608781531883859968,6803,Brandon Aiyuk,WR,13.1,0,1
2022,16,1,608781531883859968,4381,Taysom Hill,TE,11.6,0,1
2022,16,1,608781531883859968,5848,Marquise Brown,WR,8.8,0,1
2022,16,1,608781531883859968,2216,Mike Evans,WR,5.9,1,1
2022,16,1,608781531883859968,2449,Stefon Diggs,WR,4.6,1,1
2022,16,1,608781531883859968,7670,Joshua Palmer,WR,3.6,0,1
2022,16,1,608781531883859968,7611,Rhamondre Stevenson,RB,2.3,1,1
2022,16,1,608781531883859968,4881,Lamar Jackson,QB,0,0,1
2022,16,1,608781531883859968,8148,Jameson Williams,WR,0,0,1
2022,16,1,608781531883859968,DEN,Denver Broncos,DEF,-5.0,1,1
2022,16,2,736077599457026048,4066,Evan Engram,TE,18.8,1,1
2022,16,2,736077599457026048,5859,A.J. Brown,WR,16.8,1,1
2022,16,2,736077599457026048,4034,Christian McCaffrey,RB,13.8,1,1
2022,16,2,736077599457026048,7594,Chuba Hubbard,RB,13.0,0,1
2022,16,2,736077599457026048,8151,Kenneth Walker,RB,13.0,1,1
2022,16,2,736077599457026048,96,Aaron Rodgers,QB,12.32,1,1
2022,16,2,736077599457026048,167,Tom Brady,QB,11.84,1,1
2022,16,2,736077599457026048,KC,Kansas City Chiefs,DEF,11.5,1,1
2022,16,2,736077599457026048,5937,Diontae Johnson,WR,11.4,0,1
2022,16,2,736077599457026048,5022,Dallas Goedert,TE,9.7,0,1
2022,16,2,736077599457026048,6945,Antonio Gibson,RB,5.1,0,1
2022,16,2,736077599457026048,3269,Chris Moore,WR,4.5,1,1
2022,16,2,736077599457026048,2747,Jason Myers,K,4.0,1,1
2022,16,2,736077599457026048,5089,Mike White,QB,0,0,1
2022,16,2,736077599457026048,5872,Deebo Samuel,WR,0,0,1
2022,16,2,736077599457026048,8129,Dameon Pierce,RB,0,0,1
2022,16,2,736077599457026048,8144,Chris Olave,WR,0,1,1
2022,16,3,737091087440674816,5844,T.J. Hockenson,TE,36.4,1,1
2022,16,3,737091087440674816,6794,Justin Jefferson,WR,31.8,1,1
2022,16,3,737091087440674816,1166,Kirk Cousins,QB,24.66,1,1
2022,16,3,737091087440674816,4943,Sam Darnold,QB,21.9,1,1
2022,16,3,737091087440674816,7528,Najee Harris,RB,15.5,1,1
2022,16,3,737091087440674816,2309,Amari Cooper,WR,13.2,0,1
2022,16,3,737091087440674816,8160,Kenny Pickett,QB,13.16,0,1
2022,16,3,737091087440674816,CIN,Cincinnati Bengals,DEF,13.0,0,1
2022,16,3,737091087440674816,4068,Mike Williams,WR,11.6,1,1
2022,16,3,737091087440674816,4988,Nick Chubb,RB,11.2,1,1
2022,16,3,737091087440674816,5892,David Montgomery,RB,10.4,0,1
2022,16,3,737091087440674816,TB,Tampa Bay Buccaneers,DEF,9.75,1,1
2022,16,3,737091087440674816,1264,Justin Tucker,K,7.0,1,1
2022,16,3,737091087440674816,8154,Brian Robinson,RB,5.8,0,1
2022,16,3,737091087440674816,4950,Christian Kirk,WR,5.6,1,1
2022,16,3,737091087440674816,4098,Kareem Hunt,RB,5.2,0,1
2022,16,4,736744257179770880,6938,Cam Akers,RB,35.2,0,1
2022,16,4,736744257179770880,7525,DeVonta Smith,WR,31.8,1,1
2022,16,4,736744257179770880,6130,Devin Singletary,RB,21.0,1,1
2022,16,4,736744257179770880,4018,Joe Mixon,RB,17.8,1,1
2022,16,4,736744257179770880,8138,James Cook,RB,17.8,0,1
2022,16,4,736744257179770880,7527,Mac Jones,QB,17.5,0,1
2022,16,4,736744257179770880,5038,Michael Gallup,WR,13.6,1,1
2022,16,4,736744257179770880,BAL,Baltimore Ravens,DEF,11.0,1,1
2022,16,4,736744257179770880,7591,Justin Fields,QB,9.86,1,1
2022,16,4,736744257179770880,6826,Cole Kmet,TE,7.7,0,1
2022,16,4,736744257179770880,5012,Mark Andrews,TE,7.5,1,1
2022,16,4,736744257179770880,5850,Josh Jacobs,RB,6.0,1,1
2022,16,4,736744257179770880,6797,Justin Herbert,QB,5.5,1,1
2022,16,4,736744257179770880,4147,Samaje Perine,RB,5.2,0,1
2022,16,4,736744257179770880,3225,Tyler Boyd,WR,5.1,0,1
2022,16,4,736744257179770880,1837,Jimmy Garoppolo,QB,0,0,1
2022,16,4,736744257179770880,650,Nick Folk,K,-2.0,1,1
2022,16,5,716698629934481408,3271,Tyler Higbee,TE,30.4,1,1
2022,16,5,716698629934481408,3163,Jared Goff,QB,26.2,1,1
2022,16,5,716698629934481408,5870,Daniel Jones,QB,20.26,1,1
2022,16,5,716698629934481408,4983,DJ Moore,WR,20.1,1,1
2022,16,5,716698629934481408,3198,Derrick Henry,RB,19.6,1,1
2022,16,5,716698629934481408,8137,George Pickens,WR,16.7,0,1
2022,16,5,716698629934481408,7543,Travis Etienne,RB,14.2,1,1
2022,16,5,716698629934481408,7564,Ja'Marr Chase,WR,13.9,1,1
2022,16,5,716698629934481408,5185,Allen Lazard,WR,11.1,0,1
2022,16,5,716698629934481408,6845,Zack Moss,RB,8.0,0,1
2022,16,5,716698629934481408,DAL,Dallas Cowboys,DEF,4.5,1,1
2022,16,5,716698629934481408,4149,Jamaal Williams,RB,3.4,0,1
2022,16,5,716698629934481408,4080,Zay Jones,WR,2.1,0,1
2022,16,5,716698629934481408,1426,DeAndre Hopkins,WR,1.4,1,1
2022,16,5,716698629934481408,7839,Evan McPherson,K,0,1,1
2022,16,6,736740647758938112,4137,James Conner,RB,25.0,1,1
2022,16,6,736740647758938112,4035,Alvin Kamara,RB,19.0,1,1
2022,16,6,736740647758938112,6783,Jerry Jeudy,WR,18.2,1,1
2022,16,6,736740647758938112,2161,Jerick McKinnon,RB,12.8,1,1
2022,16,6,736740647758938112,5906,Dawson Knox,TE,12.8,1,1
2022,16,6,736740647758938112,2505,Darren Waller,TE,9.8,1,1
2022,16,6,736740647758938112,6768,Tua Tagovailoa,QB,9.4,1,1
2022,16,6,736740647758938112,4227,Harrison Butker,K,7.0,1,1
2022,16,6,736740647758938112,4040,JuJu Smith-Schuster,WR,5.7,1,1
2022,16,6,736740647758938112,LV,Las Vegas Raiders,DEF,5.0,1,1
2022,16,6,736740647758938112,7066,K.J. Osborn,WR,4.7,0,1
2022,16,6,736740647758938112,6824,Donovan Peoples-Jones,WR,1.2,0,1
2022,16,6,736740647758938112,2374,Tyler Lockett,WR,0,0,1
2022,16,6,736740647758938112,515,Rob Gronkowski,TE,0,0,1
2022,16,6,736740647758938112,6886,Chase Claypool,WR,0,0,1
2022,16,6,736740647758938112,DET,Detroit Lions,DEF,-9.5,0,1
2022,16,7,735974647736213504,4217,George Kittle,TE,30.5,1,1
2022,16,7,735974647736213504,4984,Josh Allen,QB,21.98,1,1
2022,16,7,735974647736213504,6011,Gardner Minshew,QB,21.7,1,1
2022,16,7,735974647736213504,4958,Brett Maher,K,18.0,1,1
2022,16,7,735974647736213504,4037,Chris Godwin,WR,14.3,1,1
2022,16,7,735974647736213504,1373,Geno Smith,QB,12.7,0,1
2022,16,7,735974647736213504,5284,Jeff Wilson,RB,11.0,0,1
2022,16,7,735974647736213504,8167,Christian Watson,WR,10.9,1,1
2022,16,7,735974647736213504,8205,Isiah Pacheco,RB,10.0,1,1
2022,16,7,735974647736213504,TEN,Tennessee Titans,DEF,9.75,1,1
2022,16,7,735974647736213504,6819,Michael Pittman,WR,7.9,0,1
2022,16,7,735974647736213504,PHI,Philadelphia Eagles,DEF,6.5,0,1
2022,16,7,735974647736213504,2749,Raheem Mostert,RB,4.9,0,1
2022,16,7,735974647736213504,2133,Davante Adams,WR,3.5,1,1
2022,16,7,735974647736213504,6790,D'Andre Swift,RB,3.5,1,1
2022,16,7,735974647736213504,8122,Zonovan Knight,RB,2.3,0,1
2022,16,8,736803054736822272,3969,Leonard Fournette,RB,25.2,0,1
2022,16,8,736803054736822272,1479,Keenan Allen,WR,21.9,1,1
2022,16,8,736803054736822272,5947,Jakobi Meyers,WR,20.8,0,1
2022,16,8,736803054736822272,5927,Terry McLaurin,WR,17.7,1,1
2022,16,8,736803054736822272,4951,DJ Chark,WR,15.3,0,1
2022,16,8,736803054736822272,5846,DK Metcalf,WR,15.1,1,1
2022,16,8,736803054736822272,BUF,Buffalo Bills,DEF,15.0,1,1
2022,16,8,736803054736822272,5967,Tony Pollard,RB,14.0,1,1
2022,16,8,736803054736822272,6149,Darius Slayton,WR,11.9,0,1
2022,16,8,736803054736822272,2711,Taylor Heinicke,QB,10.24,1,1
2022,16,8,736803054736822272,8121,Romeo Doubs,WR,6.6,0,1
2022,16,8,736803054736822272,2028,Derek Carr,QB,6.36,1,1
2022,16,8,736803054736822272,4199,Aaron Jones,RB,5.4,1,1
2022,16,8,736803054736822272,5230,Michael Badgley,K,5.0,1,1
2022,16,8,736803054736822272,4089,Gerald Everett,TE,0,1,1
2022,16,8,736803054736822272,6904,Jalen Hurts,QB,0,0,1
2022,16,9,710284244835979264,6786,CeeDee Lamb,WR,34.5,1,1
2022,16,9,710284244835979264,4046,Patrick Mahomes,QB,23.76,1,1
2022,16,9,710284244835979264,7547,Amon-Ra St. Brown,WR,14.6,1,1
2022,16,9,710284244835979264,8112,Drake London,WR,14.6,0,1
2022,16,9,710284244835979264,NO,New Orleans Saints,DEF,12.0,0,1
2022,16,9,710284244835979264,4017,Deshaun Watson,QB,11.8,1,1
2022,16,9,710284244835979264,6943,Gabe Davis,WR,11.5,0,1
2022,16,9,710284244835979264,4029,Dalvin Cook,RB,10.7,1,1
2022,16,9,710284244835979264,7607,Michael Carter,RB,10.0,0,1
2022,16,9,710284244835979264,SF,San Francisco 49ers,DEF,10.0,1,1
2022,16,9,710284244835979264,8259,Cameron Dicker,K,8.0,1,1
2022,16,9,710284244835979264,5001,Dalton Schultz,TE,7.3,1,1
2022,16,9,710284244835979264,1476,Latavius Murray,RB,7.0,0,1
2022,16,9,710284244835979264,6151,Miles Sanders,RB,6.1,1,1
2022,16,9,710284244835979264,8146,Garrett Wilson,WR,5.0,1,1
2022,16,9,710284244835979264,4033,David Njoku,TE,3.4,0,1
2022,16,10,475399371639222272,3294,Dak Prescott,QB,27.48,1,1
2022,16,10,475399371639222272,6801,Tee Higgins,WR,27.3,1,1
2022,16,10,475399371639222272,7526,Jaylen Waddle,WR,27.3,1,1
2022,16,10,475399371639222272,6770,Joe Burrow,QB,24.0,1,1
2022,16,10,475399371639222272,4663,Austin Ekeler,RB,23.9,1,1
2022,16,10,475399371639222272,LAC,Los Angeles Chargers,DEF,22.25,1,1
2022,16,10,475399371639222272,3321,Tyreek Hill,WR,14.8,1,1
2022,16,10,475399371639222272,7600,Pat Freiermuth,TE,13.6,1,1
2022,16,10,475399371639222272,3164,Ezekiel Elliott,RB,13.1,1,1
2022,16,10,475399371639222272,6828,AJ Dillon,RB,12.8,0,1
2022,16,10,475399371639222272,NE,New England Patriots,DEF,11.5,0,1
2022,16,10,475399371639222272,1234,Russell Wilson,QB,8.26,0,1
2022,16,10,475399371639222272,6806,J.K. Dobbins,RB,5.9,0,1
2022,16,10,475399371639222272,1535,Cordarrelle Patterson,RB,4.1,0,1
2022,16,10,475399371639222272,1689,Adam Thielen,WR,1.6,0,1
2022,16,10,475399371639222272,7042,Tyler Bass,K,-1.0,1,1
2022,17,1,608781531883859968,2216,Mike Evans,WR,52.7,1,1
2022,17,1,608781531883859968,6803,Brandon Aiyuk,WR,27.2,0,1
2022,17,1,608781531883859968,JAX,Jacksonville Jaguars,DEF,21.5,0,1
2022,17,1,608781531883859968,8183,Brock Purdy,QB,17.06,1,1
2022,17,1,608781531883859968,NYG,New York Giants,DEF,15.0,1,1
2022,17,1,608781531883859968,5848,Marquise Brown,WR,12.1,0,1
2022,17,1,608781531883859968,1466,Travis Kelce,TE,11.3,1,1
2022,17,1,608781531883859968,8136,Rachaad White,RB,9.8,0,1
2022,17,1,608781531883859968,503,Graham Gano,K,8.0,1,1
2022,17,1,608781531883859968,4866,Saquon Barkley,RB,7.3,1,1
2022,17,1,608781531883859968,7611,Rhamondre Stevenson,RB,7.1,1,1
2022,17,1,608781531883859968,8119,Jahan Dotson,WR,6.7,1,1
2022,17,1,608781531883859968,2449,Stefon Diggs,WR,4.6,1,1
2022,17,1,608781531883859968,8148,Jameson Williams,WR,4.0,0,1
2022,17,1,608781531883859968,7523,Trevor Lawrence,QB,3.48,1,1
2022,17,1,608781531883859968,4881,Lamar Jackson,QB,0,0,1
2022,17,2,736077599457026048,167,Tom Brady,QB,41.18,1,1
2022,17,2,736077599457026048,4034,Christian McCaffrey,RB,31.8,1,1
2022,17,2,736077599457026048,5859,A.J. Brown,WR,21.2,1,1
2022,17,2,736077599457026048,96,Aaron Rodgers,QB,16.56,1,1
2022,17,2,736077599457026048,8151,Kenneth Walker,RB,15.7,1,1
2022,17,2,736077599457026048,KC,Kansas City Chiefs,DEF,9.0,1,1
2022,17,2,736077599457026048,7594,Chuba Hubbard,RB,8.5,0,1
2022,17,2,736077599457026048,8144,Chris Olave,WR,8.2,1,1
2022,17,2,736077599457026048,2747,Jason Myers,K,8.0,1,1
2022,17,2,736077599457026048,5022,Dallas Goedert,TE,7.5,0,1
2022,17,2,736077599457026048,5937,Diontae Johnson,WR,5.5,0,1
2022,17,2,736077599457026048,3269,Chris Moore,WR,5.1,1,1
2022,17,2,736077599457026048,4066,Evan Engram,TE,3.9,1,1
2022,17,2,736077599457026048,5089,Mike White,QB,3.6,0,1
2022,17,2,736077599457026048,5872,Deebo Samuel,WR,0,0,1
2022,17,2,736077599457026048,6945,Antonio Gibson,RB,0,0,1
2022,17,2,736077599457026048,8129,Dameon Pierce,RB,0,0,1
2022,17,3,737091087440674816,2309,Amari Cooper,WR,26.5,0,1
2022,17,3,737091087440674816,7528,Najee Harris,RB,20.8,1,1
2022,17,3,737091087440674816,4943,Sam Darnold,QB,20.64,1,1
2022,17,3,737091087440674816,4068,Mike Williams,WR,16.4,1,1
2022,17,3,737091087440674816,4988,Nick Chubb,RB,13.1,1,1
2022,17,3,737091087440674816,5844,T.J. Hockenson,TE,12.9,1,1
2022,17,3,737091087440674816,8160,Kenny Pickett,QB,10.92,0,1
2022,17,3,737091087440674816,1264,Justin Tucker,K,9.0,1,1
2022,17,3,737091087440674816,CIN,Cincinnati Bengals,DEF,9.0,0,1
2022,17,3,737091087440674816,8154,Brian Robinson,RB,8.7,0,1
2022,17,3,737091087440674816,TB,Tampa Bay Buccaneers,DEF,8.5,1,1
2022,17,3,737091087440674816,1166,Kirk Cousins,QB,6.9,1,1
2022,17,3,737091087440674816,5892,David Montgomery,RB,5.6,0,1
2022,17,3,737091087440674816,4950,Christian Kirk,WR,4.1,1,1
2022,17,3,737091087440674816,6794,Justin Jefferson,WR,2.5,1,1
2022,17,3,737091087440674816,4098,Kareem Hunt,RB,0.9,0,1
2022,17,4,736744257179770880,7525,DeVonta Smith,WR,21.0,1,1
2022,17,4,736744257179770880,5012,Mark Andrews,TE,19.5,1,1
2022,17,4,736744257179770880,5850,Josh Jacobs,RB,19.5,1,1
2022,17,4,736744257179770880,7591,Justin Fields,QB,16.7,1,1
2022,17,4,736744257179770880,6797,Justin Herbert,QB,16.68,1,1
2022,17,4,736744257179770880,7527,Mac Jones,QB,16.26,0,1
2022,17,4,736744257179770880,6938,Cam Akers,RB,14.8,1,1
2022,17,4,736744257179770880,3225,Tyler Boyd,WR,8.4,0,1
2022,17,4,736744257179770880,2197,Brandin Cooks,WR,7.9,0,1
2022,17,4,736744257179770880,5038,Michael Gallup,WR,6.9,1,1
2022,17,4,736744257179770880,7045,Joshua Kelley,RB,5.6,0,1
2022,17,4,736744257179770880,650,Nick Folk,K,5.0,1,1
2022,17,4,736744257179770880,8138,James Cook,RB,1.8,0,1
2022,17,4,736744257179770880,BAL,Baltimore Ravens,DEF,1.5,1,1
2022,17,4,736744257179770880,4018,Joe Mixon,RB,1.2,1,1
2022,17,4,736744257179770880,6130,Devin Singletary,RB,0.3,0,1
2022,17,4,736744257179770880,1837,Jimmy Garoppolo,QB,0,0,1
2022,17,5,716698629934481408,5870,Daniel Jones,QB,36.18,1,1
2022,17,5,716698629934481408,7543,Travis Etienne,RB,25.0,1,1
2022,17,5,716698629934481408,4983,DJ Moore,WR,24.2,1,1
2022,17,5,716698629934481408,4149,Jamaal Williams,RB,23.2,0,1
2022,17,5,716698629934481408,3163,Jared Goff,QB,22.4,1,1
2022,17,5,716698629934481408,DAL,Dallas Cowboys,DEF,11.5,1,1
2022,17,5,716698629934481408,5185,Allen Lazard,WR,10.9,0,1
2022,17,5,716698629934481408,6845,Zack Moss,RB,7.4,0,1
2022,17,5,716698629934481408,4080,Zay Jones,WR,5.4,0,1
2022,17,5,716698629934481408,8137,George Pickens,WR,4.9,0,1
2022,17,5,716698629934481408,3271,Tyler Higbee,TE,4.1,1,1
2022,17,5,716698629934481408,7839,Evan McPherson,K,1.0,1,1
2022,17,5,716698629934481408,1426,DeAndre Hopkins,WR,0,1,1
2022,17,5,716698629934481408,3198,Derrick Henry,RB,0,1,1
2022,17,5,716698629934481408,7564,Ja'Marr Chase,WR,0,1,1
2022,17,6,736740647758938112,2161,Jerick McKinnon,RB,22.6,1,1
2022,17,6,736740647758938112,7066,K.J. Osborn,WR,18.9,0,1
2022,17,6,736740647758938112,DET,Detroit Lions,DEF,18.25,0,1
2022,17,6,736740647758938112,2505,Darren Waller,TE,16.2,1,1
2022,17,6,736740647758938112,4137,James Conner,RB,14.0,1,1
2022,17,6,736740647758938112,6783,Jerry Jeudy,WR,10.8,1,1
2022,17,6,736740647758938112,4035,Alvin Kamara,RB,9.0,1,1
2022,17,6,736740647758938112,6824,Donovan Peoples-Jones,WR,8.3,0,1
2022,17,6,736740647758938112,4040,JuJu Smith-Schuster,WR,4.1,1,1
2022,17,6,736740647758938112,2374,Tyler Lockett,WR,3.5,0,1
2022,17,6,736740647758938112,4227,Harrison Butker,K,1.0,1,1
2022,17,6,736740647758938112,515,Rob Gronkowski,TE,0,0,1
2022,17,6,736740647758938112,5906,Dawson Knox,TE,0,1,1
2022,17,6,736740647758938112,6768,Tua Tagovailoa,QB,0,1,1
2022,17,6,736740647758938112,6886,Chase Claypool,WR,0,0,1
2022,17,6,736740647758938112,LV,Las Vegas Raiders,DEF,-5.0,1,1
2022,17,7,735974647736213504,2133,Davante Adams,WR,36.3,1,1
2022,17,7,735974647736213504,6790,D'Andre Swift,RB,27.7,1,1
2022,17,7,735974647736213504,2749,Raheem Mostert,RB,23.1,0,1
2022,17,7,735974647736213504,4037,Chris Godwin,WR,21.5,1,1
2022,17,7,735974647736213504,1373,Geno Smith,QB,16.12,0,1
2022,17,7,735974647736213504,6819,Michael Pittman,WR,16.1,0,1
2022,17,7,735974647736213504,8205,Isiah Pacheco,RB,12.9,1,1
2022,17,7,735974647736213504,4217,George Kittle,TE,12.3,1,1
2022,17,7,735974647736213504,6011,Gardner Minshew,QB,11.96,1,1
2022,17,7,735974647736213504,5284,Jeff Wilson,RB,10.6,0,1
2022,17,7,735974647736213504,PHI,Philadelphia Eagles,DEF,9.25,1,1
2022,17,7,735974647736213504,7922,Riley Patterson,K,9.0,1,1
2022,17,7,735974647736213504,8122,Zonovan Knight,RB,6.4,0,1
2022,17,7,735974647736213504,4984,Josh Allen,QB,2.72,1,1
2022,17,7,735974647736213504,8167,Christian Watson,WR,2.1,1,1
2022,17,7,735974647736213504,536,Antonio Brown,WR,0,0,1
2022,17,8,736803054736822272,5947,Jakobi Meyers,WR,16.9,0,1
2022,17,8,736803054736822272,4199,Aaron Jones,RB,13.8,1,1
2022,17,8,736803054736822272,5230,Michael Badgley,K,12.0,1,1
2022,17,8,736803054736822272,1479,Keenan Allen,WR,11.8,1,1
2022,17,8,736803054736822272,4089,Gerald Everett,TE,10.5,1,1
2022,17,8,736803054736822272,3969,Leonard Fournette,RB,8.7,0,1
2022,17,8,736803054736822272,BUF,Buffalo Bills,DEF,8.0,1,1
2022,17,8,736803054736822272,4951,DJ Chark,WR,7.6,0,1
2022,17,8,736803054736822272,5927,Terry McLaurin,WR,5.7,1,1
2022,17,8,736803054736822272,8121,Romeo Doubs,WR,5.0,0,1
2022,17,8,736803054736822272,6149,Darius Slayton,WR,1.4,0,1
2022,17,8,736803054736822272,5846,DK Metcalf,WR,1.3,1,1
2022,17,8,736803054736822272,2028,Derek Carr,QB,0,1,1
2022,17,8,736803054736822272,2711,Taylor Heinicke,QB,0,1,1
2022,17,8,736803054736822272,5967,Tony Pollard,RB,0,1,1
2022,17,8,736803054736822272,6904,Jalen Hurts,QB,0,0,1
2022,17,9,710284244835979264,4046,Patrick Mahomes,QB,26.02,1,1
2022,17,9,710284244835979264,5001,Dalton Schultz,TE,24.6,1,1
2022,17,9,710284244835979264,4017,Deshaun Watson,QB,21.86,1,1
2022,17,9,710284244835979264,6786,CeeDee Lamb,WR,21.5,1,1
2022,17,9,710284244835979264,NO,New Orleans Saints,DEF,20.5,0,1
2022,17,9,710284244835979264,1476,Latavius Murray,RB,11.2,0,1
2022,17,9,710284244835979264,7547,Amon-Ra St. Brown,WR,10.2,1,1
2022,17,9,710284244835979264,8112,Drake London,WR,9.7,0,1
2022,17,9,710284244835979264,8259,Cameron Dicker,K,8.0,1,1
2022,17,9,710284244835979264,4029,Dalvin Cook,RB,6.4,1,1
2022,17,9,710284244835979264,6151,Miles Sanders,RB,6.1,1,1
2022,17,9,710284244835979264,8146,Garrett Wilson,WR,4.8,1,1
2022,17,9,710284244835979264,4033,David Njoku,TE,3.1,0,1
2022,17,9,710284244835979264,7607,Michael Carter,RB,2.5,0,1
2022,17,9,710284244835979264,6943,Gabe Davis,WR,0,0,1
2022,17,9,710284244835979264,SF,San Francisco 49ers,DEF,-0.5,1,1
2022,17,10,475399371639222272,4663,Austin Ekeler,RB,34.1,1,1
2022,17,10,475399371639222272,1535,Cordarrelle Patterson,RB,20.4,0,1
2022,17,10,475399371639222272,3321,Tyreek Hill,WR,15.7,1,1
2022,17,10,475399371639222272,3294,Dak Prescott,QB,14.88,1,1
2022,17,10,475399371639222272,49,Robbie Gould,K,11.0,1,1
2022,17,10,475399371639222272,LAC,Los Angeles Chargers,DEF,10.25,1,1
2022,17,10,475399371639222272,6828,AJ Dillon,RB,10.1,0,1
2022,17,10,475399371639222272,3164,Ezekiel Elliott,RB,9.7,1,1
2022,17,10,475399371639222272,6806,J.K. Dobbins,RB,9.3,0,1
2022,17,10,475399371639222272,2152,Teddy Bridgewater,QB,9.04,0,1
2022,17,10,475399371639222272,7526,Jaylen Waddle,WR,8.2,1,1
2022,17,10,475399371639222272,8123,Hassan Haskins,RB,7.3,0,1
2022,17,10,475399371639222272,7600,Pat Freiermuth,TE,6.6,1,1
2022,17,10,475399371639222272,6770,Joe Burrow,QB,6.28,1,1
2022,17,10,475399371639222272,1689,Adam Thielen,WR,2.6,0,1
2022,17,10,475399371639222272,6801,Tee Higgins,WR,2.3,1,1
2022,17,10,475399371639222272,8155,Breece Hall,RB,0,0,1
2022,18,1,608781531883859968,2449,Stefon Diggs,WR,24.4,1,1
2022,18,1,608781531883859968,8183,Brock Purdy,QB,19.82,1,1
2022,18,1,608781531883859968,JAX,Jacksonville Jaguars,DEF,17.0,0,1
2022,18,1,608781531883859968,7611,Rhamondre Stevenson,RB,12.2,1,1
2022,18,1,608781531883859968,8119,Jahan Dotson,WR,10.2,1,1
2022,18,1,608781531883859968,7523,Trevor Lawrence,QB,10.18,1,1
2022,18,1,608781531883859968,6803,Brandon Aiyuk,WR,9.9,0,1
2022,18,1,608781531883859968,1466,Travis Kelce,TE,9.8,1,1
2022,18,1,608781531883859968,NYG,New York Giants,DEF,5.25,1,1
2022,18,1,608781531883859968,503,Graham Gano,K,4.0,1,1
2022,18,1,608781531883859968,5848,Marquise Brown,WR,1.7,0,1
2022,18,1,608781531883859968,8136,Rachaad White,RB,1.5,0,1
2022,18,1,608781531883859968,2216,Mike Evans,WR,0,1,1
2022,18,1,608781531883859968,4866,Saquon Barkley,RB,0,1,1
2022,18,1,608781531883859968,4881,Lamar Jackson,QB,0,0,1
2022,18,1,608781531883859968,8148,Jameson Williams,WR,0,0,1
2022,18,2,736077599457026048,KC,Kansas City Chiefs,DEF,17.0,1,1
2022,18,2,736077599457026048,4034,Christian McCaffrey,RB,16.9,1,1
2022,18,2,736077599457026048,8144,Chris Olave,WR,15.0,1,1
2022,18,2,736077599457026048,8151,Kenneth Walker,RB,13.9,1,1
2022,18,2,736077599457026048,5859,A.J. Brown,WR,13.5,1,1
2022,18,2,736077599457026048,96,Aaron Rodgers,QB,11.2,1,1
2022,18,2,736077599457026048,5022,Dallas Goedert,TE,10.6,0,1
2022,18,2,736077599457026048,2747,Jason Myers,K,10.0,1,1
2022,18,2,736077599457026048,5937,Diontae Johnson,WR,7.8,0,1
2022,18,2,736077599457026048,167,Tom Brady,QB,7.36,1,1
2022,18,2,736077599457026048,7594,Chuba Hubbard,RB,6.9,0,1
2022,18,2,736077599457026048,4066,Evan Engram,TE,6.7,1,1
2022,18,2,736077599457026048,5872,Deebo Samuel,WR,4.4,0,1
2022,18,2,736077599457026048,3269,Chris Moore,WR,4.0,1,1
2022,18,2,736077599457026048,5089,Mike White,QB,0,0,1
2022,18,2,736077599457026048,6945,Antonio Gibson,RB,0,0,1
2022,18,2,736077599457026048,8129,Dameon Pierce,RB,0,0,1
2022,18,3,737091087440674816,4988,Nick Chubb,RB,23.2,1,1
2022,18,3,737091087440674816,4950,Christian Kirk,WR,21.9,1,1
2022,18,3,737091087440674816,CIN,Cincinnati Bengals,DEF,20.0,0,1
2022,18,3,737091087440674816,7528,Najee Harris,RB,14.4,1,1
2022,18,3,737091087440674816,1166,Kirk Cousins,QB,13.0,1,1
2022,18,3,737091087440674816,8160,Kenny Pickett,QB,12.9,0,1
2022,18,3,737091087440674816,1264,Justin Tucker,K,12.0,1,1
2022,18,3,737091087440674816,6794,Justin Jefferson,WR,7.8,1,1
2022,18,3,737091087440674816,4068,Mike Williams,WR,7.2,1,1
2022,18,3,737091087440674816,2309,Amari Cooper,WR,7.1,0,1
2022,18,3,737091087440674816,4098,Kareem Hunt,RB,5.8,0,1
2022,18,3,737091087440674816,5844,T.J. Hockenson,TE,2.6,1,1
2022,18,3,737091087440674816,5892,David Montgomery,RB,2.1,0,1
2022,18,3,737091087440674816,TB,Tampa Bay Buccaneers,DEF,1.75,1,1
2022,18,3,737091087440674816,8154,Brian Robinson,RB,0,0,1
2022,18,3,737091087440674816,4943,Sam Darnold,QB,-1.08,1,1
2022,18,4,736744257179770880,6797,Justin Herbert,QB,18.32,1,1
2022,18,4,736744257179770880,4018,Joe Mixon,RB,17.8,1,1
2022,18,4,736744257179770880,7527,Mac Jones,QB,16.72,0,1
2022,18,4,736744257179770880,6938,Cam Akers,RB,16.3,1,1
2022,18,4,736744257179770880,6826,Cole Kmet,TE,15.7,0,1
2022,18,4,736744257179770880,7525,DeVonta Smith,WR,13.7,1,1
2022,18,4,736744257179770880,3225,Tyler Boyd,WR,10.1,0,1
2022,18,4,736744257179770880,BAL,Baltimore Ravens,DEF,9.0,1,1
2022,18,4,736744257179770880,8138,James Cook,RB,7.1,0,1
2022,18,4,736744257179770880,5850,Josh Jacobs,RB,7.0,1,1
2022,18,4,736744257179770880,650,Nick Folk,K,5.0,1,1
2022,18,4,736744257179770880,4147,Samaje Perine,RB,3.2,0,1
2022,18,4,736744257179770880,6130,Devin Singletary,RB,2.2,0,1
2022,18,4,736744257179770880,5038,Michael Gallup,WR,2.0,1,1
2022,18,4,736744257179770880,1837,Jimmy Garoppolo,QB,0,0,1
2022,18,4,736744257179770880,5012,Mark Andrews,TE,0,1,1
2022,18,4,736744257179770880,7591,Justin Fields,QB,0,1,1
2022,18,5,716698629934481408,7564,Ja'Marr Chase,WR,22.6,1,1
2022,18,5,716698629934481408,6845,Zack Moss,RB,21.6,0,1
2022,18,5,716698629934481408,4149,Jamaal Williams,RB,19.2,0,1
2022,18,5,716698629934481408,8137,George Pickens,WR,16.2,0,1
2022,18,5,716698629934481408,3198,Derrick Henry,RB,14.3,1,1
2022,18,5,716698629934481408,5185,Allen Lazard,WR,14.1,0,1
2022,18,5,716698629934481408,7839,Evan McPherson,K,9.0,1,1
2022,18,5,716698629934481408,3163,Jared Goff,QB,8.46,1,1
2022,18,5,716698629934481408,DAL,Dallas Cowboys,DEF,8.25,1,1
2022,18,5,716698629934481408,3271,Tyler Higbee,TE,7.3,1,1
2022,18,5,716698629934481408,4080,Zay Jones,WR,6.1,0,1
2022,18,5,716698629934481408,7543,Travis Etienne,RB,5.4,1,1
2022,18,5,716698629934481408,4983,DJ Moore,WR,2.0,1,1
2022,18,5,716698629934481408,1426,DeAndre Hopkins,WR,0,1,1
2022,18,5,716698629934481408,5870,Daniel Jones,QB,0,1,1
2022,18,6,736740647758938112,6783,Jerry Jeudy,WR,24.8,1,1
2022,18,6,736740647758938112,2374,Tyler Lockett,WR,15.4,0,1
2022,18,6,736740647758938112,4035,Alvin Kamara,RB,12.5,1,1
2022,18,6,736740647758938112,5906,Dawson Knox,TE,9.3,1,1
2022,18,6,736740647758938112,2161,Jerick McKinnon,RB,8.6,1,1
2022,18,6,736740647758938112,4227,Harrison Butker,K,8.0,1,1
2022,18,6,736740647758938112,6824,Donovan Peoples-Jones,WR,6.2,0,1
2022,18,6,736740647758938112,2505,Darren Waller,TE,5.5,1,1
2022,18,6,736740647758938112,4040,JuJu Smith-Schuster,WR,5.5,1,1
2022,18,6,736740647758938112,6886,Chase Claypool,WR,4.9,0,1
2022,18,6,736740647758938112,GB,Green Bay Packers,DEF,4.25,0,1
2022,18,6,736740647758938112,LV,Las Vegas Raiders,DEF,1.5,1,1
2022,18,6,736740647758938112,1049,Ryan Tannehill,QB,0,0,1
2022,18,6,736740647758938112,4137,James Conner,RB,0,1,1
2022,18,6,736740647758938112,515,Rob Gronkowski,TE,0,0,1
2022,18,6,736740647758938112,6768,Tua Tagovailoa,QB,0,1,1
2022,18,7,735974647736213504,4984,Josh Allen,QB,21.76,1,1
2022,18,7,735974647736213504,4217,George Kittle,TE,18.9,1,1
2022,18,7,735974647736213504,8167,Christian Watson,WR,17.1,1,1
2022,18,7,735974647736213504,6790,D'Andre Swift,RB,15.6,1,1
2022,18,7,735974647736213504,1373,Geno Smith,QB,13.62,0,1
2022,18,7,735974647736213504,8205,Isiah Pacheco,RB,12.4,1,1
2022,18,7,735974647736213504,2133,Davante Adams,WR,12.3,1,1
2022,18,7,735974647736213504,6819,Michael Pittman,WR,12.0,0,1
2022,18,7,735974647736213504,4037,Chris Godwin,WR,9.5,1,1
2022,18,7,735974647736213504,5284,Jeff Wilson,RB,9.4,0,1
2022,18,7,735974647736213504,2749,Raheem Mostert,RB,8.1,0,1
2022,18,7,735974647736213504,7922,Riley Patterson,K,8.0,1,1
2022,18,7,735974647736213504,PHI,Philadelphia Eagles,DEF,7.0,1,1
2022,18,7,735974647736213504,8122,Zonovan Knight,RB,1.2,0,1
2022,18,7,735974647736213504,536,Antonio Brown,WR,0,0,1
2022,18,7,735974647736213504,6011,Gardner Minshew,QB,0,1,1
2022,18,8,736803054736822272,1479,Keenan Allen,WR,30.7,1,1
2022,18,8,736803054736822272,BUF,Buffalo Bills,DEF,20.75,1,1
2022,18,8,736803054736822272,5927,Terry McLaurin,WR,16.4,1,1
2022,18,8,736803054736822272,5947,Jakobi Meyers,WR,12.2,0,1
2022,18,8,736803054736822272,4089,Gerald Everett,TE,9.8,1,1
2022,18,8,736803054736822272,6904,Jalen Hurts,QB,8.46,0,1
2022,18,8,736803054736822272,4199,Aaron Jones,RB,7.8,1,1
2022,18,8,736803054736822272,5846,DK Metcalf,WR,7.0,1,1
2022,18,8,736803054736822272,5230,Michael Badgley,K,5.0,1,1
2022,18,8,736803054736822272,4951,DJ Chark,WR,4.4,0,1
2022,18,8,736803054736822272,5967,Tony Pollard,RB,1.9,1,1
2022,18,8,736803054736822272,3969,Leonard Fournette,RB,1.4,0,1
2022,18,8,736803054736822272,2028,Derek Carr,QB,0,1,1
2022,18,8,736803054736822272,2711,Taylor Heinicke,QB,0,1,1
2022,18,8,736803054736822272,6149,Darius Slayton,WR,0,0,1
2022,18,8,736803054736822272,8121,Romeo Doubs,WR,0,0,1
2022,18,9,710284244835979264,SF,San Francisco 49ers,DEF,18.75,1,1
2022,18,9,710284244835979264,8112,Drake London,WR,18.5,0,1
2022,18,9,710284244835979264,1476,Latavius Murray,RB,18.3,0,1
2022,18,9,710284244835979264,8146,Garrett Wilson,WR,17.9,1,1
2022,18,9,710284244835979264,4017,Deshaun Watson,QB,16.6,1,1
2022,18,9,710284244835979264,6786,CeeDee Lamb,WR,16.2,1,1
2022,18,9,710284244835979264,4046,Patrick Mahomes,QB,14.98,1,1
2022,18,9,710284244835979264,4033,David Njoku,TE,14.2,0,1
2022,18,9,710284244835979264,NO,New Orleans Saints,DEF,13.5,0,1
2022,18,9,710284244835979264,7547,Amon-Ra St. Brown,WR,10.9,1,1
2022,18,9,710284244835979264,8259,Cameron Dicker,K,9.0,1,1
2022,18,9,710284244835979264,5001,Dalton Schultz,TE,7.3,1,1
2022,18,9,710284244835979264,6943,Gabe Davis,WR,6.9,0,1
2022,18,9,710284244835979264,6151,Miles Sanders,RB,3.3,1,1
2022,18,9,710284244835979264,4029,Dalvin Cook,RB,2.7,1,1
2022,18,9,710284244835979264,7607,Michael Carter,RB,2.5,0,1
2022,18,10,475399371639222272,6770,Joe Burrow,QB,12.1,1,1
2022,18,10,475399371639222272,7526,Jaylen Waddle,WR,10.3,1,1
2022,18,10,475399371639222272,1535,Cordarrelle Patterson,RB,9.9,0,1
2022,18,10,475399371639222272,1689,Adam Thielen,WR,9.2,0,1
2022,18,10,475399371639222272,4663,Austin Ekeler,RB,9.0,1,1
2022,18,10,475399371639222272,3294,Dak Prescott,QB,8.72,1,1
2022,18,10,475399371639222272,49,Robbie Gould,K,8.0,1,1
2022,18,10,475399371639222272,3321,Tyreek Hill,WR,4.3,1,1
2022,18,10,475399371639222272,8123,Hassan Haskins,RB,3.6,0,1
2022,18,10,475399371639222272,6828,AJ Dillon,RB,3.3,0,1
2022,18,10,475399371639222272,LAC,Los Angeles Chargers,DEF,2.5,1,1
2022,18,10,475399371639222272,6801,Tee Higgins,WR,1.7,1,1
2022,18,10,475399371639222272,3164,Ezekiel Elliott,RB,1.0,1,1
2022,18,10,475399371639222272,2152,Teddy Bridgewater,QB,0,0,1
2022,18,10,475399371639222272,6806,J.K. Dobbins,RB,0,0,1
2022,18,10,475399371639222272,7600,Pat Freiermuth,TE,0,1,1
2022,18,10,475399371639222272,8155,Breece Hall,RB,0,0,1
