season,week,roster_id,user_id,player_id,player_name,position,points,started,is_playoff
2024,1,1,608781531883859968,8148,Jameson Williams,WR,26.4,0,0
2024,1,1,608781531883859968,4035,Alvin Kamara,RB,22.0,1,0
2024,1,1,608781531883859968,5967,Tony Pollard,RB,18.4,0,0
2024,1,1,608781531883859968,9509,Bijan Robinson,RB,16.1,1,0
2024,1,1,608781531883859968,SEA,Seattle Seahawks,DEF,14.5,1,0
2024,1,1,608781531883859968,5849,Kyler Murray,QB,14.18,1,0
2024,1,1,608781531883859968,7564,Ja'Marr Chase,WR,12.2,1,0
2024,1,1,608781531883859968,11632,Malik Nabers,WR,11.6,1,0
2024,1,1,608781531883859968,7523,Trevor Lawrence,QB,11.28,1,0
2024,1,1,608781531883859968,2133,Davante Adams,WR,10.9,1,0
2024,1,1,608781531883859968,7042,Tyler Bass,K,10.0,1,0
2024,1,1,608781531883859968,8130,Trey McBride,TE,8.0,1,0
2024,1,1,608781531883859968,7670,Joshua Palmer,WR,3.5,0,0
2024,1,1,608781531883859968,7588,Javonte Williams,RB,3.3,0,0
2024,1,1,608781531883859968,11625,Adonai Mitchell,WR,1.2,0,0
2024,1,1,608781531883859968,11620,Rome Odunze,WR,1.1,0,0
2024,1,1,608781531883859968,11565,J.J. McCarthy,QB,0,0,0
2024,1,2,736077599457026048,4866,Saquon Barkley,RB,33.7,1,0
2024,1,2,736077599457026048,4984,Josh Allen,QB,31.18,1,0
2024,1,2,736077599457026048,CHI,Chicago Bears,DEF,28.75,1,0
2024,1,2,736077599457026048,6806,J.K. Dobbins,RB,23.4,0,0
2024,1,2,736077599457026048,11533,Brandon Aubrey,K,21.0,1,0
2024,1,2,736077599457026048,4137,James Conner,RB,19.3,0,0
2024,1,2,736077599457026048,7569,Nico Collins,WR,18.2,1,0
2024,1,2,736077599457026048,10229,Rashee Rice,WR,17.8,1,0
2024,1,2,736077599457026048,6804,Jordan Love,QB,17.4,1,0
2024,1,2,736077599457026048,7526,Jaylen Waddle,WR,16.7,1,0
2024,1,2,736077599457026048,11631,Brian Thomas,WR,14.7,0,0
2024,1,2,736077599457026048,7591,Justin Fields,QB,10.94,0,0
2024,1,2,736077599457026048,6813,Jonathan Taylor,RB,10.8,1,0
2024,1,2,736077599457026048,4033,David Njoku,TE,8.4,1,0
2024,1,2,736077599457026048,9756,Jordan Addison,WR,6.5,0,0
2024,1,2,736077599457026048,9224,Chase Brown,RB,5.3,0,0
2024,1,3,737091087440674816,4018,Joe Mixon,RB,27.3,1,0
2024,1,3,737091087440674816,DAL,Dallas Cowboys,DEF,23.0,1,0
2024,1,3,737091087440674816,8408,Jordan Mason,RB,22.7,1,0
2024,1,3,737091087440674816,4037,Chris Godwin,WR,22.3,0,0
2024,1,3,737091087440674816,11624,Xavier Worthy,WR,20.8,0,0
2024,1,3,737091087440674816,6768,Tua Tagovailoa,QB,19.62,1,0
2024,1,3,737091087440674816,4199,Aaron Jones,RB,18.9,1,0
2024,1,3,737091087440674816,1373,Geno Smith,QB,17.84,0,0
2024,1,3,737091087440674816,8137,George Pickens,WR,13.5,1,0
2024,1,3,737091087440674816,6770,Joe Burrow,QB,7.06,1,0
2024,1,3,737091087440674816,1479,Keenan Allen,WR,6.9,0,0
2024,1,3,737091087440674816,7839,Evan McPherson,K,6.0,1,0
2024,1,3,737091087440674816,5846,DK Metcalf,WR,5.9,1,0
2024,1,3,737091087440674816,10236,Dalton Kincaid,TE,2.1,1,0
2024,1,3,737091087440674816,11586,Blake Corum,RB,0,0,0
2024,1,3,737091087440674816,4034,Christian McCaffrey,RB,0,0,0
2024,1,3,737091087440674816,4988,Nick Chubb,RB,0,0,0
2024,1,4,736744257179770880,4039,Cooper Kupp,WR,32.5,1,0
2024,1,4,736744257179770880,8154,Brian Robinson,RB,17.9,0,0
2024,1,4,736744257179770880,9221,Jahmyr Gibbs,RB,17.4,1,0
2024,1,4,736744257179770880,8136,Rachaad White,RB,16.6,1,0
2024,1,4,736744257179770880,4046,Patrick Mahomes,QB,15.14,1,0
2024,1,4,736744257179770880,4217,George Kittle,TE,8.0,1,0
2024,1,4,736744257179770880,1689,Adam Thielen,WR,7.9,0,0
2024,1,4,736744257179770880,11560,Caleb Williams,QB,6.22,1,0
2024,1,4,736744257179770880,1264,Justin Tucker,K,6.0,1,0
2024,1,4,736744257179770880,4950,Christian Kirk,WR,4.0,1,0
2024,1,4,736744257179770880,8228,Jaylen Warren,RB,4.0,0,0
2024,1,4,736744257179770880,5927,Terry McLaurin,WR,3.7,0,0
2024,1,4,736744257179770880,8144,Chris Olave,WR,3.1,1,0
2024,1,4,736744257179770880,BAL,Baltimore Ravens,DEF,2.5,1,0
2024,1,4,736744257179770880,1426,DeAndre Hopkins,WR,1.8,0,0
2024,1,4,736744257179770880,6826,Cole Kmet,TE,1.4,0,0
2024,1,5,716698629934481408,10222,Jayden Reed,WR,35.1,1,0
2024,1,5,716698629934481408,9229,Anthony Richardson,QB,28.08,1,0
2024,1,5,716698629934481408,8151,Kenneth Walker,RB,19.4,1,0
2024,1,5,716698629934481408,NO,New Orleans Saints,DEF,18.5,1,0
2024,1,5,716698629934481408,3163,Jared Goff,QB,12.38,1,0
2024,1,5,716698629934481408,7543,Travis Etienne,RB,11.9,1,0
2024,1,5,716698629934481408,4017,Deshaun Watson,QB,9.66,0,0
2024,1,5,716698629934481408,6130,Devin Singletary,RB,9.2,0,0
2024,1,5,716698629934481408,11637,Keon Coleman,WR,9.1,0,0
2024,1,5,716698629934481408,10859,Sam LaPorta,TE,8.5,1,0
2024,1,5,716698629934481408,8139,Zamir White,RB,4.6,0,0
2024,1,5,716698629934481408,7547,Amon-Ra St. Brown,WR,4.3,1,0
2024,1,5,716698629934481408,4666,Younghoe Koo,K,4.0,1,0
2024,1,5,716698629934481408,4082,Curtis Samuel,WR,3.5,0,0
2024,1,5,716698629934481408,8112,Drake London,WR,3.5,1,0
2024,1,5,716698629934481408,6801,Tee Higgins,WR,0,0,0
2024,1,6,736740647758938112,3321,Tyreek Hill,WR,28.0,1,0
2024,1,6,736740647758938112,5859,A.J. Brown,WR,24.9,1,0
2024,1,6,736740647758938112,2449,Stefon Diggs,WR,21.9,1,0
2024,1,6,736740647758938112,5892,David Montgomery,RB,16.3,1,0
2024,1,6,736740647758938112,421,Matthew Stafford,QB,15.18,1,0
2024,1,6,736740647758938112,8138,James Cook,RB,13.3,1,0
2024,1,6,736740647758938112,11604,Brock Bowers,TE,11.8,0,0
2024,1,6,736740647758938112,4663,Austin Ekeler,RB,10.2,0,0
2024,1,6,736740647758938112,4983,DJ Moore,WR,10.0,0,0
2024,1,6,736740647758938112,9228,Bryce Young,QB,9.64,0,0
2024,1,6,736740647758938112,4227,Harrison Butker,K,9.0,1,0
2024,1,6,736740647758938112,8121,Romeo Doubs,WR,9.0,0,0
2024,1,6,736740647758938112,96,Aaron Rodgers,QB,8.58,1,0
2024,1,6,736740647758938112,1466,Travis Kelce,TE,6.4,1,0
2024,1,6,736740647758938112,CLE,Cleveland Browns,DEF,6.25,1,0
2024,1,6,736740647758938112,5248,Gus Edwards,RB,3.8,0,0
2024,1,7,735974647736213504,4881,Lamar Jackson,QB,26.12,1,0
2024,1,7,735974647736213504,11566,Jayden Daniels,QB,25.16,1,0
2024,1,7,735974647736213504,8143,Jerome Ford,RB,18.9,1,0
2024,1,7,735974647736213504,9997,Zay Flowers,WR,11.1,0,0
2024,1,7,735974647736213504,3198,Derrick Henry,RB,10.6,1,0
2024,1,7,735974647736213504,2747,Jason Myers,K,10.0,1,0
2024,1,7,735974647736213504,9493,Puka Nacua,WR,8.2,1,0
2024,1,7,735974647736213504,11626,Xavier Legette,WR,7.5,0,0
2024,1,7,735974647736213504,6819,Michael Pittman,WR,7.1,1,0
2024,1,7,735974647736213504,CIN,Cincinnati Bengals,DEF,5.75,1,0
2024,1,7,735974647736213504,8110,Jake Ferguson,TE,4.5,1,0
2024,1,7,735974647736213504,11589,Trey Benson,RB,2.8,0,0
2024,1,7,735974647736213504,5133,Tyler Conklin,TE,1.6,0,0
2024,1,7,735974647736213504,11628,Marvin Harrison,WR,1.4,1,0
2024,1,7,735974647736213504,11564,Drake Maye,QB,0,0,0
2024,1,7,735974647736213504,11583,Jonathon Brooks,RB,0,0,0
2024,1,7,735974647736213504,5844,T.J. Hockenson,TE,0,0,0
2024,1,7,735974647736213504,5848,Marquise Brown,WR,0,0,0
2024,1,8,736803054736822272,2216,Mike Evans,WR,23.1,1,0
2024,1,8,736803054736822272,6794,Justin Jefferson,WR,15.9,1,0
2024,1,8,736803054736822272,7525,DeVonta Smith,WR,15.4,1,0
2024,1,8,736803054736822272,11635,Ladd McConkey,WR,14.9,0,0
2024,1,8,736803054736822272,6845,Zack Moss,RB,14.1,0,0
2024,1,8,736803054736822272,11563,Bo Nix,QB,11.52,0,0
2024,1,8,736803054736822272,6783,Jerry Jeudy,WR,11.5,0,0
2024,1,8,736803054736822272,5850,Josh Jacobs,RB,11.4,1,0
2024,1,8,736803054736822272,3294,Dak Prescott,QB,10.46,1,0
2024,1,8,736803054736822272,6797,Justin Herbert,QB,10.36,1,0
2024,1,8,736803054736822272,4195,Jake Elliott,K,10.0,1,0
2024,1,8,736803054736822272,7528,Najee Harris,RB,8.9,1,0
2024,1,8,736803054736822272,BUF,Buffalo Bills,DEF,8.0,1,0
2024,1,8,736803054736822272,9488,Jaxon Smith-Njigba,WR,3.9,0,0
2024,1,8,736803054736822272,4066,Evan Engram,TE,1.5,1,0
2024,1,8,736803054736822272,9486,Dontayvion Wicks,WR,0,0,0
2024,1,9,710284244835979264,4892,Baker Mayfield,QB,29.66,1,0
2024,1,9,710284244835979264,3451,Ka'imi Fairbairn,K,17.0,1,0
2024,1,9,710284244835979264,6904,Jalen Hurts,QB,16.42,1,0
2024,1,9,710284244835979264,8205,Isiah Pacheco,RB,15.8,1,0
2024,1,9,710284244835979264,8150,Kyren Williams,RB,14.4,1,0
2024,1,9,710284244835979264,2374,Tyler Lockett,WR,13.7,0,0
2024,1,9,710284244835979264,8146,Garrett Wilson,WR,12.0,1,0
2024,1,9,710284244835979264,8167,Christian Watson,WR,10.3,0,0
2024,1,9,710284244835979264,5045,Courtland Sutton,WR,7.8,0,0
2024,1,9,710284244835979264,9508,Tyjae Spears,RB,7.2,0,0
2024,1,9,710284244835979264,1166,Kirk Cousins,QB,6.2,0,0
2024,1,9,710284244835979264,6790,D'Andre Swift,RB,5.0,1,0
2024,1,9,710284244835979264,6803,Brandon Aiyuk,WR,4.8,1,0
2024,1,9,710284244835979264,5937,Diontae Johnson,WR,3.9,0,0
2024,1,9,710284244835979264,5012,Mark Andrews,TE,3.4,1,0
2024,1,9,710284244835979264,NYJ,New York Jets,DEF,-1.25,1,0
2024,1,10,475399371639222272,9226,De'Von Achane,RB,23.0,1,0
2024,1,10,475399371639222272,7611,Rhamondre Stevenson,RB,21.1,0,0
2024,1,10,475399371639222272,5872,Deebo Samuel,WR,18.7,1,0
2024,1,10,475399371639222272,9758,C.J. Stroud,QB,18.66,1,0
2024,1,10,475399371639222272,8155,Breece Hall,RB,18.3,1,0
2024,1,10,475399371639222272,6786,CeeDee Lamb,WR,13.6,1,0
2024,1,10,475399371639222272,3164,Ezekiel Elliott,RB,12.9,0,0
2024,1,10,475399371639222272,7553,Kyle Pitts,TE,11.6,1,0
2024,1,10,475399371639222272,8183,Brock Purdy,QB,10.34,1,0
2024,1,10,475399371639222272,SF,San Francisco 49ers,DEF,10.25,1,0
2024,1,10,475399371639222272,9502,Tank Dell,WR,8.9,0,0
2024,1,10,475399371639222272,4981,Calvin Ridley,WR,8.0,0,0
2024,1,10,475399371639222272,5119,Jason Sanders,K,7.0,1,0
2024,1,10,475399371639222272,9999,Will Levis,QB,6.68,0,0
2024,1,10,475399371639222272,2749,Raheem Mostert,RB,3.9,0,0
2024,1,10,475399371639222272,2309,Amari Cooper,WR,3.6,1,0
2024,2,1,608781531883859968,4035,Alvin Kamara,RB,46.0,1,0
2024,2,1,608781531883859968,5849,Kyler Murray,QB,29.54,1,0
2024,2,1,608781531883859968,11632,Malik Nabers,WR,29.2,1,0
2024,2,1,608781531883859968,2133,Davante Adams,WR,26.5,1,0
2024,2,1,608781531883859968,8130,Trey McBride,TE,18.7,1,0
2024,2,1,608781531883859968,9509,Bijan Robinson,RB,16.2,1,0
2024,2,1,608781531883859968,5967,Tony Pollard,RB,15.2,0,0
2024,2,1,608781531883859968,8148,Jameson Williams,WR,14.4,0,0
2024,2,1,608781531883859968,7523,Trevor Lawrence,QB,12.3,1,0
2024,2,1,608781531883859968,7588,Javonte Williams,RB,11.5,0,0
2024,2,1,608781531883859968,SEA,Seattle Seahawks,DEF,8.75,1,0
2024,2,1,608781531883859968,7564,Ja'Marr Chase,WR,7.5,1,0
2024,2,1,608781531883859968,11620,Rome Odunze,WR,5.3,0,0
2024,2,1,608781531883859968,10937,Jake Moody,K,5.0,1,0
2024,2,1,608781531883859968,11625,Adonai Mitchell,WR,4.0,0,0
2024,2,1,608781531883859968,7670,Joshua Palmer,WR,3.9,0,0
2024,2,1,608781531883859968,11565,J.J. McCarthy,QB,0,0,0
2024,2,2,736077599457026048,7569,Nico Collins,WR,28.0,1,0
2024,2,2,736077599457026048,6806,J.K. Dobbins,RB,21.1,0,0
2024,2,2,736077599457026048,10229,Rashee Rice,WR,19.0,1,0
2024,2,2,736077599457026048,4137,James Conner,RB,18.9,0,0
2024,2,2,736077599457026048,4866,Saquon Barkley,RB,17.6,1,0
2024,2,2,736077599457026048,11533,Brandon Aubrey,K,17.0,1,0
2024,2,2,736077599457026048,6813,Jonathan Taylor,RB,15.0,1,0
2024,2,2,736077599457026048,PIT,Pittsburgh Steelers,DEF,15.0,1,0
2024,2,2,736077599457026048,11631,Brian Thomas,WR,11.4,0,0
2024,2,2,736077599457026048,7591,Justin Fields,QB,10.38,1,0
2024,2,2,736077599457026048,4984,Josh Allen,QB,8.76,1,0
2024,2,2,736077599457026048,7526,Jaylen Waddle,WR,8.5,1,0
2024,2,2,736077599457026048,8131,Isaiah Likely,TE,4.6,1,0
2024,2,2,736077599457026048,9224,Chase Brown,RB,3.1,0,0
2024,2,2,736077599457026048,6804,Jordan Love,QB,0,0,0
2024,2,2,736077599457026048,9756,Jordan Addison,WR,0,0,0
2024,2,3,737091087440674816,5846,DK Metcalf,WR,30.9,0,0
2024,2,3,737091087440674816,4037,Chris Godwin,WR,25.7,1,0
2024,2,3,737091087440674816,1373,Geno Smith,QB,19.38,0,0
2024,2,3,737091087440674816,8408,Jordan Mason,RB,16.9,1,0
2024,2,3,737091087440674816,6770,Joe Burrow,QB,16.22,1,0
2024,2,3,737091087440674816,7839,Evan McPherson,K,15.0,1,0
2024,2,3,737091087440674816,4199,Aaron Jones,RB,9.8,1,0
2024,2,3,737091087440674816,4018,Joe Mixon,RB,8.0,1,0
2024,2,3,737091087440674816,10236,Dalton Kincaid,TE,7.3,1,0
2024,2,3,737091087440674816,6768,Tua Tagovailoa,QB,5.5,1,0
2024,2,3,737091087440674816,8137,George Pickens,WR,4.9,1,0
2024,2,3,737091087440674816,11624,Xavier Worthy,WR,4.2,0,0
2024,2,3,737091087440674816,11586,Blake Corum,RB,2.8,0,0
2024,2,3,737091087440674816,1479,Keenan Allen,WR,0,0,0
2024,2,3,737091087440674816,4034,Christian McCaffrey,RB,0,0,0
2024,2,3,737091087440674816,4988,Nick Chubb,RB,0,0,0
2024,2,3,737091087440674816,DAL,Dallas Cowboys,DEF,-2.25,1,0
2024,2,4,736744257179770880,4217,George Kittle,TE,20.6,1,0
2024,2,4,736744257179770880,9221,Jahmyr Gibbs,RB,17.6,1,0
2024,2,4,736744257179770880,8154,Brian Robinson,RB,15.1,1,0
2024,2,4,736744257179770880,4046,Patrick Mahomes,QB,12.94,1,0
2024,2,4,736744257179770880,8144,Chris Olave,WR,12.8,1,0
2024,2,4,736744257179770880,1264,Justin Tucker,K,11.0,1,0
2024,2,4,736744257179770880,BAL,Baltimore Ravens,DEF,10.25,1,0
2024,2,4,736744257179770880,5927,Terry McLaurin,WR,8.2,0,0
2024,2,4,736744257179770880,8228,Jaylen Warren,RB,8.1,0,0
2024,2,4,736744257179770880,4039,Cooper Kupp,WR,7.7,1,0
2024,2,4,736744257179770880,11560,Caleb Williams,QB,7.36,1,0
2024,2,4,736744257179770880,6826,Cole Kmet,TE,6.7,0,0
2024,2,4,736744257179770880,1689,Adam Thielen,WR,4.0,0,0
2024,2,4,736744257179770880,8136,Rachaad White,RB,3.3,0,0
2024,2,4,736744257179770880,1426,DeAndre Hopkins,WR,1.9,0,0
2024,2,4,736744257179770880,4950,Christian Kirk,WR,0.9,1,0
2024,2,5,716698629934481408,7547,Amon-Ra St. Brown,WR,23.4,1,0
2024,2,5,716698629934481408,9753,Zach Charbonnet,RB,17.9,1,0
2024,2,5,716698629934481408,8112,Drake London,WR,17.4,1,0
2024,2,5,716698629934481408,4017,Deshaun Watson,QB,15.44,0,0
2024,2,5,716698629934481408,7543,Travis Etienne,RB,14.8,1,0
2024,2,5,716698629934481408,6130,Devin Singletary,RB,14.5,0,0
2024,2,5,716698629934481408,4666,Younghoe Koo,K,10.0,1,0
2024,2,5,716698629934481408,3163,Jared Goff,QB,9.28,1,0
2024,2,5,716698629934481408,9229,Anthony Richardson,QB,7.86,1,0
2024,2,5,716698629934481408,JAX,Jacksonville Jaguars,DEF,6.5,1,0
2024,2,5,716698629934481408,10222,Jayden Reed,WR,5.6,1,0
2024,2,5,716698629934481408,10859,Sam LaPorta,TE,3.3,1,0
2024,2,5,716698629934481408,4082,Curtis Samuel,WR,1.3,0,0
2024,2,5,716698629934481408,11637,Keon Coleman,WR,0,0,0
2024,2,5,716698629934481408,6801,Tee Higgins,WR,0,0,0
2024,2,5,716698629934481408,8151,Kenneth Walker,RB,0,0,0
2024,2,6,736740647758938112,8138,James Cook,RB,29.0,1,0
2024,2,6,736740647758938112,11604,Brock Bowers,TE,18.8,0,0
2024,2,6,736740647758938112,5892,David Montgomery,RB,17.0,1,0
2024,2,6,736740647758938112,96,Aaron Rodgers,QB,15.14,1,0
2024,2,6,736740647758938112,4663,Austin Ekeler,RB,11.5,0,0
2024,2,6,736740647758938112,4983,DJ Moore,WR,11.3,1,0
2024,2,6,736740647758938112,CLE,Cleveland Browns,DEF,9.5,1,0
2024,2,6,736740647758938112,8121,Romeo Doubs,WR,9.2,0,0
2024,2,6,736740647758938112,4227,Harrison Butker,K,9.0,1,0
2024,2,6,736740647758938112,2449,Stefon Diggs,WR,7.7,1,0
2024,2,6,736740647758938112,421,Matthew Stafford,QB,6.64,1,0
2024,2,6,736740647758938112,3321,Tyreek Hill,WR,6.6,1,0
2024,2,6,736740647758938112,5248,Gus Edwards,RB,5.9,0,0
2024,2,6,736740647758938112,9228,Bryce Young,QB,1.96,0,0
2024,2,6,736740647758938112,1466,Travis Kelce,TE,1.6,1,0
2024,2,6,736740647758938112,5859,A.J. Brown,WR,0,0,0
2024,2,7,735974647736213504,11628,Marvin Harrison,WR,31.0,1,0
2024,2,7,735974647736213504,9997,Zay Flowers,WR,22.1,1,0
2024,2,7,735974647736213504,3198,Derrick Henry,RB,16.6,1,0
2024,2,7,735974647736213504,4881,Lamar Jackson,QB,16.38,1,0
2024,2,7,735974647736213504,LAC,Los Angeles Chargers,DEF,15.5,1,0
2024,2,7,735974647736213504,11566,Jayden Daniels,QB,13.44,1,0
2024,2,7,735974647736213504,8143,Jerome Ford,RB,7.4,1,0
2024,2,7,735974647736213504,11058,Blake Grupe,K,7.0,1,0
2024,2,7,735974647736213504,5022,Dallas Goedert,TE,6.8,1,0
2024,2,7,735974647736213504,6819,Michael Pittman,WR,5.1,1,0
2024,2,7,735974647736213504,11589,Trey Benson,RB,2.7,0,0
2024,2,7,735974647736213504,11584,Bucky Irving,RB,2.2,0,0
2024,2,7,735974647736213504,11583,Jonathon Brooks,RB,0,0,0
2024,2,7,735974647736213504,4033,David Njoku,TE,0,0,0
2024,2,7,735974647736213504,5844,T.J. Hockenson,TE,0,0,0
2024,2,7,735974647736213504,8110,Jake Ferguson,TE,0,0,0
2024,2,7,735974647736213504,9493,Puka Nacua,WR,0,0,0
2024,2,8,736803054736822272,6794,Justin Jefferson,WR,25.3,1,0
2024,2,8,736803054736822272,9488,Jaxon Smith-Njigba,WR,24.2,0,0
2024,2,8,736803054736822272,7525,DeVonta Smith,WR,20.6,1,0
2024,2,8,736803054736822272,BUF,Buffalo Bills,DEF,20.0,1,0
2024,2,8,736803054736822272,5850,Josh Jacobs,RB,13.6,1,0
2024,2,8,736803054736822272,3294,Dak Prescott,QB,13.42,1,0
2024,2,8,736803054736822272,6783,Jerry Jeudy,WR,12.3,0,0
2024,2,8,736803054736822272,9486,Dontayvion Wicks,WR,11.6,0,0
2024,2,8,736803054736822272,6797,Justin Herbert,QB,11.0,1,0
2024,2,8,736803054736822272,7528,Najee Harris,RB,8.4,1,0
2024,2,8,736803054736822272,11563,Bo Nix,QB,8.34,0,0
2024,2,8,736803054736822272,2216,Mike Evans,WR,7.2,1,0
2024,2,8,736803054736822272,4195,Jake Elliott,K,7.0,1,0
2024,2,8,736803054736822272,6845,Zack Moss,RB,5.7,0,0
2024,2,8,736803054736822272,11635,Ladd McConkey,WR,4.6,0,0
2024,2,8,736803054736822272,6865,Colby Parkinson,TE,2.2,1,0
2024,2,8,736803054736822272,4066,Evan Engram,TE,0,0,0
2024,2,9,710284244835979264,6904,Jalen Hurts,QB,23.82,1,0
2024,2,9,710284244835979264,3451,Ka'imi Fairbairn,K,20.0,1,0
2024,2,9,710284244835979264,4892,Baker Mayfield,QB,16.8,1,0
2024,2,9,710284244835979264,1166,Kirk Cousins,QB,16.54,0,0
2024,2,9,710284244835979264,8205,Isiah Pacheco,RB,16.1,1,0
2024,2,9,710284244835979264,8150,Kyren Williams,RB,15.2,1,0
2024,2,9,710284244835979264,NYJ,New York Jets,DEF,13.5,1,0
2024,2,9,710284244835979264,8146,Garrett Wilson,WR,10.2,1,0
2024,2,9,710284244835979264,5012,Mark Andrews,TE,9.1,1,0
2024,2,9,710284244835979264,6803,Brandon Aiyuk,WR,8.3,1,0
2024,2,9,710284244835979264,6790,D'Andre Swift,RB,8.2,1,0
2024,2,9,710284244835979264,9508,Tyjae Spears,RB,5.1,0,0
2024,2,9,710284244835979264,5937,Diontae Johnson,WR,4.5,0,0
2024,2,9,710284244835979264,5045,Courtland Sutton,WR,3.6,0,0
2024,2,9,710284244835979264,2374,Tyler Lockett,WR,3.5,0,0
2024,2,9,710284244835979264,8167,Christian Watson,WR,0,0,0
2024,2,10,475399371639222272,9226,De'Von Achane,RB,29.5,1,0
2024,2,10,475399371639222272,4981,Calvin Ridley,WR,25.2,0,0
2024,2,10,475399371639222272,8155,Breece Hall,RB,24.4,1,0
2024,2,10,475399371639222272,6786,CeeDee Lamb,WR,20.5,1,0
2024,2,10,475399371639222272,5872,Deebo Samuel,WR,18.5,1,0
2024,2,10,475399371639222272,7611,Rhamondre Stevenson,RB,16.0,1,0
2024,2,10,475399371639222272,8183,Brock Purdy,QB,14.46,1,0
2024,2,10,475399371639222272,9758,C.J. Stroud,QB,14.3,1,0
2024,2,10,475399371639222272,9999,Will Levis,QB,11.48,0,0
2024,2,10,475399371639222272,8139,Zamir White,RB,6.8,0,0
2024,2,10,475399371639222272,3164,Ezekiel Elliott,RB,5.2,0,0
2024,2,10,475399371639222272,7553,Kyle Pitts,TE,5.0,1,0
2024,2,10,475399371639222272,SF,San Francisco 49ers,DEF,5.0,1,0
2024,2,10,475399371639222272,2309,Amari Cooper,WR,4.1,0,0
2024,2,10,475399371639222272,5119,Jason Sanders,K,4.0,1,0
2024,2,10,475399371639222272,9502,Tank Dell,WR,2.3,0,0
2024,2,10,475399371639222272,2749,Raheem Mostert,RB,0,0,0
2024,3,1,608781531883859968,7564,Ja'Marr Chase,WR,30.8,1,0
2024,3,1,608781531883859968,11632,Malik Nabers,WR,28.2,0,0
2024,3,1,608781531883859968,11620,Rome Odunze,WR,23.9,0,0
2024,3,1,608781531883859968,SEA,Seattle Seahawks,DEF,17.0,1,0
2024,3,1,608781531883859968,4035,Alvin Kamara,RB,15.7,1,0
2024,3,1,608781531883859968,5849,Kyler Murray,QB,14.78,1,0
2024,3,1,608781531883859968,9509,Bijan Robinson,RB,13.2,1,0
2024,3,1,608781531883859968,7523,Trevor Lawrence,QB,9.42,0,0
2024,3,1,608781531883859968,2133,Davante Adams,WR,8.0,1,0
2024,3,1,608781531883859968,2028,Derek Carr,QB,7.98,1,0
2024,3,1,608781531883859968,7588,Javonte Williams,RB,6.1,0,0
2024,3,1,608781531883859968,5967,Tony Pollard,RB,5.9,0,0
2024,3,1,608781531883859968,8130,Trey McBride,TE,5.5,1,0
2024,3,1,608781531883859968,10937,Jake Moody,K,4.0,1,0
2024,3,1,608781531883859968,8148,Jameson Williams,WR,1.2,1,0
2024,3,1,608781531883859968,11565,J.J. McCarthy,QB,0,0,0
2024,3,1,608781531883859968,CIN,Cincinnati Bengals,DEF,-3.0,0,0
2024,3,2,736077599457026048,4866,Saquon Barkley,RB,35.6,1,0
2024,3,2,736077599457026048,4984,Josh Allen,QB,30.92,1,0
2024,3,2,736077599457026048,10229,Rashee Rice,WR,29.6,1,0
2024,3,2,736077599457026048,6813,Jonathan Taylor,RB,27.0,1,0
2024,3,2,736077599457026048,7591,Justin Fields,QB,19.9,0,0
2024,3,2,736077599457026048,PIT,Pittsburgh Steelers,DEF,13.25,1,0
2024,3,2,736077599457026048,7569,Nico Collins,WR,12.6,1,0
2024,3,2,736077599457026048,11533,Brandon Aubrey,K,11.0,1,0
2024,3,2,736077599457026048,6938,Cam Akers,RB,9.9,0,0
2024,3,2,736077599457026048,11631,Brian Thomas,WR,9.8,0,0
2024,3,2,736077599457026048,9224,Chase Brown,RB,8.9,0,0
2024,3,2,736077599457026048,9488,Jaxon Smith-Njigba,WR,6.9,1,0
2024,3,2,736077599457026048,7526,Jaylen Waddle,WR,6.6,0,0
2024,3,2,736077599457026048,4137,James Conner,RB,3.5,1,0
2024,3,2,736077599457026048,8131,Isaiah Likely,TE,1.4,1,0
2024,3,2,736077599457026048,6804,Jordan Love,QB,0,0,0
2024,3,2,736077599457026048,9756,Jordan Addison,WR,0,0,0
2024,3,3,737091087440674816,4199,Aaron Jones,RB,26.3,1,0
2024,3,3,737091087440674816,6770,Joe Burrow,QB,25.86,1,0
2024,3,3,737091087440674816,5846,DK Metcalf,WR,22.4,1,0
2024,3,3,737091087440674816,4037,Chris Godwin,WR,17.3,1,0
2024,3,3,737091087440674816,10236,Dalton Kincaid,TE,13.1,1,0
2024,3,3,737091087440674816,1373,Geno Smith,QB,11.86,1,0
2024,3,3,737091087440674816,8408,Jordan Mason,RB,10.8,1,0
2024,3,3,737091087440674816,8137,George Pickens,WR,10.7,1,0
2024,3,3,737091087440674816,7839,Evan McPherson,K,6.0,1,0
2024,3,3,737091087440674816,11624,Xavier Worthy,WR,5.0,0,0
2024,3,3,737091087440674816,11586,Blake Corum,RB,0,0,0
2024,3,3,737091087440674816,1479,Keenan Allen,WR,0,0,0
2024,3,3,737091087440674816,4018,Joe Mixon,RB,0,0,0
2024,3,3,737091087440674816,4034,Christian McCaffrey,RB,0,0,0
2024,3,3,737091087440674816,4988,Nick Chubb,RB,0,0,0
2024,3,3,737091087440674816,6768,Tua Tagovailoa,QB,0,0,0
2024,3,3,737091087440674816,DAL,Dallas Cowboys,DEF,-4.0,1,0
2024,3,4,736744257179770880,4943,Sam Darnold,QB,22.24,1,0
2024,3,4,736744257179770880,8144,Chris Olave,WR,20.6,1,0
2024,3,4,736744257179770880,5927,Terry McLaurin,WR,20.5,0,0
2024,3,4,736744257179770880,11560,Caleb Williams,QB,17.82,0,0
2024,3,4,736744257179770880,4046,Patrick Mahomes,QB,16.88,1,0
2024,3,4,736744257179770880,9221,Jahmyr Gibbs,RB,16.3,1,0
2024,3,4,736744257179770880,4950,Christian Kirk,WR,15.9,0,0
2024,3,4,736744257179770880,8154,Brian Robinson,RB,10.7,1,0
2024,3,4,736744257179770880,8136,Rachaad White,RB,8.5,1,0
2024,3,4,736744257179770880,5001,Dalton Schultz,TE,3.1,1,0
2024,3,4,736744257179770880,TB,Tampa Bay Buccaneers,DEF,3.0,1,0
2024,3,4,736744257179770880,BAL,Baltimore Ravens,DEF,2.75,0,0
2024,3,4,736744257179770880,8228,Jaylen Warren,RB,1.1,0,0
2024,3,4,736744257179770880,1264,Justin Tucker,K,1.0,1,0
2024,3,4,736744257179770880,4039,Cooper Kupp,WR,0,0,0
2024,3,4,736744257179770880,4217,George Kittle,TE,0,0,0
2024,3,4,736744257179770880,8676,Rashid Shaheed,WR,0,1,0
2024,3,5,716698629934481408,9753,Zach Charbonnet,RB,25.7,1,0
2024,3,5,716698629934481408,7547,Amon-Ra St. Brown,WR,20.5,1,0
2024,3,5,716698629934481408,6130,Devin Singletary,RB,18.8,0,0
2024,3,5,716698629934481408,8112,Drake London,WR,18.7,1,0
2024,3,5,716698629934481408,4017,Deshaun Watson,QB,16.44,0,0
2024,3,5,716698629934481408,3163,Jared Goff,QB,14.56,1,0
2024,3,5,716698629934481408,7543,Travis Etienne,RB,12.5,1,0
2024,3,5,716698629934481408,10222,Jayden Reed,WR,10.9,0,0
2024,3,5,716698629934481408,11637,Keon Coleman,WR,9.4,0,0
2024,3,5,716698629934481408,4666,Younghoe Koo,K,7.0,1,0
2024,3,5,716698629934481408,6801,Tee Higgins,WR,6.9,1,0
2024,3,5,716698629934481408,10859,Sam LaPorta,TE,5.6,1,0
2024,3,5,716698629934481408,4082,Curtis Samuel,WR,5.2,0,0
2024,3,5,716698629934481408,9229,Anthony Richardson,QB,5.08,1,0
2024,3,5,716698629934481408,8151,Kenneth Walker,RB,0,0,0
2024,3,5,716698629934481408,LV,Las Vegas Raiders,DEF,-4.5,1,0
2024,3,6,736740647758938112,5892,David Montgomery,RB,21.7,1,0
2024,3,6,736740647758938112,96,Aaron Rodgers,QB,21.54,1,0
2024,3,6,736740647758938112,2449,Stefon Diggs,WR,19.92,1,0
2024,3,6,736740647758938112,8138,James Cook,RB,18.7,1,0
2024,3,6,736740647758938112,4983,DJ Moore,WR,15.2,1,0
2024,3,6,736740647758938112,4663,Austin Ekeler,RB,13.7,0,0
2024,3,6,736740647758938112,421,Matthew Stafford,QB,12.84,0,0
2024,3,6,736740647758938112,4227,Harrison Butker,K,12.0,1,0
2024,3,6,736740647758938112,CLE,Cleveland Browns,DEF,7.5,1,0
2024,3,6,736740647758938112,11604,Brock Bowers,TE,7.1,1,0
2024,3,6,736740647758938112,1466,Travis Kelce,TE,7.0,1,0
2024,3,6,736740647758938112,3321,Tyreek Hill,WR,7.0,1,0
2024,3,6,736740647758938112,CHI,Chicago Bears,DEF,6.75,0,0
2024,3,6,736740647758938112,8121,Romeo Doubs,WR,2.8,0,0
2024,3,6,736740647758938112,5248,Gus Edwards,RB,0.9,0,0
2024,3,6,736740647758938112,11638,Ricky Pearsall,WR,0,0,0
2024,3,6,736740647758938112,5859,A.J. Brown,WR,0,0,0
2024,3,7,735974647736213504,3198,Derrick Henry,RB,30.9,1,0
2024,3,7,735974647736213504,11566,Jayden Daniels,QB,28.06,1,0
2024,3,7,735974647736213504,5022,Dallas Goedert,TE,26.5,1,0
2024,3,7,735974647736213504,4881,Lamar Jackson,QB,25.98,1,0
2024,3,7,735974647736213504,8134,Khalil Shakir,WR,19.2,1,0
2024,3,7,735974647736213504,11628,Marvin Harrison,WR,17.4,1,0
2024,3,7,735974647736213504,8110,Jake Ferguson,TE,15.5,0,0
2024,3,7,735974647736213504,11584,Bucky Irving,RB,11.4,0,0
2024,3,7,735974647736213504,8143,Jerome Ford,RB,10.0,1,0
2024,3,7,735974647736213504,6819,Michael Pittman,WR,7.6,0,0
2024,3,7,735974647736213504,11635,Ladd McConkey,WR,7.4,0,0
2024,3,7,735974647736213504,9997,Zay Flowers,WR,5.3,1,0
2024,3,7,735974647736213504,TEN,Tennessee Titans,DEF,3.25,1,0
2024,3,7,735974647736213504,11583,Jonathon Brooks,RB,0,0,0
2024,3,7,735974647736213504,5095,Daniel Carlson,K,0,1,0
2024,3,7,735974647736213504,5844,T.J. Hockenson,TE,0,0,0
2024,3,7,735974647736213504,9493,Puka Nacua,WR,0,0,0
2024,3,8,736803054736822272,3294,Dak Prescott,QB,29.36,1,0
2024,3,8,736803054736822272,6845,Zack Moss,RB,20.7,0,0
2024,3,8,736803054736822272,6794,Justin Jefferson,WR,20.1,1,0
2024,3,8,736803054736822272,11563,Bo Nix,QB,19.84,0,0
2024,3,8,736803054736822272,BUF,Buffalo Bills,DEF,17.25,1,0
2024,3,8,736803054736822272,7525,DeVonta Smith,WR,14.9,1,0
2024,3,8,736803054736822272,7528,Najee Harris,RB,13.6,0,0
2024,3,8,736803054736822272,6783,Jerry Jeudy,WR,8.7,0,0
2024,3,8,736803054736822272,11582,Carson Steele,RB,8.4,0,0
2024,3,8,736803054736822272,6806,J.K. Dobbins,RB,8.4,1,0
2024,3,8,736803054736822272,6797,Justin Herbert,QB,8.0,1,0
2024,3,8,736803054736822272,7600,Pat Freiermuth,TE,7.3,1,0
2024,3,8,736803054736822272,5850,Josh Jacobs,RB,5.8,1,0
2024,3,8,736803054736822272,2216,Mike Evans,WR,3.7,1,0
2024,3,8,736803054736822272,4066,Evan Engram,TE,0,0,0
2024,3,8,736803054736822272,9486,Dontayvion Wicks,WR,0,0,0
2024,3,8,736803054736822272,4195,Jake Elliott,K,-1.0,1,0
2024,3,9,710284244835979264,8150,Kyren Williams,RB,31.6,1,0
2024,3,9,710284244835979264,5937,Diontae Johnson,WR,26.7,0,0
2024,3,9,710284244835979264,NYJ,New York Jets,DEF,15.25,1,0
2024,3,9,710284244835979264,8146,Garrett Wilson,WR,14.3,1,0
2024,3,9,710284244835979264,5045,Courtland Sutton,WR,13.8,0,0
2024,3,9,710284244835979264,9754,Quentin Johnston,WR,12.4,0,0
2024,3,9,710284244835979264,6904,Jalen Hurts,QB,11.44,1,0
2024,3,9,710284244835979264,9508,Tyjae Spears,RB,10.1,0,0
2024,3,9,710284244835979264,6803,Brandon Aiyuk,WR,9.8,1,0
2024,3,9,710284244835979264,2374,Tyler Lockett,WR,9.6,1,0
2024,3,9,710284244835979264,1166,Kirk Cousins,QB,9.1,0,0
2024,3,9,710284244835979264,4892,Baker Mayfield,QB,9.02,1,0
2024,3,9,710284244835979264,8167,Christian Watson,WR,8.7,0,0
2024,3,9,710284244835979264,6790,D'Andre Swift,RB,6.2,1,0
2024,3,9,710284244835979264,5012,Mark Andrews,TE,0,1,0
2024,3,9,710284244835979264,8205,Isiah Pacheco,RB,0,0,0
2024,3,9,710284244835979264,3451,Ka'imi Fairbairn,K,-1.0,1,0
2024,3,10,475399371639222272,2309,Amari Cooper,WR,27.6,1,0
2024,3,10,475399371639222272,8183,Brock Purdy,QB,25.78,1,0
2024,3,10,475399371639222272,8155,Breece Hall,RB,17.3,1,0
2024,3,10,475399371639222272,9999,Will Levis,QB,14.1,0,0
2024,3,10,475399371639222272,9502,Tank Dell,WR,11.2,0,0
2024,3,10,475399371639222272,9758,C.J. Stroud,QB,9.8,1,0
2024,3,10,475399371639222272,9226,De'Von Achane,RB,8.8,1,0
2024,3,10,475399371639222272,6786,CeeDee Lamb,WR,8.7,1,0
2024,3,10,475399371639222272,7553,Kyle Pitts,TE,7.9,1,0
2024,3,10,475399371639222272,SF,San Francisco 49ers,DEF,4.75,1,0
2024,3,10,475399371639222272,8139,Zamir White,RB,3.4,0,0
2024,3,10,475399371639222272,3164,Ezekiel Elliott,RB,2.2,0,0
2024,3,10,475399371639222272,4981,Calvin Ridley,WR,1.9,0,0
2024,3,10,475399371639222272,5119,Jason Sanders,K,1.0,1,0
2024,3,10,475399371639222272,7611,Rhamondre Stevenson,RB,0.3,1,0
2024,3,10,475399371639222272,2749,Raheem Mostert,RB,0,0,0
2024,3,10,475399371639222272,5872,Deebo Samuel,WR,0,0,0
2024,4,1,608781531883859968,4035,Alvin Kamara,RB,24.9,1,0
2024,4,1,608781531883859968,11632,Malik Nabers,WR,23.6,1,0
2024,4,1,608781531883859968,7564,Ja'Marr Chase,WR,19.0,1,0
2024,4,1,608781531883859968,5967,Tony Pollard,RB,18.8,1,0
2024,4,1,608781531883859968,8148,Jameson Williams,WR,17.5,0,0
2024,4,1,608781531883859968,7600,Pat Freiermuth,TE,16.7,1,0
2024,4,1,608781531883859968,7523,Trevor Lawrence,QB,13.76,1,0
2024,4,1,608781531883859968,10937,Jake Moody,K,13.0,1,0
2024,4,1,608781531883859968,9509,Bijan Robinson,RB,11.4,1,0
2024,4,1,608781531883859968,7588,Javonte Williams,RB,10.0,0,0
2024,4,1,608781531883859968,5849,Kyler Murray,QB,9.98,1,0
2024,4,1,608781531883859968,2028,Derek Carr,QB,8.56,0,0
2024,4,1,608781531883859968,MIA,Miami Dolphins,DEF,5.25,1,0
2024,4,1,608781531883859968,11620,Rome Odunze,WR,2.0,0,0
2024,4,1,608781531883859968,11565,J.J. McCarthy,QB,0,0,0
2024,4,1,608781531883859968,2133,Davante Adams,WR,0,0,0
2024,4,1,608781531883859968,8130,Trey McBride,TE,0,0,0
2024,4,2,736077599457026048,7569,Nico Collins,WR,33.6,1,0
2024,4,2,736077599457026048,7591,Justin Fields,QB,30.98,1,0
2024,4,2,736077599457026048,6804,Jordan Love,QB,28.66,0,0
2024,4,2,736077599457026048,9224,Chase Brown,RB,23.2,0,0
2024,4,2,736077599457026048,9756,Jordan Addison,WR,22.9,0,0
2024,4,2,736077599457026048,11631,Brian Thomas,WR,21.9,0,0
2024,4,2,736077599457026048,6813,Jonathan Taylor,RB,19.8,1,0
2024,4,2,736077599457026048,4866,Saquon Barkley,RB,13.6,1,0
2024,4,2,736077599457026048,9488,Jaxon Smith-Njigba,WR,13.1,1,0
2024,4,2,736077599457026048,11584,Bucky Irving,RB,12.5,0,0
2024,4,2,736077599457026048,8110,Jake Ferguson,TE,10.9,1,0
2024,4,2,736077599457026048,11533,Brandon Aubrey,K,9.0,1,0
2024,4,2,736077599457026048,7526,Jaylen Waddle,WR,7.6,0,0
2024,4,2,736077599457026048,4984,Josh Allen,QB,7.3,1,0
2024,4,2,736077599457026048,8131,Isaiah Likely,TE,3.6,0,0
2024,4,2,736077599457026048,PIT,Pittsburgh Steelers,DEF,2.0,1,0
2024,4,2,736077599457026048,10229,Rashee Rice,WR,0,1,0
2024,4,3,737091087440674816,8408,Jordan Mason,RB,24.5,1,0
2024,4,3,737091087440674816,1373,Geno Smith,QB,22.1,1,0
2024,4,3,737091087440674816,4199,Aaron Jones,RB,17.9,1,0
2024,4,3,737091087440674816,11624,Xavier Worthy,WR,17.8,0,0
2024,4,3,737091087440674816,6770,Joe Burrow,QB,17.28,1,0
2024,4,3,737091087440674816,8137,George Pickens,WR,16.8,1,0
2024,4,3,737091087440674816,5846,DK Metcalf,WR,15.9,1,0
2024,4,3,737091087440674816,7839,Evan McPherson,K,13.0,1,0
2024,4,3,737091087440674816,4037,Chris Godwin,WR,12.9,1,0
2024,4,3,737091087440674816,10236,Dalton Kincaid,TE,9.7,1,0
2024,4,3,737091087440674816,DAL,Dallas Cowboys,DEF,5.75,1,0
2024,4,3,737091087440674816,1479,Keenan Allen,WR,4.9,0,0
2024,4,3,737091087440674816,11586,Blake Corum,RB,0,0,0
2024,4,3,737091087440674816,4018,Joe Mixon,RB,0,0,0
2024,4,3,737091087440674816,4034,Christian McCaffrey,RB,0,0,0
2024,4,3,737091087440674816,4988,Nick Chubb,RB,0,0,0
2024,4,3,737091087440674816,6768,Tua Tagovailoa,QB,0,0,0
2024,4,4,736744257179770880,8154,Brian Robinson,RB,20.8,1,0
2024,4,4,736744257179770880,4943,Sam Darnold,QB,20.5,0,0
2024,4,4,736744257179770880,9221,Jahmyr Gibbs,RB,19.8,1,0
2024,4,4,736744257179770880,4950,Christian Kirk,WR,19.1,1,0
2024,4,4,736744257179770880,5927,Terry McLaurin,WR,18.2,0,0
2024,4,4,736744257179770880,8144,Chris Olave,WR,16.7,1,0
2024,4,4,736744257179770880,8676,Rashid Shaheed,WR,15.7,0,0
2024,4,4,736744257179770880,4217,George Kittle,TE,14.5,1,0
2024,4,4,736744257179770880,4046,Patrick Mahomes,QB,14.0,1,0
2024,4,4,736744257179770880,7049,Jauan Jennings,WR,11.8,1,0
2024,4,4,736744257179770880,BAL,Baltimore Ravens,DEF,11.25,0,0
2024,4,4,736744257179770880,LV,Las Vegas Raiders,DEF,11.25,1,0
2024,4,4,736744257179770880,11560,Caleb Williams,QB,10.48,1,0
2024,4,4,736744257179770880,8136,Rachaad White,RB,10.4,0,0
2024,4,4,736744257179770880,5001,Dalton Schultz,TE,6.4,0,0
2024,4,4,736744257179770880,1264,Justin Tucker,K,5.0,1,0
2024,4,4,736744257179770880,4039,Cooper Kupp,WR,0,0,0
2024,4,5,716698629934481408,8151,Kenneth Walker,RB,33.6,0,0
2024,4,5,716698629934481408,3163,Jared Goff,QB,28.18,1,0
2024,4,5,716698629934481408,10222,Jayden Reed,WR,27.6,1,0
2024,4,5,716698629934481408,7547,Amon-Ra St. Brown,WR,20.78,1,0
2024,4,5,716698629934481408,4666,Younghoe Koo,K,20.0,1,0
2024,4,5,716698629934481408,CLE,Cleveland Browns,DEF,14.0,1,0
2024,4,5,716698629934481408,8112,Drake London,WR,12.4,1,0
2024,4,5,716698629934481408,6801,Tee Higgins,WR,12.0,0,0
2024,4,5,716698629934481408,4017,Deshaun Watson,QB,11.24,0,0
2024,4,5,716698629934481408,9753,Zach Charbonnet,RB,10.4,0,0
2024,4,5,716698629934481408,10859,Sam LaPorta,TE,9.3,1,0
2024,4,5,716698629934481408,11637,Keon Coleman,WR,8.1,0,0
2024,4,5,716698629934481408,7543,Travis Etienne,RB,7.0,1,0
2024,4,5,716698629934481408,6826,Cole Kmet,TE,6.4,0,0
2024,4,5,716698629934481408,6130,Devin Singletary,RB,4.8,1,0
2024,4,5,716698629934481408,9229,Anthony Richardson,QB,4.24,1,0
2024,4,6,736740647758938112,7594,Chuba Hubbard,RB,22.6,0,0
2024,4,6,736740647758938112,2449,Stefon Diggs,WR,18.5,1,0
2024,4,6,736740647758938112,829,Andy Dalton,QB,16.2,1,0
2024,4,6,736740647758938112,1466,Travis Kelce,TE,15.9,1,0
2024,4,6,736740647758938112,5892,David Montgomery,RB,15.0,1,0
2024,4,6,736740647758938112,96,Aaron Rodgers,QB,11.6,1,0
2024,4,6,736740647758938112,4983,DJ Moore,WR,11.2,1,0
2024,4,6,736740647758938112,10235,Roschon Johnson,RB,8.6,0,0
2024,4,6,736740647758938112,3321,Tyreek Hill,WR,8.2,1,0
2024,4,6,736740647758938112,8121,Romeo Doubs,WR,7.9,0,0
2024,4,6,736740647758938112,CHI,Chicago Bears,DEF,7.75,1,0
2024,4,6,736740647758938112,8138,James Cook,RB,5.8,1,0
2024,4,6,736740647758938112,11604,Brock Bowers,TE,5.1,0,0
2024,4,6,736740647758938112,421,Matthew Stafford,QB,4.86,0,0
2024,4,6,736740647758938112,4227,Harrison Butker,K,3.0,1,0
2024,4,6,736740647758938112,4663,Austin Ekeler,RB,0,0,0
2024,4,6,736740647758938112,5859,A.J. Brown,WR,0,0,0
2024,4,7,735974647736213504,3198,Derrick Henry,RB,36.9,1,0
2024,4,7,735974647736213504,11566,Jayden Daniels,QB,24.52,1,0
2024,4,7,735974647736213504,4881,Lamar Jackson,QB,23.64,1,0
2024,4,7,735974647736213504,4137,James Conner,RB,18.8,1,0
2024,4,7,735974647736213504,6819,Michael Pittman,WR,17.8,0,0
2024,4,7,735974647736213504,11635,Ladd McConkey,WR,17.7,0,0
2024,4,7,735974647736213504,11628,Marvin Harrison,WR,15.5,1,0
2024,4,7,735974647736213504,8143,Jerome Ford,RB,15.5,0,0
2024,4,7,735974647736213504,5022,Dallas Goedert,TE,13.2,1,0
2024,4,7,735974647736213504,8134,Khalil Shakir,WR,10.2,1,0
2024,4,7,735974647736213504,5095,Daniel Carlson,K,10.0,1,0
2024,4,7,735974647736213504,KC,Kansas City Chiefs,DEF,9.5,1,0
2024,4,7,735974647736213504,7090,Darnell Mooney,WR,8.6,0,0
2024,4,7,735974647736213504,9997,Zay Flowers,WR,2.0,1,0
2024,4,7,735974647736213504,11583,Jonathon Brooks,RB,0,0,0
2024,4,7,735974647736213504,5844,T.J. Hockenson,TE,0,0,0
2024,4,7,735974647736213504,9493,Puka Nacua,WR,0,0,0
2024,4,8,736803054736822272,9486,Dontayvion Wicks,WR,24.8,0,0
2024,4,8,736803054736822272,2216,Mike Evans,WR,23.4,1,0
2024,4,8,736803054736822272,6794,Justin Jefferson,WR,20.5,1,0
2024,4,8,736803054736822272,6845,Zack Moss,RB,17.8,1,0
2024,4,8,736803054736822272,3294,Dak Prescott,QB,17.74,1,0
2024,4,8,736803054736822272,6783,Jerry Jeudy,WR,13.2,0,0
2024,4,8,736803054736822272,5850,Josh Jacobs,RB,11.8,1,0
2024,4,8,736803054736822272,7528,Najee Harris,RB,10.3,0,0
2024,4,8,736803054736822272,6797,Justin Herbert,QB,10.16,1,0
2024,4,8,736803054736822272,6806,J.K. Dobbins,RB,9.2,1,0
2024,4,8,736803054736822272,11563,Bo Nix,QB,6.7,0,0
2024,4,8,736803054736822272,4195,Jake Elliott,K,2.0,1,0
2024,4,8,736803054736822272,4993,Mike Gesicki,TE,0.1,1,0
2024,4,8,736803054736822272,4066,Evan Engram,TE,0,0,0
2024,4,8,736803054736822272,7525,DeVonta Smith,WR,0,0,0
2024,4,8,736803054736822272,11582,Carson Steele,RB,-0.4,0,0
2024,4,8,736803054736822272,BUF,Buffalo Bills,DEF,-2.25,1,0
2024,4,9,710284244835979264,6790,D'Andre Swift,RB,29.5,0,0
2024,4,9,710284244835979264,4892,Baker Mayfield,QB,28.38,1,0
2024,4,9,710284244835979264,5937,Diontae Johnson,WR,21.3,1,0
2024,4,9,710284244835979264,8150,Kyren Williams,RB,20.4,1,0
2024,4,9,710284244835979264,6904,Jalen Hurts,QB,15.32,1,0
2024,4,9,710284244835979264,5045,Courtland Sutton,WR,15.0,0,0
2024,4,9,710284244835979264,9508,Tyjae Spears,RB,11.9,1,0
2024,4,9,710284244835979264,2374,Tyler Lockett,WR,11.1,0,0
2024,4,9,710284244835979264,NYJ,New York Jets,DEF,10.5,1,0
2024,4,9,710284244835979264,8146,Garrett Wilson,WR,7.1,1,0
2024,4,9,710284244835979264,6803,Brandon Aiyuk,WR,6.8,1,0
2024,4,9,710284244835979264,1166,Kirk Cousins,QB,6.52,0,0
2024,4,9,710284244835979264,3451,Ka'imi Fairbairn,K,6.0,1,0
2024,4,9,710284244835979264,9754,Quentin Johnston,WR,2.3,0,0
2024,4,9,710284244835979264,5012,Mark Andrews,TE,0,1,0
2024,4,9,710284244835979264,8167,Christian Watson,WR,0,0,0
2024,4,9,710284244835979264,8205,Isiah Pacheco,RB,0,0,0
2024,4,10,475399371639222272,SF,San Francisco 49ers,DEF,25.5,1,0
2024,4,10,475399371639222272,6786,CeeDee Lamb,WR,25.1,1,0
2024,4,10,475399371639222272,9758,C.J. Stroud,QB,24.0,1,0
2024,4,10,475399371639222272,8183,Brock Purdy,QB,12.62,1,0
2024,4,10,475399371639222272,5872,Deebo Samuel,WR,10.2,0,0
2024,4,10,475399371639222272,5870,Daniel Jones,QB,10.04,0,0
2024,4,10,475399371639222272,5947,Jakobi Meyers,WR,9.9,0,0
2024,4,10,475399371639222272,7611,Rhamondre Stevenson,RB,8.2,1,0
2024,4,10,475399371639222272,2309,Amari Cooper,WR,7.5,1,0
2024,4,10,475399371639222272,9226,De'Von Achane,RB,5.9,1,0
2024,4,10,475399371639222272,11576,Braelon Allen,RB,5.6,0,0
2024,4,10,475399371639222272,8155,Breece Hall,RB,3.8,1,0
2024,4,10,475399371639222272,7042,Tyler Bass,K,3.0,1,0
2024,4,10,475399371639222272,4981,Calvin Ridley,WR,2.5,0,0
2024,4,10,475399371639222272,2749,Raheem Mostert,RB,0,0,0
2024,4,10,475399371639222272,7553,Kyle Pitts,TE,0,1,0
2024,4,10,475399371639222272,9502,Tank Dell,WR,0,0,0
2024,5,1,608781531883859968,7564,Ja'Marr Chase,WR,43.8,1,0
2024,5,1,608781531883859968,5849,Kyler Murray,QB,24.6,1,0
2024,5,1,608781531883859968,7523,Trevor Lawrence,QB,22.74,1,0
2024,5,1,608781531883859968,8126,Wan'Dale Robinson,WR,16.0,1,0
2024,5,1,608781531883859968,9500,Josh Downs,WR,15.9,1,0
2024,5,1,608781531883859968,2028,Derek Carr,QB,12.6,0,0
2024,5,1,608781531883859968,4035,Alvin Kamara,RB,12.6,1,0
2024,5,1,608781531883859968,8130,Trey McBride,TE,11.3,1,0
2024,5,1,608781531883859968,9509,Bijan Robinson,RB,10.7,1,0
2024,5,1,608781531883859968,MIA,Miami Dolphins,DEF,10.0,1,0
2024,5,1,608781531883859968,11620,Rome Odunze,WR,9.0,0,0
2024,5,1,608781531883859968,10937,Jake Moody,K,8.0,1,0
2024,5,1,608781531883859968,11565,J.J. McCarthy,QB,0,0,0
2024,5,1,608781531883859968,11632,Malik Nabers,WR,0,0,0
2024,5,1,608781531883859968,2133,Davante Adams,WR,0,0,0
2024,5,1,608781531883859968,5967,Tony Pollard,RB,0,0,0
2024,5,1,608781531883859968,8148,Jameson Williams,WR,0,0,0
2024,5,2,736077599457026048,11631,Brian Thomas,WR,25.2,1,0
2024,5,2,736077599457026048,4098,Kareem Hunt,RB,19.2,1,0
2024,5,2,736077599457026048,DEN,Denver Broncos,DEF,18.25,1,0
2024,5,2,736077599457026048,7569,Nico Collins,WR,17.3,1,0
2024,5,2,736077599457026048,9224,Chase Brown,RB,16.4,0,0
2024,5,2,736077599457026048,6804,Jordan Love,QB,15.96,1,0
2024,5,2,736077599457026048,7591,Justin Fields,QB,14.94,0,0
2024,5,2,736077599457026048,4984,Josh Allen,QB,14.64,1,0
2024,5,2,736077599457026048,9488,Jaxon Smith-Njigba,WR,13.1,1,0
2024,5,2,736077599457026048,8110,Jake Ferguson,TE,13.0,1,0
2024,5,2,736077599457026048,7526,Jaylen Waddle,WR,8.6,0,0
2024,5,2,736077599457026048,11533,Brandon Aubrey,K,7.0,1,0
2024,5,2,736077599457026048,9756,Jordan Addison,WR,6.6,0,0
2024,5,2,736077599457026048,11584,Bucky Irving,RB,5.6,1,0
2024,5,2,736077599457026048,10229,Rashee Rice,WR,0,0,0
2024,5,2,736077599457026048,4866,Saquon Barkley,RB,0,0,0
2024,5,2,736077599457026048,6813,Jonathan Taylor,RB,0,0,0
2024,5,3,737091087440674816,6770,Joe Burrow,QB,35.28,1,0
2024,5,3,737091087440674816,1373,Geno Smith,QB,23.06,1,0
2024,5,3,737091087440674816,11624,Xavier Worthy,WR,11.8,0,0
2024,5,3,737091087440674816,4037,Chris Godwin,WR,10.6,1,0
2024,5,3,737091087440674816,8408,Jordan Mason,RB,8.8,1,0
2024,5,3,737091087440674816,DAL,Dallas Cowboys,DEF,8.75,1,0
2024,5,3,737091087440674816,5846,DK Metcalf,WR,7.5,1,0
2024,5,3,737091087440674816,1479,Keenan Allen,WR,6.3,0,0
2024,5,3,737091087440674816,4199,Aaron Jones,RB,6.3,1,0
2024,5,3,737091087440674816,8137,George Pickens,WR,5.6,1,0
2024,5,3,737091087440674816,10236,Dalton Kincaid,TE,5.4,1,0
2024,5,3,737091087440674816,11586,Blake Corum,RB,4.3,0,0
2024,5,3,737091087440674816,7839,Evan McPherson,K,2.0,1,0
2024,5,3,737091087440674816,4018,Joe Mixon,RB,0,0,0
2024,5,3,737091087440674816,4034,Christian McCaffrey,RB,0,0,0
2024,5,3,737091087440674816,4988,Nick Chubb,RB,0,0,0
2024,5,3,737091087440674816,6768,Tua Tagovailoa,QB,0,0,0
2024,5,4,736744257179770880,11560,Caleb Williams,QB,23.56,0,0
2024,5,4,736744257179770880,4217,George Kittle,TE,20.4,1,0
2024,5,4,736744257179770880,8676,Rashid Shaheed,WR,19.1,0,0
2024,5,4,736744257179770880,4046,Patrick Mahomes,QB,13.94,1,0
2024,5,4,736744257179770880,5927,Terry McLaurin,WR,13.9,1,0
2024,5,4,736744257179770880,8154,Brian Robinson,RB,13.8,1,0
2024,5,4,736744257179770880,1264,Justin Tucker,K,13.0,1,0
2024,5,4,736744257179770880,4950,Christian Kirk,WR,12.8,1,0
2024,5,4,736744257179770880,8136,Rachaad White,RB,9.6,1,0
2024,5,4,736744257179770880,5001,Dalton Schultz,TE,7.4,0,0
2024,5,4,736744257179770880,LV,Las Vegas Raiders,DEF,4.75,1,0
2024,5,4,736744257179770880,4943,Sam Darnold,QB,4.26,1,0
2024,5,4,736744257179770880,8144,Chris Olave,WR,3.0,1,0
2024,5,4,736744257179770880,7049,Jauan Jennings,WR,2.3,0,0
2024,5,4,736744257179770880,4039,Cooper Kupp,WR,0,0,0
2024,5,4,736744257179770880,9221,Jahmyr Gibbs,RB,0,0,0
2024,5,4,736744257179770880,BAL,Baltimore Ravens,DEF,-0.75,0,0
2024,5,5,716698629934481408,8112,Drake London,WR,33.9,1,0
2024,5,5,716698629934481408,6801,Tee Higgins,WR,29.3,1,0
2024,5,5,716698629934481408,19,Joe Flacco,QB,28.06,1,0
2024,5,5,716698629934481408,8151,Kenneth Walker,RB,14.6,1,0
2024,5,5,716698629934481408,10222,Jayden Reed,WR,13.7,1,0
2024,5,5,716698629934481408,11637,Keon Coleman,WR,12.4,0,0
2024,5,5,716698629934481408,4666,Younghoe Koo,K,12.0,1,0
2024,5,5,716698629934481408,7543,Travis Etienne,RB,12.0,1,0
2024,5,5,716698629934481408,6826,Cole Kmet,TE,8.7,1,0
2024,5,5,716698629934481408,4017,Deshaun Watson,QB,8.4,1,0
2024,5,5,716698629934481408,SEA,Seattle Seahawks,DEF,8.25,1,0
2024,5,5,716698629934481408,9753,Zach Charbonnet,RB,6.0,0,0
2024,5,5,716698629934481408,10859,Sam LaPorta,TE,0,0,0
2024,5,5,716698629934481408,3163,Jared Goff,QB,0,0,0
2024,5,5,716698629934481408,6130,Devin Singletary,RB,0,0,0
2024,5,5,716698629934481408,7547,Amon-Ra St. Brown,WR,0,0,0
2024,5,5,716698629934481408,9229,Anthony Richardson,QB,0,0,0
2024,5,6,736740647758938112,4983,DJ Moore,WR,28.0,1,0
2024,5,6,736740647758938112,11604,Brock Bowers,TE,25.2,0,0
2024,5,6,736740647758938112,7021,Rico Dowdle,RB,18.4,0,0
2024,5,6,736740647758938112,8138,James Cook,RB,17.9,1,0
2024,5,6,736740647758938112,7594,Chuba Hubbard,RB,17.5,1,0
2024,5,6,736740647758938112,CHI,Chicago Bears,DEF,17.0,1,0
2024,5,6,736740647758938112,1466,Travis Kelce,TE,16.0,1,0
2024,5,6,736740647758938112,2449,Stefon Diggs,WR,14.2,1,0
2024,5,6,736740647758938112,3321,Tyreek Hill,WR,12.9,1,0
2024,5,6,736740647758938112,421,Matthew Stafford,QB,12.9,1,0
2024,5,6,736740647758938112,4227,Harrison Butker,K,12.0,1,0
2024,5,6,736740647758938112,96,Aaron Rodgers,QB,11.26,1,0
2024,5,6,736740647758938112,4663,Austin Ekeler,RB,10.7,0,0
2024,5,6,736740647758938112,829,Andy Dalton,QB,1.74,0,0
2024,5,6,736740647758938112,5859,A.J. Brown,WR,0,0,0
2024,5,6,736740647758938112,5892,David Montgomery,RB,0,0,0
2024,5,6,736740647758938112,8121,Romeo Doubs,WR,0,0,0
2024,5,7,735974647736213504,4881,Lamar Jackson,QB,32.92,1,0
2024,5,7,735974647736213504,9484,Tucker Kraft,TE,26.3,1,0
2024,5,7,735974647736213504,11566,Jayden Daniels,QB,19.72,1,0
2024,5,7,735974647736213504,9997,Zay Flowers,WR,19.5,1,0
2024,5,7,735974647736213504,3198,Derrick Henry,RB,16.6,1,0
2024,5,7,735974647736213504,6819,Michael Pittman,WR,14.7,1,0
2024,5,7,735974647736213504,4137,James Conner,RB,14.0,1,0
2024,5,7,735974647736213504,NE,New England Patriots,DEF,9.75,1,0
2024,5,7,735974647736213504,8143,Jerome Ford,RB,7.9,0,0
2024,5,7,735974647736213504,11628,Marvin Harrison,WR,5.6,1,0
2024,5,7,735974647736213504,5095,Daniel Carlson,K,5.0,1,0
2024,5,7,735974647736213504,11583,Jonathon Brooks,RB,0,0,0
2024,5,7,735974647736213504,11635,Ladd McConkey,WR,0,0,0
2024,5,7,735974647736213504,5022,Dallas Goedert,TE,0,0,0
2024,5,7,735974647736213504,5844,T.J. Hockenson,TE,0,0,0
2024,5,7,735974647736213504,8134,Khalil Shakir,WR,0,0,0
2024,5,7,735974647736213504,9493,Puka Nacua,WR,0,0,0
2024,5,8,736803054736822272,2216,Mike Evans,WR,23.2,1,0
2024,5,8,736803054736822272,11563,Bo Nix,QB,23.14,1,0
2024,5,8,736803054736822272,3294,Dak Prescott,QB,16.88,1,0
2024,5,8,736803054736822272,5850,Josh Jacobs,RB,16.4,1,0
2024,5,8,736803054736822272,6794,Justin Jefferson,WR,14.2,1,0
2024,5,8,736803054736822272,7528,Najee Harris,RB,9.7,0,0
2024,5,8,736803054736822272,6845,Zack Moss,RB,8.2,1,0
2024,5,8,736803054736822272,2020,Cairo Santos,K,5.0,1,0
2024,5,8,736803054736822272,BUF,Buffalo Bills,DEF,4.25,1,0
2024,5,8,736803054736822272,9486,Dontayvion Wicks,WR,4.0,1,0
2024,5,8,736803054736822272,1339,Zach Ertz,TE,3.0,1,0
2024,5,8,736803054736822272,6783,Jerry Jeudy,WR,2.6,0,0
2024,5,8,736803054736822272,11582,Carson Steele,RB,0.2,0,0
2024,5,8,736803054736822272,4066,Evan Engram,TE,0,0,0
2024,5,8,736803054736822272,6797,Justin Herbert,QB,0,0,0
2024,5,8,736803054736822272,6806,J.K. Dobbins,RB,0,0,0
2024,5,8,736803054736822272,7525,DeVonta Smith,WR,0,0,0
2024,5,9,710284244835979264,1166,Kirk Cousins,QB,35.86,1,0
2024,5,9,710284244835979264,8146,Garrett Wilson,WR,29.6,1,0
2024,5,9,710284244835979264,4892,Baker Mayfield,QB,23.4,1,0
2024,5,9,710284244835979264,6803,Brandon Aiyuk,WR,23.2,1,0
2024,5,9,710284244835979264,6790,D'Andre Swift,RB,20.0,1,0
2024,5,9,710284244835979264,3451,Ka'imi Fairbairn,K,16.0,1,0
2024,5,9,710284244835979264,8150,Kyren Williams,RB,16.0,1,0
2024,5,9,710284244835979264,WAS,Washington Commanders,DEF,15.75,1,0
2024,5,9,710284244835979264,2374,Tyler Lockett,WR,11.5,0,0
2024,5,9,710284244835979264,NYJ,New York Jets,DEF,11.5,0,0
2024,5,9,710284244835979264,5012,Mark Andrews,TE,9.5,1,0
2024,5,9,710284244835979264,5937,Diontae Johnson,WR,5.9,1,0
2024,5,9,710284244835979264,5045,Courtland Sutton,WR,5.2,0,0
2024,5,9,710284244835979264,6904,Jalen Hurts,QB,0,0,0
2024,5,9,710284244835979264,8205,Isiah Pacheco,RB,0,0,0
2024,5,9,710284244835979264,9508,Tyjae Spears,RB,0,0,0
2024,5,9,710284244835979264,9754,Quentin Johnston,WR,0,0,0
2024,5,10,475399371639222272,5870,Daniel Jones,QB,21.08,0,0
2024,5,10,475399371639222272,7611,Rhamondre Stevenson,RB,19.2,0,0
2024,5,10,475399371639222272,9758,C.J. Stroud,QB,17.44,1,0
2024,5,10,475399371639222272,7553,Kyle Pitts,TE,15.8,1,0
2024,5,10,475399371639222272,5947,Jakobi Meyers,WR,13.2,0,0
2024,5,10,475399371639222272,8183,Brock Purdy,QB,13.06,1,0
2024,5,10,475399371639222272,2749,Raheem Mostert,RB,11.8,0,0
2024,5,10,475399371639222272,6786,CeeDee Lamb,WR,11.4,1,0
2024,5,10,475399371639222272,SF,San Francisco 49ers,DEF,11.25,1,0
2024,5,10,475399371639222272,2309,Amari Cooper,WR,10.0,1,0
2024,5,10,475399371639222272,7042,Tyler Bass,K,8.0,1,0
2024,5,10,475399371639222272,9502,Tank Dell,WR,7.3,0,0
2024,5,10,475399371639222272,8155,Breece Hall,RB,6.7,1,0
2024,5,10,475399371639222272,11576,Braelon Allen,RB,3.8,0,0
2024,5,10,475399371639222272,5872,Deebo Samuel,WR,3.0,1,0
2024,5,10,475399371639222272,9226,De'Von Achane,RB,2.7,1,0
2024,5,10,475399371639222272,4981,Calvin Ridley,WR,0,0,0
2024,6,1,608781531883859968,9509,Bijan Robinson,RB,25.5,1,0
2024,6,1,608781531883859968,9500,Josh Downs,WR,19.5,0,0
2024,6,1,608781531883859968,5967,Tony Pollard,RB,17.8,1,0
2024,6,1,608781531883859968,8148,Jameson Williams,WR,17.7,0,0
2024,6,1,608781531883859968,8130,Trey McBride,TE,17.6,1,0
2024,6,1,608781531883859968,PIT,Pittsburgh Steelers,DEF,17.25,1,0
2024,6,1,608781531883859968,7523,Trevor Lawrence,QB,17.06,1,0
2024,6,1,608781531883859968,1945,Chris Boswell,K,17.0,1,0
2024,6,1,608781531883859968,4035,Alvin Kamara,RB,16.4,1,0
2024,6,1,608781531883859968,7564,Ja'Marr Chase,WR,12.2,1,0
2024,6,1,608781531883859968,5849,Kyler Murray,QB,11.96,1,0
2024,6,1,608781531883859968,11562,Spencer Rattler,QB,11.42,0,0
2024,6,1,608781531883859968,8126,Wan'Dale Robinson,WR,10.0,1,0
2024,6,1,608781531883859968,11620,Rome Odunze,WR,6.0,0,0
2024,6,1,608781531883859968,11565,J.J. McCarthy,QB,0,0,0
2024,6,1,608781531883859968,11632,Malik Nabers,WR,0,0,0
2024,6,1,608781531883859968,2133,Davante Adams,WR,0,0,0
2024,6,2,736077599457026048,4984,Josh Allen,QB,23.4,1,0
2024,6,2,736077599457026048,7591,Justin Fields,QB,22.7,1,0
2024,6,2,736077599457026048,11584,Bucky Irving,RB,18.5,1,0
2024,6,2,736077599457026048,9224,Chase Brown,RB,13.4,0,0
2024,6,2,736077599457026048,11533,Brandon Aubrey,K,12.0,1,0
2024,6,2,736077599457026048,9488,Jaxon Smith-Njigba,WR,9.3,1,0
2024,6,2,736077599457026048,4866,Saquon Barkley,RB,7.4,1,0
2024,6,2,736077599457026048,7090,Darnell Mooney,WR,6.8,0,0
2024,6,2,736077599457026048,4983,DJ Moore,WR,6.0,1,0
2024,6,2,736077599457026048,11631,Brian Thomas,WR,5.7,1,0
2024,6,2,736077599457026048,8110,Jake Ferguson,TE,4.1,1,0
2024,6,2,736077599457026048,DEN,Denver Broncos,DEF,2.75,1,0
2024,6,2,736077599457026048,4098,Kareem Hunt,RB,0,0,0
2024,6,2,736077599457026048,6813,Jonathan Taylor,RB,0,0,0
2024,6,2,736077599457026048,7526,Jaylen Waddle,WR,0,0,0
2024,6,2,736077599457026048,7569,Nico Collins,WR,0,0,0
2024,6,2,736077599457026048,9756,Jordan Addison,WR,0,0,0
2024,6,3,737091087440674816,4037,Chris Godwin,WR,37.5,1,0
2024,6,3,737091087440674816,4018,Joe Mixon,RB,27.7,1,0
2024,6,3,737091087440674816,1479,Keenan Allen,WR,21.1,0,0
2024,6,3,737091087440674816,6770,Joe Burrow,QB,20.32,1,0
2024,6,3,737091087440674816,TB,Tampa Bay Buccaneers,DEF,18.25,1,0
2024,6,3,737091087440674816,1373,Geno Smith,QB,12.98,1,0
2024,6,3,737091087440674816,10236,Dalton Kincaid,TE,11.1,1,0
2024,6,3,737091087440674816,8408,Jordan Mason,RB,9.2,1,0
2024,6,3,737091087440674816,8137,George Pickens,WR,8.3,1,0
2024,6,3,737091087440674816,5846,DK Metcalf,WR,7.8,1,0
2024,6,3,737091087440674816,7839,Evan McPherson,K,5.0,1,0
2024,6,3,737091087440674816,11586,Blake Corum,RB,0,0,0
2024,6,3,737091087440674816,11624,Xavier Worthy,WR,0,0,0
2024,6,3,737091087440674816,4034,Christian McCaffrey,RB,0,0,0
2024,6,3,737091087440674816,4199,Aaron Jones,RB,0,0,0
2024,6,3,737091087440674816,4988,Nick Chubb,RB,0,0,0
2024,6,3,737091087440674816,6768,Tua Tagovailoa,QB,0,0,0
2024,6,4,736744257179770880,11560,Caleb Williams,QB,28.64,1,0
2024,6,4,736744257179770880,5927,Terry McLaurin,WR,23.3,1,0
2024,6,4,736744257179770880,4217,George Kittle,TE,22.8,1,0
2024,6,4,736744257179770880,1264,Justin Tucker,K,13.0,1,0
2024,6,4,736744257179770880,9221,Jahmyr Gibbs,RB,12.1,1,0
2024,6,4,736744257179770880,CIN,Cincinnati Bengals,DEF,9.0,1,0
2024,6,4,736744257179770880,8676,Rashid Shaheed,WR,8.3,1,0
2024,6,4,736744257179770880,4950,Christian Kirk,WR,6.9,1,0
2024,6,4,736744257179770880,7049,Jauan Jennings,WR,5.7,0,0
2024,6,4,736744257179770880,BAL,Baltimore Ravens,DEF,4.75,0,0
2024,6,4,736744257179770880,7593,Trey Sermon,RB,2.9,1,0
2024,6,4,736744257179770880,4039,Cooper Kupp,WR,0,0,0
2024,6,4,736744257179770880,4046,Patrick Mahomes,QB,0,0,0
2024,6,4,736744257179770880,4943,Sam Darnold,QB,0,0,0
2024,6,4,736744257179770880,8136,Rachaad White,RB,0,0,0
2024,6,4,736744257179770880,8154,Brian Robinson,RB,0,0,0
2024,6,4,736744257179770880,8144,Chris Olave,WR,-0.5,1,0
2024,6,5,716698629934481408,3163,Jared Goff,QB,26.1,1,0
2024,6,5,716698629934481408,6826,Cole Kmet,TE,24.0,0,0
2024,6,5,716698629934481408,8151,Kenneth Walker,RB,20.9,1,0
2024,6,5,716698629934481408,8112,Drake London,WR,19.4,1,0
2024,6,5,716698629934481408,10222,Jayden Reed,WR,14.8,1,0
2024,6,5,716698629934481408,6801,Tee Higgins,WR,14.7,0,0
2024,6,5,716698629934481408,10859,Sam LaPorta,TE,13.7,1,0
2024,6,5,716698629934481408,7547,Amon-Ra St. Brown,WR,13.7,1,0
2024,6,5,716698629934481408,19,Joe Flacco,QB,13.66,1,0
2024,6,5,716698629934481408,4666,Younghoe Koo,K,12.0,1,0
2024,6,5,716698629934481408,PHI,Philadelphia Eagles,DEF,8.25,1,0
2024,6,5,716698629934481408,11637,Keon Coleman,WR,5.6,0,0
2024,6,5,716698629934481408,9225,Tank Bigsby,RB,1.4,0,0
2024,6,5,716698629934481408,6130,Devin Singletary,RB,0,0,0
2024,6,5,716698629934481408,9229,Anthony Richardson,QB,0,0,0
2024,6,5,716698629934481408,7543,Travis Etienne,RB,-0.1,1,0
2024,6,6,736740647758938112,6804,Jordan Love,QB,25.62,1,0
2024,6,6,736740647758938112,5859,A.J. Brown,WR,24.1,1,0
2024,6,6,736740647758938112,5892,David Montgomery,RB,21.0,1,0
2024,6,6,736740647758938112,8121,Romeo Doubs,WR,19.9,0,0
2024,6,6,736740647758938112,2449,Stefon Diggs,WR,19.7,1,0
2024,6,6,736740647758938112,96,Aaron Rodgers,QB,17.76,1,0
2024,6,6,736740647758938112,11604,Brock Bowers,TE,16.1,1,0
2024,6,6,736740647758938112,7594,Chuba Hubbard,RB,14.3,1,0
2024,6,6,736740647758938112,CHI,Chicago Bears,DEF,12.0,1,0
2024,6,6,736740647758938112,4663,Austin Ekeler,RB,10.8,0,0
2024,6,6,736740647758938112,7021,Rico Dowdle,RB,10.5,0,0
2024,6,6,736740647758938112,6650,Chase McLaughlin,K,9.0,1,0
2024,6,6,736740647758938112,1466,Travis Kelce,TE,0,0,0
2024,6,6,736740647758938112,3321,Tyreek Hill,WR,0,0,0
2024,6,6,736740647758938112,421,Matthew Stafford,QB,0,0,0
2024,6,6,736740647758938112,8138,James Cook,RB,0,1,0
2024,6,7,735974647736213504,3198,Derrick Henry,RB,25.7,1,0
2024,6,7,735974647736213504,9997,Zay Flowers,WR,22.9,1,0
2024,6,7,735974647736213504,11566,Jayden Daniels,QB,20.96,1,0
2024,6,7,735974647736213504,4881,Lamar Jackson,QB,18.92,1,0
2024,6,7,735974647736213504,6806,J.K. Dobbins,RB,18.2,1,0
2024,6,7,735974647736213504,6819,Michael Pittman,WR,12.5,1,0
2024,6,7,735974647736213504,6149,Darius Slayton,WR,11.7,1,0
2024,6,7,735974647736213504,11635,Ladd McConkey,WR,8.3,0,0
2024,6,7,735974647736213504,4195,Jake Elliott,K,8.0,1,0
2024,6,7,735974647736213504,LAC,Los Angeles Chargers,DEF,8.0,1,0
2024,6,7,735974647736213504,8134,Khalil Shakir,WR,3.9,0,0
2024,6,7,735974647736213504,11583,Jonathon Brooks,RB,0,0,0
2024,6,7,735974647736213504,5022,Dallas Goedert,TE,0,1,0
2024,6,7,735974647736213504,5844,T.J. Hockenson,TE,0,0,0
2024,6,7,735974647736213504,5947,Jakobi Meyers,WR,0,0,0
2024,6,7,735974647736213504,6794,Justin Jefferson,WR,0,0,0
2024,6,7,735974647736213504,9493,Puka Nacua,WR,0,0,0
2024,6,8,736803054736822272,11563,Bo Nix,QB,20.74,1,0
2024,6,8,736803054736822272,7528,Najee Harris,RB,20.7,0,0
2024,6,8,736803054736822272,4066,Evan Engram,TE,18.7,0,0
2024,6,8,736803054736822272,7525,DeVonta Smith,WR,15.9,1,0
2024,6,8,736803054736822272,6797,Justin Herbert,QB,12.68,0,0
2024,6,8,736803054736822272,5850,Josh Jacobs,RB,12.0,1,0
2024,6,8,736803054736822272,4137,James Conner,RB,6.6,1,0
2024,6,8,736803054736822272,2216,Mike Evans,WR,5.4,1,0
2024,6,8,736803054736822272,BUF,Buffalo Bills,DEF,4.75,1,0
2024,6,8,736803054736822272,6783,Jerry Jeudy,WR,4.5,0,0
2024,6,8,736803054736822272,9484,Tucker Kraft,TE,3.5,1,0
2024,6,8,736803054736822272,3294,Dak Prescott,QB,3.22,1,0
2024,6,8,736803054736822272,2020,Cairo Santos,K,2.0,1,0
2024,6,8,736803054736822272,9486,Dontayvion Wicks,WR,1.9,0,0
2024,6,8,736803054736822272,6845,Zack Moss,RB,0.5,0,0
2024,6,8,736803054736822272,11628,Marvin Harrison,WR,0,1,0
2024,6,9,710284244835979264,4892,Baker Mayfield,QB,26.9,0,0
2024,6,9,710284244835979264,8146,Garrett Wilson,WR,25.2,1,0
2024,6,9,710284244835979264,6904,Jalen Hurts,QB,21.86,1,0
2024,6,9,710284244835979264,6790,D'Andre Swift,RB,20.9,1,0
2024,6,9,710284244835979264,5937,Diontae Johnson,WR,19.8,1,0
2024,6,9,710284244835979264,2374,Tyler Lockett,WR,16.5,0,0
2024,6,9,710284244835979264,5012,Mark Andrews,TE,15.6,0,0
2024,6,9,710284244835979264,5045,Courtland Sutton,WR,15.3,0,0
2024,6,9,710284244835979264,HOU,Houston Texans,DEF,14.5,1,0
2024,6,9,710284244835979264,1166,Kirk Cousins,QB,12.5,1,0
2024,6,9,710284244835979264,3451,Ka'imi Fairbairn,K,9.0,1,0
2024,6,9,710284244835979264,6803,Brandon Aiyuk,WR,5.7,1,0
2024,6,9,710284244835979264,7588,Javonte Williams,RB,4.6,1,0
2024,6,9,710284244835979264,7600,Pat Freiermuth,TE,3.6,1,0
2024,6,9,710284244835979264,NYJ,New York Jets,DEF,2.5,0,0
2024,6,9,710284244835979264,8150,Kyren Williams,RB,0,0,0
2024,6,9,710284244835979264,8205,Isiah Pacheco,RB,0,0,0
2024,6,10,475399371639222272,8183,Brock Purdy,QB,25.1,1,0
2024,6,10,475399371639222272,5872,Deebo Samuel,WR,22.7,1,0
2024,6,10,475399371639222272,8155,Breece Hall,RB,22.4,1,0
2024,6,10,475399371639222272,9502,Tank Dell,WR,18.7,1,0
2024,6,10,475399371639222272,9758,C.J. Stroud,QB,17.38,1,0
2024,6,10,475399371639222272,6786,CeeDee Lamb,WR,16.1,1,0
2024,6,10,475399371639222272,5870,Daniel Jones,QB,11.8,0,0
2024,6,10,475399371639222272,7553,Kyle Pitts,TE,10.0,1,0
2024,6,10,475399371639222272,SF,San Francisco 49ers,DEF,8.25,1,0
2024,6,10,475399371639222272,2309,Amari Cooper,WR,8.2,0,0
2024,6,10,475399371639222272,6945,Antonio Gibson,RB,7.3,1,0
2024,6,10,475399371639222272,7042,Tyler Bass,K,1.0,1,0
2024,6,10,475399371639222272,4981,Calvin Ridley,WR,0.9,0,0
2024,6,10,475399371639222272,11576,Braelon Allen,RB,0.8,0,0
2024,6,10,475399371639222272,2749,Raheem Mostert,RB,0,0,0
2024,6,10,475399371639222272,7611,Rhamondre Stevenson,RB,0,0,0
2024,6,10,475399371639222272,9226,De'Von Achane,RB,0,0,0
2024,7,1,608781531883859968,9509,Bijan Robinson,RB,23.8,1,0
2024,7,1,608781531883859968,11564,Drake Maye,QB,21.34,1,0
2024,7,1,608781531883859968,5849,Kyler Murray,QB,20.7,1,0
2024,7,1,608781531883859968,7564,Ja'Marr Chase,WR,17.6,1,0
2024,7,1,608781531883859968,7523,Trevor Lawrence,QB,15.02,0,0
2024,7,1,608781531883859968,1945,Chris Boswell,K,14.0,1,0
2024,7,1,608781531883859968,PIT,Pittsburgh Steelers,DEF,10.75,1,0
2024,7,1,608781531883859968,8130,Trey McBride,TE,10.1,1,0
2024,7,1,608781531883859968,5967,Tony Pollard,RB,8.5,1,0
2024,7,1,608781531883859968,4035,Alvin Kamara,RB,8.4,1,0
2024,7,1,608781531883859968,8126,Wan'Dale Robinson,WR,8.3,0,0
2024,7,1,608781531883859968,11632,Malik Nabers,WR,8.1,1,0
2024,7,1,608781531883859968,2133,Davante Adams,WR,6.0,0,0
2024,7,1,608781531883859968,9500,Josh Downs,WR,1.3,0,0
2024,7,1,608781531883859968,8148,Jameson Williams,WR,0.6,0,0
2024,7,1,608781531883859968,11565,J.J. McCarthy,QB,0,0,0
2024,7,1,608781531883859968,11620,Rome Odunze,WR,0,0,0
2024,7,2,736077599457026048,4866,Saquon Barkley,RB,27.2,1,0
2024,7,2,736077599457026048,4098,Kareem Hunt,RB,22.3,1,0
2024,7,2,736077599457026048,11631,Brian Thomas,WR,22.1,1,0
2024,7,2,736077599457026048,DEN,Denver Broncos,DEF,21.5,1,0
2024,7,2,736077599457026048,4984,Josh Allen,QB,21.02,1,0
2024,7,2,736077599457026048,11584,Bucky Irving,RB,16.7,0,0
2024,7,2,736077599457026048,7090,Darnell Mooney,WR,9.6,1,0
2024,7,2,736077599457026048,9756,Jordan Addison,WR,9.6,1,0
2024,7,2,736077599457026048,9224,Chase Brown,RB,7.3,0,0
2024,7,2,736077599457026048,9488,Jaxon Smith-Njigba,WR,5.3,1,0
2024,7,2,736077599457026048,7526,Jaylen Waddle,WR,2.1,0,0
2024,7,2,736077599457026048,11533,Brandon Aubrey,K,0,1,0
2024,7,2,736077599457026048,4983,DJ Moore,WR,0,0,0
2024,7,2,736077599457026048,6813,Jonathan Taylor,RB,0,0,0
2024,7,2,736077599457026048,7569,Nico Collins,WR,0,0,0
2024,7,2,736077599457026048,7591,Justin Fields,QB,0,0,0
2024,7,2,736077599457026048,8110,Jake Ferguson,TE,0,1,0
2024,7,3,737091087440674816,4018,Joe Mixon,RB,26.9,1,0
2024,7,3,737091087440674816,8137,George Pickens,WR,22.6,1,0
2024,7,3,737091087440674816,4199,Aaron Jones,RB,20.6,0,0
2024,7,3,737091087440674816,5846,DK Metcalf,WR,19.9,1,0
2024,7,3,737091087440674816,1373,Geno Smith,QB,16.78,1,0
2024,7,3,737091087440674816,6770,Joe Burrow,QB,14.94,1,0
2024,7,3,737091087440674816,4037,Chris Godwin,WR,13.5,1,0
2024,7,3,737091087440674816,IND,Indianapolis Colts,DEF,11.0,1,0
2024,7,3,737091087440674816,4988,Nick Chubb,RB,10.2,0,0
2024,7,3,737091087440674816,8408,Jordan Mason,RB,8.9,1,0
2024,7,3,737091087440674816,10236,Dalton Kincaid,TE,7.2,1,0
2024,7,3,737091087440674816,11624,Xavier Worthy,WR,5.4,0,0
2024,7,3,737091087440674816,11586,Blake Corum,RB,1.1,0,0
2024,7,3,737091087440674816,7839,Evan McPherson,K,1.0,1,0
2024,7,3,737091087440674816,1479,Keenan Allen,WR,0,0,0
2024,7,3,737091087440674816,4034,Christian McCaffrey,RB,0,0,0
2024,7,3,737091087440674816,6768,Tua Tagovailoa,QB,0,0,0
2024,7,4,736744257179770880,9221,Jahmyr Gibbs,RB,33.0,1,0
2024,7,4,736744257179770880,8136,Rachaad White,RB,29.1,0,0
2024,7,4,736744257179770880,CIN,Cincinnati Bengals,DEF,17.0,1,0
2024,7,4,736744257179770880,4943,Sam Darnold,QB,16.26,1,0
2024,7,4,736744257179770880,5927,Terry McLaurin,WR,15.8,1,0
2024,7,4,736744257179770880,4217,George Kittle,TE,15.2,1,0
2024,7,4,736744257179770880,8154,Brian Robinson,RB,13.1,1,0
2024,7,4,736744257179770880,1264,Justin Tucker,K,13.0,1,0
2024,7,4,736744257179770880,4046,Patrick Mahomes,QB,12.06,1,0
2024,7,4,736744257179770880,4950,Christian Kirk,WR,3.4,1,0
2024,7,4,736744257179770880,11560,Caleb Williams,QB,0,0,0
2024,7,4,736744257179770880,11623,Jordan Whittington,WR,0,1,0
2024,7,4,736744257179770880,4039,Cooper Kupp,WR,0,0,0
2024,7,4,736744257179770880,7049,Jauan Jennings,WR,0,0,0
2024,7,4,736744257179770880,8144,Chris Olave,WR,0,0,0
2024,7,4,736744257179770880,8676,Rashid Shaheed,WR,0,0,0
2024,7,5,716698629934481408,7547,Amon-Ra St. Brown,WR,25.7,1,0
2024,7,5,716698629934481408,9225,Tank Bigsby,RB,24.3,1,0
2024,7,5,716698629934481408,8151,Kenneth Walker,RB,23.3,1,0
2024,7,5,716698629934481408,8112,Drake London,WR,18.3,1,0
2024,7,5,716698629934481408,6801,Tee Higgins,WR,18.2,0,0
2024,7,5,716698629934481408,11637,Keon Coleman,WR,17.0,0,0
2024,7,5,716698629934481408,3163,Jared Goff,QB,16.8,1,0
2024,7,5,716698629934481408,PHI,Philadelphia Eagles,DEF,16.5,1,0
2024,7,5,716698629934481408,9229,Anthony Richardson,QB,8.76,1,0
2024,7,5,716698629934481408,10859,Sam LaPorta,TE,3.5,1,0
2024,7,5,716698629934481408,6130,Devin Singletary,RB,3.1,0,0
2024,7,5,716698629934481408,10222,Jayden Reed,WR,3.0,1,0
2024,7,5,716698629934481408,9753,Zach Charbonnet,RB,1.9,0,0
2024,7,5,716698629934481408,4666,Younghoe Koo,K,0,1,0
2024,7,5,716698629934481408,6826,Cole Kmet,TE,0,0,0
2024,7,5,716698629934481408,7543,Travis Etienne,RB,0,0,0
2024,7,6,736740647758938112,5859,A.J. Brown,WR,20.4,1,0
2024,7,6,736740647758938112,11604,Brock Bowers,TE,19.3,0,0
2024,7,6,736740647758938112,8121,Romeo Doubs,WR,17.4,0,0
2024,7,6,736740647758938112,6804,Jordan Love,QB,16.8,1,0
2024,7,6,736740647758938112,96,Aaron Rodgers,QB,13.04,0,0
2024,7,6,736740647758938112,7594,Chuba Hubbard,RB,11.2,1,0
2024,7,6,736740647758938112,8138,James Cook,RB,9.2,0,0
2024,7,6,736740647758938112,5892,David Montgomery,RB,8.0,1,0
2024,7,6,736740647758938112,2449,Stefon Diggs,WR,7.3,1,0
2024,7,6,736740647758938112,1466,Travis Kelce,TE,5.7,1,0
2024,7,6,736740647758938112,4227,Harrison Butker,K,4.0,1,0
2024,7,6,736740647758938112,4663,Austin Ekeler,RB,4.0,0,0
2024,7,6,736740647758938112,421,Matthew Stafford,QB,3.96,1,0
2024,7,6,736740647758938112,3321,Tyreek Hill,WR,2.3,1,0
2024,7,6,736740647758938112,BAL,Baltimore Ravens,DEF,2.25,0,0
2024,7,6,736740647758938112,NO,New Orleans Saints,DEF,2.0,1,0
2024,7,6,736740647758938112,7021,Rico Dowdle,RB,0,0,0
2024,7,7,735974647736213504,4881,Lamar Jackson,QB,34.44,1,0
2024,7,7,735974647736213504,3198,Derrick Henry,RB,25.7,1,0
2024,7,7,735974647736213504,4033,David Njoku,TE,23.6,1,0
2024,7,7,735974647736213504,6794,Justin Jefferson,WR,21.4,1,0
2024,7,7,735974647736213504,8134,Khalil Shakir,WR,13.5,0,0
2024,7,7,735974647736213504,JAX,Jacksonville Jaguars,DEF,12.5,1,0
2024,7,7,735974647736213504,6806,J.K. Dobbins,RB,9.6,1,0
2024,7,7,735974647736213504,6819,Michael Pittman,WR,9.3,1,0
2024,7,7,735974647736213504,11635,Ladd McConkey,WR,8.6,0,0
2024,7,7,735974647736213504,11566,Jayden Daniels,QB,5.24,1,0
2024,7,7,735974647736213504,LAC,Los Angeles Chargers,DEF,5.0,0,0
2024,7,7,735974647736213504,4195,Jake Elliott,K,4.0,1,0
2024,7,7,735974647736213504,9997,Zay Flowers,WR,4.0,1,0
2024,7,7,735974647736213504,11583,Jonathon Brooks,RB,0,0,0
2024,7,7,735974647736213504,5844,T.J. Hockenson,TE,0,0,0
2024,7,7,735974647736213504,5947,Jakobi Meyers,WR,0,0,0
2024,7,7,735974647736213504,9493,Puka Nacua,WR,0,0,0
2024,7,8,736803054736822272,5850,Josh Jacobs,RB,20.2,1,0
2024,7,8,736803054736822272,4137,James Conner,RB,16.7,1,0
2024,7,8,736803054736822272,7528,Najee Harris,RB,16.7,0,0
2024,7,8,736803054736822272,6797,Justin Herbert,QB,15.26,1,0
2024,7,8,736803054736822272,11563,Bo Nix,QB,14.06,1,0
2024,7,8,736803054736822272,9486,Dontayvion Wicks,WR,13.8,0,0
2024,7,8,736803054736822272,BUF,Buffalo Bills,DEF,13.75,1,0
2024,7,8,736803054736822272,9484,Tucker Kraft,TE,12.3,1,0
2024,7,8,736803054736822272,6083,Matt Gay,K,12.0,1,0
2024,7,8,736803054736822272,2216,Mike Evans,WR,9.5,1,0
2024,7,8,736803054736822272,4066,Evan Engram,TE,8.5,0,0
2024,7,8,736803054736822272,6845,Zack Moss,RB,7.0,0,0
2024,7,8,736803054736822272,11628,Marvin Harrison,WR,5.1,1,0
2024,7,8,736803054736822272,6783,Jerry Jeudy,WR,2.8,0,0
2024,7,8,736803054736822272,7525,DeVonta Smith,WR,0.8,1,0
2024,7,8,736803054736822272,3294,Dak Prescott,QB,0,0,0
2024,7,9,710284244835979264,4892,Baker Mayfield,QB,27.5,1,0
2024,7,9,710284244835979264,7588,Javonte Williams,RB,26.1,1,0
2024,7,9,710284244835979264,6904,Jalen Hurts,QB,22.76,1,0
2024,7,9,710284244835979264,5012,Mark Andrews,TE,20.1,1,0
2024,7,9,710284244835979264,8150,Kyren Williams,RB,19.6,1,0
2024,7,9,710284244835979264,LAR,Los Angeles Rams,DEF,17.5,1,0
2024,7,9,710284244835979264,8146,Garrett Wilson,WR,13.1,1,0
2024,7,9,710284244835979264,3451,Ka'imi Fairbairn,K,12.0,1,0
2024,7,9,710284244835979264,2374,Tyler Lockett,WR,8.5,0,0
2024,7,9,710284244835979264,1166,Kirk Cousins,QB,7.18,0,0
2024,7,9,710284244835979264,7600,Pat Freiermuth,TE,7.1,0,0
2024,7,9,710284244835979264,6803,Brandon Aiyuk,WR,4.3,1,0
2024,7,9,710284244835979264,5937,Diontae Johnson,WR,2.7,1,0
2024,7,9,710284244835979264,5045,Courtland Sutton,WR,0,0,0
2024,7,9,710284244835979264,6790,D'Andre Swift,RB,0,0,0
2024,7,9,710284244835979264,8205,Isiah Pacheco,RB,0,0,0
2024,7,9,710284244835979264,NYJ,New York Jets,DEF,-4.75,0,0
2024,7,10,475399371639222272,8155,Breece Hall,RB,26.6,1,0
2024,7,10,475399371639222272,8183,Brock Purdy,QB,17.18,1,0
2024,7,10,475399371639222272,2309,Amari Cooper,WR,16.6,1,0
2024,7,10,475399371639222272,7553,Kyle Pitts,TE,13.5,1,0
2024,7,10,475399371639222272,9226,De'Von Achane,RB,10.5,1,0
2024,7,10,475399371639222272,7042,Tyler Bass,K,10.0,1,0
2024,7,10,475399371639222272,SF,San Francisco 49ers,DEF,6.5,1,0
2024,7,10,475399371639222272,5870,Daniel Jones,QB,5.96,0,0
2024,7,10,475399371639222272,9758,C.J. Stroud,QB,5.34,1,0
2024,7,10,475399371639222272,7611,Rhamondre Stevenson,RB,4.5,0,0
2024,7,10,475399371639222272,2749,Raheem Mostert,RB,3.0,0,0
2024,7,10,475399371639222272,11576,Braelon Allen,RB,1.6,0,0
2024,7,10,475399371639222272,4040,JuJu Smith-Schuster,WR,0,0,0
2024,7,10,475399371639222272,5872,Deebo Samuel,WR,0,1,0
2024,7,10,475399371639222272,6786,CeeDee Lamb,WR,0,0,0
2024,7,10,475399371639222272,9502,Tank Dell,WR,0,1,0
2024,8,1,608781531883859968,9500,Josh Downs,WR,24.2,0,0
2024,8,1,608781531883859968,9509,Bijan Robinson,RB,23.6,1,0
2024,8,1,608781531883859968,7523,Trevor Lawrence,QB,23.32,0,0
2024,8,1,608781531883859968,8130,Trey McBride,TE,21.9,1,0
2024,8,1,608781531883859968,5849,Kyler Murray,QB,21.68,1,0
2024,8,1,608781531883859968,7564,Ja'Marr Chase,WR,20.4,1,0
2024,8,1,608781531883859968,4035,Alvin Kamara,RB,18.2,1,0
2024,8,1,608781531883859968,5967,Tony Pollard,RB,14.7,0,0
2024,8,1,608781531883859968,PIT,Pittsburgh Steelers,DEF,14.5,1,0
2024,8,1,608781531883859968,11632,Malik Nabers,WR,14.1,1,0
2024,8,1,608781531883859968,1945,Chris Boswell,K,14.0,1,0
2024,8,1,608781531883859968,9229,Anthony Richardson,QB,11.5,1,0
2024,8,1,608781531883859968,2133,Davante Adams,WR,9.4,1,0
2024,8,1,608781531883859968,11620,Rome Odunze,WR,8.4,0,0
2024,8,1,608781531883859968,8126,Wan'Dale Robinson,WR,8.0,0,0
2024,8,1,608781531883859968,11565,J.J. McCarthy,QB,0,0,0
2024,8,1,608781531883859968,8148,Jameson Williams,WR,0,0,0
2024,8,2,736077599457026048,6813,Jonathan Taylor,RB,19.2,1,0
2024,8,2,736077599457026048,4984,Josh Allen,QB,18.82,1,0
2024,8,2,736077599457026048,7090,Darnell Mooney,WR,18.6,0,0
2024,8,2,736077599457026048,11584,Bucky Irving,RB,15.4,0,0
2024,8,2,736077599457026048,11631,Brian Thomas,WR,15.0,1,0
2024,8,2,736077599457026048,1234,Russell Wilson,QB,13.82,1,0
2024,8,2,736077599457026048,DEN,Denver Broncos,DEF,13.5,1,0
2024,8,2,736077599457026048,4098,Kareem Hunt,RB,13.3,1,0
2024,8,2,736077599457026048,9488,Jaxon Smith-Njigba,WR,12.9,0,0
2024,8,2,736077599457026048,4866,Saquon Barkley,RB,12.6,1,0
2024,8,2,736077599457026048,9224,Chase Brown,RB,11.4,0,0
2024,8,2,736077599457026048,7526,Jaylen Waddle,WR,8.5,0,0
2024,8,2,736077599457026048,8110,Jake Ferguson,TE,7.3,1,0
2024,8,2,736077599457026048,11533,Brandon Aubrey,K,6.0,1,0
2024,8,2,736077599457026048,4983,DJ Moore,WR,5.4,1,0
2024,8,2,736077599457026048,7569,Nico Collins,WR,0,0,0
2024,8,2,736077599457026048,7591,Justin Fields,QB,0,0,0
2024,8,3,737091087440674816,4018,Joe Mixon,RB,23.9,1,0
2024,8,3,737091087440674816,11624,Xavier Worthy,WR,13.7,0,0
2024,8,3,737091087440674816,6770,Joe Burrow,QB,13.36,1,0
2024,8,3,737091087440674816,10236,Dalton Kincaid,TE,13.1,1,0
2024,8,3,737091087440674816,6768,Tua Tagovailoa,QB,12.16,0,0
2024,8,3,737091087440674816,4199,Aaron Jones,RB,11.5,1,0
2024,8,3,737091087440674816,8137,George Pickens,WR,11.4,1,0
2024,8,3,737091087440674816,KC,Kansas City Chiefs,DEF,10.75,1,0
2024,8,3,737091087440674816,1373,Geno Smith,QB,7.08,1,0
2024,8,3,737091087440674816,1479,Keenan Allen,WR,5.9,1,0
2024,8,3,737091087440674816,4988,Nick Chubb,RB,5.2,0,0
2024,8,3,737091087440674816,7839,Evan McPherson,K,3.0,1,0
2024,8,3,737091087440674816,11586,Blake Corum,RB,2.8,0,0
2024,8,3,737091087440674816,8408,Jordan Mason,RB,1.8,1,0
2024,8,3,737091087440674816,4034,Christian McCaffrey,RB,0,0,0
2024,8,3,737091087440674816,4037,Chris Godwin,WR,0,0,0
2024,8,3,737091087440674816,5846,DK Metcalf,WR,0,0,0
2024,8,4,736744257179770880,4217,George Kittle,TE,25.3,1,0
2024,8,4,736744257179770880,9221,Jahmyr Gibbs,RB,22.3,1,0
2024,8,4,736744257179770880,8144,Chris Olave,WR,19.2,1,0
2024,8,4,736744257179770880,4046,Patrick Mahomes,QB,18.68,0,0
2024,8,4,736744257179770880,4943,Sam Darnold,QB,18.2,1,0
2024,8,4,736744257179770880,5927,Terry McLaurin,WR,18.0,1,0
2024,8,4,736744257179770880,4039,Cooper Kupp,WR,16.1,1,0
2024,8,4,736744257179770880,8136,Rachaad White,RB,15.7,1,0
2024,8,4,736744257179770880,11560,Caleb Williams,QB,9.94,1,0
2024,8,4,736744257179770880,11618,Jalen McMillan,WR,9.2,0,0
2024,8,4,736744257179770880,8154,Brian Robinson,RB,8.6,0,0
2024,8,4,736744257179770880,4950,Christian Kirk,WR,7.9,0,0
2024,8,4,736744257179770880,1264,Justin Tucker,K,5.0,1,0
2024,8,4,736744257179770880,7049,Jauan Jennings,WR,0,0,0
2024,8,4,736744257179770880,CHI,Chicago Bears,DEF,0,1,0
2024,8,5,716698629934481408,2306,Jameis Winston,QB,24.06,1,0
2024,8,5,716698629934481408,11637,Keon Coleman,WR,18.0,0,0
2024,8,5,716698629934481408,10859,Sam LaPorta,TE,16.8,0,0
2024,8,5,716698629934481408,3163,Jared Goff,QB,13.5,1,0
2024,8,5,716698629934481408,11564,Drake Maye,QB,11.52,0,0
2024,8,5,716698629934481408,HOU,Houston Texans,DEF,10.75,1,0
2024,8,5,716698629934481408,9225,Tank Bigsby,RB,10.6,1,0
2024,8,5,716698629934481408,7547,Amon-Ra St. Brown,WR,8.7,1,0
2024,8,5,716698629934481408,8151,Kenneth Walker,RB,8.5,1,0
2024,8,5,716698629934481408,10222,Jayden Reed,WR,7.5,1,0
2024,8,5,716698629934481408,8112,Drake London,WR,7.4,1,0
2024,8,5,716698629934481408,6826,Cole Kmet,TE,4.4,1,0
2024,8,5,716698629934481408,6130,Devin Singletary,RB,4.3,0,0
2024,8,5,716698629934481408,4666,Younghoe Koo,K,4.0,1,0
2024,8,5,716698629934481408,6801,Tee Higgins,WR,0,0,0
2024,8,5,716698629934481408,7543,Travis Etienne,RB,0,0,0
2024,8,6,736740647758938112,8138,James Cook,RB,28.8,1,0
2024,8,6,736740647758938112,421,Matthew Stafford,QB,25.26,0,0
2024,8,6,736740647758938112,1466,Travis Kelce,TE,24.0,0,0
2024,8,6,736740647758938112,96,Aaron Rodgers,QB,17.32,1,0
2024,8,6,736740647758938112,5892,David Montgomery,RB,14.92,1,0
2024,8,6,736740647758938112,5859,A.J. Brown,WR,13.4,1,0
2024,8,6,736740647758938112,3321,Tyreek Hill,WR,13.2,1,0
2024,8,6,736740647758938112,2449,Stefon Diggs,WR,12.7,1,0
2024,8,6,736740647758938112,11604,Brock Bowers,TE,10.8,1,0
2024,8,6,736740647758938112,8121,Romeo Doubs,WR,10.2,0,0
2024,8,6,736740647758938112,4227,Harrison Butker,K,10.0,1,0
2024,8,6,736740647758938112,7594,Chuba Hubbard,RB,9.1,0,0
2024,8,6,736740647758938112,4663,Austin Ekeler,RB,7.8,0,0
2024,8,6,736740647758938112,6804,Jordan Love,QB,5.74,1,0
2024,8,6,736740647758938112,BAL,Baltimore Ravens,DEF,0.5,1,0
2024,8,6,736740647758938112,7021,Rico Dowdle,RB,0,0,0
2024,8,7,735974647736213504,11635,Ladd McConkey,WR,31.1,1,0
2024,8,7,735974647736213504,4881,Lamar Jackson,QB,24.16,1,0
2024,8,7,735974647736213504,7611,Rhamondre Stevenson,RB,23.5,0,0
2024,8,7,735974647736213504,11566,Jayden Daniels,QB,23.24,1,0
2024,8,7,735974647736213504,6794,Justin Jefferson,WR,20.0,1,0
2024,8,7,735974647736213504,9493,Puka Nacua,WR,18.6,0,0
2024,8,7,735974647736213504,5947,Jakobi Meyers,WR,17.2,0,0
2024,8,7,735974647736213504,4033,David Njoku,TE,17.1,1,0
2024,8,7,735974647736213504,6806,J.K. Dobbins,RB,16.8,1,0
2024,8,7,735974647736213504,3198,Derrick Henry,RB,14.7,1,0
2024,8,7,735974647736213504,9502,Tank Dell,WR,13.5,1,0
2024,8,7,735974647736213504,LAC,Los Angeles Chargers,DEF,8.25,1,0
2024,8,7,735974647736213504,1426,DeAndre Hopkins,WR,4.9,0,0
2024,8,7,735974647736213504,3678,Wil Lutz,K,4.0,1,0
2024,8,7,735974647736213504,6819,Michael Pittman,WR,2.6,0,0
2024,8,7,735974647736213504,11583,Jonathon Brooks,RB,0,0,0
2024,8,7,735974647736213504,5844,T.J. Hockenson,TE,0,0,0
2024,8,8,736803054736822272,11563,Bo Nix,QB,30.26,1,0
2024,8,8,736803054736822272,5850,Josh Jacobs,RB,26.0,1,0
2024,8,8,736803054736822272,6797,Justin Herbert,QB,25.06,1,0
2024,8,8,736803054736822272,11628,Marvin Harrison,WR,23.6,1,0
2024,8,8,736803054736822272,7525,DeVonta Smith,WR,21.0,1,0
2024,8,8,736803054736822272,9484,Tucker Kraft,TE,16.8,1,0
2024,8,8,736803054736822272,7528,Najee Harris,RB,16.6,0,0
2024,8,8,736803054736822272,4137,James Conner,RB,14.9,1,0
2024,8,8,736803054736822272,3294,Dak Prescott,QB,14.12,0,0
2024,8,8,736803054736822272,4066,Evan Engram,TE,13.6,0,0
2024,8,8,736803054736822272,6783,Jerry Jeudy,WR,12.9,1,0
2024,8,8,736803054736822272,BUF,Buffalo Bills,DEF,11.75,1,0
2024,8,8,736803054736822272,6083,Matt Gay,K,9.0,1,0
2024,8,8,736803054736822272,6845,Zack Moss,RB,6.9,0,0
2024,8,8,736803054736822272,9486,Dontayvion Wicks,WR,3.1,0,0
2024,8,8,736803054736822272,2216,Mike Evans,WR,0,0,0
2024,8,9,710284244835979264,6904,Jalen Hurts,QB,35.14,1,0
2024,8,9,710284244835979264,1166,Kirk Cousins,QB,27.64,1,0
2024,8,9,710284244835979264,8150,Kyren Williams,RB,22.6,1,0
2024,8,9,710284244835979264,4892,Baker Mayfield,QB,21.8,0,0
2024,8,9,710284244835979264,6790,D'Andre Swift,RB,20.9,1,0
2024,8,9,710284244835979264,5045,Courtland Sutton,WR,17.62,0,0
2024,8,9,710284244835979264,8146,Garrett Wilson,WR,16.8,1,0
2024,8,9,710284244835979264,DET,Detroit Lions,DEF,15.75,1,0
2024,8,9,710284244835979264,5012,Mark Andrews,TE,14.6,1,0
2024,8,9,710284244835979264,3451,Ka'imi Fairbairn,K,11.0,1,0
2024,8,9,710284244835979264,7588,Javonte Williams,RB,9.2,1,0
2024,8,9,710284244835979264,NYJ,New York Jets,DEF,5.5,0,0
2024,8,9,710284244835979264,7600,Pat Freiermuth,TE,3.9,0,0
2024,8,9,710284244835979264,2374,Tyler Lockett,WR,1.9,1,0
2024,8,9,710284244835979264,5937,Diontae Johnson,WR,0,0,0
2024,8,9,710284244835979264,6803,Brandon Aiyuk,WR,0,0,0
2024,8,9,710284244835979264,8205,Isiah Pacheco,RB,0,0,0
2024,8,10,475399371639222272,6786,CeeDee Lamb,WR,40.1,1,0
2024,8,10,475399371639222272,9226,De'Von Achane,RB,26.7,1,0
2024,8,10,475399371639222272,7553,Kyle Pitts,TE,25.6,1,0
2024,8,10,475399371639222272,8183,Brock Purdy,QB,25.0,1,0
2024,8,10,475399371639222272,11655,Tyrone Tracy,RB,24.0,0,0
2024,8,10,475399371639222272,8134,Khalil Shakir,WR,20.4,0,0
2024,8,10,475399371639222272,9997,Zay Flowers,WR,19.0,1,0
2024,8,10,475399371639222272,2749,Raheem Mostert,RB,16.0,0,0
2024,8,10,475399371639222272,9758,C.J. Stroud,QB,12.9,1,0
2024,8,10,475399371639222272,5872,Deebo Samuel,WR,12.6,0,0
2024,8,10,475399371639222272,SF,San Francisco 49ers,DEF,11.0,1,0
2024,8,10,475399371639222272,5987,Alexander Mattison,RB,9.4,0,0
2024,8,10,475399371639222272,8155,Breece Hall,RB,8.9,1,0
2024,8,10,475399371639222272,7042,Tyler Bass,K,7.0,1,0
2024,8,10,475399371639222272,5870,Daniel Jones,QB,6.66,0,0
2024,8,10,475399371639222272,2309,Amari Cooper,WR,1.3,1,0
2024,8,10,475399371639222272,4040,JuJu Smith-Schuster,WR,0,0,0
2024,9,1,608781531883859968,4035,Alvin Kamara,RB,28.0,1,0
2024,9,1,608781531883859968,2133,Davante Adams,WR,22.1,1,0
2024,9,1,608781531883859968,9509,Bijan Robinson,RB,21.5,1,0
2024,9,1,608781531883859968,7523,Trevor Lawrence,QB,19.56,0,0
2024,9,1,608781531883859968,5967,Tony Pollard,RB,18.9,0,0
2024,9,1,608781531883859968,11620,Rome Odunze,WR,15.9,0,0
2024,9,1,608781531883859968,11632,Malik Nabers,WR,14.9,1,0
2024,9,1,608781531883859968,CIN,Cincinnati Bengals,DEF,12.75,1,0
2024,9,1,608781531883859968,8130,Trey McBride,TE,12.7,1,0
2024,9,1,608781531883859968,9500,Josh Downs,WR,12.0,1,0
2024,9,1,608781531883859968,7564,Ja'Marr Chase,WR,11.3,1,0
2024,9,1,608781531883859968,6650,Chase McLaughlin,K,7.0,1,0
2024,9,1,608781531883859968,5849,Kyler Murray,QB,4.76,1,0
2024,9,1,608781531883859968,8126,Wan'Dale Robinson,WR,4.0,0,0
2024,9,1,608781531883859968,19,Joe Flacco,QB,3.06,0,0
2024,9,1,608781531883859968,11565,J.J. McCarthy,QB,0,0,0
2024,9,1,608781531883859968,1945,Chris Boswell,K,0,0,0
2024,9,1,608781531883859968,8148,Jameson Williams,WR,0,0,0
2024,9,2,736077599457026048,9488,Jaxon Smith-Njigba,WR,37.5,0,0
2024,9,2,736077599457026048,4866,Saquon Barkley,RB,33.4,1,0
2024,9,2,736077599457026048,9224,Chase Brown,RB,27.2,1,0
2024,9,2,736077599457026048,4984,Josh Allen,QB,23.6,1,0
2024,9,2,736077599457026048,8111,Cade Otton,TE,21.7,1,0
2024,9,2,736077599457026048,7090,Darnell Mooney,WR,19.8,1,0
2024,9,2,736077599457026048,4098,Kareem Hunt,RB,19.2,1,0
2024,9,2,736077599457026048,8110,Jake Ferguson,TE,14.1,0,0
2024,9,2,736077599457026048,8112,Drake London,WR,10.7,1,0
2024,9,2,736077599457026048,11533,Brandon Aubrey,K,9.0,1,0
2024,9,2,736077599457026048,7526,Jaylen Waddle,WR,7.6,0,0
2024,9,2,736077599457026048,4983,DJ Moore,WR,7.3,1,0
2024,9,2,736077599457026048,11584,Bucky Irving,RB,6.4,0,0
2024,9,2,736077599457026048,11631,Brian Thomas,WR,6.2,0,0
2024,9,2,736077599457026048,WAS,Washington Commanders,DEF,4.5,1,0
2024,9,2,736077599457026048,1234,Russell Wilson,QB,0,0,0
2024,9,2,736077599457026048,7569,Nico Collins,WR,0,0,0
2024,9,3,737091087440674816,6770,Joe Burrow,QB,29.64,1,0
2024,9,3,737091087440674816,1373,Geno Smith,QB,21.12,1,0
2024,9,3,737091087440674816,6768,Tua Tagovailoa,QB,18.04,0,0
2024,9,3,737091087440674816,4018,Joe Mixon,RB,17.1,1,0
2024,9,3,737091087440674816,4199,Aaron Jones,RB,12.2,1,0
2024,9,3,737091087440674816,7839,Evan McPherson,K,12.0,1,0
2024,9,3,737091087440674816,1479,Keenan Allen,WR,7.6,1,0
2024,9,3,737091087440674816,10236,Dalton Kincaid,TE,7.2,1,0
2024,9,3,737091087440674816,KC,Kansas City Chiefs,DEF,5.5,1,0
2024,9,3,737091087440674816,4988,Nick Chubb,RB,4.5,1,0
2024,9,3,737091087440674816,4034,Christian McCaffrey,RB,0,0,0
2024,9,3,737091087440674816,4037,Chris Godwin,WR,0,0,0
2024,9,3,737091087440674816,5846,DK Metcalf,WR,0,0,0
2024,9,3,737091087440674816,8137,George Pickens,WR,0,0,0
2024,9,3,737091087440674816,8408,Jordan Mason,RB,0,0,0
2024,9,3,737091087440674816,11586,Blake Corum,RB,-0.1,0,0
2024,9,3,737091087440674816,11624,Xavier Worthy,WR,-1.0,1,0
2024,9,4,736744257179770880,4046,Patrick Mahomes,QB,25.04,0,0
2024,9,4,736744257179770880,4039,Cooper Kupp,WR,21.9,1,0
2024,9,4,736744257179770880,4943,Sam Darnold,QB,19.5,1,0
2024,9,4,736744257179770880,4381,Taysom Hill,TE,16.0,1,0
2024,9,4,736744257179770880,5927,Terry McLaurin,WR,15.9,1,0
2024,9,4,736744257179770880,9221,Jahmyr Gibbs,RB,14.6,1,0
2024,9,4,736744257179770880,8136,Rachaad White,RB,12.5,1,0
2024,9,4,736744257179770880,1264,Justin Tucker,K,11.0,1,0
2024,9,4,736744257179770880,11560,Caleb Williams,QB,9.18,1,0
2024,9,4,736744257179770880,CHI,Chicago Bears,DEF,6.75,1,0
2024,9,4,736744257179770880,8144,Chris Olave,WR,2.3,1,0
2024,9,4,736744257179770880,11618,Jalen McMillan,WR,0,0,0
2024,9,4,736744257179770880,4217,George Kittle,TE,0,0,0
2024,9,4,736744257179770880,4950,Christian Kirk,WR,0,0,0
2024,9,4,736744257179770880,7049,Jauan Jennings,WR,0,0,0
2024,9,4,736744257179770880,8154,Brian Robinson,RB,0,0,0
2024,9,5,716698629934481408,7547,Amon-Ra St. Brown,WR,18.6,1,0
2024,9,5,716698629934481408,10222,Jayden Reed,WR,16.8,1,0
2024,9,5,716698629934481408,11564,Drake Maye,QB,15.24,0,0
2024,9,5,716698629934481408,8151,Kenneth Walker,RB,13.7,1,0
2024,9,5,716698629934481408,PHI,Philadelphia Eagles,DEF,13.0,1,0
2024,9,5,716698629934481408,2306,Jameis Winston,QB,9.6,1,0
2024,9,5,716698629934481408,3163,Jared Goff,QB,9.6,1,0
2024,9,5,716698629934481408,6813,Jonathan Taylor,RB,8.9,1,0
2024,9,5,716698629934481408,11637,Keon Coleman,WR,5.1,1,0
2024,9,5,716698629934481408,7543,Travis Etienne,RB,5.0,0,0
2024,9,5,716698629934481408,10859,Sam LaPorta,TE,4.8,1,0
2024,9,5,716698629934481408,6130,Devin Singletary,RB,3.3,0,0
2024,9,5,716698629934481408,4666,Younghoe Koo,K,3.0,1,0
2024,9,5,716698629934481408,9225,Tank Bigsby,RB,2.2,0,0
2024,9,5,716698629934481408,6801,Tee Higgins,WR,0,0,0
2024,9,5,716698629934481408,6826,Cole Kmet,TE,0,0,0
2024,9,6,736740647758938112,1466,Travis Kelce,TE,22.5,1,0
2024,9,6,736740647758938112,7021,Rico Dowdle,RB,21.7,0,0
2024,9,6,736740647758938112,7594,Chuba Hubbard,RB,21.2,1,0
2024,9,6,736740647758938112,96,Aaron Rodgers,QB,20.34,1,0
2024,9,6,736740647758938112,421,Matthew Stafford,QB,17.42,1,0
2024,9,6,736740647758938112,4663,Austin Ekeler,RB,17.3,0,0
2024,9,6,736740647758938112,11604,Brock Bowers,TE,15.5,1,0
2024,9,6,736740647758938112,TEN,Tennessee Titans,DEF,13.0,0,0
2024,9,6,736740647758938112,5892,David Montgomery,RB,12.6,0,0
2024,9,6,736740647758938112,MIN,Minnesota Vikings,DEF,12.25,1,0
2024,9,6,736740647758938112,3321,Tyreek Hill,WR,12.0,1,0
2024,9,6,736740647758938112,8138,James Cook,RB,11.9,1,0
2024,9,6,736740647758938112,6804,Jordan Love,QB,7.92,0,0
2024,9,6,736740647758938112,4227,Harrison Butker,K,7.0,1,0
2024,9,6,736740647758938112,8121,Romeo Doubs,WR,6.8,0,0
2024,9,6,736740647758938112,5859,A.J. Brown,WR,5.6,1,0
2024,9,7,735974647736213504,1426,DeAndre Hopkins,WR,28.6,0,0
2024,9,7,735974647736213504,3198,Derrick Henry,RB,25.8,1,0
2024,9,7,735974647736213504,6806,J.K. Dobbins,RB,24.5,1,0
2024,9,7,735974647736213504,4881,Lamar Jackson,QB,23.6,1,0
2024,9,7,735974647736213504,7611,Rhamondre Stevenson,RB,22.4,0,0
2024,9,7,735974647736213504,6794,Justin Jefferson,WR,22.08,1,0
2024,9,7,735974647736213504,LAC,Los Angeles Chargers,DEF,21.0,1,0
2024,9,7,735974647736213504,11566,Jayden Daniels,QB,19.86,1,0
2024,9,7,735974647736213504,9502,Tank Dell,WR,19.1,1,0
2024,9,7,735974647736213504,5947,Jakobi Meyers,WR,19.0,0,0
2024,9,7,735974647736213504,11635,Ladd McConkey,WR,11.4,0,0
2024,9,7,735974647736213504,6219,Austin Seibert,K,9.0,1,0
2024,9,7,735974647736213504,4033,David Njoku,TE,7.9,1,0
2024,9,7,735974647736213504,5844,T.J. Hockenson,TE,5.7,0,0
2024,9,7,735974647736213504,6819,Michael Pittman,WR,2.4,0,0
2024,9,7,735974647736213504,9493,Puka Nacua,WR,2.1,1,0
2024,9,7,735974647736213504,11583,Jonathon Brooks,RB,0,0,0
2024,9,8,736803054736822272,6797,Justin Herbert,QB,20.48,1,0
2024,9,8,736803054736822272,7525,DeVonta Smith,WR,18.7,1,0
2024,9,8,736803054736822272,11563,Bo Nix,QB,17.72,1,0
2024,9,8,736803054736822272,4137,James Conner,RB,15.4,1,0
2024,9,8,736803054736822272,6783,Jerry Jeudy,WR,14.3,1,0
2024,9,8,736803054736822272,5850,Josh Jacobs,RB,12.8,1,0
2024,9,8,736803054736822272,3294,Dak Prescott,QB,12.32,0,0
2024,9,8,736803054736822272,4066,Evan Engram,TE,11.5,0,0
2024,9,8,736803054736822272,6083,Matt Gay,K,8.0,1,0
2024,9,8,736803054736822272,9484,Tucker Kraft,TE,7.6,1,0
2024,9,8,736803054736822272,11628,Marvin Harrison,WR,3.4,1,0
2024,9,8,736803054736822272,BUF,Buffalo Bills,DEF,1.75,1,0
2024,9,8,736803054736822272,2216,Mike Evans,WR,0,0,0
2024,9,8,736803054736822272,6845,Zack Moss,RB,0,0,0
2024,9,8,736803054736822272,7528,Najee Harris,RB,0,0,0
2024,9,8,736803054736822272,9486,Dontayvion Wicks,WR,0,0,0
2024,9,9,710284244835979264,8146,Garrett Wilson,WR,30.0,1,0
2024,9,9,710284244835979264,6904,Jalen Hurts,QB,29.9,1,0
2024,9,9,710284244835979264,5045,Courtland Sutton,WR,23.78,1,0
2024,9,9,710284244835979264,10444,Cedric Tillman,WR,19.5,1,0
2024,9,9,710284244835979264,4892,Baker Mayfield,QB,18.0,0,0
2024,9,9,710284244835979264,1166,Kirk Cousins,QB,16.78,1,0
2024,9,9,710284244835979264,2374,Tyler Lockett,WR,15.3,0,0
2024,9,9,710284244835979264,6790,D'Andre Swift,RB,13.2,1,0
2024,9,9,710284244835979264,NYJ,New York Jets,DEF,12.0,1,0
2024,9,9,710284244835979264,7588,Javonte Williams,RB,10.4,0,0
2024,9,9,710284244835979264,8150,Kyren Williams,RB,9.5,1,0
2024,9,9,710284244835979264,DET,Detroit Lions,DEF,7.5,0,0
2024,9,9,710284244835979264,5012,Mark Andrews,TE,4.6,1,0
2024,9,9,710284244835979264,3451,Ka'imi Fairbairn,K,3.0,1,0
2024,9,9,710284244835979264,5937,Diontae Johnson,WR,0,0,0
2024,9,9,710284244835979264,7600,Pat Freiermuth,TE,0,0,0
2024,9,9,710284244835979264,8205,Isiah Pacheco,RB,0,0,0
2024,9,10,475399371639222272,9226,De'Von Achane,RB,32.1,1,0
2024,9,10,475399371639222272,9997,Zay Flowers,WR,31.7,1,0
2024,9,10,475399371639222272,6786,CeeDee Lamb,WR,16.2,1,0
2024,9,10,475399371639222272,2028,Derek Carr,QB,13.44,1,0
2024,9,10,475399371639222272,9758,C.J. Stroud,QB,11.54,1,0
2024,9,10,475399371639222272,8134,Khalil Shakir,WR,11.0,0,0
2024,9,10,475399371639222272,8155,Breece Hall,RB,9.5,1,0
2024,9,10,475399371639222272,11655,Tyrone Tracy,RB,7.9,1,0
2024,9,10,475399371639222272,NO,New Orleans Saints,DEF,5.75,1,0
2024,9,10,475399371639222272,5987,Alexander Mattison,RB,3.6,0,0
2024,9,10,475399371639222272,7553,Kyle Pitts,TE,2.1,1,0
2024,9,10,475399371639222272,2309,Amari Cooper,WR,0,0,0
2024,9,10,475399371639222272,5872,Deebo Samuel,WR,0,0,0
2024,9,10,475399371639222272,8183,Brock Purdy,QB,0,0,0
2024,9,10,475399371639222272,PIT,Pittsburgh Steelers,DEF,0,0,0
2024,9,10,475399371639222272,11792,Will Reichard,K,-2.0,1,0
2024,10,1,608781531883859968,7564,Ja'Marr Chase,WR,59.4,1,0
2024,10,1,608781531883859968,9509,Bijan Robinson,RB,29.9,1,0
2024,10,1,608781531883859968,5849,Kyler Murray,QB,27.74,1,0
2024,10,1,608781531883859968,4035,Alvin Kamara,RB,15.9,1,0
2024,10,1,608781531883859968,9500,Josh Downs,WR,14.2,1,0
2024,10,1,608781531883859968,19,Joe Flacco,QB,11.38,0,0
2024,10,1,608781531883859968,8130,Trey McBride,TE,11.1,1,0
2024,10,1,608781531883859968,11632,Malik Nabers,WR,10.8,1,0
2024,10,1,608781531883859968,5022,Dallas Goedert,TE,10.5,0,0
2024,10,1,608781531883859968,5967,Tony Pollard,RB,10.3,0,0
2024,10,1,608781531883859968,MIA,Miami Dolphins,DEF,9.5,0,0
2024,10,1,608781531883859968,2133,Davante Adams,WR,9.1,1,0
2024,10,1,608781531883859968,8148,Jameson Williams,WR,8.3,0,0
2024,10,1,608781531883859968,NYG,New York Giants,DEF,6.25,1,0
2024,10,1,608781531883859968,11620,Rome Odunze,WR,5.3,0,0
2024,10,1,608781531883859968,1945,Chris Boswell,K,4.0,1,0
2024,10,1,608781531883859968,11565,J.J. McCarthy,QB,0,0,0
2024,10,1,608781531883859968,7523,Trevor Lawrence,QB,0,0,0
2024,10,2,736077599457026048,9224,Chase Brown,RB,22.4,1,0
2024,10,2,736077599457026048,4984,Josh Allen,QB,18.2,1,0
2024,10,2,736077599457026048,1234,Russell Wilson,QB,18.1,1,0
2024,10,2,736077599457026048,11584,Bucky Irving,RB,17.7,0,0
2024,10,2,736077599457026048,8112,Drake London,WR,17.7,1,0
2024,10,2,736077599457026048,4098,Kareem Hunt,RB,17.0,1,0
2024,10,2,736077599457026048,7090,Darnell Mooney,WR,14.6,0,0
2024,10,2,736077599457026048,4866,Saquon Barkley,RB,8.8,1,0
2024,10,2,736077599457026048,8111,Cade Otton,TE,8.5,1,0
2024,10,2,736077599457026048,WAS,Washington Commanders,DEF,7.75,1,0
2024,10,2,736077599457026048,11533,Brandon Aubrey,K,7.0,1,0
2024,10,2,736077599457026048,4983,DJ Moore,WR,5.7,0,0
2024,10,2,736077599457026048,8110,Jake Ferguson,TE,4.4,0,0
2024,10,2,736077599457026048,11631,Brian Thomas,WR,3.2,0,0
2024,10,2,736077599457026048,7569,Nico Collins,WR,0,1,0
2024,10,2,736077599457026048,9488,Jaxon Smith-Njigba,WR,0,0,0
2024,10,3,737091087440674816,6770,Joe Burrow,QB,35.22,1,0
2024,10,3,737091087440674816,8137,George Pickens,WR,20.5,1,0
2024,10,3,737091087440674816,4018,Joe Mixon,RB,17.0,1,0
2024,10,3,737091087440674816,4034,Christian McCaffrey,RB,16.7,1,0
2024,10,3,737091087440674816,4199,Aaron Jones,RB,12.1,1,0
2024,10,3,737091087440674816,1479,Keenan Allen,WR,9.4,1,0
2024,10,3,737091087440674816,6768,Tua Tagovailoa,QB,8.18,1,0
2024,10,3,737091087440674816,KC,Kansas City Chiefs,DEF,8.0,1,0
2024,10,3,737091087440674816,10236,Dalton Kincaid,TE,4.4,1,0
2024,10,3,737091087440674816,7839,Evan McPherson,K,4.0,1,0
2024,10,3,737091087440674816,11586,Blake Corum,RB,2.5,0,0
2024,10,3,737091087440674816,11624,Xavier Worthy,WR,2.1,0,0
2024,10,3,737091087440674816,8408,Jordan Mason,RB,0.5,0,0
2024,10,3,737091087440674816,1373,Geno Smith,QB,0,0,0
2024,10,3,737091087440674816,4037,Chris Godwin,WR,0,0,0
2024,10,3,737091087440674816,4988,Nick Chubb,RB,0,0,0
2024,10,3,737091087440674816,5846,DK Metcalf,WR,0,0,0
2024,10,4,736744257179770880,8136,Rachaad White,RB,19.0,1,0
2024,10,4,736744257179770880,4046,Patrick Mahomes,QB,17.04,0,0
2024,10,4,736744257179770880,5927,Terry McLaurin,WR,16.8,1,0
2024,10,4,736744257179770880,7049,Jauan Jennings,WR,16.3,1,0
2024,10,4,736744257179770880,4039,Cooper Kupp,WR,15.0,1,0
2024,10,4,736744257179770880,4217,George Kittle,TE,14.7,1,0
2024,10,4,736744257179770880,9221,Jahmyr Gibbs,RB,12.8,1,0
2024,10,4,736744257179770880,4381,Taysom Hill,TE,7.0,0,0
2024,10,4,736744257179770880,4943,Sam Darnold,QB,6.44,1,0
2024,10,4,736744257179770880,11560,Caleb Williams,QB,6.3,1,0
2024,10,4,736744257179770880,CHI,Chicago Bears,DEF,5.75,1,0
2024,10,4,736744257179770880,1264,Justin Tucker,K,2.0,1,0
2024,10,4,736744257179770880,11618,Jalen McMillan,WR,0,0,0
2024,10,4,736744257179770880,4950,Christian Kirk,WR,0,0,0
2024,10,4,736744257179770880,8144,Chris Olave,WR,0,0,0
2024,10,4,736744257179770880,8154,Brian Robinson,RB,0,0,0
2024,10,5,716698629934481408,4981,Calvin Ridley,WR,25.9,1,0
2024,10,5,716698629934481408,PHI,Philadelphia Eagles,DEF,21.25,1,0
2024,10,5,716698629934481408,7547,Amon-Ra St. Brown,WR,18.0,1,0
2024,10,5,716698629934481408,10859,Sam LaPorta,TE,15.6,1,0
2024,10,5,716698629934481408,6813,Jonathan Taylor,RB,14.7,1,0
2024,10,5,716698629934481408,11564,Drake Maye,QB,11.76,1,0
2024,10,5,716698629934481408,3163,Jared Goff,QB,7.8,1,0
2024,10,5,716698629934481408,7543,Travis Etienne,RB,5.3,0,0
2024,10,5,716698629934481408,6826,Cole Kmet,TE,3.3,1,0
2024,10,5,716698629934481408,9225,Tank Bigsby,RB,0.4,1,0
2024,10,5,716698629934481408,10222,Jayden Reed,WR,0,0,0
2024,10,5,716698629934481408,11637,Keon Coleman,WR,0,0,0
2024,10,5,716698629934481408,2306,Jameis Winston,QB,0,0,0
2024,10,5,716698629934481408,6801,Tee Higgins,WR,0,0,0
2024,10,5,716698629934481408,7608,Khalil Herbert,RB,0,0,0
2024,10,5,716698629934481408,8151,Kenneth Walker,RB,0,0,0
2024,10,5,716698629934481408,4666,Younghoe Koo,K,-3.0,1,0
2024,10,6,736740647758938112,7594,Chuba Hubbard,RB,25.4,1,0
2024,10,6,736740647758938112,1466,Travis Kelce,TE,20.4,1,0
2024,10,6,736740647758938112,4663,Austin Ekeler,RB,18.1,0,0
2024,10,6,736740647758938112,5859,A.J. Brown,WR,16.4,1,0
2024,10,6,736740647758938112,8138,James Cook,RB,15.5,1,0
2024,10,6,736740647758938112,MIN,Minnesota Vikings,DEF,15.25,1,0
2024,10,6,736740647758938112,3321,Tyreek Hill,WR,11.7,1,0
2024,10,6,736740647758938112,5892,David Montgomery,RB,11.6,1,0
2024,10,6,736740647758938112,4227,Harrison Butker,K,10.0,1,0
2024,10,6,736740647758938112,7021,Rico Dowdle,RB,8.6,0,0
2024,10,6,736740647758938112,421,Matthew Stafford,QB,8.22,1,0
2024,10,6,736740647758938112,9756,Jordan Addison,WR,4.9,0,0
2024,10,6,736740647758938112,96,Aaron Rodgers,QB,4.04,1,0
2024,10,6,736740647758938112,3286,Demarcus Robinson,WR,3.3,0,0
2024,10,6,736740647758938112,11604,Brock Bowers,TE,0,0,0
2024,10,6,736740647758938112,6804,Jordan Love,QB,0,0,0
2024,10,6,736740647758938112,8121,Romeo Doubs,WR,0,0,0
2024,10,7,735974647736213504,4881,Lamar Jackson,QB,34.4,1,0
2024,10,7,735974647736213504,9493,Puka Nacua,WR,18.8,1,0
2024,10,7,735974647736213504,5844,T.J. Hockenson,TE,15.2,1,0
2024,10,7,735974647736213504,3198,Derrick Henry,RB,14.1,1,0
2024,10,7,735974647736213504,4195,Jake Elliott,K,10.0,1,0
2024,10,7,735974647736213504,6794,Justin Jefferson,WR,9.8,1,0
2024,10,7,735974647736213504,LAC,Los Angeles Chargers,DEF,9.75,1,0
2024,10,7,735974647736213504,1426,DeAndre Hopkins,WR,9.6,0,0
2024,10,7,735974647736213504,7611,Rhamondre Stevenson,RB,8.7,1,0
2024,10,7,735974647736213504,11566,Jayden Daniels,QB,8.58,1,0
2024,10,7,735974647736213504,6806,J.K. Dobbins,RB,8.5,0,0
2024,10,7,735974647736213504,9502,Tank Dell,WR,8.3,1,0
2024,10,7,735974647736213504,11635,Ladd McConkey,WR,7.2,0,0
2024,10,7,735974647736213504,11583,Jonathon Brooks,RB,0,0,0
2024,10,7,735974647736213504,4033,David Njoku,TE,0,0,0
2024,10,7,735974647736213504,5947,Jakobi Meyers,WR,0,0,0
2024,10,7,735974647736213504,9511,Keaton Mitchell,RB,0,0,0
2024,10,8,736803054736822272,4137,James Conner,RB,22.3,1,0
2024,10,8,736803054736822272,6797,Justin Herbert,QB,19.76,1,0
2024,10,8,736803054736822272,BUF,Buffalo Bills,DEF,19.5,1,0
2024,10,8,736803054736822272,11628,Marvin Harrison,WR,16.4,1,0
2024,10,8,736803054736822272,11563,Bo Nix,QB,15.1,1,0
2024,10,8,736803054736822272,7528,Najee Harris,RB,11.3,1,0
2024,10,8,736803054736822272,4066,Evan Engram,TE,10.0,1,0
2024,10,8,736803054736822272,7526,Jaylen Waddle,WR,8.6,1,0
2024,10,8,736803054736822272,6083,Matt Gay,K,8.0,1,0
2024,10,8,736803054736822272,7525,DeVonta Smith,WR,3.4,1,0
2024,10,8,736803054736822272,2216,Mike Evans,WR,0,0,0
2024,10,8,736803054736822272,3294,Dak Prescott,QB,0,0,0
2024,10,8,736803054736822272,5850,Josh Jacobs,RB,0,0,0
2024,10,8,736803054736822272,6783,Jerry Jeudy,WR,0,0,0
2024,10,8,736803054736822272,9484,Tucker Kraft,TE,0,0,0
2024,10,8,736803054736822272,9486,Dontayvion Wicks,WR,0,0,0
2024,10,8,736803054736822272,4574,Cooper Rush,QB,-2.0,0,0
2024,10,9,710284244835979264,6904,Jalen Hurts,QB,29.68,1,0
2024,10,9,710284244835979264,5045,Courtland Sutton,WR,19.0,1,0
2024,10,9,710284244835979264,5012,Mark Andrews,TE,18.8,1,0
2024,10,9,710284244835979264,8150,Kyren Williams,RB,11.2,1,0
2024,10,9,710284244835979264,3451,Ka'imi Fairbairn,K,11.0,1,0
2024,10,9,710284244835979264,7600,Pat Freiermuth,TE,10.7,0,0
2024,10,9,710284244835979264,DET,Detroit Lions,DEF,10.5,0,0
2024,10,9,710284244835979264,8146,Garrett Wilson,WR,9.1,1,0
2024,10,9,710284244835979264,1166,Kirk Cousins,QB,8.24,1,0
2024,10,9,710284244835979264,6790,D'Andre Swift,RB,7.5,1,0
2024,10,9,710284244835979264,4892,Baker Mayfield,QB,5.94,0,0
2024,10,9,710284244835979264,7588,Javonte Williams,RB,2.7,1,0
2024,10,9,710284244835979264,5937,Diontae Johnson,WR,1.6,0,0
2024,10,9,710284244835979264,10444,Cedric Tillman,WR,0,0,0
2024,10,9,710284244835979264,2374,Tyler Lockett,WR,0,0,0
2024,10,9,710284244835979264,8205,Isiah Pacheco,RB,0,0,0
2024,10,9,710284244835979264,NYJ,New York Jets,DEF,-2.75,1,0
2024,10,10,475399371639222272,8183,Brock Purdy,QB,23.32,1,0
2024,10,10,475399371639222272,11655,Tyrone Tracy,RB,14.9,1,0
2024,10,10,475399371639222272,5872,Deebo Samuel,WR,12.6,0,0
2024,10,10,475399371639222272,8155,Breece Hall,RB,12.3,1,0
2024,10,10,475399371639222272,8134,Khalil Shakir,WR,11.8,0,0
2024,10,10,475399371639222272,9226,De'Von Achane,RB,10.2,1,0
2024,10,10,475399371639222272,7553,Kyle Pitts,TE,9.5,1,0
2024,10,10,475399371639222272,PIT,Pittsburgh Steelers,DEF,9.25,1,0
2024,10,10,475399371639222272,8259,Cameron Dicker,K,9.0,1,0
2024,10,10,475399371639222272,9758,C.J. Stroud,QB,8.78,1,0
2024,10,10,475399371639222272,6786,CeeDee Lamb,WR,8.4,1,0
2024,10,10,475399371639222272,9997,Zay Flowers,WR,7.4,1,0
2024,10,10,475399371639222272,7527,Mac Jones,QB,5.24,0,0
2024,10,10,475399371639222272,11792,Will Reichard,K,0,0,0
2024,10,10,475399371639222272,2309,Amari Cooper,WR,0,0,0
2024,10,10,475399371639222272,5987,Alexander Mattison,RB,0,0,0
2024,11,1,608781531883859968,7564,Ja'Marr Chase,WR,26.5,1,0
2024,11,1,608781531883859968,8148,Jameson Williams,WR,24.6,1,0
2024,11,1,608781531883859968,1945,Chris Boswell,K,24.0,1,0
2024,11,1,608781531883859968,9500,Josh Downs,WR,19.4,1,0
2024,11,1,608781531883859968,2028,Derek Carr,QB,18.72,1,0
2024,11,1,608781531883859968,2133,Davante Adams,WR,13.2,1,0
2024,11,1,608781531883859968,4035,Alvin Kamara,RB,12.9,1,0
2024,11,1,608781531883859968,9509,Bijan Robinson,RB,10.3,1,0
2024,11,1,608781531883859968,5022,Dallas Goedert,TE,10.1,1,0
2024,11,1,608781531883859968,11579,Audric Estime,RB,5.5,0,0
2024,11,1,608781531883859968,MIA,Miami Dolphins,DEF,5.25,1,0
2024,11,1,608781531883859968,5967,Tony Pollard,RB,4.9,0,0
2024,11,1,608781531883859968,11292,Tommy DeVito,QB,0,0,0
2024,11,1,608781531883859968,11565,J.J. McCarthy,QB,0,0,0
2024,11,1,608781531883859968,11632,Malik Nabers,WR,0,0,0
2024,11,1,608781531883859968,5849,Kyler Murray,QB,0,0,0
2024,11,1,608781531883859968,8130,Trey McBride,TE,0,0,0
2024,11,2,736077599457026048,4866,Saquon Barkley,RB,34.3,1,0
2024,11,2,736077599457026048,4984,Josh Allen,QB,24.48,1,0
2024,11,2,736077599457026048,9488,Jaxon Smith-Njigba,WR,22.3,0,0
2024,11,2,736077599457026048,HOU,Houston Texans,DEF,20.75,1,0
2024,11,2,736077599457026048,9224,Chase Brown,RB,19.3,1,0
2024,11,2,736077599457026048,4983,DJ Moore,WR,13.7,0,0
2024,11,2,736077599457026048,11631,Brian Thomas,WR,13.6,0,0
2024,11,2,736077599457026048,11539,Jake Bates,K,12.0,1,0
2024,11,2,736077599457026048,7569,Nico Collins,WR,9.4,1,0
2024,11,2,736077599457026048,8112,Drake London,WR,9.1,1,0
2024,11,2,736077599457026048,5906,Dawson Knox,TE,8.0,1,0
2024,11,2,736077599457026048,1234,Russell Wilson,QB,6.3,1,0
2024,11,2,736077599457026048,4098,Kareem Hunt,RB,6.0,1,0
2024,11,2,736077599457026048,7090,Darnell Mooney,WR,4.7,0,0
2024,11,2,736077599457026048,11584,Bucky Irving,RB,0,0,0
2024,11,2,736077599457026048,8111,Cade Otton,TE,0,0,0
2024,11,3,737091087440674816,4018,Joe Mixon,RB,36.3,1,0
2024,11,3,737091087440674816,6770,Joe Burrow,QB,29.54,1,0
2024,11,3,737091087440674816,6768,Tua Tagovailoa,QB,24.02,1,0
2024,11,3,737091087440674816,5086,Marquez Valdes-Scantling,WR,18.2,0,0
2024,11,3,737091087440674816,8137,George Pickens,WR,16.9,1,0
2024,11,3,737091087440674816,11624,Xavier Worthy,WR,16.8,0,0
2024,11,3,737091087440674816,1373,Geno Smith,QB,15.24,0,0
2024,11,3,737091087440674816,4034,Christian McCaffrey,RB,14.6,1,0
2024,11,3,737091087440674816,5846,DK Metcalf,WR,14.0,1,0
2024,11,3,737091087440674816,1479,Keenan Allen,WR,8.1,0,0
2024,11,3,737091087440674816,4988,Nick Chubb,RB,5.0,0,0
2024,11,3,737091087440674816,4199,Aaron Jones,RB,4.3,1,0
2024,11,3,737091087440674816,GB,Green Bay Packers,DEF,4.25,1,0
2024,11,3,737091087440674816,7839,Evan McPherson,K,4.0,1,0
2024,11,3,737091087440674816,8110,Jake Ferguson,TE,2.1,1,0
2024,11,3,737091087440674816,10236,Dalton Kincaid,TE,0,0,0
2024,11,3,737091087440674816,4037,Chris Godwin,WR,0,0,0
2024,11,4,736744257179770880,4381,Taysom Hill,TE,43.52,1,0
2024,11,4,736744257179770880,4039,Cooper Kupp,WR,30.6,1,0
2024,11,4,736744257179770880,7049,Jauan Jennings,WR,25.1,1,0
2024,11,4,736744257179770880,4943,Sam Darnold,QB,23.64,1,0
2024,11,4,736744257179770880,9221,Jahmyr Gibbs,RB,19.3,1,0
2024,11,4,736744257179770880,11560,Caleb Williams,QB,16.24,0,0
2024,11,4,736744257179770880,4046,Patrick Mahomes,QB,15.84,1,0
2024,11,4,736744257179770880,8154,Brian Robinson,RB,14.2,0,0
2024,11,4,736744257179770880,5987,Alexander Mattison,RB,9.9,1,0
2024,11,4,736744257179770880,CHI,Chicago Bears,DEF,3.75,1,0
2024,11,4,736744257179770880,5927,Terry McLaurin,WR,2.0,1,0
2024,11,4,736744257179770880,1264,Justin Tucker,K,1.0,1,0
2024,11,4,736744257179770880,11618,Jalen McMillan,WR,0,0,0
2024,11,4,736744257179770880,4217,George Kittle,TE,0,0,0
2024,11,4,736744257179770880,8136,Rachaad White,RB,0,0,0
2024,11,4,736744257179770880,8144,Chris Olave,WR,0,0,0
2024,11,5,716698629934481408,7547,Amon-Ra St. Brown,WR,39.2,1,0
2024,11,5,716698629934481408,3163,Jared Goff,QB,36.58,1,0
2024,11,5,716698629934481408,6801,Tee Higgins,WR,30.8,0,0
2024,11,5,716698629934481408,4144,Jonnu Smith,TE,30.1,1,0
2024,11,5,716698629934481408,2306,Jameis Winston,QB,28.1,0,0
2024,11,5,716698629934481408,11564,Drake Maye,QB,18.48,1,0
2024,11,5,716698629934481408,8151,Kenneth Walker,RB,13.9,1,0
2024,11,5,716698629934481408,5119,Jason Sanders,K,11.0,1,0
2024,11,5,716698629934481408,PHI,Philadelphia Eagles,DEF,10.25,1,0
2024,11,5,716698629934481408,10222,Jayden Reed,WR,9.8,1,0
2024,11,5,716698629934481408,4981,Calvin Ridley,WR,9.8,1,0
2024,11,5,716698629934481408,6813,Jonathan Taylor,RB,7.0,1,0
2024,11,5,716698629934481408,7543,Travis Etienne,RB,6.3,0,0
2024,11,5,716698629934481408,10859,Sam LaPorta,TE,0,0,0
2024,11,5,716698629934481408,11637,Keon Coleman,WR,0,0,0
2024,11,5,716698629934481408,7608,Khalil Herbert,RB,0,0,0
2024,11,5,716698629934481408,9225,Tank Bigsby,RB,0,0,0
2024,11,6,736740647758938112,11604,Brock Bowers,TE,31.8,1,0
2024,11,6,736740647758938112,421,Matthew Stafford,QB,28.8,1,0
2024,11,6,736740647758938112,5892,David Montgomery,RB,24.5,1,0
2024,11,6,736740647758938112,6804,Jordan Love,QB,20.24,1,0
2024,11,6,736740647758938112,8138,James Cook,RB,19.7,1,0
2024,11,6,736740647758938112,3321,Tyreek Hill,WR,19.1,1,0
2024,11,6,736740647758938112,4663,Austin Ekeler,RB,16.6,0,0
2024,11,6,736740647758938112,96,Aaron Rodgers,QB,15.06,0,0
2024,11,6,736740647758938112,MIN,Minnesota Vikings,DEF,13.75,1,0
2024,11,6,736740647758938112,5859,A.J. Brown,WR,11.5,1,0
2024,11,6,736740647758938112,7021,Rico Dowdle,RB,5.4,0,0
2024,11,6,736740647758938112,11533,Brandon Aubrey,K,3.0,1,0
2024,11,6,736740647758938112,1466,Travis Kelce,TE,2.8,1,0
2024,11,6,736740647758938112,8121,Romeo Doubs,WR,2.7,0,0
2024,11,6,736740647758938112,11638,Ricky Pearsall,WR,0,0,0
2024,11,6,736740647758938112,7594,Chuba Hubbard,RB,0,0,0
2024,11,7,735974647736213504,9229,Anthony Richardson,QB,27.08,0,0
2024,11,7,735974647736213504,9493,Puka Nacua,WR,25.8,1,0
2024,11,7,735974647736213504,4033,David Njoku,TE,19.1,1,0
2024,11,7,735974647736213504,6806,J.K. Dobbins,RB,18.9,0,0
2024,11,7,735974647736213504,11635,Ladd McConkey,WR,18.8,0,0
2024,11,7,735974647736213504,4881,Lamar Jackson,QB,14.88,1,0
2024,11,7,735974647736213504,6794,Justin Jefferson,WR,14.1,1,0
2024,11,7,735974647736213504,11566,Jayden Daniels,QB,13.44,1,0
2024,11,7,735974647736213504,7611,Rhamondre Stevenson,RB,11.9,1,0
2024,11,7,735974647736213504,3198,Derrick Henry,RB,10.5,1,0
2024,11,7,735974647736213504,9502,Tank Dell,WR,9.8,1,0
2024,11,7,735974647736213504,5947,Jakobi Meyers,WR,8.8,0,0
2024,11,7,735974647736213504,LAR,Los Angeles Rams,DEF,7.75,1,0
2024,11,7,735974647736213504,1426,DeAndre Hopkins,WR,5.9,0,0
2024,11,7,735974647736213504,5844,T.J. Hockenson,TE,3.3,0,0
2024,11,7,735974647736213504,4195,Jake Elliott,K,2.0,1,0
2024,11,7,735974647736213504,11583,Jonathon Brooks,RB,0,0,0
2024,11,8,736803054736822272,11563,Bo Nix,QB,29.28,1,0
2024,11,8,736803054736822272,6783,Jerry Jeudy,WR,28.2,1,0
2024,11,8,736803054736822272,6797,Justin Herbert,QB,24.38,1,0
2024,11,8,736803054736822272,5850,Josh Jacobs,RB,23.4,1,0
2024,11,8,736803054736822272,6083,Matt Gay,K,14.0,1,0
2024,11,8,736803054736822272,7528,Najee Harris,RB,13.3,1,0
2024,11,8,736803054736822272,BUF,Buffalo Bills,DEF,10.0,1,0
2024,11,8,736803054736822272,IND,Indianapolis Colts,DEF,8.25,0,0
2024,11,8,736803054736822272,4066,Evan Engram,TE,7.8,1,0
2024,11,8,736803054736822272,7525,DeVonta Smith,WR,6.9,1,0
2024,11,8,736803054736822272,7526,Jaylen Waddle,WR,5.7,0,0
2024,11,8,736803054736822272,11628,Marvin Harrison,WR,0,0,0
2024,11,8,736803054736822272,2216,Mike Evans,WR,0,0,0
2024,11,8,736803054736822272,4137,James Conner,RB,0,0,0
2024,11,8,736803054736822272,9484,Tucker Kraft,TE,0,1,0
2024,11,8,736803054736822272,9486,Dontayvion Wicks,WR,0,0,0
2024,11,9,710284244835979264,6904,Jalen Hurts,QB,18.74,1,0
2024,11,9,710284244835979264,7588,Javonte Williams,RB,18.7,0,0
2024,11,9,710284244835979264,6790,D'Andre Swift,RB,16.4,1,0
2024,11,9,710284244835979264,5045,Courtland Sutton,WR,14.8,1,0
2024,11,9,710284244835979264,DET,Detroit Lions,DEF,12.75,1,0
2024,11,9,710284244835979264,3451,Ka'imi Fairbairn,K,10.0,1,0
2024,11,9,710284244835979264,8150,Kyren Williams,RB,8.6,1,0
2024,11,9,710284244835979264,10444,Cedric Tillman,WR,7.7,1,0
2024,11,9,710284244835979264,8146,Garrett Wilson,WR,5.8,1,0
2024,11,9,710284244835979264,NYJ,New York Jets,DEF,5.5,0,0
2024,11,9,710284244835979264,5012,Mark Andrews,TE,4.2,1,0
2024,11,9,710284244835979264,1166,Kirk Cousins,QB,3.92,1,0
2024,11,9,710284244835979264,2374,Tyler Lockett,WR,3.9,0,0
2024,11,9,710284244835979264,7600,Pat Freiermuth,TE,3.4,0,0
2024,11,9,710284244835979264,4892,Baker Mayfield,QB,0,0,0
2024,11,9,710284244835979264,5937,Diontae Johnson,WR,0,0,0
2024,11,9,710284244835979264,8205,Isiah Pacheco,RB,0,0,0
2024,11,10,475399371639222272,8155,Breece Hall,RB,31.1,1,0
2024,11,10,475399371639222272,9226,De'Von Achane,RB,20.5,1,0
2024,11,10,475399371639222272,6786,CeeDee Lamb,WR,18.6,1,0
2024,11,10,475399371639222272,8183,Brock Purdy,QB,18.36,1,0
2024,11,10,475399371639222272,8134,Khalil Shakir,WR,15.0,0,0
2024,11,10,475399371639222272,9997,Zay Flowers,WR,11.9,1,0
2024,11,10,475399371639222272,8259,Cameron Dicker,K,11.0,1,0
2024,11,10,475399371639222272,9758,C.J. Stroud,QB,10.88,1,0
2024,11,10,475399371639222272,8228,Jaylen Warren,RB,10.8,0,0
2024,11,10,475399371639222272,PIT,Pittsburgh Steelers,DEF,10.0,0,0
2024,11,10,475399371639222272,6819,Michael Pittman,WR,9.6,0,0
2024,11,10,475399371639222272,SF,San Francisco 49ers,DEF,9.0,1,0
2024,11,10,475399371639222272,2309,Amari Cooper,WR,7.5,0,0
2024,11,10,475399371639222272,5872,Deebo Samuel,WR,6.1,1,0
2024,11,10,475399371639222272,7553,Kyle Pitts,TE,1.9,1,0
2024,11,10,475399371639222272,11655,Tyrone Tracy,RB,0,0,0
2024,12,1,608781531883859968,8130,Trey McBride,TE,25.8,1,0
2024,12,1,608781531883859968,5967,Tony Pollard,RB,22.4,1,0
2024,12,1,608781531883859968,2359,Ameer Abdullah,RB,17.5,1,0
2024,12,1,608781531883859968,MIA,Miami Dolphins,DEF,16.0,1,0
2024,12,1,608781531883859968,8148,Jameson Williams,WR,11.8,1,0
2024,12,1,608781531883859968,11632,Malik Nabers,WR,11.4,1,0
2024,12,1,608781531883859968,11292,Tommy DeVito,QB,10.76,1,0
2024,12,1,608781531883859968,5849,Kyler Murray,QB,10.3,1,0
2024,12,1,608781531883859968,1945,Chris Boswell,K,6.0,1,0
2024,12,1,608781531883859968,9500,Josh Downs,WR,5.7,1,0
2024,12,1,608781531883859968,11565,J.J. McCarthy,QB,0,0,0
2024,12,1,608781531883859968,2028,Derek Carr,QB,0,0,0
2024,12,1,608781531883859968,4035,Alvin Kamara,RB,0,0,0
2024,12,1,608781531883859968,7564,Ja'Marr Chase,WR,0,0,0
2024,12,1,608781531883859968,8132,Tyler Allgeier,RB,0,0,0
2024,12,1,608781531883859968,9509,Bijan Robinson,RB,0,0,0
2024,12,2,736077599457026048,4866,Saquon Barkley,RB,50.2,1,0
2024,12,2,736077599457026048,4983,DJ Moore,WR,27.4,1,0
2024,12,2,736077599457026048,11584,Bucky Irving,RB,26.2,0,0
2024,12,2,736077599457026048,7569,Nico Collins,WR,20.2,1,0
2024,12,2,736077599457026048,9488,Jaxon Smith-Njigba,WR,19.7,1,0
2024,12,2,736077599457026048,HOU,Houston Texans,DEF,16.5,1,0
2024,12,2,736077599457026048,1234,Russell Wilson,QB,13.8,1,0
2024,12,2,736077599457026048,4098,Kareem Hunt,RB,11.7,1,0
2024,12,2,736077599457026048,11539,Jake Bates,K,8.0,1,0
2024,12,2,736077599457026048,3357,Brandon Allen,QB,7.46,1,0
2024,12,2,736077599457026048,8111,Cade Otton,TE,4.0,1,0
2024,12,2,736077599457026048,11631,Brian Thomas,WR,0,0,0
2024,12,2,736077599457026048,4984,Josh Allen,QB,0,0,0
2024,12,2,736077599457026048,7090,Darnell Mooney,WR,0,0,0
2024,12,2,736077599457026048,7523,Trevor Lawrence,QB,0,0,0
2024,12,2,736077599457026048,8112,Drake London,WR,0,0,0
2024,12,2,736077599457026048,9224,Chase Brown,RB,0,0,0
2024,12,3,737091087440674816,6768,Tua Tagovailoa,QB,28.98,1,0
2024,12,3,737091087440674816,1479,Keenan Allen,WR,22.6,0,0
2024,12,3,737091087440674816,4199,Aaron Jones,RB,20.4,1,0
2024,12,3,737091087440674816,4988,Nick Chubb,RB,19.0,0,0
2024,12,3,737091087440674816,1339,Zach Ertz,TE,15.8,1,0
2024,12,3,737091087440674816,1373,Geno Smith,QB,11.36,1,0
2024,12,3,737091087440674816,5846,DK Metcalf,WR,9.9,1,0
2024,12,3,737091087440674816,4018,Joe Mixon,RB,9.5,1,0
2024,12,3,737091087440674816,11624,Xavier Worthy,WR,9.1,0,0
2024,12,3,737091087440674816,8137,George Pickens,WR,8.8,1,0
2024,12,3,737091087440674816,4034,Christian McCaffrey,RB,7.8,1,0
2024,12,3,737091087440674816,WAS,Washington Commanders,DEF,5.75,1,0
2024,12,3,737091087440674816,6650,Chase McLaughlin,K,5.0,1,0
2024,12,3,737091087440674816,10236,Dalton Kincaid,TE,0,0,0
2024,12,3,737091087440674816,2133,Davante Adams,WR,0,0,0
2024,12,3,737091087440674816,4037,Chris Godwin,WR,0,0,0
2024,12,3,737091087440674816,5086,Marquez Valdes-Scantling,WR,0,0,0
2024,12,3,737091087440674816,6770,Joe Burrow,QB,0,0,0
2024,12,4,736744257179770880,4046,Patrick Mahomes,QB,28.26,1,0
2024,12,4,736744257179770880,11560,Caleb Williams,QB,27.4,0,0
2024,12,4,736744257179770880,9221,Jahmyr Gibbs,RB,24.9,1,0
2024,12,4,736744257179770880,5927,Terry McLaurin,WR,23.2,1,0
2024,12,4,736744257179770880,4943,Sam Darnold,QB,21.1,1,0
2024,12,4,736744257179770880,4217,George Kittle,TE,20.2,1,0
2024,12,4,736744257179770880,4039,Cooper Kupp,WR,19.0,1,0
2024,12,4,736744257179770880,8136,Rachaad White,RB,11.7,0,0
2024,12,4,736744257179770880,7049,Jauan Jennings,WR,9.0,1,0
2024,12,4,736744257179770880,1689,Adam Thielen,WR,8.7,0,0
2024,12,4,736744257179770880,1264,Justin Tucker,K,7.0,1,0
2024,12,4,736744257179770880,8154,Brian Robinson,RB,3.4,1,0
2024,12,4,736744257179770880,11618,Jalen McMillan,WR,2.1,0,0
2024,12,4,736744257179770880,CHI,Chicago Bears,DEF,1.75,1,0
2024,12,4,736744257179770880,4381,Taysom Hill,TE,0,0,0
2024,12,4,736744257179770880,5987,Alexander Mattison,RB,0,0,0
2024,12,4,736744257179770880,8144,Chris Olave,WR,0,0,0
2024,12,5,716698629934481408,4144,Jonnu Smith,TE,23.7,1,0
2024,12,5,716698629934481408,4981,Calvin Ridley,WR,14.3,1,0
2024,12,5,716698629934481408,11564,Drake Maye,QB,13.48,1,0
2024,12,5,716698629934481408,2306,Jameis Winston,QB,13.46,0,0
2024,12,5,716698629934481408,8151,Kenneth Walker,RB,13.3,1,0
2024,12,5,716698629934481408,7547,Amon-Ra St. Brown,WR,12.2,1,0
2024,12,5,716698629934481408,5119,Jason Sanders,K,12.0,1,0
2024,12,5,716698629934481408,PHI,Philadelphia Eagles,DEF,11.75,1,0
2024,12,5,716698629934481408,3163,Jared Goff,QB,10.26,1,0
2024,12,5,716698629934481408,10222,Jayden Reed,WR,5.6,1,0
2024,12,5,716698629934481408,10859,Sam LaPorta,TE,4.9,0,0
2024,12,5,716698629934481408,6813,Jonathan Taylor,RB,2.5,1,0
2024,12,5,716698629934481408,11637,Keon Coleman,WR,0,0,0
2024,12,5,716698629934481408,6801,Tee Higgins,WR,0,0,0
2024,12,5,716698629934481408,7543,Travis Etienne,RB,0,0,0
2024,12,5,716698629934481408,7608,Khalil Herbert,RB,0,0,0
2024,12,5,716698629934481408,9225,Tank Bigsby,RB,0,0,0
2024,12,6,736740647758938112,5859,A.J. Brown,WR,23.4,1,0
2024,12,6,736740647758938112,421,Matthew Stafford,QB,18.22,1,0
2024,12,6,736740647758938112,5892,David Montgomery,RB,16.3,1,0
2024,12,6,736740647758938112,7594,Chuba Hubbard,RB,15.0,1,0
2024,12,6,736740647758938112,6804,Jordan Love,QB,14.72,1,0
2024,12,6,736740647758938112,1466,Travis Kelce,TE,12.2,1,0
2024,12,6,736740647758938112,7021,Rico Dowdle,RB,10.8,0,0
2024,12,6,736740647758938112,3321,Tyreek Hill,WR,9.8,1,0
2024,12,6,736740647758938112,MIN,Minnesota Vikings,DEF,8.75,0,0
2024,12,6,736740647758938112,8121,Romeo Doubs,WR,8.4,0,0
2024,12,6,736740647758938112,11604,Brock Bowers,TE,7.8,1,0
2024,12,6,736740647758938112,11533,Brandon Aubrey,K,6.0,1,0
2024,12,6,736740647758938112,4663,Austin Ekeler,RB,3.4,0,0
2024,12,6,736740647758938112,KC,Kansas City Chiefs,DEF,2.5,1,0
2024,12,6,736740647758938112,8138,James Cook,RB,0,0,0
2024,12,6,736740647758938112,96,Aaron Rodgers,QB,0,0,0
2024,12,7,735974647736213504,11566,Jayden Daniels,QB,31.9,1,0
2024,12,7,735974647736213504,5947,Jakobi Meyers,WR,22.6,0,0
2024,12,7,735974647736213504,4881,Lamar Jackson,QB,22.58,1,0
2024,12,7,735974647736213504,9493,Puka Nacua,WR,21.2,1,0
2024,12,7,735974647736213504,5844,T.J. Hockenson,TE,18.9,0,0
2024,12,7,735974647736213504,3198,Derrick Henry,RB,14.5,1,0
2024,12,7,735974647736213504,11635,Ladd McConkey,WR,14.3,1,0
2024,12,7,735974647736213504,TB,Tampa Bay Buccaneers,DEF,13.5,1,0
2024,12,7,735974647736213504,9229,Anthony Richardson,QB,11.98,0,0
2024,12,7,735974647736213504,9502,Tank Dell,WR,10.2,0,0
2024,12,7,735974647736213504,6806,J.K. Dobbins,RB,8.9,0,0
2024,12,7,735974647736213504,6219,Austin Seibert,K,5.0,1,0
2024,12,7,735974647736213504,6794,Justin Jefferson,WR,4.7,1,0
2024,12,7,735974647736213504,4033,David Njoku,TE,3.9,1,0
2024,12,7,735974647736213504,7611,Rhamondre Stevenson,RB,3.3,1,0
2024,12,7,735974647736213504,11583,Jonathon Brooks,RB,0.7,0,0
2024,12,8,736803054736822272,5850,Josh Jacobs,RB,29.1,1,0
2024,12,8,736803054736822272,7526,Jaylen Waddle,WR,28.9,1,0
2024,12,8,736803054736822272,3678,Wil Lutz,K,22.0,1,0
2024,12,8,736803054736822272,11563,Bo Nix,QB,19.92,1,0
2024,12,8,736803054736822272,6797,Justin Herbert,QB,16.62,1,0
2024,12,8,736803054736822272,6783,Jerry Jeudy,WR,14.5,0,0
2024,12,8,736803054736822272,2216,Mike Evans,WR,11.8,1,0
2024,12,8,736803054736822272,9484,Tucker Kraft,TE,10.6,1,0
2024,12,8,736803054736822272,4137,James Conner,RB,9.9,1,0
2024,12,8,736803054736822272,DEN,Denver Broncos,DEF,8.75,1,0
2024,12,8,736803054736822272,11628,Marvin Harrison,WR,7.7,1,0
2024,12,8,736803054736822272,7528,Najee Harris,RB,7.4,0,0
2024,12,8,736803054736822272,9486,Dontayvion Wicks,WR,3.5,0,0
2024,12,8,736803054736822272,4066,Evan Engram,TE,0,0,0
2024,12,8,736803054736822272,7525,DeVonta Smith,WR,0,0,0
2024,12,8,736803054736822272,BUF,Buffalo Bills,DEF,0,0,0
2024,12,9,710284244835979264,5045,Courtland Sutton,WR,29.7,1,0
2024,12,9,710284244835979264,4892,Baker Mayfield,QB,17.66,1,0
2024,12,9,710284244835979264,5012,Mark Andrews,TE,15.6,1,0
2024,12,9,710284244835979264,6904,Jalen Hurts,QB,15.06,1,0
2024,12,9,710284244835979264,1426,DeAndre Hopkins,WR,14.5,1,0
2024,12,9,710284244835979264,8150,Kyren Williams,RB,10.2,1,0
2024,12,9,710284244835979264,6790,D'Andre Swift,RB,9.5,0,0
2024,12,9,710284244835979264,DET,Detroit Lions,DEF,8.5,1,0
2024,12,9,710284244835979264,3451,Ka'imi Fairbairn,K,7.0,1,0
2024,12,9,710284244835979264,2374,Tyler Lockett,WR,4.0,0,0
2024,12,9,710284244835979264,10444,Cedric Tillman,WR,2.8,1,0
2024,12,9,710284244835979264,7588,Javonte Williams,RB,2.4,1,0
2024,12,9,710284244835979264,1166,Kirk Cousins,QB,0,0,0
2024,12,9,710284244835979264,5937,Diontae Johnson,WR,0,0,0
2024,12,9,710284244835979264,8146,Garrett Wilson,WR,0,0,0
2024,12,9,710284244835979264,8205,Isiah Pacheco,RB,0,0,0
2024,12,9,710284244835979264,NYJ,New York Jets,DEF,0,0,0
2024,12,10,475399371639222272,9226,De'Von Achane,RB,20.6,1,0
2024,12,10,475399371639222272,6786,CeeDee Lamb,WR,16.8,1,0
2024,12,10,475399371639222272,8259,Cameron Dicker,K,16.0,1,0
2024,12,10,475399371639222272,9758,C.J. Stroud,QB,15.68,1,0
2024,12,10,475399371639222272,8228,Jaylen Warren,RB,15.4,0,0
2024,12,10,475399371639222272,6011,Gardner Minshew,QB,11.2,1,0
2024,12,10,475399371639222272,9997,Zay Flowers,WR,11.2,1,0
2024,12,10,475399371639222272,11655,Tyrone Tracy,RB,9.0,1,0
2024,12,10,475399371639222272,PIT,Pittsburgh Steelers,DEF,8.75,1,0
2024,12,10,475399371639222272,5010,Will Dissly,TE,8.7,1,0
2024,12,10,475399371639222272,5872,Deebo Samuel,WR,3.1,1,0
2024,12,10,475399371639222272,2309,Amari Cooper,WR,0,0,0
2024,12,10,475399371639222272,7553,Kyle Pitts,TE,0,0,0
2024,12,10,475399371639222272,8134,Khalil Shakir,WR,0,0,0
2024,12,10,475399371639222272,8155,Breece Hall,RB,0,0,0
2024,12,10,475399371639222272,8183,Brock Purdy,QB,0,0,0
2024,13,1,608781531883859968,9509,Bijan Robinson,RB,26.0,1,0
2024,13,1,608781531883859968,6768,Tua Tagovailoa,QB,25.7,1,0
2024,13,1,608781531883859968,8130,Trey McBride,TE,21.6,1,0
2024,13,1,608781531883859968,7564,Ja'Marr Chase,WR,20.6,1,0
2024,13,1,608781531883859968,4035,Alvin Kamara,RB,16.4,1,0
2024,13,1,608781531883859968,11632,Malik Nabers,WR,15.3,1,0
2024,13,1,608781531883859968,5849,Kyler Murray,QB,14.7,1,0
2024,13,1,608781531883859968,2028,Derek Carr,QB,14.56,0,0
2024,13,1,608781531883859968,1945,Chris Boswell,K,13.0,1,0
2024,13,1,608781531883859968,8148,Jameson Williams,WR,9.6,0,0
2024,13,1,608781531883859968,6819,Michael Pittman,WR,9.2,0,0
2024,13,1,608781531883859968,5967,Tony Pollard,RB,8.8,1,0
2024,13,1,608781531883859968,11576,Braelon Allen,RB,4.7,0,0
2024,13,1,608781531883859968,IND,Indianapolis Colts,DEF,3.5,1,0
2024,13,1,608781531883859968,8132,Tyler Allgeier,RB,3.2,0,0
2024,13,1,608781531883859968,NO,New Orleans Saints,DEF,3.0,0,0
2024,13,1,608781531883859968,11565,J.J. McCarthy,QB,0,0,0
2024,13,1,608781531883859968,9500,Josh Downs,WR,0,0,0
2024,13,2,736077599457026048,4984,Josh Allen,QB,28.42,1,0
2024,13,2,736077599457026048,1234,Russell Wilson,QB,28.36,1,0
2024,13,2,736077599457026048,11584,Bucky Irving,RB,28.0,1,0
2024,13,2,736077599457026048,4983,DJ Moore,WR,23.7,0,0
2024,13,2,736077599457026048,7569,Nico Collins,WR,20.4,1,0
2024,13,2,736077599457026048,4866,Saquon Barkley,RB,19.2,1,0
2024,13,2,736077599457026048,9224,Chase Brown,RB,19.0,1,0
2024,13,2,736077599457026048,11631,Brian Thomas,WR,18.7,0,0
2024,13,2,736077599457026048,8112,Drake London,WR,17.3,0,0
2024,13,2,736077599457026048,9488,Jaxon Smith-Njigba,WR,11.9,1,0
2024,13,2,736077599457026048,11539,Jake Bates,K,9.0,1,0
2024,13,2,736077599457026048,8111,Cade Otton,TE,6.0,1,0
2024,13,2,736077599457026048,7090,Darnell Mooney,WR,5.0,0,0
2024,13,2,736077599457026048,4098,Kareem Hunt,RB,3.5,0,0
2024,13,2,736077599457026048,HOU,Houston Texans,DEF,3.5,1,0
2024,13,2,736077599457026048,7523,Trevor Lawrence,QB,0.24,0,0
2024,13,3,737091087440674816,1479,Keenan Allen,WR,24.3,0,0
2024,13,3,737091087440674816,4018,Joe Mixon,RB,22.4,1,0
2024,13,3,737091087440674816,6770,Joe Burrow,QB,19.76,1,0
2024,13,3,737091087440674816,2133,Davante Adams,WR,17.6,0,0
2024,13,3,737091087440674816,8137,George Pickens,WR,16.4,1,0
2024,13,3,737091087440674816,6650,Chase McLaughlin,K,14.0,1,0
2024,13,3,737091087440674816,1339,Zach Ertz,TE,12.5,1,0
2024,13,3,737091087440674816,4988,Nick Chubb,RB,12.5,0,0
2024,13,3,737091087440674816,1373,Geno Smith,QB,12.44,1,0
2024,13,3,737091087440674816,5086,Marquez Valdes-Scantling,WR,11.6,0,0
2024,13,3,737091087440674816,WAS,Washington Commanders,DEF,11.0,1,0
2024,13,3,737091087440674816,5846,DK Metcalf,WR,10.6,1,0
2024,13,3,737091087440674816,11624,Xavier Worthy,WR,10.4,0,0
2024,13,3,737091087440674816,4199,Aaron Jones,RB,8.8,1,0
2024,13,3,737091087440674816,4034,Christian McCaffrey,RB,8.7,1,0
2024,13,3,737091087440674816,10236,Dalton Kincaid,TE,0,0,0
2024,13,3,737091087440674816,4037,Chris Godwin,WR,0,0,0
2024,13,4,736744257179770880,5927,Terry McLaurin,WR,27.3,1,0
2024,13,4,736744257179770880,11560,Caleb Williams,QB,26.14,0,0
2024,13,4,736744257179770880,1689,Adam Thielen,WR,23.9,0,0
2024,13,4,736744257179770880,4943,Sam Darnold,QB,19.6,1,0
2024,13,4,736744257179770880,SEA,Seattle Seahawks,DEF,19.0,1,0
2024,13,4,736744257179770880,8154,Brian Robinson,RB,18.9,1,0
2024,13,4,736744257179770880,4046,Patrick Mahomes,QB,16.14,1,0
2024,13,4,736744257179770880,9221,Jahmyr Gibbs,RB,10.4,1,0
2024,13,4,736744257179770880,4381,Taysom Hill,TE,9.7,1,0
2024,13,4,736744257179770880,8136,Rachaad White,RB,8.8,0,0
2024,13,4,736744257179770880,7049,Jauan Jennings,WR,8.6,0,0
2024,13,4,736744257179770880,4039,Cooper Kupp,WR,4.7,1,0
2024,13,4,736744257179770880,11618,Jalen McMillan,WR,4.5,0,0
2024,13,4,736744257179770880,1264,Justin Tucker,K,3.0,1,0
2024,13,4,736744257179770880,NYG,New York Giants,DEF,2.0,0,0
2024,13,4,736744257179770880,4217,George Kittle,TE,1.7,1,0
2024,13,4,736744257179770880,5987,Alexander Mattison,RB,0,0,0
2024,13,4,736744257179770880,8144,Chris Olave,WR,0,0,0
2024,13,5,716698629934481408,2306,Jameis Winston,QB,35.48,0,0
2024,13,5,716698629934481408,4144,Jonnu Smith,TE,20.8,1,0
2024,13,5,716698629934481408,DAL,Dallas Cowboys,DEF,20.5,1,0
2024,13,5,716698629934481408,10222,Jayden Reed,WR,19.7,0,0
2024,13,5,716698629934481408,11564,Drake Maye,QB,19.42,1,0
2024,13,5,716698629934481408,6801,Tee Higgins,WR,17.9,1,0
2024,13,5,716698629934481408,6813,Jonathan Taylor,RB,17.3,1,0
2024,13,5,716698629934481408,3163,Jared Goff,QB,16.94,1,0
2024,13,5,716698629934481408,10859,Sam LaPorta,TE,15.6,0,0
2024,13,5,716698629934481408,7547,Amon-Ra St. Brown,WR,12.3,1,0
2024,13,5,716698629934481408,7543,Travis Etienne,RB,8.8,0,0
2024,13,5,716698629934481408,4981,Calvin Ridley,WR,6.5,1,0
2024,13,5,716698629934481408,PHI,Philadelphia Eagles,DEF,5.75,0,0
2024,13,5,716698629934481408,8151,Kenneth Walker,RB,5.6,1,0
2024,13,5,716698629934481408,5119,Jason Sanders,K,3.0,1,0
2024,13,5,716698629934481408,11637,Keon Coleman,WR,0,0,0
2024,13,6,736740647758938112,11604,Brock Bowers,TE,30.7,0,0
2024,13,6,736740647758938112,7021,Rico Dowdle,RB,21.8,1,0
2024,13,6,736740647758938112,8138,James Cook,RB,21.0,1,0
2024,13,6,736740647758938112,3321,Tyreek Hill,WR,20.3,1,0
2024,13,6,736740647758938112,6804,Jordan Love,QB,18.96,1,0
2024,13,6,736740647758938112,421,Matthew Stafford,QB,15.62,1,0
2024,13,6,736740647758938112,5892,David Montgomery,RB,15.4,0,0
2024,13,6,736740647758938112,96,Aaron Rodgers,QB,14.0,0,0
2024,13,6,736740647758938112,1466,Travis Kelce,TE,13.8,1,0
2024,13,6,736740647758938112,5859,A.J. Brown,WR,11.6,1,0
2024,13,6,736740647758938112,11533,Brandon Aubrey,K,9.0,1,0
2024,13,6,736740647758938112,KC,Kansas City Chiefs,DEF,3.25,1,0
2024,13,6,736740647758938112,MIN,Minnesota Vikings,DEF,3.25,0,0
2024,13,6,736740647758938112,7594,Chuba Hubbard,RB,2.3,1,0
2024,13,6,736740647758938112,4663,Austin Ekeler,RB,0,0,0
2024,13,6,736740647758938112,8121,Romeo Doubs,WR,0,0,0
2024,13,7,735974647736213504,11566,Jayden Daniels,QB,27.14,1,0
2024,13,7,735974647736213504,4033,David Njoku,TE,26.2,1,0
2024,13,7,735974647736213504,4881,Lamar Jackson,QB,23.38,1,0
2024,13,7,735974647736213504,9229,Anthony Richardson,QB,21.16,0,0
2024,13,7,735974647736213504,11635,Ladd McConkey,WR,20.2,1,0
2024,13,7,735974647736213504,9493,Puka Nacua,WR,17.3,1,0
2024,13,7,735974647736213504,6794,Justin Jefferson,WR,16.9,1,0
2024,13,7,735974647736213504,5947,Jakobi Meyers,WR,15.7,0,0
2024,13,7,735974647736213504,3198,Derrick Henry,RB,14.1,1,0
2024,13,7,735974647736213504,7611,Rhamondre Stevenson,RB,11.4,1,0
2024,13,7,735974647736213504,8670,Parker Romo,K,11.0,1,0
2024,13,7,735974647736213504,11583,Jonathon Brooks,RB,7.1,0,0
2024,13,7,735974647736213504,5844,T.J. Hockenson,TE,5.8,0,0
2024,13,7,735974647736213504,5248,Gus Edwards,RB,4.3,0,0
2024,13,7,735974647736213504,TB,Tampa Bay Buccaneers,DEF,3.75,1,0
2024,13,7,735974647736213504,9502,Tank Dell,WR,3.3,0,0
2024,13,7,735974647736213504,6806,J.K. Dobbins,RB,0,0,0
2024,13,8,736803054736822272,6783,Jerry Jeudy,WR,43.0,0,0
2024,13,8,736803054736822272,2216,Mike Evans,WR,26.3,1,0
2024,13,8,736803054736822272,7528,Najee Harris,RB,24.9,0,0
2024,13,8,736803054736822272,5850,Josh Jacobs,RB,21.7,1,0
2024,13,8,736803054736822272,11628,Marvin Harrison,WR,17.0,1,0
2024,13,8,736803054736822272,DEN,Denver Broncos,DEF,14.25,1,0
2024,13,8,736803054736822272,9484,Tucker Kraft,TE,13.8,1,0
2024,13,8,736803054736822272,11563,Bo Nix,QB,13.16,1,0
2024,13,8,736803054736822272,BUF,Buffalo Bills,DEF,13.0,0,0
2024,13,8,736803054736822272,7526,Jaylen Waddle,WR,11.3,0,0
2024,13,8,736803054736822272,4066,Evan Engram,TE,11.1,1,0
2024,13,8,736803054736822272,4137,James Conner,RB,11.1,1,0
2024,13,8,736803054736822272,3678,Wil Lutz,K,11.0,1,0
2024,13,8,736803054736822272,6797,Justin Herbert,QB,7.98,1,0
2024,13,8,736803054736822272,9486,Dontayvion Wicks,WR,7.0,0,0
2024,13,8,736803054736822272,7525,DeVonta Smith,WR,0,0,0
2024,13,9,710284244835979264,NYJ,New York Jets,DEF,19.25,0,0
2024,13,9,710284244835979264,5012,Mark Andrews,TE,18.9,1,0
2024,13,9,710284244835979264,8150,Kyren Williams,RB,18.8,1,0
2024,13,9,710284244835979264,5045,Courtland Sutton,WR,16.7,1,0
2024,13,9,710284244835979264,6904,Jalen Hurts,QB,16.62,1,0
2024,13,9,710284244835979264,1426,DeAndre Hopkins,WR,13.0,1,0
2024,13,9,710284244835979264,3451,Ka'imi Fairbairn,K,13.0,1,0
2024,13,9,710284244835979264,6790,D'Andre Swift,RB,9.4,0,0
2024,13,9,710284244835979264,8146,Garrett Wilson,WR,9.1,1,0
2024,13,9,710284244835979264,DET,Detroit Lions,DEF,8.75,1,0
2024,13,9,710284244835979264,4892,Baker Mayfield,QB,8.2,1,0
2024,13,9,710284244835979264,7588,Javonte Williams,RB,7.4,0,0
2024,13,9,710284244835979264,8205,Isiah Pacheco,RB,5.9,1,0
2024,13,9,710284244835979264,1166,Kirk Cousins,QB,1.1,0,0
2024,13,9,710284244835979264,10444,Cedric Tillman,WR,0,0,0
2024,13,9,710284244835979264,5937,Diontae Johnson,WR,0,0,0
2024,13,10,475399371639222272,9226,De'Von Achane,RB,21.0,1,0
2024,13,10,475399371639222272,11655,Tyrone Tracy,RB,14.5,1,0
2024,13,10,475399371639222272,9758,C.J. Stroud,QB,14.38,1,0
2024,13,10,475399371639222272,PIT,Pittsburgh Steelers,DEF,14.0,1,0
2024,13,10,475399371639222272,8259,Cameron Dicker,K,12.0,1,0
2024,13,10,475399371639222272,8228,Jaylen Warren,RB,10.4,0,0
2024,13,10,475399371639222272,9997,Zay Flowers,WR,10.1,1,0
2024,13,10,475399371639222272,9756,Jordan Addison,WR,9.4,0,0
2024,13,10,475399371639222272,8134,Khalil Shakir,WR,7.0,0,0
2024,13,10,475399371639222272,6786,CeeDee Lamb,WR,5.9,1,0
2024,13,10,475399371639222272,8155,Breece Hall,RB,5.0,1,0
2024,13,10,475399371639222272,2309,Amari Cooper,WR,4.2,0,0
2024,13,10,475399371639222272,5872,Deebo Samuel,WR,4.0,0,0
2024,13,10,475399371639222272,8183,Brock Purdy,QB,2.16,1,0
2024,13,10,475399371639222272,5010,Will Dissly,TE,0,0,0
2024,13,10,475399371639222272,7553,Kyle Pitts,TE,0,1,0
2024,14,1,608781531883859968,7564,Ja'Marr Chase,WR,46.1,1,0
2024,14,1,608781531883859968,6768,Tua Tagovailoa,QB,24.04,1,0
2024,14,1,608781531883859968,9509,Bijan Robinson,RB,20.1,1,0
2024,14,1,608781531883859968,9226,De'Von Achane,RB,18.9,1,0
2024,14,1,608781531883859968,5849,Kyler Murray,QB,18.46,1,0
2024,14,1,608781531883859968,11632,Malik Nabers,WR,14.9,1,0
2024,14,1,608781531883859968,8130,Trey McBride,TE,14.0,1,0
2024,14,1,608781531883859968,NO,New Orleans Saints,DEF,13.5,1,0
2024,14,1,608781531883859968,8148,Jameson Williams,WR,13.0,0,0
2024,14,1,608781531883859968,4035,Alvin Kamara,RB,12.9,1,0
2024,14,1,608781531883859968,8132,Tyler Allgeier,RB,12.3,0,0
2024,14,1,608781531883859968,11576,Braelon Allen,RB,12.1,0,0
2024,14,1,608781531883859968,1945,Chris Boswell,K,11.0,1,0
2024,14,1,608781531883859968,2028,Derek Carr,QB,10.96,0,0
2024,14,1,608781531883859968,7596,Elijah Moore,WR,6.4,0,0
2024,14,1,608781531883859968,9500,Josh Downs,WR,0,0,0
2024,14,2,736077599457026048,4984,Josh Allen,QB,52.88,1,0
2024,14,2,736077599457026048,9224,Chase Brown,RB,24.3,1,0
2024,14,2,736077599457026048,7090,Darnell Mooney,WR,20.7,0,0
2024,14,2,736077599457026048,9488,Jaxon Smith-Njigba,WR,19.6,1,0
2024,14,2,736077599457026048,11631,Brian Thomas,WR,16.6,0,0
2024,14,2,736077599457026048,1234,Russell Wilson,QB,16.02,1,0
2024,14,2,736077599457026048,4866,Saquon Barkley,RB,14.9,1,0
2024,14,2,736077599457026048,8112,Drake London,WR,12.0,1,0
2024,14,2,736077599457026048,11539,Jake Bates,K,11.0,1,0
2024,14,2,736077599457026048,4983,DJ Moore,WR,10.9,0,0
2024,14,2,736077599457026048,8111,Cade Otton,TE,10.0,1,0
2024,14,2,736077599457026048,8110,Jake Ferguson,TE,6.2,0,0
2024,14,2,736077599457026048,9999,Will Levis,QB,6.02,0,0
2024,14,2,736077599457026048,11584,Bucky Irving,RB,2.8,1,0
2024,14,2,736077599457026048,7569,Nico Collins,WR,0,0,0
2024,14,2,736077599457026048,ARI,Arizona Cardinals,DEF,-2.5,1,0
2024,14,3,737091087440674816,11651,Isaac Guerendo,RB,26.8,1,0
2024,14,3,737091087440674816,2133,Davante Adams,WR,26.4,1,0
2024,14,3,737091087440674816,6770,Joe Burrow,QB,24.06,1,0
2024,14,3,737091087440674816,4199,Aaron Jones,RB,16.4,1,0
2024,14,3,737091087440674816,1373,Geno Smith,QB,12.32,1,0
2024,14,3,737091087440674816,TEN,Tennessee Titans,DEF,11.75,1,0
2024,14,3,737091087440674816,11624,Xavier Worthy,WR,9.6,0,0
2024,14,3,737091087440674816,5086,Marquez Valdes-Scantling,WR,9.1,0,0
2024,14,3,737091087440674816,5846,DK Metcalf,WR,8.9,1,0
2024,14,3,737091087440674816,1479,Keenan Allen,WR,6.0,0,0
2024,14,3,737091087440674816,4988,Nick Chubb,RB,4.8,1,0
2024,14,3,737091087440674816,6650,Chase McLaughlin,K,4.0,1,0
2024,14,3,737091087440674816,5010,Will Dissly,TE,3.9,1,0
2024,14,3,737091087440674816,10236,Dalton Kincaid,TE,0,0,0
2024,14,3,737091087440674816,4018,Joe Mixon,RB,0,0,0
2024,14,3,737091087440674816,4037,Chris Godwin,WR,0,0,0
2024,14,3,737091087440674816,8137,George Pickens,WR,0,0,0
2024,14,4,736744257179770880,7049,Jauan Jennings,WR,28.0,1,0
2024,14,4,736744257179770880,8136,Rachaad White,RB,24.9,1,0
2024,14,4,736744257179770880,4217,George Kittle,TE,21.6,1,0
2024,14,4,736744257179770880,4039,Cooper Kupp,WR,20.2,1,0
2024,14,4,736744257179770880,1689,Adam Thielen,WR,19.7,1,0
2024,14,4,736744257179770880,9221,Jahmyr Gibbs,RB,19.3,1,0
2024,14,4,736744257179770880,4046,Patrick Mahomes,QB,14.1,1,0
2024,14,4,736744257179770880,11560,Caleb Williams,QB,14.06,1,0
2024,14,4,736744257179770880,SEA,Seattle Seahawks,DEF,7.0,1,0
2024,14,4,736744257179770880,7042,Tyler Bass,K,6.0,1,0
2024,14,4,736744257179770880,5927,Terry McLaurin,WR,0,0,0
2024,14,4,736744257179770880,6806,J.K. Dobbins,RB,0,0,0
2024,14,4,736744257179770880,8144,Chris Olave,WR,0,0,0
2024,14,4,736744257179770880,8154,Brian Robinson,RB,0,0,0
2024,14,4,736744257179770880,9229,Anthony Richardson,QB,0,0,0
2024,14,4,736744257179770880,9502,Tank Dell,WR,0,0,0
2024,14,5,716698629934481408,9753,Zach Charbonnet,RB,40.3,1,0
2024,14,5,716698629934481408,3163,Jared Goff,QB,22.52,1,0
2024,14,5,716698629934481408,5119,Jason Sanders,K,15.0,1,0
2024,14,5,716698629934481408,2306,Jameis Winston,QB,14.28,1,0
2024,14,5,716698629934481408,4144,Jonnu Smith,TE,13.4,1,0
2024,14,5,716698629934481408,4981,Calvin Ridley,WR,12.9,1,0
2024,14,5,716698629934481408,7543,Travis Etienne,RB,11.0,1,0
2024,14,5,716698629934481408,10859,Sam LaPorta,TE,10.4,0,0
2024,14,5,716698629934481408,7547,Amon-Ra St. Brown,WR,10.3,1,0
2024,14,5,716698629934481408,PHI,Philadelphia Eagles,DEF,5.75,1,0
2024,14,5,716698629934481408,6801,Tee Higgins,WR,4.3,1,0
2024,14,5,716698629934481408,10222,Jayden Reed,WR,0,0,0
2024,14,5,716698629934481408,11564,Drake Maye,QB,0,0,0
2024,14,5,716698629934481408,11637,Keon Coleman,WR,0,0,0
2024,14,5,716698629934481408,6813,Jonathan Taylor,RB,0,0,0
2024,14,5,716698629934481408,8151,Kenneth Walker,RB,0,0,0
2024,14,6,736740647758938112,3321,Tyreek Hill,WR,28.6,1,0
2024,14,6,736740647758938112,421,Matthew Stafford,QB,20.8,0,0
2024,14,6,736740647758938112,7594,Chuba Hubbard,RB,20.7,0,0
2024,14,6,736740647758938112,11620,Rome Odunze,WR,20.2,0,0
2024,14,6,736740647758938112,5892,David Montgomery,RB,19.4,1,0
2024,14,6,736740647758938112,96,Aaron Rodgers,QB,18.06,0,0
2024,14,6,736740647758938112,7021,Rico Dowdle,RB,15.6,1,0
2024,14,6,736740647758938112,6804,Jordan Love,QB,14.54,1,0
2024,14,6,736740647758938112,1466,Travis Kelce,TE,9.5,1,0
2024,14,6,736740647758938112,11533,Brandon Aubrey,K,9.0,1,0
2024,14,6,736740647758938112,5859,A.J. Brown,WR,8.3,1,0
2024,14,6,736740647758938112,11604,Brock Bowers,TE,8.2,1,0
2024,14,6,736740647758938112,8138,James Cook,RB,4.9,1,0
2024,14,6,736740647758938112,MIN,Minnesota Vikings,DEF,4.75,1,0
2024,14,6,736740647758938112,8121,Romeo Doubs,WR,0,0,0
2024,14,6,736740647758938112,BAL,Baltimore Ravens,DEF,0,0,0
2024,14,7,735974647736213504,9493,Puka Nacua,WR,42.3,1,0
2024,14,7,735974647736213504,4943,Sam Darnold,QB,35.58,1,0
2024,14,7,735974647736213504,6794,Justin Jefferson,WR,34.2,1,0
2024,14,7,735974647736213504,4033,David Njoku,TE,17.2,0,0
2024,14,7,735974647736213504,9754,Quentin Johnston,WR,15.8,1,0
2024,14,7,735974647736213504,5947,Jakobi Meyers,WR,13.7,1,0
2024,14,7,735974647736213504,TB,Tampa Bay Buccaneers,DEF,11.5,1,0
2024,14,7,735974647736213504,8220,Sincere McCormick,RB,10.9,1,0
2024,14,7,735974647736213504,5844,T.J. Hockenson,TE,8.5,1,0
2024,14,7,735974647736213504,9508,Tyjae Spears,RB,3.3,1,0
2024,14,7,735974647736213504,11792,Will Reichard,K,3.0,1,0
2024,14,7,735974647736213504,11566,Jayden Daniels,QB,0,0,0
2024,14,7,735974647736213504,11635,Ladd McConkey,WR,0,0,0
2024,14,7,735974647736213504,3198,Derrick Henry,RB,0,0,0
2024,14,7,735974647736213504,4881,Lamar Jackson,QB,0,0,0
2024,14,7,735974647736213504,7611,Rhamondre Stevenson,RB,0,0,0
2024,14,7,735974647736213504,11583,Jonathon Brooks,RB,-0.3,0,0
2024,14,8,736803054736822272,5850,Josh Jacobs,RB,24.6,1,0
2024,14,8,736803054736822272,4137,James Conner,RB,21.2,1,0
2024,14,8,736803054736822272,7526,Jaylen Waddle,WR,20.9,0,0
2024,14,8,736803054736822272,6783,Jerry Jeudy,WR,17.4,1,0
2024,14,8,736803054736822272,6797,Justin Herbert,QB,13.72,1,0
2024,14,8,736803054736822272,7525,DeVonta Smith,WR,13.7,1,0
2024,14,8,736803054736822272,9484,Tucker Kraft,TE,13.1,0,0
2024,14,8,736803054736822272,7528,Najee Harris,RB,11.3,0,0
2024,14,8,736803054736822272,2216,Mike Evans,WR,10.9,1,0
2024,14,8,736803054736822272,11628,Marvin Harrison,WR,8.9,1,0
2024,14,8,736803054736822272,9486,Dontayvion Wicks,WR,8.9,0,0
2024,14,8,736803054736822272,4066,Evan Engram,TE,7.3,1,0
2024,14,8,736803054736822272,11563,Bo Nix,QB,0,0,0
2024,14,8,736803054736822272,4195,Jake Elliott,K,0,1,0
2024,14,8,736803054736822272,DEN,Denver Broncos,DEF,0,0,0
2024,14,8,736803054736822272,BUF,Buffalo Bills,DEF,-7.0,1,0
2024,14,9,710284244835979264,8150,Kyren Williams,RB,23.7,1,0
2024,14,9,710284244835979264,6904,Jalen Hurts,QB,23.22,1,0
2024,14,9,710284244835979264,4892,Baker Mayfield,QB,19.0,1,0
2024,14,9,710284244835979264,8146,Garrett Wilson,WR,18.9,1,0
2024,14,9,710284244835979264,SF,San Francisco 49ers,DEF,15.25,1,0
2024,14,9,710284244835979264,7600,Pat Freiermuth,TE,13.8,1,0
2024,14,9,710284244835979264,1426,DeAndre Hopkins,WR,13.2,1,0
2024,14,9,710284244835979264,1166,Kirk Cousins,QB,9.76,0,0
2024,14,9,710284244835979264,8258,Cade York,K,9.0,1,0
2024,14,9,710284244835979264,8205,Isiah Pacheco,RB,8.1,0,0
2024,14,9,710284244835979264,6790,D'Andre Swift,RB,5.0,1,0
2024,14,9,710284244835979264,DET,Detroit Lions,DEF,4.75,0,0
2024,14,9,710284244835979264,10444,Cedric Tillman,WR,0,1,0
2024,14,9,710284244835979264,3451,Ka'imi Fairbairn,K,0,0,0
2024,14,9,710284244835979264,5012,Mark Andrews,TE,0,0,0
2024,14,9,710284244835979264,5045,Courtland Sutton,WR,0,0,0
2024,14,10,475399371639222272,9756,Jordan Addison,WR,40.3,1,0
2024,14,10,475399371639222272,8134,Khalil Shakir,WR,23.6,1,0
2024,14,10,475399371639222272,8183,Brock Purdy,QB,22.1,1,0
2024,14,10,475399371639222272,6786,CeeDee Lamb,WR,21.4,1,0
2024,14,10,475399371639222272,11655,Tyrone Tracy,RB,19.3,1,0
2024,14,10,475399371639222272,2309,Amari Cooper,WR,15.5,0,0
2024,14,10,475399371639222272,5967,Tony Pollard,RB,14.9,1,0
2024,14,10,475399371639222272,PIT,Pittsburgh Steelers,DEF,11.25,1,0
2024,14,10,475399371639222272,8228,Jaylen Warren,RB,9.2,0,0
2024,14,10,475399371639222272,5872,Deebo Samuel,WR,5.5,1,0
2024,14,10,475399371639222272,8259,Cameron Dicker,K,5.0,1,0
2024,14,10,475399371639222272,7553,Kyle Pitts,TE,2.4,1,0
2024,14,10,475399371639222272,11565,J.J. McCarthy,QB,0,0,0
2024,14,10,475399371639222272,8155,Breece Hall,RB,0,0,0
2024,14,10,475399371639222272,9758,C.J. Stroud,QB,0,0,0
2024,14,10,475399371639222272,9997,Zay Flowers,WR,0,0,0
2024,15,1,608781531883859968,11632,Malik Nabers,WR,24.2,0,1
2024,15,1,608781531883859968,7564,Ja'Marr Chase,WR,18.4,0,1
2024,15,1,608781531883859968,8130,Trey McBride,TE,17.7,1,1
2024,15,1,608781531883859968,4035,Alvin Kamara,RB,17.0,0,1
2024,15,1,608781531883859968,GB,Green Bay Packers,DEF,16.25,1,1
2024,15,1,608781531883859968,9509,Bijan Robinson,RB,15.0,1,1
2024,15,1,608781531883859968,9226,De'Von Achane,RB,13.6,0,1
2024,15,1,608781531883859968,8148,Jameson Williams,WR,12.7,0,1
2024,15,1,608781531883859968,5849,Kyler Murray,QB,10.06,1,1
2024,15,1,608781531883859968,1945,Chris Boswell,K,8.0,1,1
2024,15,1,608781531883859968,9500,Josh Downs,WR,6.2,0,1
2024,15,1,608781531883859968,6768,Tua Tagovailoa,QB,4.34,1,1
2024,15,1,608781531883859968,8132,Tyler Allgeier,RB,4.3,0,1
2024,15,1,608781531883859968,7596,Elijah Moore,WR,1.9,0,1
2024,15,1,608781531883859968,11576,Braelon Allen,RB,0.5,0,1
2024,15,1,608781531883859968,LAC,Los Angeles Chargers,DEF,-4.25,0,1
2024,15,2,736077599457026048,4984,Josh Allen,QB,41.28,1,1
2024,15,2,736077599457026048,11631,Brian Thomas,WR,33.0,1,1
2024,15,2,736077599457026048,9224,Chase Brown,RB,26.3,1,1
2024,15,2,736077599457026048,9488,Jaxon Smith-Njigba,WR,18.3,1,1
2024,15,2,736077599457026048,7569,Nico Collins,WR,17.7,1,1
2024,15,2,736077599457026048,4983,DJ Moore,WR,15.0,0,1
2024,15,2,736077599457026048,8112,Drake London,WR,14.3,1,1
2024,15,2,736077599457026048,11584,Bucky Irving,RB,13.8,0,1
2024,15,2,736077599457026048,4866,Saquon Barkley,RB,9.4,1,1
2024,15,2,736077599457026048,1234,Russell Wilson,QB,8.42,0,1
2024,15,2,736077599457026048,ARI,Arizona Cardinals,DEF,7.0,1,1
2024,15,2,736077599457026048,1339,Zach Ertz,TE,4.5,1,1
2024,15,2,736077599457026048,8111,Cade Otton,TE,4.4,0,1
2024,15,2,736077599457026048,11539,Jake Bates,K,4.0,1,1
2024,15,2,736077599457026048,7090,Darnell Mooney,WR,0,0,1
2024,15,2,736077599457026048,9999,Will Levis,QB,-4.44,0,1
2024,15,3,737091087440674816,2133,Davante Adams,WR,44.8,1,1
2024,15,3,737091087440674816,1479,Keenan Allen,WR,20.2,0,1
2024,15,3,737091087440674816,11624,Xavier Worthy,WR,19.6,0,1
2024,15,3,737091087440674816,4199,Aaron Jones,RB,18.6,1,1
2024,15,3,737091087440674816,6650,Chase McLaughlin,K,18.0,1,1
2024,15,3,737091087440674816,6770,Joe Burrow,QB,17.34,1,1
2024,15,3,737091087440674816,11651,Isaac Guerendo,RB,11.5,1,1
2024,15,3,737091087440674816,4018,Joe Mixon,RB,10.6,1,1
2024,15,3,737091087440674816,10236,Dalton Kincaid,TE,9.3,1,1
2024,15,3,737091087440674816,5086,Marquez Valdes-Scantling,WR,8.8,0,1
2024,15,3,737091087440674816,5846,DK Metcalf,WR,5.8,1,1
2024,15,3,737091087440674816,1373,Geno Smith,QB,4.46,1,1
2024,15,3,737091087440674816,NYJ,New York Jets,DEF,3.5,1,1
2024,15,3,737091087440674816,4988,Nick Chubb,RB,2.1,0,1
2024,15,3,737091087440674816,4037,Chris Godwin,WR,0,0,1
2024,15,3,737091087440674816,5010,Will Dissly,TE,0,0,1
2024,15,3,737091087440674816,8137,George Pickens,WR,0,0,1
2024,15,4,736744257179770880,9221,Jahmyr Gibbs,RB,28.4,1,1
2024,15,4,736744257179770880,5927,Terry McLaurin,WR,26.3,1,1
2024,15,4,736744257179770880,4046,Patrick Mahomes,QB,15.76,1,1
2024,15,4,736744257179770880,9229,Anthony Richardson,QB,14.38,1,1
2024,15,4,736744257179770880,8136,Rachaad White,RB,14.1,0,1
2024,15,4,736744257179770880,8154,Brian Robinson,RB,11.7,1,1
2024,15,4,736744257179770880,7042,Tyler Bass,K,11.0,1,1
2024,15,4,736744257179770880,1689,Adam Thielen,WR,10.1,0,1
2024,15,4,736744257179770880,4217,George Kittle,TE,10.1,1,1
2024,15,4,736744257179770880,11560,Caleb Williams,QB,9.94,0,1
2024,15,4,736744257179770880,WAS,Washington Commanders,DEF,8.25,1,1
2024,15,4,736744257179770880,9502,Tank Dell,WR,6.1,0,1
2024,15,4,736744257179770880,7049,Jauan Jennings,WR,5.1,1,1
2024,15,4,736744257179770880,4039,Cooper Kupp,WR,0,1,1
2024,15,4,736744257179770880,6806,J.K. Dobbins,RB,0,0,1
2024,15,4,736744257179770880,8144,Chris Olave,WR,0,0,1
2024,15,5,716698629934481408,3163,Jared Goff,QB,42.56,1,1
2024,15,5,716698629934481408,7547,Amon-Ra St. Brown,WR,39.3,1,1
2024,15,5,716698629934481408,4144,Jonnu Smith,TE,19.8,1,1
2024,15,5,716698629934481408,6801,Tee Higgins,WR,19.8,1,1
2024,15,5,716698629934481408,10859,Sam LaPorta,TE,18.6,0,1
2024,15,5,716698629934481408,11564,Drake Maye,QB,16.48,1,1
2024,15,5,716698629934481408,9753,Zach Charbonnet,RB,13.6,1,1
2024,15,5,716698629934481408,PHI,Philadelphia Eagles,DEF,11.5,1,1
2024,15,5,716698629934481408,6813,Jonathan Taylor,RB,10.6,1,1
2024,15,5,716698629934481408,10222,Jayden Reed,WR,10.1,0,1
2024,15,5,716698629934481408,4981,Calvin Ridley,WR,9.0,1,1
2024,15,5,716698629934481408,11637,Keon Coleman,WR,7.4,0,1
2024,15,5,716698629934481408,5119,Jason Sanders,K,7.0,1,1
2024,15,5,716698629934481408,9225,Tank Bigsby,RB,3.2,0,1
2024,15,5,716698629934481408,8151,Kenneth Walker,RB,0,0,1
2024,15,5,716698629934481408,2306,Jameis Winston,QB,-1.36,0,1
2024,15,6,736740647758938112,96,Aaron Rodgers,QB,31.06,0,1
2024,15,6,736740647758938112,8138,James Cook,RB,27.3,0,1
2024,15,6,736740647758938112,5859,A.J. Brown,WR,25.5,1,1
2024,15,6,736740647758938112,ATL,Atlanta Falcons,DEF,21.5,0,1
2024,15,6,736740647758938112,6804,Jordan Love,QB,17.56,1,1
2024,15,6,736740647758938112,7021,Rico Dowdle,RB,15.4,1,1
2024,15,6,736740647758938112,11533,Brandon Aubrey,K,14.0,1,1
2024,15,6,736740647758938112,MIN,Minnesota Vikings,DEF,11.0,0,1
2024,15,6,736740647758938112,BAL,Baltimore Ravens,DEF,10.25,1,1
2024,15,6,736740647758938112,7594,Chuba Hubbard,RB,8.9,1,1
2024,15,6,736740647758938112,421,Matthew Stafford,QB,8.2,1,1
2024,15,6,736740647758938112,5892,David Montgomery,RB,7.5,1,1
2024,15,6,736740647758938112,1466,Travis Kelce,TE,6.7,1,1
2024,15,6,736740647758938112,11604,Brock Bowers,TE,6.5,0,1
2024,15,6,736740647758938112,11620,Rome Odunze,WR,5.9,0,1
2024,15,6,736740647758938112,3321,Tyreek Hill,WR,5.6,1,1
2024,15,7,735974647736213504,4881,Lamar Jackson,QB,36.1,0,1
2024,15,7,735974647736213504,KC,Kansas City Chiefs,DEF,23.25,0,1
2024,15,7,735974647736213504,11566,Jayden Daniels,QB,23.14,0,1
2024,15,7,735974647736213504,6794,Justin Jefferson,WR,20.3,1,1
2024,15,7,735974647736213504,9493,Puka Nacua,WR,17.8,0,1
2024,15,7,735974647736213504,11635,Ladd McConkey,WR,16.8,0,1
2024,15,7,735974647736213504,9754,Quentin Johnston,WR,15.5,0,1
2024,15,7,735974647736213504,11792,Will Reichard,K,15.0,1,1
2024,15,7,735974647736213504,4943,Sam Darnold,QB,11.24,1,1
2024,15,7,735974647736213504,5947,Jakobi Meyers,WR,10.9,0,1
2024,15,7,735974647736213504,5844,T.J. Hockenson,TE,10.2,1,1
2024,15,7,735974647736213504,7611,Rhamondre Stevenson,RB,9.5,0,1
2024,15,7,735974647736213504,6938,Cam Akers,RB,8.4,0,1
2024,15,7,735974647736213504,3198,Derrick Henry,RB,6.7,0,1
2024,15,7,735974647736213504,3214,Hunter Henry,TE,6.5,0,1
2024,15,7,735974647736213504,8220,Sincere McCormick,RB,4.5,0,1
2024,15,7,735974647736213504,11589,Trey Benson,RB,2.2,0,1
2024,15,7,735974647736213504,4033,David Njoku,TE,0,0,1
2024,15,8,736803054736822272,2216,Mike Evans,WR,38.9,1,1
2024,15,8,736803054736822272,4137,James Conner,RB,31.3,1,1
2024,15,8,736803054736822272,7525,DeVonta Smith,WR,28.5,0,1
2024,15,8,736803054736822272,DEN,Denver Broncos,DEF,23.0,1,1
2024,15,8,736803054736822272,6783,Jerry Jeudy,WR,22.3,1,1
2024,15,8,736803054736822272,5850,Josh Jacobs,RB,21.6,1,1
2024,15,8,736803054736822272,6797,Justin Herbert,QB,13.8,1,1
2024,15,8,736803054736822272,11563,Bo Nix,QB,13.5,1,1
2024,15,8,736803054736822272,3678,Wil Lutz,K,8.0,1,1
2024,15,8,736803054736822272,9484,Tucker Kraft,TE,5.4,1,1
2024,15,8,736803054736822272,11628,Marvin Harrison,WR,5.2,1,1
2024,15,8,736803054736822272,9486,Dontayvion Wicks,WR,3.4,0,1
2024,15,8,736803054736822272,7528,Najee Harris,RB,3.1,0,1
2024,15,8,736803054736822272,4066,Evan Engram,TE,0,0,1
2024,15,8,736803054736822272,7526,Jaylen Waddle,WR,0,0,1
2024,15,8,736803054736822272,BUF,Buffalo Bills,DEF,-3.25,0,1
2024,15,9,710284244835979264,4892,Baker Mayfield,QB,29.02,1,1
2024,15,9,710284244835979264,6904,Jalen Hurts,QB,28.6,1,1
2024,15,9,710284244835979264,8146,Garrett Wilson,WR,14.6,1,1
2024,15,9,710284244835979264,8150,Kyren Williams,RB,13.7,1,1
2024,15,9,710284244835979264,5045,Courtland Sutton,WR,12.2,1,1
2024,15,9,710284244835979264,5012,Mark Andrews,TE,10.4,1,1
2024,15,9,710284244835979264,7600,Pat Freiermuth,TE,10.2,0,1
2024,15,9,710284244835979264,6790,D'Andre Swift,RB,9.9,0,1
2024,15,9,710284244835979264,3451,Ka'imi Fairbairn,K,9.0,1,1
2024,15,9,710284244835979264,1426,DeAndre Hopkins,WR,8.6,1,1
2024,15,9,710284244835979264,8258,Cade York,K,6.0,0,1
2024,15,9,710284244835979264,8205,Isiah Pacheco,RB,5.7,1,1
2024,15,9,710284244835979264,SF,San Francisco 49ers,DEF,5.5,1,1
2024,15,9,710284244835979264,1166,Kirk Cousins,QB,5.48,0,1
2024,15,9,710284244835979264,10444,Cedric Tillman,WR,0,0,1
2024,15,9,710284244835979264,DET,Detroit Lions,DEF,-10.0,0,1
2024,15,10,475399371639222272,6786,CeeDee Lamb,WR,27.1,1,1
2024,15,10,475399371639222272,8134,Khalil Shakir,WR,15.9,0,1
2024,15,10,475399371639222272,9756,Jordan Addison,WR,13.3,1,1
2024,15,10,475399371639222272,8155,Breece Hall,RB,13.1,1,1
2024,15,10,475399371639222272,9758,C.J. Stroud,QB,11.64,1,1
2024,15,10,475399371639222272,9997,Zay Flowers,WR,11.3,1,1
2024,15,10,475399371639222272,5967,Tony Pollard,RB,8.5,0,1
2024,15,10,475399371639222272,7553,Kyle Pitts,TE,6.8,1,1
2024,15,10,475399371639222272,8259,Cameron Dicker,K,6.0,1,1
2024,15,10,475399371639222272,5872,Deebo Samuel,WR,4.9,0,1
2024,15,10,475399371639222272,11655,Tyrone Tracy,RB,4.5,1,1
2024,15,10,475399371639222272,8183,Brock Purdy,QB,3.98,1,1
2024,15,10,475399371639222272,PIT,Pittsburgh Steelers,DEF,3.75,1,1
2024,15,10,475399371639222272,8228,Jaylen Warren,RB,2.5,0,1
2024,15,10,475399371639222272,11565,J.J. McCarthy,QB,0,0,1
2024,15,10,475399371639222272,2309,Amari Cooper,WR,0,0,1
2024,16,1,608781531883859968,9226,De'Von Achane,RB,33.0,1,1
2024,16,1,608781531883859968,8148,Jameson Williams,WR,28.0,0,1
2024,16,1,608781531883859968,9509,Bijan Robinson,RB,24.3,1,1
2024,16,1,608781531883859968,8143,Jerome Ford,RB,24.1,1,1
2024,16,1,608781531883859968,7564,Ja'Marr Chase,WR,22.4,1,1
2024,16,1,608781531883859968,5849,Kyler Murray,QB,20.38,1,1
2024,16,1,608781531883859968,GB,Green Bay Packers,DEF,17.25,1,1
2024,16,1,608781531883859968,11618,Jalen McMillan,WR,16.7,0,1
2024,16,1,608781531883859968,9500,Josh Downs,WR,15.1,0,1
2024,16,1,608781531883859968,11632,Malik Nabers,WR,13.8,1,1
2024,16,1,608781531883859968,6768,Tua Tagovailoa,QB,11.5,1,1
2024,16,1,608781531883859968,1945,Chris Boswell,K,7.0,1,1
2024,16,1,608781531883859968,7543,Travis Etienne,RB,5.7,0,1
2024,16,1,608781531883859968,9757,Kendre Miller,RB,5.1,0,1
2024,16,1,608781531883859968,8130,Trey McBride,TE,5.0,1,1
2024,16,1,608781531883859968,LAC,Los Angeles Chargers,DEF,2.0,0,1
2024,16,1,608781531883859968,4035,Alvin Kamara,RB,0,0,1
2024,16,2,736077599457026048,11631,Brian Thomas,WR,30.2,1,1
2024,16,2,736077599457026048,4866,Saquon Barkley,RB,29.0,1,1
2024,16,2,736077599457026048,9488,Jaxon Smith-Njigba,WR,24.0,1,1
2024,16,2,736077599457026048,11584,Bucky Irving,RB,18.2,1,1
2024,16,2,736077599457026048,1234,Russell Wilson,QB,15.38,0,1
2024,16,2,736077599457026048,4983,DJ Moore,WR,14.0,0,1
2024,16,2,736077599457026048,9224,Chase Brown,RB,13.9,1,1
2024,16,2,736077599457026048,7090,Darnell Mooney,WR,13.2,0,1
2024,16,2,736077599457026048,7569,Nico Collins,WR,13.0,1,1
2024,16,2,736077599457026048,4984,Josh Allen,QB,11.16,1,1
2024,16,2,736077599457026048,8112,Drake London,WR,10.9,0,1
2024,16,2,736077599457026048,11539,Jake Bates,K,8.0,1,1
2024,16,2,736077599457026048,1339,Zach Ertz,TE,2.2,1,1
2024,16,2,736077599457026048,8111,Cade Otton,TE,0,0,1
2024,16,2,736077599457026048,ARI,Arizona Cardinals,DEF,-1.25,1,1
2024,16,3,737091087440674816,1479,Keenan Allen,WR,30.1,0,1
2024,16,3,737091087440674816,6770,Joe Burrow,QB,21.98,1,1
2024,16,3,737091087440674816,1373,Geno Smith,QB,21.86,1,1
2024,16,3,737091087440674816,11624,Xavier Worthy,WR,20.5,0,1
2024,16,3,737091087440674816,2133,Davante Adams,WR,19.8,1,1
2024,16,3,737091087440674816,5846,DK Metcalf,WR,14.7,1,1
2024,16,3,737091087440674816,4199,Aaron Jones,RB,12.3,1,1
2024,16,3,737091087440674816,4018,Joe Mixon,RB,8.1,1,1
2024,16,3,737091087440674816,6650,Chase McLaughlin,K,7.0,1,1
2024,16,3,737091087440674816,10236,Dalton Kincaid,TE,5.5,1,1
2024,16,3,737091087440674816,NYJ,New York Jets,DEF,5.5,1,1
2024,16,3,737091087440674816,11651,Isaac Guerendo,RB,0,1,1
2024,16,3,737091087440674816,4037,Chris Godwin,WR,0,0,1
2024,16,3,737091087440674816,4988,Nick Chubb,RB,0,0,1
2024,16,3,737091087440674816,5010,Will Dissly,TE,0,0,1
2024,16,3,737091087440674816,5086,Marquez Valdes-Scantling,WR,0,0,1
2024,16,3,737091087440674816,8137,George Pickens,WR,0,0,1
2024,16,4,736744257179770880,9221,Jahmyr Gibbs,RB,25.9,1,1
2024,16,4,736744257179770880,4046,Patrick Mahomes,QB,24.2,1,1
2024,16,4,736744257179770880,11560,Caleb Williams,QB,22.26,0,1
2024,16,4,736744257179770880,9502,Tank Dell,WR,21.8,0,1
2024,16,4,736744257179770880,9229,Anthony Richardson,QB,20.24,1,1
2024,16,4,736744257179770880,4217,George Kittle,TE,19.1,1,1
2024,16,4,736744257179770880,5927,Terry McLaurin,WR,17.0,1,1
2024,16,4,736744257179770880,1689,Adam Thielen,WR,15.3,0,1
2024,16,4,736744257179770880,8136,Rachaad White,RB,11.0,0,1
2024,16,4,736744257179770880,7049,Jauan Jennings,WR,9.1,1,1
2024,16,4,736744257179770880,7042,Tyler Bass,K,8.0,1,1
2024,16,4,736744257179770880,WAS,Washington Commanders,DEF,7.5,1,1
2024,16,4,736744257179770880,4039,Cooper Kupp,WR,5.4,1,1
2024,16,4,736744257179770880,8154,Brian Robinson,RB,2.1,1,1
2024,16,4,736744257179770880,6806,J.K. Dobbins,RB,0,0,1
2024,16,4,736744257179770880,8144,Chris Olave,WR,0,0,1
2024,16,5,716698629934481408,6813,Jonathan Taylor,RB,43.8,1,1
2024,16,5,716698629934481408,3163,Jared Goff,QB,26.34,1,1
2024,16,5,716698629934481408,6801,Tee Higgins,WR,19.8,1,1
2024,16,5,716698629934481408,7547,Amon-Ra St. Brown,WR,19.0,1,1
2024,16,5,716698629934481408,4981,Calvin Ridley,WR,16.8,1,1
2024,16,5,716698629934481408,11564,Drake Maye,QB,16.44,0,1
2024,16,5,716698629934481408,10859,Sam LaPorta,TE,14.3,0,1
2024,16,5,716698629934481408,8151,Kenneth Walker,RB,13.9,1,1
2024,16,5,716698629934481408,1433,Brandon McManus,K,13.0,1,1
2024,16,5,716698629934481408,4144,Jonnu Smith,TE,12.2,1,1
2024,16,5,716698629934481408,10222,Jayden Reed,WR,11.1,0,1
2024,16,5,716698629934481408,PHI,Philadelphia Eagles,DEF,7.75,0,1
2024,16,5,716698629934481408,11559,Michael Penix,QB,6.38,1,1
2024,16,5,716698629934481408,JAX,Jacksonville Jaguars,DEF,3.5,1,1
2024,16,5,716698629934481408,9753,Zach Charbonnet,RB,3.3,0,1
2024,16,5,716698629934481408,11637,Keon Coleman,WR,2.7,0,1
2024,16,6,736740647758938112,7594,Chuba Hubbard,RB,33.0,1,1
2024,16,6,736740647758938112,ATL,Atlanta Falcons,DEF,27.75,0,1
2024,16,6,736740647758938112,8138,James Cook,RB,27.6,1,1
2024,16,6,736740647758938112,5859,A.J. Brown,WR,23.7,1,1
2024,16,6,736740647758938112,11533,Brandon Aubrey,K,21.0,1,1
2024,16,6,736740647758938112,11604,Brock Bowers,TE,20.9,1,1
2024,16,6,736740647758938112,96,Aaron Rodgers,QB,13.34,1,1
2024,16,6,736740647758938112,3321,Tyreek Hill,WR,11.9,1,1
2024,16,6,736740647758938112,6804,Jordan Love,QB,11.48,1,1
2024,16,6,736740647758938112,11620,Rome Odunze,WR,9.7,0,1
2024,16,6,736740647758938112,7021,Rico Dowdle,RB,8.1,1,1
2024,16,6,736740647758938112,1466,Travis Kelce,TE,8.0,0,1
2024,16,6,736740647758938112,MIN,Minnesota Vikings,DEF,6.5,1,1
2024,16,6,736740647758938112,421,Matthew Stafford,QB,6.0,0,1
2024,16,6,736740647758938112,344,Julian Edelman,WR,0,0,1
2024,16,6,736740647758938112,515,Rob Gronkowski,TE,0,0,1
2024,16,6,736740647758938112,5892,David Montgomery,RB,0,0,1
2024,16,7,735974647736213504,6794,Justin Jefferson,WR,36.9,1,1
2024,16,7,735974647736213504,11566,Jayden Daniels,QB,34.42,1,1
2024,16,7,735974647736213504,4943,Sam Darnold,QB,21.94,0,1
2024,16,7,735974647736213504,3198,Derrick Henry,RB,21.4,1,1
2024,16,7,735974647736213504,4881,Lamar Jackson,QB,19.48,1,1
2024,16,7,735974647736213504,5987,Alexander Mattison,RB,15.6,0,1
2024,16,7,735974647736213504,11635,Ladd McConkey,WR,14.7,0,1
2024,16,7,735974647736213504,4033,David Njoku,TE,14.6,1,1
2024,16,7,735974647736213504,9493,Puka Nacua,WR,13.6,1,1
2024,16,7,735974647736213504,7611,Rhamondre Stevenson,RB,12.3,1,1
2024,16,7,735974647736213504,IND,Indianapolis Colts,DEF,7.75,1,1
2024,16,7,735974647736213504,5947,Jakobi Meyers,WR,6.1,1,1
2024,16,7,735974647736213504,6083,Matt Gay,K,6.0,1,1
2024,16,7,735974647736213504,9754,Quentin Johnston,WR,4.8,0,1
2024,16,7,735974647736213504,5844,T.J. Hockenson,TE,4.7,0,1
2024,16,7,735974647736213504,7567,Kenny Gainwell,RB,2.3,0,1
2024,16,7,735974647736213504,9480,Brenton Strange,TE,2.2,0,1
2024,16,7,735974647736213504,5937,Diontae Johnson,WR,0,0,1
2024,16,7,735974647736213504,NO,New Orleans Saints,DEF,-3.5,0,1
2024,16,8,736803054736822272,4137,James Conner,RB,27.1,1,1
2024,16,8,736803054736822272,6797,Justin Herbert,QB,22.16,1,1
2024,16,8,736803054736822272,5850,Josh Jacobs,RB,20.7,1,1
2024,16,8,736803054736822272,11563,Bo Nix,QB,20.52,1,1
2024,16,8,736803054736822272,BUF,Buffalo Bills,DEF,13.0,1,1
2024,16,8,736803054736822272,3678,Wil Lutz,K,12.0,1,1
2024,16,8,736803054736822272,2216,Mike Evans,WR,11.9,1,1
2024,16,8,736803054736822272,7525,DeVonta Smith,WR,11.1,1,1
2024,16,8,736803054736822272,9486,Dontayvion Wicks,WR,10.3,0,1
2024,16,8,736803054736822272,9484,Tucker Kraft,TE,9.5,1,1
2024,16,8,736803054736822272,11628,Marvin Harrison,WR,7.9,0,1
2024,16,8,736803054736822272,7528,Najee Harris,RB,4.2,0,1
2024,16,8,736803054736822272,6783,Jerry Jeudy,WR,4.0,1,1
2024,16,8,736803054736822272,DEN,Denver Broncos,DEF,4.0,0,1
2024,16,8,736803054736822272,4066,Evan Engram,TE,0,0,1
2024,16,8,736803054736822272,7526,Jaylen Waddle,WR,0,0,1
2024,16,9,710284244835979264,4892,Baker Mayfield,QB,21.82,1,1
2024,16,9,710284244835979264,8150,Kyren Williams,RB,20.4,1,1
2024,16,9,710284244835979264,CIN,Cincinnati Bengals,DEF,19.75,1,1
2024,16,9,710284244835979264,5012,Mark Andrews,TE,13.8,1,1
2024,16,9,710284244835979264,8146,Garrett Wilson,WR,11.4,1,1
2024,16,9,710284244835979264,5045,Courtland Sutton,WR,10.0,1,1
2024,16,9,710284244835979264,6790,D'Andre Swift,RB,8.3,0,1
2024,16,9,710284244835979264,1426,DeAndre Hopkins,WR,7.7,1,1
2024,16,9,710284244835979264,DET,Detroit Lions,DEF,6.5,0,1
2024,16,9,710284244835979264,3451,Ka'imi Fairbairn,K,6.0,1,1
2024,16,9,710284244835979264,8258,Cade York,K,5.0,0,1
2024,16,9,710284244835979264,7600,Pat Freiermuth,TE,4.6,0,1
2024,16,9,710284244835979264,6904,Jalen Hurts,QB,4.54,1,1
2024,16,9,710284244835979264,8205,Isiah Pacheco,RB,3.5,1,1
2024,16,9,710284244835979264,10444,Cedric Tillman,WR,0,0,1
2024,16,9,710284244835979264,1166,Kirk Cousins,QB,0,0,1
2024,16,10,475399371639222272,5872,Deebo Samuel,WR,25.1,0,1
2024,16,10,475399371639222272,8183,Brock Purdy,QB,21.62,1,1
2024,16,10,475399371639222272,6786,CeeDee Lamb,WR,18.0,1,1
2024,16,10,475399371639222272,11655,Tyrone Tracy,RB,16.9,1,1
2024,16,10,475399371639222272,9758,C.J. Stroud,QB,16.06,1,1
2024,16,10,475399371639222272,9997,Zay Flowers,WR,15.8,1,1
2024,16,10,475399371639222272,9756,Jordan Addison,WR,14.5,0,1
2024,16,10,475399371639222272,8155,Breece Hall,RB,14.0,1,1
2024,16,10,475399371639222272,8228,Jaylen Warren,RB,13.2,0,1
2024,16,10,475399371639222272,8259,Cameron Dicker,K,10.0,1,1
2024,16,10,475399371639222272,5967,Tony Pollard,RB,8.0,1,1
2024,16,10,475399371639222272,KC,Kansas City Chiefs,DEF,8.0,1,1
2024,16,10,475399371639222272,8134,Khalil Shakir,WR,3.2,0,1
2024,16,10,475399371639222272,2309,Amari Cooper,WR,2.0,0,1
2024,16,10,475399371639222272,7553,Kyle Pitts,TE,1.7,1,1
2024,16,10,475399371639222272,11565,J.J. McCarthy,QB,0,0,1
2024,16,10,475399371639222272,PIT,Pittsburgh Steelers,DEF,-0.25,0,1
2024,17,1,608781531883859968,11632,Malik Nabers,WR,38.1,1,1
2024,17,1,608781531883859968,8130,Trey McBride,TE,30.8,1,1
2024,17,1,608781531883859968,8148,Jameson Williams,WR,25.0,0,1
2024,17,1,608781531883859968,9509,Bijan Robinson,RB,23.8,1,1
2024,17,1,608781531883859968,11618,Jalen McMillan,WR,23.0,0,1
2024,17,1,608781531883859968,7564,Ja'Marr Chase,WR,19.7,1,1
2024,17,1,608781531883859968,5849,Kyler Murray,QB,16.54,1,1
2024,17,1,608781531883859968,19,Joe Flacco,QB,15.8,1,1
2024,17,1,608781531883859968,LAC,Los Angeles Chargers,DEF,15.5,1,1
2024,17,1,608781531883859968,9226,De'Von Achane,RB,5.8,1,1
2024,17,1,608781531883859968,9500,Josh Downs,WR,5.2,0,1
2024,17,1,608781531883859968,1945,Chris Boswell,K,4.0,1,1
2024,17,1,608781531883859968,8143,Jerome Ford,RB,2.2,1,1
2024,17,1,608781531883859968,4035,Alvin Kamara,RB,0,0,1
2024,17,1,608781531883859968,6768,Tua Tagovailoa,QB,0,0,1
2024,17,2,736077599457026048,1339,Zach Ertz,TE,25.2,1,1
2024,17,2,736077599457026048,11631,Brian Thomas,WR,23.9,1,1
2024,17,2,736077599457026048,11584,Bucky Irving,RB,23.5,1,1
2024,17,2,736077599457026048,4984,Josh Allen,QB,22.98,1,1
2024,17,2,736077599457026048,4866,Saquon Barkley,RB,19.4,1,1
2024,17,2,736077599457026048,8112,Drake London,WR,18.1,0,1
2024,17,2,736077599457026048,1234,Russell Wilson,QB,16.7,0,1
2024,17,2,736077599457026048,9224,Chase Brown,RB,13.1,1,1
2024,17,2,736077599457026048,4983,DJ Moore,WR,12.2,0,1
2024,17,2,736077599457026048,11539,Jake Bates,K,9.0,1,1
2024,17,2,736077599457026048,7569,Nico Collins,WR,8.9,1,1
2024,17,2,736077599457026048,ARI,Arizona Cardinals,DEF,7.0,1,1
2024,17,2,736077599457026048,9488,Jaxon Smith-Njigba,WR,6.2,1,1
2024,17,2,736077599457026048,7090,Darnell Mooney,WR,5.7,0,1
2024,17,2,736077599457026048,8111,Cade Otton,TE,0,0,1
2024,17,3,737091087440674816,6770,Joe Burrow,QB,38.48,1,1
2024,17,3,737091087440674816,11624,Xavier Worthy,WR,22.9,0,1
2024,17,3,737091087440674816,11651,Isaac Guerendo,RB,13.9,1,1
2024,17,3,737091087440674816,6650,Chase McLaughlin,K,12.0,1,1
2024,17,3,737091087440674816,4199,Aaron Jones,RB,11.7,1,1
2024,17,3,737091087440674816,2133,Davante Adams,WR,9.7,1,1
2024,17,3,737091087440674816,8137,George Pickens,WR,8.0,0,1
2024,17,3,737091087440674816,1479,Keenan Allen,WR,7.5,0,1
2024,17,3,737091087440674816,5846,DK Metcalf,WR,7.2,1,1
2024,17,3,737091087440674816,1373,Geno Smith,QB,6.3,1,1
2024,17,3,737091087440674816,4018,Joe Mixon,RB,5.9,1,1
2024,17,3,737091087440674816,10236,Dalton Kincaid,TE,4.4,1,1
2024,17,3,737091087440674816,5010,Will Dissly,TE,4.1,0,1
2024,17,3,737091087440674816,4037,Chris Godwin,WR,0,0,1
2024,17,3,737091087440674816,4988,Nick Chubb,RB,0,0,1
2024,17,3,737091087440674816,5086,Marquez Valdes-Scantling,WR,0,0,1
2024,17,3,737091087440674816,NYJ,New York Jets,DEF,-2.5,1,1
2024,17,4,736744257179770880,1689,Adam Thielen,WR,29.0,0,1
2024,17,4,736744257179770880,9221,Jahmyr Gibbs,RB,26.8,0,1
2024,17,4,736744257179770880,4046,Patrick Mahomes,QB,26.5,1,1
2024,17,4,736744257179770880,4217,George Kittle,TE,19.7,0,1
2024,17,4,736744257179770880,6806,J.K. Dobbins,RB,15.3,0,1
2024,17,4,736744257179770880,7049,Jauan Jennings,WR,12.7,0,1
2024,17,4,736744257179770880,8154,Brian Robinson,RB,8.9,0,1
2024,17,4,736744257179770880,7042,Tyler Bass,K,8.0,0,1
2024,17,4,736744257179770880,11560,Caleb Williams,QB,5.58,0,1
2024,17,4,736744257179770880,WAS,Washington Commanders,DEF,5.5,0,1
2024,17,4,736744257179770880,8136,Rachaad White,RB,4.4,0,1
2024,17,4,736744257179770880,4039,Cooper Kupp,WR,3.9,0,1
2024,17,4,736744257179770880,5927,Terry McLaurin,WR,1.5,0,1
2024,17,4,736744257179770880,8144,Chris Olave,WR,0,0,1
2024,17,4,736744257179770880,9229,Anthony Richardson,QB,0,0,1
2024,17,4,736744257179770880,9502,Tank Dell,WR,0,0,1
2024,17,5,716698629934481408,6801,Tee Higgins,WR,40.6,1,1
2024,17,5,716698629934481408,6813,Jonathan Taylor,RB,28.1,1,1
2024,17,5,716698629934481408,3163,Jared Goff,QB,26.32,1,1
2024,17,5,716698629934481408,PHI,Philadelphia Eagles,DEF,21.25,1,1
2024,17,5,716698629934481408,7547,Amon-Ra St. Brown,WR,20.0,1,1
2024,17,5,716698629934481408,10859,Sam LaPorta,TE,18.4,0,1
2024,17,5,716698629934481408,4981,Calvin Ridley,WR,14.1,1,1
2024,17,5,716698629934481408,11637,Keon Coleman,WR,11.7,0,1
2024,17,5,716698629934481408,4144,Jonnu Smith,TE,11.6,1,1
2024,17,5,716698629934481408,9753,Zach Charbonnet,RB,10.6,1,1
2024,17,5,716698629934481408,11564,Drake Maye,QB,9.88,1,1
2024,17,5,716698629934481408,11559,Michael Penix,QB,9.22,0,1
2024,17,5,716698629934481408,JAX,Jacksonville Jaguars,DEF,8.75,0,1
2024,17,5,716698629934481408,1433,Brandon McManus,K,5.0,1,1
2024,17,5,716698629934481408,10222,Jayden Reed,WR,1.6,0,1
2024,17,5,716698629934481408,8151,Kenneth Walker,RB,0,0,1
2024,17,6,736740647758938112,1466,Travis Kelce,TE,22.4,0,1
2024,17,6,736740647758938112,3321,Tyreek Hill,WR,20.0,1,1
2024,17,6,736740647758938112,11604,Brock Bowers,TE,14.6,1,1
2024,17,6,736740647758938112,6804,Jordan Love,QB,14.0,1,1
2024,17,6,736740647758938112,5859,A.J. Brown,WR,12.6,1,1
2024,17,6,736740647758938112,8138,James Cook,RB,11.3,1,1
2024,17,6,736740647758938112,7021,Rico Dowdle,RB,10.3,1,1
2024,17,6,736740647758938112,421,Matthew Stafford,QB,9.16,0,1
2024,17,6,736740647758938112,MIN,Minnesota Vikings,DEF,8.75,1,1
2024,17,6,736740647758938112,ATL,Atlanta Falcons,DEF,2.75,0,1
2024,17,6,736740647758938112,11620,Rome Odunze,WR,2.5,0,1
2024,17,6,736740647758938112,96,Aaron Rodgers,QB,0.48,1,1
2024,17,6,736740647758938112,344,Julian Edelman,WR,0,0,1
2024,17,6,736740647758938112,515,Rob Gronkowski,TE,0,0,1
2024,17,6,736740647758938112,5892,David Montgomery,RB,0,0,1
2024,17,6,736740647758938112,7594,Chuba Hubbard,RB,0,1,1
2024,17,6,736740647758938112,11533,Brandon Aubrey,K,-1.0,1,1
2024,17,7,735974647736213504,11566,Jayden Daniels,QB,32.28,1,1
2024,17,7,735974647736213504,4881,Lamar Jackson,QB,29.92,1,1
2024,17,7,735974647736213504,11635,Ladd McConkey,WR,29.9,1,1
2024,17,7,735974647736213504,4943,Sam Darnold,QB,25.28,0,1
2024,17,7,735974647736213504,3198,Derrick Henry,RB,25.0,1,1
2024,17,7,735974647736213504,9493,Puka Nacua,WR,23.4,1,1
2024,17,7,735974647736213504,MIA,Miami Dolphins,DEF,17.25,1,1
2024,17,7,735974647736213504,6794,Justin Jefferson,WR,17.2,1,1
2024,17,7,735974647736213504,5947,Jakobi Meyers,WR,17.1,0,1
2024,17,7,735974647736213504,9508,Tyjae Spears,RB,12.3,1,1
2024,17,7,735974647736213504,5844,T.J. Hockenson,TE,11.8,1,1
2024,17,7,735974647736213504,11792,Will Reichard,K,6.0,1,1
2024,17,7,735974647736213504,5987,Alexander Mattison,RB,4.8,0,1
2024,17,7,735974647736213504,8255,Raheem Blackshear,RB,2.0,0,1
2024,17,7,735974647736213504,7611,Rhamondre Stevenson,RB,0.1,0,1
2024,17,7,735974647736213504,IND,Indianapolis Colts,DEF,-2.0,0,1
2024,17,8,736803054736822272,7525,DeVonta Smith,WR,30.5,1,1
2024,17,8,736803054736822272,2216,Mike Evans,WR,29.7,1,1
2024,17,8,736803054736822272,6797,Justin Herbert,QB,24.94,1,1
2024,17,8,736803054736822272,11563,Bo Nix,QB,21.86,1,1
2024,17,8,736803054736822272,6783,Jerry Jeudy,WR,21.4,0,1
2024,17,8,736803054736822272,BUF,Buffalo Bills,DEF,16.0,1,1
2024,17,8,736803054736822272,11628,Marvin Harrison,WR,15.6,1,1
2024,17,8,736803054736822272,5850,Josh Jacobs,RB,10.9,1,1
2024,17,8,736803054736822272,7528,Najee Harris,RB,10.1,0,1
2024,17,8,736803054736822272,9486,Dontayvion Wicks,WR,8.3,0,1
2024,17,8,736803054736822272,9484,Tucker Kraft,TE,7.3,1,1
2024,17,8,736803054736822272,3678,Wil Lutz,K,6.0,1,1
2024,17,8,736803054736822272,DEN,Denver Broncos,DEF,4.25,0,1
2024,17,8,736803054736822272,4137,James Conner,RB,2.8,1,1
2024,17,8,736803054736822272,4066,Evan Engram,TE,0,0,1
2024,17,8,736803054736822272,7526,Jaylen Waddle,WR,0,0,1
2024,17,9,710284244835979264,4892,Baker Mayfield,QB,35.06,1,1
2024,17,9,710284244835979264,8146,Garrett Wilson,WR,17.6,1,1
2024,17,9,710284244835979264,5045,Courtland Sutton,WR,16.5,1,1
2024,17,9,710284244835979264,8150,Kyren Williams,RB,16.2,1,1
2024,17,9,710284244835979264,5012,Mark Andrews,TE,14.8,1,1
2024,17,9,710284244835979264,6790,D'Andre Swift,RB,12.1,0,1
2024,17,9,710284244835979264,7600,Pat Freiermuth,TE,11.0,0,1
2024,17,9,710284244835979264,CIN,Cincinnati Bengals,DEF,6.0,1,1
2024,17,9,710284244835979264,8258,Cade York,K,3.0,0,1
2024,17,9,710284244835979264,1426,DeAndre Hopkins,WR,2.7,1,1
2024,17,9,710284244835979264,8205,Isiah Pacheco,RB,1.8,1,1
2024,17,9,710284244835979264,DET,Detroit Lions,DEF,1.5,0,1
2024,17,9,710284244835979264,10444,Cedric Tillman,WR,0,0,1
2024,17,9,710284244835979264,1166,Kirk Cousins,QB,0,0,1
2024,17,9,710284244835979264,3451,Ka'imi Fairbairn,K,0,1,1
2024,17,9,710284244835979264,6904,Jalen Hurts,QB,0,1,1
2024,17,10,475399371639222272,8183,Brock Purdy,QB,30.78,1,1
2024,17,10,475399371639222272,9756,Jordan Addison,WR,18.9,0,1
2024,17,10,475399371639222272,8259,Cameron Dicker,K,17.0,1,1
2024,17,10,475399371639222272,8228,Jaylen Warren,RB,16.2,0,1
2024,17,10,475399371639222272,2309,Amari Cooper,WR,14.6,0,1
2024,17,10,475399371639222272,7553,Kyle Pitts,TE,14.4,1,1
2024,17,10,475399371639222272,KC,Kansas City Chiefs,DEF,12.25,1,1
2024,17,10,475399371639222272,11655,Tyrone Tracy,RB,8.3,1,1
2024,17,10,475399371639222272,5872,Deebo Samuel,WR,8.1,0,1
2024,17,10,475399371639222272,8155,Breece Hall,RB,6.3,1,1
2024,17,10,475399371639222272,9758,C.J. Stroud,QB,6.1,1,1
2024,17,10,475399371639222272,8134,Khalil Shakir,WR,5.5,0,1
2024,17,10,475399371639222272,9997,Zay Flowers,WR,5.1,1,1
2024,17,10,475399371639222272,11565,J.J. McCarthy,QB,0,0,1
2024,17,10,475399371639222272,5967,Tony Pollard,RB,0,1,1
2024,17,10,475399371639222272,6786,CeeDee Lamb,WR,0,1,1
2024,17,10,475399371639222272,PIT,Pittsburgh Steelers,DEF,0,0,1
2024,18,1,608781531883859968,9509,Bijan Robinson,RB,31.8,1,1
2024,18,1,608781531883859968,5849,Kyler Murray,QB,28.38,1,1
2024,18,1,608781531883859968,7564,Ja'Marr Chase,WR,25.6,1,1
2024,18,1,608781531883859968,8130,Trey McBride,TE,19.5,1,1
2024,18,1,608781531883859968,9500,Josh Downs,WR,19.4,0,1
2024,18,1,608781531883859968,11618,Jalen McMillan,WR,19.0,0,1
2024,18,1,608781531883859968,9226,De'Von Achane,RB,18.6,1,1
2024,18,1,608781531883859968,11632,Malik Nabers,WR,17.9,1,1
2024,18,1,608781531883859968,19,Joe Flacco,QB,14.56,1,1
2024,18,1,608781531883859968,8148,Jameson Williams,WR,9.4,0,1
2024,18,1,608781531883859968,LAC,Los Angeles Chargers,DEF,7.5,1,1
2024,18,1,608781531883859968,1945,Chris Boswell,K,7.0,1,1
2024,18,1,608781531883859968,4035,Alvin Kamara,RB,0,0,1
2024,18,1,608781531883859968,6768,Tua Tagovailoa,QB,0,0,1
2024,18,1,608781531883859968,8143,Jerome Ford,RB,0,1,1
2024,18,2,736077599457026048,8112,Drake London,WR,41.2,0,1
2024,18,2,736077599457026048,4983,DJ Moore,WR,22.1,0,1
2024,18,2,736077599457026048,11631,Brian Thomas,WR,17.8,1,1
2024,18,2,736077599457026048,11584,Bucky Irving,RB,16.4,1,1
2024,18,2,736077599457026048,1339,Zach Ertz,TE,15.4,1,1
2024,18,2,736077599457026048,7569,Nico Collins,WR,14.8,1,1
2024,18,2,736077599457026048,1234,Russell Wilson,QB,11.52,0,1
2024,18,2,736077599457026048,11539,Jake Bates,K,8.0,1,1
2024,18,2,736077599457026048,ARI,Arizona Cardinals,DEF,7.5,1,1
2024,18,2,736077599457026048,9488,Jaxon Smith-Njigba,WR,5.3,1,1
2024,18,2,736077599457026048,4866,Saquon Barkley,RB,0,1,1
2024,18,2,736077599457026048,4984,Josh Allen,QB,0,1,1
2024,18,2,736077599457026048,7090,Darnell Mooney,WR,0,0,1
2024,18,2,736077599457026048,8111,Cade Otton,TE,0,0,1
2024,18,2,736077599457026048,9224,Chase Brown,RB,0,1,1
2024,18,3,737091087440674816,1373,Geno Smith,QB,26.32,1,1
2024,18,3,737091087440674816,2133,Davante Adams,WR,20.8,1,1
2024,18,3,737091087440674816,5010,Will Dissly,TE,15.2,0,1
2024,18,3,737091087440674816,5846,DK Metcalf,WR,14.3,1,1
2024,18,3,737091087440674816,NYJ,New York Jets,DEF,14.0,1,1
2024,18,3,737091087440674816,4199,Aaron Jones,RB,12.5,1,1
2024,18,3,737091087440674816,6770,Joe Burrow,QB,12.48,1,1
2024,18,3,737091087440674816,6650,Chase McLaughlin,K,11.0,1,1
2024,18,3,737091087440674816,5086,Marquez Valdes-Scantling,WR,6.3,0,1
2024,18,3,737091087440674816,4018,Joe Mixon,RB,3.8,1,1
2024,18,3,737091087440674816,1479,Keenan Allen,WR,3.5,0,1
2024,18,3,737091087440674816,8137,George Pickens,WR,1.0,0,1
2024,18,3,737091087440674816,11651,Isaac Guerendo,RB,0.5,1,1
2024,18,3,737091087440674816,10236,Dalton Kincaid,TE,0,1,1
2024,18,3,737091087440674816,11624,Xavier Worthy,WR,0,0,1
2024,18,3,737091087440674816,4037,Chris Godwin,WR,0,0,1
2024,18,3,737091087440674816,4988,Nick Chubb,RB,0,0,1
2024,18,4,736744257179770880,9221,Jahmyr Gibbs,RB,46.5,0,1
2024,18,4,736744257179770880,5927,Terry McLaurin,WR,20.2,0,1
2024,18,4,736744257179770880,7049,Jauan Jennings,WR,12.2,0,1
2024,18,4,736744257179770880,6806,J.K. Dobbins,RB,10.5,0,1
2024,18,4,736744257179770880,11560,Caleb Williams,QB,9.92,0,1
2024,18,4,736744257179770880,1689,Adam Thielen,WR,9.4,0,1
2024,18,4,736744257179770880,4217,George Kittle,TE,4.7,0,1
2024,18,4,736744257179770880,7042,Tyler Bass,K,4.0,0,1
2024,18,4,736744257179770880,WAS,Washington Commanders,DEF,3.5,0,1
2024,18,4,736744257179770880,8154,Brian Robinson,RB,2.6,0,1
2024,18,4,736744257179770880,4039,Cooper Kupp,WR,0,0,1
2024,18,4,736744257179770880,4046,Patrick Mahomes,QB,0,1,1
2024,18,4,736744257179770880,8136,Rachaad White,RB,0,0,1
2024,18,4,736744257179770880,8144,Chris Olave,WR,0,0,1
2024,18,4,736744257179770880,9229,Anthony Richardson,QB,0,0,1
2024,18,4,736744257179770880,9502,Tank Dell,WR,0,0,1
2024,18,5,716698629934481408,6813,Jonathan Taylor,RB,25.5,1,1
2024,18,5,716698629934481408,11559,Michael Penix,QB,24.98,0,1
2024,18,5,716698629934481408,4144,Jonnu Smith,TE,18.6,1,1
2024,18,5,716698629934481408,7547,Amon-Ra St. Brown,WR,13.7,1,1
2024,18,5,716698629934481408,10859,Sam LaPorta,TE,13.3,0,1
2024,18,5,716698629934481408,1433,Brandon McManus,K,12.0,1,1
2024,18,5,716698629934481408,PHI,Philadelphia Eagles,DEF,10.5,1,1
2024,18,5,716698629934481408,4981,Calvin Ridley,WR,10.3,1,1
2024,18,5,716698629934481408,3163,Jared Goff,QB,9.74,1,1
2024,18,5,716698629934481408,6801,Tee Higgins,WR,9.3,1,1
2024,18,5,716698629934481408,9753,Zach Charbonnet,RB,9.1,1,1
2024,18,5,716698629934481408,11637,Keon Coleman,WR,6.0,0,1
2024,18,5,716698629934481408,10222,Jayden Reed,WR,5.1,0,1
2024,18,5,716698629934481408,JAX,Jacksonville Jaguars,DEF,1.25,0,1
2024,18,5,716698629934481408,11564,Drake Maye,QB,0,1,1
2024,18,5,716698629934481408,8151,Kenneth Walker,RB,0,0,1
2024,18,6,736740647758938112,96,Aaron Rodgers,QB,24.96,1,1
2024,18,6,736740647758938112,7021,Rico Dowdle,RB,16.4,1,1
2024,18,6,736740647758938112,11604,Brock Bowers,TE,15.0,1,1
2024,18,6,736740647758938112,11533,Brandon Aubrey,K,14.0,1,1
2024,18,6,736740647758938112,8138,James Cook,RB,8.8,1,1
2024,18,6,736740647758938112,MIN,Minnesota Vikings,DEF,6.0,1,1
2024,18,6,736740647758938112,3321,Tyreek Hill,WR,4.0,1,1
2024,18,6,736740647758938112,11620,Rome Odunze,WR,3.8,0,1
2024,18,6,736740647758938112,6804,Jordan Love,QB,2.76,1,1
2024,18,6,736740647758938112,1466,Travis Kelce,TE,0,0,1
2024,18,6,736740647758938112,344,Julian Edelman,WR,0,0,1
2024,18,6,736740647758938112,421,Matthew Stafford,QB,0,0,1
2024,18,6,736740647758938112,515,Rob Gronkowski,TE,0,0,1
2024,18,6,736740647758938112,5859,A.J. Brown,WR,0,1,1
2024,18,6,736740647758938112,5892,David Montgomery,RB,0,0,1
2024,18,6,736740647758938112,7594,Chuba Hubbard,RB,0,1,1
2024,18,6,736740647758938112,ATL,Atlanta Falcons,DEF,-5.0,0,1
2024,18,7,735974647736213504,3198,Derrick Henry,RB,31.1,1,1
2024,18,7,735974647736213504,5947,Jakobi Meyers,WR,27.8,0,1
2024,18,7,735974647736213504,4881,Lamar Jackson,QB,22.98,1,1
2024,18,7,735974647736213504,11635,Ladd McConkey,WR,16.5,1,1
2024,18,7,735974647736213504,11792,Will Reichard,K,9.0,1,1
2024,18,7,735974647736213504,6794,Justin Jefferson,WR,8.4,1,1
2024,18,7,735974647736213504,4943,Sam Darnold,QB,7.64,0,1
2024,18,7,735974647736213504,5987,Alexander Mattison,RB,7.1,0,1
2024,18,7,735974647736213504,IND,Indianapolis Colts,DEF,6.5,0,1
2024,18,7,735974647736213504,8255,Raheem Blackshear,RB,4.7,0,1
2024,18,7,735974647736213504,MIA,Miami Dolphins,DEF,4.25,1,1
2024,18,7,735974647736213504,11566,Jayden Daniels,QB,4.22,1,1
2024,18,7,735974647736213504,5844,T.J. Hockenson,TE,2.9,1,1
2024,18,7,735974647736213504,7611,Rhamondre Stevenson,RB,0,0,1
2024,18,7,735974647736213504,9493,Puka Nacua,WR,0,1,1
2024,18,7,735974647736213504,9508,Tyjae Spears,RB,0,1,1
2024,18,8,736803054736822272,11563,Bo Nix,QB,34.04,1,1
2024,18,8,736803054736822272,6797,Justin Herbert,QB,28.54,1,1
2024,18,8,736803054736822272,2216,Mike Evans,WR,17.9,1,1
2024,18,8,736803054736822272,11628,Marvin Harrison,WR,17.3,1,1
2024,18,8,736803054736822272,DEN,Denver Broncos,DEF,16.75,0,1
2024,18,8,736803054736822272,7528,Najee Harris,RB,15.6,0,1
2024,18,8,736803054736822272,6783,Jerry Jeudy,WR,12.3,0,1
2024,18,8,736803054736822272,5850,Josh Jacobs,RB,11.6,1,1
2024,18,8,736803054736822272,9486,Dontayvion Wicks,WR,9.9,0,1
2024,18,8,736803054736822272,7526,Jaylen Waddle,WR,9.0,0,1
2024,18,8,736803054736822272,3678,Wil Lutz,K,8.0,1,1
2024,18,8,736803054736822272,9484,Tucker Kraft,TE,7.6,1,1
2024,18,8,736803054736822272,BUF,Buffalo Bills,DEF,3.25,1,1
2024,18,8,736803054736822272,4066,Evan Engram,TE,0,0,1
2024,18,8,736803054736822272,4137,James Conner,RB,0,1,1
2024,18,8,736803054736822272,7525,DeVonta Smith,WR,0,1,1
2024,18,9,710284244835979264,7600,Pat Freiermuth,TE,22.5,0,1
2024,18,9,710284244835979264,4892,Baker Mayfield,QB,21.64,1,1
2024,18,9,710284244835979264,5045,Courtland Sutton,WR,20.8,1,1
2024,18,9,710284244835979264,5012,Mark Andrews,TE,15.4,1,1
2024,18,9,710284244835979264,8258,Cade York,K,14.0,0,1
2024,18,9,710284244835979264,CIN,Cincinnati Bengals,DEF,13.0,1,1
2024,18,9,710284244835979264,6790,D'Andre Swift,RB,12.5,0,1
2024,18,9,710284244835979264,DET,Detroit Lions,DEF,10.0,0,1
2024,18,9,710284244835979264,8146,Garrett Wilson,WR,9.1,1,1
2024,18,9,710284244835979264,3451,Ka'imi Fairbairn,K,4.0,1,1
2024,18,9,710284244835979264,10444,Cedric Tillman,WR,0,0,1
2024,18,9,710284244835979264,1166,Kirk Cousins,QB,0,0,1
2024,18,9,710284244835979264,1426,DeAndre Hopkins,WR,0,1,1
2024,18,9,710284244835979264,6904,Jalen Hurts,QB,0,1,1
2024,18,9,710284244835979264,8150,Kyren Williams,RB,0,1,1
2024,18,9,710284244835979264,8205,Isiah Pacheco,RB,0,1,1
2024,18,10,475399371639222272,8155,Breece Hall,RB,18.2,1,1
2024,18,10,475399371639222272,8259,Cameron Dicker,K,13.0,1,1
2024,18,10,475399371639222272,PIT,Pittsburgh Steelers,DEF,10.5,0,1
2024,18,10,475399371639222272,11655,Tyrone Tracy,RB,8.6,1,1
2024,18,10,475399371639222272,5967,Tony Pollard,RB,6.2,1,1
2024,18,10,475399371639222272,9758,C.J. Stroud,QB,6.0,1,1
2024,18,10,475399371639222272,7553,Kyle Pitts,TE,3.5,1,1
2024,18,10,475399371639222272,9997,Zay Flowers,WR,3.1,1,1
2024,18,10,475399371639222272,8228,Jaylen Warren,RB,2.1,0,1
2024,18,10,475399371639222272,9756,Jordan Addison,WR,1.0,0,1
2024,18,10,475399371639222272,11565,J.J. McCarthy,QB,0,0,1
2024,18,10,475399371639222272,2309,Amari Cooper,WR,0,0,1
2024,18,10,475399371639222272,5872,Deebo Samuel,WR,0,0,1
2024,18,10,475399371639222272,6786,CeeDee Lamb,WR,0,1,1
2024,18,10,475399371639222272,8134,Khalil Shakir,WR,0,0,1
2024,18,10,475399371639222272,8183,Brock Purdy,QB,0,1,1
2024,18,10,475399371639222272,KC,Kansas City Chiefs,DEF,-8.0,1,1
