season,week,roster_id,user_id,player_id,player_name,position,points,started,is_playoff
2025,1,1,608781531883859968,12514,Emeka Egbuka,WR,23.6,1,0
2025,1,1,608781531883859968,11565,J.J. McCarthy,QB,21.22,1,0
2025,1,1,608781531883859968,4035,Alvin Kamara,RB,13.7,1,0
2025,1,1,608781531883859968,8112,Drake London,WR,13.5,1,0
2025,1,1,608781531883859968,8130,Trey McBride,TE,12.1,1,0
2025,1,1,608781531883859968,12526,Tetairoa McMillan,WR,11.8,1,0
2025,1,1,608781531883859968,11533,Brandon Aubrey,K,11.0,1,0
2025,1,1,608781531883859968,9228,Bryce Young,QB,8.16,1,0
2025,1,1,608781531883859968,4981,Calvin Ridley,WR,6.7,0,0
2025,1,1,608781531883859968,8148,Jameson Williams,WR,6.6,0,0
2025,1,1,608781531883859968,12541,Dont'e Thornton,WR,6.5,0,0
2025,1,1,608781531883859968,ARI,Arizona Cardinals,DEF,5.75,1,0
2025,1,1,608781531883859968,11655,Tyrone Tracy,RB,5.5,0,0
2025,1,1,608781531883859968,8151,Kenneth Walker,RB,5.4,1,0
2025,1,1,608781531883859968,12490,Bhayshul Tuten,RB,1.1,0,0
2025,1,1,608781531883859968,12508,Jaxson Dart,QB,0,0,0
2025,1,1,608781531883859968,6803,Brandon Aiyuk,WR,0,0,0
2025,1,2,736077599457026048,7591,Justin Fields,QB,29.52,0,0
2025,1,2,736077599457026048,11566,Jayden Daniels,QB,20.12,1,0
2025,1,2,736077599457026048,9488,Jaxon Smith-Njigba,WR,18.9,1,0
2025,1,2,736077599457026048,12469,Dylan Sampson,RB,17.3,0,0
2025,1,2,736077599457026048,9226,De'Von Achane,RB,16.5,1,0
2025,1,2,736077599457026048,4137,James Conner,RB,14.4,1,0
2025,1,2,736077599457026048,1466,Travis Kelce,TE,12.7,1,0
2025,1,2,736077599457026048,LAR,Los Angeles Rams,DEF,12.25,1,0
2025,1,2,736077599457026048,2449,Stefon Diggs,WR,11.7,0,0
2025,1,2,736077599457026048,6790,D'Andre Swift,RB,9.5,0,0
2025,1,2,736077599457026048,11631,Brian Thomas,WR,9.0,1,0
2025,1,2,736077599457026048,6768,Tua Tagovailoa,QB,5.26,1,0
2025,1,2,736077599457026048,7839,Evan McPherson,K,5.0,1,0
2025,1,2,736077599457026048,12499,Elic Ayomanor,WR,3.3,0,0
2025,1,2,736077599457026048,12547,Kyle Williams,WR,2.2,0,0
2025,1,2,736077599457026048,5859,A.J. Brown,WR,1.8,1,0
2025,1,2,736077599457026048,12457,Jaydon Blue,RB,0,0,0
2025,1,3,737091087440674816,9997,Zay Flowers,WR,28.6,0,0
2025,1,3,737091087440674816,11637,Keon Coleman,WR,25.7,0,0
2025,1,3,737091087440674816,8138,James Cook,RB,21.2,1,0
2025,1,3,737091087440674816,1373,Geno Smith,QB,17.48,1,0
2025,1,3,737091087440674816,6804,Jordan Love,QB,15.92,1,0
2025,1,3,737091087440674816,12518,Tyler Warren,TE,14.9,1,0
2025,1,3,737091087440674816,6794,Justin Jefferson,WR,14.8,1,0
2025,1,3,737091087440674816,8150,Kyren Williams,RB,13.9,1,0
2025,1,3,737091087440674816,8126,Wan'Dale Robinson,WR,11.5,0,0
2025,1,3,737091087440674816,7547,Amon-Ra St. Brown,WR,8.5,1,0
2025,1,3,737091087440674816,4195,Jake Elliott,K,8.0,1,0
2025,1,3,737091087440674816,MIN,Minnesota Vikings,DEF,7.0,1,0
2025,1,3,737091087440674816,4943,Sam Darnold,QB,5.4,0,0
2025,1,3,737091087440674816,12495,Ollie Gordon,RB,1.3,0,0
2025,1,3,737091087440674816,9225,Tank Bigsby,RB,1.2,0,0
2025,1,3,737091087440674816,11624,Xavier Worthy,WR,0,1,0
2025,1,4,736744257179770880,6797,Justin Herbert,QB,28.42,1,0
2025,1,4,736744257179770880,11559,Michael Penix,QB,24.52,0,0
2025,1,4,736744257179770880,8146,Garrett Wilson,WR,22.5,1,0
2025,1,4,736744257179770880,4866,Saquon Barkley,RB,18.4,1,0
2025,1,4,736744257179770880,6806,J.K. Dobbins,RB,14.8,1,0
2025,1,4,736744257179770880,421,Matthew Stafford,QB,12.6,1,0
2025,1,4,736744257179770880,4217,George Kittle,TE,12.5,1,0
2025,1,4,736744257179770880,2216,Mike Evans,WR,10.1,1,0
2025,1,4,736744257179770880,HOU,Houston Texans,DEF,8.25,1,0
2025,1,4,736744257179770880,11539,Jake Bates,K,7.0,1,0
2025,1,4,736744257179770880,4033,David Njoku,TE,6.7,1,0
2025,1,4,736744257179770880,7611,Rhamondre Stevenson,RB,4.7,0,0
2025,1,4,736744257179770880,7049,Jauan Jennings,WR,3.6,0,0
2025,1,4,736744257179770880,12481,Cam Skattebo,RB,2.9,0,0
2025,1,4,736744257179770880,10229,Rashee Rice,WR,0,0,0
2025,1,4,736744257179770880,4018,Joe Mixon,RB,0,0,0
2025,1,5,716698629934481408,9509,Bijan Robinson,RB,26.4,1,0
2025,1,5,716698629934481408,8183,Brock Purdy,QB,17.28,1,0
2025,1,5,716698629934481408,12527,Ashton Jeanty,RB,12.0,1,0
2025,1,5,716698629934481408,1234,Russell Wilson,QB,10.12,0,0
2025,1,5,716698629934481408,8259,Cameron Dicker,K,9.0,1,0
2025,1,5,716698629934481408,4983,DJ Moore,WR,8.6,1,0
2025,1,5,716698629934481408,8110,Jake Ferguson,TE,7.3,1,0
2025,1,5,716698629934481408,6801,Tee Higgins,WR,6.3,1,0
2025,1,5,716698629934481408,8205,Isiah Pacheco,RB,4.8,0,0
2025,1,5,716698629934481408,5927,Terry McLaurin,WR,4.7,1,0
2025,1,5,716698629934481408,12522,Cam Ward,QB,2.48,1,0
2025,1,5,716698629934481408,8132,Tyler Allgeier,RB,2.4,0,0
2025,1,5,716698629934481408,12509,Tre' Harris,WR,2.1,0,0
2025,1,5,716698629934481408,4037,Chris Godwin,WR,0,0,0
2025,1,5,716698629934481408,7090,Darnell Mooney,WR,0,0,0
2025,1,5,716698629934481408,9508,Tyjae Spears,RB,0,0,0
2025,1,5,716698629934481408,BAL,Baltimore Ravens,DEF,-5.75,1,0
2025,1,6,736740647758938112,5872,Deebo Samuel,WR,22.6,1,0
2025,1,6,736740647758938112,11604,Brock Bowers,TE,15.8,1,0
2025,1,6,736740647758938112,11584,Bucky Irving,RB,14.5,1,0
2025,1,6,736740647758938112,7553,Kyle Pitts,TE,12.9,0,0
2025,1,6,736740647758938112,8134,Khalil Shakir,WR,12.4,0,0
2025,1,6,736740647758938112,7523,Trevor Lawrence,QB,10.32,1,0
2025,1,6,736740647758938112,2133,Davante Adams,WR,9.1,1,0
2025,1,6,736740647758938112,6770,Joe Burrow,QB,8.82,1,0
2025,1,6,736740647758938112,5892,David Montgomery,RB,8.3,0,0
2025,1,6,736740647758938112,12507,Omarion Hampton,RB,8.1,1,0
2025,1,6,736740647758938112,11576,Braelon Allen,RB,6.9,0,0
2025,1,6,736740647758938112,7569,Nico Collins,WR,5.5,1,0
2025,1,6,736740647758938112,7021,Rico Dowdle,RB,3.6,0,0
2025,1,6,736740647758938112,PIT,Pittsburgh Steelers,DEF,2.75,1,0
2025,1,6,736740647758938112,6650,Chase McLaughlin,K,2.0,1,0
2025,1,6,736740647758938112,12519,Luther Burden,WR,0.7,0,0
2025,1,6,736740647758938112,12511,Will Howard,QB,0,0,0
2025,1,7,735974647736213504,5870,Daniel Jones,QB,29.48,1,0
2025,1,7,735974647736213504,11560,Caleb Williams,QB,24.2,0,0
2025,1,7,735974647736213504,7588,Javonte Williams,RB,20.4,1,0
2025,1,7,735974647736213504,5849,Kyler Murray,QB,18.32,1,0
2025,1,7,735974647736213504,12185,Spencer Shrader,K,16.0,1,0
2025,1,7,735974647736213504,12533,Jacory Croskey-Merritt,RB,14.2,0,0
2025,1,7,735974647736213504,11632,Malik Nabers,WR,12.1,1,0
2025,1,7,735974647736213504,WAS,Washington Commanders,DEF,10.5,1,0
2025,1,7,735974647736213504,12489,RJ Harvey,RB,7.9,1,0
2025,1,7,735974647736213504,12484,Jayden Higgins,WR,5.2,0,0
2025,1,7,735974647736213504,7564,Ja'Marr Chase,WR,4.6,1,0
2025,1,7,735974647736213504,5844,T.J. Hockenson,TE,4.5,1,0
2025,1,7,735974647736213504,12501,Matthew Golden,WR,3.6,1,0
2025,1,7,735974647736213504,1689,Adam Thielen,WR,2.0,0,0
2025,1,7,735974647736213504,12512,Quinshon Judkins,RB,0,0,0
2025,1,7,735974647736213504,7042,Tyler Bass,K,0,0,0
2025,1,7,735974647736213504,12504,Kaleb Johnson,RB,-1.2,0,0
2025,1,8,736803054736822272,3198,Derrick Henry,RB,30.2,1,0
2025,1,8,736803054736822272,4034,Christian McCaffrey,RB,23.2,1,0
2025,1,8,736803054736822272,1945,Chris Boswell,K,14.0,1,0
2025,1,8,736803054736822272,9484,Tucker Kraft,TE,9.9,0,0
2025,1,8,736803054736822272,12530,Travis Hunter,WR,9.3,1,0
2025,1,8,736803054736822272,9758,C.J. Stroud,QB,8.72,1,0
2025,1,8,736803054736822272,8408,Jordan Mason,RB,8.5,0,0
2025,1,8,736803054736822272,3321,Tyreek Hill,WR,8.0,1,0
2025,1,8,736803054736822272,11563,Bo Nix,QB,7.34,1,0
2025,1,8,736803054736822272,7525,DeVonta Smith,WR,4.6,1,0
2025,1,8,736803054736822272,4039,Cooper Kupp,WR,3.5,0,0
2025,1,8,736803054736822272,9494,Marvin Mims,WR,2.2,0,0
2025,1,8,736803054736822272,5012,Mark Andrews,TE,1.5,1,0
2025,1,8,736803054736822272,8143,Jerome Ford,RB,1.5,0,0
2025,1,8,736803054736822272,4950,Christian Kirk,WR,0,0,0
2025,1,8,736803054736822272,BUF,Buffalo Bills,DEF,-1.5,1,0
2025,1,9,710284244835979264,4881,Lamar Jackson,QB,29.36,1,0
2025,1,9,710284244835979264,4892,Baker Mayfield,QB,22.58,1,0
2025,1,9,710284244835979264,5045,Courtland Sutton,WR,18.1,1,0
2025,1,9,710284244835979264,11620,Rome Odunze,WR,15.7,0,0
2025,1,9,710284244835979264,4199,Aaron Jones,RB,15.7,1,0
2025,1,9,710284244835979264,10859,Sam LaPorta,TE,13.9,1,0
2025,1,9,710284244835979264,11635,Ladd McConkey,WR,13.4,1,0
2025,1,9,710284244835979264,6813,Jonathan Taylor,RB,12.8,1,0
2025,1,9,710284244835979264,11562,Spencer Rattler,QB,11.96,0,0
2025,1,9,710284244835979264,12529,TreVeyon Henderson,RB,11.1,1,0
2025,1,9,710284244835979264,4227,Harrison Butker,K,10.0,1,0
2025,1,9,710284244835979264,8676,Rashid Shaheed,WR,9.3,0,0
2025,1,9,710284244835979264,NE,New England Patriots,DEF,6.5,1,0
2025,1,9,710284244835979264,4988,Nick Chubb,RB,6.0,0,0
2025,1,9,710284244835979264,12498,Mason Taylor,TE,3.0,0,0
2025,1,9,710284244835979264,9756,Jordan Addison,WR,0,0,0
2025,1,10,475399371639222272,4984,Josh Allen,QB,39.26,1,0
2025,1,10,475399371639222272,96,Aaron Rodgers,QB,25.66,0,0
2025,1,10,475399371639222272,1479,Keenan Allen,WR,19.8,0,0
2025,1,10,475399371639222272,6786,CeeDee Lamb,WR,18.5,1,0
2025,1,10,475399371639222272,DEN,Denver Broncos,DEF,18.0,1,0
2025,1,10,475399371639222272,7594,Chuba Hubbard,RB,17.9,1,0
2025,1,10,475399371639222272,9221,Jahmyr Gibbs,RB,15.0,1,0
2025,1,10,475399371639222272,10236,Dalton Kincaid,TE,13.8,0,0
2025,1,10,475399371639222272,6783,Jerry Jeudy,WR,11.6,1,0
2025,1,10,475399371639222272,9753,Zach Charbonnet,RB,10.7,0,0
2025,1,10,475399371639222272,3214,Hunter Henry,TE,10.6,1,0
2025,1,10,475399371639222272,3678,Wil Lutz,K,8.0,1,0
2025,1,10,475399371639222272,5967,Tony Pollard,RB,7.9,0,0
2025,1,10,475399371639222272,3294,Dak Prescott,QB,7.82,1,0
2025,1,10,475399371639222272,7526,Jaylen Waddle,WR,7.0,1,0
2025,1,10,475399371639222272,9500,Josh Downs,WR,3.2,0,0
2025,1,11,865793938542456832,6904,Jalen Hurts,QB,24.28,1,0
2025,1,11,865793938542456832,6819,Michael Pittman,WR,20.0,0,0
2025,1,11,865793938542456832,7543,Travis Etienne,RB,19.1,0,0
2025,1,11,865793938542456832,11628,Marvin Harrison,WR,18.1,1,0
2025,1,11,865793938542456832,11638,Ricky Pearsall,WR,15.3,1,0
2025,1,11,865793938542456832,11564,Drake Maye,QB,15.28,1,0
2025,1,11,865793938542456832,11786,Cam Little,K,15.0,1,0
2025,1,11,865793938542456832,5850,Josh Jacobs,RB,14.0,1,0
2025,1,11,865793938542456832,SF,San Francisco 49ers,DEF,11.75,1,0
2025,1,11,865793938542456832,4663,Austin Ekeler,RB,8.7,1,0
2025,1,11,865793938542456832,8137,George Pickens,WR,6.0,1,0
2025,1,11,865793938542456832,4066,Evan Engram,TE,5.1,1,0
2025,1,11,865793938542456832,8154,Brian Robinson,RB,4.7,0,0
2025,1,11,865793938542456832,7571,Rashod Bateman,WR,3.0,0,0
2025,1,11,865793938542456832,8136,Rachaad White,RB,2.6,0,0
2025,1,11,865793938542456832,7528,Najee Harris,RB,2.0,0,0
2025,1,12,1136842855890366464,4046,Patrick Mahomes,QB,26.02,1,0
2025,1,12,1136842855890366464,9493,Puka Nacua,WR,23.6,1,0
2025,1,12,1136842855890366464,5947,Jakobi Meyers,WR,17.7,0,0
2025,1,12,1136842855890366464,8155,Breece Hall,RB,17.0,1,0
2025,1,12,1136842855890366464,8228,Jaylen Warren,RB,13.9,0,0
2025,1,12,1136842855890366464,10222,Jayden Reed,WR,13.5,0,0
2025,1,12,1136842855890366464,9224,Chase Brown,RB,13.1,1,0
2025,1,12,1136842855890366464,19,Joe Flacco,QB,12.7,0,0
2025,1,12,1136842855890366464,8144,Chris Olave,WR,12.4,1,0
2025,1,12,1136842855890366464,5846,DK Metcalf,WR,12.3,1,0
2025,1,12,1136842855890366464,3163,Jared Goff,QB,11.4,1,0
2025,1,12,1136842855890366464,5022,Dallas Goedert,TE,11.4,1,0
2025,1,12,1136842855890366464,4666,Younghoe Koo,K,6.0,1,0
2025,1,12,1136842855890366464,PHI,Philadelphia Eagles,DEF,4.0,1,0
2025,1,12,1136842855890366464,12517,Colston Loveland,TE,3.2,0,0
2025,1,12,1136842855890366464,12536,Jaylin Noel,WR,1.7,0,0
2025,2,1,608781531883859968,11533,Brandon Aubrey,K,22.0,1,0
2025,2,1,608781531883859968,9228,Bryce Young,QB,21.82,0,0
2025,2,1,608781531883859968,8148,Jameson Williams,WR,19.8,0,0
2025,2,1,608781531883859968,8151,Kenneth Walker,RB,19.3,1,0
2025,2,1,608781531883859968,12526,Tetairoa McMillan,WR,16.5,1,0
2025,2,1,608781531883859968,4035,Alvin Kamara,RB,16.0,1,0
2025,2,1,608781531883859968,12490,Bhayshul Tuten,RB,15.4,0,0
2025,2,1,608781531883859968,8130,Trey McBride,TE,13.8,1,0
2025,2,1,608781531883859968,12514,Emeka Egbuka,WR,12.9,1,0
2025,2,1,608781531883859968,ARI,Arizona Cardinals,DEF,12.75,1,0
2025,2,1,608781531883859968,11655,Tyrone Tracy,RB,9.1,0,0
2025,2,1,608781531883859968,4981,Calvin Ridley,WR,8.7,1,0
2025,2,1,608781531883859968,9504,Kayshon Boutte,WR,8.6,0,0
2025,2,1,608781531883859968,8112,Drake London,WR,5.9,1,0
2025,2,1,608781531883859968,11565,J.J. McCarthy,QB,0.82,1,0
2025,2,1,608781531883859968,6803,Brandon Aiyuk,WR,0,0,0
2025,2,1,608781531883859968,12508,Jaxson Dart,QB,-0.3,0,0
2025,2,2,736077599457026048,9226,De'Von Achane,RB,26.2,1,0
2025,2,2,736077599457026048,11566,Jayden Daniels,QB,19.7,1,0
2025,2,2,736077599457026048,6768,Tua Tagovailoa,QB,19.1,0,0
2025,2,2,736077599457026048,9488,Jaxon Smith-Njigba,WR,18.8,1,0
2025,2,2,736077599457026048,7002,Juwan Johnson,TE,15.9,0,0
2025,2,2,736077599457026048,12499,Elic Ayomanor,WR,15.6,0,0
2025,2,2,736077599457026048,6790,D'Andre Swift,RB,13.9,0,0
2025,2,2,736077599457026048,4137,James Conner,RB,12.2,1,0
2025,2,2,736077599457026048,12711,Tyler Loop,K,12.0,1,0
2025,2,2,736077599457026048,12469,Dylan Sampson,RB,10.9,0,0
2025,2,2,736077599457026048,LAR,Los Angeles Rams,DEF,10.75,1,0
2025,2,2,736077599457026048,1466,Travis Kelce,TE,10.1,1,0
2025,2,2,736077599457026048,11631,Brian Thomas,WR,8.9,1,0
2025,2,2,736077599457026048,5859,A.J. Brown,WR,7.7,1,0
2025,2,2,736077599457026048,2449,Stefon Diggs,WR,7.2,0,0
2025,2,2,736077599457026048,7591,Justin Fields,QB,2.98,1,0
2025,2,2,736077599457026048,12457,Jaydon Blue,RB,0,0,0
2025,2,3,737091087440674816,7547,Amon-Ra St. Brown,WR,39.7,1,0
2025,2,3,737091087440674816,8126,Wan'Dale Robinson,WR,28.7,0,0
2025,2,3,737091087440674816,8138,James Cook,RB,26.5,1,0
2025,2,3,737091087440674816,6804,Jordan Love,QB,20.88,1,0
2025,2,3,737091087440674816,4943,Sam Darnold,QB,15.8,0,0
2025,2,3,737091087440674816,9997,Zay Flowers,WR,14.9,0,0
2025,2,3,737091087440674816,4195,Jake Elliott,K,12.0,1,0
2025,2,3,737091087440674816,12518,Tyler Warren,TE,11.9,1,0
2025,2,3,737091087440674816,6794,Justin Jefferson,WR,11.1,1,0
2025,2,3,737091087440674816,8150,Kyren Williams,RB,10.0,1,0
2025,2,3,737091087440674816,11637,Keon Coleman,WR,5.6,1,0
2025,2,3,737091087440674816,MIN,Minnesota Vikings,DEF,5.25,1,0
2025,2,3,737091087440674816,1373,Geno Smith,QB,3.2,1,0
2025,2,3,737091087440674816,12495,Ollie Gordon,RB,2.3,0,0
2025,2,3,737091087440674816,11624,Xavier Worthy,WR,0,0,0
2025,2,3,737091087440674816,9225,Tank Bigsby,RB,0,0,0
2025,2,4,736744257179770880,7049,Jauan Jennings,WR,20.4,0,0
2025,2,4,736744257179770880,6797,Justin Herbert,QB,18.78,1,0
2025,2,4,736744257179770880,4866,Saquon Barkley,RB,17.4,1,0
2025,2,4,736744257179770880,9754,Quentin Johnston,WR,17.4,0,0
2025,2,4,736744257179770880,421,Matthew Stafford,QB,16.32,0,0
2025,2,4,736744257179770880,6806,J.K. Dobbins,RB,15.5,1,0
2025,2,4,736744257179770880,12481,Cam Skattebo,RB,13.9,0,0
2025,2,4,736744257179770880,2216,Mike Evans,WR,10.6,1,0
2025,2,4,736744257179770880,11539,Jake Bates,K,8.0,1,0
2025,2,4,736744257179770880,4033,David Njoku,TE,8.0,1,0
2025,2,4,736744257179770880,5848,Marquise Brown,WR,8.0,1,0
2025,2,4,736744257179770880,8146,Garrett Wilson,WR,8.0,1,0
2025,2,4,736744257179770880,HOU,Houston Texans,DEF,6.5,1,0
2025,2,4,736744257179770880,11559,Michael Penix,QB,5.3,1,0
2025,2,4,736744257179770880,10229,Rashee Rice,WR,0,0,0
2025,2,4,736744257179770880,4018,Joe Mixon,RB,0,0,0
2025,2,4,736744257179770880,4217,George Kittle,TE,0,0,0
2025,2,5,716698629934481408,1234,Russell Wilson,QB,30.8,1,0
2025,2,5,716698629934481408,9509,Bijan Robinson,RB,20.3,1,0
2025,2,5,716698629934481408,8110,Jake Ferguson,TE,16.8,1,0
2025,2,5,716698629934481408,BAL,Baltimore Ravens,DEF,16.5,1,0
2025,2,5,716698629934481408,6801,Tee Higgins,WR,15.1,1,0
2025,2,5,716698629934481408,8132,Tyler Allgeier,RB,15.0,0,0
2025,2,5,716698629934481408,10444,Cedric Tillman,WR,10.2,0,0
2025,2,5,716698629934481408,12522,Cam Ward,QB,9.8,1,0
2025,2,5,716698629934481408,5927,Terry McLaurin,WR,9.8,1,0
2025,2,5,716698629934481408,4983,DJ Moore,WR,9.6,1,0
2025,2,5,716698629934481408,8259,Cameron Dicker,K,8.0,1,0
2025,2,5,716698629934481408,12527,Ashton Jeanty,RB,7.4,1,0
2025,2,5,716698629934481408,12509,Tre' Harris,WR,5.4,0,0
2025,2,5,716698629934481408,7090,Darnell Mooney,WR,4.0,0,0
2025,2,5,716698629934481408,8205,Isiah Pacheco,RB,3.9,0,0
2025,2,5,716698629934481408,4037,Chris Godwin,WR,0,0,0
2025,2,5,716698629934481408,8183,Brock Purdy,QB,0,0,0
2025,2,6,736740647758938112,2133,Davante Adams,WR,23.1,1,0
2025,2,6,736740647758938112,7523,Trevor Lawrence,QB,18.24,1,0
2025,2,6,736740647758938112,11584,Bucky Irving,RB,18.1,1,0
2025,2,6,736740647758938112,5872,Deebo Samuel,WR,17.4,1,0
2025,2,6,736740647758938112,7569,Nico Collins,WR,14.2,1,0
2025,2,6,736740647758938112,5892,David Montgomery,RB,13.1,1,0
2025,2,6,736740647758938112,11604,Brock Bowers,TE,8.8,1,0
2025,2,6,736740647758938112,7553,Kyle Pitts,TE,7.7,0,0
2025,2,6,736740647758938112,6770,Joe Burrow,QB,7.04,1,0
2025,2,6,736740647758938112,4144,Jonnu Smith,TE,6.7,0,0
2025,2,6,736740647758938112,PIT,Pittsburgh Steelers,DEF,5.5,1,0
2025,2,6,736740647758938112,12507,Omarion Hampton,RB,3.5,0,0
2025,2,6,736740647758938112,4098,Kareem Hunt,RB,3.4,0,0
2025,2,6,736740647758938112,8134,Khalil Shakir,WR,2.2,0,0
2025,2,6,736740647758938112,11576,Braelon Allen,RB,1.1,0,0
2025,2,6,736740647758938112,12511,Will Howard,QB,0,0,0
2025,2,6,736740647758938112,6650,Chase McLaughlin,K,-1.0,1,0
2025,2,7,735974647736213504,11632,Malik Nabers,WR,38.7,1,0
2025,2,7,735974647736213504,7564,Ja'Marr Chase,WR,37.0,1,0
2025,2,7,735974647736213504,7588,Javonte Williams,RB,25.0,1,0
2025,2,7,735974647736213504,5870,Daniel Jones,QB,22.84,0,0
2025,2,7,735974647736213504,12185,Spencer Shrader,K,18.0,1,0
2025,2,7,735974647736213504,11560,Caleb Williams,QB,16.98,1,0
2025,2,7,735974647736213504,5849,Kyler Murray,QB,14.0,1,0
2025,2,7,735974647736213504,DET,Detroit Lions,DEF,10.5,1,0
2025,2,7,735974647736213504,12512,Quinshon Judkins,RB,10.1,0,0
2025,2,7,735974647736213504,11589,Trey Benson,RB,8.4,1,0
2025,2,7,735974647736213504,1689,Adam Thielen,WR,4.6,1,0
2025,2,7,735974647736213504,12484,Jayden Higgins,WR,3.8,0,0
2025,2,7,735974647736213504,12489,RJ Harvey,RB,3.4,0,0
2025,2,7,735974647736213504,5844,T.J. Hockenson,TE,2.2,1,0
2025,2,7,735974647736213504,12533,Jacory Croskey-Merritt,RB,1.7,0,0
2025,2,7,735974647736213504,12501,Matthew Golden,WR,1.5,0,0
2025,2,7,735974647736213504,7042,Tyler Bass,K,0,0,0
2025,2,8,736803054736822272,9484,Tucker Kraft,TE,24.9,1,0
2025,2,8,736803054736822272,4034,Christian McCaffrey,RB,22.7,1,0
2025,2,8,736803054736822272,11563,Bo Nix,QB,20.24,1,0
2025,2,8,736803054736822272,3321,Tyreek Hill,WR,17.4,1,0
2025,2,8,736803054736822272,4039,Cooper Kupp,WR,16.0,0,0
2025,2,8,736803054736822272,9758,C.J. Stroud,QB,14.98,1,0
2025,2,8,736803054736822272,BUF,Buffalo Bills,DEF,14.0,1,0
2025,2,8,736803054736822272,1945,Chris Boswell,K,12.0,1,0
2025,2,8,736803054736822272,9494,Marvin Mims,WR,10.4,0,0
2025,2,8,736803054736822272,7525,DeVonta Smith,WR,9.3,1,0
2025,2,8,736803054736822272,8408,Jordan Mason,RB,5.8,0,0
2025,2,8,736803054736822272,12530,Travis Hunter,WR,5.2,1,0
2025,2,8,736803054736822272,8125,Calvin Austin,WR,3.2,0,0
2025,2,8,736803054736822272,5012,Mark Andrews,TE,1.4,0,0
2025,2,8,736803054736822272,3198,Derrick Henry,RB,1.3,1,0
2025,2,8,736803054736822272,4950,Christian Kirk,WR,0,0,0
2025,2,9,710284244835979264,11620,Rome Odunze,WR,32.3,0,0
2025,2,9,710284244835979264,6813,Jonathan Taylor,RB,30.0,1,0
2025,2,9,710284244835979264,4881,Lamar Jackson,QB,26.3,1,0
2025,2,9,710284244835979264,11562,Spencer Rattler,QB,21.18,0,0
2025,2,9,710284244835979264,4892,Baker Mayfield,QB,19.4,1,0
2025,2,9,710284244835979264,4988,Nick Chubb,RB,15.2,0,0
2025,2,9,710284244835979264,8676,Rashid Shaheed,WR,15.2,0,0
2025,2,9,710284244835979264,11635,Ladd McConkey,WR,9.8,1,0
2025,2,9,710284244835979264,12529,TreVeyon Henderson,RB,6.0,1,0
2025,2,9,710284244835979264,10859,Sam LaPorta,TE,5.6,1,0
2025,2,9,710284244835979264,4227,Harrison Butker,K,5.0,1,0
2025,2,9,710284244835979264,4199,Aaron Jones,RB,2.3,1,0
2025,2,9,710284244835979264,5045,Courtland Sutton,WR,1.6,1,0
2025,2,9,710284244835979264,12498,Mason Taylor,TE,1.5,0,0
2025,2,9,710284244835979264,9756,Jordan Addison,WR,0,0,0
2025,2,9,710284244835979264,DAL,Dallas Cowboys,DEF,-2.75,1,0
2025,2,10,475399371639222272,3294,Dak Prescott,QB,21.64,1,0
2025,2,10,475399371639222272,6786,CeeDee Lamb,WR,20.7,1,0
2025,2,10,475399371639222272,9221,Jahmyr Gibbs,RB,19.4,1,0
2025,2,10,475399371639222272,7594,Chuba Hubbard,RB,18.7,1,0
2025,2,10,475399371639222272,7526,Jaylen Waddle,WR,17.8,0,0
2025,2,10,475399371639222272,1479,Keenan Allen,WR,17.1,0,0
2025,2,10,475399371639222272,4984,Josh Allen,QB,11.82,1,0
2025,2,10,475399371639222272,9500,Josh Downs,WR,11.1,0,0
2025,2,10,475399371639222272,96,Aaron Rodgers,QB,10.42,0,0
2025,2,10,475399371639222272,5967,Tony Pollard,RB,9.2,1,0
2025,2,10,475399371639222272,6783,Jerry Jeudy,WR,9.1,1,0
2025,2,10,475399371639222272,10236,Dalton Kincaid,TE,7.7,0,0
2025,2,10,475399371639222272,3214,Hunter Henry,TE,1.9,1,0
2025,2,10,475399371639222272,3678,Wil Lutz,K,1.0,1,0
2025,2,10,475399371639222272,9753,Zach Charbonnet,RB,1.0,0,0
2025,2,10,475399371639222272,DEN,Denver Broncos,DEF,-2.25,1,0
2025,2,11,865793938542456832,11564,Drake Maye,QB,26.3,1,0
2025,2,11,865793938542456832,8137,George Pickens,WR,17.8,1,0
2025,2,11,865793938542456832,7543,Travis Etienne,RB,16.9,1,0
2025,2,11,865793938542456832,8136,Rachaad White,RB,14.6,0,0
2025,2,11,865793938542456832,5850,Josh Jacobs,RB,14.4,1,0
2025,2,11,865793938542456832,6904,Jalen Hurts,QB,10.54,1,0
2025,2,11,865793938542456832,11786,Cam Little,K,10.0,1,0
2025,2,11,865793938542456832,11638,Ricky Pearsall,WR,9.2,1,0
2025,2,11,865793938542456832,6819,Michael Pittman,WR,8.0,0,0
2025,2,11,865793938542456832,SF,San Francisco 49ers,DEF,7.25,1,0
2025,2,11,865793938542456832,7528,Najee Harris,RB,6.8,0,0
2025,2,11,865793938542456832,11628,Marvin Harrison,WR,4.7,1,0
2025,2,11,865793938542456832,4663,Austin Ekeler,RB,4.4,0,0
2025,2,11,865793938542456832,7571,Rashod Bateman,WR,3.5,0,0
2025,2,11,865793938542456832,8154,Brian Robinson,RB,2.9,0,0
2025,2,11,865793938542456832,4066,Evan Engram,TE,2.2,1,0
2025,2,12,1136842855890366464,3163,Jared Goff,QB,33.96,1,0
2025,2,12,1136842855890366464,9493,Puka Nacua,WR,28.1,1,0
2025,2,12,1136842855890366464,4046,Patrick Mahomes,QB,22.08,1,0
2025,2,12,1136842855890366464,8228,Jaylen Warren,RB,17.4,0,0
2025,2,12,1136842855890366464,17,Matt Prater,K,14.0,1,0
2025,2,12,1136842855890366464,5947,Jakobi Meyers,WR,12.8,1,0
2025,2,12,1136842855890366464,8144,Chris Olave,WR,11.4,0,0
2025,2,12,1136842855890366464,5846,DK Metcalf,WR,11.0,1,0
2025,2,12,1136842855890366464,12506,Harold Fannin,TE,9.8,1,0
2025,2,12,1136842855890366464,PHI,Philadelphia Eagles,DEF,9.5,1,0
2025,2,12,1136842855890366464,19,Joe Flacco,QB,9.26,0,0
2025,2,12,1136842855890366464,9224,Chase Brown,RB,8.5,1,0
2025,2,12,1136842855890366464,8155,Breece Hall,RB,5.8,1,0
2025,2,12,1136842855890366464,10222,Jayden Reed,WR,0,0,0
2025,2,12,1136842855890366464,12517,Colston Loveland,TE,0,0,0
2025,2,12,1136842855890366464,12536,Jaylin Noel,WR,0,0,0
2025,2,12,1136842855890366464,5022,Dallas Goedert,TE,0,0,0
2025,3,1,608781531883859968,8151,Kenneth Walker,RB,18.0,1,0
2025,3,1,608781531883859968,TB,Tampa Bay Buccaneers,DEF,18.0,1,0
2025,3,1,608781531883859968,8130,Trey McBride,TE,15.3,1,0
2025,3,1,608781531883859968,12514,Emeka Egbuka,WR,14.5,0,0
2025,3,1,608781531883859968,9228,Bryce Young,QB,11.64,1,0
2025,3,1,608781531883859968,8112,Drake London,WR,10.5,1,0
2025,3,1,608781531883859968,12490,Bhayshul Tuten,RB,8.1,0,0
2025,3,1,608781531883859968,11533,Brandon Aubrey,K,8.0,1,0
2025,3,1,608781531883859968,12526,Tetairoa McMillan,WR,7.8,1,0
2025,3,1,608781531883859968,4035,Alvin Kamara,RB,6.6,1,0
2025,3,1,608781531883859968,8148,Jameson Williams,WR,6.3,1,0
2025,3,1,608781531883859968,11655,Tyrone Tracy,RB,5.6,0,0
2025,3,1,608781531883859968,6111,Jake Browning,QB,4.9,1,0
2025,3,1,608781531883859968,4981,Calvin Ridley,WR,3.7,0,0
2025,3,1,608781531883859968,12508,Jaxson Dart,QB,0.3,0,0
2025,3,1,608781531883859968,11565,J.J. McCarthy,QB,0,0,0
2025,3,1,608781531883859968,6803,Brandon Aiyuk,WR,0,0,0
2025,3,2,736077599457026048,5859,A.J. Brown,WR,23.4,1,0
2025,3,2,736077599457026048,SEA,Seattle Seahawks,DEF,21.5,1,0
2025,3,2,736077599457026048,9488,Jaxon Smith-Njigba,WR,20.6,1,0
2025,3,2,736077599457026048,9226,De'Von Achane,RB,16.1,1,0
2025,3,2,736077599457026048,12499,Elic Ayomanor,WR,13.8,0,0
2025,3,2,736077599457026048,7527,Mac Jones,QB,13.76,1,0
2025,3,2,736077599457026048,6768,Tua Tagovailoa,QB,11.84,1,0
2025,3,2,736077599457026048,7002,Juwan Johnson,TE,11.1,0,0
2025,3,2,736077599457026048,6790,D'Andre Swift,RB,10.8,1,0
2025,3,2,736077599457026048,11631,Brian Thomas,WR,7.5,1,0
2025,3,2,736077599457026048,12711,Tyler Loop,K,7.0,1,0
2025,3,2,736077599457026048,1466,Travis Kelce,TE,6.6,1,0
2025,3,2,736077599457026048,4137,James Conner,RB,5.7,0,0
2025,3,2,736077599457026048,2449,Stefon Diggs,WR,5.3,0,0
2025,3,2,736077599457026048,12469,Dylan Sampson,RB,0.2,0,0
2025,3,2,736077599457026048,11566,Jayden Daniels,QB,0,0,0
2025,3,2,736077599457026048,7591,Justin Fields,QB,0,0,0
2025,3,3,737091087440674816,MIN,Minnesota Vikings,DEF,34.5,1,0
2025,3,3,737091087440674816,1373,Geno Smith,QB,27.06,0,0
2025,3,3,737091087440674816,8138,James Cook,RB,21.3,1,0
2025,3,3,737091087440674816,7547,Amon-Ra St. Brown,WR,20.7,1,0
2025,3,3,737091087440674816,8150,Kyren Williams,RB,19.2,1,0
2025,3,3,737091087440674816,4943,Sam Darnold,QB,16.72,1,0
2025,3,3,737091087440674816,6794,Justin Jefferson,WR,12.5,1,0
2025,3,3,737091087440674816,6804,Jordan Love,QB,11.12,1,0
2025,3,3,737091087440674816,12495,Ollie Gordon,RB,9.8,0,0
2025,3,3,737091087440674816,12518,Tyler Warren,TE,6.8,1,0
2025,3,3,737091087440674816,11637,Keon Coleman,WR,5.0,0,0
2025,3,3,737091087440674816,7611,Rhamondre Stevenson,RB,4.6,0,0
2025,3,3,737091087440674816,8126,Wan'Dale Robinson,WR,3.6,0,0
2025,3,3,737091087440674816,9997,Zay Flowers,WR,3.3,1,0
2025,3,3,737091087440674816,4195,Jake Elliott,K,3.0,1,0
2025,3,3,737091087440674816,11624,Xavier Worthy,WR,0,0,0
2025,3,4,736744257179770880,8146,Garrett Wilson,WR,24.4,1,0
2025,3,4,736744257179770880,12481,Cam Skattebo,RB,24.1,0,0
2025,3,4,736744257179770880,6806,J.K. Dobbins,RB,15.3,1,0
2025,3,4,736744257179770880,6797,Justin Herbert,QB,15.1,1,0
2025,3,4,736744257179770880,9754,Quentin Johnston,WR,14.9,1,0
2025,3,4,736744257179770880,421,Matthew Stafford,QB,13.84,0,0
2025,3,4,736744257179770880,2216,Mike Evans,WR,13.3,1,0
2025,3,4,736744257179770880,4866,Saquon Barkley,RB,9.5,1,0
2025,3,4,736744257179770880,HOU,Houston Texans,DEF,9.5,1,0
2025,3,4,736744257179770880,4033,David Njoku,TE,9.0,1,0
2025,3,4,736744257179770880,5848,Marquise Brown,WR,8.2,0,0
2025,3,4,736744257179770880,11539,Jake Bates,K,7.0,1,0
2025,3,4,736744257179770880,11559,Michael Penix,QB,2.78,1,0
2025,3,4,736744257179770880,10229,Rashee Rice,WR,0,0,0
2025,3,4,736744257179770880,4018,Joe Mixon,RB,0,0,0
2025,3,4,736744257179770880,4217,George Kittle,TE,0,0,0
2025,3,4,736744257179770880,7049,Jauan Jennings,WR,0,0,0
2025,3,5,716698629934481408,8110,Jake Ferguson,TE,21.2,1,0
2025,3,5,716698629934481408,2307,Marcus Mariota,QB,20.28,1,0
2025,3,5,716698629934481408,9509,Bijan Robinson,RB,16.1,1,0
2025,3,5,716698629934481408,4983,DJ Moore,WR,12.8,1,0
2025,3,5,716698629934481408,8259,Cameron Dicker,K,12.0,1,0
2025,3,5,716698629934481408,12522,Cam Ward,QB,10.96,1,0
2025,3,5,716698629934481408,5927,Terry McLaurin,WR,10.4,1,0
2025,3,5,716698629934481408,12527,Ashton Jeanty,RB,6.3,1,0
2025,3,5,716698629934481408,8205,Isiah Pacheco,RB,5.8,0,0
2025,3,5,716698629934481408,10444,Cedric Tillman,WR,5.6,0,0
2025,3,5,716698629934481408,6801,Tee Higgins,WR,2.5,1,0
2025,3,5,716698629934481408,8132,Tyler Allgeier,RB,1.4,0,0
2025,3,5,716698629934481408,12509,Tre' Harris,WR,0,0,0
2025,3,5,716698629934481408,4037,Chris Godwin,WR,0,0,0
2025,3,5,716698629934481408,8183,Brock Purdy,QB,0,0,0
2025,3,5,716698629934481408,BAL,Baltimore Ravens,DEF,-6.0,1,0
2025,3,6,736740647758938112,5892,David Montgomery,RB,29.9,1,0
2025,3,6,736740647758938112,7569,Nico Collins,WR,24.4,1,0
2025,3,6,736740647758938112,12507,Omarion Hampton,RB,23.9,0,0
2025,3,6,736740647758938112,3161,Carson Wentz,QB,15.32,1,0
2025,3,6,736740647758938112,2133,Davante Adams,WR,15.1,1,0
2025,3,6,736740647758938112,8134,Khalil Shakir,WR,14.5,0,0
2025,3,6,736740647758938112,11584,Bucky Irving,RB,13.9,1,0
2025,3,6,736740647758938112,4098,Kareem Hunt,RB,11.4,0,0
2025,3,6,736740647758938112,11604,Brock Bowers,TE,9.8,1,0
2025,3,6,736740647758938112,7553,Kyle Pitts,TE,7.9,0,0
2025,3,6,736740647758938112,7523,Trevor Lawrence,QB,7.78,1,0
2025,3,6,736740647758938112,5872,Deebo Samuel,WR,4.9,1,0
2025,3,6,736740647758938112,ATL,Atlanta Falcons,DEF,4.75,1,0
2025,3,6,736740647758938112,11627,Troy Franklin,WR,2.8,0,0
2025,3,6,736740647758938112,3451,Ka'imi Fairbairn,K,2.0,1,0
2025,3,6,736740647758938112,12511,Will Howard,QB,0,0,0
2025,3,6,736740647758938112,6770,Joe Burrow,QB,0,0,0
2025,3,7,735974647736213504,11560,Caleb Williams,QB,30.12,1,0
2025,3,7,735974647736213504,12512,Quinshon Judkins,RB,16.5,0,0
2025,3,7,735974647736213504,5844,T.J. Hockenson,TE,15.9,0,0
2025,3,7,735974647736213504,5870,Daniel Jones,QB,15.82,1,0
2025,3,7,735974647736213504,5849,Kyler Murray,QB,14.06,0,0
2025,3,7,735974647736213504,7588,Javonte Williams,RB,12.2,1,0
2025,3,7,735974647736213504,8210,Chig Okonkwo,TE,11.6,1,0
2025,3,7,735974647736213504,GB,Green Bay Packers,DEF,10.5,1,0
2025,3,7,735974647736213504,12501,Matthew Golden,WR,10.1,1,0
2025,3,7,735974647736213504,12533,Jacory Croskey-Merritt,RB,10.1,1,0
2025,3,7,735974647736213504,12185,Spencer Shrader,K,9.0,1,0
2025,3,7,735974647736213504,7564,Ja'Marr Chase,WR,8.9,1,0
2025,3,7,735974647736213504,11589,Trey Benson,RB,8.1,0,0
2025,3,7,735974647736213504,12489,RJ Harvey,RB,4.6,0,0
2025,3,7,735974647736213504,11632,Malik Nabers,WR,3.3,1,0
2025,3,7,735974647736213504,12484,Jayden Higgins,WR,1.5,0,0
2025,3,7,735974647736213504,7042,Tyler Bass,K,0,0,0
2025,3,8,736803054736822272,5012,Mark Andrews,TE,27.1,0,0
2025,3,8,736803054736822272,8408,Jordan Mason,RB,24.1,1,0
2025,3,8,736803054736822272,4034,Christian McCaffrey,RB,24.0,1,0
2025,3,8,736803054736822272,7525,DeVonta Smith,WR,20.0,0,0
2025,3,8,736803054736822272,3321,Tyreek Hill,WR,15.9,1,0
2025,3,8,736803054736822272,11563,Bo Nix,QB,14.42,1,0
2025,3,8,736803054736822272,8125,Calvin Austin,WR,12.4,0,0
2025,3,8,736803054736822272,9758,C.J. Stroud,QB,11.86,1,0
2025,3,8,736803054736822272,3198,Derrick Henry,RB,10.7,1,0
2025,3,8,736803054736822272,BUF,Buffalo Bills,DEF,6.0,1,0
2025,3,8,736803054736822272,9484,Tucker Kraft,TE,5.9,1,0
2025,3,8,736803054736822272,4950,Christian Kirk,WR,5.5,0,0
2025,3,8,736803054736822272,4039,Cooper Kupp,WR,5.1,1,0
2025,3,8,736803054736822272,12530,Travis Hunter,WR,3.1,0,0
2025,3,8,736803054736822272,1945,Chris Boswell,K,3.0,1,0
2025,3,8,736803054736822272,9494,Marvin Mims,WR,1.4,0,0
2025,3,9,710284244835979264,6813,Jonathan Taylor,RB,33.8,1,0
2025,3,9,710284244835979264,4881,Lamar Jackson,QB,26.02,1,0
2025,3,9,710284244835979264,5045,Courtland Sutton,WR,25.8,1,0
2025,3,9,710284244835979264,IND,Indianapolis Colts,DEF,17.5,1,0
2025,3,9,710284244835979264,4892,Baker Mayfield,QB,16.72,1,0
2025,3,9,710284244835979264,11620,Rome Odunze,WR,15.2,1,0
2025,3,9,710284244835979264,11562,Spencer Rattler,QB,12.22,0,0
2025,3,9,710284244835979264,4227,Harrison Butker,K,9.0,1,0
2025,3,9,710284244835979264,8676,Rashid Shaheed,WR,8.2,0,0
2025,3,9,710284244835979264,11635,Ladd McConkey,WR,8.1,1,0
2025,3,9,710284244835979264,12529,TreVeyon Henderson,RB,7.7,0,0
2025,3,9,710284244835979264,10859,Sam LaPorta,TE,7.3,1,0
2025,3,9,710284244835979264,4988,Nick Chubb,RB,7.0,1,0
2025,3,9,710284244835979264,12498,Mason Taylor,TE,5.8,0,0
2025,3,9,710284244835979264,4199,Aaron Jones,RB,0,0,0
2025,3,9,710284244835979264,9756,Jordan Addison,WR,0,0,0
2025,3,9,710284244835979264,DAL,Dallas Cowboys,DEF,-0.5,0,0
2025,3,10,475399371639222272,3214,Hunter Henry,TE,29.0,1,0
2025,3,10,475399371639222272,9221,Jahmyr Gibbs,RB,26.9,1,0
2025,3,10,475399371639222272,4984,Josh Allen,QB,22.02,1,0
2025,3,10,475399371639222272,1479,Keenan Allen,WR,19.5,1,0
2025,3,10,475399371639222272,6650,Chase McLaughlin,K,18.0,1,0
2025,3,10,475399371639222272,10236,Dalton Kincaid,TE,17.6,0,0
2025,3,10,475399371639222272,7526,Jaylen Waddle,WR,14.9,0,0
2025,3,10,475399371639222272,5967,Tony Pollard,RB,13.9,1,0
2025,3,10,475399371639222272,3294,Dak Prescott,QB,12.54,1,0
2025,3,10,475399371639222272,96,Aaron Rodgers,QB,11.66,0,0
2025,3,10,475399371639222272,7594,Chuba Hubbard,RB,9.6,1,0
2025,3,10,475399371639222272,DEN,Denver Broncos,DEF,8.75,1,0
2025,3,10,475399371639222272,9500,Josh Downs,WR,5.4,0,0
2025,3,10,475399371639222272,6783,Jerry Jeudy,WR,2.7,0,0
2025,3,10,475399371639222272,6786,CeeDee Lamb,WR,0,1,0
2025,3,10,475399371639222272,9753,Zach Charbonnet,RB,0,0,0
2025,3,11,865793938542456832,6904,Jalen Hurts,QB,29.04,1,0
2025,3,11,865793938542456832,11638,Ricky Pearsall,WR,20.2,1,0
2025,3,11,865793938542456832,11564,Drake Maye,QB,19.72,1,0
2025,3,11,865793938542456832,6819,Michael Pittman,WR,19.3,0,0
2025,3,11,865793938542456832,8137,George Pickens,WR,17.8,1,0
2025,3,11,865793938542456832,7571,Rashod Bateman,WR,17.3,0,0
2025,3,11,865793938542456832,7543,Travis Etienne,RB,11.6,1,0
2025,3,11,865793938542456832,5850,Josh Jacobs,RB,11.4,1,0
2025,3,11,865793938542456832,SF,San Francisco 49ers,DEF,7.75,1,0
2025,3,11,865793938542456832,11628,Marvin Harrison,WR,7.4,1,0
2025,3,11,865793938542456832,1339,Zach Ertz,TE,6.8,1,0
2025,3,11,865793938542456832,7528,Najee Harris,RB,2.8,0,0
2025,3,11,865793938542456832,8136,Rachaad White,RB,2.4,0,0
2025,3,11,865793938542456832,8154,Brian Robinson,RB,2.2,0,0
2025,3,11,865793938542456832,11786,Cam Little,K,2.0,1,0
2025,3,11,865793938542456832,4066,Evan Engram,TE,0,0,0
2025,3,12,1136842855890366464,9493,Puka Nacua,WR,23.3,1,0
2025,3,12,1136842855890366464,8144,Chris Olave,WR,15.7,0,0
2025,3,12,1136842855890366464,8228,Jaylen Warren,RB,13.1,1,0
2025,3,12,1136842855890366464,PHI,Philadelphia Eagles,DEF,12.75,1,0
2025,3,12,1136842855890366464,5846,DK Metcalf,WR,12.2,1,0
2025,3,12,1136842855890366464,3163,Jared Goff,QB,11.68,1,0
2025,3,12,1136842855890366464,4046,Patrick Mahomes,QB,11.16,1,0
2025,3,12,1136842855890366464,5022,Dallas Goedert,TE,10.3,1,0
2025,3,12,1136842855890366464,5947,Jakobi Meyers,WR,9.3,0,0
2025,3,12,1136842855890366464,8155,Breece Hall,RB,9.2,1,0
2025,3,12,1136842855890366464,12506,Harold Fannin,TE,5.5,0,0
2025,3,12,1136842855890366464,17,Matt Prater,K,5.0,1,0
2025,3,12,1136842855890366464,9224,Chase Brown,RB,5.0,1,0
2025,3,12,1136842855890366464,12517,Colston Loveland,TE,4.1,0,0
2025,3,12,1136842855890366464,19,Joe Flacco,QB,3.68,0,0
2025,3,12,1136842855890366464,12536,Jaylin Noel,WR,1.4,0,0
2025,3,12,1136842855890366464,10222,Jayden Reed,WR,0,0,0
2025,4,1,608781531883859968,8112,Drake London,WR,25.5,1,0
2025,4,1,608781531883859968,12514,Emeka Egbuka,WR,22.1,1,0
2025,4,1,608781531883859968,12508,Jaxson Dart,QB,18.84,1,0
2025,4,1,608781531883859968,8130,Trey McBride,TE,12.2,1,0
2025,4,1,608781531883859968,8151,Kenneth Walker,RB,12.0,1,0
2025,4,1,608781531883859968,4035,Alvin Kamara,RB,11.2,1,0
2025,4,1,608781531883859968,PIT,Pittsburgh Steelers,DEF,10.5,1,0
2025,4,1,608781531883859968,9228,Bryce Young,QB,10.3,1,0
2025,4,1,608781531883859968,12526,Tetairoa McMillan,WR,10.2,1,0
2025,4,1,608781531883859968,11533,Brandon Aubrey,K,8.0,1,0
2025,4,1,608781531883859968,8148,Jameson Williams,WR,5.7,0,0
2025,4,1,608781531883859968,6111,Jake Browning,QB,5.4,0,0
2025,4,1,608781531883859968,4981,Calvin Ridley,WR,5.0,0,0
2025,4,1,608781531883859968,12493,Oronde Gadsden,TE,3.6,0,0
2025,4,1,608781531883859968,12490,Bhayshul Tuten,RB,3.2,0,0
2025,4,1,608781531883859968,11565,J.J. McCarthy,QB,0,0,0
2025,4,1,608781531883859968,6803,Brandon Aiyuk,WR,0,0,0
2025,4,2,736077599457026048,12474,Woody Marks,RB,27.9,0,0
2025,4,2,736077599457026048,7591,Justin Fields,QB,27.64,1,0
2025,4,2,736077599457026048,7588,Javonte Williams,RB,19.0,1,0
2025,4,2,736077599457026048,2449,Stefon Diggs,WR,16.6,0,0
2025,4,2,736077599457026048,9226,De'Von Achane,RB,16.1,1,0
2025,4,2,736077599457026048,6790,D'Andre Swift,RB,16.0,1,0
2025,4,2,736077599457026048,6768,Tua Tagovailoa,QB,14.68,1,0
2025,4,2,736077599457026048,SEA,Seattle Seahawks,DEF,12.5,1,0
2025,4,2,736077599457026048,1466,Travis Kelce,TE,9.8,0,0
2025,4,2,736077599457026048,12711,Tyler Loop,K,9.0,1,0
2025,4,2,736077599457026048,7564,Ja'Marr Chase,WR,7.3,1,0
2025,4,2,736077599457026048,12499,Elic Ayomanor,WR,6.4,0,0
2025,4,2,736077599457026048,7002,Juwan Johnson,TE,5.8,1,0
2025,4,2,736077599457026048,3200,Sterling Shepard,WR,4.0,0,0
2025,4,2,736077599457026048,11586,Blake Corum,RB,3.6,0,0
2025,4,2,736077599457026048,5859,A.J. Brown,WR,2.7,1,0
2025,4,2,736077599457026048,11566,Jayden Daniels,QB,0,0,0
2025,4,3,737091087440674816,6804,Jordan Love,QB,26.78,1,0
2025,4,3,737091087440674816,7547,Amon-Ra St. Brown,WR,26.0,1,0
2025,4,3,737091087440674816,6794,Justin Jefferson,WR,23.1,1,0
2025,4,3,737091087440674816,8138,James Cook,RB,23.0,1,0
2025,4,3,737091087440674816,12518,Tyler Warren,TE,18.3,1,0
2025,4,3,737091087440674816,11624,Xavier Worthy,WR,17.1,0,0
2025,4,3,737091087440674816,4943,Sam Darnold,QB,15.08,0,0
2025,4,3,737091087440674816,9997,Zay Flowers,WR,14.4,1,0
2025,4,3,737091087440674816,8150,Kyren Williams,RB,10.4,1,0
2025,4,3,737091087440674816,1373,Geno Smith,QB,9.78,1,0
2025,4,3,737091087440674816,11637,Keon Coleman,WR,7.5,0,0
2025,4,3,737091087440674816,4195,Jake Elliott,K,7.0,1,0
2025,4,3,737091087440674816,MIN,Minnesota Vikings,DEF,6.5,1,0
2025,4,3,737091087440674816,7611,Rhamondre Stevenson,RB,5.1,0,0
2025,4,3,737091087440674816,8126,Wan'Dale Robinson,WR,4.4,0,0
2025,4,3,737091087440674816,12495,Ollie Gordon,RB,1.0,0,0
2025,4,4,736744257179770880,421,Matthew Stafford,QB,28.9,1,0
2025,4,4,736744257179770880,9754,Quentin Johnston,WR,23.8,1,0
2025,4,4,736744257179770880,8146,Garrett Wilson,WR,20.2,1,0
2025,4,4,736744257179770880,11559,Michael Penix,QB,18.72,0,0
2025,4,4,736744257179770880,4866,Saquon Barkley,RB,17.4,1,0
2025,4,4,736744257179770880,HOU,Houston Texans,DEF,14.0,1,0
2025,4,4,736744257179770880,11539,Jake Bates,K,13.0,1,0
2025,4,4,736744257179770880,12481,Cam Skattebo,RB,13.0,1,0
2025,4,4,736744257179770880,5848,Marquise Brown,WR,12.8,0,0
2025,4,4,736744257179770880,6797,Justin Herbert,QB,12.52,1,0
2025,4,4,736744257179770880,6806,J.K. Dobbins,RB,12.0,1,0
2025,4,4,736744257179770880,7049,Jauan Jennings,WR,6.4,0,0
2025,4,4,736744257179770880,9500,Josh Downs,WR,6.4,0,0
2025,4,4,736744257179770880,4033,David Njoku,TE,3.1,1,0
2025,4,4,736744257179770880,10229,Rashee Rice,WR,0,0,0
2025,4,4,736744257179770880,2216,Mike Evans,WR,0,0,0
2025,4,4,736744257179770880,4217,George Kittle,TE,0,0,0
2025,4,5,716698629934481408,12527,Ashton Jeanty,RB,35.5,1,0
2025,4,5,716698629934481408,9509,Bijan Robinson,RB,27.6,1,0
2025,4,5,716698629934481408,DET,Detroit Lions,DEF,21.75,1,0
2025,4,5,716698629934481408,8183,Brock Purdy,QB,17.66,1,0
2025,4,5,716698629934481408,8110,Jake Ferguson,TE,17.0,1,0
2025,4,5,716698629934481408,2307,Marcus Mariota,QB,16.24,1,0
2025,4,5,716698629934481408,8205,Isiah Pacheco,RB,12.8,0,0
2025,4,5,716698629934481408,8132,Tyler Allgeier,RB,11.1,0,0
2025,4,5,716698629934481408,4983,DJ Moore,WR,7.8,1,0
2025,4,5,716698629934481408,6801,Tee Higgins,WR,6.2,0,0
2025,4,5,716698629934481408,4037,Chris Godwin,WR,5.6,1,0
2025,4,5,716698629934481408,8259,Cameron Dicker,K,5.0,1,0
2025,4,5,716698629934481408,12522,Cam Ward,QB,4.52,0,0
2025,4,5,716698629934481408,10444,Cedric Tillman,WR,1.6,1,0
2025,4,5,716698629934481408,12509,Tre' Harris,WR,0,0,0
2025,4,5,716698629934481408,5927,Terry McLaurin,WR,0,0,0
2025,4,6,736740647758938112,12507,Omarion Hampton,RB,29.5,1,0
2025,4,6,736740647758938112,11584,Bucky Irving,RB,27.5,1,0
2025,4,6,736740647758938112,3161,Carson Wentz,QB,20.7,1,0
2025,4,6,736740647758938112,5872,Deebo Samuel,WR,19.1,1,0
2025,4,6,736740647758938112,8134,Khalil Shakir,WR,18.4,0,0
2025,4,6,736740647758938112,7553,Kyle Pitts,TE,18.0,0,0
2025,4,6,736740647758938112,2133,Davante Adams,WR,15.6,1,0
2025,4,6,736740647758938112,NE,New England Patriots,DEF,13.25,1,0
2025,4,6,736740647758938112,7569,Nico Collins,WR,11.9,1,0
2025,4,6,736740647758938112,7523,Trevor Lawrence,QB,11.66,1,0
2025,4,6,736740647758938112,11604,Brock Bowers,TE,9.6,1,0
2025,4,6,736740647758938112,11627,Troy Franklin,WR,9.5,0,0
2025,4,6,736740647758938112,11792,Will Reichard,K,8.0,1,0
2025,4,6,736740647758938112,4098,Kareem Hunt,RB,5.7,0,0
2025,4,6,736740647758938112,5892,David Montgomery,RB,1.2,0,0
2025,4,6,736740647758938112,12511,Will Howard,QB,0,0,0
2025,4,6,736740647758938112,6770,Joe Burrow,QB,0,0,0
2025,4,7,735974647736213504,12512,Quinshon Judkins,RB,21.5,1,0
2025,4,7,735974647736213504,12489,RJ Harvey,RB,19.8,0,0
2025,4,7,735974647736213504,5849,Kyler Murray,QB,16.6,0,0
2025,4,7,735974647736213504,9488,Jaxon Smith-Njigba,WR,13.0,1,0
2025,4,7,735974647736213504,12501,Matthew Golden,WR,11.3,0,0
2025,4,7,735974647736213504,11631,Brian Thomas,WR,10.6,1,0
2025,4,7,735974647736213504,11589,Trey Benson,RB,10.4,1,0
2025,4,7,735974647736213504,12185,Spencer Shrader,K,10.0,1,0
2025,4,7,735974647736213504,11560,Caleb Williams,QB,9.78,1,0
2025,4,7,735974647736213504,5870,Daniel Jones,QB,9.38,1,0
2025,4,7,735974647736213504,LAC,Los Angeles Chargers,DEF,8.5,1,0
2025,4,7,735974647736213504,5844,T.J. Hockenson,TE,7.9,1,0
2025,4,7,735974647736213504,12533,Jacory Croskey-Merritt,RB,7.7,0,0
2025,4,7,735974647736213504,11632,Malik Nabers,WR,4.0,1,0
2025,4,7,735974647736213504,8210,Chig Okonkwo,TE,1.4,0,0
2025,4,7,735974647736213504,GB,Green Bay Packers,DEF,-5.25,0,0
2025,4,8,736803054736822272,11563,Bo Nix,QB,26.24,1,0
2025,4,8,736803054736822272,4034,Christian McCaffrey,RB,25.1,1,0
2025,4,8,736803054736822272,9494,Marvin Mims,WR,20.5,0,0
2025,4,8,736803054736822272,9758,C.J. Stroud,QB,18.42,1,0
2025,4,8,736803054736822272,3321,Tyreek Hill,WR,12.7,1,0
2025,4,8,736803054736822272,9484,Tucker Kraft,TE,10.6,1,0
2025,4,8,736803054736822272,BUF,Buffalo Bills,DEF,10.25,1,0
2025,4,8,736803054736822272,5012,Mark Andrews,TE,10.0,0,0
2025,4,8,736803054736822272,8408,Jordan Mason,RB,9.2,1,0
2025,4,8,736803054736822272,3198,Derrick Henry,RB,7.8,1,0
2025,4,8,736803054736822272,4039,Cooper Kupp,WR,6.6,0,0
2025,4,8,736803054736822272,12530,Travis Hunter,WR,6.2,0,0
2025,4,8,736803054736822272,4950,Christian Kirk,WR,5.0,0,0
2025,4,8,736803054736822272,7525,DeVonta Smith,WR,4.9,1,0
2025,4,8,736803054736822272,8125,Calvin Austin,WR,3.3,0,0
2025,4,8,736803054736822272,1945,Chris Boswell,K,3.0,1,0
2025,4,9,710284244835979264,4892,Baker Mayfield,QB,19.86,1,0
2025,4,9,710284244835979264,5045,Courtland Sutton,WR,19.1,1,0
2025,4,9,710284244835979264,11620,Rome Odunze,WR,16.9,1,0
2025,4,9,710284244835979264,9756,Jordan Addison,WR,15.9,0,0
2025,4,9,710284244835979264,6813,Jonathan Taylor,RB,14.6,1,0
2025,4,9,710284244835979264,11562,Spencer Rattler,QB,12.94,0,0
2025,4,9,710284244835979264,12529,TreVeyon Henderson,RB,12.6,0,0
2025,4,9,710284244835979264,1433,Brandon McManus,K,11.0,1,0
2025,4,9,710284244835979264,4881,Lamar Jackson,QB,10.68,1,0
2025,4,9,710284244835979264,8676,Rashid Shaheed,WR,9.2,0,0
2025,4,9,710284244835979264,4988,Nick Chubb,RB,8.2,1,0
2025,4,9,710284244835979264,8188,Tyquan Thornton,WR,8.1,0,0
2025,4,9,710284244835979264,10859,Sam LaPorta,TE,6.9,1,0
2025,4,9,710284244835979264,IND,Indianapolis Colts,DEF,2.25,1,0
2025,4,9,710284244835979264,11635,Ladd McConkey,WR,2.1,1,0
2025,4,9,710284244835979264,4199,Aaron Jones,RB,0,0,0
2025,4,9,710284244835979264,DAL,Dallas Cowboys,DEF,-1.25,0,0
2025,4,10,475399371639222272,3294,Dak Prescott,QB,31.46,1,0
2025,4,10,475399371639222272,4984,Josh Allen,QB,24.86,1,0
2025,4,10,475399371639222272,9221,Jahmyr Gibbs,RB,17.7,1,0
2025,4,10,475399371639222272,6650,Chase McLaughlin,K,16.0,1,0
2025,4,10,475399371639222272,96,Aaron Rodgers,QB,12.8,0,0
2025,4,10,475399371639222272,9753,Zach Charbonnet,RB,12.4,0,0
2025,4,10,475399371639222272,3214,Hunter Henry,TE,11.9,1,0
2025,4,10,475399371639222272,DEN,Denver Broncos,DEF,11.25,1,0
2025,4,10,475399371639222272,5967,Tony Pollard,RB,10.6,1,0
2025,4,10,475399371639222272,7594,Chuba Hubbard,RB,9.9,1,0
2025,4,10,475399371639222272,10236,Dalton Kincaid,TE,9.8,0,0
2025,4,10,475399371639222272,1479,Keenan Allen,WR,8.7,1,0
2025,4,10,475399371639222272,6783,Jerry Jeudy,WR,7.8,0,0
2025,4,10,475399371639222272,7526,Jaylen Waddle,WR,7.8,1,0
2025,4,10,475399371639222272,10213,Tre Tucker,WR,4.2,0,0
2025,4,10,475399371639222272,11655,Tyrone Tracy,RB,0,0,0
2025,4,10,475399371639222272,6786,CeeDee Lamb,WR,0,0,0
2025,4,11,865793938542456832,8137,George Pickens,WR,33.9,1,0
2025,4,11,865793938542456832,5850,Josh Jacobs,RB,31.7,1,0
2025,4,11,865793938542456832,11564,Drake Maye,QB,23.22,1,0
2025,4,11,865793938542456832,7543,Travis Etienne,RB,20.5,1,0
2025,4,11,865793938542456832,11628,Marvin Harrison,WR,18.6,1,0
2025,4,11,865793938542456832,6904,Jalen Hurts,QB,18.4,1,0
2025,4,11,865793938542456832,6819,Michael Pittman,WR,15.1,0,0
2025,4,11,865793938542456832,11638,Ricky Pearsall,WR,8.6,1,0
2025,4,11,865793938542456832,8136,Rachaad White,RB,8.6,0,0
2025,4,11,865793938542456832,4066,Evan Engram,TE,6.9,0,0
2025,4,11,865793938542456832,11786,Cam Little,K,6.0,1,0
2025,4,11,865793938542456832,10219,Chris Rodriguez,RB,5.9,0,0
2025,4,11,865793938542456832,1339,Zach Ertz,TE,5.1,1,0
2025,4,11,865793938542456832,7571,Rashod Bateman,WR,3.4,0,0
2025,4,11,865793938542456832,8154,Brian Robinson,RB,2.1,0,0
2025,4,11,865793938542456832,SF,San Francisco 49ers,DEF,2.0,1,0
2025,4,12,1136842855890366464,9493,Puka Nacua,WR,36.5,1,0
2025,4,12,1136842855890366464,8121,Romeo Doubs,WR,29.8,0,0
2025,4,12,1136842855890366464,4046,Patrick Mahomes,QB,27.8,1,0
2025,4,12,1136842855890366464,5846,DK Metcalf,WR,25.6,1,0
2025,4,12,1136842855890366464,5022,Dallas Goedert,TE,19.7,1,0
2025,4,12,1136842855890366464,8155,Breece Hall,RB,16.1,1,0
2025,4,12,1136842855890366464,PHI,Philadelphia Eagles,DEF,16.0,1,0
2025,4,12,1136842855890366464,3163,Jared Goff,QB,12.72,1,0
2025,4,12,1136842855890366464,9224,Chase Brown,RB,10.1,0,0
2025,4,12,1136842855890366464,8144,Chris Olave,WR,9.0,1,0
2025,4,12,1136842855890366464,17,Matt Prater,K,7.0,1,0
2025,4,12,1136842855890366464,5947,Jakobi Meyers,WR,7.0,0,0
2025,4,12,1136842855890366464,12506,Harold Fannin,TE,4.5,0,0
2025,4,12,1136842855890366464,19,Joe Flacco,QB,1.26,0,0
2025,4,12,1136842855890366464,10222,Jayden Reed,WR,0,0,0
2025,4,12,1136842855890366464,12517,Colston Loveland,TE,0,0,0
2025,4,12,1136842855890366464,8228,Jaylen Warren,RB,0,1,0
2025,5,1,608781531883859968,7021,Rico Dowdle,RB,33.4,1,0
2025,5,1,608781531883859968,12514,Emeka Egbuka,WR,31.8,1,0
2025,5,1,608781531883859968,4981,Calvin Ridley,WR,18.6,0,0
2025,5,1,608781531883859968,12508,Jaxson Dart,QB,16.08,1,0
2025,5,1,608781531883859968,12526,Tetairoa McMillan,WR,13.3,1,0
2025,5,1,608781531883859968,9228,Bryce Young,QB,12.02,1,0
2025,5,1,608781531883859968,8151,Kenneth Walker,RB,9.6,1,0
2025,5,1,608781531883859968,4035,Alvin Kamara,RB,9.5,1,0
2025,5,1,608781531883859968,8130,Trey McBride,TE,9.1,1,0
2025,5,1,608781531883859968,KC,Kansas City Chiefs,DEF,8.25,1,0
2025,5,1,608781531883859968,12455,Brashard Smith,RB,6.6,0,0
2025,5,1,608781531883859968,11533,Brandon Aubrey,K,6.0,1,0
2025,5,1,608781531883859968,12490,Bhayshul Tuten,RB,2.1,0,0
2025,5,1,608781531883859968,8148,Jameson Williams,WR,2.0,0,0
2025,5,1,608781531883859968,11565,J.J. McCarthy,QB,0,0,0
2025,5,1,608781531883859968,6803,Brandon Aiyuk,WR,0,0,0
2025,5,1,608781531883859968,8112,Drake London,WR,0,0,0
2025,5,2,736077599457026048,7564,Ja'Marr Chase,WR,31.0,1,0
2025,5,2,736077599457026048,7588,Javonte Williams,RB,27.4,1,0
2025,5,2,736077599457026048,7591,Justin Fields,QB,26.42,1,0
2025,5,2,736077599457026048,2449,Stefon Diggs,WR,25.1,0,0
2025,5,2,736077599457026048,6768,Tua Tagovailoa,QB,23.24,0,0
2025,5,2,736077599457026048,1466,Travis Kelce,TE,19.1,1,0
2025,5,2,736077599457026048,11566,Jayden Daniels,QB,17.14,1,0
2025,5,2,736077599457026048,9226,De'Von Achane,RB,16.6,1,0
2025,5,2,736077599457026048,5859,A.J. Brown,WR,9.3,1,0
2025,5,2,736077599457026048,9757,Kendre Miller,RB,5.9,0,0
2025,5,2,736077599457026048,12499,Elic Ayomanor,WR,3.8,0,0
2025,5,2,736077599457026048,7002,Juwan Johnson,TE,3.7,0,0
2025,5,2,736077599457026048,12474,Woody Marks,RB,2.4,1,0
2025,5,2,736077599457026048,12711,Tyler Loop,K,2.0,1,0
2025,5,2,736077599457026048,11586,Blake Corum,RB,1.3,0,0
2025,5,2,736077599457026048,SEA,Seattle Seahawks,DEF,-5.75,1,0
2025,5,3,737091087440674816,8150,Kyren Williams,RB,31.1,1,0
2025,5,3,737091087440674816,4943,Sam Darnold,QB,28.14,1,0
2025,5,3,737091087440674816,6794,Justin Jefferson,WR,19.8,1,0
2025,5,3,737091087440674816,7547,Amon-Ra St. Brown,WR,18.5,1,0
2025,5,3,737091087440674816,12518,Tyler Warren,TE,14.4,1,0
2025,5,3,737091087440674816,9997,Zay Flowers,WR,12.2,1,0
2025,5,3,737091087440674816,11624,Xavier Worthy,WR,11.1,0,0
2025,5,3,737091087440674816,11637,Keon Coleman,WR,10.3,0,0
2025,5,3,737091087440674816,8126,Wan'Dale Robinson,WR,8.2,0,0
2025,5,3,737091087440674816,1373,Geno Smith,QB,6.42,1,0
2025,5,3,737091087440674816,4195,Jake Elliott,K,5.0,1,0
2025,5,3,737091087440674816,MIN,Minnesota Vikings,DEF,5.0,1,0
2025,5,3,737091087440674816,8138,James Cook,RB,4.9,1,0
2025,5,3,737091087440674816,6804,Jordan Love,QB,0,0,0
2025,5,3,737091087440674816,7567,Kenny Gainwell,RB,0,0,0
2025,5,3,737091087440674816,12495,Ollie Gordon,RB,-0.2,0,0
2025,5,4,736744257179770880,421,Matthew Stafford,QB,26.06,1,0
2025,5,4,736744257179770880,8146,Garrett Wilson,WR,19.1,1,0
2025,5,4,736744257179770880,4866,Saquon Barkley,RB,18.3,1,0
2025,5,4,736744257179770880,6806,J.K. Dobbins,RB,15.4,1,0
2025,5,4,736744257179770880,6797,Justin Herbert,QB,14.64,1,0
2025,5,4,736744257179770880,12481,Cam Skattebo,RB,14.4,1,0
2025,5,4,736744257179770880,HOU,Houston Texans,DEF,14.25,1,0
2025,5,4,736744257179770880,9500,Josh Downs,WR,11.4,0,0
2025,5,4,736744257179770880,5001,Dalton Schultz,TE,11.0,1,0
2025,5,4,736744257179770880,5848,Marquise Brown,WR,8.8,0,0
2025,5,4,736744257179770880,9754,Quentin Johnston,WR,6.9,1,0
2025,5,4,736744257179770880,11539,Jake Bates,K,5.0,1,0
2025,5,4,736744257179770880,10229,Rashee Rice,WR,0,0,0
2025,5,4,736744257179770880,11559,Michael Penix,QB,0,0,0
2025,5,4,736744257179770880,2216,Mike Evans,WR,0,0,0
2025,5,4,736744257179770880,4217,George Kittle,TE,0,0,0
2025,5,4,736744257179770880,7049,Jauan Jennings,WR,0,0,0
2025,5,5,716698629934481408,8110,Jake Ferguson,TE,23.9,1,0
2025,5,5,716698629934481408,7607,Michael Carter,RB,18.3,1,0
2025,5,5,716698629934481408,12527,Ashton Jeanty,RB,15.9,1,0
2025,5,5,716698629934481408,3161,Carson Wentz,QB,15.24,1,0
2025,5,5,716698629934481408,DET,Detroit Lions,DEF,11.5,1,0
2025,5,5,716698629934481408,6801,Tee Higgins,WR,11.2,1,0
2025,5,5,716698629934481408,8205,Isiah Pacheco,RB,8.6,1,0
2025,5,5,716698629934481408,12522,Cam Ward,QB,8.0,1,0
2025,5,5,716698629934481408,4037,Chris Godwin,WR,5.6,1,0
2025,5,5,716698629934481408,12503,Isaiah Bond,WR,4.9,0,0
2025,5,5,716698629934481408,2747,Jason Myers,K,2.0,1,0
2025,5,5,716698629934481408,4983,DJ Moore,WR,0,0,0
2025,5,5,716698629934481408,5927,Terry McLaurin,WR,0,0,0
2025,5,5,716698629934481408,8132,Tyler Allgeier,RB,0,0,0
2025,5,5,716698629934481408,8183,Brock Purdy,QB,0,0,0
2025,5,5,716698629934481408,9509,Bijan Robinson,RB,0,0,0
2025,5,6,736740647758938112,7523,Trevor Lawrence,QB,26.24,1,0
2025,5,6,736740647758938112,5872,Deebo Samuel,WR,23.6,1,0
2025,5,6,736740647758938112,2505,Darren Waller,TE,18.8,1,0
2025,5,6,736740647758938112,5892,David Montgomery,RB,18.22,1,0
2025,5,6,736740647758938112,12486,Dillon Gabriel,QB,16.1,0,0
2025,5,6,736740647758938112,7569,Nico Collins,WR,16.0,1,0
2025,5,6,736740647758938112,2133,Davante Adams,WR,13.8,1,0
2025,5,6,736740647758938112,12507,Omarion Hampton,RB,13.0,1,0
2025,5,6,736740647758938112,8134,Khalil Shakir,WR,11.0,1,0
2025,5,6,736740647758938112,11627,Troy Franklin,WR,8.5,0,0
2025,5,6,736740647758938112,CLE,Cleveland Browns,DEF,7.75,1,0
2025,5,6,736740647758938112,NE,New England Patriots,DEF,6.25,0,0
2025,5,6,736740647758938112,11792,Will Reichard,K,1.0,1,0
2025,5,6,736740647758938112,11584,Bucky Irving,RB,0,0,0
2025,5,6,736740647758938112,11604,Brock Bowers,TE,0,0,0
2025,5,6,736740647758938112,12511,Will Howard,QB,0,0,0
2025,5,6,736740647758938112,6790,D'Andre Swift,RB,0,0,0
2025,5,6,736740647758938112,7553,Kyle Pitts,TE,0,0,0
2025,5,7,735974647736213504,9488,Jaxon Smith-Njigba,WR,27.7,1,0
2025,5,7,735974647736213504,12533,Jacory Croskey-Merritt,RB,27.5,0,0
2025,5,7,735974647736213504,5870,Daniel Jones,QB,15.68,1,0
2025,5,7,735974647736213504,5849,Kyler Murray,QB,15.3,1,0
2025,5,7,735974647736213504,12512,Quinshon Judkins,RB,14.3,1,0
2025,5,7,735974647736213504,11631,Brian Thomas,WR,12.0,1,0
2025,5,7,735974647736213504,5844,T.J. Hockenson,TE,9.8,0,0
2025,5,7,735974647736213504,ARI,Arizona Cardinals,DEF,8.0,1,0
2025,5,7,735974647736213504,12489,RJ Harvey,RB,6.0,1,0
2025,5,7,735974647736213504,6149,Darius Slayton,WR,4.1,0,0
2025,5,7,735974647736213504,11610,Malik Washington,WR,4.0,1,0
2025,5,7,735974647736213504,9480,Brenton Strange,TE,3.2,1,0
2025,5,7,735974647736213504,12185,Spencer Shrader,K,2.0,1,0
2025,5,7,735974647736213504,11560,Caleb Williams,QB,0,0,0
2025,5,7,735974647736213504,11589,Trey Benson,RB,0,0,0
2025,5,7,735974647736213504,12501,Matthew Golden,WR,0,0,0
2025,5,7,735974647736213504,GB,Green Bay Packers,DEF,0,0,0
2025,5,8,736803054736822272,9758,C.J. Stroud,QB,28.76,1,0
2025,5,8,736803054736822272,4034,Christian McCaffrey,RB,27.9,1,0
2025,5,8,736803054736822272,7525,DeVonta Smith,WR,19.9,1,0
2025,5,8,736803054736822272,3451,Ka'imi Fairbairn,K,18.0,1,0
2025,5,8,736803054736822272,11563,Bo Nix,QB,17.88,1,0
2025,5,8,736803054736822272,8408,Jordan Mason,RB,12.6,1,0
2025,5,8,736803054736822272,4039,Cooper Kupp,WR,11.9,1,0
2025,5,8,736803054736822272,12530,Travis Hunter,WR,9.4,0,0
2025,5,8,736803054736822272,3198,Derrick Henry,RB,9.3,1,0
2025,5,8,736803054736822272,BUF,Buffalo Bills,DEF,6.0,1,0
2025,5,8,736803054736822272,5012,Mark Andrews,TE,4.2,1,0
2025,5,8,736803054736822272,9494,Marvin Mims,WR,3.9,0,0
2025,5,8,736803054736822272,1945,Chris Boswell,K,0,0,0
2025,5,8,736803054736822272,8125,Calvin Austin,WR,0,0,0
2025,5,8,736803054736822272,8167,Christian Watson,WR,0,0,0
2025,5,8,736803054736822272,9484,Tucker Kraft,TE,0,0,0
2025,5,9,710284244835979264,6813,Jonathan Taylor,RB,31.6,1,0
2025,5,9,710284244835979264,4892,Baker Mayfield,QB,27.16,1,0
2025,5,9,710284244835979264,8676,Rashid Shaheed,WR,23.4,0,0
2025,5,9,710284244835979264,10859,Sam LaPorta,TE,20.2,1,0
2025,5,9,710284244835979264,5045,Courtland Sutton,WR,17.9,1,0
2025,5,9,710284244835979264,11562,Spencer Rattler,QB,17.1,1,0
2025,5,9,710284244835979264,IND,Indianapolis Colts,DEF,16.0,1,0
2025,5,9,710284244835979264,9756,Jordan Addison,WR,15.1,0,0
2025,5,9,710284244835979264,11635,Ladd McConkey,WR,14.9,1,0
2025,5,9,710284244835979264,4988,Nick Chubb,RB,12.1,0,0
2025,5,9,710284244835979264,8188,Tyquan Thornton,WR,12.0,0,0
2025,5,9,710284244835979264,11199,Emari Demercado,RB,6.1,1,0
2025,5,9,710284244835979264,12529,TreVeyon Henderson,RB,4.7,1,0
2025,5,9,710284244835979264,4227,Harrison Butker,K,4.0,1,0
2025,5,9,710284244835979264,11620,Rome Odunze,WR,0,0,0
2025,5,9,710284244835979264,4199,Aaron Jones,RB,0,0,0
2025,5,9,710284244835979264,4881,Lamar Jackson,QB,0,0,0
2025,5,10,475399371639222272,3294,Dak Prescott,QB,28.28,1,0
2025,5,10,475399371639222272,7526,Jaylen Waddle,WR,24.0,1,0
2025,5,10,475399371639222272,4984,Josh Allen,QB,19.42,1,0
2025,5,10,475399371639222272,10236,Dalton Kincaid,TE,17.3,0,0
2025,5,10,475399371639222272,9221,Jahmyr Gibbs,RB,16.7,1,0
2025,5,10,475399371639222272,5967,Tony Pollard,RB,14.8,1,0
2025,5,10,475399371639222272,6650,Chase McLaughlin,K,12.0,1,0
2025,5,10,475399371639222272,9753,Zach Charbonnet,RB,11.8,0,0
2025,5,10,475399371639222272,10213,Tre Tucker,WR,11.1,1,0
2025,5,10,475399371639222272,1479,Keenan Allen,WR,10.8,1,0
2025,5,10,475399371639222272,DEN,Denver Broncos,DEF,8.0,1,0
2025,5,10,475399371639222272,3214,Hunter Henry,TE,6.6,1,0
2025,5,10,475399371639222272,6783,Jerry Jeudy,WR,3.5,0,0
2025,5,10,475399371639222272,11655,Tyrone Tracy,RB,0,0,0
2025,5,10,475399371639222272,6786,CeeDee Lamb,WR,0,0,0
2025,5,10,475399371639222272,7594,Chuba Hubbard,RB,0,0,0
2025,5,10,475399371639222272,96,Aaron Rodgers,QB,0,0,0
2025,5,11,865793938542456832,8136,Rachaad White,RB,23.1,1,0
2025,5,11,865793938542456832,6904,Jalen Hurts,QB,19.5,1,0
2025,5,11,865793938542456832,6819,Michael Pittman,WR,14.9,1,0
2025,5,11,865793938542456832,8137,George Pickens,WR,14.2,1,0
2025,5,11,865793938542456832,11628,Marvin Harrison,WR,13.8,1,0
2025,5,11,865793938542456832,4066,Evan Engram,TE,13.3,0,0
2025,5,11,865793938542456832,11564,Drake Maye,QB,12.12,1,0
2025,5,11,865793938542456832,11786,Cam Little,K,9.0,1,0
2025,5,11,865793938542456832,7543,Travis Etienne,RB,8.8,1,0
2025,5,11,865793938542456832,SF,San Francisco 49ers,DEF,3.75,1,0
2025,5,11,865793938542456832,8154,Brian Robinson,RB,1.2,0,0
2025,5,11,865793938542456832,10219,Chris Rodriguez,RB,0.7,0,0
2025,5,11,865793938542456832,11638,Ricky Pearsall,WR,0,0,0
2025,5,11,865793938542456832,1339,Zach Ertz,TE,0,1,0
2025,5,11,865793938542456832,5850,Josh Jacobs,RB,0,0,0
2025,5,11,865793938542456832,7571,Rashod Bateman,WR,0,0,0
2025,5,12,1136842855890366464,4046,Patrick Mahomes,QB,26.22,1,0
2025,5,12,1136842855890366464,9493,Puka Nacua,WR,24.5,1,0
2025,5,12,1136842855890366464,3163,Jared Goff,QB,20.12,1,0
2025,5,12,1136842855890366464,8155,Breece Hall,RB,18.0,1,0
2025,5,12,1136842855890366464,8144,Chris Olave,WR,12.9,1,0
2025,5,12,1136842855890366464,12506,Harold Fannin,TE,11.3,0,0
2025,5,12,1136842855890366464,5022,Dallas Goedert,TE,10.9,1,0
2025,5,12,1136842855890366464,9224,Chase Brown,RB,10.8,1,0
2025,5,12,1136842855890366464,17,Matt Prater,K,9.0,1,0
2025,5,12,1136842855890366464,5947,Jakobi Meyers,WR,7.2,1,0
2025,5,12,1136842855890366464,8259,Cameron Dicker,K,6.0,0,0
2025,5,12,1136842855890366464,PHI,Philadelphia Eagles,DEF,2.0,1,0
2025,5,12,1136842855890366464,10222,Jayden Reed,WR,0,0,0
2025,5,12,1136842855890366464,19,Joe Flacco,QB,0,0,0
2025,5,12,1136842855890366464,5846,DK Metcalf,WR,0,0,0
2025,5,12,1136842855890366464,8121,Romeo Doubs,WR,0,0,0
2025,5,12,1136842855890366464,8228,Jaylen Warren,RB,0,0,0
2025,6,1,608781531883859968,7021,Rico Dowdle,RB,33.4,1,0
2025,6,1,608781531883859968,8112,Drake London,WR,32.3,1,0
2025,6,1,608781531883859968,12508,Jaxson Dart,QB,23.6,1,0
2025,6,1,608781531883859968,11647,Kimani Vidal,RB,23.3,0,0
2025,6,1,608781531883859968,8130,Trey McBride,TE,21.2,1,0
2025,6,1,608781531883859968,LAR,Los Angeles Rams,DEF,19.0,1,0
2025,6,1,608781531883859968,8148,Jameson Williams,WR,18.6,0,0
2025,6,1,608781531883859968,9228,Bryce Young,QB,18.46,1,0
2025,6,1,608781531883859968,12526,Tetairoa McMillan,WR,17.9,1,0
2025,6,1,608781531883859968,4035,Alvin Kamara,RB,12.6,0,0
2025,6,1,608781531883859968,11533,Brandon Aubrey,K,9.0,1,0
2025,6,1,608781531883859968,12490,Bhayshul Tuten,RB,4.8,0,0
2025,6,1,608781531883859968,8151,Kenneth Walker,RB,4.7,1,0
2025,6,1,608781531883859968,12514,Emeka Egbuka,WR,4.4,1,0
2025,6,1,608781531883859968,4981,Calvin Ridley,WR,2.8,0,0
2025,6,1,608781531883859968,11565,J.J. McCarthy,QB,0,0,0
2025,6,1,608781531883859968,6803,Brandon Aiyuk,WR,0,0,0
2025,6,2,736077599457026048,9226,De'Von Achane,RB,32.0,1,0
2025,6,2,736077599457026048,7564,Ja'Marr Chase,WR,25.1,1,0
2025,6,2,736077599457026048,11566,Jayden Daniels,QB,20.64,1,0
2025,6,2,736077599457026048,7523,Trevor Lawrence,QB,19.72,1,0
2025,6,2,736077599457026048,5859,A.J. Brown,WR,14.0,1,0
2025,6,2,736077599457026048,1466,Travis Kelce,TE,13.8,1,0
2025,6,2,736077599457026048,8122,Zonovan Knight,RB,12.4,0,0
2025,6,2,736077599457026048,LAC,Los Angeles Chargers,DEF,8.5,1,0
2025,6,2,736077599457026048,7588,Javonte Williams,RB,8.4,1,0
2025,6,2,736077599457026048,6768,Tua Tagovailoa,QB,6.6,0,0
2025,6,2,736077599457026048,6083,Matt Gay,K,6.0,1,0
2025,6,2,736077599457026048,2449,Stefon Diggs,WR,5.8,1,0
2025,6,2,736077599457026048,12499,Elic Ayomanor,WR,5.7,0,0
2025,6,2,736077599457026048,11597,Theo Johnson,TE,4.7,0,0
2025,6,2,736077599457026048,9757,Kendre Miller,RB,4.2,0,0
2025,6,2,736077599457026048,7611,Rhamondre Stevenson,RB,1.8,0,0
2025,6,2,736077599457026048,12474,Woody Marks,RB,0,0,0
2025,6,2,736077599457026048,12507,Omarion Hampton,RB,0,0,0
2025,6,3,737091087440674816,4943,Sam Darnold,QB,21.0,1,0
2025,6,3,737091087440674816,8126,Wan'Dale Robinson,WR,20.4,0,0
2025,6,3,737091087440674816,12518,Tyler Warren,TE,18.3,1,0
2025,6,3,737091087440674816,8150,Kyren Williams,RB,16.7,1,0
2025,6,3,737091087440674816,6804,Jordan Love,QB,14.96,1,0
2025,6,3,737091087440674816,7547,Amon-Ra St. Brown,WR,12.7,1,0
2025,6,3,737091087440674816,11624,Xavier Worthy,WR,10.6,1,0
2025,6,3,737091087440674816,7567,Kenny Gainwell,RB,9.6,0,0
2025,6,3,737091087440674816,8138,James Cook,RB,8.7,1,0
2025,6,3,737091087440674816,1373,Geno Smith,QB,8.66,0,0
2025,6,3,737091087440674816,9997,Zay Flowers,WR,8.6,1,0
2025,6,3,737091087440674816,4195,Jake Elliott,K,6.0,1,0
2025,6,3,737091087440674816,11637,Keon Coleman,WR,4.1,0,0
2025,6,3,737091087440674816,DET,Detroit Lions,DEF,1.75,1,0
2025,6,3,737091087440674816,6794,Justin Jefferson,WR,0,0,0
2025,6,3,737091087440674816,MIN,Minnesota Vikings,DEF,0,0,0
2025,6,4,736744257179770880,12481,Cam Skattebo,RB,31.0,1,0
2025,6,4,736744257179770880,5848,Marquise Brown,WR,20.5,0,0
2025,6,4,736744257179770880,6797,Justin Herbert,QB,19.26,1,0
2025,6,4,736744257179770880,LV,Las Vegas Raiders,DEF,16.5,1,0
2025,6,4,736744257179770880,9500,Josh Downs,WR,16.2,0,0
2025,6,4,736744257179770880,11559,Michael Penix,QB,14.6,0,0
2025,6,4,736744257179770880,8698,Jake Tonges,TE,11.8,1,0
2025,6,4,736744257179770880,4866,Saquon Barkley,RB,8.7,1,0
2025,6,4,736744257179770880,421,Matthew Stafford,QB,8.34,1,0
2025,6,4,736744257179770880,11539,Jake Bates,K,5.0,1,0
2025,6,4,736744257179770880,8146,Garrett Wilson,WR,4.3,1,0
2025,6,4,736744257179770880,6806,J.K. Dobbins,RB,4.0,1,0
2025,6,4,736744257179770880,7049,Jauan Jennings,WR,1.7,1,0
2025,6,4,736744257179770880,10229,Rashee Rice,WR,0,0,0
2025,6,4,736744257179770880,2216,Mike Evans,WR,0,0,0
2025,6,4,736744257179770880,4217,George Kittle,TE,0,0,0
2025,6,4,736744257179770880,9754,Quentin Johnston,WR,0,0,0
2025,6,5,716698629934481408,96,Aaron Rodgers,QB,17.5,1,0
2025,6,5,716698629934481408,7526,Jaylen Waddle,WR,15.82,1,0
2025,6,5,716698629934481408,PIT,Pittsburgh Steelers,DEF,12.5,1,0
2025,6,5,716698629934481408,8110,Jake Ferguson,TE,12.3,1,0
2025,6,5,716698629934481408,6801,Tee Higgins,WR,11.2,0,0
2025,6,5,716698629934481408,2747,Jason Myers,K,10.0,1,0
2025,6,5,716698629934481408,7607,Michael Carter,RB,8.4,1,0
2025,6,5,716698629934481408,4983,DJ Moore,WR,8.2,1,0
2025,6,5,716698629934481408,12522,Cam Ward,QB,7.38,1,0
2025,6,5,716698629934481408,5967,Tony Pollard,RB,6.7,1,0
2025,6,5,716698629934481408,8205,Isiah Pacheco,RB,6.1,0,0
2025,6,5,716698629934481408,12529,TreVeyon Henderson,RB,4.6,1,0
2025,6,5,716698629934481408,4037,Chris Godwin,WR,0,0,0
2025,6,5,716698629934481408,5927,Terry McLaurin,WR,0,0,0
2025,6,5,716698629934481408,8183,Brock Purdy,QB,0,0,0
2025,6,5,716698629934481408,9756,Jordan Addison,WR,0,0,0
2025,6,6,736740647758938112,6790,D'Andre Swift,RB,27.5,1,0
2025,6,6,736740647758938112,5189,Eddy Pineiro,K,18.0,1,0
2025,6,6,736740647758938112,12486,Dillon Gabriel,QB,9.34,1,0
2025,6,6,736740647758938112,2505,Darren Waller,TE,9.2,1,0
2025,6,6,736740647758938112,5892,David Montgomery,RB,8.1,1,0
2025,6,6,736740647758938112,2133,Davante Adams,WR,7.9,1,0
2025,6,6,736740647758938112,NE,New England Patriots,DEF,6.5,1,0
2025,6,6,736740647758938112,8134,Khalil Shakir,WR,6.3,1,0
2025,6,6,736740647758938112,5872,Deebo Samuel,WR,5.4,1,0
2025,6,6,736740647758938112,7591,Justin Fields,QB,4.9,1,0
2025,6,6,736740647758938112,7553,Kyle Pitts,TE,4.8,0,0
2025,6,6,736740647758938112,4098,Kareem Hunt,RB,4.4,0,0
2025,6,6,736740647758938112,11627,Troy Franklin,WR,3.1,0,0
2025,6,6,736740647758938112,11584,Bucky Irving,RB,0,0,0
2025,6,6,736740647758938112,11604,Brock Bowers,TE,0,0,0
2025,6,6,736740647758938112,12511,Will Howard,QB,0,0,0
2025,6,6,736740647758938112,7569,Nico Collins,WR,0,0,0
2025,6,7,735974647736213504,9488,Jaxon Smith-Njigba,WR,32.2,1,0
2025,6,7,735974647736213504,11631,Brian Thomas,WR,23.0,1,0
2025,6,7,735974647736213504,5870,Daniel Jones,QB,22.48,1,0
2025,6,7,735974647736213504,11560,Caleb Williams,QB,20.88,1,0
2025,6,7,735974647736213504,12501,Matthew Golden,WR,13.2,1,0
2025,6,7,735974647736213504,5230,Michael Badgley,K,8.0,1,0
2025,6,7,735974647736213504,12489,RJ Harvey,RB,6.5,0,0
2025,6,7,735974647736213504,12533,Jacory Croskey-Merritt,RB,5.8,1,0
2025,6,7,735974647736213504,4033,David Njoku,TE,5.8,1,0
2025,6,7,735974647736213504,GB,Green Bay Packers,DEF,5.25,1,0
2025,6,7,735974647736213504,12512,Quinshon Judkins,RB,3.6,1,0
2025,6,7,735974647736213504,8123,Hassan Haskins,RB,3.3,0,0
2025,6,7,735974647736213504,11589,Trey Benson,RB,0,0,0
2025,6,7,735974647736213504,12457,Jaydon Blue,RB,0,0,0
2025,6,7,735974647736213504,12497,Tory Horton,WR,0,0,0
2025,6,7,735974647736213504,5844,T.J. Hockenson,TE,0,0,0
2025,6,7,735974647736213504,5849,Kyler Murray,QB,0,0,0
2025,6,8,736803054736822272,4034,Christian McCaffrey,RB,24.1,1,0
2025,6,8,736803054736822272,3198,Derrick Henry,RB,14.5,1,0
2025,6,8,736803054736822272,11563,Bo Nix,QB,13.36,1,0
2025,6,8,736803054736822272,1945,Chris Boswell,K,13.0,1,0
2025,6,8,736803054736822272,9484,Tucker Kraft,TE,12.3,1,0
2025,6,8,736803054736822272,4039,Cooper Kupp,WR,12.0,1,0
2025,6,8,736803054736822272,7525,DeVonta Smith,WR,8.9,1,0
2025,6,8,736803054736822272,5012,Mark Andrews,TE,6.6,1,0
2025,6,8,736803054736822272,12530,Travis Hunter,WR,5.5,1,0
2025,6,8,736803054736822272,9494,Marvin Mims,WR,3.8,0,0
2025,6,8,736803054736822272,BUF,Buffalo Bills,DEF,2.5,1,0
2025,6,8,736803054736822272,3451,Ka'imi Fairbairn,K,0,0,0
2025,6,8,736803054736822272,8125,Calvin Austin,WR,0,0,0
2025,6,8,736803054736822272,8167,Christian Watson,WR,0,0,0
2025,6,8,736803054736822272,8408,Jordan Mason,RB,0,0,0
2025,6,8,736803054736822272,9758,C.J. Stroud,QB,0,0,0
2025,6,9,710284244835979264,6813,Jonathan Taylor,RB,24.2,1,0
2025,6,9,710284244835979264,11635,Ladd McConkey,WR,23.5,1,0
2025,6,9,710284244835979264,4892,Baker Mayfield,QB,18.64,1,0
2025,6,9,710284244835979264,12527,Ashton Jeanty,RB,16.6,1,0
2025,6,9,710284244835979264,10859,Sam LaPorta,TE,16.5,1,0
2025,6,9,710284244835979264,11562,Spencer Rattler,QB,11.08,1,0
2025,6,9,710284244835979264,KC,Kansas City Chiefs,DEF,7.25,0,0
2025,6,9,710284244835979264,8676,Rashid Shaheed,WR,6.8,0,0
2025,6,9,710284244835979264,11620,Rome Odunze,WR,5.2,1,0
2025,6,9,710284244835979264,4227,Harrison Butker,K,5.0,1,0
2025,6,9,710284244835979264,5045,Courtland Sutton,WR,2.7,1,0
2025,6,9,710284244835979264,IND,Indianapolis Colts,DEF,2.5,1,0
2025,6,9,710284244835979264,4199,Aaron Jones,RB,0,0,0
2025,6,9,710284244835979264,4881,Lamar Jackson,QB,0,0,0
2025,6,9,710284244835979264,4988,Nick Chubb,RB,0,0,0
2025,6,9,710284244835979264,7090,Darnell Mooney,WR,0,0,0
2025,6,9,710284244835979264,8188,Tyquan Thornton,WR,0,0,0
2025,6,10,475399371639222272,9509,Bijan Robinson,RB,37.8,1,0
2025,6,10,475399371639222272,3294,Dak Prescott,QB,21.84,1,0
2025,6,10,475399371639222272,4454,Kendrick Bourne,WR,19.7,1,0
2025,6,10,475399371639222272,DEN,Denver Broncos,DEF,18.25,1,0
2025,6,10,475399371639222272,4984,Josh Allen,QB,13.4,1,0
2025,6,10,475399371639222272,10213,Tre Tucker,WR,12.0,1,0
2025,6,10,475399371639222272,6783,Jerry Jeudy,WR,9.3,0,0
2025,6,10,475399371639222272,9508,Tyjae Spears,RB,9.0,0,0
2025,6,10,475399371639222272,9221,Jahmyr Gibbs,RB,7.5,1,0
2025,6,10,475399371639222272,1479,Keenan Allen,WR,5.7,1,0
2025,6,10,475399371639222272,3214,Hunter Henry,TE,5.7,1,0
2025,6,10,475399371639222272,9753,Zach Charbonnet,RB,4.7,0,0
2025,6,10,475399371639222272,6650,Chase McLaughlin,K,4.0,1,0
2025,6,10,475399371639222272,10236,Dalton Kincaid,TE,0,0,0
2025,6,10,475399371639222272,6770,Joe Burrow,QB,0,0,0
2025,6,10,475399371639222272,6786,CeeDee Lamb,WR,0,0,0
2025,6,10,475399371639222272,7594,Chuba Hubbard,RB,0,0,0
2025,6,11,865793938542456832,8137,George Pickens,WR,32.3,1,0
2025,6,11,865793938542456832,5850,Josh Jacobs,RB,32.0,1,0
2025,6,11,865793938542456832,11564,Drake Maye,QB,27.24,1,0
2025,6,11,865793938542456832,6904,Jalen Hurts,QB,20.62,1,0
2025,6,11,865793938542456832,8136,Rachaad White,RB,17.6,1,0
2025,6,11,865793938542456832,1339,Zach Ertz,TE,16.3,0,0
2025,6,11,865793938542456832,4066,Evan Engram,TE,9.9,1,0
2025,6,11,865793938542456832,7543,Travis Etienne,RB,9.5,0,0
2025,6,11,865793938542456832,11628,Marvin Harrison,WR,5.2,1,0
2025,6,11,865793938542456832,6819,Michael Pittman,WR,4.0,1,0
2025,6,11,865793938542456832,8154,Brian Robinson,RB,3.8,0,0
2025,6,11,865793938542456832,7571,Rashod Bateman,WR,1.8,0,0
2025,6,11,865793938542456832,10219,Chris Rodriguez,RB,0,0,0
2025,6,11,865793938542456832,11638,Ricky Pearsall,WR,0,0,0
2025,6,11,865793938542456832,SF,San Francisco 49ers,DEF,-1.25,1,0
2025,6,11,865793938542456832,11786,Cam Little,K,-3.0,1,0
2025,6,12,1136842855890366464,4046,Patrick Mahomes,QB,30.48,1,0
2025,6,12,1136842855890366464,5022,Dallas Goedert,TE,26.5,1,0
2025,6,12,1136842855890366464,5846,DK Metcalf,WR,19.5,1,0
2025,6,12,1136842855890366464,19,Joe Flacco,QB,19.26,0,0
2025,6,12,1136842855890366464,8259,Cameron Dicker,K,17.0,0,0
2025,6,12,1136842855890366464,3163,Jared Goff,QB,16.82,1,0
2025,6,12,1136842855890366464,8144,Chris Olave,WR,15.8,0,0
2025,6,12,1136842855890366464,12506,Harold Fannin,TE,15.1,0,0
2025,6,12,1136842855890366464,8121,Romeo Doubs,WR,10.5,0,0
2025,6,12,1136842855890366464,9224,Chase Brown,RB,8.9,1,0
2025,6,12,1136842855890366464,8228,Jaylen Warren,RB,8.3,0,0
2025,6,12,1136842855890366464,5947,Jakobi Meyers,WR,7.9,1,0
2025,6,12,1136842855890366464,8155,Breece Hall,RB,5.9,1,0
2025,6,12,1136842855890366464,9493,Puka Nacua,WR,4.8,1,0
2025,6,12,1136842855890366464,17,Matt Prater,K,2.0,1,0
2025,6,12,1136842855890366464,PHI,Philadelphia Eagles,DEF,1.0,1,0
2025,6,12,1136842855890366464,10222,Jayden Reed,WR,0,0,0
2025,7,1,608781531883859968,8130,Trey McBride,TE,29.4,1,0
2025,7,1,608781531883859968,12508,Jaxson Dart,QB,28.42,1,0
2025,7,1,608781531883859968,CLE,Cleveland Browns,DEF,26.5,1,0
2025,7,1,608781531883859968,11533,Brandon Aubrey,K,17.0,1,0
2025,7,1,608781531883859968,7021,Rico Dowdle,RB,10.6,1,0
2025,7,1,608781531883859968,12514,Emeka Egbuka,WR,9.8,1,0
2025,7,1,608781531883859968,9228,Bryce Young,QB,9.52,1,0
2025,7,1,608781531883859968,8112,Drake London,WR,8.2,1,0
2025,7,1,608781531883859968,3269,Chris Moore,WR,7.9,0,0
2025,7,1,608781531883859968,11647,Kimani Vidal,RB,7.5,1,0
2025,7,1,608781531883859968,8151,Kenneth Walker,RB,6.6,0,0
2025,7,1,608781531883859968,12526,Tetairoa McMillan,WR,6.3,1,0
2025,7,1,608781531883859968,4035,Alvin Kamara,RB,5.9,0,0
2025,7,1,608781531883859968,8132,Tyler Allgeier,RB,1.6,0,0
2025,7,1,608781531883859968,11565,J.J. McCarthy,QB,0,0,0
2025,7,1,608781531883859968,4981,Calvin Ridley,WR,0,0,0
2025,7,1,608781531883859968,6803,Brandon Aiyuk,WR,0,0,0
2025,7,1,608781531883859968,8148,Jameson Williams,WR,0,0,0
2025,7,2,736077599457026048,7564,Ja'Marr Chase,WR,38.6,1,0
2025,7,2,736077599457026048,5859,A.J. Brown,WR,28.6,1,0
2025,7,2,736077599457026048,7588,Javonte Williams,RB,19.3,1,0
2025,7,2,736077599457026048,11566,Jayden Daniels,QB,17.74,1,0
2025,7,2,736077599457026048,7523,Trevor Lawrence,QB,17.64,1,0
2025,7,2,736077599457026048,7611,Rhamondre Stevenson,RB,16.8,0,0
2025,7,2,736077599457026048,SEA,Seattle Seahawks,DEF,14.25,1,0
2025,7,2,736077599457026048,2449,Stefon Diggs,WR,13.9,1,0
2025,7,2,736077599457026048,9226,De'Von Achane,RB,12.8,1,0
2025,7,2,736077599457026048,12474,Woody Marks,RB,12.5,0,0
2025,7,2,736077599457026048,1466,Travis Kelce,TE,8.4,1,0
2025,7,2,736077599457026048,12499,Elic Ayomanor,WR,4.9,0,0
2025,7,2,736077599457026048,6083,Matt Gay,K,2.0,1,0
2025,7,2,736077599457026048,9757,Kendre Miller,RB,0.7,0,0
2025,7,2,736077599457026048,11646,Jalen Coker,WR,0,0,0
2025,7,2,736077599457026048,12507,Omarion Hampton,RB,0,0,0
2025,7,2,736077599457026048,6768,Tua Tagovailoa,QB,-5.4,0,0
2025,7,3,737091087440674816,7547,Amon-Ra St. Brown,WR,20.6,1,0
2025,7,3,737091087440674816,12518,Tyler Warren,TE,16.9,1,0
2025,7,3,737091087440674816,8126,Wan'Dale Robinson,WR,15.5,1,0
2025,7,3,737091087440674816,6794,Justin Jefferson,WR,12.9,1,0
2025,7,3,737091087440674816,6804,Jordan Love,QB,11.36,1,0
2025,7,3,737091087440674816,4943,Sam Darnold,QB,8.62,1,0
2025,7,3,737091087440674816,8150,Kyren Williams,RB,8.5,1,0
2025,7,3,737091087440674816,11624,Xavier Worthy,WR,7.8,0,0
2025,7,3,737091087440674816,MIN,Minnesota Vikings,DEF,3.75,1,0
2025,7,3,737091087440674816,7567,Kenny Gainwell,RB,3.5,1,0
2025,7,3,737091087440674816,1373,Geno Smith,QB,1.78,0,0
2025,7,3,737091087440674816,4195,Jake Elliott,K,1.0,1,0
2025,7,3,737091087440674816,11637,Keon Coleman,WR,0,0,0
2025,7,3,737091087440674816,8138,James Cook,RB,0,0,0
2025,7,3,737091087440674816,9997,Zay Flowers,WR,0,0,0
2025,7,4,736744257179770880,12493,Oronde Gadsden,TE,29.9,0,0
2025,7,4,736744257179770880,6797,Justin Herbert,QB,29.4,1,0
2025,7,4,736744257179770880,421,Matthew Stafford,QB,27.38,1,0
2025,7,4,736744257179770880,10229,Rashee Rice,WR,23.2,1,0
2025,7,4,736744257179770880,12481,Cam Skattebo,RB,18.4,1,0
2025,7,4,736744257179770880,CHI,Chicago Bears,DEF,17.0,1,0
2025,7,4,736744257179770880,11559,Michael Penix,QB,12.24,0,0
2025,7,4,736744257179770880,9754,Quentin Johnston,WR,11.0,0,0
2025,7,4,736744257179770880,6806,J.K. Dobbins,RB,9.0,1,0
2025,7,4,736744257179770880,5848,Marquise Brown,WR,8.4,0,0
2025,7,4,736744257179770880,7049,Jauan Jennings,WR,7.1,0,0
2025,7,4,736744257179770880,11539,Jake Bates,K,6.0,1,0
2025,7,4,736744257179770880,4866,Saquon Barkley,RB,5.2,1,0
2025,7,4,736744257179770880,2216,Mike Evans,WR,0,1,0
2025,7,4,736744257179770880,4217,George Kittle,TE,0,1,0
2025,7,4,736744257179770880,8146,Garrett Wilson,WR,0,0,0
2025,7,4,736744257179770880,9500,Josh Downs,WR,0,0,0
2025,7,5,716698629934481408,96,Aaron Rodgers,QB,23.56,1,0
2025,7,5,716698629934481408,9756,Jordan Addison,WR,22.3,1,0
2025,7,5,716698629934481408,8110,Jake Ferguson,TE,21.9,1,0
2025,7,5,716698629934481408,6801,Tee Higgins,WR,21.6,1,0
2025,7,5,716698629934481408,8205,Isiah Pacheco,RB,12.4,0,0
2025,7,5,716698629934481408,5967,Tony Pollard,RB,12.1,1,0
2025,7,5,716698629934481408,12522,Cam Ward,QB,10.7,1,0
2025,7,5,716698629934481408,4983,DJ Moore,WR,8.2,0,0
2025,7,5,716698629934481408,2747,Jason Myers,K,8.0,1,0
2025,7,5,716698629934481408,7607,Michael Carter,RB,5.6,0,0
2025,7,5,716698629934481408,7526,Jaylen Waddle,WR,2.5,1,0
2025,7,5,716698629934481408,12529,TreVeyon Henderson,RB,0.5,1,0
2025,7,5,716698629934481408,4037,Chris Godwin,WR,0,0,0
2025,7,5,716698629934481408,5927,Terry McLaurin,WR,0,0,0
2025,7,5,716698629934481408,8183,Brock Purdy,QB,0,0,0
2025,7,5,716698629934481408,PIT,Pittsburgh Steelers,DEF,-3.5,1,0
2025,7,6,736740647758938112,2133,Davante Adams,WR,26.5,1,0
2025,7,6,736740647758938112,6790,D'Andre Swift,RB,21.3,1,0
2025,7,6,736740647758938112,NE,New England Patriots,DEF,20.75,1,0
2025,7,6,736740647758938112,7553,Kyle Pitts,TE,13.2,0,0
2025,7,6,736740647758938112,5189,Eddy Pineiro,K,11.0,1,0
2025,7,6,736740647758938112,3161,Carson Wentz,QB,9.82,1,0
2025,7,6,736740647758938112,7569,Nico Collins,WR,6.7,1,0
2025,7,6,736740647758938112,5892,David Montgomery,RB,5.9,1,0
2025,7,6,736740647758938112,7591,Justin Fields,QB,4.04,1,0
2025,7,6,736740647758938112,4098,Kareem Hunt,RB,1.8,0,0
2025,7,6,736740647758938112,11584,Bucky Irving,RB,0,0,0
2025,7,6,736740647758938112,11604,Brock Bowers,TE,0,0,0
2025,7,6,736740647758938112,11650,Luke McCaffrey,WR,0,1,0
2025,7,6,736740647758938112,12511,Will Howard,QB,0,0,0
2025,7,6,736740647758938112,2505,Darren Waller,TE,0,1,0
2025,7,6,736740647758938112,5872,Deebo Samuel,WR,0,0,0
2025,7,6,736740647758938112,8134,Khalil Shakir,WR,0,0,0
2025,7,7,735974647736213504,12512,Quinshon Judkins,RB,26.9,1,0
2025,7,7,735974647736213504,9488,Jaxon Smith-Njigba,WR,26.8,1,0
2025,7,7,735974647736213504,5870,Daniel Jones,QB,22.22,1,0
2025,7,7,735974647736213504,8111,Cade Otton,TE,13.5,1,0
2025,7,7,735974647736213504,5844,T.J. Hockenson,TE,10.3,0,0
2025,7,7,735974647736213504,GB,Green Bay Packers,DEF,8.5,1,0
2025,7,7,735974647736213504,12501,Matthew Golden,WR,7.7,1,0
2025,7,7,735974647736213504,12489,RJ Harvey,RB,7.2,0,0
2025,7,7,735974647736213504,11631,Brian Thomas,WR,6.1,1,0
2025,7,7,735974647736213504,5230,Michael Badgley,K,5.0,1,0
2025,7,7,735974647736213504,12533,Jacory Croskey-Merritt,RB,4.2,1,0
2025,7,7,735974647736213504,12519,Luther Burden,WR,3.1,0,0
2025,7,7,735974647736213504,11560,Caleb Williams,QB,2.68,1,0
2025,7,7,735974647736213504,8123,Hassan Haskins,RB,2.5,0,0
2025,7,7,735974647736213504,11589,Trey Benson,RB,0,0,0
2025,7,7,735974647736213504,4033,David Njoku,TE,0,0,0
2025,7,7,735974647736213504,5849,Kyler Murray,QB,0,0,0
2025,7,8,736803054736822272,4034,Christian McCaffrey,RB,39.6,1,0
2025,7,8,736803054736822272,11563,Bo Nix,QB,39.46,1,0
2025,7,8,736803054736822272,7525,DeVonta Smith,WR,35.3,1,0
2025,7,8,736803054736822272,12530,Travis Hunter,WR,24.6,0,0
2025,7,8,736803054736822272,HOU,Houston Texans,DEF,19.5,1,0
2025,7,8,736803054736822272,9484,Tucker Kraft,TE,16.8,1,0
2025,7,8,736803054736822272,9494,Marvin Mims,WR,15.8,0,0
2025,7,8,736803054736822272,9758,C.J. Stroud,QB,13.66,1,0
2025,7,8,736803054736822272,9504,Kayshon Boutte,WR,13.5,1,0
2025,7,8,736803054736822272,8408,Jordan Mason,RB,11.7,1,0
2025,7,8,736803054736822272,1945,Chris Boswell,K,8.0,1,0
2025,7,8,736803054736822272,3451,Ka'imi Fairbairn,K,8.0,0,0
2025,7,8,736803054736822272,4039,Cooper Kupp,WR,2.2,1,0
2025,7,8,736803054736822272,3198,Derrick Henry,RB,0,0,0
2025,7,8,736803054736822272,5012,Mark Andrews,TE,0,0,0
2025,7,8,736803054736822272,8167,Christian Watson,WR,0,0,0
2025,7,8,736803054736822272,BUF,Buffalo Bills,DEF,0,0,0
2025,7,9,710284244835979264,6813,Jonathan Taylor,RB,34.2,1,0
2025,7,9,710284244835979264,5045,Courtland Sutton,WR,16.7,1,0
2025,7,9,710284244835979264,11635,Ladd McConkey,WR,15.7,1,0
2025,7,9,710284244835979264,KC,Kansas City Chiefs,DEF,14.75,1,0
2025,7,9,710284244835979264,4892,Baker Mayfield,QB,10.62,1,0
2025,7,9,710284244835979264,11562,Spencer Rattler,QB,10.52,1,0
2025,7,9,710284244835979264,7090,Darnell Mooney,WR,9.8,0,0
2025,7,9,710284244835979264,8676,Rashid Shaheed,WR,8.0,0,0
2025,7,9,710284244835979264,4227,Harrison Butker,K,7.0,1,0
2025,7,9,710284244835979264,11620,Rome Odunze,WR,5.1,1,0
2025,7,9,710284244835979264,10859,Sam LaPorta,TE,4.5,1,0
2025,7,9,710284244835979264,12527,Ashton Jeanty,RB,4.4,1,0
2025,7,9,710284244835979264,IND,Indianapolis Colts,DEF,4.25,0,0
2025,7,9,710284244835979264,4988,Nick Chubb,RB,2.1,0,0
2025,7,9,710284244835979264,9482,Michael Mayer,TE,2.0,0,0
2025,7,9,710284244835979264,4199,Aaron Jones,RB,0,0,0
2025,7,9,710284244835979264,4881,Lamar Jackson,QB,0,0,0
2025,7,10,475399371639222272,9221,Jahmyr Gibbs,RB,38.8,1,0
2025,7,10,475399371639222272,1479,Keenan Allen,WR,29.4,1,0
2025,7,10,475399371639222272,6786,CeeDee Lamb,WR,24.0,1,0
2025,7,10,475399371639222272,3294,Dak Prescott,QB,23.26,1,0
2025,7,10,475399371639222272,9509,Bijan Robinson,RB,21.2,1,0
2025,7,10,475399371639222272,9753,Zach Charbonnet,RB,19.5,0,0
2025,7,10,475399371639222272,10213,Tre Tucker,WR,8.3,1,0
2025,7,10,475399371639222272,7594,Chuba Hubbard,RB,7.5,0,0
2025,7,10,475399371639222272,3214,Hunter Henry,TE,7.3,1,0
2025,7,10,475399371639222272,9508,Tyjae Spears,RB,7.0,0,0
2025,7,10,475399371639222272,6650,Chase McLaughlin,K,5.0,1,0
2025,7,10,475399371639222272,DEN,Denver Broncos,DEF,4.5,1,0
2025,7,10,475399371639222272,6783,Jerry Jeudy,WR,3.7,0,0
2025,7,10,475399371639222272,4454,Kendrick Bourne,WR,3.4,1,0
2025,7,10,475399371639222272,10236,Dalton Kincaid,TE,0,0,0
2025,7,10,475399371639222272,4984,Josh Allen,QB,0,0,0
2025,7,10,475399371639222272,6770,Joe Burrow,QB,0,0,0
2025,7,11,865793938542456832,6904,Jalen Hurts,QB,25.04,1,0
2025,7,11,865793938542456832,11564,Drake Maye,QB,23.08,1,0
2025,7,11,865793938542456832,6819,Michael Pittman,WR,20.8,1,0
2025,7,11,865793938542456832,5850,Josh Jacobs,RB,18.8,1,0
2025,7,11,865793938542456832,CAR,Carolina Panthers,DEF,17.0,1,0
2025,7,11,865793938542456832,1339,Zach Ertz,TE,12.7,1,0
2025,7,11,865793938542456832,8137,George Pickens,WR,12.2,1,0
2025,7,11,865793938542456832,4066,Evan Engram,TE,9.2,0,0
2025,7,11,865793938542456832,8136,Rachaad White,RB,8.4,1,0
2025,7,11,865793938542456832,11628,Marvin Harrison,WR,7.8,1,0
2025,7,11,865793938542456832,10219,Chris Rodriguez,RB,7.2,0,0
2025,7,11,865793938542456832,7543,Travis Etienne,RB,6.5,0,0
2025,7,11,865793938542456832,8154,Brian Robinson,RB,3.6,0,0
2025,7,11,865793938542456832,11638,Ricky Pearsall,WR,0,0,0
2025,7,11,865793938542456832,7571,Rashod Bateman,WR,0,0,0
2025,7,11,865793938542456832,11786,Cam Little,K,-1.0,1,0
2025,7,12,1136842855890366464,8144,Chris Olave,WR,26.8,1,0
2025,7,12,1136842855890366464,4046,Patrick Mahomes,QB,26.74,1,0
2025,7,12,1136842855890366464,19,Joe Flacco,QB,26.48,0,0
2025,7,12,1136842855890366464,8228,Jaylen Warren,RB,20.3,1,0
2025,7,12,1136842855890366464,8121,Romeo Doubs,WR,13.2,1,0
2025,7,12,1136842855890366464,9224,Chase Brown,RB,12.5,0,0
2025,7,12,1136842855890366464,PHI,Philadelphia Eagles,DEF,10.5,1,0
2025,7,12,1136842855890366464,3163,Jared Goff,QB,10.34,1,0
2025,7,12,1136842855890366464,5846,DK Metcalf,WR,8.0,1,0
2025,7,12,1136842855890366464,12506,Harold Fannin,TE,7.6,0,0
2025,7,12,1136842855890366464,8155,Breece Hall,RB,7.2,1,0
2025,7,12,1136842855890366464,8259,Cameron Dicker,K,7.0,1,0
2025,7,12,1136842855890366464,5022,Dallas Goedert,TE,4.8,1,0
2025,7,12,1136842855890366464,10222,Jayden Reed,WR,0,0,0
2025,7,12,1136842855890366464,12541,Dont'e Thornton,WR,0,0,0
2025,7,12,1136842855890366464,5947,Jakobi Meyers,WR,0,0,0
2025,7,12,1136842855890366464,9493,Puka Nacua,WR,0,0,0
2025,8,1,608781531883859968,11647,Kimani Vidal,RB,20.2,1,0
2025,8,1,608781531883859968,12508,Jaxson Dart,QB,19.42,1,0
2025,8,1,608781531883859968,12526,Tetairoa McMillan,WR,16.9,1,0
2025,8,1,608781531883859968,GB,Green Bay Packers,DEF,8.25,1,0
2025,8,1,608781531883859968,1166,Kirk Cousins,QB,7.12,1,0
2025,8,1,608781531883859968,12514,Emeka Egbuka,WR,6.5,1,0
2025,8,1,608781531883859968,4035,Alvin Kamara,RB,6.5,1,0
2025,8,1,608781531883859968,11533,Brandon Aubrey,K,6.0,1,0
2025,8,1,608781531883859968,7021,Rico Dowdle,RB,5.4,1,0
2025,8,1,608781531883859968,5001,Dalton Schultz,TE,4.4,1,0
2025,8,1,608781531883859968,11565,J.J. McCarthy,QB,0,0,0
2025,8,1,608781531883859968,4981,Calvin Ridley,WR,0,0,0
2025,8,1,608781531883859968,6803,Brandon Aiyuk,WR,0,0,0
2025,8,1,608781531883859968,8112,Drake London,WR,0,0,0
2025,8,1,608781531883859968,8130,Trey McBride,TE,0,0,0
2025,8,1,608781531883859968,8151,Kenneth Walker,RB,0,0,0
2025,8,1,608781531883859968,9228,Bryce Young,QB,0,0,0
2025,8,2,736077599457026048,6768,Tua Tagovailoa,QB,24.2,1,0
2025,8,2,736077599457026048,1466,Travis Kelce,TE,21.9,1,0
2025,8,2,736077599457026048,7564,Ja'Marr Chase,WR,21.1,1,0
2025,8,2,736077599457026048,9226,De'Von Achane,RB,20.1,1,0
2025,8,2,736077599457026048,7588,Javonte Williams,RB,17.9,1,0
2025,8,2,736077599457026048,12474,Woody Marks,RB,15.1,1,0
2025,8,2,736077599457026048,12711,Tyler Loop,K,13.0,1,0
2025,8,2,736077599457026048,2449,Stefon Diggs,WR,10.4,1,0
2025,8,2,736077599457026048,2307,Marcus Mariota,QB,10.32,1,0
2025,8,2,736077599457026048,12499,Elic Ayomanor,WR,9.2,0,0
2025,8,2,736077599457026048,7611,Rhamondre Stevenson,RB,5.9,0,0
2025,8,2,736077599457026048,ATL,Atlanta Falcons,DEF,1.75,1,0
2025,8,2,736077599457026048,11566,Jayden Daniels,QB,0,0,0
2025,8,2,736077599457026048,12507,Omarion Hampton,RB,0,0,0
2025,8,2,736077599457026048,5859,A.J. Brown,WR,0,0,0
2025,8,2,736077599457026048,7523,Trevor Lawrence,QB,0,0,0
2025,8,2,736077599457026048,SEA,Seattle Seahawks,DEF,0,0,0
2025,8,3,737091087440674816,8138,James Cook,RB,36.1,1,0
2025,8,3,737091087440674816,6804,Jordan Love,QB,28.8,1,0
2025,8,3,737091087440674816,6794,Justin Jefferson,WR,14.4,1,0
2025,8,3,737091087440674816,9997,Zay Flowers,WR,14.1,1,0
2025,8,3,737091087440674816,11624,Xavier Worthy,WR,10.3,1,0
2025,8,3,737091087440674816,12518,Tyler Warren,TE,9.3,1,0
2025,8,3,737091087440674816,8126,Wan'Dale Robinson,WR,7.8,1,0
2025,8,3,737091087440674816,4195,Jake Elliott,K,7.0,1,0
2025,8,3,737091087440674816,11637,Keon Coleman,WR,6.0,0,0
2025,8,3,737091087440674816,7567,Kenny Gainwell,RB,3.5,1,0
2025,8,3,737091087440674816,4943,Sam Darnold,QB,0,0,0
2025,8,3,737091087440674816,7547,Amon-Ra St. Brown,WR,0,0,0
2025,8,3,737091087440674816,8150,Kyren Williams,RB,0,0,0
2025,8,3,737091087440674816,827,Tyrod Taylor,QB,0,0,0
2025,8,3,737091087440674816,12455,Brashard Smith,RB,-0.2,0,0
2025,8,3,737091087440674816,MIN,Minnesota Vikings,DEF,-3.5,1,0
2025,8,4,736744257179770880,4866,Saquon Barkley,RB,35.4,1,0
2025,8,4,736744257179770880,6797,Justin Herbert,QB,25.28,1,0
2025,8,4,736744257179770880,10229,Rashee Rice,WR,24.5,1,0
2025,8,4,736744257179770880,12493,Oronde Gadsden,TE,18.7,0,0
2025,8,4,736744257179770880,6806,J.K. Dobbins,RB,14.6,1,0
2025,8,4,736744257179770880,4217,George Kittle,TE,14.3,1,0
2025,8,4,736744257179770880,9500,Josh Downs,WR,12.9,0,0
2025,8,4,736744257179770880,12481,Cam Skattebo,RB,10.0,1,0
2025,8,4,736744257179770880,7049,Jauan Jennings,WR,8.5,0,0
2025,8,4,736744257179770880,7839,Evan McPherson,K,8.0,1,0
2025,8,4,736744257179770880,11559,Michael Penix,QB,0,1,0
2025,8,4,736744257179770880,2216,Mike Evans,WR,0,0,0
2025,8,4,736744257179770880,421,Matthew Stafford,QB,0,0,0
2025,8,4,736744257179770880,5848,Marquise Brown,WR,0,0,0
2025,8,4,736744257179770880,8146,Garrett Wilson,WR,0,0,0
2025,8,4,736744257179770880,9754,Quentin Johnston,WR,0,1,0
2025,8,4,736744257179770880,NYJ,New York Jets,DEF,-1.75,1,0
2025,8,5,716698629934481408,TB,Tampa Bay Buccaneers,DEF,26.25,1,0
2025,8,5,716698629934481408,7526,Jaylen Waddle,WR,21.4,1,0
2025,8,5,716698629934481408,96,Aaron Rodgers,QB,16.76,1,0
2025,8,5,716698629934481408,5927,Terry McLaurin,WR,14.4,0,0
2025,8,5,716698629934481408,12522,Cam Ward,QB,12.76,1,0
2025,8,5,716698629934481408,6801,Tee Higgins,WR,11.9,1,0
2025,8,5,716698629934481408,4983,DJ Moore,WR,11.6,0,0
2025,8,5,716698629934481408,9756,Jordan Addison,WR,11.6,1,0
2025,8,5,716698629934481408,3678,Wil Lutz,K,9.0,1,0
2025,8,5,716698629934481408,5967,Tony Pollard,RB,6.3,1,0
2025,8,5,716698629934481408,8205,Isiah Pacheco,RB,5.8,1,0
2025,8,5,716698629934481408,12529,TreVeyon Henderson,RB,5.5,0,0
2025,8,5,716698629934481408,12534,Kyle Monangai,RB,2.4,0,0
2025,8,5,716698629934481408,4037,Chris Godwin,WR,0,0,0
2025,8,5,716698629934481408,8110,Jake Ferguson,TE,0,1,0
2025,8,5,716698629934481408,8183,Brock Purdy,QB,0,0,0
2025,8,6,736740647758938112,12489,RJ Harvey,RB,24.6,1,0
2025,8,6,736740647758938112,8134,Khalil Shakir,WR,22.3,1,0
2025,8,6,736740647758938112,7591,Justin Fields,QB,20.86,1,0
2025,8,6,736740647758938112,6790,D'Andre Swift,RB,15.1,1,0
2025,8,6,736740647758938112,7553,Kyle Pitts,TE,14.9,1,0
2025,8,6,736740647758938112,NE,New England Patriots,DEF,14.75,1,0
2025,8,6,736740647758938112,8142,Alec Pierce,WR,8.9,1,0
2025,8,6,736740647758938112,3161,Carson Wentz,QB,6.76,1,0
2025,8,6,736740647758938112,5872,Deebo Samuel,WR,4.2,1,0
2025,8,6,736740647758938112,5189,Eddy Pineiro,K,1.0,1,0
2025,8,6,736740647758938112,11584,Bucky Irving,RB,0,0,0
2025,8,6,736740647758938112,12511,Will Howard,QB,0,0,0
2025,8,6,736740647758938112,2133,Davante Adams,WR,0,0,0
2025,8,6,736740647758938112,5892,David Montgomery,RB,0,0,0
2025,8,6,736740647758938112,7569,Nico Collins,WR,0,0,0
2025,8,6,736740647758938112,8122,Zonovan Knight,RB,0,0,0
2025,8,7,735974647736213504,11627,Troy Franklin,WR,26.9,1,0
2025,8,7,735974647736213504,5870,Daniel Jones,QB,23.18,1,0
2025,8,7,735974647736213504,11571,Isaiah Davis,RB,17.9,0,0
2025,8,7,735974647736213504,11560,Caleb Williams,QB,12.3,1,0
2025,8,7,735974647736213504,12485,Tez Johnson,WR,9.3,1,0
2025,8,7,735974647736213504,5230,Michael Badgley,K,9.0,1,0
2025,8,7,735974647736213504,8111,Cade Otton,TE,8.0,1,0
2025,8,7,735974647736213504,12512,Quinshon Judkins,RB,4.7,1,0
2025,8,7,735974647736213504,5844,T.J. Hockenson,TE,4.6,0,0
2025,8,7,735974647736213504,11626,Xavier Legette,WR,3.7,0,0
2025,8,7,735974647736213504,12501,Matthew Golden,WR,3.4,1,0
2025,8,7,735974647736213504,12533,Jacory Croskey-Merritt,RB,2.5,1,0
2025,8,7,735974647736213504,11589,Trey Benson,RB,0,0,0
2025,8,7,735974647736213504,11604,Brock Bowers,TE,0,0,0
2025,8,7,735974647736213504,11631,Brian Thomas,WR,0,0,0
2025,8,7,735974647736213504,5849,Kyler Murray,QB,0,0,0
2025,8,7,735974647736213504,8148,Jameson Williams,WR,0,0,0
2025,8,7,735974647736213504,9488,Jaxon Smith-Njigba,WR,0,0,0
2025,8,7,735974647736213504,CIN,Cincinnati Bengals,DEF,-8.0,1,0
2025,8,8,736803054736822272,9484,Tucker Kraft,TE,33.8,1,0
2025,8,8,736803054736822272,11563,Bo Nix,QB,23.78,1,0
2025,8,8,736803054736822272,9758,C.J. Stroud,QB,22.22,1,0
2025,8,8,736803054736822272,1945,Chris Boswell,K,20.0,1,0
2025,8,8,736803054736822272,3198,Derrick Henry,RB,19.1,1,0
2025,8,8,736803054736822272,BUF,Buffalo Bills,DEF,17.75,1,0
2025,8,8,736803054736822272,9504,Kayshon Boutte,WR,16.5,0,0
2025,8,8,736803054736822272,7525,DeVonta Smith,WR,14.4,1,0
2025,8,8,736803054736822272,8167,Christian Watson,WR,12.5,1,0
2025,8,8,736803054736822272,HOU,Houston Texans,DEF,10.0,0,0
2025,8,8,736803054736822272,4034,Christian McCaffrey,RB,9.8,1,0
2025,8,8,736803054736822272,5012,Mark Andrews,TE,5.4,0,0
2025,8,8,736803054736822272,9494,Marvin Mims,WR,1.8,0,0
2025,8,8,736803054736822272,8408,Jordan Mason,RB,1.6,1,0
2025,8,8,736803054736822272,12530,Travis Hunter,WR,0,0,0
2025,8,8,736803054736822272,4039,Cooper Kupp,WR,0,0,0
2025,8,9,710284244835979264,6813,Jonathan Taylor,RB,39.4,1,0
2025,8,9,710284244835979264,11635,Ladd McConkey,WR,20.8,1,0
2025,8,9,710284244835979264,11620,Rome Odunze,WR,18.9,1,0
2025,8,9,710284244835979264,8676,Rashid Shaheed,WR,14.5,0,0
2025,8,9,710284244835979264,5045,Courtland Sutton,WR,10.7,1,0
2025,8,9,710284244835979264,IND,Indianapolis Colts,DEF,9.0,1,0
2025,8,9,710284244835979264,4988,Nick Chubb,RB,8.9,0,0
2025,8,9,710284244835979264,4199,Aaron Jones,RB,5.0,1,0
2025,8,9,710284244835979264,4892,Baker Mayfield,QB,4.08,1,0
2025,8,9,710284244835979264,4227,Harrison Butker,K,4.0,1,0
2025,8,9,710284244835979264,4144,Jonnu Smith,TE,3.7,1,0
2025,8,9,710284244835979264,7090,Darnell Mooney,WR,2.1,0,0
2025,8,9,710284244835979264,11562,Spencer Rattler,QB,1.64,1,0
2025,8,9,710284244835979264,10859,Sam LaPorta,TE,0,0,0
2025,8,9,710284244835979264,12527,Ashton Jeanty,RB,0,0,0
2025,8,9,710284244835979264,4881,Lamar Jackson,QB,0,0,0
2025,8,10,475399371639222272,4984,Josh Allen,QB,24.22,1,0
2025,8,10,475399371639222272,9508,Tyjae Spears,RB,17.2,0,0
2025,8,10,475399371639222272,6650,Chase McLaughlin,K,17.0,1,0
2025,8,10,475399371639222272,6786,CeeDee Lamb,WR,14.6,1,0
2025,8,10,475399371639222272,7594,Chuba Hubbard,RB,9.4,1,0
2025,8,10,475399371639222272,1479,Keenan Allen,WR,8.4,1,0
2025,8,10,475399371639222272,3214,Hunter Henry,TE,7.7,0,0
2025,8,10,475399371639222272,DEN,Denver Broncos,DEF,7.5,1,0
2025,8,10,475399371639222272,4454,Kendrick Bourne,WR,7.4,1,0
2025,8,10,475399371639222272,3294,Dak Prescott,QB,6.62,1,0
2025,8,10,475399371639222272,9509,Bijan Robinson,RB,5.8,1,0
2025,8,10,475399371639222272,10236,Dalton Kincaid,TE,3.3,1,0
2025,8,10,475399371639222272,10213,Tre Tucker,WR,0,0,0
2025,8,10,475399371639222272,6770,Joe Burrow,QB,0,0,0
2025,8,10,475399371639222272,6783,Jerry Jeudy,WR,0,0,0
2025,8,10,475399371639222272,9221,Jahmyr Gibbs,RB,0,0,0
2025,8,10,475399371639222272,9753,Zach Charbonnet,RB,0,0,0
2025,8,11,865793938542456832,6904,Jalen Hurts,QB,25.36,1,0
2025,8,11,865793938542456832,11564,Drake Maye,QB,25.28,1,0
2025,8,11,865793938542456832,6819,Michael Pittman,WR,23.5,1,0
2025,8,11,865793938542456832,8137,George Pickens,WR,14.8,1,0
2025,8,11,865793938542456832,11610,Malik Washington,WR,13.6,1,0
2025,8,11,865793938542456832,5850,Josh Jacobs,RB,13.5,1,0
2025,8,11,865793938542456832,17,Matt Prater,K,11.0,1,0
2025,8,11,865793938542456832,8136,Rachaad White,RB,8.1,1,0
2025,8,11,865793938542456832,4066,Evan Engram,TE,7.6,0,0
2025,8,11,865793938542456832,7571,Rashod Bateman,WR,7.1,0,0
2025,8,11,865793938542456832,8125,Calvin Austin,WR,6.8,0,0
2025,8,11,865793938542456832,1339,Zach Ertz,TE,5.6,1,0
2025,8,11,865793938542456832,11628,Marvin Harrison,WR,0,0,0
2025,8,11,865793938542456832,11638,Ricky Pearsall,WR,0,0,0
2025,8,11,865793938542456832,7543,Travis Etienne,RB,0,0,0
2025,8,11,865793938542456832,8154,Brian Robinson,RB,0,0,0
2025,8,11,865793938542456832,SF,San Francisco 49ers,DEF,-1.5,1,0
2025,8,12,1136842855890366464,8155,Breece Hall,RB,33.36,0,0
2025,8,12,1136842855890366464,9224,Chase Brown,RB,25.5,1,0
2025,8,12,1136842855890366464,19,Joe Flacco,QB,24.32,1,0
2025,8,12,1136842855890366464,4046,Patrick Mahomes,QB,23.46,1,0
2025,8,12,1136842855890366464,12506,Harold Fannin,TE,18.4,0,0
2025,8,12,1136842855890366464,5022,Dallas Goedert,TE,17.8,1,0
2025,8,12,1136842855890366464,5846,DK Metcalf,WR,16.5,1,0
2025,8,12,1136842855890366464,8144,Chris Olave,WR,14.0,1,0
2025,8,12,1136842855890366464,8259,Cameron Dicker,K,12.0,1,0
2025,8,12,1136842855890366464,8121,Romeo Doubs,WR,9.4,1,0
2025,8,12,1136842855890366464,8228,Jaylen Warren,RB,9.3,1,0
2025,8,12,1136842855890366464,PHI,Philadelphia Eagles,DEF,8.25,1,0
2025,8,12,1136842855890366464,10222,Jayden Reed,WR,0,0,0
2025,8,12,1136842855890366464,3163,Jared Goff,QB,0,0,0
2025,8,12,1136842855890366464,4171,Josh Reynolds,WR,0,0,0
2025,8,12,1136842855890366464,5947,Jakobi Meyers,WR,0,0,0
2025,8,12,1136842855890366464,9493,Puka Nacua,WR,0,0,0
2025,9,1,608781531883859968,8112,Drake London,WR,39.3,1,0
2025,9,1,608781531883859968,7021,Rico Dowdle,RB,28.6,1,0
2025,9,1,608781531883859968,12508,Jaxson Dart,QB,27.24,1,0
2025,9,1,608781531883859968,3257,Jacoby Brissett,QB,23.84,1,0
2025,9,1,608781531883859968,8130,Trey McBride,TE,16.5,1,0
2025,9,1,608781531883859968,LAR,Los Angeles Rams,DEF,13.75,1,0
2025,9,1,608781531883859968,12490,Bhayshul Tuten,RB,9.6,0,0
2025,9,1,608781531883859968,12526,Tetairoa McMillan,WR,8.6,1,0
2025,9,1,608781531883859968,8151,Kenneth Walker,RB,8.1,1,0
2025,9,1,608781531883859968,11533,Brandon Aubrey,K,3.0,1,0
2025,9,1,608781531883859968,11647,Kimani Vidal,RB,2.0,1,0
2025,9,1,608781531883859968,9228,Bryce Young,QB,1.98,0,0
2025,9,1,608781531883859968,4035,Alvin Kamara,RB,0.7,0,0
2025,9,1,608781531883859968,12514,Emeka Egbuka,WR,0,0,0
2025,9,1,608781531883859968,4981,Calvin Ridley,WR,0,0,0
2025,9,1,608781531883859968,6803,Brandon Aiyuk,WR,0,0,0
2025,9,1,608781531883859968,CLE,Cleveland Browns,DEF,0,0,0
2025,9,2,736077599457026048,7523,Trevor Lawrence,QB,21.2,1,0
2025,9,2,736077599457026048,7564,Ja'Marr Chase,WR,17.6,1,0
2025,9,2,736077599457026048,9226,De'Von Achane,RB,16.6,1,0
2025,9,2,736077599457026048,11566,Jayden Daniels,QB,15.22,1,0
2025,9,2,736077599457026048,7049,Jauan Jennings,WR,14.1,1,0
2025,9,2,736077599457026048,2449,Stefon Diggs,WR,12.8,1,0
2025,9,2,736077599457026048,1466,Travis Kelce,TE,12.6,1,0
2025,9,2,736077599457026048,SEA,Seattle Seahawks,DEF,11.5,0,0
2025,9,2,736077599457026048,5844,T.J. Hockenson,TE,9.1,0,0
2025,9,2,736077599457026048,6768,Tua Tagovailoa,QB,9.04,0,0
2025,9,2,736077599457026048,DET,Detroit Lions,DEF,8.75,1,0
2025,9,2,736077599457026048,11627,Troy Franklin,WR,8.3,0,0
2025,9,2,736077599457026048,7588,Javonte Williams,RB,7.3,1,0
2025,9,2,736077599457026048,12711,Tyler Loop,K,4.0,1,0
2025,9,2,736077599457026048,12474,Woody Marks,RB,2.7,0,0
2025,9,2,736077599457026048,12507,Omarion Hampton,RB,0,0,0
2025,9,2,736077599457026048,5859,A.J. Brown,WR,0,0,0
2025,9,3,737091087440674816,4943,Sam Darnold,QB,28.2,1,0
2025,9,3,737091087440674816,7547,Amon-Ra St. Brown,WR,18.7,1,0
2025,9,3,737091087440674816,8150,Kyren Williams,RB,17.9,1,0
2025,9,3,737091087440674816,6794,Justin Jefferson,WR,16.7,1,0
2025,9,3,737091087440674816,8138,James Cook,RB,14.0,1,0
2025,9,3,737091087440674816,8126,Wan'Dale Robinson,WR,13.6,0,0
2025,9,3,737091087440674816,9997,Zay Flowers,WR,11.4,1,0
2025,9,3,737091087440674816,MIN,Minnesota Vikings,DEF,9.75,1,0
2025,9,3,737091087440674816,6804,Jordan Love,QB,9.52,1,0
2025,9,3,737091087440674816,2747,Jason Myers,K,9.0,1,0
2025,9,3,737091087440674816,12518,Tyler Warren,TE,7.6,1,0
2025,9,3,737091087440674816,7567,Kenny Gainwell,RB,7.4,0,0
2025,9,3,737091087440674816,11624,Xavier Worthy,WR,6.0,0,0
2025,9,3,737091087440674816,11637,Keon Coleman,WR,3.7,0,0
2025,9,3,737091087440674816,12455,Brashard Smith,RB,0.7,0,0
2025,9,3,737091087440674816,4195,Jake Elliott,K,0,0,0
2025,9,4,736744257179770880,421,Matthew Stafford,QB,26.84,1,0
2025,9,4,736744257179770880,6797,Justin Herbert,QB,26.7,1,0
2025,9,4,736744257179770880,11559,Michael Penix,QB,21.74,0,0
2025,9,4,736744257179770880,10229,Rashee Rice,WR,18.6,1,0
2025,9,4,736744257179770880,9500,Josh Downs,WR,15.7,0,0
2025,9,4,736744257179770880,9754,Quentin Johnston,WR,15.3,1,0
2025,9,4,736744257179770880,12493,Oronde Gadsden,TE,11.8,1,0
2025,9,4,736744257179770880,5848,Marquise Brown,WR,9.3,0,0
2025,9,4,736744257179770880,7839,Evan McPherson,K,9.0,1,0
2025,9,4,736744257179770880,4217,George Kittle,TE,6.9,1,0
2025,9,4,736744257179770880,6806,J.K. Dobbins,RB,6.9,1,0
2025,9,4,736744257179770880,LV,Las Vegas Raiders,DEF,1.25,1,0
2025,9,4,736744257179770880,12481,Cam Skattebo,RB,0,0,0
2025,9,4,736744257179770880,4866,Saquon Barkley,RB,0,0,0
2025,9,4,736744257179770880,7607,Michael Carter,RB,0,1,0
2025,9,4,736744257179770880,7611,Rhamondre Stevenson,RB,0,0,0
2025,9,4,736744257179770880,8146,Garrett Wilson,WR,0,0,0
2025,9,5,716698629934481408,6801,Tee Higgins,WR,34.1,1,0
2025,9,5,716698629934481408,12534,Kyle Monangai,RB,23.3,1,0
2025,9,5,716698629934481408,4983,DJ Moore,WR,22.98,1,0
2025,9,5,716698629934481408,7527,Mac Jones,QB,15.8,1,0
2025,9,5,716698629934481408,7526,Jaylen Waddle,WR,14.2,1,0
2025,9,5,716698629934481408,12529,TreVeyon Henderson,RB,12.7,1,0
2025,9,5,716698629934481408,96,Aaron Rodgers,QB,12.62,1,0
2025,9,5,716698629934481408,9756,Jordan Addison,WR,8.4,0,0
2025,9,5,716698629934481408,8110,Jake Ferguson,TE,8.0,1,0
2025,9,5,716698629934481408,5967,Tony Pollard,RB,7.8,0,0
2025,9,5,716698629934481408,GB,Green Bay Packers,DEF,6.75,1,0
2025,9,5,716698629934481408,12522,Cam Ward,QB,4.4,0,0
2025,9,5,716698629934481408,3678,Wil Lutz,K,2.0,1,0
2025,9,5,716698629934481408,4037,Chris Godwin,WR,0,0,0
2025,9,5,716698629934481408,5927,Terry McLaurin,WR,0,0,0
2025,9,5,716698629934481408,8183,Brock Purdy,QB,0,0,0
2025,9,5,716698629934481408,8205,Isiah Pacheco,RB,0,0,0
2025,9,6,736740647758938112,11560,Caleb Williams,QB,39.7,1,0
2025,9,6,736740647758938112,1373,Geno Smith,QB,26.76,1,0
2025,9,6,736740647758938112,2133,Davante Adams,WR,23.0,1,0
2025,9,6,736740647758938112,12489,RJ Harvey,RB,16.6,0,0
2025,9,6,736740647758938112,7569,Nico Collins,WR,14.5,1,0
2025,9,6,736740647758938112,5189,Eddy Pineiro,K,12.0,1,0
2025,9,6,736740647758938112,8134,Khalil Shakir,WR,11.3,1,0
2025,9,6,736740647758938112,5892,David Montgomery,RB,11.0,1,0
2025,9,6,736740647758938112,5872,Deebo Samuel,WR,9.4,0,0
2025,9,6,736740647758938112,LAC,Los Angeles Chargers,DEF,9.0,1,0
2025,9,6,736740647758938112,7553,Kyle Pitts,TE,7.8,1,0
2025,9,6,736740647758938112,8122,Zonovan Knight,RB,6.7,1,0
2025,9,6,736740647758938112,NE,New England Patriots,DEF,5.75,0,0
2025,9,6,736740647758938112,11584,Bucky Irving,RB,0,0,0
2025,9,6,736740647758938112,12511,Will Howard,QB,0,0,0
2025,9,6,736740647758938112,6790,D'Andre Swift,RB,0,0,0
2025,9,6,736740647758938112,7591,Justin Fields,QB,0,0,0
2025,9,7,735974647736213504,11604,Brock Bowers,TE,43.8,1,0
2025,9,7,735974647736213504,9488,Jaxon Smith-Njigba,WR,22.5,1,0
2025,9,7,735974647736213504,8148,Jameson Williams,WR,16.6,1,0
2025,9,7,735974647736213504,5870,Daniel Jones,QB,13.58,1,0
2025,9,7,735974647736213504,4098,Kareem Hunt,RB,12.5,1,0
2025,9,7,735974647736213504,6149,Darius Slayton,WR,11.2,1,0
2025,9,7,735974647736213504,11631,Brian Thomas,WR,8.5,1,0
2025,9,7,735974647736213504,12533,Jacory Croskey-Merritt,RB,5.1,1,0
2025,9,7,735974647736213504,JAX,Jacksonville Jaguars,DEF,3.5,1,0
2025,9,7,735974647736213504,12501,Matthew Golden,WR,2.9,0,0
2025,9,7,735974647736213504,11435,Emanuel Wilson,RB,2.7,0,0
2025,9,7,735974647736213504,11571,Isaiah Davis,RB,0,0,0
2025,9,7,735974647736213504,11589,Trey Benson,RB,0,0,0
2025,9,7,735974647736213504,11789,Joshua Karty,K,0,1,0
2025,9,7,735974647736213504,12485,Tez Johnson,WR,0,0,0
2025,9,7,735974647736213504,12512,Quinshon Judkins,RB,0,0,0
2025,9,7,735974647736213504,5849,Kyler Murray,QB,0,0,0
2025,9,8,736803054736822272,4034,Christian McCaffrey,RB,34.8,1,0
2025,9,8,736803054736822272,12497,Tory Horton,WR,20.8,1,0
2025,9,8,736803054736822272,11563,Bo Nix,QB,18.52,1,0
2025,9,8,736803054736822272,5012,Mark Andrews,TE,16.6,0,0
2025,9,8,736803054736822272,3198,Derrick Henry,RB,13.6,1,0
2025,9,8,736803054736822272,HOU,Houston Texans,DEF,11.75,0,0
2025,9,8,736803054736822272,1945,Chris Boswell,K,10.0,1,0
2025,9,8,736803054736822272,8167,Christian Watson,WR,7.8,1,0
2025,9,8,736803054736822272,BUF,Buffalo Bills,DEF,6.25,1,0
2025,9,8,736803054736822272,8408,Jordan Mason,RB,4.7,0,0
2025,9,8,736803054736822272,9758,C.J. Stroud,QB,4.36,1,0
2025,9,8,736803054736822272,9484,Tucker Kraft,TE,4.0,1,0
2025,9,8,736803054736822272,12530,Travis Hunter,WR,0,0,0
2025,9,8,736803054736822272,4039,Cooper Kupp,WR,0,0,0
2025,9,8,736803054736822272,7525,DeVonta Smith,WR,0,0,0
2025,9,8,736803054736822272,9494,Marvin Mims,WR,0,0,0
2025,9,8,736803054736822272,9504,Kayshon Boutte,WR,0,1,0
2025,9,9,710284244835979264,4881,Lamar Jackson,QB,25.56,1,0
2025,9,9,710284244835979264,10859,Sam LaPorta,TE,22.2,1,0
2025,9,9,710284244835979264,12527,Ashton Jeanty,RB,19.9,1,0
2025,9,9,710284244835979264,9487,Parker Washington,WR,17.0,1,0
2025,9,9,710284244835979264,4199,Aaron Jones,RB,11.8,0,0
2025,9,9,710284244835979264,8676,Rashid Shaheed,WR,11.8,0,0
2025,9,9,710284244835979264,5045,Courtland Sutton,WR,10.0,1,0
2025,9,9,710284244835979264,11635,Ladd McConkey,WR,9.6,1,0
2025,9,9,710284244835979264,IND,Indianapolis Colts,DEF,9.25,1,0
2025,9,9,710284244835979264,6813,Jonathan Taylor,RB,7.7,1,0
2025,9,9,710284244835979264,4227,Harrison Butker,K,7.0,1,0
2025,9,9,710284244835979264,4144,Jonnu Smith,TE,5.5,0,0
2025,9,9,710284244835979264,4988,Nick Chubb,RB,3.4,0,0
2025,9,9,710284244835979264,7090,Darnell Mooney,WR,2.5,0,0
2025,9,9,710284244835979264,11620,Rome Odunze,WR,0,1,0
2025,9,9,710284244835979264,4892,Baker Mayfield,QB,0,0,0
2025,9,10,475399371639222272,4984,Josh Allen,QB,28.82,1,0
2025,9,10,475399371639222272,10236,Dalton Kincaid,TE,22.6,1,0
2025,9,10,475399371639222272,9509,Bijan Robinson,RB,17.6,1,0
2025,9,10,475399371639222272,6786,CeeDee Lamb,WR,15.5,1,0
2025,9,10,475399371639222272,3294,Dak Prescott,QB,15.4,1,0
2025,9,10,475399371639222272,DEN,Denver Broncos,DEF,9.5,1,0
2025,9,10,475399371639222272,12545,Tyler Shough,QB,9.24,0,0
2025,9,10,475399371639222272,9508,Tyjae Spears,RB,9.2,0,0
2025,9,10,475399371639222272,3214,Hunter Henry,TE,9.1,0,0
2025,9,10,475399371639222272,10213,Tre Tucker,WR,6.8,0,0
2025,9,10,475399371639222272,11655,Tyrone Tracy,RB,6.7,1,0
2025,9,10,475399371639222272,1479,Keenan Allen,WR,6.1,1,0
2025,9,10,475399371639222272,9221,Jahmyr Gibbs,RB,5.8,1,0
2025,9,10,475399371639222272,9753,Zach Charbonnet,RB,5.6,0,0
2025,9,10,475399371639222272,11539,Jake Bates,K,4.0,1,0
2025,9,10,475399371639222272,7594,Chuba Hubbard,RB,1.7,0,0
2025,9,10,475399371639222272,6770,Joe Burrow,QB,0,0,0
2025,9,11,865793938542456832,11628,Marvin Harrison,WR,22.6,1,0
2025,9,11,865793938542456832,6819,Michael Pittman,WR,21.0,1,0
2025,9,11,865793938542456832,5850,Josh Jacobs,RB,20.0,1,0
2025,9,11,865793938542456832,7543,Travis Etienne,RB,15.5,1,0
2025,9,11,865793938542456832,11564,Drake Maye,QB,15.36,1,0
2025,9,11,865793938542456832,8137,George Pickens,WR,11.9,1,0
2025,9,11,865793938542456832,1339,Zach Ertz,TE,8.6,1,0
2025,9,11,865793938542456832,12540,Chimere Dike,WR,7.5,0,0
2025,9,11,865793938542456832,11610,Malik Washington,WR,7.1,1,0
2025,9,11,865793938542456832,SF,San Francisco 49ers,DEF,5.0,1,0
2025,9,11,865793938542456832,4177,Mack Hollins,WR,2.9,0,0
2025,9,11,865793938542456832,17,Matt Prater,K,2.0,1,0
2025,9,11,865793938542456832,4147,Samaje Perine,RB,0.5,0,0
2025,9,11,865793938542456832,11638,Ricky Pearsall,WR,0,0,0
2025,9,11,865793938542456832,4066,Evan Engram,TE,0,0,0
2025,9,11,865793938542456832,6904,Jalen Hurts,QB,0,0,0
2025,9,11,865793938542456832,8136,Rachaad White,RB,0,0,0
2025,9,12,1136842855890366464,19,Joe Flacco,QB,32.2,0,0
2025,9,12,1136842855890366464,9493,Puka Nacua,WR,22.8,1,0
2025,9,12,1136842855890366464,3163,Jared Goff,QB,19.86,1,0
2025,9,12,1136842855890366464,9224,Chase Brown,RB,19.2,1,0
2025,9,12,1136842855890366464,8228,Jaylen Warren,RB,16.9,1,0
2025,9,12,1136842855890366464,8121,Romeo Doubs,WR,16.1,0,0
2025,9,12,1136842855890366464,BAL,Baltimore Ravens,DEF,13.0,0,0
2025,9,12,1136842855890366464,11597,Theo Johnson,TE,11.7,1,0
2025,9,12,1136842855890366464,8259,Cameron Dicker,K,11.0,1,0
2025,9,12,1136842855890366464,4046,Patrick Mahomes,QB,10.5,1,0
2025,9,12,1136842855890366464,8144,Chris Olave,WR,8.7,1,0
2025,9,12,1136842855890366464,5947,Jakobi Meyers,WR,6.3,0,0
2025,9,12,1136842855890366464,5846,DK Metcalf,WR,2.6,1,0
2025,9,12,1136842855890366464,CHI,Chicago Bears,DEF,0.75,1,0
2025,9,12,1136842855890366464,10222,Jayden Reed,WR,0,0,0
2025,9,12,1136842855890366464,12506,Harold Fannin,TE,0,0,0
2025,9,12,1136842855890366464,5022,Dallas Goedert,TE,0,0,0
2025,9,12,1136842855890366464,8155,Breece Hall,RB,0,0,0
2025,10,1,608781531883859968,8130,Trey McBride,TE,28.2,1,0
2025,10,1,608781531883859968,12508,Jaxson Dart,QB,26.28,1,0
2025,10,1,608781531883859968,8112,Drake London,WR,24.9,1,0
2025,10,1,608781531883859968,12514,Emeka Egbuka,WR,24.0,1,0
2025,10,1,608781531883859968,3257,Jacoby Brissett,QB,19.42,1,0
2025,10,1,608781531883859968,11647,Kimani Vidal,RB,17.8,0,0
2025,10,1,608781531883859968,7021,Rico Dowdle,RB,15.3,1,0
2025,10,1,608781531883859968,2747,Jason Myers,K,15.0,1,0
2025,10,1,608781531883859968,4035,Alvin Kamara,RB,14.5,0,0
2025,10,1,608781531883859968,12526,Tetairoa McMillan,WR,11.0,1,0
2025,10,1,608781531883859968,CLE,Cleveland Browns,DEF,9.75,1,0
2025,10,1,608781531883859968,8151,Kenneth Walker,RB,8.0,1,0
2025,10,1,608781531883859968,12490,Bhayshul Tuten,RB,2.0,0,0
2025,10,1,608781531883859968,9228,Bryce Young,QB,1.56,0,0
2025,10,1,608781531883859968,11533,Brandon Aubrey,K,0,0,0
2025,10,1,608781531883859968,4981,Calvin Ridley,WR,0,0,0
2025,10,1,608781531883859968,6803,Brandon Aiyuk,WR,0,0,0
2025,10,2,736077599457026048,9226,De'Von Achane,RB,42.5,1,0
2025,10,2,736077599457026048,SEA,Seattle Seahawks,DEF,23.25,1,0
2025,10,2,736077599457026048,7049,Jauan Jennings,WR,17.1,0,0
2025,10,2,736077599457026048,12474,Woody Marks,RB,16.1,1,0
2025,10,2,736077599457026048,2449,Stefon Diggs,WR,15.6,1,0
2025,10,2,736077599457026048,11627,Troy Franklin,WR,15.0,1,0
2025,10,2,736077599457026048,11565,J.J. McCarthy,QB,14.72,1,0
2025,10,2,736077599457026048,12711,Tyler Loop,K,12.0,1,0
2025,10,2,736077599457026048,6768,Tua Tagovailoa,QB,10.82,1,0
2025,10,2,736077599457026048,7523,Trevor Lawrence,QB,8.82,0,0
2025,10,2,736077599457026048,5859,A.J. Brown,WR,3.3,1,0
2025,10,2,736077599457026048,5844,T.J. Hockenson,TE,2.8,1,0
2025,10,2,736077599457026048,11566,Jayden Daniels,QB,0,0,0
2025,10,2,736077599457026048,12507,Omarion Hampton,RB,0,0,0
2025,10,2,736077599457026048,1466,Travis Kelce,TE,0,0,0
2025,10,2,736077599457026048,7564,Ja'Marr Chase,WR,0,0,0
2025,10,2,736077599457026048,7588,Javonte Williams,RB,0,0,0
2025,10,3,737091087440674816,8150,Kyren Williams,RB,22.4,1,0
2025,10,3,737091087440674816,12518,Tyler Warren,TE,17.9,1,0
2025,10,3,737091087440674816,7547,Amon-Ra St. Brown,WR,16.8,1,0
2025,10,3,737091087440674816,11637,Keon Coleman,WR,13.6,0,0
2025,10,3,737091087440674816,8126,Wan'Dale Robinson,WR,12.2,0,0
2025,10,3,737091087440674816,9997,Zay Flowers,WR,12.1,1,0
2025,10,3,737091087440674816,8138,James Cook,RB,10.7,1,0
2025,10,3,737091087440674816,6794,Justin Jefferson,WR,7.7,1,0
2025,10,3,737091087440674816,6804,Jordan Love,QB,6.84,1,0
2025,10,3,737091087440674816,9481,Luke Musgrave,TE,5.3,0,0
2025,10,3,737091087440674816,4943,Sam Darnold,QB,4.92,1,0
2025,10,3,737091087440674816,4195,Jake Elliott,K,4.0,1,0
2025,10,3,737091087440674816,MIN,Minnesota Vikings,DEF,3.75,1,0
2025,10,3,737091087440674816,7567,Kenny Gainwell,RB,2.4,0,0
2025,10,3,737091087440674816,11624,Xavier Worthy,WR,0,0,0
2025,10,3,737091087440674816,12455,Brashard Smith,RB,0,0,0
2025,10,4,736744257179770880,421,Matthew Stafford,QB,26.9,1,0
2025,10,4,736744257179770880,4217,George Kittle,TE,23.4,1,0
2025,10,4,736744257179770880,6797,Justin Herbert,QB,14.7,1,0
2025,10,4,736744257179770880,LV,Las Vegas Raiders,DEF,14.0,1,0
2025,10,4,736744257179770880,4866,Saquon Barkley,RB,13.1,1,0
2025,10,4,736744257179770880,11559,Michael Penix,QB,10.98,0,0
2025,10,4,736744257179770880,6806,J.K. Dobbins,RB,9.4,1,0
2025,10,4,736744257179770880,9754,Quentin Johnston,WR,9.2,1,0
2025,10,4,736744257179770880,12493,Oronde Gadsden,TE,4.3,1,0
2025,10,4,736744257179770880,9500,Josh Downs,WR,1.3,0,0
2025,10,4,736744257179770880,10229,Rashee Rice,WR,0,0,0
2025,10,4,736744257179770880,12481,Cam Skattebo,RB,0,0,0
2025,10,4,736744257179770880,5848,Marquise Brown,WR,0,0,0
2025,10,4,736744257179770880,7611,Rhamondre Stevenson,RB,0,0,0
2025,10,4,736744257179770880,7839,Evan McPherson,K,0,0,0
2025,10,4,736744257179770880,8146,Garrett Wilson,WR,0,1,0
2025,10,4,736744257179770880,1433,Brandon McManus,K,-1.0,1,0
2025,10,5,716698629934481408,12529,TreVeyon Henderson,RB,31.5,1,0
2025,10,5,716698629934481408,7526,Jaylen Waddle,WR,19.4,1,0
2025,10,5,716698629934481408,GB,Green Bay Packers,DEF,10.5,1,0
2025,10,5,716698629934481408,12517,Colston Loveland,TE,9.5,1,0
2025,10,5,716698629934481408,12534,Kyle Monangai,RB,8.8,1,0
2025,10,5,716698629934481408,9756,Jordan Addison,WR,6.5,1,0
2025,10,5,716698629934481408,96,Aaron Rodgers,QB,5.44,1,0
2025,10,5,716698629934481408,3678,Wil Lutz,K,2.0,1,0
2025,10,5,716698629934481408,6271,Olamide Zaccheaus,WR,1.5,1,0
2025,10,5,716698629934481408,12522,Cam Ward,QB,0,0,0
2025,10,5,716698629934481408,4037,Chris Godwin,WR,0,0,0
2025,10,5,716698629934481408,4983,DJ Moore,WR,0,1,0
2025,10,5,716698629934481408,5967,Tony Pollard,RB,0,0,0
2025,10,5,716698629934481408,6801,Tee Higgins,WR,0,0,0
2025,10,5,716698629934481408,8110,Jake Ferguson,TE,0,0,0
2025,10,5,716698629934481408,8183,Brock Purdy,QB,0,0,0
2025,10,5,716698629934481408,8205,Isiah Pacheco,RB,0,0,0
2025,10,6,736740647758938112,11560,Caleb Williams,QB,25.1,1,0
2025,10,6,736740647758938112,7569,Nico Collins,WR,23.1,1,0
2025,10,6,736740647758938112,2133,Davante Adams,WR,19.7,1,0
2025,10,6,736740647758938112,6790,D'Andre Swift,RB,14.8,1,0
2025,10,6,736740647758938112,5872,Deebo Samuel,WR,12.9,1,0
2025,10,6,736740647758938112,8134,Khalil Shakir,WR,12.8,0,0
2025,10,6,736740647758938112,5892,David Montgomery,RB,10.1,1,0
2025,10,6,736740647758938112,11792,Will Reichard,K,9.0,1,0
2025,10,6,736740647758938112,7591,Justin Fields,QB,6.96,1,0
2025,10,6,736740647758938112,7553,Kyle Pitts,TE,5.8,1,0
2025,10,6,736740647758938112,CAR,Carolina Panthers,DEF,5.0,1,0
2025,10,6,736740647758938112,1373,Geno Smith,QB,4.42,0,0
2025,10,6,736740647758938112,12489,RJ Harvey,RB,3.8,0,0
2025,10,6,736740647758938112,NE,New England Patriots,DEF,3.0,0,0
2025,10,6,736740647758938112,5189,Eddy Pineiro,K,1.0,0,0
2025,10,6,736740647758938112,11584,Bucky Irving,RB,0,0,0
2025,10,6,736740647758938112,12511,Will Howard,QB,0,0,0
2025,10,7,735974647736213504,8148,Jameson Williams,WR,24.4,1,0
2025,10,7,735974647736213504,9488,Jaxon Smith-Njigba,WR,20.8,1,0
2025,10,7,735974647736213504,12485,Tez Johnson,WR,20.2,0,0
2025,10,7,735974647736213504,2307,Marcus Mariota,QB,18.72,1,0
2025,10,7,735974647736213504,5870,Daniel Jones,QB,13.5,1,0
2025,10,7,735974647736213504,6149,Darius Slayton,WR,12.9,1,0
2025,10,7,735974647736213504,BAL,Baltimore Ravens,DEF,11.25,1,0
2025,10,7,735974647736213504,12512,Quinshon Judkins,RB,10.5,1,0
2025,10,7,735974647736213504,2020,Cairo Santos,K,6.0,1,0
2025,10,7,735974647736213504,11604,Brock Bowers,TE,3.7,1,0
2025,10,7,735974647736213504,12533,Jacory Croskey-Merritt,RB,3.0,1,0
2025,10,7,735974647736213504,11571,Isaiah Davis,RB,2.1,0,0
2025,10,7,735974647736213504,11435,Emanuel Wilson,RB,1.4,0,0
2025,10,7,735974647736213504,11575,Ray Davis,RB,0.8,0,0
2025,10,7,735974647736213504,11589,Trey Benson,RB,0,0,0
2025,10,7,735974647736213504,11631,Brian Thomas,WR,0,0,0
2025,10,7,735974647736213504,4098,Kareem Hunt,RB,0,0,0
2025,10,7,735974647736213504,5849,Kyler Murray,QB,0,0,0
2025,10,8,736803054736822272,7585,Davis Mills,QB,27.18,1,0
2025,10,8,736803054736822272,8142,Alec Pierce,WR,18.4,1,0
2025,10,8,736803054736822272,4034,Christian McCaffrey,RB,17.6,1,0
2025,10,8,736803054736822272,7525,DeVonta Smith,WR,16.9,1,0
2025,10,8,736803054736822272,HOU,Houston Texans,DEF,16.25,1,0
2025,10,8,736803054736822272,3198,Derrick Henry,RB,11.4,1,0
2025,10,8,736803054736822272,5012,Mark Andrews,TE,10.4,1,0
2025,10,8,736803054736822272,4039,Cooper Kupp,WR,9.4,0,0
2025,10,8,736803054736822272,8167,Christian Watson,WR,6.5,1,0
2025,10,8,736803054736822272,11563,Bo Nix,QB,5.8,1,0
2025,10,8,736803054736822272,8408,Jordan Mason,RB,4.1,0,0
2025,10,8,736803054736822272,1945,Chris Boswell,K,3.0,1,0
2025,10,8,736803054736822272,12497,Tory Horton,WR,0,0,0
2025,10,8,736803054736822272,12530,Travis Hunter,WR,0,0,0
2025,10,8,736803054736822272,9484,Tucker Kraft,TE,0,0,0
2025,10,8,736803054736822272,9504,Kayshon Boutte,WR,0,0,0
2025,10,8,736803054736822272,9758,C.J. Stroud,QB,0,0,0
2025,10,9,710284244835979264,6813,Jonathan Taylor,RB,51.1,1,0
2025,10,9,710284244835979264,4892,Baker Mayfield,QB,23.42,1,0
2025,10,9,710284244835979264,11635,Ladd McConkey,WR,21.2,1,0
2025,10,9,710284244835979264,11620,Rome Odunze,WR,20.6,0,0
2025,10,9,710284244835979264,9487,Parker Washington,WR,17.9,0,0
2025,10,9,710284244835979264,4199,Aaron Jones,RB,15.9,1,0
2025,10,9,710284244835979264,4881,Lamar Jackson,QB,15.64,1,0
2025,10,9,710284244835979264,12527,Ashton Jeanty,RB,14.3,1,0
2025,10,9,710284244835979264,10859,Sam LaPorta,TE,10.3,1,0
2025,10,9,710284244835979264,6130,Devin Singletary,RB,10.3,0,0
2025,10,9,710284244835979264,IND,Indianapolis Colts,DEF,7.25,1,0
2025,10,9,710284244835979264,4988,Nick Chubb,RB,6.2,0,0
2025,10,9,710284244835979264,5045,Courtland Sutton,WR,5.4,1,0
2025,10,9,710284244835979264,6650,Chase McLaughlin,K,5.0,1,0
2025,10,9,710284244835979264,8676,Rashid Shaheed,WR,2.3,0,0
2025,10,9,710284244835979264,4144,Jonnu Smith,TE,1.4,0,0
2025,10,10,475399371639222272,9221,Jahmyr Gibbs,RB,39.2,1,0
2025,10,10,475399371639222272,7527,Mac Jones,QB,23.56,1,0
2025,10,10,475399371639222272,4984,Josh Allen,QB,19.84,1,0
2025,10,10,475399371639222272,DEN,Denver Broncos,DEF,18.0,1,0
2025,10,10,475399371639222272,9753,Zach Charbonnet,RB,14.3,0,0
2025,10,10,475399371639222272,9509,Bijan Robinson,RB,10.8,1,0
2025,10,10,475399371639222272,11655,Tyrone Tracy,RB,8.1,1,0
2025,10,10,475399371639222272,10236,Dalton Kincaid,TE,5.7,1,0
2025,10,10,475399371639222272,10213,Tre Tucker,WR,5.5,1,0
2025,10,10,475399371639222272,5230,Michael Badgley,K,5.0,1,0
2025,10,10,475399371639222272,1479,Keenan Allen,WR,3.9,1,0
2025,10,10,475399371639222272,7594,Chuba Hubbard,RB,2.5,0,0
2025,10,10,475399371639222272,3214,Hunter Henry,TE,1.9,0,0
2025,10,10,475399371639222272,3294,Dak Prescott,QB,0,0,0
2025,10,10,475399371639222272,6770,Joe Burrow,QB,0,0,0
2025,10,10,475399371639222272,6786,CeeDee Lamb,WR,0,0,0
2025,10,10,475399371639222272,9508,Tyjae Spears,RB,0,0,0
2025,10,11,865793938542456832,NYJ,New York Jets,DEF,22.0,1,0
2025,10,11,865793938542456832,5850,Josh Jacobs,RB,19.7,1,0
2025,10,11,865793938542456832,11564,Drake Maye,QB,19.1,1,0
2025,10,11,865793938542456832,4177,Mack Hollins,WR,17.1,0,0
2025,10,11,865793938542456832,7543,Travis Etienne,RB,15.7,0,0
2025,10,11,865793938542456832,11628,Marvin Harrison,WR,14.3,1,0
2025,10,11,865793938542456832,6904,Jalen Hurts,QB,12.02,1,0
2025,10,11,865793938542456832,8136,Rachaad White,RB,10.4,1,0
2025,10,11,865793938542456832,1339,Zach Ertz,TE,9.4,1,0
2025,10,11,865793938542456832,11610,Malik Washington,WR,9.3,1,0
2025,10,11,865793938542456832,6819,Michael Pittman,WR,3.9,1,0
2025,10,11,865793938542456832,4066,Evan Engram,TE,3.2,0,0
2025,10,11,865793938542456832,17,Matt Prater,K,1.0,1,0
2025,10,11,865793938542456832,11638,Ricky Pearsall,WR,0,0,0
2025,10,11,865793938542456832,12540,Chimere Dike,WR,0,0,0
2025,10,11,865793938542456832,4147,Samaje Perine,RB,0,0,0
2025,10,11,865793938542456832,8137,George Pickens,WR,0,0,0
2025,10,12,1136842855890366464,3163,Jared Goff,QB,25.3,1,0
2025,10,12,1136842855890366464,8144,Chris Olave,WR,23.4,1,0
2025,10,12,1136842855890366464,8155,Breece Hall,RB,20.0,1,0
2025,10,12,1136842855890366464,9493,Puka Nacua,WR,17.4,1,0
2025,10,12,1136842855890366464,11597,Theo Johnson,TE,14.5,0,0
2025,10,12,1136842855890366464,8259,Cameron Dicker,K,12.0,1,0
2025,10,12,1136842855890366464,8228,Jaylen Warren,RB,11.1,1,0
2025,10,12,1136842855890366464,12506,Harold Fannin,TE,8.4,0,0
2025,10,12,1136842855890366464,5022,Dallas Goedert,TE,8.3,1,0
2025,10,12,1136842855890366464,5947,Jakobi Meyers,WR,7.1,0,0
2025,10,12,1136842855890366464,5846,DK Metcalf,WR,6.5,1,0
2025,10,12,1136842855890366464,BUF,Buffalo Bills,DEF,2.5,1,0
2025,10,12,1136842855890366464,8121,Romeo Doubs,WR,1.5,1,0
2025,10,12,1136842855890366464,10222,Jayden Reed,WR,0,0,0
2025,10,12,1136842855890366464,19,Joe Flacco,QB,0,0,0
2025,10,12,1136842855890366464,4046,Patrick Mahomes,QB,0,0,0
2025,10,12,1136842855890366464,9224,Chase Brown,RB,0,0,0
2025,11,1,608781531883859968,12526,Tetairoa McMillan,WR,33.5,1,0
2025,11,1,608781531883859968,9228,Bryce Young,QB,33.32,1,0
2025,11,1,608781531883859968,8130,Trey McBride,TE,28.0,1,0
2025,11,1,608781531883859968,3257,Jacoby Brissett,QB,23.38,1,0
2025,11,1,608781531883859968,8151,Kenneth Walker,RB,20.1,0,0
2025,11,1,608781531883859968,8112,Drake London,WR,19.4,1,0
2025,11,1,608781531883859968,7021,Rico Dowdle,RB,15.0,1,0
2025,11,1,608781531883859968,8132,Tyler Allgeier,RB,9.6,0,0
2025,11,1,608781531883859968,11533,Brandon Aubrey,K,9.0,1,0
2025,11,1,608781531883859968,12514,Emeka Egbuka,WR,9.0,1,0
2025,11,1,608781531883859968,5844,T.J. Hockenson,TE,6.9,0,0
2025,11,1,608781531883859968,11647,Kimani Vidal,RB,3.2,1,0
2025,11,1,608781531883859968,KC,Kansas City Chiefs,DEF,3.0,1,0
2025,11,1,608781531883859968,4981,Calvin Ridley,WR,2.3,0,0
2025,11,1,608781531883859968,12508,Jaxson Dart,QB,0,0,0
2025,11,1,608781531883859968,4035,Alvin Kamara,RB,0,0,0
2025,11,1,608781531883859968,6803,Brandon Aiyuk,WR,0,0,0
2025,11,2,736077599457026048,1466,Travis Kelce,TE,24.1,1,0
2025,11,2,736077599457026048,9226,De'Von Achane,RB,22.0,1,0
2025,11,2,736077599457026048,2449,Stefon Diggs,WR,20.0,1,0
2025,11,2,736077599457026048,7523,Trevor Lawrence,QB,15.02,0,0
2025,11,2,736077599457026048,11627,Troy Franklin,WR,12.4,0,0
2025,11,2,736077599457026048,12711,Tyler Loop,K,12.0,1,0
2025,11,2,736077599457026048,5859,A.J. Brown,WR,11.9,0,0
2025,11,2,736077599457026048,7588,Javonte Williams,RB,10.3,1,0
2025,11,2,736077599457026048,7049,Jauan Jennings,WR,9.4,0,0
2025,11,2,736077599457026048,6768,Tua Tagovailoa,QB,6.84,1,0
2025,11,2,736077599457026048,SEA,Seattle Seahawks,DEF,6.5,1,0
2025,11,2,736077599457026048,12474,Woody Marks,RB,6.1,1,0
2025,11,2,736077599457026048,11565,J.J. McCarthy,QB,6.0,1,0
2025,11,2,736077599457026048,7564,Ja'Marr Chase,WR,6.0,1,0
2025,11,2,736077599457026048,8111,Cade Otton,TE,4.8,0,0
2025,11,2,736077599457026048,11566,Jayden Daniels,QB,0,0,0
2025,11,2,736077599457026048,12507,Omarion Hampton,RB,0,0,0
2025,11,3,737091087440674816,7567,Kenny Gainwell,RB,29.5,0,0
2025,11,3,737091087440674816,8138,James Cook,RB,20.4,1,0
2025,11,3,737091087440674816,6804,Jordan Love,QB,17.66,1,0
2025,11,3,737091087440674816,8150,Kyren Williams,RB,16.6,1,0
2025,11,3,737091087440674816,9997,Zay Flowers,WR,11.3,1,0
2025,11,3,737091087440674816,6794,Justin Jefferson,WR,11.1,1,0
2025,11,3,737091087440674816,4195,Jake Elliott,K,11.0,1,0
2025,11,3,737091087440674816,8126,Wan'Dale Robinson,WR,7.6,0,0
2025,11,3,737091087440674816,7547,Amon-Ra St. Brown,WR,6.2,1,0
2025,11,3,737091087440674816,11624,Xavier Worthy,WR,5.5,0,0
2025,11,3,737091087440674816,4943,Sam Darnold,QB,4.76,1,0
2025,11,3,737091087440674816,MIN,Minnesota Vikings,DEF,4.0,1,0
2025,11,3,737091087440674816,12455,Brashard Smith,RB,2.8,0,0
2025,11,3,737091087440674816,11637,Keon Coleman,WR,0,0,0
2025,11,3,737091087440674816,12518,Tyler Warren,TE,0,0,0
2025,11,3,737091087440674816,9481,Luke Musgrave,TE,-0.1,1,0
2025,11,4,736744257179770880,9506,Sean Tucker,RB,35.0,1,0
2025,11,4,736744257179770880,4217,George Kittle,TE,24.7,1,0
2025,11,4,736744257179770880,421,Matthew Stafford,QB,13.2,1,0
2025,11,4,736744257179770880,4866,Saquon Barkley,RB,10.0,1,0
2025,11,4,736744257179770880,10229,Rashee Rice,WR,9.8,1,0
2025,11,4,736744257179770880,5848,Marquise Brown,WR,8.0,0,0
2025,11,4,736744257179770880,7839,Evan McPherson,K,8.0,1,0
2025,11,4,736744257179770880,11559,Michael Penix,QB,7.9,0,0
2025,11,4,736744257179770880,12493,Oronde Gadsden,TE,6.1,1,0
2025,11,4,736744257179770880,BUF,Buffalo Bills,DEF,3.75,1,0
2025,11,4,736744257179770880,6797,Justin Herbert,QB,3.34,1,0
2025,11,4,736744257179770880,12481,Cam Skattebo,RB,0,0,0
2025,11,4,736744257179770880,1433,Brandon McManus,K,0,0,0
2025,11,4,736744257179770880,7611,Rhamondre Stevenson,RB,0,0,0
2025,11,4,736744257179770880,8146,Garrett Wilson,WR,0,0,0
2025,11,4,736744257179770880,9500,Josh Downs,WR,0,0,0
2025,11,4,736744257179770880,9754,Quentin Johnston,WR,0,1,0
2025,11,5,716698629934481408,12529,TreVeyon Henderson,RB,32.3,1,0
2025,11,5,716698629934481408,8183,Brock Purdy,QB,19.3,1,0
2025,11,5,716698629934481408,6801,Tee Higgins,WR,15.3,1,0
2025,11,5,716698629934481408,12522,Cam Ward,QB,13.06,0,0
2025,11,5,716698629934481408,8110,Jake Ferguson,TE,11.6,1,0
2025,11,5,716698629934481408,12534,Kyle Monangai,RB,10.7,1,0
2025,11,5,716698629934481408,9756,Jordan Addison,WR,10.0,1,0
2025,11,5,716698629934481408,96,Aaron Rodgers,QB,9.44,1,0
2025,11,5,716698629934481408,GB,Green Bay Packers,DEF,8.5,1,0
2025,11,5,716698629934481408,7526,Jaylen Waddle,WR,8.2,1,0
2025,11,5,716698629934481408,12517,Colston Loveland,TE,7.0,0,0
2025,11,5,716698629934481408,4227,Harrison Butker,K,6.0,1,0
2025,11,5,716698629934481408,5967,Tony Pollard,RB,5.6,0,0
2025,11,5,716698629934481408,4983,DJ Moore,WR,3.1,0,0
2025,11,5,716698629934481408,4037,Chris Godwin,WR,0,0,0
2025,11,5,716698629934481408,8205,Isiah Pacheco,RB,0,0,0
2025,11,6,736740647758938112,7569,Nico Collins,WR,24.2,1,0
2025,11,6,736740647758938112,5872,Deebo Samuel,WR,20.7,0,0
2025,11,6,736740647758938112,7591,Justin Fields,QB,19.34,0,0
2025,11,6,736740647758938112,8122,Zonovan Knight,RB,14.5,0,0
2025,11,6,736740647758938112,1373,Geno Smith,QB,13.42,1,0
2025,11,6,736740647758938112,5189,Eddy Pineiro,K,12.0,1,0
2025,11,6,736740647758938112,11560,Caleb Williams,QB,9.32,1,0
2025,11,6,736740647758938112,6790,D'Andre Swift,RB,9.0,1,0
2025,11,6,736740647758938112,NE,New England Patriots,DEF,8.5,1,0
2025,11,6,736740647758938112,12489,RJ Harvey,RB,8.0,1,0
2025,11,6,736740647758938112,2133,Davante Adams,WR,7.1,1,0
2025,11,6,736740647758938112,5892,David Montgomery,RB,4.7,0,0
2025,11,6,736740647758938112,7553,Kyle Pitts,TE,3.4,1,0
2025,11,6,736740647758938112,8125,Calvin Austin,WR,1.5,0,0
2025,11,6,736740647758938112,8134,Khalil Shakir,WR,0.7,1,0
2025,11,6,736740647758938112,11584,Bucky Irving,RB,0,0,0
2025,11,7,735974647736213504,9488,Jaxon Smith-Njigba,WR,21.1,1,0
2025,11,7,735974647736213504,8148,Jameson Williams,WR,20.2,1,0
2025,11,7,735974647736213504,2307,Marcus Mariota,QB,15.42,1,0
2025,11,7,735974647736213504,11604,Brock Bowers,TE,14.2,1,0
2025,11,7,735974647736213504,BAL,Baltimore Ravens,DEF,13.25,1,0
2025,11,7,735974647736213504,4098,Kareem Hunt,RB,13.2,1,0
2025,11,7,735974647736213504,2747,Jason Myers,K,13.0,1,0
2025,11,7,735974647736213504,2306,Jameis Winston,QB,11.04,1,0
2025,11,7,735974647736213504,12512,Quinshon Judkins,RB,5.9,1,0
2025,11,7,735974647736213504,12533,Jacory Croskey-Merritt,RB,4.3,0,0
2025,11,7,735974647736213504,11199,Emari Demercado,RB,4.0,0,0
2025,11,7,735974647736213504,12485,Tez Johnson,WR,1.6,1,0
2025,11,7,735974647736213504,11589,Trey Benson,RB,0,0,0
2025,11,7,735974647736213504,11631,Brian Thomas,WR,0,0,0
2025,11,7,735974647736213504,5849,Kyler Murray,QB,0,0,0
2025,11,7,735974647736213504,5870,Daniel Jones,QB,0,0,0
2025,11,7,735974647736213504,6149,Darius Slayton,WR,0,0,0
2025,11,8,736803054736822272,4034,Christian McCaffrey,RB,35.1,1,0
2025,11,8,736803054736822272,10232,Michael Wilson,WR,34.0,1,0
2025,11,8,736803054736822272,3198,Derrick Henry,RB,20.7,1,0
2025,11,8,736803054736822272,8167,Christian Watson,WR,20.6,1,0
2025,11,8,736803054736822272,7585,Davis Mills,QB,16.86,1,0
2025,11,8,736803054736822272,5012,Mark Andrews,TE,15.7,1,0
2025,11,8,736803054736822272,11563,Bo Nix,QB,12.6,1,0
2025,11,8,736803054736822272,HOU,Houston Texans,DEF,11.75,1,0
2025,11,8,736803054736822272,8408,Jordan Mason,RB,10.5,0,0
2025,11,8,736803054736822272,1945,Chris Boswell,K,10.0,1,0
2025,11,8,736803054736822272,4039,Cooper Kupp,WR,5.3,0,0
2025,11,8,736803054736822272,7525,DeVonta Smith,WR,1.8,1,0
2025,11,8,736803054736822272,12497,Tory Horton,WR,0,0,0
2025,11,8,736803054736822272,8142,Alec Pierce,WR,0,0,0
2025,11,8,736803054736822272,9484,Tucker Kraft,TE,0,0,0
2025,11,8,736803054736822272,9504,Kayshon Boutte,WR,0,0,0
2025,11,8,736803054736822272,9758,C.J. Stroud,QB,0,0,0
2025,11,9,710284244835979264,PIT,Pittsburgh Steelers,DEF,23.25,1,0
2025,11,9,710284244835979264,6130,Devin Singletary,RB,17.7,0,0
2025,11,9,710284244835979264,4892,Baker Mayfield,QB,16.82,1,0
2025,11,9,710284244835979264,4199,Aaron Jones,RB,10.1,1,0
2025,11,9,710284244835979264,5045,Courtland Sutton,WR,9.9,1,0
2025,11,9,710284244835979264,12527,Ashton Jeanty,RB,9.4,1,0
2025,11,9,710284244835979264,6650,Chase McLaughlin,K,8.0,1,0
2025,11,9,710284244835979264,11620,Rome Odunze,WR,6.1,1,0
2025,11,9,710284244835979264,8676,Rashid Shaheed,WR,4.9,0,0
2025,11,9,710284244835979264,11635,Ladd McConkey,WR,4.3,1,0
2025,11,9,710284244835979264,9487,Parker Washington,WR,4.0,0,0
2025,11,9,710284244835979264,4881,Lamar Jackson,QB,3.72,1,0
2025,11,9,710284244835979264,4988,Nick Chubb,RB,1.7,0,0
2025,11,9,710284244835979264,10859,Sam LaPorta,TE,0,0,0
2025,11,9,710284244835979264,4144,Jonnu Smith,TE,0,1,0
2025,11,9,710284244835979264,6813,Jonathan Taylor,RB,0,0,0
2025,11,10,475399371639222272,4984,Josh Allen,QB,43.68,1,0
2025,11,10,475399371639222272,9509,Bijan Robinson,RB,30.8,1,0
2025,11,10,475399371639222272,3294,Dak Prescott,QB,24.82,1,0
2025,11,10,475399371639222272,9221,Jahmyr Gibbs,RB,20.1,1,0
2025,11,10,475399371639222272,11655,Tyrone Tracy,RB,17.9,1,0
2025,11,10,475399371639222272,6786,CeeDee Lamb,WR,17.6,1,0
2025,11,10,475399371639222272,10213,Tre Tucker,WR,14.7,1,0
2025,11,10,475399371639222272,DEN,Denver Broncos,DEF,9.75,1,0
2025,11,10,475399371639222272,1479,Keenan Allen,WR,9.3,0,0
2025,11,10,475399371639222272,3214,Hunter Henry,TE,8.5,1,0
2025,11,10,475399371639222272,9508,Tyjae Spears,RB,8.4,0,0
2025,11,10,475399371639222272,9753,Zach Charbonnet,RB,6.7,0,0
2025,11,10,475399371639222272,11539,Jake Bates,K,4.0,1,0
2025,11,10,475399371639222272,10236,Dalton Kincaid,TE,0,0,0
2025,11,10,475399371639222272,2216,Mike Evans,WR,0,0,0
2025,11,10,475399371639222272,5927,Terry McLaurin,WR,0,0,0
2025,11,10,475399371639222272,6770,Joe Burrow,QB,0,0,0
2025,11,11,865793938542456832,8137,George Pickens,WR,29.9,1,0
2025,11,11,865793938542456832,7543,Travis Etienne,RB,19.3,1,0
2025,11,11,865793938542456832,11564,Drake Maye,QB,15.94,1,0
2025,11,11,865793938542456832,6904,Jalen Hurts,QB,13.5,1,0
2025,11,11,865793938542456832,5001,Dalton Schultz,TE,11.1,0,0
2025,11,11,865793938542456832,4177,Mack Hollins,WR,10.4,0,0
2025,11,11,865793938542456832,1339,Zach Ertz,TE,8.2,1,0
2025,11,11,865793938542456832,8136,Rachaad White,RB,8.2,1,0
2025,11,11,865793938542456832,17,Matt Prater,K,8.0,1,0
2025,11,11,865793938542456832,11610,Malik Washington,WR,7.2,0,0
2025,11,11,865793938542456832,6783,Jerry Jeudy,WR,5.1,0,0
2025,11,11,865793938542456832,5850,Josh Jacobs,RB,4.0,1,0
2025,11,11,865793938542456832,8180,Jalen Nailor,WR,2.6,0,0
2025,11,11,865793938542456832,ATL,Atlanta Falcons,DEF,1.25,1,0
2025,11,11,865793938542456832,11638,Ricky Pearsall,WR,1.0,1,0
2025,11,11,865793938542456832,11628,Marvin Harrison,WR,0,0,0
2025,11,11,865793938542456832,6819,Michael Pittman,WR,0,0,0
2025,11,12,1136842855890366464,9224,Chase Brown,RB,18.7,1,0
2025,11,12,1136842855890366464,9493,Puka Nacua,WR,14.3,1,0
2025,11,12,1136842855890366464,4046,Patrick Mahomes,QB,13.84,1,0
2025,11,12,1136842855890366464,3163,Jared Goff,QB,12.1,0,0
2025,11,12,1136842855890366464,5947,Jakobi Meyers,WR,11.4,0,0
2025,11,12,1136842855890366464,5846,DK Metcalf,WR,9.9,1,0
2025,11,12,1136842855890366464,8121,Romeo Doubs,WR,9.3,0,0
2025,11,12,1136842855890366464,19,Joe Flacco,QB,8.86,1,0
2025,11,12,1136842855890366464,8228,Jaylen Warren,RB,8.7,1,0
2025,11,12,1136842855890366464,8155,Breece Hall,RB,8.4,1,0
2025,11,12,1136842855890366464,8259,Cameron Dicker,K,8.0,1,0
2025,11,12,1136842855890366464,11597,Theo Johnson,TE,6.6,0,0
2025,11,12,1136842855890366464,12506,Harold Fannin,TE,4.6,0,0
2025,11,12,1136842855890366464,5022,Dallas Goedert,TE,4.4,1,0
2025,11,12,1136842855890366464,10222,Jayden Reed,WR,0,0,0
2025,11,12,1136842855890366464,8144,Chris Olave,WR,0,0,0
2025,11,12,1136842855890366464,LAC,Los Angeles Chargers,DEF,0,1,0
2025,12,1,608781531883859968,LAR,Los Angeles Rams,DEF,24.5,0,0
2025,12,1,608781531883859968,3257,Jacoby Brissett,QB,19.18,1,0
2025,12,1,608781531883859968,GB,Green Bay Packers,DEF,18.75,1,0
2025,12,1,608781531883859968,8130,Trey McBride,TE,16.9,1,0
2025,12,1,608781531883859968,8151,Kenneth Walker,RB,13.1,1,0
2025,12,1,608781531883859968,12526,Tetairoa McMillan,WR,11.5,1,0
2025,12,1,608781531883859968,7021,Rico Dowdle,RB,11.4,1,0
2025,12,1,608781531883859968,12519,Luther Burden,WR,9.1,0,0
2025,12,1,608781531883859968,9228,Bryce Young,QB,8.26,1,0
2025,12,1,608781531883859968,12514,Emeka Egbuka,WR,6.2,1,0
2025,12,1,608781531883859968,11533,Brandon Aubrey,K,5.0,1,0
2025,12,1,608781531883859968,4035,Alvin Kamara,RB,3.5,1,0
2025,12,1,608781531883859968,12490,Bhayshul Tuten,RB,1.7,0,0
2025,12,1,608781531883859968,11647,Kimani Vidal,RB,0,0,0
2025,12,1,608781531883859968,12508,Jaxson Dart,QB,0,0,0
2025,12,1,608781531883859968,6803,Brandon Aiyuk,WR,0,0,0
2025,12,1,608781531883859968,8112,Drake London,WR,0,0,0
2025,12,2,736077599457026048,5859,A.J. Brown,WR,25.5,1,0
2025,12,2,736077599457026048,7523,Trevor Lawrence,QB,17.14,1,0
2025,12,2,736077599457026048,7049,Jauan Jennings,WR,15.1,1,0
2025,12,2,736077599457026048,7588,Javonte Williams,RB,12.1,1,0
2025,12,2,736077599457026048,SF,San Francisco 49ers,DEF,11.75,0,0
2025,12,2,736077599457026048,12711,Tyler Loop,K,11.0,1,0
2025,12,2,736077599457026048,1466,Travis Kelce,TE,8.4,1,0
2025,12,2,736077599457026048,SEA,Seattle Seahawks,DEF,8.0,1,0
2025,12,2,736077599457026048,12474,Woody Marks,RB,7.9,1,0
2025,12,2,736077599457026048,2449,Stefon Diggs,WR,4.0,1,0
2025,12,2,736077599457026048,11566,Jayden Daniels,QB,0,0,0
2025,12,2,736077599457026048,11627,Troy Franklin,WR,0,0,0
2025,12,2,736077599457026048,12507,Omarion Hampton,RB,0,0,0
2025,12,2,736077599457026048,6768,Tua Tagovailoa,QB,0,0,0
2025,12,2,736077599457026048,7564,Ja'Marr Chase,WR,0,0,0
2025,12,2,736077599457026048,9226,De'Von Achane,RB,0,0,0
2025,12,2,736077599457026048,11565,J.J. McCarthy,QB,-0.52,1,0
2025,12,3,737091087440674816,7547,Amon-Ra St. Brown,WR,30.4,1,0
2025,12,3,737091087440674816,8126,Wan'Dale Robinson,WR,30.1,0,0
2025,12,3,737091087440674816,8138,James Cook,RB,22.9,1,0
2025,12,3,737091087440674816,4943,Sam Darnold,QB,18.66,1,0
2025,12,3,737091087440674816,7567,Kenny Gainwell,RB,18.2,0,0
2025,12,3,737091087440674816,9997,Zay Flowers,WR,11.9,1,0
2025,12,3,737091087440674816,11624,Xavier Worthy,WR,9.9,0,0
2025,12,3,737091087440674816,12518,Tyler Warren,TE,9.5,1,0
2025,12,3,737091087440674816,6794,Justin Jefferson,WR,8.8,1,0
2025,12,3,737091087440674816,6804,Jordan Love,QB,7.06,1,0
2025,12,3,737091087440674816,12455,Brashard Smith,RB,6.6,0,0
2025,12,3,737091087440674816,8150,Kyren Williams,RB,5.8,1,0
2025,12,3,737091087440674816,MIN,Minnesota Vikings,DEF,3.25,1,0
2025,12,3,737091087440674816,4195,Jake Elliott,K,1.0,1,0
2025,12,3,737091087440674816,11637,Keon Coleman,WR,0,0,0
2025,12,4,736744257179770880,2306,Jameis Winston,QB,32.24,1,0
2025,12,4,736744257179770880,10229,Rashee Rice,WR,24.6,1,0
2025,12,4,736744257179770880,421,Matthew Stafford,QB,23.42,1,0
2025,12,4,736744257179770880,4217,George Kittle,TE,13.8,1,0
2025,12,4,736744257179770880,4866,Saquon Barkley,RB,12.4,1,0
2025,12,4,736744257179770880,7839,Evan McPherson,K,12.0,1,0
2025,12,4,736744257179770880,BUF,Buffalo Bills,DEF,10.5,1,0
2025,12,4,736744257179770880,9506,Sean Tucker,RB,5.6,1,0
2025,12,4,736744257179770880,9500,Josh Downs,WR,3.0,1,0
2025,12,4,736744257179770880,5848,Marquise Brown,WR,2.0,0,0
2025,12,4,736744257179770880,7611,Rhamondre Stevenson,RB,2.0,1,0
2025,12,4,736744257179770880,12481,Cam Skattebo,RB,0,0,0
2025,12,4,736744257179770880,12493,Oronde Gadsden,TE,0,0,0
2025,12,4,736744257179770880,6797,Justin Herbert,QB,0,0,0
2025,12,4,736744257179770880,9754,Quentin Johnston,WR,0,0,0
2025,12,5,716698629934481408,12522,Cam Ward,QB,24.44,1,0
2025,12,5,716698629934481408,4983,DJ Moore,WR,23.4,1,0
2025,12,5,716698629934481408,CLE,Cleveland Browns,DEF,19.0,1,0
2025,12,5,716698629934481408,4227,Harrison Butker,K,16.0,1,0
2025,12,5,716698629934481408,12517,Colston Loveland,TE,14.9,0,0
2025,12,5,716698629934481408,12529,TreVeyon Henderson,RB,11.1,1,0
2025,12,5,716698629934481408,12534,Kyle Monangai,RB,10.8,1,0
2025,12,5,716698629934481408,8110,Jake Ferguson,TE,10.1,1,0
2025,12,5,716698629934481408,5967,Tony Pollard,RB,8.1,0,0
2025,12,5,716698629934481408,6801,Tee Higgins,WR,8.1,1,0
2025,12,5,716698629934481408,8183,Brock Purdy,QB,7.32,1,0
2025,12,5,716698629934481408,4037,Chris Godwin,WR,2.9,0,0
2025,12,5,716698629934481408,7526,Jaylen Waddle,WR,0,0,0
2025,12,5,716698629934481408,8205,Isiah Pacheco,RB,0,0,0
2025,12,5,716698629934481408,96,Aaron Rodgers,QB,0,0,0
2025,12,5,716698629934481408,9756,Jordan Addison,WR,0,1,0
2025,12,6,736740647758938112,2133,Davante Adams,WR,23.2,1,0
2025,12,6,736740647758938112,11560,Caleb Williams,QB,21.66,1,0
2025,12,6,736740647758938112,8134,Khalil Shakir,WR,17.5,0,0
2025,12,6,736740647758938112,1166,Kirk Cousins,QB,12.46,0,0
2025,12,6,736740647758938112,12524,Shedeur Sanders,QB,11.26,1,0
2025,12,6,736740647758938112,NE,New England Patriots,DEF,11.25,1,0
2025,12,6,736740647758938112,JAX,Jacksonville Jaguars,DEF,9.0,0,0
2025,12,6,736740647758938112,7569,Nico Collins,WR,8.5,1,0
2025,12,6,736740647758938112,2020,Cairo Santos,K,8.0,1,0
2025,12,6,736740647758938112,5892,David Montgomery,RB,6.7,1,0
2025,12,6,736740647758938112,7553,Kyle Pitts,TE,4.5,1,0
2025,12,6,736740647758938112,9504,Kayshon Boutte,WR,3.5,1,0
2025,12,6,736740647758938112,6790,D'Andre Swift,RB,1.9,1,0
2025,12,6,736740647758938112,11584,Bucky Irving,RB,0,0,0
2025,12,6,736740647758938112,12489,RJ Harvey,RB,0,0,0
2025,12,6,736740647758938112,5872,Deebo Samuel,WR,0,0,0
2025,12,7,735974647736213504,9488,Jaxon Smith-Njigba,WR,39.1,1,0
2025,12,7,735974647736213504,4098,Kareem Hunt,RB,20.5,1,0
2025,12,7,735974647736213504,5870,Daniel Jones,QB,16.84,1,0
2025,12,7,735974647736213504,12512,Quinshon Judkins,RB,16.7,1,0
2025,12,7,735974647736213504,BAL,Baltimore Ravens,DEF,13.75,1,0
2025,12,7,735974647736213504,2747,Jason Myers,K,13.0,1,0
2025,12,7,735974647736213504,12485,Tez Johnson,WR,12.3,0,0
2025,12,7,735974647736213504,11604,Brock Bowers,TE,11.5,1,0
2025,12,7,735974647736213504,10226,Andrei Iosivas,WR,10.6,1,0
2025,12,7,735974647736213504,4972,Mason Rudolph,QB,7.54,1,0
2025,12,7,735974647736213504,8154,Brian Robinson,RB,5.4,0,0
2025,12,7,735974647736213504,6149,Darius Slayton,WR,3.3,0,0
2025,12,7,735974647736213504,11586,Blake Corum,RB,2.4,0,0
2025,12,7,735974647736213504,11571,Isaiah Davis,RB,0.7,0,0
2025,12,7,735974647736213504,11589,Trey Benson,RB,0,0,0
2025,12,7,735974647736213504,11631,Brian Thomas,WR,0,0,0
2025,12,7,735974647736213504,2307,Marcus Mariota,QB,0,0,0
2025,12,7,735974647736213504,5849,Kyler Murray,QB,0,0,0
2025,12,7,735974647736213504,8148,Jameson Williams,WR,0,1,0
2025,12,8,736803054736822272,11435,Emanuel Wilson,RB,27.0,0,0
2025,12,8,736803054736822272,4034,Christian McCaffrey,RB,26.2,1,0
2025,12,8,736803054736822272,3198,Derrick Henry,RB,22.8,1,0
2025,12,8,736803054736822272,10232,Michael Wilson,WR,22.3,1,0
2025,12,8,736803054736822272,HOU,Houston Texans,DEF,16.0,1,0
2025,12,8,736803054736822272,7525,DeVonta Smith,WR,14.9,1,0
2025,12,8,736803054736822272,7585,Davis Mills,QB,14.52,1,0
2025,12,8,736803054736822272,8167,Christian Watson,WR,9.9,1,0
2025,12,8,736803054736822272,12545,Tyler Shough,QB,8.42,1,0
2025,12,8,736803054736822272,4039,Cooper Kupp,WR,4.4,0,0
2025,12,8,736803054736822272,8408,Jordan Mason,RB,4.2,0,0
2025,12,8,736803054736822272,1945,Chris Boswell,K,4.0,1,0
2025,12,8,736803054736822272,8142,Alec Pierce,WR,3.6,0,0
2025,12,8,736803054736822272,5012,Mark Andrews,TE,2.1,1,0
2025,12,8,736803054736822272,11563,Bo Nix,QB,0,0,0
2025,12,8,736803054736822272,9484,Tucker Kraft,TE,0,0,0
2025,12,8,736803054736822272,9758,C.J. Stroud,QB,0,0,0
2025,12,9,710284244835979264,12527,Ashton Jeanty,RB,24.8,1,0
2025,12,9,710284244835979264,9487,Parker Washington,WR,18.1,0,0
2025,12,9,710284244835979264,7002,Juwan Johnson,TE,10.6,1,0
2025,12,9,710284244835979264,LV,Las Vegas Raiders,DEF,9.75,1,0
2025,12,9,710284244835979264,4199,Aaron Jones,RB,8.7,1,0
2025,12,9,710284244835979264,6813,Jonathan Taylor,RB,8.6,1,0
2025,12,9,710284244835979264,11620,Rome Odunze,WR,8.3,1,0
2025,12,9,710284244835979264,4881,Lamar Jackson,QB,6.22,1,0
2025,12,9,710284244835979264,4144,Jonnu Smith,TE,5.8,0,0
2025,12,9,710284244835979264,6130,Devin Singletary,RB,4.7,0,0
2025,12,9,710284244835979264,4892,Baker Mayfield,QB,2.54,1,0
2025,12,9,710284244835979264,4988,Nick Chubb,RB,2.5,0,0
2025,12,9,710284244835979264,6650,Chase McLaughlin,K,1.0,1,0
2025,12,9,710284244835979264,8676,Rashid Shaheed,WR,0.5,1,0
2025,12,9,710284244835979264,10859,Sam LaPorta,TE,0,0,0
2025,12,9,710284244835979264,11635,Ladd McConkey,WR,0,0,0
2025,12,9,710284244835979264,5045,Courtland Sutton,WR,0,0,0
2025,12,10,475399371639222272,9221,Jahmyr Gibbs,RB,58.4,1,0
2025,12,10,475399371639222272,3294,Dak Prescott,QB,27.06,1,0
2025,12,10,475399371639222272,3214,Hunter Henry,TE,25.0,1,0
2025,12,10,475399371639222272,11655,Tyrone Tracy,RB,16.0,1,0
2025,12,10,475399371639222272,9509,Bijan Robinson,RB,14.7,1,0
2025,12,10,475399371639222272,11539,Jake Bates,K,12.0,1,0
2025,12,10,475399371639222272,6786,CeeDee Lamb,WR,11.5,1,0
2025,12,10,475399371639222272,9753,Zach Charbonnet,RB,9.5,0,0
2025,12,10,475399371639222272,4984,Josh Allen,QB,8.12,1,0
2025,12,10,475399371639222272,10213,Tre Tucker,WR,5.8,1,0
2025,12,10,475399371639222272,DET,Detroit Lions,DEF,1.25,1,0
2025,12,10,475399371639222272,10236,Dalton Kincaid,TE,0,0,0
2025,12,10,475399371639222272,1479,Keenan Allen,WR,0,0,0
2025,12,10,475399371639222272,2216,Mike Evans,WR,0,0,0
2025,12,10,475399371639222272,5927,Terry McLaurin,WR,0,0,0
2025,12,10,475399371639222272,6770,Joe Burrow,QB,0,0,0
2025,12,10,475399371639222272,DEN,Denver Broncos,DEF,0,0,0
2025,12,11,865793938542456832,6904,Jalen Hurts,QB,31.36,1,0
2025,12,11,865793938542456832,8137,George Pickens,WR,30.1,1,0
2025,12,11,865793938542456832,7543,Travis Etienne,RB,20.6,1,0
2025,12,11,865793938542456832,7090,Darnell Mooney,WR,16.9,1,0
2025,12,11,865793938542456832,ATL,Atlanta Falcons,DEF,16.75,1,0
2025,12,11,865793938542456832,11564,Drake Maye,QB,14.96,1,0
2025,12,11,865793938542456832,6819,Michael Pittman,WR,13.7,1,0
2025,12,11,865793938542456832,8122,Zonovan Knight,RB,13.2,1,0
2025,12,11,865793938542456832,17,Matt Prater,K,7.0,1,0
2025,12,11,865793938542456832,8136,Rachaad White,RB,5.2,0,0
2025,12,11,865793938542456832,4177,Mack Hollins,WR,5.0,0,0
2025,12,11,865793938542456832,6783,Jerry Jeudy,WR,2.9,0,0
2025,12,11,865793938542456832,11638,Ricky Pearsall,WR,2.8,0,0
2025,12,11,865793938542456832,5001,Dalton Schultz,TE,1.8,1,0
2025,12,11,865793938542456832,11628,Marvin Harrison,WR,0,0,0
2025,12,11,865793938542456832,1339,Zach Ertz,TE,0,0,0
2025,12,11,865793938542456832,5850,Josh Jacobs,RB,0,0,0
2025,12,12,1136842855890366464,3163,Jared Goff,QB,17.66,1,0
2025,12,12,1136842855890366464,4046,Patrick Mahomes,QB,17.58,1,0
2025,12,12,1136842855890366464,9493,Puka Nacua,WR,16.7,1,0
2025,12,12,1136842855890366464,8144,Chris Olave,WR,16.0,1,0
2025,12,12,1136842855890366464,9224,Chase Brown,RB,15.5,1,0
2025,12,12,1136842855890366464,5947,Jakobi Meyers,WR,15.0,0,0
2025,12,12,1136842855890366464,5846,DK Metcalf,WR,14.4,1,0
2025,12,12,1136842855890366464,8155,Breece Hall,RB,13.9,0,0
2025,12,12,1136842855890366464,11786,Cam Little,K,13.0,1,0
2025,12,12,1136842855890366464,8228,Jaylen Warren,RB,12.8,1,0
2025,12,12,1136842855890366464,19,Joe Flacco,QB,8.62,0,0
2025,12,12,1136842855890366464,12506,Harold Fannin,TE,8.4,0,0
2025,12,12,1136842855890366464,8121,Romeo Doubs,WR,4.3,0,0
2025,12,12,1136842855890366464,PHI,Philadelphia Eagles,DEF,4.25,1,0
2025,12,12,1136842855890366464,5022,Dallas Goedert,TE,4.0,1,0
2025,12,12,1136842855890366464,10222,Jayden Reed,WR,0,0,0
2025,12,12,1136842855890366464,8259,Cameron Dicker,K,0,0,0
2025,13,1,608781531883859968,11647,Kimani Vidal,RB,22.7,1,0
2025,13,1,608781531883859968,9228,Bryce Young,QB,22.54,0,0
2025,13,1,608781531883859968,8130,Trey McBride,TE,22.2,1,0
2025,13,1,608781531883859968,3257,Jacoby Brissett,QB,20.14,1,0
2025,13,1,608781531883859968,12508,Jaxson Dart,QB,13.56,1,0
2025,13,1,608781531883859968,11533,Brandon Aubrey,K,12.0,1,0
2025,13,1,608781531883859968,12526,Tetairoa McMillan,WR,11.8,1,0
2025,13,1,608781531883859968,8151,Kenneth Walker,RB,10.4,1,0
2025,13,1,608781531883859968,7021,Rico Dowdle,RB,9.9,1,0
2025,13,1,608781531883859968,12490,Bhayshul Tuten,RB,8.9,0,0
2025,13,1,608781531883859968,12514,Emeka Egbuka,WR,8.2,1,0
2025,13,1,608781531883859968,12519,Luther Burden,WR,7.6,0,0
2025,13,1,608781531883859968,6920,Isaiah Hodgins,WR,1.4,0,0
2025,13,1,608781531883859968,LAR,Los Angeles Rams,DEF,1.0,1,0
2025,13,1,608781531883859968,4035,Alvin Kamara,RB,0,0,0
2025,13,1,608781531883859968,6803,Brandon Aiyuk,WR,0,0,0
2025,13,1,608781531883859968,8112,Drake London,WR,0,0,0
2025,13,2,736077599457026048,5859,A.J. Brown,WR,35.7,1,0
2025,13,2,736077599457026048,SEA,Seattle Seahawks,DEF,29.5,1,0
2025,13,2,736077599457026048,7523,Trevor Lawrence,QB,21.66,1,0
2025,13,2,736077599457026048,9226,De'Von Achane,RB,19.9,1,0
2025,13,2,736077599457026048,7564,Ja'Marr Chase,WR,18.5,1,0
2025,13,2,736077599457026048,7588,Javonte Williams,RB,17.0,1,0
2025,13,2,736077599457026048,1466,Travis Kelce,TE,15.5,1,0
2025,13,2,736077599457026048,SF,San Francisco 49ers,DEF,15.25,0,0
2025,13,2,736077599457026048,7049,Jauan Jennings,WR,13.9,0,0
2025,13,2,736077599457026048,9480,Brenton Strange,TE,13.5,0,0
2025,13,2,736077599457026048,3451,Ka'imi Fairbairn,K,9.0,1,0
2025,13,2,736077599457026048,12474,Woody Marks,RB,6.7,0,0
2025,13,2,736077599457026048,2449,Stefon Diggs,WR,5.6,1,0
2025,13,2,736077599457026048,11627,Troy Franklin,WR,4.1,0,0
2025,13,2,736077599457026048,6768,Tua Tagovailoa,QB,3.68,1,0
2025,13,2,736077599457026048,11566,Jayden Daniels,QB,0,0,0
2025,13,2,736077599457026048,12507,Omarion Hampton,RB,0,0,0
2025,13,3,737091087440674816,6804,Jordan Love,QB,25.76,1,0
2025,13,3,737091087440674816,8138,James Cook,RB,18.2,1,0
2025,13,3,737091087440674816,LAC,Los Angeles Chargers,DEF,13.75,1,0
2025,13,3,737091087440674816,8150,Kyren Williams,RB,13.2,1,0
2025,13,3,737091087440674816,11624,Xavier Worthy,WR,11.4,0,0
2025,13,3,737091087440674816,8126,Wan'Dale Robinson,WR,10.4,0,0
2025,13,3,737091087440674816,12518,Tyler Warren,TE,10.2,1,0
2025,13,3,737091087440674816,11637,Keon Coleman,WR,8.9,0,0
2025,13,3,737091087440674816,7567,Kenny Gainwell,RB,6.5,0,0
2025,13,3,737091087440674816,5970,Greg Dortch,WR,3.4,0,0
2025,13,3,737091087440674816,6794,Justin Jefferson,WR,2.4,1,0
2025,13,3,737091087440674816,4943,Sam Darnold,QB,2.12,1,0
2025,13,3,737091087440674816,4195,Jake Elliott,K,1.0,1,0
2025,13,3,737091087440674816,9997,Zay Flowers,WR,0.6,1,0
2025,13,3,737091087440674816,7547,Amon-Ra St. Brown,WR,0,1,0
2025,13,4,736744257179770880,10229,Rashee Rice,WR,28.4,1,0
2025,13,4,736744257179770880,7839,Evan McPherson,K,24.0,1,0
2025,13,4,736744257179770880,BUF,Buffalo Bills,DEF,18.75,0,0
2025,13,4,736744257179770880,6797,Justin Herbert,QB,12.84,1,0
2025,13,4,736744257179770880,9754,Quentin Johnston,WR,11.3,1,0
2025,13,4,736744257179770880,7611,Rhamondre Stevenson,RB,11.0,0,0
2025,13,4,736744257179770880,4217,George Kittle,TE,10.7,1,0
2025,13,4,736744257179770880,421,Matthew Stafford,QB,10.62,1,0
2025,13,4,736744257179770880,5848,Marquise Brown,WR,10.0,0,0
2025,13,4,736744257179770880,IND,Indianapolis Colts,DEF,7.0,1,0
2025,13,4,736744257179770880,9500,Josh Downs,WR,6.4,0,0
2025,13,4,736744257179770880,4866,Saquon Barkley,RB,5.6,1,0
2025,13,4,736744257179770880,12493,Oronde Gadsden,TE,3.7,1,0
2025,13,4,736744257179770880,12481,Cam Skattebo,RB,0,0,0
2025,13,4,736744257179770880,2306,Jameis Winston,QB,0,0,0
2025,13,4,736744257179770880,9506,Sean Tucker,RB,0,1,0
2025,13,5,716698629934481408,12534,Kyle Monangai,RB,19.5,1,0
2025,13,5,716698629934481408,8183,Brock Purdy,QB,17.12,1,0
2025,13,5,716698629934481408,12529,TreVeyon Henderson,RB,11.6,1,0
2025,13,5,716698629934481408,4037,Chris Godwin,WR,10.8,0,0
2025,13,5,716698629934481408,12476,Devin Neal,RB,9.9,1,0
2025,13,5,716698629934481408,8110,Jake Ferguson,TE,8.6,1,0
2025,13,5,716698629934481408,9756,Jordan Addison,WR,8.6,0,0
2025,13,5,716698629934481408,7526,Jaylen Waddle,WR,7.0,1,0
2025,13,5,716698629934481408,12517,Colston Loveland,TE,5.8,0,0
2025,13,5,716698629934481408,12522,Cam Ward,QB,5.34,1,0
2025,13,5,716698629934481408,5967,Tony Pollard,RB,5.3,0,0
2025,13,5,716698629934481408,8205,Isiah Pacheco,RB,5.3,0,0
2025,13,5,716698629934481408,4983,DJ Moore,WR,4.7,1,0
2025,13,5,716698629934481408,4227,Harrison Butker,K,4.0,1,0
2025,13,5,716698629934481408,CLE,Cleveland Browns,DEF,3.75,1,0
2025,13,5,716698629934481408,96,Aaron Rodgers,QB,2.68,0,0
2025,13,5,716698629934481408,6801,Tee Higgins,WR,0,0,0
2025,13,6,736740647758938112,2133,Davante Adams,WR,21.8,1,0
2025,13,6,736740647758938112,7569,Nico Collins,WR,21.5,1,0
2025,13,6,736740647758938112,6790,D'Andre Swift,RB,21.3,0,0
2025,13,6,736740647758938112,12489,RJ Harvey,RB,21.2,1,0
2025,13,6,736740647758938112,JAX,Jacksonville Jaguars,DEF,18.75,1,0
2025,13,6,736740647758938112,NE,New England Patriots,DEF,16.5,0,0
2025,13,6,736740647758938112,11584,Bucky Irving,RB,16.1,1,0
2025,13,6,736740647758938112,7553,Kyle Pitts,TE,15.2,1,0
2025,13,6,736740647758938112,9504,Kayshon Boutte,WR,13.5,0,0
2025,13,6,736740647758938112,1166,Kirk Cousins,QB,13.36,1,0
2025,13,6,736740647758938112,5892,David Montgomery,RB,11.8,0,0
2025,13,6,736740647758938112,12524,Shedeur Sanders,QB,10.56,0,0
2025,13,6,736740647758938112,5872,Deebo Samuel,WR,10.1,0,0
2025,13,6,736740647758938112,11560,Caleb Williams,QB,9.46,1,0
2025,13,6,736740647758938112,2020,Cairo Santos,K,6.0,1,0
2025,13,6,736740647758938112,8134,Khalil Shakir,WR,1.5,1,0
2025,13,7,735974647736213504,8148,Jameson Williams,WR,27.4,1,0
2025,13,7,735974647736213504,6786,CeeDee Lamb,WR,24.7,1,0
2025,13,7,735974647736213504,827,Tyrod Taylor,QB,22.28,0,0
2025,13,7,735974647736213504,6770,Joe Burrow,QB,19.24,1,0
2025,13,7,735974647736213504,2747,Jason Myers,K,19.0,1,0
2025,13,7,735974647736213504,12512,Quinshon Judkins,RB,15.9,1,0
2025,13,7,735974647736213504,5870,Daniel Jones,QB,15.14,1,0
2025,13,7,735974647736213504,8132,Tyler Allgeier,RB,13.5,1,0
2025,13,7,735974647736213504,4098,Kareem Hunt,RB,9.0,0,0
2025,13,7,735974647736213504,TB,Tampa Bay Buccaneers,DEF,8.5,1,0
2025,13,7,735974647736213504,8147,John Metchie,WR,5.7,0,0
2025,13,7,735974647736213504,11631,Brian Thomas,WR,4.8,1,0
2025,13,7,735974647736213504,8111,Cade Otton,TE,2.9,1,0
2025,13,7,735974647736213504,12485,Tez Johnson,WR,1.5,0,0
2025,13,7,735974647736213504,10236,Dalton Kincaid,TE,0,0,0
2025,13,7,735974647736213504,11589,Trey Benson,RB,0,0,0
2025,13,7,735974647736213504,5849,Kyler Murray,QB,0,0,0
2025,13,8,736803054736822272,8167,Christian Watson,WR,19.8,1,0
2025,13,8,736803054736822272,8142,Alec Pierce,WR,17.8,0,0
2025,13,8,736803054736822272,3198,Derrick Henry,RB,17.4,1,0
2025,13,8,736803054736822272,4034,Christian McCaffrey,RB,17.4,1,0
2025,13,8,736803054736822272,11563,Bo Nix,QB,15.94,1,0
2025,13,8,736803054736822272,7525,DeVonta Smith,WR,9.8,1,0
2025,13,8,736803054736822272,9758,C.J. Stroud,QB,9.04,1,0
2025,13,8,736803054736822272,5012,Mark Andrews,TE,8.7,1,0
2025,13,8,736803054736822272,HOU,Houston Texans,DEF,6.75,1,0
2025,13,8,736803054736822272,10232,Michael Wilson,WR,6.6,1,0
2025,13,8,736803054736822272,4039,Cooper Kupp,WR,5.4,0,0
2025,13,8,736803054736822272,8408,Jordan Mason,RB,4.8,0,0
2025,13,8,736803054736822272,11435,Emanuel Wilson,RB,1.4,0,0
2025,13,8,736803054736822272,1945,Chris Boswell,K,1.0,1,0
2025,13,8,736803054736822272,7585,Davis Mills,QB,0,0,0
2025,13,8,736803054736822272,9484,Tucker Kraft,TE,0,0,0
2025,13,9,710284244835979264,6130,Devin Singletary,RB,19.2,0,0
2025,13,9,710284244835979264,5045,Courtland Sutton,WR,17.2,1,0
2025,13,9,710284244835979264,MIA,Miami Dolphins,DEF,15.5,1,0
2025,13,9,710284244835979264,6813,Jonathan Taylor,RB,15.1,1,0
2025,13,9,710284244835979264,11635,Ladd McConkey,WR,13.9,1,0
2025,13,9,710284244835979264,4892,Baker Mayfield,QB,13.46,1,0
2025,13,9,710284244835979264,12527,Ashton Jeanty,RB,12.1,1,0
2025,13,9,710284244835979264,6650,Chase McLaughlin,K,10.0,1,0
2025,13,9,710284244835979264,4988,Nick Chubb,RB,9.4,0,0
2025,13,9,710284244835979264,7002,Juwan Johnson,TE,8.9,1,0
2025,13,9,710284244835979264,4881,Lamar Jackson,QB,6.54,1,0
2025,13,9,710284244835979264,4199,Aaron Jones,RB,4.5,0,0
2025,13,9,710284244835979264,9487,Parker Washington,WR,3.6,0,0
2025,13,9,710284244835979264,11620,Rome Odunze,WR,2.8,1,0
2025,13,9,710284244835979264,8676,Rashid Shaheed,WR,2.6,0,0
2025,13,9,710284244835979264,4144,Jonnu Smith,TE,1.6,0,0
2025,13,9,710284244835979264,10859,Sam LaPorta,TE,0,0,0
2025,13,10,475399371639222272,9509,Bijan Robinson,RB,30.8,1,0
2025,13,10,475399371639222272,2307,Marcus Mariota,QB,22.76,0,0
2025,13,10,475399371639222272,5927,Terry McLaurin,WR,22.6,0,0
2025,13,10,475399371639222272,11604,Brock Bowers,TE,22.3,1,0
2025,13,10,475399371639222272,3294,Dak Prescott,QB,21.1,1,0
2025,13,10,475399371639222272,4984,Josh Allen,QB,16.72,1,0
2025,13,10,475399371639222272,9221,Jahmyr Gibbs,RB,11.6,1,0
2025,13,10,475399371639222272,12484,Jayden Higgins,WR,11.5,0,0
2025,13,10,475399371639222272,3214,Hunter Henry,TE,11.3,0,0
2025,13,10,475399371639222272,9753,Zach Charbonnet,RB,11.2,0,0
2025,13,10,475399371639222272,1479,Keenan Allen,WR,7.0,1,0
2025,13,10,475399371639222272,11539,Jake Bates,K,6.0,1,0
2025,13,10,475399371639222272,10213,Tre Tucker,WR,5.0,0,0
2025,13,10,475399371639222272,11655,Tyrone Tracy,RB,4.3,1,0
2025,13,10,475399371639222272,9488,Jaxon Smith-Njigba,WR,4.3,1,0
2025,13,10,475399371639222272,DEN,Denver Broncos,DEF,2.0,1,0
2025,13,10,475399371639222272,2216,Mike Evans,WR,0,0,0
2025,13,11,865793938542456832,1339,Zach Ertz,TE,21.1,0,0
2025,13,11,865793938542456832,11564,Drake Maye,QB,20.48,1,0
2025,13,11,865793938542456832,8122,Zonovan Knight,RB,16.8,0,0
2025,13,11,865793938542456832,6904,Jalen Hurts,QB,16.3,1,0
2025,13,11,865793938542456832,8137,George Pickens,WR,15.8,1,0
2025,13,11,865793938542456832,11628,Marvin Harrison,WR,12.9,1,0
2025,13,11,865793938542456832,5001,Dalton Schultz,TE,12.5,1,0
2025,13,11,865793938542456832,5850,Josh Jacobs,RB,10.1,1,0
2025,13,11,865793938542456832,17,Matt Prater,K,7.0,1,0
2025,13,11,865793938542456832,8136,Rachaad White,RB,5.9,0,0
2025,13,11,865793938542456832,6783,Jerry Jeudy,WR,5.6,0,0
2025,13,11,865793938542456832,ATL,Atlanta Falcons,DEF,5.5,1,0
2025,13,11,865793938542456832,7543,Travis Etienne,RB,5.1,1,0
2025,13,11,865793938542456832,7090,Darnell Mooney,WR,4.5,0,0
2025,13,11,865793938542456832,11638,Ricky Pearsall,WR,3.4,0,0
2025,13,11,865793938542456832,6819,Michael Pittman,WR,2.3,1,0
2025,13,11,865793938542456832,8146,Garrett Wilson,WR,0,0,0
2025,13,12,1136842855890366464,4046,Patrick Mahomes,QB,29.44,1,0
2025,13,12,1136842855890366464,5947,Jakobi Meyers,WR,21.3,1,0
2025,13,12,1136842855890366464,3163,Jared Goff,QB,20.64,1,0
2025,13,12,1136842855890366464,9224,Chase Brown,RB,18.3,1,0
2025,13,12,1136842855890366464,8155,Breece Hall,RB,15.6,1,0
2025,13,12,1136842855890366464,8144,Chris Olave,WR,14.7,1,0
2025,13,12,1136842855890366464,9493,Puka Nacua,WR,13.2,1,0
2025,13,12,1136842855890366464,8228,Jaylen Warren,RB,12.4,0,0
2025,13,12,1136842855890366464,12506,Harold Fannin,TE,11.3,0,0
2025,13,12,1136842855890366464,8121,Romeo Doubs,WR,11.0,0,0
2025,13,12,1136842855890366464,8259,Cameron Dicker,K,9.0,1,0
2025,13,12,1136842855890366464,5846,DK Metcalf,WR,6.2,0,0
2025,13,12,1136842855890366464,11786,Cam Little,K,6.0,0,0
2025,13,12,1136842855890366464,5022,Dallas Goedert,TE,4.7,1,0
2025,13,12,1136842855890366464,PHI,Philadelphia Eagles,DEF,3.0,1,0
2025,13,12,1136842855890366464,10222,Jayden Reed,WR,0,0,0
2025,13,12,1136842855890366464,19,Joe Flacco,QB,0,0,0
2025,14,1,608781531883859968,11533,Brandon Aubrey,K,23.0,1,0
2025,14,1,608781531883859968,3257,Jacoby Brissett,QB,19.54,1,0
2025,14,1,608781531883859968,11647,Kimani Vidal,RB,11.4,1,0
2025,14,1,608781531883859968,12519,Luther Burden,WR,11.0,1,0
2025,14,1,608781531883859968,8130,Trey McBride,TE,10.8,1,0
2025,14,1,608781531883859968,LAR,Los Angeles Rams,DEF,8.25,1,0
2025,14,1,608781531883859968,11834,Devaughn Vele,WR,7.0,1,0
2025,14,1,608781531883859968,8151,Kenneth Walker,RB,3.8,1,0
2025,14,1,608781531883859968,12514,Emeka Egbuka,WR,3.5,1,0
2025,14,1,608781531883859968,11625,Adonai Mitchell,WR,3.4,1,0
2025,14,1,608781531883859968,12508,Jaxson Dart,QB,0,0,0
2025,14,1,608781531883859968,12526,Tetairoa McMillan,WR,0,0,0
2025,14,1,608781531883859968,6803,Brandon Aiyuk,WR,0,0,0
2025,14,1,608781531883859968,7021,Rico Dowdle,RB,0,0,0
2025,14,1,608781531883859968,7594,Chuba Hubbard,RB,0,0,0
2025,14,1,608781531883859968,8112,Drake London,WR,0,0,0
2025,14,1,608781531883859968,9228,Bryce Young,QB,0,0,0
2025,14,2,736077599457026048,SEA,Seattle Seahawks,DEF,20.75,1,0
2025,14,2,736077599457026048,7523,Trevor Lawrence,QB,19.36,1,0
2025,14,2,736077599457026048,9226,De'Von Achane,RB,17.5,1,0
2025,14,2,736077599457026048,5859,A.J. Brown,WR,16.5,1,0
2025,14,2,736077599457026048,12474,Woody Marks,RB,15.6,0,0
2025,14,2,736077599457026048,12507,Omarion Hampton,RB,14.7,0,0
2025,14,2,736077599457026048,7588,Javonte Williams,RB,14.7,1,0
2025,14,2,736077599457026048,7564,Ja'Marr Chase,WR,10.2,1,0
2025,14,2,736077599457026048,6768,Tua Tagovailoa,QB,8.08,0,0
2025,14,2,736077599457026048,3451,Ka'imi Fairbairn,K,8.0,1,0
2025,14,2,736077599457026048,9480,Brenton Strange,TE,5.7,0,0
2025,14,2,736077599457026048,11627,Troy Franklin,WR,4.1,1,0
2025,14,2,736077599457026048,11566,Jayden Daniels,QB,2.72,1,0
2025,14,2,736077599457026048,1466,Travis Kelce,TE,1.8,1,0
2025,14,2,736077599457026048,2449,Stefon Diggs,WR,0,0,0
2025,14,2,736077599457026048,7049,Jauan Jennings,WR,0,0,0
2025,14,2,736077599457026048,SF,San Francisco 49ers,DEF,0,0,0
2025,14,3,737091087440674816,4943,Sam Darnold,QB,22.26,1,0
2025,14,3,737091087440674816,9997,Zay Flowers,WR,21.1,1,0
2025,14,3,737091087440674816,6804,Jordan Love,QB,19.26,1,0
2025,14,3,737091087440674816,8150,Kyren Williams,RB,17.7,1,0
2025,14,3,737091087440674816,7567,Kenny Gainwell,RB,16.2,0,0
2025,14,3,737091087440674816,7547,Amon-Ra St. Brown,WR,15.2,1,0
2025,14,3,737091087440674816,4195,Jake Elliott,K,14.0,1,0
2025,14,3,737091087440674816,LAC,Los Angeles Chargers,DEF,12.25,1,0
2025,14,3,737091087440674816,8138,James Cook,RB,10.1,1,0
2025,14,3,737091087440674816,11624,Xavier Worthy,WR,8.5,0,0
2025,14,3,737091087440674816,12518,Tyler Warren,TE,3.7,1,0
2025,14,3,737091087440674816,11637,Keon Coleman,WR,3.6,0,0
2025,14,3,737091087440674816,6794,Justin Jefferson,WR,3.1,1,0
2025,14,3,737091087440674816,5970,Greg Dortch,WR,0,0,0
2025,14,3,737091087440674816,8126,Wan'Dale Robinson,WR,0,0,0
2025,14,4,736744257179770880,421,Matthew Stafford,QB,23.24,1,0
2025,14,4,736744257179770880,4866,Saquon Barkley,RB,20.2,1,0
2025,14,4,736744257179770880,6797,Justin Herbert,QB,11.16,1,0
2025,14,4,736744257179770880,BUF,Buffalo Bills,DEF,10.25,0,0
2025,14,4,736744257179770880,9506,Sean Tucker,RB,8.9,0,0
2025,14,4,736744257179770880,10229,Rashee Rice,WR,7.4,1,0
2025,14,4,736744257179770880,9508,Tyjae Spears,RB,6.7,1,0
2025,14,4,736744257179770880,9500,Josh Downs,WR,6.3,1,0
2025,14,4,736744257179770880,5848,Marquise Brown,WR,4.5,0,0
2025,14,4,736744257179770880,7839,Evan McPherson,K,4.0,1,0
2025,14,4,736744257179770880,9754,Quentin Johnston,WR,2.8,1,0
2025,14,4,736744257179770880,IND,Indianapolis Colts,DEF,2.5,1,0
2025,14,4,736744257179770880,12493,Oronde Gadsden,TE,1.7,1,0
2025,14,4,736744257179770880,12481,Cam Skattebo,RB,0,0,0
2025,14,4,736744257179770880,2306,Jameis Winston,QB,0,0,0
2025,14,4,736744257179770880,4217,George Kittle,TE,0,0,0
2025,14,4,736744257179770880,7611,Rhamondre Stevenson,RB,0,0,0
2025,14,5,716698629934481408,5967,Tony Pollard,RB,30.1,0,0
2025,14,5,716698629934481408,6801,Tee Higgins,WR,27.2,1,0
2025,14,5,716698629934481408,96,Aaron Rodgers,QB,21.46,1,0
2025,14,5,716698629934481408,7526,Jaylen Waddle,WR,18.1,1,0
2025,14,5,716698629934481408,12476,Devin Neal,RB,15.4,1,0
2025,14,5,716698629934481408,12517,Colston Loveland,TE,12.9,0,0
2025,14,5,716698629934481408,12522,Cam Ward,QB,11.08,1,0
2025,14,5,716698629934481408,8110,Jake Ferguson,TE,10.8,1,0
2025,14,5,716698629934481408,4037,Chris Godwin,WR,10.5,0,0
2025,14,5,716698629934481408,9756,Jordan Addison,WR,10.2,0,0
2025,14,5,716698629934481408,12534,Kyle Monangai,RB,8.7,1,0
2025,14,5,716698629934481408,CLE,Cleveland Browns,DEF,5.25,1,0
2025,14,5,716698629934481408,4227,Harrison Butker,K,1.0,1,0
2025,14,5,716698629934481408,4983,DJ Moore,WR,0.6,1,0
2025,14,5,716698629934481408,12529,TreVeyon Henderson,RB,0,0,0
2025,14,5,716698629934481408,8183,Brock Purdy,QB,0,0,0
2025,14,6,736740647758938112,12524,Shedeur Sanders,QB,34.46,1,0
2025,14,6,736740647758938112,12489,RJ Harvey,RB,22.0,1,0
2025,14,6,736740647758938112,7569,Nico Collins,WR,16.6,1,0
2025,14,6,736740647758938112,11584,Bucky Irving,RB,16.1,1,0
2025,14,6,736740647758938112,7553,Kyle Pitts,TE,15.0,1,0
2025,14,6,736740647758938112,11560,Caleb Williams,QB,14.94,1,0
2025,14,6,736740647758938112,5892,David Montgomery,RB,14.3,0,0
2025,14,6,736740647758938112,6790,D'Andre Swift,RB,11.2,1,0
2025,14,6,736740647758938112,8134,Khalil Shakir,WR,9.6,0,0
2025,14,6,736740647758938112,KC,Kansas City Chiefs,DEF,7.75,1,0
2025,14,6,736740647758938112,2133,Davante Adams,WR,6.9,1,0
2025,14,6,736740647758938112,5872,Deebo Samuel,WR,6.7,0,0
2025,14,6,736740647758938112,3678,Wil Lutz,K,6.0,1,0
2025,14,6,736740647758938112,1166,Kirk Cousins,QB,2.48,0,0
2025,14,6,736740647758938112,5189,Eddy Pineiro,K,0,0,0
2025,14,6,736740647758938112,9504,Kayshon Boutte,WR,0,0,0
2025,14,6,736740647758938112,NE,New England Patriots,DEF,0,0,0
2025,14,7,735974647736213504,6770,Joe Burrow,QB,22.86,1,0
2025,14,7,735974647736213504,6786,CeeDee Lamb,WR,18.6,1,0
2025,14,7,735974647736213504,8148,Jameson Williams,WR,17.3,1,0
2025,14,7,735974647736213504,10236,Dalton Kincaid,TE,14.1,1,0
2025,14,7,735974647736213504,2747,Jason Myers,K,14.0,1,0
2025,14,7,735974647736213504,11631,Brian Thomas,WR,11.7,1,0
2025,14,7,735974647736213504,12512,Quinshon Judkins,RB,9.4,1,0
2025,14,7,735974647736213504,4098,Kareem Hunt,RB,9.0,1,0
2025,14,7,735974647736213504,8132,Tyler Allgeier,RB,8.7,0,0
2025,14,7,735974647736213504,TB,Tampa Bay Buccaneers,DEF,8.25,1,0
2025,14,7,735974647736213504,8147,John Metchie,WR,7.4,0,0
2025,14,7,735974647736213504,4147,Samaje Perine,RB,4.8,0,0
2025,14,7,735974647736213504,PIT,Pittsburgh Steelers,DEF,2.0,0,0
2025,14,7,735974647736213504,5870,Daniel Jones,QB,0.8,1,0
2025,14,7,735974647736213504,11589,Trey Benson,RB,0,0,0
2025,14,7,735974647736213504,5849,Kyler Murray,QB,0,0,0
2025,14,7,735974647736213504,827,Tyrod Taylor,QB,-1.76,0,0
2025,14,8,736803054736822272,10232,Michael Wilson,WR,37.7,1,0
2025,14,8,736803054736822272,8167,Christian Watson,WR,25.4,1,0
2025,14,8,736803054736822272,11563,Bo Nix,QB,16.48,1,0
2025,14,8,736803054736822272,HOU,Houston Texans,DEF,15.0,1,0
2025,14,8,736803054736822272,8142,Alec Pierce,WR,13.0,0,0
2025,14,8,736803054736822272,9758,C.J. Stroud,QB,12.62,1,0
2025,14,8,736803054736822272,4039,Cooper Kupp,WR,11.5,0,0
2025,14,8,736803054736822272,3198,Derrick Henry,RB,11.2,1,0
2025,14,8,736803054736822272,8408,Jordan Mason,RB,11.2,0,0
2025,14,8,736803054736822272,1945,Chris Boswell,K,9.0,1,0
2025,14,8,736803054736822272,7525,DeVonta Smith,WR,7.7,1,0
2025,14,8,736803054736822272,10219,Chris Rodriguez,RB,5.2,1,0
2025,14,8,736803054736822272,5012,Mark Andrews,TE,1.9,1,0
2025,14,8,736803054736822272,11435,Emanuel Wilson,RB,1.0,0,0
2025,14,8,736803054736822272,4034,Christian McCaffrey,RB,0,0,0
2025,14,8,736803054736822272,7585,Davis Mills,QB,0,0,0
2025,14,8,736803054736822272,9484,Tucker Kraft,TE,0,0,0
2025,14,9,710284244835979264,4881,Lamar Jackson,QB,21.06,1,0
2025,14,9,710284244835979264,MIA,Miami Dolphins,DEF,19.0,1,0
2025,14,9,710284244835979264,8676,Rashid Shaheed,WR,16.7,0,0
2025,14,9,710284244835979264,5045,Courtland Sutton,WR,12.2,1,0
2025,14,9,710284244835979264,6813,Jonathan Taylor,RB,11.4,1,0
2025,14,9,710284244835979264,4892,Baker Mayfield,QB,11.08,1,0
2025,14,9,710284244835979264,6650,Chase McLaughlin,K,9.0,1,0
2025,14,9,710284244835979264,7002,Juwan Johnson,TE,7.8,1,0
2025,14,9,710284244835979264,4199,Aaron Jones,RB,7.6,1,0
2025,14,9,710284244835979264,12527,Ashton Jeanty,RB,5.8,1,0
2025,14,9,710284244835979264,11635,Ladd McConkey,WR,2.2,1,0
2025,14,9,710284244835979264,4988,Nick Chubb,RB,0.3,0,0
2025,14,9,710284244835979264,10859,Sam LaPorta,TE,0,0,0
2025,14,9,710284244835979264,11620,Rome Odunze,WR,0,0,0
2025,14,9,710284244835979264,4144,Jonnu Smith,TE,0,0,0
2025,14,9,710284244835979264,6130,Devin Singletary,RB,0,0,0
2025,14,9,710284244835979264,9487,Parker Washington,WR,0,0,0
2025,14,10,475399371639222272,4984,Josh Allen,QB,38.34,1,0
2025,14,10,475399371639222272,9221,Jahmyr Gibbs,RB,37.0,1,0
2025,14,10,475399371639222272,9488,Jaxon Smith-Njigba,WR,27.1,1,0
2025,14,10,475399371639222272,12545,Tyler Shough,QB,21.26,0,0
2025,14,10,475399371639222272,3294,Dak Prescott,QB,17.94,1,0
2025,14,10,475399371639222272,11604,Brock Bowers,TE,14.6,1,0
2025,14,10,475399371639222272,DEN,Denver Broncos,DEF,14.5,1,0
2025,14,10,475399371639222272,11539,Jake Bates,K,14.0,1,0
2025,14,10,475399371639222272,9509,Bijan Robinson,RB,9.4,1,0
2025,14,10,475399371639222272,9753,Zach Charbonnet,RB,8.6,0,0
2025,14,10,475399371639222272,5927,Terry McLaurin,WR,7.1,1,0
2025,14,10,475399371639222272,12484,Jayden Higgins,WR,6.4,1,0
2025,14,10,475399371639222272,1479,Keenan Allen,WR,5.2,0,0
2025,14,10,475399371639222272,10213,Tre Tucker,WR,4.4,0,0
2025,14,10,475399371639222272,11655,Tyrone Tracy,RB,0,0,0
2025,14,10,475399371639222272,2216,Mike Evans,WR,0,0,0
2025,14,10,475399371639222272,3214,Hunter Henry,TE,0,0,0
2025,14,11,865793938542456832,11586,Blake Corum,RB,27.1,0,0
2025,14,11,865793938542456832,7543,Travis Etienne,RB,21.2,1,0
2025,14,11,865793938542456832,6783,Jerry Jeudy,WR,18.1,1,0
2025,14,11,865793938542456832,5850,Josh Jacobs,RB,17.2,1,0
2025,14,11,865793938542456832,6819,Michael Pittman,WR,16.9,1,0
2025,14,11,865793938542456832,8137,George Pickens,WR,7.7,1,0
2025,14,11,865793938542456832,17,Matt Prater,K,7.0,1,0
2025,14,11,865793938542456832,8122,Zonovan Knight,RB,6.4,0,0
2025,14,11,865793938542456832,5001,Dalton Schultz,TE,5.2,0,0
2025,14,11,865793938542456832,1339,Zach Ertz,TE,2.1,1,0
2025,14,11,865793938542456832,BAL,Baltimore Ravens,DEF,2.0,1,0
2025,14,11,865793938542456832,7090,Darnell Mooney,WR,1.6,1,0
2025,14,11,865793938542456832,6904,Jalen Hurts,QB,0.4,1,0
2025,14,11,865793938542456832,11564,Drake Maye,QB,0,0,0
2025,14,11,865793938542456832,11628,Marvin Harrison,WR,0,0,0
2025,14,11,865793938542456832,11638,Ricky Pearsall,WR,0,0,0
2025,14,11,865793938542456832,8146,Garrett Wilson,WR,0,0,0
2025,14,12,1136842855890366464,9493,Puka Nacua,WR,36.2,1,0
2025,14,12,1136842855890366464,12506,Harold Fannin,TE,25.9,1,0
2025,14,12,1136842855890366464,5846,DK Metcalf,WR,22.3,0,0
2025,14,12,1136842855890366464,8259,Cameron Dicker,K,20.0,1,0
2025,14,12,1136842855890366464,9224,Chase Brown,RB,18.5,1,0
2025,14,12,1136842855890366464,3163,Jared Goff,QB,16.66,1,0
2025,14,12,1136842855890366464,5022,Dallas Goedert,TE,15.8,0,0
2025,14,12,1136842855890366464,8228,Jaylen Warren,RB,15.2,0,0
2025,14,12,1136842855890366464,5947,Jakobi Meyers,WR,14.8,1,0
2025,14,12,1136842855890366464,PHI,Philadelphia Eagles,DEF,14.75,1,0
2025,14,12,1136842855890366464,11786,Cam Little,K,11.0,0,0
2025,14,12,1136842855890366464,10222,Jayden Reed,WR,9.3,0,0
2025,14,12,1136842855890366464,4046,Patrick Mahomes,QB,6.3,1,0
2025,14,12,1136842855890366464,8144,Chris Olave,WR,6.0,1,0
2025,14,12,1136842855890366464,8155,Breece Hall,RB,4.3,1,0
2025,14,12,1136842855890366464,19,Joe Flacco,QB,0,0,0
2025,14,12,1136842855890366464,8121,Romeo Doubs,WR,0,0,0
2025,15,1,608781531883859968,8130,Trey McBride,TE,37.9,1,1
2025,15,1,608781531883859968,12508,Jaxson Dart,QB,21.14,1,1
2025,15,1,608781531883859968,3257,Jacoby Brissett,QB,21.06,0,1
2025,15,1,608781531883859968,CHI,Chicago Bears,DEF,20.75,1,1
2025,15,1,608781531883859968,9228,Bryce Young,QB,15.42,1,1
2025,15,1,608781531883859968,12519,Luther Burden,WR,14.4,0,1
2025,15,1,608781531883859968,11533,Brandon Aubrey,K,12.6,1,1
2025,15,1,608781531883859968,7021,Rico Dowdle,RB,12.4,1,1
2025,15,1,608781531883859968,12514,Emeka Egbuka,WR,10.4,1,1
2025,15,1,608781531883859968,11647,Kimani Vidal,RB,5.8,0,1
2025,15,1,608781531883859968,7594,Chuba Hubbard,RB,4.8,0,1
2025,15,1,608781531883859968,12526,Tetairoa McMillan,WR,4.5,1,1
2025,15,1,608781531883859968,8151,Kenneth Walker,RB,2.9,1,1
2025,15,1,608781531883859968,6803,Brandon Aiyuk,WR,0,0,1
2025,15,1,608781531883859968,8112,Drake London,WR,0,0,1
2025,15,1,608781531883859968,8131,Isaiah Likely,TE,0,1,1
2025,15,2,736077599457026048,7523,Trevor Lawrence,QB,44.3,1,1
2025,15,2,736077599457026048,2505,Darren Waller,TE,25.6,0,1
2025,15,2,736077599457026048,7564,Ja'Marr Chase,WR,23.7,1,1
2025,15,2,736077599457026048,7049,Jauan Jennings,WR,18.7,0,1
2025,15,2,736077599457026048,9226,De'Von Achane,RB,18.7,1,1
2025,15,2,736077599457026048,3451,Ka'imi Fairbairn,K,16.0,1,1
2025,15,2,736077599457026048,7588,Javonte Williams,RB,15.1,1,1
2025,15,2,736077599457026048,2307,Marcus Mariota,QB,14.74,1,1
2025,15,2,736077599457026048,1466,Travis Kelce,TE,14.0,1,1
2025,15,2,736077599457026048,5859,A.J. Brown,WR,12.1,1,1
2025,15,2,736077599457026048,12474,Woody Marks,RB,10.8,1,1
2025,15,2,736077599457026048,12507,Omarion Hampton,RB,7.5,0,1
2025,15,2,736077599457026048,SEA,Seattle Seahawks,DEF,6.75,1,1
2025,15,2,736077599457026048,2449,Stefon Diggs,WR,5.6,0,1
2025,15,2,736077599457026048,9480,Brenton Strange,TE,3.6,0,1
2025,15,2,736077599457026048,8154,Brian Robinson,RB,2.1,0,1
2025,15,2,736077599457026048,SF,San Francisco 49ers,DEF,1.5,0,1
2025,15,2,736077599457026048,11566,Jayden Daniels,QB,0,0,1
2025,15,3,737091087440674816,7547,Amon-Ra St. Brown,WR,41.9,1,1
2025,15,3,737091087440674816,8138,James Cook,RB,31.6,1,1
2025,15,3,737091087440674816,8150,Kyren Williams,RB,21.8,1,1
2025,15,3,737091087440674816,7567,Kenny Gainwell,RB,19.6,0,1
2025,15,3,737091087440674816,8126,Wan'Dale Robinson,WR,16.4,0,1
2025,15,3,737091087440674816,9997,Zay Flowers,WR,15.8,1,1
2025,15,3,737091087440674816,6804,Jordan Love,QB,13.94,1,1
2025,15,3,737091087440674816,4943,Sam Darnold,QB,10.34,1,1
2025,15,3,737091087440674816,11783,Ryan Flournoy,WR,8.0,0,1
2025,15,3,737091087440674816,4195,Jake Elliott,K,7.0,1,1
2025,15,3,737091087440674816,11624,Xavier Worthy,WR,5.5,0,1
2025,15,3,737091087440674816,12518,Tyler Warren,TE,4.9,1,1
2025,15,3,737091087440674816,6794,Justin Jefferson,WR,4.2,1,1
2025,15,3,737091087440674816,CLE,Cleveland Browns,DEF,2.75,1,1
2025,15,3,737091087440674816,11637,Keon Coleman,WR,0,0,1
2025,15,3,737091087440674816,5970,Greg Dortch,WR,0,0,1
2025,15,4,736744257179770880,4217,George Kittle,TE,22.8,1,1
2025,15,4,736744257179770880,421,Matthew Stafford,QB,19.92,1,1
2025,15,4,736744257179770880,4866,Saquon Barkley,RB,17.2,1,1
2025,15,4,736744257179770880,10229,Rashee Rice,WR,12.1,1,1
2025,15,4,736744257179770880,7611,Rhamondre Stevenson,RB,10.7,0,1
2025,15,4,736744257179770880,6797,Justin Herbert,QB,10.4,1,1
2025,15,4,736744257179770880,9500,Josh Downs,WR,10.3,0,1
2025,15,4,736744257179770880,12493,Oronde Gadsden,TE,10.1,1,1
2025,15,4,736744257179770880,9506,Sean Tucker,RB,6.7,0,1
2025,15,4,736744257179770880,9508,Tyjae Spears,RB,5.6,1,1
2025,15,4,736744257179770880,BUF,Buffalo Bills,DEF,4.75,0,1
2025,15,4,736744257179770880,IND,Indianapolis Colts,DEF,3.75,1,1
2025,15,4,736744257179770880,12481,Cam Skattebo,RB,0,0,1
2025,15,4,736744257179770880,2306,Jameis Winston,QB,0,0,1
2025,15,4,736744257179770880,5848,Marquise Brown,WR,0,0,1
2025,15,4,736744257179770880,7839,Evan McPherson,K,0,1,1
2025,15,4,736744257179770880,9754,Quentin Johnston,WR,0,1,1
2025,15,5,716698629934481408,12529,TreVeyon Henderson,RB,33.6,1,1
2025,15,5,716698629934481408,8183,Brock Purdy,QB,26.2,1,1
2025,15,5,716698629934481408,4983,DJ Moore,WR,22.9,0,1
2025,15,5,716698629934481408,5967,Tony Pollard,RB,18.7,0,1
2025,15,5,716698629934481408,96,Aaron Rodgers,QB,16.96,1,1
2025,15,5,716698629934481408,12522,Cam Ward,QB,15.0,0,1
2025,15,5,716698629934481408,4037,Chris Godwin,WR,14.0,0,1
2025,15,5,716698629934481408,JAX,Jacksonville Jaguars,DEF,13.25,1,1
2025,15,5,716698629934481408,12476,Devin Neal,RB,10.2,1,1
2025,15,5,716698629934481408,12517,Colston Loveland,TE,10.1,0,1
2025,15,5,716698629934481408,9756,Jordan Addison,WR,8.6,1,1
2025,15,5,716698629934481408,12711,Tyler Loop,K,6.0,1,1
2025,15,5,716698629934481408,7526,Jaylen Waddle,WR,4.6,1,1
2025,15,5,716698629934481408,8110,Jake Ferguson,TE,3.6,1,1
2025,15,5,716698629934481408,12534,Kyle Monangai,RB,3.3,1,1
2025,15,5,716698629934481408,6801,Tee Higgins,WR,0,0,1
2025,15,6,736740647758938112,7553,Kyle Pitts,TE,46.1,1,1
2025,15,6,736740647758938112,1166,Kirk Cousins,QB,26.42,0,1
2025,15,6,736740647758938112,7569,Nico Collins,WR,25.0,1,1
2025,15,6,736740647758938112,6790,D'Andre Swift,RB,22.6,0,1
2025,15,6,736740647758938112,11560,Caleb Williams,QB,17.98,1,1
2025,15,6,736740647758938112,5189,Eddy Pineiro,K,14.0,1,1
2025,15,6,736740647758938112,8134,Khalil Shakir,WR,11.5,0,1
2025,15,6,736740647758938112,2133,Davante Adams,WR,11.1,1,1
2025,15,6,736740647758938112,12489,RJ Harvey,RB,10.5,1,1
2025,15,6,736740647758938112,5892,David Montgomery,RB,9.2,0,1
2025,15,6,736740647758938112,11584,Bucky Irving,RB,8.1,1,1
2025,15,6,736740647758938112,5872,Deebo Samuel,WR,7.3,1,1
2025,15,6,736740647758938112,9504,Kayshon Boutte,WR,4.0,0,1
2025,15,6,736740647758938112,12524,Shedeur Sanders,QB,3.48,1,1
2025,15,6,736740647758938112,GB,Green Bay Packers,DEF,3.0,1,1
2025,15,6,736740647758938112,NE,New England Patriots,DEF,-1.0,0,1
2025,15,7,735974647736213504,8148,Jameson Williams,WR,26.9,1,1
2025,15,7,735974647736213504,2747,Jason Myers,K,24.0,1,1
2025,15,7,735974647736213504,11565,J.J. McCarthy,QB,23.5,1,1
2025,15,7,735974647736213504,6786,CeeDee Lamb,WR,17.6,1,1
2025,15,7,735974647736213504,11631,Brian Thomas,WR,17.1,1,1
2025,15,7,735974647736213504,12533,Jacory Croskey-Merritt,RB,14.6,1,1
2025,15,7,735974647736213504,6149,Darius Slayton,WR,9.3,0,1
2025,15,7,735974647736213504,PIT,Pittsburgh Steelers,DEF,9.0,0,1
2025,15,7,735974647736213504,KC,Kansas City Chiefs,DEF,8.0,0,1
2025,15,7,735974647736213504,10236,Dalton Kincaid,TE,6.4,1,1
2025,15,7,735974647736213504,6770,Joe Burrow,QB,5.0,1,1
2025,15,7,735974647736213504,12512,Quinshon Judkins,RB,4.7,1,1
2025,15,7,735974647736213504,4098,Kareem Hunt,RB,3.0,0,1
2025,15,7,735974647736213504,8132,Tyler Allgeier,RB,1.8,0,1
2025,15,7,735974647736213504,DAL,Dallas Cowboys,DEF,1.5,1,1
2025,15,7,735974647736213504,4035,Alvin Kamara,RB,0,0,1
2025,15,7,735974647736213504,5870,Daniel Jones,QB,0,0,1
2025,15,7,735974647736213504,TB,Tampa Bay Buccaneers,DEF,-1.25,0,1
2025,15,8,736803054736822272,11563,Bo Nix,QB,29.08,1,1
2025,15,8,736803054736822272,9758,C.J. Stroud,QB,23.4,1,1
2025,15,8,736803054736822272,10232,Michael Wilson,WR,16.4,1,1
2025,15,8,736803054736822272,4034,Christian McCaffrey,RB,15.7,1,1
2025,15,8,736803054736822272,3198,Derrick Henry,RB,10.5,1,1
2025,15,8,736803054736822272,HOU,Houston Texans,DEF,10.0,1,1
2025,15,8,736803054736822272,4039,Cooper Kupp,WR,9.6,0,1
2025,15,8,736803054736822272,7525,DeVonta Smith,WR,7.0,1,1
2025,15,8,736803054736822272,8167,Christian Watson,WR,5.9,1,1
2025,15,8,736803054736822272,1945,Chris Boswell,K,4.0,1,1
2025,15,8,736803054736822272,5012,Mark Andrews,TE,3.8,1,1
2025,15,8,736803054736822272,8408,Jordan Mason,RB,2.9,0,1
2025,15,8,736803054736822272,8142,Alec Pierce,WR,2.6,0,1
2025,15,8,736803054736822272,11435,Emanuel Wilson,RB,0.3,0,1
2025,15,8,736803054736822272,10219,Chris Rodriguez,RB,0,0,1
2025,15,8,736803054736822272,7585,Davis Mills,QB,0,0,1
2025,15,8,736803054736822272,9484,Tucker Kraft,TE,0,0,1
2025,15,9,710284244835979264,5045,Courtland Sutton,WR,24.8,1,1
2025,15,9,710284244835979264,4892,Baker Mayfield,QB,19.18,1,1
2025,15,9,710284244835979264,4881,Lamar Jackson,QB,13.6,1,1
2025,15,9,710284244835979264,6813,Jonathan Taylor,RB,13.1,1,1
2025,15,9,710284244835979264,8676,Rashid Shaheed,WR,12.1,0,1
2025,15,9,710284244835979264,6650,Chase McLaughlin,K,11.0,1,1
2025,15,9,710284244835979264,4144,Jonnu Smith,TE,10.6,0,1
2025,15,9,710284244835979264,4199,Aaron Jones,RB,9.5,1,1
2025,15,9,710284244835979264,9487,Parker Washington,WR,8.3,0,1
2025,15,9,710284244835979264,12527,Ashton Jeanty,RB,8.2,1,1
2025,15,9,710284244835979264,7002,Juwan Johnson,TE,7.0,1,1
2025,15,9,710284244835979264,11635,Ladd McConkey,WR,4.0,1,1
2025,15,9,710284244835979264,MIA,Miami Dolphins,DEF,3.25,1,1
2025,15,9,710284244835979264,6130,Devin Singletary,RB,2.4,0,1
2025,15,9,710284244835979264,10859,Sam LaPorta,TE,0,0,1
2025,15,9,710284244835979264,11620,Rome Odunze,WR,0,0,1
2025,15,9,710284244835979264,4988,Nick Chubb,RB,0,0,1
2025,15,10,475399371639222272,9509,Bijan Robinson,RB,29.5,1,1
2025,15,10,475399371639222272,11655,Tyrone Tracy,RB,24.7,1,1
2025,15,10,475399371639222272,4984,Josh Allen,QB,24.52,1,1
2025,15,10,475399371639222272,2216,Mike Evans,WR,19.7,0,1
2025,15,10,475399371639222272,9488,Jaxon Smith-Njigba,WR,18.8,1,1
2025,15,10,475399371639222272,12545,Tyler Shough,QB,18.08,0,1
2025,15,10,475399371639222272,5927,Terry McLaurin,WR,17.4,1,1
2025,15,10,475399371639222272,3294,Dak Prescott,QB,11.96,1,1
2025,15,10,475399371639222272,9221,Jahmyr Gibbs,RB,9.8,1,1
2025,15,10,475399371639222272,11604,Brock Bowers,TE,8.8,1,1
2025,15,10,475399371639222272,11539,Jake Bates,K,8.0,1,1
2025,15,10,475399371639222272,1479,Keenan Allen,WR,7.6,0,1
2025,15,10,475399371639222272,DEN,Denver Broncos,DEF,7.25,1,1
2025,15,10,475399371639222272,9753,Zach Charbonnet,RB,3.1,0,1
2025,15,10,475399371639222272,3214,Hunter Henry,TE,2.8,0,1
2025,15,10,475399371639222272,12484,Jayden Higgins,WR,1.4,0,1
2025,15,10,475399371639222272,DET,Detroit Lions,DEF,-5.0,0,1
2025,15,11,865793938542456832,7543,Travis Etienne,RB,32.0,1,1
2025,15,11,865793938542456832,5850,Josh Jacobs,RB,23.7,1,1
2025,15,11,865793938542456832,6904,Jalen Hurts,QB,22.9,1,1
2025,15,11,865793938542456832,BAL,Baltimore Ravens,DEF,22.25,1,1
2025,15,11,865793938542456832,5001,Dalton Schultz,TE,21.6,1,1
2025,15,11,865793938542456832,11564,Drake Maye,QB,20.5,1,1
2025,15,11,865793938542456832,11638,Ricky Pearsall,WR,15.6,0,1
2025,15,11,865793938542456832,11586,Blake Corum,RB,13.1,0,1
2025,15,11,865793938542456832,8137,George Pickens,WR,6.3,1,1
2025,15,11,865793938542456832,6819,Michael Pittman,WR,5.6,1,1
2025,15,11,865793938542456832,7090,Darnell Mooney,WR,5.5,0,1
2025,15,11,865793938542456832,17,Matt Prater,K,5.0,1,1
2025,15,11,865793938542456832,6783,Jerry Jeudy,WR,4.2,1,1
2025,15,11,865793938542456832,8160,Kenny Pickett,QB,1.26,0,1
2025,15,11,865793938542456832,11628,Marvin Harrison,WR,0,0,1
2025,15,11,865793938542456832,8146,Garrett Wilson,WR,0,0,1
2025,15,11,865793938542456832,8122,Zonovan Knight,RB,-0.2,0,1
2025,15,12,1136842855890366464,9493,Puka Nacua,WR,28.4,1,1
2025,15,12,1136842855890366464,3163,Jared Goff,QB,26.02,1,1
2025,15,12,1136842855890366464,5022,Dallas Goedert,TE,25.0,0,1
2025,15,12,1136842855890366464,8144,Chris Olave,WR,20.5,0,1
2025,15,12,1136842855890366464,PHI,Philadelphia Eagles,DEF,18.0,1,1
2025,15,12,1136842855890366464,9224,Chase Brown,RB,16.0,1,1
2025,15,12,1136842855890366464,5846,DK Metcalf,WR,14.5,1,1
2025,15,12,1136842855890366464,4046,Patrick Mahomes,QB,13.06,1,1
2025,15,12,1136842855890366464,5947,Jakobi Meyers,WR,12.1,1,1
2025,15,12,1136842855890366464,11786,Cam Little,K,12.0,0,1
2025,15,12,1136842855890366464,12506,Harold Fannin,TE,12.0,1,1
2025,15,12,1136842855890366464,8259,Cameron Dicker,K,12.0,1,1
2025,15,12,1136842855890366464,10222,Jayden Reed,WR,10.5,0,1
2025,15,12,1136842855890366464,8228,Jaylen Warren,RB,7.8,1,1
2025,15,12,1136842855890366464,8155,Breece Hall,RB,5.7,0,1
2025,15,12,1136842855890366464,8121,Romeo Doubs,WR,5.6,0,1
2025,16,1,608781531883859968,8151,Kenneth Walker,RB,27.4,1,1
2025,16,1,608781531883859968,12526,Tetairoa McMillan,WR,19.3,1,1
2025,16,1,608781531883859968,9228,Bryce Young,QB,17.64,0,1
2025,16,1,608781531883859968,TEN,Tennessee Titans,DEF,13.5,1,1
2025,16,1,608781531883859968,11588,Jawhar Jordan,RB,12.0,0,1
2025,16,1,608781531883859968,3257,Jacoby Brissett,QB,10.62,1,1
2025,16,1,608781531883859968,7021,Rico Dowdle,RB,8.3,1,1
2025,16,1,608781531883859968,8130,Trey McBride,TE,6.7,1,1
2025,16,1,608781531883859968,8112,Drake London,WR,5.7,1,1
2025,16,1,608781531883859968,11533,Brandon Aubrey,K,5.0,1,1
2025,16,1,608781531883859968,12514,Emeka Egbuka,WR,5.0,1,1
2025,16,1,608781531883859968,7594,Chuba Hubbard,RB,4.4,0,1
2025,16,1,608781531883859968,11647,Kimani Vidal,RB,1.1,0,1
2025,16,1,608781531883859968,12508,Jaxson Dart,QB,0.02,1,1
2025,16,1,608781531883859968,6803,Brandon Aiyuk,WR,0,0,1
2025,16,1,608781531883859968,8131,Isaiah Likely,TE,0,0,1
2025,16,2,736077599457026048,7523,Trevor Lawrence,QB,31.16,1,1
2025,16,2,736077599457026048,2449,Stefon Diggs,WR,23.3,0,1
2025,16,2,736077599457026048,7564,Ja'Marr Chase,WR,20.4,1,1
2025,16,2,736077599457026048,5859,A.J. Brown,WR,18.5,1,1
2025,16,2,736077599457026048,9226,De'Von Achane,RB,18.5,1,1
2025,16,2,736077599457026048,7049,Jauan Jennings,WR,18.1,0,1
2025,16,2,736077599457026048,12507,Omarion Hampton,RB,16.5,1,1
2025,16,2,736077599457026048,3451,Ka'imi Fairbairn,K,16.0,1,1
2025,16,2,736077599457026048,MIN,Minnesota Vikings,DEF,14.25,1,1
2025,16,2,736077599457026048,12534,Kyle Monangai,RB,12.3,0,1
2025,16,2,736077599457026048,2505,Darren Waller,TE,7.0,0,1
2025,16,2,736077599457026048,7588,Javonte Williams,RB,6.3,1,1
2025,16,2,736077599457026048,2307,Marcus Mariota,QB,3.7,1,1
2025,16,2,736077599457026048,1466,Travis Kelce,TE,1.6,1,1
2025,16,2,736077599457026048,12474,Woody Marks,RB,0,0,1
2025,16,2,736077599457026048,SEA,Seattle Seahawks,DEF,-1.5,0,1
2025,16,3,737091087440674816,8138,James Cook,RB,27.4,1,1
2025,16,3,737091087440674816,7567,Kenny Gainwell,RB,24.3,0,1
2025,16,3,737091087440674816,9997,Zay Flowers,WR,21.2,1,1
2025,16,3,737091087440674816,4943,Sam Darnold,QB,19.5,1,1
2025,16,3,737091087440674816,6794,Justin Jefferson,WR,14.5,1,1
2025,16,3,737091087440674816,8150,Kyren Williams,RB,11.5,1,1
2025,16,3,737091087440674816,11783,Ryan Flournoy,WR,9.8,0,1
2025,16,3,737091087440674816,7547,Amon-Ra St. Brown,WR,9.4,1,1
2025,16,3,737091087440674816,CLE,Cleveland Browns,DEF,7.0,1,1
2025,16,3,737091087440674816,11624,Xavier Worthy,WR,6.1,0,1
2025,16,3,737091087440674816,12518,Tyler Warren,TE,6.0,1,1
2025,16,3,737091087440674816,8126,Wan'Dale Robinson,WR,5.2,0,1
2025,16,3,737091087440674816,6804,Jordan Love,QB,2.78,1,1
2025,16,3,737091087440674816,11637,Keon Coleman,WR,0,0,1
2025,16,3,737091087440674816,5970,Greg Dortch,WR,0,0,1
2025,16,3,737091087440674816,4195,Jake Elliott,K,-2.0,1,1
2025,16,4,736744257179770880,421,Matthew Stafford,QB,32.38,1,1
2025,16,4,736744257179770880,6797,Justin Herbert,QB,29.2,1,1
2025,16,4,736744257179770880,4217,George Kittle,TE,25.0,1,1
2025,16,4,736744257179770880,4866,Saquon Barkley,RB,21.7,1,1
2025,16,4,736744257179770880,9508,Tyjae Spears,RB,21.5,0,1
2025,16,4,736744257179770880,9754,Quentin Johnston,WR,20.9,1,1
2025,16,4,736744257179770880,7611,Rhamondre Stevenson,RB,17.8,0,1
2025,16,4,736744257179770880,9500,Josh Downs,WR,11.8,0,1
2025,16,4,736744257179770880,BUF,Buffalo Bills,DEF,10.75,1,1
2025,16,4,736744257179770880,7839,Evan McPherson,K,10.0,1,1
2025,16,4,736744257179770880,12509,Tre' Harris,WR,9.4,0,1
2025,16,4,736744257179770880,11646,Jalen Coker,WR,7.7,1,1
2025,16,4,736744257179770880,5848,Marquise Brown,WR,5.2,0,1
2025,16,4,736744257179770880,12493,Oronde Gadsden,TE,1.7,1,1
2025,16,4,736744257179770880,9220,Evan Hull,RB,0.3,1,1
2025,16,4,736744257179770880,10229,Rashee Rice,WR,0,0,1
2025,16,4,736744257179770880,12481,Cam Skattebo,RB,0,0,1
2025,16,5,716698629934481408,8183,Brock Purdy,QB,30.4,1,1
2025,16,5,716698629934481408,4983,DJ Moore,WR,22.4,1,1
2025,16,5,716698629934481408,12522,Cam Ward,QB,18.02,0,1
2025,16,5,716698629934481408,96,Aaron Rodgers,QB,16.04,1,1
2025,16,5,716698629934481408,6801,Tee Higgins,WR,14.3,1,1
2025,16,5,716698629934481408,7526,Jaylen Waddle,WR,11.2,1,1
2025,16,5,716698629934481408,5967,Tony Pollard,RB,9.7,0,1
2025,16,5,716698629934481408,4037,Chris Godwin,WR,8.0,0,1
2025,16,5,716698629934481408,11608,Isaiah Williams,WR,6.5,0,1
2025,16,5,716698629934481408,7607,Michael Carter,RB,6.5,1,1
2025,16,5,716698629934481408,12517,Colston Loveland,TE,6.0,1,1
2025,16,5,716698629934481408,8110,Jake Ferguson,TE,4.9,0,1
2025,16,5,716698629934481408,JAX,Jacksonville Jaguars,DEF,4.75,1,1
2025,16,5,716698629934481408,9756,Jordan Addison,WR,4.6,0,1
2025,16,5,716698629934481408,12711,Tyler Loop,K,4.0,1,1
2025,16,5,716698629934481408,12529,TreVeyon Henderson,RB,2.2,1,1
2025,16,6,736740647758938112,12489,RJ Harvey,RB,22.1,1,1
2025,16,6,736740647758938112,11560,Caleb Williams,QB,21.0,1,1
2025,16,6,736740647758938112,7553,Kyle Pitts,TE,18.7,1,1
2025,16,6,736740647758938112,1166,Kirk Cousins,QB,17.58,1,1
2025,16,6,736740647758938112,SF,San Francisco 49ers,DEF,14.0,1,1
2025,16,6,736740647758938112,12524,Shedeur Sanders,QB,11.18,0,1
2025,16,6,736740647758938112,11786,Cam Little,K,11.0,1,1
2025,16,6,736740647758938112,7569,Nico Collins,WR,9.9,1,1
2025,16,6,736740647758938112,6790,D'Andre Swift,RB,9.0,1,1
2025,16,6,736740647758938112,8134,Khalil Shakir,WR,7.4,0,1
2025,16,6,736740647758938112,11584,Bucky Irving,RB,7.1,1,1
2025,16,6,736740647758938112,5872,Deebo Samuel,WR,6.5,1,1
2025,16,6,736740647758938112,NE,New England Patriots,DEF,5.25,0,1
2025,16,6,736740647758938112,9504,Kayshon Boutte,WR,2.6,0,1
2025,16,6,736740647758938112,5892,David Montgomery,RB,1.4,0,1
2025,16,6,736740647758938112,2133,Davante Adams,WR,0,0,1
2025,16,7,735974647736213504,6770,Joe Burrow,QB,29.46,1,1
2025,16,7,735974647736213504,11653,Charlie Smyth,K,18.0,1,1
2025,16,7,735974647736213504,331,Philip Rivers,QB,15.08,0,1
2025,16,7,735974647736213504,8148,Jameson Williams,WR,12.0,1,1
2025,16,7,735974647736213504,6786,CeeDee Lamb,WR,11.1,1,1
2025,16,7,735974647736213504,12512,Quinshon Judkins,RB,10.1,1,1
2025,16,7,735974647736213504,12533,Jacory Croskey-Merritt,RB,8.5,0,1
2025,16,7,735974647736213504,11565,J.J. McCarthy,QB,8.32,1,1
2025,16,7,735974647736213504,11579,Audric Estime,RB,6.6,1,1
2025,16,7,735974647736213504,KC,Kansas City Chiefs,DEF,4.0,1,1
2025,16,7,735974647736213504,11631,Brian Thomas,WR,3.8,1,1
2025,16,7,735974647736213504,2747,Jason Myers,K,2.0,0,1
2025,16,7,735974647736213504,6149,Darius Slayton,WR,1.8,0,1
2025,16,7,735974647736213504,4098,Kareem Hunt,RB,0.2,0,1
2025,16,7,735974647736213504,10236,Dalton Kincaid,TE,0,0,1
2025,16,7,735974647736213504,11597,Theo Johnson,TE,0,1,1
2025,16,7,735974647736213504,4035,Alvin Kamara,RB,0,0,1
2025,16,7,735974647736213504,5870,Daniel Jones,QB,0,0,1
2025,16,8,736803054736822272,4034,Christian McCaffrey,RB,33.1,1,1
2025,16,8,736803054736822272,8142,Alec Pierce,WR,24.6,0,1
2025,16,8,736803054736822272,3198,Derrick Henry,RB,23.3,1,1
2025,16,8,736803054736822272,7525,DeVonta Smith,WR,16.2,1,1
2025,16,8,736803054736822272,11563,Bo Nix,QB,15.68,1,1
2025,16,8,736803054736822272,10219,Chris Rodriguez,RB,13.9,0,1
2025,16,8,736803054736822272,10232,Michael Wilson,WR,13.2,1,1
2025,16,8,736803054736822272,HOU,Houston Texans,DEF,12.75,1,1
2025,16,8,736803054736822272,9758,C.J. Stroud,QB,10.48,1,1
2025,16,8,736803054736822272,11435,Emanuel Wilson,RB,8.2,0,1
2025,16,8,736803054736822272,1945,Chris Boswell,K,8.0,1,1
2025,16,8,736803054736822272,4039,Cooper Kupp,WR,6.9,0,1
2025,16,8,736803054736822272,5012,Mark Andrews,TE,4.4,1,1
2025,16,8,736803054736822272,8167,Christian Watson,WR,3.7,1,1
2025,16,8,736803054736822272,8408,Jordan Mason,RB,2.1,0,1
2025,16,8,736803054736822272,7585,Davis Mills,QB,0,0,1
2025,16,8,736803054736822272,9484,Tucker Kraft,TE,0,0,1
2025,16,9,710284244835979264,12527,Ashton Jeanty,RB,35.3,0,1
2025,16,9,710284244835979264,9487,Parker Washington,WR,27.0,0,1
2025,16,9,710284244835979264,5045,Courtland Sutton,WR,20.6,1,1
2025,16,9,710284244835979264,6813,Jonathan Taylor,RB,16.9,1,1
2025,16,9,710284244835979264,7002,Juwan Johnson,TE,16.9,1,1
2025,16,9,710284244835979264,11635,Ladd McConkey,WR,14.3,1,1
2025,16,9,710284244835979264,4892,Baker Mayfield,QB,12.7,1,1
2025,16,9,710284244835979264,4199,Aaron Jones,RB,11.3,1,1
2025,16,9,710284244835979264,6650,Chase McLaughlin,K,10.0,1,1
2025,16,9,710284244835979264,8676,Rashid Shaheed,WR,9.1,1,1
2025,16,9,710284244835979264,CIN,Cincinnati Bengals,DEF,7.5,1,1
2025,16,9,710284244835979264,6130,Devin Singletary,RB,5.6,0,1
2025,16,9,710284244835979264,4988,Nick Chubb,RB,5.2,0,1
2025,16,9,710284244835979264,4881,Lamar Jackson,QB,4.74,1,1
2025,16,9,710284244835979264,4144,Jonnu Smith,TE,2.8,0,1
2025,16,9,710284244835979264,10859,Sam LaPorta,TE,0,0,1
2025,16,9,710284244835979264,11620,Rome Odunze,WR,0,0,1
2025,16,10,475399371639222272,9509,Bijan Robinson,RB,29.8,1,1
2025,16,10,475399371639222272,9488,Jaxon Smith-Njigba,WR,23.6,1,1
2025,16,10,475399371639222272,9221,Jahmyr Gibbs,RB,21.8,1,1
2025,16,10,475399371639222272,3294,Dak Prescott,QB,19.16,1,1
2025,16,10,475399371639222272,12545,Tyler Shough,QB,17.62,0,1
2025,16,10,475399371639222272,9753,Zach Charbonnet,RB,17.4,0,1
2025,16,10,475399371639222272,11604,Brock Bowers,TE,14.3,1,1
2025,16,10,475399371639222272,2216,Mike Evans,WR,14.1,1,1
2025,16,10,475399371639222272,11627,Troy Franklin,WR,10.6,0,1
2025,16,10,475399371639222272,11655,Tyrone Tracy,RB,9.8,1,1
2025,16,10,475399371639222272,1479,Keenan Allen,WR,9.4,0,1
2025,16,10,475399371639222272,5927,Terry McLaurin,WR,8.3,0,1
2025,16,10,475399371639222272,4984,Josh Allen,QB,6.9,1,1
2025,16,10,475399371639222272,11539,Jake Bates,K,6.0,1,1
2025,16,10,475399371639222272,DEN,Denver Broncos,DEF,4.75,1,1
2025,16,10,475399371639222272,DET,Detroit Lions,DEF,0.5,0,1
2025,16,11,865793938542456832,8137,George Pickens,WR,26.5,1,1
2025,16,11,865793938542456832,11564,Drake Maye,QB,23.2,1,1
2025,16,11,865793938542456832,NO,New Orleans Saints,DEF,19.5,1,1
2025,16,11,865793938542456832,6904,Jalen Hurts,QB,18.4,1,1
2025,16,11,865793938542456832,7543,Travis Etienne,RB,16.6,1,1
2025,16,11,865793938542456832,5001,Dalton Schultz,TE,14.5,0,1
2025,16,11,865793938542456832,11586,Blake Corum,RB,13.1,0,1
2025,16,11,865793938542456832,4227,Harrison Butker,K,10.0,1,1
2025,16,11,865793938542456832,11625,Adonai Mitchell,WR,7.3,1,1
2025,16,11,865793938542456832,6819,Michael Pittman,WR,7.2,1,1
2025,16,11,865793938542456832,5850,Josh Jacobs,RB,4.8,1,1
2025,16,11,865793938542456832,6783,Jerry Jeudy,WR,4.2,0,1
2025,16,11,865793938542456832,6865,Colby Parkinson,TE,4.1,1,1
2025,16,11,865793938542456832,11628,Marvin Harrison,WR,2.4,0,1
2025,16,11,865793938542456832,8800,Malik Davis,RB,2.3,0,1
2025,16,11,865793938542456832,11638,Ricky Pearsall,WR,0,0,1
2025,16,12,1136842855890366464,9493,Puka Nacua,WR,48.0,1,1
2025,16,12,1136842855890366464,8144,Chris Olave,WR,37.3,1,1
2025,16,12,1136842855890366464,9224,Chase Brown,RB,32.9,1,1
2025,16,12,1136842855890366464,8228,Jaylen Warren,RB,30.6,1,1
2025,16,12,1136842855890366464,3163,Jared Goff,QB,26.96,1,1
2025,16,12,1136842855890366464,12506,Harold Fannin,TE,19.5,1,1
2025,16,12,1136842855890366464,8121,Romeo Doubs,WR,19.4,0,1
2025,16,12,1136842855890366464,5022,Dallas Goedert,TE,12.2,0,1
2025,16,12,1136842855890366464,8259,Cameron Dicker,K,10.0,1,1
2025,16,12,1136842855890366464,5947,Jakobi Meyers,WR,8.6,0,1
2025,16,12,1136842855890366464,8155,Breece Hall,RB,8.3,0,1
2025,16,12,1136842855890366464,5846,DK Metcalf,WR,8.2,1,1
2025,16,12,1136842855890366464,PHI,Philadelphia Eagles,DEF,7.5,1,1
2025,16,12,1136842855890366464,10222,Jayden Reed,WR,7.1,0,1
2025,16,12,1136842855890366464,6011,Gardner Minshew,QB,1.4,1,1
2025,16,12,1136842855890366464,4046,Patrick Mahomes,QB,0,0,1
2025,17,1,608781531883859968,12508,Jaxson Dart,QB,25.08,1,1
2025,17,1,608781531883859968,8130,Trey McBride,TE,23.6,1,1
2025,17,1,608781531883859968,3257,Jacoby Brissett,QB,16.48,1,1
2025,17,1,608781531883859968,11533,Brandon Aubrey,K,15.0,1,1
2025,17,1,608781531883859968,7021,Rico Dowdle,RB,9.3,1,1
2025,17,1,608781531883859968,9228,Bryce Young,QB,8.86,0,1
2025,17,1,608781531883859968,8151,Kenneth Walker,RB,6.7,1,1
2025,17,1,608781531883859968,8131,Isaiah Likely,TE,5.7,0,1
2025,17,1,608781531883859968,12514,Emeka Egbuka,WR,5.0,1,1
2025,17,1,608781531883859968,11588,Jawhar Jordan,RB,3.6,0,1
2025,17,1,608781531883859968,7594,Chuba Hubbard,RB,2.8,0,1
2025,17,1,608781531883859968,12526,Tetairoa McMillan,WR,1.5,1,1
2025,17,1,608781531883859968,TEN,Tennessee Titans,DEF,1.5,1,1
2025,17,1,608781531883859968,8112,Drake London,WR,1.4,1,1
2025,17,1,608781531883859968,11647,Kimani Vidal,RB,0,0,1
2025,17,1,608781531883859968,6803,Brandon Aiyuk,WR,0,0,1
2025,17,2,736077599457026048,8161,Malik Willis,QB,31.52,1,1
2025,17,2,736077599457026048,7564,Ja'Marr Chase,WR,25.0,1,1
2025,17,2,736077599457026048,7523,Trevor Lawrence,QB,23.12,1,1
2025,17,2,736077599457026048,2449,Stefon Diggs,WR,22.6,1,1
2025,17,2,736077599457026048,12507,Omarion Hampton,RB,20.0,0,1
2025,17,2,736077599457026048,SEA,Seattle Seahawks,DEF,15.5,0,1
2025,17,2,736077599457026048,9226,De'Von Achane,RB,14.2,1,1
2025,17,2,736077599457026048,PIT,Pittsburgh Steelers,DEF,13.0,1,1
2025,17,2,736077599457026048,7049,Jauan Jennings,WR,12.2,0,1
2025,17,2,736077599457026048,5859,A.J. Brown,WR,11.8,1,1
2025,17,2,736077599457026048,7588,Javonte Williams,RB,11.4,1,1
2025,17,2,736077599457026048,3451,Ka'imi Fairbairn,K,10.0,1,1
2025,17,2,736077599457026048,1466,Travis Kelce,TE,8.6,0,1
2025,17,2,736077599457026048,12474,Woody Marks,RB,8.5,0,1
2025,17,2,736077599457026048,9480,Brenton Strange,TE,8.4,1,1
2025,17,2,736077599457026048,2307,Marcus Mariota,QB,0,0,1
2025,17,3,737091087440674816,8126,Wan'Dale Robinson,WR,22.8,0,1
2025,17,3,737091087440674816,8150,Kyren Williams,RB,16.0,1,1
2025,17,3,737091087440674816,7547,Amon-Ra St. Brown,WR,14.8,1,1
2025,17,3,737091087440674816,9997,Zay Flowers,WR,13.0,1,1
2025,17,3,737091087440674816,CLE,Cleveland Browns,DEF,13.0,1,1
2025,17,3,737091087440674816,12518,Tyler Warren,TE,9.3,1,1
2025,17,3,737091087440674816,8138,James Cook,RB,8.7,1,1
2025,17,3,737091087440674816,4195,Jake Elliott,K,8.0,1,1
2025,17,3,737091087440674816,6794,Justin Jefferson,WR,7.0,1,1
2025,17,3,737091087440674816,7567,Kenny Gainwell,RB,6.8,0,1
2025,17,3,737091087440674816,4943,Sam Darnold,QB,5.08,1,1
2025,17,3,737091087440674816,11624,Xavier Worthy,WR,0.1,0,1
2025,17,3,737091087440674816,11637,Keon Coleman,WR,0,0,1
2025,17,3,737091087440674816,11783,Ryan Flournoy,WR,0,0,1
2025,17,3,737091087440674816,5970,Greg Dortch,WR,0,0,1
2025,17,3,737091087440674816,6804,Jordan Love,QB,0,1,1
2025,17,4,736744257179770880,7611,Rhamondre Stevenson,RB,27.2,0,1
2025,17,4,736744257179770880,9754,Quentin Johnston,WR,14.8,1,1
2025,17,4,736744257179770880,6797,Justin Herbert,QB,13.14,1,1
2025,17,4,736744257179770880,12493,Oronde Gadsden,TE,12.2,1,1
2025,17,4,736744257179770880,421,Matthew Stafford,QB,11.76,1,1
2025,17,4,736744257179770880,BUF,Buffalo Bills,DEF,9.25,1,1
2025,17,4,736744257179770880,7839,Evan McPherson,K,8.0,1,1
2025,17,4,736744257179770880,4866,Saquon Barkley,RB,6.8,1,1
2025,17,4,736744257179770880,9500,Josh Downs,WR,5.4,0,1
2025,17,4,736744257179770880,11646,Jalen Coker,WR,3.6,1,1
2025,17,4,736744257179770880,12509,Tre' Harris,WR,2.5,0,1
2025,17,4,736744257179770880,5848,Marquise Brown,WR,1.7,0,1
2025,17,4,736744257179770880,9508,Tyjae Spears,RB,1.1,0,1
2025,17,4,736744257179770880,9220,Evan Hull,RB,0.3,1,1
2025,17,4,736744257179770880,10229,Rashee Rice,WR,0,0,1
2025,17,4,736744257179770880,12481,Cam Skattebo,RB,0,0,1
2025,17,4,736744257179770880,4217,George Kittle,TE,0,1,1
2025,17,5,716698629934481408,8183,Brock Purdy,QB,35.92,1,1
2025,17,5,716698629934481408,12519,Luther Burden,WR,28.3,1,1
2025,17,5,716698629934481408,4037,Chris Godwin,WR,24.3,0,1
2025,17,5,716698629934481408,12517,Colston Loveland,TE,21.4,1,1
2025,17,5,716698629934481408,12522,Cam Ward,QB,16.04,1,1
2025,17,5,716698629934481408,9756,Jordan Addison,WR,14.0,0,1
2025,17,5,716698629934481408,5967,Tony Pollard,RB,11.5,0,1
2025,17,5,716698629934481408,6801,Tee Higgins,WR,9.9,1,1
2025,17,5,716698629934481408,LAR,Los Angeles Rams,DEF,9.5,0,1
2025,17,5,716698629934481408,12529,TreVeyon Henderson,RB,8.2,1,1
2025,17,5,716698629934481408,8110,Jake Ferguson,TE,7.6,0,1
2025,17,5,716698629934481408,96,Aaron Rodgers,QB,6.32,0,1
2025,17,5,716698629934481408,7607,Michael Carter,RB,6.3,1,1
2025,17,5,716698629934481408,12713,Andy Borregales,K,3.0,1,1
2025,17,5,716698629934481408,4983,DJ Moore,WR,1.7,0,1
2025,17,5,716698629934481408,7526,Jaylen Waddle,WR,0.7,1,1
2025,17,6,736740647758938112,11560,Caleb Williams,QB,23.5,1,1
2025,17,6,736740647758938112,6790,D'Andre Swift,RB,21.9,1,1
2025,17,6,736740647758938112,12489,RJ Harvey,RB,18.6,1,1
2025,17,6,736740647758938112,11786,Cam Little,K,14.0,1,1
2025,17,6,736740647758938112,5872,Deebo Samuel,WR,11.3,1,1
2025,17,6,736740647758938112,NE,New England Patriots,DEF,10.75,1,1
2025,17,6,736740647758938112,8134,Khalil Shakir,WR,9.5,0,1
2025,17,6,736740647758938112,12524,Shedeur Sanders,QB,9.44,1,1
2025,17,6,736740647758938112,1166,Kirk Cousins,QB,9.14,0,1
2025,17,6,736740647758938112,7569,Nico Collins,WR,8.7,1,1
2025,17,6,736740647758938112,11584,Bucky Irving,RB,8.3,1,1
2025,17,6,736740647758938112,5892,David Montgomery,RB,6.0,0,1
2025,17,6,736740647758938112,7553,Kyle Pitts,TE,3.6,1,1
2025,17,6,736740647758938112,2133,Davante Adams,WR,0,0,1
2025,17,6,736740647758938112,9504,Kayshon Boutte,WR,0,0,1
2025,17,6,736740647758938112,SF,San Francisco 49ers,DEF,-3.0,0,1
2025,17,7,735974647736213504,6770,Joe Burrow,QB,20.4,1,1
2025,17,7,735974647736213504,9482,Michael Mayer,TE,17.9,1,1
2025,17,7,735974647736213504,11579,Audric Estime,RB,16.8,0,1
2025,17,7,735974647736213504,2747,Jason Myers,K,10.0,1,1
2025,17,7,735974647736213504,6786,CeeDee Lamb,WR,9.6,1,1
2025,17,7,735974647736213504,10222,Jayden Reed,WR,8.1,0,1
2025,17,7,735974647736213504,11631,Brian Thomas,WR,7.9,1,1
2025,17,7,735974647736213504,331,Philip Rivers,QB,7.78,0,1
2025,17,7,735974647736213504,12534,Kyle Monangai,RB,7.7,1,1
2025,17,7,735974647736213504,1373,Geno Smith,QB,7.14,1,1
2025,17,7,735974647736213504,12469,Dylan Sampson,RB,5.7,1,1
2025,17,7,735974647736213504,8148,Jameson Williams,WR,5.7,1,1
2025,17,7,735974647736213504,12472,Raheim Sanders,RB,4.1,0,1
2025,17,7,735974647736213504,DAL,Dallas Cowboys,DEF,2.0,1,1
2025,17,7,735974647736213504,10236,Dalton Kincaid,TE,0,0,1
2025,17,7,735974647736213504,12512,Quinshon Judkins,RB,0,0,1
2025,17,7,735974647736213504,5870,Daniel Jones,QB,0,0,1
2025,17,8,736803054736822272,3198,Derrick Henry,RB,46.6,1,1
2025,17,8,736803054736822272,4034,Christian McCaffrey,RB,28.6,1,1
2025,17,8,736803054736822272,8167,Christian Watson,WR,22.8,1,1
2025,17,8,736803054736822272,11563,Bo Nix,QB,19.98,1,1
2025,17,8,736803054736822272,10232,Michael Wilson,WR,19.9,1,1
2025,17,8,736803054736822272,9758,C.J. Stroud,QB,14.76,1,1
2025,17,8,736803054736822272,HOU,Houston Texans,DEF,11.75,1,1
2025,17,8,736803054736822272,5012,Mark Andrews,TE,6.8,1,1
2025,17,8,736803054736822272,1945,Chris Boswell,K,6.0,1,1
2025,17,8,736803054736822272,7525,DeVonta Smith,WR,4.5,1,1
2025,17,8,736803054736822272,11435,Emanuel Wilson,RB,3.4,0,1
2025,17,8,736803054736822272,4039,Cooper Kupp,WR,1.6,0,1
2025,17,8,736803054736822272,10219,Chris Rodriguez,RB,0,0,1
2025,17,8,736803054736822272,7585,Davis Mills,QB,0,0,1
2025,17,8,736803054736822272,8142,Alec Pierce,WR,0,0,1
2025,17,8,736803054736822272,8408,Jordan Mason,RB,0,0,1
2025,17,8,736803054736822272,9484,Tucker Kraft,TE,0,0,1
2025,17,9,710284244835979264,9487,Parker Washington,WR,19.5,1,1
2025,17,9,710284244835979264,6813,Jonathan Taylor,RB,17.4,1,1
2025,17,9,710284244835979264,6130,Devin Singletary,RB,17.0,0,1
2025,17,9,710284244835979264,4892,Baker Mayfield,QB,16.94,1,1
2025,17,9,710284244835979264,4199,Aaron Jones,RB,15.3,1,1
2025,17,9,710284244835979264,7002,Juwan Johnson,TE,13.5,1,1
2025,17,9,710284244835979264,12527,Ashton Jeanty,RB,9.3,1,1
2025,17,9,710284244835979264,5045,Courtland Sutton,WR,8.0,1,1
2025,17,9,710284244835979264,4144,Jonnu Smith,TE,7.7,0,1
2025,17,9,710284244835979264,TB,Tampa Bay Buccaneers,DEF,6.0,1,1
2025,17,9,710284244835979264,12538,Brady Cook,QB,4.18,0,1
2025,17,9,710284244835979264,11635,Ladd McConkey,WR,4.1,1,1
2025,17,9,710284244835979264,6650,Chase McLaughlin,K,3.0,1,1
2025,17,9,710284244835979264,8676,Rashid Shaheed,WR,1.8,0,1
2025,17,9,710284244835979264,10859,Sam LaPorta,TE,0,0,1
2025,17,9,710284244835979264,11620,Rome Odunze,WR,0,0,1
2025,17,9,710284244835979264,4881,Lamar Jackson,QB,0,0,1
2025,17,10,475399371639222272,9509,Bijan Robinson,RB,41.9,1,1
2025,17,10,475399371639222272,9753,Zach Charbonnet,RB,26.7,0,1
2025,17,10,475399371639222272,3294,Dak Prescott,QB,23.68,1,1
2025,17,10,475399371639222272,4984,Josh Allen,QB,22.18,1,1
2025,17,10,475399371639222272,12545,Tyler Shough,QB,20.92,0,1
2025,17,10,475399371639222272,9488,Jaxon Smith-Njigba,WR,16.2,1,1
2025,17,10,475399371639222272,3214,Hunter Henry,TE,13.9,1,1
2025,17,10,475399371639222272,2216,Mike Evans,WR,12.1,1,1
2025,17,10,475399371639222272,5927,Terry McLaurin,WR,11.3,1,1
2025,17,10,475399371639222272,DET,Detroit Lions,DEF,10.75,0,1
2025,17,10,475399371639222272,DEN,Denver Broncos,DEF,8.25,1,1
2025,17,10,475399371639222272,11655,Tyrone Tracy,RB,6.7,0,1
2025,17,10,475399371639222272,9221,Jahmyr Gibbs,RB,6.4,1,1
2025,17,10,475399371639222272,11627,Troy Franklin,WR,5.7,0,1
2025,17,10,475399371639222272,11539,Jake Bates,K,5.0,1,1
2025,17,10,475399371639222272,1479,Keenan Allen,WR,2.7,0,1
2025,17,11,865793938542456832,11564,Drake Maye,QB,32.44,1,1
2025,17,11,865793938542456832,11638,Ricky Pearsall,WR,13.5,0,1
2025,17,11,865793938542456832,NO,New Orleans Saints,DEF,13.0,1,1
2025,17,11,865793938542456832,8137,George Pickens,WR,11.8,1,1
2025,17,11,865793938542456832,6865,Colby Parkinson,TE,11.3,0,1
2025,17,11,865793938542456832,7543,Travis Etienne,RB,11.2,1,1
2025,17,11,865793938542456832,6783,Jerry Jeudy,WR,10.4,0,1
2025,17,11,865793938542456832,4227,Harrison Butker,K,10.0,1,1
2025,17,11,865793938542456832,6904,Jalen Hurts,QB,8.9,1,1
2025,17,11,865793938542456832,11625,Adonai Mitchell,WR,5.2,0,1
2025,17,11,865793938542456832,5001,Dalton Schultz,TE,3.9,1,1
2025,17,11,865793938542456832,6819,Michael Pittman,WR,3.6,0,1
2025,17,11,865793938542456832,11586,Blake Corum,RB,1.8,1,1
2025,17,11,865793938542456832,5850,Josh Jacobs,RB,1.3,1,1
2025,17,11,865793938542456832,11628,Marvin Harrison,WR,0,1,1
2025,17,12,1136842855890366464,9224,Chase Brown,RB,29.6,1,1
2025,17,12,1136842855890366464,8144,Chris Olave,WR,26.4,1,1
2025,17,12,1136842855890366464,8155,Breece Hall,RB,22.9,0,1
2025,17,12,1136842855890366464,9493,Puka Nacua,WR,15.7,1,1
2025,17,12,1136842855890366464,PHI,Philadelphia Eagles,DEF,12.75,1,1
2025,17,12,1136842855890366464,12506,Harold Fannin,TE,11.0,1,1
2025,17,12,1136842855890366464,5022,Dallas Goedert,TE,9.8,0,1
2025,17,12,1136842855890366464,5947,Jakobi Meyers,WR,7.9,0,1
2025,17,12,1136842855890366464,8228,Jaylen Warren,RB,5.4,1,1
2025,17,12,1136842855890366464,3163,Jared Goff,QB,2.08,1,1
2025,17,12,1136842855890366464,4046,Patrick Mahomes,QB,0,0,1
2025,17,12,1136842855890366464,5846,DK Metcalf,WR,0,1,1
2025,17,12,1136842855890366464,6011,Gardner Minshew,QB,0,1,1
2025,17,12,1136842855890366464,8259,Cameron Dicker,K,0,1,1
2025,18,1,608781531883859968,12508,Jaxson Dart,QB,19.4,1,1
2025,18,1,608781531883859968,8112,Drake London,WR,17.8,1,1
2025,18,1,608781531883859968,8151,Kenneth Walker,RB,17.3,1,1
2025,18,1,608781531883859968,3257,Jacoby Brissett,QB,15.62,1,1
2025,18,1,608781531883859968,9228,Bryce Young,QB,15.54,0,1
2025,18,1,608781531883859968,8130,Trey McBride,TE,13.5,1,1
2025,18,1,608781531883859968,12526,Tetairoa McMillan,WR,10.5,1,1
2025,18,1,608781531883859968,8131,Isaiah Likely,TE,5.2,0,1
2025,18,1,608781531883859968,7594,Chuba Hubbard,RB,3.7,0,1
2025,18,1,608781531883859968,11533,Brandon Aubrey,K,3.0,1,1
2025,18,1,608781531883859968,7021,Rico Dowdle,RB,3.0,1,1
2025,18,1,608781531883859968,11647,Kimani Vidal,RB,2.0,0,1
2025,18,1,608781531883859968,12514,Emeka Egbuka,WR,1.8,1,1
2025,18,1,608781531883859968,11588,Jawhar Jordan,RB,0.3,0,1
2025,18,1,608781531883859968,6803,Brandon Aiyuk,WR,0,0,1
2025,18,1,608781531883859968,TEN,Tennessee Titans,DEF,-1.5,1,1
2025,18,2,736077599457026048,3451,Ka'imi Fairbairn,K,26.0,1,1
2025,18,2,736077599457026048,7564,Ja'Marr Chase,WR,23.6,1,1
2025,18,2,736077599457026048,7523,Trevor Lawrence,QB,23.3,1,1
2025,18,2,736077599457026048,9480,Brenton Strange,TE,17.2,1,1
2025,18,2,736077599457026048,SEA,Seattle Seahawks,DEF,14.75,0,1
2025,18,2,736077599457026048,7049,Jauan Jennings,WR,7.5,0,1
2025,18,2,736077599457026048,2449,Stefon Diggs,WR,7.3,1,1
2025,18,2,736077599457026048,12474,Woody Marks,RB,6.8,0,1
2025,18,2,736077599457026048,PIT,Pittsburgh Steelers,DEF,3.75,1,1
2025,18,2,736077599457026048,1466,Travis Kelce,TE,3.2,0,1
2025,18,2,736077599457026048,12507,Omarion Hampton,RB,0,0,1
2025,18,2,736077599457026048,2307,Marcus Mariota,QB,0,0,1
2025,18,2,736077599457026048,5859,A.J. Brown,WR,0,1,1
2025,18,2,736077599457026048,7588,Javonte Williams,RB,0,1,1
2025,18,2,736077599457026048,8161,Malik Willis,QB,0,1,1
2025,18,2,736077599457026048,9226,De'Von Achane,RB,0,1,1
2025,18,3,737091087440674816,9997,Zay Flowers,WR,33.3,1,1
2025,18,3,737091087440674816,7547,Amon-Ra St. Brown,WR,25.4,1,1
2025,18,3,737091087440674816,7567,Kenny Gainwell,RB,21.4,0,1
2025,18,3,737091087440674816,CLE,Cleveland Browns,DEF,20.5,1,1
2025,18,3,737091087440674816,6794,Justin Jefferson,WR,18.9,1,1
2025,18,3,737091087440674816,11783,Ryan Flournoy,WR,11.8,0,1
2025,18,3,737091087440674816,8150,Kyren Williams,RB,11.1,1,1
2025,18,3,737091087440674816,11637,Keon Coleman,WR,8.9,0,1
2025,18,3,737091087440674816,4943,Sam Darnold,QB,7.82,1,1
2025,18,3,737091087440674816,12518,Tyler Warren,TE,7.6,1,1
2025,18,3,737091087440674816,4195,Jake Elliott,K,5.0,1,1
2025,18,3,737091087440674816,8138,James Cook,RB,1.5,1,1
2025,18,3,737091087440674816,11624,Xavier Worthy,WR,0,0,1
2025,18,3,737091087440674816,5970,Greg Dortch,WR,0,0,1
2025,18,3,737091087440674816,6804,Jordan Love,QB,0,1,1
2025,18,3,737091087440674816,8126,Wan'Dale Robinson,WR,0,0,1
2025,18,4,736744257179770880,7611,Rhamondre Stevenson,RB,35.8,0,1
2025,18,4,736744257179770880,421,Matthew Stafford,QB,27.16,1,1
2025,18,4,736744257179770880,11646,Jalen Coker,WR,16.7,1,1
2025,18,4,736744257179770880,BUF,Buffalo Bills,DEF,10.75,1,1
2025,18,4,736744257179770880,9508,Tyjae Spears,RB,9.7,0,1
2025,18,4,736744257179770880,9500,Josh Downs,WR,9.6,0,1
2025,18,4,736744257179770880,5848,Marquise Brown,WR,9.4,0,1
2025,18,4,736744257179770880,4217,George Kittle,TE,7.9,1,1
2025,18,4,736744257179770880,12493,Oronde Gadsden,TE,4.3,1,1
2025,18,4,736744257179770880,9220,Evan Hull,RB,1.1,1,1
2025,18,4,736744257179770880,10229,Rashee Rice,WR,0,0,1
2025,18,4,736744257179770880,12481,Cam Skattebo,RB,0,0,1
2025,18,4,736744257179770880,4866,Saquon Barkley,RB,0,1,1
2025,18,4,736744257179770880,6797,Justin Herbert,QB,0,1,1
2025,18,4,736744257179770880,9754,Quentin Johnston,WR,0,1,1
2025,18,4,736744257179770880,7839,Evan McPherson,K,-2.0,1,1
2025,18,5,716698629934481408,12517,Colston Loveland,TE,25.1,1,1
2025,18,5,716698629934481408,6801,Tee Higgins,WR,18.7,1,1
2025,18,5,716698629934481408,96,Aaron Rodgers,QB,18.26,0,1
2025,18,5,716698629934481408,12529,TreVeyon Henderson,RB,17.3,1,1
2025,18,5,716698629934481408,LAR,Los Angeles Rams,DEF,11.5,0,1
2025,18,5,716698629934481408,5967,Tony Pollard,RB,9.5,0,1
2025,18,5,716698629934481408,12522,Cam Ward,QB,9.18,1,1
2025,18,5,716698629934481408,12519,Luther Burden,WR,7.5,1,1
2025,18,5,716698629934481408,12713,Andy Borregales,K,7.0,1,1
2025,18,5,716698629934481408,7607,Michael Carter,RB,6.9,1,1
2025,18,5,716698629934481408,8183,Brock Purdy,QB,5.18,1,1
2025,18,5,716698629934481408,4983,DJ Moore,WR,2.1,0,1
2025,18,5,716698629934481408,4037,Chris Godwin,WR,1.8,0,1
2025,18,5,716698629934481408,9756,Jordan Addison,WR,1.8,0,1
2025,18,5,716698629934481408,8110,Jake Ferguson,TE,1.5,0,1
2025,18,5,716698629934481408,7526,Jaylen Waddle,WR,0,1,1
2025,18,6,736740647758938112,NE,New England Patriots,DEF,16.5,1,1
2025,18,6,736740647758938112,11560,Caleb Williams,QB,15.58,1,1
2025,18,6,736740647758938112,11786,Cam Little,K,15.0,1,1
2025,18,6,736740647758938112,7553,Kyle Pitts,TE,11.8,1,1
2025,18,6,736740647758938112,11584,Bucky Irving,RB,10.8,1,1
2025,18,6,736740647758938112,1166,Kirk Cousins,QB,9.2,0,1
2025,18,6,736740647758938112,5892,David Montgomery,RB,6.5,0,1
2025,18,6,736740647758938112,6790,D'Andre Swift,RB,5.8,1,1
2025,18,6,736740647758938112,12524,Shedeur Sanders,QB,5.04,1,1
2025,18,6,736740647758938112,SF,San Francisco 49ers,DEF,4.5,0,1
2025,18,6,736740647758938112,9504,Kayshon Boutte,WR,4.4,0,1
2025,18,6,736740647758938112,12489,RJ Harvey,RB,4.3,1,1
2025,18,6,736740647758938112,5872,Deebo Samuel,WR,3.1,1,1
2025,18,6,736740647758938112,2133,Davante Adams,WR,0,0,1
2025,18,6,736740647758938112,7569,Nico Collins,WR,0,1,1
2025,18,6,736740647758938112,8134,Khalil Shakir,WR,0,0,1
2025,18,7,735974647736213504,6770,Joe Burrow,QB,20.64,1,1
2025,18,7,735974647736213504,11579,Audric Estime,RB,15.6,0,1
2025,18,7,735974647736213504,8148,Jameson Williams,WR,13.4,1,1
2025,18,7,735974647736213504,11631,Brian Thomas,WR,7.9,1,1
2025,18,7,735974647736213504,10236,Dalton Kincaid,TE,7.8,0,1
2025,18,7,735974647736213504,9482,Michael Mayer,TE,7.7,1,1
2025,18,7,735974647736213504,12469,Dylan Sampson,RB,6.4,1,1
2025,18,7,735974647736213504,12534,Kyle Monangai,RB,5.9,1,1
2025,18,7,735974647736213504,DAL,Dallas Cowboys,DEF,3.5,1,1
2025,18,7,735974647736213504,6786,CeeDee Lamb,WR,1.4,1,1
2025,18,7,735974647736213504,2747,Jason Myers,K,1.0,1,1
2025,18,7,735974647736213504,10222,Jayden Reed,WR,0,0,1
2025,18,7,735974647736213504,12512,Quinshon Judkins,RB,0,0,1
2025,18,7,735974647736213504,1373,Geno Smith,QB,0,1,1
2025,18,7,735974647736213504,331,Philip Rivers,QB,0,0,1
2025,18,7,735974647736213504,4035,Alvin Kamara,RB,0,0,1
2025,18,7,735974647736213504,5870,Daniel Jones,QB,0,0,1
2025,18,8,736803054736822272,8142,Alec Pierce,WR,31.2,0,1
2025,18,8,736803054736822272,10232,Michael Wilson,WR,21.4,1,1
2025,18,8,736803054736822272,9758,C.J. Stroud,QB,17.26,1,1
2025,18,8,736803054736822272,10219,Chris Rodriguez,RB,15.3,0,1
2025,18,8,736803054736822272,3198,Derrick Henry,RB,13.1,1,1
2025,18,8,736803054736822272,HOU,Houston Texans,DEF,11.75,1,1
2025,18,8,736803054736822272,4034,Christian McCaffrey,RB,11.7,1,1
2025,18,8,736803054736822272,11563,Bo Nix,QB,10.54,1,1
2025,18,8,736803054736822272,8408,Jordan Mason,RB,9.4,0,1
2025,18,8,736803054736822272,1945,Chris Boswell,K,9.0,1,1
2025,18,8,736803054736822272,7525,DeVonta Smith,WR,8.2,1,1
2025,18,8,736803054736822272,11435,Emanuel Wilson,RB,5.8,0,1
2025,18,8,736803054736822272,4039,Cooper Kupp,WR,4.9,0,1
2025,18,8,736803054736822272,5012,Mark Andrews,TE,3.4,1,1
2025,18,8,736803054736822272,7585,Davis Mills,QB,2.64,0,1
2025,18,8,736803054736822272,8167,Christian Watson,WR,0,1,1
2025,18,8,736803054736822272,9484,Tucker Kraft,TE,0,0,1
2025,18,9,710284244835979264,4881,Lamar Jackson,QB,22.42,0,1
2025,18,9,710284244835979264,9487,Parker Washington,WR,18.7,1,1
2025,18,9,710284244835979264,12527,Ashton Jeanty,RB,12.4,1,1
2025,18,9,710284244835979264,4892,Baker Mayfield,QB,12.22,1,1
2025,18,9,710284244835979264,6130,Devin Singletary,RB,10.6,0,1
2025,18,9,710284244835979264,12538,Brady Cook,QB,9.1,0,1
2025,18,9,710284244835979264,TB,Tampa Bay Buccaneers,DEF,8.5,1,1
2025,18,9,710284244835979264,6650,Chase McLaughlin,K,8.0,1,1
2025,18,9,710284244835979264,7002,Juwan Johnson,TE,7.1,1,1
2025,18,9,710284244835979264,6813,Jonathan Taylor,RB,5.9,1,1
2025,18,9,710284244835979264,5045,Courtland Sutton,WR,1.5,1,1
2025,18,9,710284244835979264,4144,Jonnu Smith,TE,1.4,0,1
2025,18,9,710284244835979264,8676,Rashid Shaheed,WR,1.2,0,1
2025,18,9,710284244835979264,10859,Sam LaPorta,TE,0,0,1
2025,18,9,710284244835979264,11620,Rome Odunze,WR,0,0,1
2025,18,9,710284244835979264,11635,Ladd McConkey,WR,0,1,1
2025,18,9,710284244835979264,4199,Aaron Jones,RB,0,1,1
2025,18,10,475399371639222272,11655,Tyrone Tracy,RB,28.4,0,1
2025,18,10,475399371639222272,DEN,Denver Broncos,DEF,22.5,1,1
2025,18,10,475399371639222272,12545,Tyler Shough,QB,21.76,0,1
2025,18,10,475399371639222272,9221,Jahmyr Gibbs,RB,20.3,1,1
2025,18,10,475399371639222272,9753,Zach Charbonnet,RB,18.7,0,1
2025,18,10,475399371639222272,9488,Jaxon Smith-Njigba,WR,14.4,1,1
2025,18,10,475399371639222272,11539,Jake Bates,K,12.0,1,1
2025,18,10,475399371639222272,1479,Keenan Allen,WR,10.6,0,1
2025,18,10,475399371639222272,3214,Hunter Henry,TE,10.6,1,1
2025,18,10,475399371639222272,5927,Terry McLaurin,WR,9.7,1,1
2025,18,10,475399371639222272,DET,Detroit Lions,DEF,8.25,0,1
2025,18,10,475399371639222272,9509,Bijan Robinson,RB,7.3,1,1
2025,18,10,475399371639222272,2216,Mike Evans,WR,5.4,1,1
2025,18,10,475399371639222272,3294,Dak Prescott,QB,0.7,1,1
2025,18,10,475399371639222272,11627,Troy Franklin,WR,0,0,1
2025,18,10,475399371639222272,4984,Josh Allen,QB,0,1,1
2025,18,11,865793938542456832,6865,Colby Parkinson,TE,19.6,0,1
2025,18,11,865793938542456832,11564,Drake Maye,QB,15.74,1,1
2025,18,11,865793938542456832,4227,Harrison Butker,K,15.0,1,1
2025,18,11,865793938542456832,5001,Dalton Schultz,TE,11.3,1,1
2025,18,11,865793938542456832,NO,New Orleans Saints,DEF,9.0,1,1
2025,18,11,865793938542456832,11586,Blake Corum,RB,7.9,1,1
2025,18,11,865793938542456832,7543,Travis Etienne,RB,4.8,1,1
2025,18,11,865793938542456832,6783,Jerry Jeudy,WR,4.2,0,1
2025,18,11,865793938542456832,6819,Michael Pittman,WR,3.1,0,1
2025,18,11,865793938542456832,8137,George Pickens,WR,1.9,1,1
2025,18,11,865793938542456832,11625,Adonai Mitchell,WR,0,0,1
2025,18,11,865793938542456832,11628,Marvin Harrison,WR,0,1,1
2025,18,11,865793938542456832,11638,Ricky Pearsall,WR,0,0,1
2025,18,11,865793938542456832,5850,Josh Jacobs,RB,0,1,1
2025,18,11,865793938542456832,6904,Jalen Hurts,QB,0,1,1
2025,18,11,865793938542456832,8800,Malik Davis,RB,0,0,1
2025,18,12,1136842855890366464,9493,Puka Nacua,WR,26.0,1,1
2025,18,12,1136842855890366464,9224,Chase Brown,RB,19.0,1,1
2025,18,12,1136842855890366464,3163,Jared Goff,QB,15.74,1,1
2025,18,12,1136842855890366464,8228,Jaylen Warren,RB,14.9,1,1
2025,18,12,1136842855890366464,5947,Jakobi Meyers,WR,9.4,0,1
2025,18,12,1136842855890366464,PHI,Philadelphia Eagles,DEF,7.5,1,1
2025,18,12,1136842855890366464,8259,Cameron Dicker,K,3.0,1,1
2025,18,12,1136842855890366464,12506,Harold Fannin,TE,0,1,1
2025,18,12,1136842855890366464,4046,Patrick Mahomes,QB,0,0,1
2025,18,12,1136842855890366464,5022,Dallas Goedert,TE,0,0,1
2025,18,12,1136842855890366464,5846,DK Metcalf,WR,0,1,1
2025,18,12,1136842855890366464,6011,Gardner Minshew,QB,0,1,1
2025,18,12,1136842855890366464,8144,Chris Olave,WR,0,1,1
2025,18,12,1136842855890366464,8155,Breece Hall,RB,0,0,1
