season,week,roster_id,user_id,player_id,player_name,position,points,started,is_playoff
2026,1,1,608781531883859968,9221,Jahmyr Gibbs,RB,34.1,1,0
2026,1,1,608781531883859968,5892,David Montgomery,RB,28.9,1,0
2026,1,1,608781531883859968,9997,Zay Flowers,WR,28.0,1,0
2026,1,1,608781531883859968,12508,Jaxson Dart,QB,25.6,1,0
2026,1,1,608781531883859968,8130,Trey McBride,TE,24.5,1,0
2026,1,1,608781531883859968,7594,Chuba Hubbard,RB,23.7,1,0
2026,1,1,608781531883859968,6797,Justin Herbert,QB,13.26,1,0
2026,1,1,608781531883859968,12514,Emeka Egbuka,WR,11.3,1,0
2026,1,1,608781531883859968,13337,Emmett Johnson,RB,8.8,0,0
2026,1,1,608781531883859968,11610,Malik Washington,WR,6.3,0,0
2026,1,1,608781531883859968,11631,Brian Thomas,WR,6.0,0,0
2026,1,1,608781531883859968,9500,Josh Downs,WR,5.7,0,0
2026,1,1,608781531883859968,11586,Blake Corum,RB,5.4,0,0
2026,1,1,608781531883859968,11533,Brandon Aubrey,K,2.0,1,0
2026,1,1,608781531883859968,11559,Michael Penix,QB,0,0,0
2026,1,1,608781531883859968,9753,Zach Charbonnet,RB,0,0,0
2026,1,1,608781531883859968,TEN,Tennessee Titans,DEF,-2.3,1,0
2026,1,2,736077599457026048,8167,Christian Watson,WR,34.7,0,0
2026,1,2,736077599457026048,9509,Bijan Robinson,RB,29.3,1,0
2026,1,2,736077599457026048,7523,Trevor Lawrence,QB,26.1,1,0
2026,1,2,736077599457026048,7588,Javonte Williams,RB,24.2,1,0
2026,1,2,736077599457026048,7569,Nico Collins,WR,21.2,1,0
2026,1,2,736077599457026048,9487,Parker Washington,WR,19.3,1,0
2026,1,2,736077599457026048,9224,Chase Brown,RB,18.8,1,0
2026,1,2,736077599457026048,3163,Jared Goff,QB,15.94,1,0
2026,1,2,736077599457026048,JAX,Jacksonville Jaguars,DEF,14.0,1,0
2026,1,2,736077599457026048,96,Aaron Rodgers,QB,12.54,0,0
2026,1,2,736077599457026048,5012,Mark Andrews,TE,8.9,1,0
2026,1,2,736077599457026048,3451,Ka'imi Fairbairn,K,7.0,1,0
2026,1,2,736077599457026048,9754,Quentin Johnston,WR,3.7,0,0
2026,1,2,736077599457026048,5927,Terry McLaurin,WR,3.4,0,0
2026,1,2,736077599457026048,7567,Kenny Gainwell,RB,2.8,0,0
2026,1,2,736077599457026048,8121,Romeo Doubs,WR,0,0,0
2026,1,3,737091087440674816,8155,Breece Hall,RB,20.3,1,0
2026,1,3,737091087440674816,6786,CeeDee Lamb,WR,15.4,1,0
2026,1,3,737091087440674816,SEA,Seattle Seahawks,DEF,14.5,1,0
2026,1,3,737091087440674816,8146,Garrett Wilson,WR,13.9,1,0
2026,1,3,737091087440674816,12526,Tetairoa McMillan,WR,10.5,1,0
2026,1,3,737091087440674816,12518,Tyler Warren,TE,10.3,1,0
2026,1,3,737091087440674816,8142,Alec Pierce,WR,10.1,0,0
2026,1,3,737091087440674816,11564,Drake Maye,QB,9.82,1,0
2026,1,3,737091087440674816,7021,Rico Dowdle,RB,4.1,1,0
2026,1,3,737091087440674816,11581,MarShawn Lloyd,RB,3.7,0,0
2026,1,3,737091087440674816,8154,Brian Robinson,RB,3.1,0,0
2026,1,3,737091087440674816,10219,Chris Rodriguez,RB,2.3,0,0
2026,1,3,737091087440674816,12015,Harrison Mevis,K,1.0,1,0
2026,1,3,737091087440674816,4943,Sam Darnold,QB,0.52,1,0
2026,1,3,737091087440674816,5850,Josh Jacobs,RB,0,0,0
2026,1,3,737091087440674816,7528,Najee Harris,RB,0,0,0
2026,1,4,736744257179770880,12545,Tyler Shough,QB,23.7,1,0
2026,1,4,736744257179770880,12481,Cam Skattebo,RB,13.1,1,0
2026,1,4,736744257179770880,13287,Jeremiyah Love,RB,13.0,1,0
2026,1,4,736744257179770880,9493,Puka Nacua,WR,12.4,1,0
2026,1,4,736744257179770880,10859,Sam LaPorta,TE,9.8,1,0
2026,1,4,736744257179770880,MIN,Minnesota Vikings,DEF,9.3,1,0
2026,1,4,736744257179770880,8138,James Cook,RB,8.9,1,0
2026,1,4,736744257179770880,7525,DeVonta Smith,WR,8.3,1,0
2026,1,4,736744257179770880,13279,Carnell Tate,WR,7.8,0,0
2026,1,4,736744257179770880,2747,Jason Myers,K,7.0,1,0
2026,1,4,736744257179770880,8180,Jalen Nailor,WR,5.7,0,0
2026,1,4,736744257179770880,13305,Mike Washington,RB,4.1,0,0
2026,1,4,736744257179770880,421,Matthew Stafford,QB,4.1,1,0
2026,1,4,736744257179770880,13276,Omar Cooper,WR,4.0,0,0
2026,1,4,736744257179770880,8110,Jake Ferguson,TE,2.6,0,0
2026,1,4,736744257179770880,13269,Fernando Mendoza,QB,0,0,0
2026,1,5,716698629934481408,3198,Derrick Henry,RB,35.8,1,0
2026,1,5,716698629934481408,4983,DJ Moore,WR,22.0,1,0
2026,1,5,716698629934481408,8183,Brock Purdy,QB,21.6,1,0
2026,1,5,716698629934481408,2449,Stefon Diggs,WR,15.5,0,0
2026,1,5,716698629934481408,7839,Evan McPherson,K,15.0,1,0
2026,1,5,716698629934481408,6770,Joe Burrow,QB,13.66,1,0
2026,1,5,716698629934481408,12533,Jacory Croskey-Merritt,RB,11.6,0,0
2026,1,5,716698629934481408,9226,De'Von Achane,RB,10.6,1,0
2026,1,5,716698629934481408,8126,Wan'Dale Robinson,WR,8.8,1,0
2026,1,5,716698629934481408,11628,Marvin Harrison,WR,4.3,1,0
2026,1,5,716698629934481408,4217,George Kittle,TE,3.2,1,0
2026,1,5,716698629934481408,9504,Kayshon Boutte,WR,3.1,0,0
2026,1,5,716698629934481408,13294,Makai Lemon,WR,2.5,0,0
2026,1,5,716698629934481408,8676,Rashid Shaheed,WR,1.4,0,0
2026,1,5,716698629934481408,DEN,Denver Broncos,DEF,0.9,1,0
2026,1,5,716698629934481408,12495,Ollie Gordon,RB,0,0,0
2026,1,6,736740647758938112,6790,D'Andre Swift,RB,32.9,1,0
2026,1,6,736740647758938112,6813,Jonathan Taylor,RB,25.1,1,0
2026,1,6,736740647758938112,4046,Patrick Mahomes,QB,21.66,0,0
2026,1,6,736740647758938112,4034,Christian McCaffrey,RB,13.8,1,0
2026,1,6,736740647758938112,11632,Malik Nabers,WR,12.9,0,0
2026,1,6,736740647758938112,10232,Michael Wilson,WR,10.6,0,0
2026,1,6,736740647758938112,5870,Daniel Jones,QB,9.04,1,0
2026,1,6,736740647758938112,8148,Jameson Williams,WR,8.5,1,0
2026,1,6,736740647758938112,11539,Jake Bates,K,7.0,1,0
2026,1,6,736740647758938112,3214,Hunter Henry,TE,5.6,0,0
2026,1,6,736740647758938112,10213,Tre Tucker,WR,4.7,0,0
2026,1,6,736740647758938112,9508,Tyjae Spears,RB,4.4,0,0
2026,1,6,736740647758938112,7553,Kyle Pitts,TE,0,1,0
2026,1,6,736740647758938112,9756,Jordan Addison,WR,0,1,0
2026,1,6,736740647758938112,5849,Kyler Murray,QB,-0.38,1,0
2026,1,6,736740647758938112,HOU,Houston Texans,DEF,-2.85,1,0
2026,1,7,735974647736213504,4984,Josh Allen,QB,34.66,1,0
2026,1,7,735974647736213504,6904,Jalen Hurts,QB,24.72,1,0
2026,1,7,735974647736213504,11635,Ladd McConkey,WR,19.2,1,0
2026,1,7,735974647736213504,10236,Dalton Kincaid,TE,18.5,1,0
2026,1,7,735974647736213504,2216,Mike Evans,WR,16.9,1,0
2026,1,7,735974647736213504,7611,Rhamondre Stevenson,RB,14.5,1,0
2026,1,7,735974647736213504,6083,Matt Gay,K,9.0,1,0
2026,1,7,735974647736213504,13414,Kaelon Black,RB,8.0,0,0
2026,1,7,735974647736213504,13286,Jadarian Price,RB,7.8,0,0
2026,1,7,735974647736213504,12512,Quinshon Judkins,RB,7.0,1,0
2026,1,7,735974647736213504,5859,A.J. Brown,WR,5.6,1,0
2026,1,7,735974647736213504,5967,Tony Pollard,RB,4.4,0,0
2026,1,7,735974647736213504,13293,Ja'Kobi Lane,WR,2.1,0,0
2026,1,7,735974647736213504,9511,Keaton Mitchell,RB,0.9,0,0
2026,1,7,735974647736213504,13281,Jordyn Tyson,WR,0,0,0
2026,1,7,735974647736213504,13417,De'Zhaun Stribling,WR,0,0,0
2026,1,7,735974647736213504,LAC,Los Angeles Chargers,DEF,-2.6,1,0
2026,1,8,736803054736822272,9488,Jaxon Smith-Njigba,WR,27.2,1,0
2026,1,8,736803054736822272,6804,Jordan Love,QB,19.48,1,0
2026,1,8,736803054736822272,12501,Matthew Golden,WR,15.5,0,0
2026,1,8,736803054736822272,9486,Dontayvion Wicks,WR,15.3,0,0
2026,1,8,736803054736822272,7002,Juwan Johnson,TE,14.4,0,0
2026,1,8,736803054736822272,11786,Cam Little,K,10.0,1,0
2026,1,8,736803054736822272,12519,Luther Burden,WR,9.5,1,0
2026,1,8,736803054736822272,9484,Tucker Kraft,TE,9.5,1,0
2026,1,8,736803054736822272,4866,Saquon Barkley,RB,9.0,1,0
2026,1,8,736803054736822272,12489,RJ Harvey,RB,8.1,1,0
2026,1,8,736803054736822272,8137,George Pickens,WR,5.8,1,0
2026,1,8,736803054736822272,12474,Woody Marks,RB,5.0,0,0
2026,1,8,736803054736822272,8136,Rachaad White,RB,4.7,0,0
2026,1,8,736803054736822272,11563,Bo Nix,QB,3.44,1,0
2026,1,8,736803054736822272,5045,Courtland Sutton,WR,3.1,0,0
2026,1,8,736803054736822272,LAR,Los Angeles Rams,DEF,-0.95,1,0
2026,1,9,710284244835979264,5872,Deebo Samuel,WR,18.0,0,0
2026,1,9,710284244835979264,3294,Dak Prescott,QB,14.4,1,0
2026,1,9,710284244835979264,8408,Jordan Mason,RB,11.9,0,0
2026,1,9,710284244835979264,12522,Cam Ward,QB,11.7,0,0
2026,1,9,710284244835979264,4892,Baker Mayfield,QB,11.64,1,0
2026,1,9,710284244835979264,13330,Kenyon Sadiq,TE,11.4,0,0
2026,1,9,710284244835979264,12490,Bhayshul Tuten,RB,9.8,1,0
2026,1,9,710284244835979264,9482,Michael Mayer,TE,9.2,1,0
2026,1,9,710284244835979264,13298,KC Concepcion,WR,7.8,0,0
2026,1,9,710284244835979264,11620,Rome Odunze,WR,7.2,1,0
2026,1,9,710284244835979264,11792,Will Reichard,K,7.0,1,0
2026,1,9,710284244835979264,PHI,Philadelphia Eagles,DEF,4.3,1,0
2026,1,9,710284244835979264,6806,J.K. Dobbins,RB,3.6,1,0
2026,1,9,710284244835979264,7564,Ja'Marr Chase,WR,3.2,1,0
2026,1,9,710284244835979264,7526,Jaylen Waddle,WR,1.2,1,0
2026,1,9,710284244835979264,11604,Brock Bowers,TE,0,0,0
2026,1,9,710284244835979264,13345,Jonah Coleman,RB,0,0,0
2026,1,10,475399371639222272,11560,Caleb Williams,QB,37.26,1,0
2026,1,10,475399371639222272,11646,Jalen Coker,WR,35.8,0,0
2026,1,10,475399371639222272,6794,Justin Jefferson,WR,31.2,1,0
2026,1,10,475399371639222272,8161,Malik Willis,QB,15.7,1,0
2026,1,10,475399371639222272,8150,Kyren Williams,RB,15.5,1,0
2026,1,10,475399371639222272,12711,Tyler Loop,K,11.0,1,0
2026,1,10,475399371639222272,4199,Aaron Jones,RB,10.0,1,0
2026,1,10,475399371639222272,8132,Tyler Allgeier,RB,9.0,0,0
2026,1,10,475399371639222272,4037,Chris Godwin,WR,8.3,1,0
2026,1,10,475399371639222272,5846,DK Metcalf,WR,8.0,0,0
2026,1,10,475399371639222272,11583,Jonathon Brooks,RB,7.2,0,0
2026,1,10,475399371639222272,2133,Davante Adams,WR,5.6,1,0
2026,1,10,475399371639222272,13311,Chris Bell,WR,3.5,0,0
2026,1,10,475399371639222272,NE,New England Patriots,DEF,2.7,1,0
2026,1,10,475399371639222272,12517,Colston Loveland,TE,0,1,0
2026,1,10,475399371639222272,12529,TreVeyon Henderson,RB,0,0,0
2026,1,10,475399371639222272,8205,Isiah Pacheco,RB,0,0,0
2026,1,11,865793938542456832,8151,Kenneth Walker,RB,36.1,1,0
2026,1,11,865793938542456832,12527,Ashton Jeanty,RB,33.2,1,0
2026,1,11,865793938542456832,9228,Bryce Young,QB,32.44,1,0
2026,1,11,865793938542456832,7547,Amon-Ra St. Brown,WR,28.7,1,0
2026,1,11,865793938542456832,9758,C.J. Stroud,QB,16.96,1,0
2026,1,11,865793938542456832,7543,Travis Etienne,RB,14.8,0,0
2026,1,11,865793938542456832,5947,Jakobi Meyers,WR,12.2,0,0
2026,1,11,865793938542456832,1466,Travis Kelce,TE,10.1,0,0
2026,1,11,865793938542456832,10229,Rashee Rice,WR,9.9,1,0
2026,1,11,865793938542456832,6801,Tee Higgins,WR,8.9,1,0
2026,1,11,865793938542456832,6819,Michael Pittman,WR,8.8,0,0
2026,1,11,865793938542456832,BAL,Baltimore Ravens,DEF,8.45,1,0
2026,1,11,865793938542456832,1373,Geno Smith,QB,8.3,0,0
2026,1,11,865793938542456832,1945,Chris Boswell,K,8.0,1,0
2026,1,11,865793938542456832,11624,Xavier Worthy,WR,4.8,0,0
2026,1,11,865793938542456832,12506,Harold Fannin,TE,4.1,1,0
2026,1,12,1136842855890366464,8144,Chris Olave,WR,28.7,1,0
2026,1,12,1136842855890366464,8131,Isaiah Likely,TE,26.8,1,0
2026,1,12,1136842855890366464,4881,Lamar Jackson,QB,25.96,1,0
2026,1,12,1136842855890366464,5022,Dallas Goedert,TE,24.2,0,0
2026,1,12,1136842855890366464,12534,Kyle Monangai,RB,22.4,0,0
2026,1,12,1136842855890366464,11584,Bucky Irving,RB,20.3,1,0
2026,1,12,1136842855890366464,PIT,Pittsburgh Steelers,DEF,19.7,1,0
2026,1,12,1136842855890366464,11566,Jayden Daniels,QB,17.66,1,0
2026,1,12,1136842855890366464,3257,Jacoby Brissett,QB,16.98,0,0
2026,1,12,1136842855890366464,13346,Denzel Boston,WR,14.4,0,0
2026,1,12,1136842855890366464,8228,Jaylen Warren,RB,10.3,1,0
2026,1,12,1136842855890366464,8134,Khalil Shakir,WR,9.0,0,0
2026,1,12,1136842855890366464,12507,Omarion Hampton,RB,8.3,1,0
2026,1,12,1136842855890366464,8112,Drake London,WR,5.5,1,0
2026,1,12,1136842855890366464,10222,Jayden Reed,WR,5.0,0,0
2026,1,12,1136842855890366464,8259,Cameron Dicker,K,2.0,1,0
2026,2,1,608781531883859968,9221,Jahmyr Gibbs,RB,23.3,1,0
2026,2,1,608781531883859968,8130,Trey McBride,TE,18.1,1,0
2026,2,1,608781531883859968,7594,Chuba Hubbard,RB,14.4,1,0
2026,2,1,608781531883859968,9500,Josh Downs,WR,14.2,1,0
2026,2,1,608781531883859968,11533,Brandon Aubrey,K,13.0,1,0
2026,2,1,608781531883859968,12514,Emeka Egbuka,WR,10.3,1,0
2026,2,1,608781531883859968,11586,Blake Corum,RB,9.2,0,0
2026,2,1,608781531883859968,11631,Brian Thomas,WR,7.0,0,0
2026,2,1,608781531883859968,LAC,Los Angeles Chargers,DEF,6.1,1,0
2026,2,1,608781531883859968,13337,Emmett Johnson,RB,5.5,0,0
2026,2,1,608781531883859968,13301,Antonio Williams,WR,5.4,0,0
2026,2,1,608781531883859968,6797,Justin Herbert,QB,4.88,1,0
2026,2,1,608781531883859968,5892,David Montgomery,RB,4.4,1,0
2026,2,1,608781531883859968,12508,Jaxson Dart,QB,0.8,1,0
2026,2,1,608781531883859968,11559,Michael Penix,QB,0,0,0
2026,2,1,608781531883859968,9753,Zach Charbonnet,RB,0,0,0
2026,2,1,608781531883859968,9997,Zay Flowers,WR,0,0,0
2026,2,2,736077599457026048,3163,Jared Goff,QB,28.28,1,0
2026,2,2,736077599457026048,9487,Parker Washington,WR,15.8,1,0
2026,2,2,736077599457026048,8167,Christian Watson,WR,14.1,1,0
2026,2,2,736077599457026048,9224,Chase Brown,RB,11.2,1,0
2026,2,2,736077599457026048,9509,Bijan Robinson,RB,11.1,1,0
2026,2,2,736077599457026048,5012,Mark Andrews,TE,10.9,1,0
2026,2,2,736077599457026048,7588,Javonte Williams,RB,8.0,1,0
2026,2,2,736077599457026048,5927,Terry McLaurin,WR,7.0,0,0
2026,2,2,736077599457026048,7523,Trevor Lawrence,QB,6.16,1,0
2026,2,2,736077599457026048,3451,Ka'imi Fairbairn,K,6.0,1,0
2026,2,2,736077599457026048,7567,Kenny Gainwell,RB,4.5,0,0
2026,2,2,736077599457026048,13296,Caleb Douglas,WR,3.9,0,0
2026,2,2,736077599457026048,9480,Brenton Strange,TE,3.7,0,0
2026,2,2,736077599457026048,96,Aaron Rodgers,QB,2.98,0,0
2026,2,2,736077599457026048,9754,Quentin Johnston,WR,2.4,0,0
2026,2,2,736077599457026048,KC,Kansas City Chiefs,DEF,0.25,1,0
2026,2,2,736077599457026048,7569,Nico Collins,WR,0,0,0
2026,2,3,737091087440674816,6786,CeeDee Lamb,WR,35.8,1,0
2026,2,3,737091087440674816,8146,Garrett Wilson,WR,16.7,1,0
2026,2,3,737091087440674816,12526,Tetairoa McMillan,WR,15.6,1,0
2026,2,3,737091087440674816,12518,Tyler Warren,TE,14.4,1,0
2026,2,3,737091087440674816,8155,Breece Hall,RB,14.2,1,0
2026,2,3,737091087440674816,SEA,Seattle Seahawks,DEF,8.8,1,0
2026,2,3,737091087440674816,11581,MarShawn Lloyd,RB,8.6,0,0
2026,2,3,737091087440674816,11564,Drake Maye,QB,8.02,1,0
2026,2,3,737091087440674816,7021,Rico Dowdle,RB,6.4,1,0
2026,2,3,737091087440674816,3161,Carson Wentz,QB,5.32,1,0
2026,2,3,737091087440674816,12015,Harrison Mevis,K,4.0,1,0
2026,2,3,737091087440674816,8142,Alec Pierce,WR,2.1,0,0
2026,2,3,737091087440674816,10219,Chris Rodriguez,RB,1.3,0,0
2026,2,3,737091087440674816,7528,Najee Harris,RB,0.6,0,0
2026,2,3,737091087440674816,4943,Sam Darnold,QB,0,0,0
2026,2,3,737091087440674816,5850,Josh Jacobs,RB,0,0,0
2026,2,4,736744257179770880,7525,DeVonta Smith,WR,28.2,1,0
2026,2,4,736744257179770880,421,Matthew Stafford,QB,26.98,1,0
2026,2,4,736744257179770880,12545,Tyler Shough,QB,21.88,1,0
2026,2,4,736744257179770880,8138,James Cook,RB,21.4,1,0
2026,2,4,736744257179770880,8110,Jake Ferguson,TE,20.3,0,0
2026,2,4,736744257179770880,10859,Sam LaPorta,TE,17.2,1,0
2026,2,4,736744257179770880,GB,Green Bay Packers,DEF,8.8,1,0
2026,2,4,736744257179770880,12481,Cam Skattebo,RB,8.5,1,0
2026,2,4,736744257179770880,13287,Jeremiyah Love,RB,7.5,1,0
2026,2,4,736744257179770880,2747,Jason Myers,K,7.0,1,0
2026,2,4,736744257179770880,13279,Carnell Tate,WR,5.7,0,0
2026,2,4,736744257179770880,8180,Jalen Nailor,WR,1.9,0,0
2026,2,4,736744257179770880,13305,Mike Washington,RB,0.7,0,0
2026,2,4,736744257179770880,11168,Xavier Smith,WR,0,1,0
2026,2,4,736744257179770880,13269,Fernando Mendoza,QB,0,0,0
2026,2,4,736744257179770880,13276,Omar Cooper,WR,0,0,0
2026,2,4,736744257179770880,9493,Puka Nacua,WR,0,0,0
2026,2,5,716698629934481408,8183,Brock Purdy,QB,28.48,1,0
2026,2,5,716698629934481408,2449,Stefon Diggs,WR,21.7,1,0
2026,2,5,716698629934481408,4217,George Kittle,TE,18.0,1,0
2026,2,5,716698629934481408,3198,Derrick Henry,RB,17.7,1,0
2026,2,5,716698629934481408,6770,Joe Burrow,QB,16.18,1,0
2026,2,5,716698629934481408,9226,De'Von Achane,RB,12.3,1,0
2026,2,5,716698629934481408,11834,Devaughn Vele,WR,11.4,0,0
2026,2,5,716698629934481408,SF,San Francisco 49ers,DEF,8.2,1,0
2026,2,5,716698629934481408,7839,Evan McPherson,K,8.0,1,0
2026,2,5,716698629934481408,8676,Rashid Shaheed,WR,5.9,0,0
2026,2,5,716698629934481408,12533,Jacory Croskey-Merritt,RB,5.8,1,0
2026,2,5,716698629934481408,13294,Makai Lemon,WR,1.9,0,0
2026,2,5,716698629934481408,8126,Wan'Dale Robinson,WR,1.9,0,0
2026,2,5,716698629934481408,12495,Ollie Gordon,RB,0.7,0,0
2026,2,5,716698629934481408,11628,Marvin Harrison,WR,0,0,0
2026,2,5,716698629934481408,4983,DJ Moore,WR,-0.1,1,0
2026,2,6,736740647758938112,4046,Patrick Mahomes,QB,29.48,1,0
2026,2,6,736740647758938112,6813,Jonathan Taylor,RB,29.2,1,0
2026,2,6,736740647758938112,10213,Tre Tucker,WR,23.9,0,0
2026,2,6,736740647758938112,4034,Christian McCaffrey,RB,22.6,1,0
2026,2,6,736740647758938112,6790,D'Andre Swift,RB,12.9,1,0
2026,2,6,736740647758938112,5870,Daniel Jones,QB,11.4,1,0
2026,2,6,736740647758938112,HOU,Houston Texans,DEF,8.25,1,0
2026,2,6,736740647758938112,9508,Tyjae Spears,RB,8.0,0,0
2026,2,6,736740647758938112,11539,Jake Bates,K,7.0,1,0
2026,2,6,736740647758938112,3214,Hunter Henry,TE,7.0,1,0
2026,2,6,736740647758938112,8148,Jameson Williams,WR,5.3,1,0
2026,2,6,736740647758938112,9756,Jordan Addison,WR,4.1,0,0
2026,2,6,736740647758938112,10232,Michael Wilson,WR,3.8,0,0
2026,2,6,736740647758938112,7553,Kyle Pitts,TE,2.5,0,0
2026,2,6,736740647758938112,11632,Malik Nabers,WR,1.1,1,0
2026,2,6,736740647758938112,5849,Kyler Murray,QB,0,0,0
2026,2,7,735974647736213504,4984,Josh Allen,QB,39.82,1,0
2026,2,7,735974647736213504,10236,Dalton Kincaid,TE,22.5,1,0
2026,2,7,735974647736213504,7571,Rashod Bateman,WR,21.8,0,0
2026,2,7,735974647736213504,6904,Jalen Hurts,QB,16.66,1,0
2026,2,7,735974647736213504,12512,Quinshon Judkins,RB,9.8,1,0
2026,2,7,735974647736213504,2216,Mike Evans,WR,8.4,1,0
2026,2,7,735974647736213504,12713,Andy Borregales,K,8.0,1,0
2026,2,7,735974647736213504,5967,Tony Pollard,RB,7.5,0,0
2026,2,7,735974647736213504,11635,Ladd McConkey,WR,6.5,1,0
2026,2,7,735974647736213504,13285,Malachi Fields,WR,5.0,0,0
2026,2,7,735974647736213504,13286,Jadarian Price,RB,5.0,1,0
2026,2,7,735974647736213504,9511,Keaton Mitchell,RB,4.9,0,0
2026,2,7,735974647736213504,TB,Tampa Bay Buccaneers,DEF,3.7,1,0
2026,2,7,735974647736213504,7611,Rhamondre Stevenson,RB,3.6,1,0
2026,2,7,735974647736213504,13414,Kaelon Black,RB,2.5,0,0
2026,2,7,735974647736213504,13281,Jordyn Tyson,WR,0,0,0
2026,2,7,735974647736213504,5859,A.J. Brown,WR,0,0,0
2026,2,8,736803054736822272,9488,Jaxon Smith-Njigba,WR,44.5,1,0
2026,2,8,736803054736822272,8136,Rachaad White,RB,14.3,0,0
2026,2,8,736803054736822272,11563,Bo Nix,QB,14.12,1,0
2026,2,8,736803054736822272,6804,Jordan Love,QB,12.8,1,0
2026,2,8,736803054736822272,9486,Dontayvion Wicks,WR,12.4,0,0
2026,2,8,736803054736822272,7002,Juwan Johnson,TE,10.6,0,0
2026,2,8,736803054736822272,8137,George Pickens,WR,10.0,1,0
2026,2,8,736803054736822272,LAR,Los Angeles Rams,DEF,9.9,1,0
2026,2,8,736803054736822272,12501,Matthew Golden,WR,9.8,1,0
2026,2,8,736803054736822272,12474,Woody Marks,RB,8.5,1,0
2026,2,8,736803054736822272,11786,Cam Little,K,7.0,1,0
2026,2,8,736803054736822272,12519,Luther Burden,WR,6.2,0,0
2026,2,8,736803054736822272,5045,Courtland Sutton,WR,5.5,0,0
2026,2,8,736803054736822272,4866,Saquon Barkley,RB,3.0,1,0
2026,2,8,736803054736822272,9484,Tucker Kraft,TE,2.5,1,0
2026,2,8,736803054736822272,12489,RJ Harvey,RB,0,0,0
2026,2,9,710284244835979264,3294,Dak Prescott,QB,30.26,1,0
2026,2,9,710284244835979264,7564,Ja'Marr Chase,WR,26.5,1,0
2026,2,9,710284244835979264,7526,Jaylen Waddle,WR,22.3,1,0
2026,2,9,710284244835979264,12522,Cam Ward,QB,20.02,0,0
2026,2,9,710284244835979264,12490,Bhayshul Tuten,RB,14.2,1,0
2026,2,9,710284244835979264,4892,Baker Mayfield,QB,12.18,1,0
2026,2,9,710284244835979264,13298,KC Concepcion,WR,8.2,0,0
2026,2,9,710284244835979264,11620,Rome Odunze,WR,7.3,0,0
2026,2,9,710284244835979264,5872,Deebo Samuel,WR,6.5,1,0
2026,2,9,710284244835979264,9482,Michael Mayer,TE,5.3,1,0
2026,2,9,710284244835979264,12711,Tyler Loop,K,5.0,1,0
2026,2,9,710284244835979264,PHI,Philadelphia Eagles,DEF,3.75,1,0
2026,2,9,710284244835979264,13330,Kenyon Sadiq,TE,3.7,0,0
2026,2,9,710284244835979264,6806,J.K. Dobbins,RB,3.6,1,0
2026,2,9,710284244835979264,6130,Devin Singletary,RB,0.9,0,0
2026,2,9,710284244835979264,11604,Brock Bowers,TE,0,0,0
2026,2,9,710284244835979264,8408,Jordan Mason,RB,0,0,0
2026,2,10,475399371639222272,2133,Davante Adams,WR,40.0,1,0
2026,2,10,475399371639222272,NE,New England Patriots,DEF,20.95,1,0
2026,2,10,475399371639222272,8150,Kyren Williams,RB,15.7,1,0
2026,2,10,475399371639222272,11646,Jalen Coker,WR,14.6,1,0
2026,2,10,475399371639222272,12529,TreVeyon Henderson,RB,13.6,0,0
2026,2,10,475399371639222272,8161,Malik Willis,QB,13.48,1,0
2026,2,10,475399371639222272,8121,Romeo Doubs,WR,11.6,0,0
2026,2,10,475399371639222272,4199,Aaron Jones,RB,11.0,1,0
2026,2,10,475399371639222272,4037,Chris Godwin,WR,8.8,0,0
2026,2,10,475399371639222272,6794,Justin Jefferson,WR,8.5,1,0
2026,2,10,475399371639222272,11560,Caleb Williams,QB,6.72,1,0
2026,2,10,475399371639222272,5846,DK Metcalf,WR,6.7,0,0
2026,2,10,475399371639222272,5189,Eddy Pineiro,K,5.0,1,0
2026,2,10,475399371639222272,8132,Tyler Allgeier,RB,3.9,0,0
2026,2,10,475399371639222272,11583,Jonathon Brooks,RB,2.1,0,0
2026,2,10,475399371639222272,12517,Colston Loveland,TE,1.3,1,0
2026,2,11,865793938542456832,7547,Amon-Ra St. Brown,WR,35.7,1,0
2026,2,11,865793938542456832,1466,Travis Kelce,TE,25.6,1,0
2026,2,11,865793938542456832,8151,Kenneth Walker,RB,24.3,1,0
2026,2,11,865793938542456832,9228,Bryce Young,QB,24.08,1,0
2026,2,11,865793938542456832,9758,C.J. Stroud,QB,17.52,1,0
2026,2,11,865793938542456832,1373,Geno Smith,QB,15.08,0,0
2026,2,11,865793938542456832,6801,Tee Higgins,WR,14.5,1,0
2026,2,11,865793938542456832,11624,Xavier Worthy,WR,13.5,0,0
2026,2,11,865793938542456832,10229,Rashee Rice,WR,12.3,1,0
2026,2,11,865793938542456832,12506,Harold Fannin,TE,10.4,0,0
2026,2,11,865793938542456832,12527,Ashton Jeanty,RB,10.3,1,0
2026,2,11,865793938542456832,7543,Travis Etienne,RB,7.1,0,0
2026,2,11,865793938542456832,5947,Jakobi Meyers,WR,3.8,0,0
2026,2,11,865793938542456832,BAL,Baltimore Ravens,DEF,3.1,1,0
2026,2,11,865793938542456832,1945,Chris Boswell,K,3.0,1,0
2026,2,11,865793938542456832,6819,Michael Pittman,WR,0,0,0
2026,2,12,1136842855890366464,8144,Chris Olave,WR,22.6,1,0
2026,2,12,1136842855890366464,13346,Denzel Boston,WR,22.0,0,0
2026,2,12,1136842855890366464,12507,Omarion Hampton,RB,17.5,1,0
2026,2,12,1136842855890366464,4881,Lamar Jackson,QB,14.8,1,0
2026,2,12,1136842855890366464,11566,Jayden Daniels,QB,13.74,1,0
2026,2,12,1136842855890366464,11584,Bucky Irving,RB,13.0,1,0
2026,2,12,1136842855890366464,PIT,Pittsburgh Steelers,DEF,11.1,1,0
2026,2,12,1136842855890366464,8228,Jaylen Warren,RB,9.7,0,0
2026,2,12,1136842855890366464,8112,Drake London,WR,8.9,1,0
2026,2,12,1136842855890366464,8131,Isaiah Likely,TE,8.3,1,0
2026,2,12,1136842855890366464,12534,Kyle Monangai,RB,7.8,1,0
2026,2,12,1136842855890366464,8134,Khalil Shakir,WR,6.8,0,0
2026,2,12,1136842855890366464,3257,Jacoby Brissett,QB,6.5,0,0
2026,2,12,1136842855890366464,8259,Cameron Dicker,K,2.0,1,0
2026,2,12,1136842855890366464,10222,Jayden Reed,WR,1.4,0,0
2026,2,12,1136842855890366464,5022,Dallas Goedert,TE,1.4,0,0
2026,3,1,608781531883859968,9221,Jahmyr Gibbs,RB,41.4,1,0
2026,3,1,608781531883859968,3257,Jacoby Brissett,QB,26.1,1,0
2026,3,1,608781531883859968,12490,Bhayshul Tuten,RB,17.0,0,0
2026,3,1,608781531883859968,8130,Trey McBride,TE,16.5,1,0
2026,3,1,608781531883859968,9997,Zay Flowers,WR,15.4,1,0
2026,3,1,608781531883859968,7594,Chuba Hubbard,RB,15.0,1,0
2026,3,1,608781531883859968,6797,Justin Herbert,QB,12.74,1,0
2026,3,1,608781531883859968,9500,Josh Downs,WR,12.7,1,0
2026,3,1,608781531883859968,11533,Brandon Aubrey,K,11.0,1,0
2026,3,1,608781531883859968,7526,Jaylen Waddle,WR,6.4,1,0
2026,3,1,608781531883859968,2306,Jameis Winston,QB,6.12,0,0
2026,3,1,608781531883859968,CAR,Carolina Panthers,DEF,5.4,1,0
2026,3,1,608781531883859968,11586,Blake Corum,RB,3.5,0,0
2026,3,1,608781531883859968,11631,Brian Thomas,WR,1.8,0,0
2026,3,1,608781531883859968,13337,Emmett Johnson,RB,1.7,0,0
2026,3,1,608781531883859968,13288,Nicholas Singleton,RB,0,0,0
2026,3,1,608781531883859968,3321,Tyreek Hill,WR,0,0,0
2026,3,1,608781531883859968,9753,Zach Charbonnet,RB,0,0,0
2026,3,2,736077599457026048,9509,Bijan Robinson,RB,35.8,1,0
2026,3,2,736077599457026048,8167,Christian Watson,WR,22.6,1,0
2026,3,2,736077599457026048,4017,Deshaun Watson,QB,20.26,0,0
2026,3,2,736077599457026048,3163,Jared Goff,QB,19.86,1,0
2026,3,2,736077599457026048,7523,Trevor Lawrence,QB,19.78,1,0
2026,3,2,736077599457026048,5927,Terry McLaurin,WR,19.7,0,0
2026,3,2,736077599457026048,7588,Javonte Williams,RB,17.3,1,0
2026,3,2,736077599457026048,9487,Parker Washington,WR,13.0,1,0
2026,3,2,736077599457026048,KC,Kansas City Chiefs,DEF,9.5,1,0
2026,3,2,736077599457026048,9224,Chase Brown,RB,8.9,1,0
2026,3,2,736077599457026048,9754,Quentin Johnston,WR,7.0,0,0
2026,3,2,736077599457026048,5012,Mark Andrews,TE,5.4,1,0
2026,3,2,736077599457026048,3451,Ka'imi Fairbairn,K,5.0,1,0
2026,3,2,736077599457026048,12487,Terrance Ferguson,TE,1.9,0,0
2026,3,2,736077599457026048,13296,Caleb Douglas,WR,0,0,0
2026,3,2,736077599457026048,13345,Jonah Coleman,RB,0,0,0
2026,3,2,736077599457026048,7569,Nico Collins,WR,0,0,0
2026,3,3,737091087440674816,8146,Garrett Wilson,WR,27.2,1,0
2026,3,3,737091087440674816,4943,Sam Darnold,QB,27.16,1,0
2026,3,3,737091087440674816,6786,CeeDee Lamb,WR,20.7,1,0
2026,3,3,737091087440674816,12518,Tyler Warren,TE,14.7,1,0
2026,3,3,737091087440674816,12015,Harrison Mevis,K,14.0,1,0
2026,3,3,737091087440674816,8155,Breece Hall,RB,8.5,1,0
2026,3,3,737091087440674816,7528,Najee Harris,RB,5.2,0,0
2026,3,3,737091087440674816,4035,Alvin Kamara,RB,5.1,0,0
2026,3,3,737091087440674816,11581,MarShawn Lloyd,RB,3.8,0,0
2026,3,3,737091087440674816,12526,Tetairoa McMillan,WR,3.7,1,0
2026,3,3,737091087440674816,SEA,Seattle Seahawks,DEF,3.05,1,0
2026,3,3,737091087440674816,11564,Drake Maye,QB,2.76,1,0
2026,3,3,737091087440674816,11435,Emanuel Wilson,RB,1.4,1,0
2026,3,3,737091087440674816,5850,Josh Jacobs,RB,0,0,0
2026,3,3,737091087440674816,5854,Drew Lock,QB,0,0,0
2026,3,3,737091087440674816,7021,Rico Dowdle,RB,0,0,0
2026,3,3,737091087440674816,8142,Alec Pierce,WR,0,0,0
2026,3,4,736744257179770880,12545,Tyler Shough,QB,24.3,1,0
2026,3,4,736744257179770880,13287,Jeremiyah Love,RB,21.9,1,0
2026,3,4,736744257179770880,421,Matthew Stafford,QB,20.4,1,0
2026,3,4,736744257179770880,8138,James Cook,RB,19.9,1,0
2026,3,4,736744257179770880,7525,DeVonta Smith,WR,12.5,1,0
2026,3,4,736744257179770880,12481,Cam Skattebo,RB,12.0,1,0
2026,3,4,736744257179770880,13279,Carnell Tate,WR,11.8,1,0
2026,3,4,736744257179770880,13305,Mike Washington,RB,11.4,0,0
2026,3,4,736744257179770880,8110,Jake Ferguson,TE,9.3,0,0
2026,3,4,736744257179770880,10859,Sam LaPorta,TE,7.4,1,0
2026,3,4,736744257179770880,2747,Jason Myers,K,7.0,1,0
2026,3,4,736744257179770880,8180,Jalen Nailor,WR,2.6,0,0
2026,3,4,736744257179770880,11168,Xavier Smith,WR,0,0,0
2026,3,4,736744257179770880,13269,Fernando Mendoza,QB,0,0,0
2026,3,4,736744257179770880,13276,Omar Cooper,WR,0,0,0
2026,3,4,736744257179770880,9493,Puka Nacua,WR,0,0,0
2026,3,4,736744257179770880,GB,Green Bay Packers,DEF,-5.5,1,0
2026,3,5,716698629934481408,8183,Brock Purdy,QB,32.28,1,0
2026,3,5,716698629934481408,4217,George Kittle,TE,26.2,1,0
2026,3,5,716698629934481408,6770,Joe Burrow,QB,23.08,1,0
2026,3,5,716698629934481408,3198,Derrick Henry,RB,21.9,1,0
2026,3,5,716698629934481408,8126,Wan'Dale Robinson,WR,18.7,0,0
2026,3,5,716698629934481408,12495,Ollie Gordon,RB,14.5,0,0
2026,3,5,716698629934481408,4983,DJ Moore,WR,12.7,1,0
2026,3,5,716698629934481408,7839,Evan McPherson,K,9.0,1,0
2026,3,5,716698629934481408,2449,Stefon Diggs,WR,7.3,1,0
2026,3,5,716698629934481408,11628,Marvin Harrison,WR,7.0,0,0
2026,3,5,716698629934481408,11834,Devaughn Vele,WR,6.9,1,0
2026,3,5,716698629934481408,13294,Makai Lemon,WR,5.9,0,0
2026,3,5,716698629934481408,12533,Jacory Croskey-Merritt,RB,5.3,0,0
2026,3,5,716698629934481408,8676,Rashid Shaheed,WR,3.4,0,0
2026,3,5,716698629934481408,9226,De'Von Achane,RB,1.7,1,0
2026,3,5,716698629934481408,SF,San Francisco 49ers,DEF,-1.25,1,0
2026,3,6,736740647758938112,10232,Michael Wilson,WR,25.9,0,0
2026,3,6,736740647758938112,4034,Christian McCaffrey,RB,21.6,1,0
2026,3,6,736740647758938112,9756,Jordan Addison,WR,20.5,0,0
2026,3,6,736740647758938112,4046,Patrick Mahomes,QB,15.94,1,0
2026,3,6,736740647758938112,HOU,Houston Texans,DEF,11.85,1,0
2026,3,6,736740647758938112,11610,Malik Washington,WR,11.1,0,0
2026,3,6,736740647758938112,6790,D'Andre Swift,RB,10.8,1,0
2026,3,6,736740647758938112,5849,Kyler Murray,QB,10.42,1,0
2026,3,6,736740647758938112,6813,Jonathan Taylor,RB,9.2,1,0
2026,3,6,736740647758938112,8148,Jameson Williams,WR,8.9,1,0
2026,3,6,736740647758938112,10213,Tre Tucker,WR,8.3,0,0
2026,3,6,736740647758938112,11632,Malik Nabers,WR,7.6,1,0
2026,3,6,736740647758938112,11539,Jake Bates,K,7.0,1,0
2026,3,6,736740647758938112,5870,Daniel Jones,QB,6.9,0,0
2026,3,6,736740647758938112,3214,Hunter Henry,TE,1.5,1,0
2026,3,6,736740647758938112,7553,Kyle Pitts,TE,1.5,0,0
2026,3,7,735974647736213504,2307,Marcus Mariota,QB,20.42,0,0
2026,3,7,735974647736213504,4984,Josh Allen,QB,17.46,1,0
2026,3,7,735974647736213504,5967,Tony Pollard,RB,13.6,1,0
2026,3,7,735974647736213504,6904,Jalen Hurts,QB,12.62,1,0
2026,3,7,735974647736213504,2216,Mike Evans,WR,12.4,1,0
2026,3,7,735974647736213504,11635,Ladd McConkey,WR,10.6,1,0
2026,3,7,735974647736213504,12512,Quinshon Judkins,RB,9.9,1,0
2026,3,7,735974647736213504,7611,Rhamondre Stevenson,RB,6.8,0,0
2026,3,7,735974647736213504,7042,Tyler Bass,K,6.0,1,0
2026,3,7,735974647736213504,7571,Rashod Bateman,WR,5.7,1,0
2026,3,7,735974647736213504,13285,Malachi Fields,WR,3.9,0,0
2026,3,7,735974647736213504,10236,Dalton Kincaid,TE,3.8,1,0
2026,3,7,735974647736213504,13286,Jadarian Price,RB,1.2,0,0
2026,3,7,735974647736213504,11625,Adonai Mitchell,WR,0,0,0
2026,3,7,735974647736213504,13281,Jordyn Tyson,WR,0,0,0
2026,3,7,735974647736213504,5859,A.J. Brown,WR,0,0,0
2026,3,7,735974647736213504,CIN,Cincinnati Bengals,DEF,-1.0,1,0
2026,3,8,736803054736822272,9488,Jaxon Smith-Njigba,WR,35.86,1,0
2026,3,8,736803054736822272,11563,Bo Nix,QB,24.14,1,0
2026,3,8,736803054736822272,7002,Juwan Johnson,TE,23.3,0,0
2026,3,8,736803054736822272,12501,Matthew Golden,WR,21.5,1,0
2026,3,8,736803054736822272,12519,Luther Burden,WR,19.8,0,0
2026,3,8,736803054736822272,6804,Jordan Love,QB,17.98,1,0
2026,3,8,736803054736822272,8137,George Pickens,WR,15.2,1,0
2026,3,8,736803054736822272,8136,Rachaad White,RB,11.1,1,0
2026,3,8,736803054736822272,12489,RJ Harvey,RB,10.7,0,0
2026,3,8,736803054736822272,12474,Woody Marks,RB,9.1,0,0
2026,3,8,736803054736822272,4866,Saquon Barkley,RB,9.0,1,0
2026,3,8,736803054736822272,5045,Courtland Sutton,WR,7.6,0,0
2026,3,8,736803054736822272,9484,Tucker Kraft,TE,6.6,1,0
2026,3,8,736803054736822272,9486,Dontayvion Wicks,WR,5.2,0,0
2026,3,8,736803054736822272,11786,Cam Little,K,5.0,1,0
2026,3,8,736803054736822272,LAR,Los Angeles Rams,DEF,4.1,1,0
2026,3,9,710284244835979264,11604,Brock Bowers,TE,28.1,1,0
2026,3,9,710284244835979264,7564,Ja'Marr Chase,WR,24.8,1,0
2026,3,9,710284244835979264,13330,Kenyon Sadiq,TE,24.0,0,0
2026,3,9,710284244835979264,3294,Dak Prescott,QB,19.44,1,0
2026,3,9,710284244835979264,5872,Deebo Samuel,WR,16.9,1,0
2026,3,9,710284244835979264,9482,Michael Mayer,TE,12.2,0,0
2026,3,9,710284244835979264,4892,Baker Mayfield,QB,11.28,0,0
2026,3,9,710284244835979264,12514,Emeka Egbuka,WR,11.2,1,0
2026,3,9,710284244835979264,12711,Tyler Loop,K,10.0,1,0
2026,3,9,710284244835979264,12522,Cam Ward,QB,9.44,1,0
2026,3,9,710284244835979264,11620,Rome Odunze,WR,7.4,0,0
2026,3,9,710284244835979264,5892,David Montgomery,RB,6.8,1,0
2026,3,9,710284244835979264,6806,J.K. Dobbins,RB,5.3,1,0
2026,3,9,710284244835979264,13298,KC Concepcion,WR,2.9,0,0
2026,3,9,710284244835979264,PHI,Philadelphia Eagles,DEF,0.3,1,0
2026,3,9,710284244835979264,6130,Devin Singletary,RB,0,0,0
2026,3,9,710284244835979264,8408,Jordan Mason,RB,0,0,0
2026,3,10,475399371639222272,8150,Kyren Williams,RB,21.8,1,0
2026,3,10,475399371639222272,1166,Kirk Cousins,QB,21.22,1,0
2026,3,10,475399371639222272,2133,Davante Adams,WR,21.2,1,0
2026,3,10,475399371639222272,4199,Aaron Jones,RB,14.2,1,0
2026,3,10,475399371639222272,5846,DK Metcalf,WR,12.1,0,0
2026,3,10,475399371639222272,8161,Malik Willis,QB,10.0,1,0
2026,3,10,475399371639222272,8121,Romeo Doubs,WR,7.9,0,0
2026,3,10,475399371639222272,12517,Colston Loveland,TE,7.1,1,0
2026,3,10,475399371639222272,5189,Eddy Pineiro,K,6.0,1,0
2026,3,10,475399371639222272,4037,Chris Godwin,WR,5.5,0,0
2026,3,10,475399371639222272,6794,Justin Jefferson,WR,5.2,1,0
2026,3,10,475399371639222272,8132,Tyler Allgeier,RB,4.9,0,0
2026,3,10,475399371639222272,12529,TreVeyon Henderson,RB,3.9,0,0
2026,3,10,475399371639222272,11646,Jalen Coker,WR,3.8,1,0
2026,3,10,475399371639222272,11560,Caleb Williams,QB,0,0,0
2026,3,10,475399371639222272,11583,Jonathon Brooks,RB,0,0,0
2026,3,10,475399371639222272,NE,New England Patriots,DEF,-1.0,1,0
2026,3,11,865793938542456832,1373,Geno Smith,QB,26.54,0,0
2026,3,11,865793938542456832,MIN,Minnesota Vikings,DEF,25.15,1,0
2026,3,11,865793938542456832,12506,Harold Fannin,TE,24.1,0,0
2026,3,11,865793938542456832,8151,Kenneth Walker,RB,21.3,1,0
2026,3,11,865793938542456832,6801,Tee Higgins,WR,21.0,1,0
2026,3,11,865793938542456832,5947,Jakobi Meyers,WR,19.4,0,0
2026,3,11,865793938542456832,10229,Rashee Rice,WR,15.8,1,0
2026,3,11,865793938542456832,9228,Bryce Young,QB,14.14,1,0
2026,3,11,865793938542456832,1466,Travis Kelce,TE,13.9,0,0
2026,3,11,865793938542456832,12527,Ashton Jeanty,RB,12.3,1,0
2026,3,11,865793938542456832,1945,Chris Boswell,K,12.0,1,0
2026,3,11,865793938542456832,7547,Amon-Ra St. Brown,WR,11.9,1,0
2026,3,11,865793938542456832,9758,C.J. Stroud,QB,11.68,1,0
2026,3,11,865793938542456832,7543,Travis Etienne,RB,9.0,0,0
2026,3,11,865793938542456832,5001,Dalton Schultz,TE,6.0,1,0
2026,3,11,865793938542456832,11624,Xavier Worthy,WR,4.0,0,0
2026,3,12,1136842855890366464,8112,Drake London,WR,28.9,1,0
2026,3,12,1136842855890366464,8228,Jaylen Warren,RB,21.1,0,0
2026,3,12,1136842855890366464,4881,Lamar Jackson,QB,20.44,1,0
2026,3,12,1136842855890366464,8144,Chris Olave,WR,20.2,1,0
2026,3,12,1136842855890366464,11559,Michael Penix,QB,14.04,1,0
2026,3,12,1136842855890366464,6650,Chase McLaughlin,K,10.0,1,0
2026,3,12,1136842855890366464,13346,Denzel Boston,WR,8.1,1,0
2026,3,12,1136842855890366464,11584,Bucky Irving,RB,7.8,1,0
2026,3,12,1136842855890366464,12507,Omarion Hampton,RB,5.6,1,0
2026,3,12,1136842855890366464,8131,Isaiah Likely,TE,3.3,1,0
2026,3,12,1136842855890366464,12534,Kyle Monangai,RB,3.1,0,0
2026,3,12,1136842855890366464,PIT,Pittsburgh Steelers,DEF,2.05,1,0
2026,3,12,1136842855890366464,8134,Khalil Shakir,WR,1.6,0,0
2026,3,12,1136842855890366464,10222,Jayden Reed,WR,0,0,0
2026,3,12,1136842855890366464,11566,Jayden Daniels,QB,0,0,0
2026,3,12,1136842855890366464,5022,Dallas Goedert,TE,0,0,0
2026,4,1,608781531883859968,7594,Chuba Hubbard,RB,26.4,1,0
2026,4,1,608781531883859968,9997,Zay Flowers,WR,26.3,1,0
2026,4,1,608781531883859968,2306,Jameis Winston,QB,18.0,1,0
2026,4,1,608781531883859968,9221,Jahmyr Gibbs,RB,17.7,1,0
2026,4,1,608781531883859968,7526,Jaylen Waddle,WR,14.5,1,0
2026,4,1,608781531883859968,12490,Bhayshul Tuten,RB,11.1,0,0
2026,4,1,608781531883859968,8130,Trey McBride,TE,10.1,1,0
2026,4,1,608781531883859968,11533,Brandon Aubrey,K,10.0,1,0
2026,4,1,608781531883859968,11631,Brian Thomas,WR,9.7,0,0
2026,4,1,608781531883859968,6797,Justin Herbert,QB,9.56,0,0
2026,4,1,608781531883859968,3257,Jacoby Brissett,QB,9.44,1,0
2026,4,1,608781531883859968,CHI,Chicago Bears,DEF,6.3,1,0
2026,4,1,608781531883859968,9500,Josh Downs,WR,4.6,1,0
2026,4,1,608781531883859968,11586,Blake Corum,RB,3.1,0,0
2026,4,1,608781531883859968,13337,Emmett Johnson,RB,2.0,0,0
2026,4,1,608781531883859968,3321,Tyreek Hill,WR,0,0,0
2026,4,1,608781531883859968,9753,Zach Charbonnet,RB,0,0,0
2026,4,2,736077599457026048,7569,Nico Collins,WR,31.3,1,0
2026,4,2,736077599457026048,7588,Javonte Williams,RB,31.3,0,0
2026,4,2,736077599457026048,9509,Bijan Robinson,RB,29.7,1,0
2026,4,2,736077599457026048,3163,Jared Goff,QB,21.98,1,0
2026,4,2,736077599457026048,9224,Chase Brown,RB,19.1,1,0
2026,4,2,736077599457026048,5012,Mark Andrews,TE,13.7,1,0
2026,4,2,736077599457026048,7523,Trevor Lawrence,QB,13.08,1,0
2026,4,2,736077599457026048,12185,Spencer Shrader,K,12.0,1,0
2026,4,2,736077599457026048,4017,Deshaun Watson,QB,11.92,0,0
2026,4,2,736077599457026048,3271,Tyler Higbee,TE,11.7,0,0
2026,4,2,736077599457026048,8167,Christian Watson,WR,7.7,1,0
2026,4,2,736077599457026048,9754,Quentin Johnston,WR,5.0,0,0
2026,4,2,736077599457026048,KC,Kansas City Chiefs,DEF,3.8,1,0
2026,4,2,736077599457026048,9487,Parker Washington,WR,2.0,1,0
2026,4,2,736077599457026048,11643,Jaylen Wright,RB,0.7,0,0
2026,4,2,736077599457026048,13345,Jonah Coleman,RB,0,0,0
2026,4,2,736077599457026048,5927,Terry McLaurin,WR,0,0,0
2026,4,3,737091087440674816,12526,Tetairoa McMillan,WR,44.7,1,0
2026,4,3,737091087440674816,6786,CeeDee Lamb,WR,41.8,1,0
2026,4,3,737091087440674816,11435,Emanuel Wilson,RB,26.0,1,0
2026,4,3,737091087440674816,11564,Drake Maye,QB,24.16,1,0
2026,4,3,737091087440674816,4035,Alvin Kamara,RB,22.8,1,0
2026,4,3,737091087440674816,SEA,Seattle Seahawks,DEF,14.95,1,0
2026,4,3,737091087440674816,4943,Sam Darnold,QB,13.32,1,0
2026,4,3,737091087440674816,12518,Tyler Warren,TE,9.1,1,0
2026,4,3,737091087440674816,11581,MarShawn Lloyd,RB,8.9,0,0
2026,4,3,737091087440674816,12015,Harrison Mevis,K,6.0,1,0
2026,4,3,737091087440674816,8146,Garrett Wilson,WR,5.7,1,0
2026,4,3,737091087440674816,7528,Najee Harris,RB,3.0,0,0
2026,4,3,737091087440674816,9508,Tyjae Spears,RB,1.6,0,0
2026,4,3,737091087440674816,5850,Josh Jacobs,RB,0,0,0
2026,4,3,737091087440674816,7021,Rico Dowdle,RB,0,0,0
2026,4,3,737091087440674816,8142,Alec Pierce,WR,0,0,0
2026,4,3,737091087440674816,8155,Breece Hall,RB,0,0,0
2026,4,4,736744257179770880,9493,Puka Nacua,WR,28.2,1,0
2026,4,4,736744257179770880,10859,Sam LaPorta,TE,22.4,1,0
2026,4,4,736744257179770880,13279,Carnell Tate,WR,21.0,1,0
2026,4,4,736744257179770880,12545,Tyler Shough,QB,16.44,1,0
2026,4,4,736744257179770880,8138,James Cook,RB,16.3,1,0
2026,4,4,736744257179770880,GB,Green Bay Packers,DEF,10.35,1,0
2026,4,4,736744257179770880,421,Matthew Stafford,QB,10.18,1,0
2026,4,4,736744257179770880,12481,Cam Skattebo,RB,7.6,1,0
2026,4,4,736744257179770880,13287,Jeremiyah Love,RB,6.5,1,0
2026,4,4,736744257179770880,2747,Jason Myers,K,6.0,1,0
2026,4,4,736744257179770880,8110,Jake Ferguson,TE,4.1,0,0
2026,4,4,736744257179770880,7049,Jauan Jennings,WR,1.8,0,0
2026,4,4,736744257179770880,13269,Fernando Mendoza,QB,0,0,0
2026,4,4,736744257179770880,13276,Omar Cooper,WR,0,0,0
2026,4,4,736744257179770880,1479,Keenan Allen,WR,0,0,0
2026,4,4,736744257179770880,7525,DeVonta Smith,WR,0,0,0
2026,4,4,736744257179770880,8180,Jalen Nailor,WR,0,0,0
2026,4,5,716698629934481408,6770,Joe Burrow,QB,24.22,1,0
2026,4,5,716698629934481408,8183,Brock Purdy,QB,20.62,1,0
2026,4,5,716698629934481408,12495,Ollie Gordon,RB,18.5,0,0
2026,4,5,716698629934481408,4217,George Kittle,TE,18.5,1,0
2026,4,5,716698629934481408,11834,Devaughn Vele,WR,17.4,1,0
2026,4,5,716698629934481408,3198,Derrick Henry,RB,15.9,1,0
2026,4,5,716698629934481408,12522,Cam Ward,QB,14.58,0,0
2026,4,5,716698629934481408,8676,Rashid Shaheed,WR,11.3,0,0
2026,4,5,716698629934481408,CLE,Cleveland Browns,DEF,11.1,1,0
2026,4,5,716698629934481408,8126,Wan'Dale Robinson,WR,11.0,0,0
2026,4,5,716698629934481408,2449,Stefon Diggs,WR,8.5,1,0
2026,4,5,716698629934481408,11628,Marvin Harrison,WR,8.2,0,0
2026,4,5,716698629934481408,12533,Jacory Croskey-Merritt,RB,7.0,1,0
2026,4,5,716698629934481408,13294,Makai Lemon,WR,5.7,0,0
2026,4,5,716698629934481408,7839,Evan McPherson,K,5.0,1,0
2026,4,5,716698629934481408,4983,DJ Moore,WR,2.7,1,0
2026,4,6,736740647758938112,11632,Malik Nabers,WR,23.7,1,0
2026,4,6,736740647758938112,6813,Jonathan Taylor,RB,22.7,1,0
2026,4,6,736740647758938112,4046,Patrick Mahomes,QB,17.0,1,0
2026,4,6,736740647758938112,8148,Jameson Williams,WR,16.7,0,0
2026,4,6,736740647758938112,10232,Michael Wilson,WR,16.5,1,0
2026,4,6,736740647758938112,4034,Christian McCaffrey,RB,16.0,1,0
2026,4,6,736740647758938112,6083,Matt Gay,K,13.0,1,0
2026,4,6,736740647758938112,11610,Malik Washington,WR,12.0,0,0
2026,4,6,736740647758938112,5849,Kyler Murray,QB,11.98,1,0
2026,4,6,736740647758938112,3214,Hunter Henry,TE,11.2,0,0
2026,4,6,736740647758938112,9756,Jordan Addison,WR,9.1,0,0
2026,4,6,736740647758938112,10213,Tre Tucker,WR,8.4,0,0
2026,4,6,736740647758938112,5870,Daniel Jones,QB,7.92,0,0
2026,4,6,736740647758938112,6790,D'Andre Swift,RB,7.4,1,0
2026,4,6,736740647758938112,2505,Darren Waller,TE,6.6,1,0
2026,4,6,736740647758938112,HOU,Houston Texans,DEF,3.6,1,0
2026,4,7,735974647736213504,12512,Quinshon Judkins,RB,21.6,1,0
2026,4,7,735974647736213504,7611,Rhamondre Stevenson,RB,18.4,1,0
2026,4,7,735974647736213504,4984,Josh Allen,QB,17.52,1,0
2026,4,7,735974647736213504,11792,Will Reichard,K,15.0,1,0
2026,4,7,735974647736213504,5967,Tony Pollard,RB,13.0,0,0
2026,4,7,735974647736213504,2216,Mike Evans,WR,12.6,1,0
2026,4,7,735974647736213504,6904,Jalen Hurts,QB,12.52,0,0
2026,4,7,735974647736213504,11576,Braelon Allen,RB,8.7,1,0
2026,4,7,735974647736213504,7571,Rashod Bateman,WR,6.6,0,0
2026,4,7,735974647736213504,2307,Marcus Mariota,QB,5.34,1,0
2026,4,7,735974647736213504,10236,Dalton Kincaid,TE,1.7,1,0
2026,4,7,735974647736213504,BUF,Buffalo Bills,DEF,1.1,1,0
2026,4,7,735974647736213504,11625,Adonai Mitchell,WR,0,0,0
2026,4,7,735974647736213504,11635,Ladd McConkey,WR,0,1,0
2026,4,7,735974647736213504,13281,Jordyn Tyson,WR,0,0,0
2026,4,7,735974647736213504,13286,Jadarian Price,RB,0,0,0
2026,4,7,735974647736213504,5859,A.J. Brown,WR,0,0,0
2026,4,8,736803054736822272,12489,RJ Harvey,RB,18.3,1,0
2026,4,8,736803054736822272,9484,Tucker Kraft,TE,16.5,0,0
2026,4,8,736803054736822272,11563,Bo Nix,QB,14.06,1,0
2026,4,8,736803054736822272,6804,Jordan Love,QB,13.08,1,0
2026,4,8,736803054736822272,9488,Jaxon Smith-Njigba,WR,12.6,1,0
2026,4,8,736803054736822272,7002,Juwan Johnson,TE,11.9,1,0
2026,4,8,736803054736822272,12501,Matthew Golden,WR,11.7,1,0
2026,4,8,736803054736822272,12519,Luther Burden,WR,11.4,0,0
2026,4,8,736803054736822272,LAR,Los Angeles Rams,DEF,10.25,1,0
2026,4,8,736803054736822272,11786,Cam Little,K,10.0,1,0
2026,4,8,736803054736822272,8137,George Pickens,WR,9.5,1,0
2026,4,8,736803054736822272,12474,Woody Marks,RB,8.2,0,0
2026,4,8,736803054736822272,9486,Dontayvion Wicks,WR,4.8,0,0
2026,4,8,736803054736822272,5045,Courtland Sutton,WR,1.4,0,0
2026,4,8,736803054736822272,4866,Saquon Barkley,RB,1.0,1,0
2026,4,8,736803054736822272,8136,Rachaad White,RB,0,0,0
2026,4,9,710284244835979264,96,Aaron Rodgers,QB,21.96,1,0
2026,4,9,710284244835979264,11604,Brock Bowers,TE,20.6,1,0
2026,4,9,710284244835979264,3294,Dak Prescott,QB,18.6,1,0
2026,4,9,710284244835979264,5872,Deebo Samuel,WR,17.0,0,0
2026,4,9,710284244835979264,11620,Rome Odunze,WR,15.4,0,0
2026,4,9,710284244835979264,13298,KC Concepcion,WR,11.4,0,0
2026,4,9,710284244835979264,ARI,Arizona Cardinals,DEF,9.5,1,0
2026,4,9,710284244835979264,6806,J.K. Dobbins,RB,7.2,1,0
2026,4,9,710284244835979264,12711,Tyler Loop,K,6.0,1,0
2026,4,9,710284244835979264,7564,Ja'Marr Chase,WR,5.7,1,0
2026,4,9,710284244835979264,5892,David Montgomery,RB,4.3,1,0
2026,4,9,710284244835979264,PHI,Philadelphia Eagles,DEF,4.1,0,0
2026,4,9,710284244835979264,12514,Emeka Egbuka,WR,3.3,1,0
2026,4,9,710284244835979264,3634,Kalif Raymond,WR,2.6,1,0
2026,4,9,710284244835979264,13330,Kenyon Sadiq,TE,0,0,0
2026,4,9,710284244835979264,4892,Baker Mayfield,QB,0,0,0
2026,4,9,710284244835979264,8408,Jordan Mason,RB,0,0,0
2026,4,10,475399371639222272,8150,Kyren Williams,RB,36.7,1,0
2026,4,10,475399371639222272,8121,Romeo Doubs,WR,23.8,1,0
2026,4,10,475399371639222272,1166,Kirk Cousins,QB,23.1,1,0
2026,4,10,475399371639222272,5846,DK Metcalf,WR,17.0,0,0
2026,4,10,475399371639222272,4199,Aaron Jones,RB,15.8,1,0
2026,4,10,475399371639222272,12517,Colston Loveland,TE,11.7,1,0
2026,4,10,475399371639222272,4037,Chris Godwin,WR,9.1,0,0
2026,4,10,475399371639222272,2133,Davante Adams,WR,7.2,1,0
2026,4,10,475399371639222272,BAL,Baltimore Ravens,DEF,6.95,1,0
2026,4,10,475399371639222272,5189,Eddy Pineiro,K,6.0,1,0
2026,4,10,475399371639222272,12529,TreVeyon Henderson,RB,4.2,1,0
2026,4,10,475399371639222272,8161,Malik Willis,QB,2.5,1,0
2026,4,10,475399371639222272,13414,Kaelon Black,RB,1.3,0,0
2026,4,10,475399371639222272,11560,Caleb Williams,QB,0,0,0
2026,4,10,475399371639222272,11583,Jonathon Brooks,RB,0,0,0
2026,4,10,475399371639222272,11646,Jalen Coker,WR,0,0,0
2026,4,10,475399371639222272,6794,Justin Jefferson,WR,0,0,0
2026,4,11,865793938542456832,8151,Kenneth Walker,RB,31.4,1,0
2026,4,11,865793938542456832,6801,Tee Higgins,WR,27.2,1,0
2026,4,11,865793938542456832,9758,C.J. Stroud,QB,23.08,1,0
2026,4,11,865793938542456832,9228,Bryce Young,QB,21.96,1,0
2026,4,11,865793938542456832,12527,Ashton Jeanty,RB,18.6,1,0
2026,4,11,865793938542456832,7547,Amon-Ra St. Brown,WR,15.5,1,0
2026,4,11,865793938542456832,12506,Harold Fannin,TE,11.7,1,0
2026,4,11,865793938542456832,11624,Xavier Worthy,WR,11.0,0,0
2026,4,11,865793938542456832,1373,Geno Smith,QB,9.76,0,0
2026,4,11,865793938542456832,4177,Mack Hollins,WR,8.3,0,0
2026,4,11,865793938542456832,MIN,Minnesota Vikings,DEF,7.5,1,0
2026,4,11,865793938542456832,5947,Jakobi Meyers,WR,6.3,0,0
2026,4,11,865793938542456832,1945,Chris Boswell,K,4.0,1,0
2026,4,11,865793938542456832,1466,Travis Kelce,TE,3.5,0,0
2026,4,11,865793938542456832,5001,Dalton Schultz,TE,2.9,0,0
2026,4,11,865793938542456832,10229,Rashee Rice,WR,0,1,0
2026,4,11,865793938542456832,7543,Travis Etienne,RB,0,0,0
2026,4,12,1136842855890366464,12534,Kyle Monangai,RB,28.5,0,0
2026,4,12,1136842855890366464,8144,Chris Olave,WR,20.1,1,0
2026,4,12,1136842855890366464,4881,Lamar Jackson,QB,18.88,1,0
2026,4,12,1136842855890366464,8228,Jaylen Warren,RB,15.6,1,0
2026,4,12,1136842855890366464,9480,Brenton Strange,TE,15.5,0,0
2026,4,12,1136842855890366464,8112,Drake London,WR,14.6,1,0
2026,4,12,1136842855890366464,8131,Isaiah Likely,TE,13.6,1,0
2026,4,12,1136842855890366464,12507,Omarion Hampton,RB,13.3,1,0
2026,4,12,1136842855890366464,8134,Khalil Shakir,WR,13.2,0,0
2026,4,12,1136842855890366464,13346,Denzel Boston,WR,12.9,0,0
2026,4,12,1136842855890366464,11559,Michael Penix,QB,12.72,1,0
2026,4,12,1136842855890366464,11584,Bucky Irving,RB,6.1,1,0
2026,4,12,1136842855890366464,PIT,Pittsburgh Steelers,DEF,5.05,1,0
2026,4,12,1136842855890366464,6650,Chase McLaughlin,K,2.0,1,0
2026,4,12,1136842855890366464,11566,Jayden Daniels,QB,0,0,0
2026,4,12,1136842855890366464,5022,Dallas Goedert,TE,0,0,0
2026,5,1,608781531883859968,11533,Brandon Aubrey,K,0,1,0
2026,5,1,608781531883859968,11586,Blake Corum,RB,0,0,0
2026,5,1,608781531883859968,11631,Brian Thomas,WR,0,0,0
2026,5,1,608781531883859968,12490,Bhayshul Tuten,RB,0,1,0
2026,5,1,608781531883859968,13337,Emmett Johnson,RB,0,0,0
2026,5,1,608781531883859968,2306,Jameis Winston,QB,0,1,0
2026,5,1,608781531883859968,3257,Jacoby Brissett,QB,0,1,0
2026,5,1,608781531883859968,3321,Tyreek Hill,WR,0,0,0
2026,5,1,608781531883859968,6797,Justin Herbert,QB,0,0,0
2026,5,1,608781531883859968,7526,Jaylen Waddle,WR,0,1,0
2026,5,1,608781531883859968,7594,Chuba Hubbard,RB,0,0,0
2026,5,1,608781531883859968,8130,Trey McBride,TE,0,1,0
2026,5,1,608781531883859968,9221,Jahmyr Gibbs,RB,0,1,0
2026,5,1,608781531883859968,9500,Josh Downs,WR,0,1,0
2026,5,1,608781531883859968,9753,Zach Charbonnet,RB,0,0,0
2026,5,1,608781531883859968,9997,Zay Flowers,WR,0,1,0
2026,5,1,608781531883859968,CHI,Chicago Bears,DEF,0,1,0
2026,5,2,736077599457026048,11643,Jaylen Wright,RB,0,0,0
2026,5,2,736077599457026048,12185,Spencer Shrader,K,0,1,0
2026,5,2,736077599457026048,13345,Jonah Coleman,RB,0,0,0
2026,5,2,736077599457026048,3163,Jared Goff,QB,0,1,0
2026,5,2,736077599457026048,3271,Tyler Higbee,TE,0,0,0
2026,5,2,736077599457026048,4017,Deshaun Watson,QB,0,0,0
2026,5,2,736077599457026048,5012,Mark Andrews,TE,0,1,0
2026,5,2,736077599457026048,5927,Terry McLaurin,WR,0,0,0
2026,5,2,736077599457026048,7523,Trevor Lawrence,QB,0,1,0
2026,5,2,736077599457026048,7569,Nico Collins,WR,0,1,0
2026,5,2,736077599457026048,7588,Javonte Williams,RB,0,1,0
2026,5,2,736077599457026048,8167,Christian Watson,WR,0,1,0
2026,5,2,736077599457026048,9224,Chase Brown,RB,0,1,0
2026,5,2,736077599457026048,9487,Parker Washington,WR,0,0,0
2026,5,2,736077599457026048,9509,Bijan Robinson,RB,0,1,0
2026,5,2,736077599457026048,9754,Quentin Johnston,WR,0,0,0
2026,5,2,736077599457026048,KC,Kansas City Chiefs,DEF,0,1,0
2026,5,3,737091087440674816,11435,Emanuel Wilson,RB,0,1,0
2026,5,3,737091087440674816,11564,Drake Maye,QB,0,1,0
2026,5,3,737091087440674816,11581,MarShawn Lloyd,RB,0,0,0
2026,5,3,737091087440674816,12015,Harrison Mevis,K,0,1,0
2026,5,3,737091087440674816,12518,Tyler Warren,TE,0,1,0
2026,5,3,737091087440674816,12526,Tetairoa McMillan,WR,0,1,0
2026,5,3,737091087440674816,4035,Alvin Kamara,RB,0,1,0
2026,5,3,737091087440674816,4943,Sam Darnold,QB,0,1,0
2026,5,3,737091087440674816,5850,Josh Jacobs,RB,0,0,0
2026,5,3,737091087440674816,6786,CeeDee Lamb,WR,0,1,0
2026,5,3,737091087440674816,7021,Rico Dowdle,RB,0,0,0
2026,5,3,737091087440674816,7528,Najee Harris,RB,0,0,0
2026,5,3,737091087440674816,8142,Alec Pierce,WR,0,0,0
2026,5,3,737091087440674816,8146,Garrett Wilson,WR,0,1,0
2026,5,3,737091087440674816,8155,Breece Hall,RB,0,0,0
2026,5,3,737091087440674816,9508,Tyjae Spears,RB,0,0,0
2026,5,3,737091087440674816,SEA,Seattle Seahawks,DEF,0,1,0
2026,5,4,736744257179770880,10859,Sam LaPorta,TE,0,1,0
2026,5,4,736744257179770880,12481,Cam Skattebo,RB,0,1,0
2026,5,4,736744257179770880,12545,Tyler Shough,QB,0,1,0
2026,5,4,736744257179770880,13269,Fernando Mendoza,QB,0,0,0
2026,5,4,736744257179770880,13276,Omar Cooper,WR,0,0,0
2026,5,4,736744257179770880,13279,Carnell Tate,WR,0,1,0
2026,5,4,736744257179770880,13287,Jeremiyah Love,RB,0,1,0
2026,5,4,736744257179770880,1479,Keenan Allen,WR,0,0,0
2026,5,4,736744257179770880,2747,Jason Myers,K,0,1,0
2026,5,4,736744257179770880,421,Matthew Stafford,QB,0,1,0
2026,5,4,736744257179770880,7049,Jauan Jennings,WR,0,0,0
2026,5,4,736744257179770880,7525,DeVonta Smith,WR,0,0,0
2026,5,4,736744257179770880,8110,Jake Ferguson,TE,0,0,0
2026,5,4,736744257179770880,8138,James Cook,RB,0,1,0
2026,5,4,736744257179770880,8180,Jalen Nailor,WR,0,0,0
2026,5,4,736744257179770880,9493,Puka Nacua,WR,0,1,0
2026,5,4,736744257179770880,GB,Green Bay Packers,DEF,0,1,0
2026,5,5,716698629934481408,11628,Marvin Harrison,WR,0,0,0
2026,5,5,716698629934481408,11834,Devaughn Vele,WR,0,1,0
2026,5,5,716698629934481408,12495,Ollie Gordon,RB,0,1,0
2026,5,5,716698629934481408,12522,Cam Ward,QB,0,0,0
2026,5,5,716698629934481408,12533,Jacory Croskey-Merritt,RB,0,0,0
2026,5,5,716698629934481408,13294,Makai Lemon,WR,0,0,0
2026,5,5,716698629934481408,2449,Stefon Diggs,WR,0,1,0
2026,5,5,716698629934481408,3198,Derrick Henry,RB,0,1,0
2026,5,5,716698629934481408,4217,George Kittle,TE,0,1,0
2026,5,5,716698629934481408,4983,DJ Moore,WR,0,1,0
2026,5,5,716698629934481408,6770,Joe Burrow,QB,0,1,0
2026,5,5,716698629934481408,7839,Evan McPherson,K,0,1,0
2026,5,5,716698629934481408,8126,Wan'Dale Robinson,WR,0,0,0
2026,5,5,716698629934481408,8183,Brock Purdy,QB,0,1,0
2026,5,5,716698629934481408,8676,Rashid Shaheed,WR,0,0,0
2026,5,5,716698629934481408,CLE,Cleveland Browns,DEF,0,1,0
2026,5,6,736740647758938112,10213,Tre Tucker,WR,0,0,0
2026,5,6,736740647758938112,10232,Michael Wilson,WR,0,1,0
2026,5,6,736740647758938112,11610,Malik Washington,WR,0,0,0
2026,5,6,736740647758938112,11632,Malik Nabers,WR,0,1,0
2026,5,6,736740647758938112,2505,Darren Waller,TE,0,0,0
2026,5,6,736740647758938112,3214,Hunter Henry,TE,0,1,0
2026,5,6,736740647758938112,4034,Christian McCaffrey,RB,0,1,0
2026,5,6,736740647758938112,4046,Patrick Mahomes,QB,0,0,0
2026,5,6,736740647758938112,5849,Kyler Murray,QB,0,1,0
2026,5,6,736740647758938112,5870,Daniel Jones,QB,0,0,0
2026,5,6,736740647758938112,6083,Matt Gay,K,0,1,0
2026,5,6,736740647758938112,6790,D'Andre Swift,RB,0,1,0
2026,5,6,736740647758938112,6813,Jonathan Taylor,RB,0,1,0
2026,5,6,736740647758938112,8148,Jameson Williams,WR,0,1,0
2026,5,6,736740647758938112,9756,Jordan Addison,WR,0,0,0
2026,5,6,736740647758938112,HOU,Houston Texans,DEF,0,1,0
2026,5,7,735974647736213504,10236,Dalton Kincaid,TE,0,1,0
2026,5,7,735974647736213504,11576,Braelon Allen,RB,0,1,0
2026,5,7,735974647736213504,11625,Adonai Mitchell,WR,0,0,0
2026,5,7,735974647736213504,11635,Ladd McConkey,WR,0,1,0
2026,5,7,735974647736213504,11792,Will Reichard,K,0,1,0
2026,5,7,735974647736213504,12512,Quinshon Judkins,RB,0,1,0
2026,5,7,735974647736213504,13281,Jordyn Tyson,WR,0,0,0
2026,5,7,735974647736213504,13286,Jadarian Price,RB,0,0,0
2026,5,7,735974647736213504,2216,Mike Evans,WR,0,1,0
2026,5,7,735974647736213504,2307,Marcus Mariota,QB,0,1,0
2026,5,7,735974647736213504,4984,Josh Allen,QB,0,1,0
2026,5,7,735974647736213504,5859,A.J. Brown,WR,0,0,0
2026,5,7,735974647736213504,5967,Tony Pollard,RB,0,0,0
2026,5,7,735974647736213504,6904,Jalen Hurts,QB,0,0,0
2026,5,7,735974647736213504,7571,Rashod Bateman,WR,0,0,0
2026,5,7,735974647736213504,7611,Rhamondre Stevenson,RB,0,1,0
2026,5,7,735974647736213504,BUF,Buffalo Bills,DEF,0,1,0
2026,5,8,736803054736822272,11563,Bo Nix,QB,0,1,0
2026,5,8,736803054736822272,11786,Cam Little,K,0,1,0
2026,5,8,736803054736822272,12474,Woody Marks,RB,0,0,0
2026,5,8,736803054736822272,12489,RJ Harvey,RB,0,1,0
2026,5,8,736803054736822272,12501,Matthew Golden,WR,0,1,0
2026,5,8,736803054736822272,12519,Luther Burden,WR,0,0,0
2026,5,8,736803054736822272,4866,Saquon Barkley,RB,0,1,0
2026,5,8,736803054736822272,5045,Courtland Sutton,WR,0,0,0
2026,5,8,736803054736822272,6804,Jordan Love,QB,0,1,0
2026,5,8,736803054736822272,7002,Juwan Johnson,TE,0,1,0
2026,5,8,736803054736822272,8136,Rachaad White,RB,0,0,0
2026,5,8,736803054736822272,8137,George Pickens,WR,0,1,0
2026,5,8,736803054736822272,9484,Tucker Kraft,TE,0,0,0
2026,5,8,736803054736822272,9486,Dontayvion Wicks,WR,0,0,0
2026,5,8,736803054736822272,9488,Jaxon Smith-Njigba,WR,0,1,0
2026,5,8,736803054736822272,LAR,Los Angeles Rams,DEF,0,1,0
2026,5,9,710284244835979264,11604,Brock Bowers,TE,0,1,0
2026,5,9,710284244835979264,11620,Rome Odunze,WR,0,0,0
2026,5,9,710284244835979264,12514,Emeka Egbuka,WR,0,1,0
2026,5,9,710284244835979264,12711,Tyler Loop,K,0,1,0
2026,5,9,710284244835979264,13298,KC Concepcion,WR,0,0,0
2026,5,9,710284244835979264,13330,Kenyon Sadiq,TE,0,0,0
2026,5,9,710284244835979264,3294,Dak Prescott,QB,0,1,0
2026,5,9,710284244835979264,3634,Kalif Raymond,WR,0,1,0
2026,5,9,710284244835979264,4892,Baker Mayfield,QB,0,0,0
2026,5,9,710284244835979264,5872,Deebo Samuel,WR,0,0,0
2026,5,9,710284244835979264,5892,David Montgomery,RB,0,1,0
2026,5,9,710284244835979264,6806,J.K. Dobbins,RB,0,1,0
2026,5,9,710284244835979264,7564,Ja'Marr Chase,WR,0,1,0
2026,5,9,710284244835979264,8408,Jordan Mason,RB,0,0,0
2026,5,9,710284244835979264,96,Aaron Rodgers,QB,0,1,0
2026,5,9,710284244835979264,ARI,Arizona Cardinals,DEF,0,1,0
2026,5,9,710284244835979264,PHI,Philadelphia Eagles,DEF,0,0,0
2026,5,10,475399371639222272,11560,Caleb Williams,QB,0,0,0
2026,5,10,475399371639222272,11583,Jonathon Brooks,RB,0,0,0
2026,5,10,475399371639222272,11646,Jalen Coker,WR,0,0,0
2026,5,10,475399371639222272,1166,Kirk Cousins,QB,0,1,0
2026,5,10,475399371639222272,12517,Colston Loveland,TE,0,1,0
2026,5,10,475399371639222272,12529,TreVeyon Henderson,RB,0,1,0
2026,5,10,475399371639222272,13414,Kaelon Black,RB,0,0,0
2026,5,10,475399371639222272,2133,Davante Adams,WR,0,1,0
2026,5,10,475399371639222272,4037,Chris Godwin,WR,0,0,0
2026,5,10,475399371639222272,4199,Aaron Jones,RB,0,1,0
2026,5,10,475399371639222272,5189,Eddy Pineiro,K,0,1,0
2026,5,10,475399371639222272,5846,DK Metcalf,WR,0,0,0
2026,5,10,475399371639222272,6794,Justin Jefferson,WR,0,0,0
2026,5,10,475399371639222272,8121,Romeo Doubs,WR,0,1,0
2026,5,10,475399371639222272,8150,Kyren Williams,RB,0,1,0
2026,5,10,475399371639222272,8161,Malik Willis,QB,0,1,0
2026,5,10,475399371639222272,BAL,Baltimore Ravens,DEF,0,1,0
2026,5,11,865793938542456832,10229,Rashee Rice,WR,0,1,0
2026,5,11,865793938542456832,11624,Xavier Worthy,WR,0,0,0
2026,5,11,865793938542456832,12506,Harold Fannin,TE,0,1,0
2026,5,11,865793938542456832,12527,Ashton Jeanty,RB,0,1,0
2026,5,11,865793938542456832,1373,Geno Smith,QB,0,0,0
2026,5,11,865793938542456832,1466,Travis Kelce,TE,0,0,0
2026,5,11,865793938542456832,1945,Chris Boswell,K,0,1,0
2026,5,11,865793938542456832,4177,Mack Hollins,WR,0,0,0
2026,5,11,865793938542456832,5001,Dalton Schultz,TE,0,0,0
2026,5,11,865793938542456832,5947,Jakobi Meyers,WR,0,0,0
2026,5,11,865793938542456832,6801,Tee Higgins,WR,0,1,0
2026,5,11,865793938542456832,7543,Travis Etienne,RB,0,0,0
2026,5,11,865793938542456832,7547,Amon-Ra St. Brown,WR,0,1,0
2026,5,11,865793938542456832,8151,Kenneth Walker,RB,0,1,0
2026,5,11,865793938542456832,9228,Bryce Young,QB,0,1,0
2026,5,11,865793938542456832,9758,C.J. Stroud,QB,0,1,0
2026,5,11,865793938542456832,MIN,Minnesota Vikings,DEF,0,1,0
2026,5,12,1136842855890366464,11559,Michael Penix,QB,0,1,0
2026,5,12,1136842855890366464,11566,Jayden Daniels,QB,0,0,0
2026,5,12,1136842855890366464,11584,Bucky Irving,RB,0,1,0
2026,5,12,1136842855890366464,12507,Omarion Hampton,RB,0,1,0
2026,5,12,1136842855890366464,12534,Kyle Monangai,RB,0,0,0
2026,5,12,1136842855890366464,13346,Denzel Boston,WR,0,0,0
2026,5,12,1136842855890366464,4881,Lamar Jackson,QB,0,1,0
2026,5,12,1136842855890366464,5022,Dallas Goedert,TE,0,0,0
2026,5,12,1136842855890366464,6650,Chase McLaughlin,K,0,1,0
2026,5,12,1136842855890366464,8112,Drake London,WR,0,1,0
2026,5,12,1136842855890366464,8131,Isaiah Likely,TE,0,1,0
2026,5,12,1136842855890366464,8134,Khalil Shakir,WR,0,0,0
2026,5,12,1136842855890366464,8144,Chris Olave,WR,0,1,0
2026,5,12,1136842855890366464,8228,Jaylen Warren,RB,0,1,0
2026,5,12,1136842855890366464,9480,Brenton Strange,TE,0,0,0
2026,5,12,1136842855890366464,PIT,Pittsburgh Steelers,DEF,0,1,0
2026,6,1,608781531883859968,11533,Brandon Aubrey,K,0,1,0
2026,6,1,608781531883859968,11586,Blake Corum,RB,0,0,0
2026,6,1,608781531883859968,11631,Brian Thomas,WR,0,0,0
2026,6,1,608781531883859968,12490,Bhayshul Tuten,RB,0,1,0
2026,6,1,608781531883859968,13337,Emmett Johnson,RB,0,0,0
2026,6,1,608781531883859968,2306,Jameis Winston,QB,0,1,0
2026,6,1,608781531883859968,3257,Jacoby Brissett,QB,0,1,0
2026,6,1,608781531883859968,3321,Tyreek Hill,WR,0,0,0
2026,6,1,608781531883859968,6797,Justin Herbert,QB,0,0,0
2026,6,1,608781531883859968,7526,Jaylen Waddle,WR,0,1,0
2026,6,1,608781531883859968,7594,Chuba Hubbard,RB,0,1,0
2026,6,1,608781531883859968,8130,Trey McBride,TE,0,1,0
2026,6,1,608781531883859968,9221,Jahmyr Gibbs,RB,0,0,0
2026,6,1,608781531883859968,9500,Josh Downs,WR,0,1,0
2026,6,1,608781531883859968,9753,Zach Charbonnet,RB,0,0,0
2026,6,1,608781531883859968,9997,Zay Flowers,WR,0,1,0
2026,6,1,608781531883859968,CHI,Chicago Bears,DEF,0,1,0
2026,6,2,736077599457026048,11643,Jaylen Wright,RB,0,0,0
2026,6,2,736077599457026048,12185,Spencer Shrader,K,0,1,0
2026,6,2,736077599457026048,13345,Jonah Coleman,RB,0,0,0
2026,6,2,736077599457026048,3163,Jared Goff,QB,0,1,0
2026,6,2,736077599457026048,3271,Tyler Higbee,TE,0,0,0
2026,6,2,736077599457026048,4017,Deshaun Watson,QB,0,0,0
2026,6,2,736077599457026048,5012,Mark Andrews,TE,0,1,0
2026,6,2,736077599457026048,5927,Terry McLaurin,WR,0,0,0
2026,6,2,736077599457026048,7523,Trevor Lawrence,QB,0,1,0
2026,6,2,736077599457026048,7569,Nico Collins,WR,0,1,0
2026,6,2,736077599457026048,7588,Javonte Williams,RB,0,1,0
2026,6,2,736077599457026048,8167,Christian Watson,WR,0,1,0
2026,6,2,736077599457026048,9224,Chase Brown,RB,0,1,0
2026,6,2,736077599457026048,9487,Parker Washington,WR,0,0,0
2026,6,2,736077599457026048,9509,Bijan Robinson,RB,0,1,0
2026,6,2,736077599457026048,9754,Quentin Johnston,WR,0,0,0
2026,6,2,736077599457026048,KC,Kansas City Chiefs,DEF,0,1,0
2026,6,3,737091087440674816,11435,Emanuel Wilson,RB,0,1,0
2026,6,3,737091087440674816,11564,Drake Maye,QB,0,1,0
2026,6,3,737091087440674816,11581,MarShawn Lloyd,RB,0,0,0
2026,6,3,737091087440674816,12015,Harrison Mevis,K,0,1,0
2026,6,3,737091087440674816,12518,Tyler Warren,TE,0,1,0
2026,6,3,737091087440674816,12526,Tetairoa McMillan,WR,0,1,0
2026,6,3,737091087440674816,4035,Alvin Kamara,RB,0,1,0
2026,6,3,737091087440674816,4943,Sam Darnold,QB,0,1,0
2026,6,3,737091087440674816,5850,Josh Jacobs,RB,0,0,0
2026,6,3,737091087440674816,6786,CeeDee Lamb,WR,0,1,0
2026,6,3,737091087440674816,7021,Rico Dowdle,RB,0,0,0
2026,6,3,737091087440674816,7528,Najee Harris,RB,0,0,0
2026,6,3,737091087440674816,8142,Alec Pierce,WR,0,0,0
2026,6,3,737091087440674816,8146,Garrett Wilson,WR,0,1,0
2026,6,3,737091087440674816,8155,Breece Hall,RB,0,0,0
2026,6,3,737091087440674816,9508,Tyjae Spears,RB,0,0,0
2026,6,3,737091087440674816,SEA,Seattle Seahawks,DEF,0,1,0
2026,6,4,736744257179770880,10859,Sam LaPorta,TE,0,1,0
2026,6,4,736744257179770880,12481,Cam Skattebo,RB,0,1,0
2026,6,4,736744257179770880,12545,Tyler Shough,QB,0,1,0
2026,6,4,736744257179770880,13269,Fernando Mendoza,QB,0,0,0
2026,6,4,736744257179770880,13276,Omar Cooper,WR,0,0,0
2026,6,4,736744257179770880,13279,Carnell Tate,WR,0,1,0
2026,6,4,736744257179770880,13287,Jeremiyah Love,RB,0,1,0
2026,6,4,736744257179770880,1479,Keenan Allen,WR,0,0,0
2026,6,4,736744257179770880,2747,Jason Myers,K,0,1,0
2026,6,4,736744257179770880,421,Matthew Stafford,QB,0,1,0
2026,6,4,736744257179770880,7049,Jauan Jennings,WR,0,0,0
2026,6,4,736744257179770880,7525,DeVonta Smith,WR,0,0,0
2026,6,4,736744257179770880,8110,Jake Ferguson,TE,0,0,0
2026,6,4,736744257179770880,8138,James Cook,RB,0,1,0
2026,6,4,736744257179770880,8180,Jalen Nailor,WR,0,0,0
2026,6,4,736744257179770880,9493,Puka Nacua,WR,0,1,0
2026,6,4,736744257179770880,GB,Green Bay Packers,DEF,0,1,0
2026,6,5,716698629934481408,11628,Marvin Harrison,WR,0,0,0
2026,6,5,716698629934481408,11834,Devaughn Vele,WR,0,1,0
2026,6,5,716698629934481408,12495,Ollie Gordon,RB,0,1,0
2026,6,5,716698629934481408,12522,Cam Ward,QB,0,0,0
2026,6,5,716698629934481408,12533,Jacory Croskey-Merritt,RB,0,0,0
2026,6,5,716698629934481408,13294,Makai Lemon,WR,0,0,0
2026,6,5,716698629934481408,2449,Stefon Diggs,WR,0,1,0
2026,6,5,716698629934481408,3198,Derrick Henry,RB,0,1,0
2026,6,5,716698629934481408,4217,George Kittle,TE,0,1,0
2026,6,5,716698629934481408,4983,DJ Moore,WR,0,1,0
2026,6,5,716698629934481408,6770,Joe Burrow,QB,0,1,0
2026,6,5,716698629934481408,7839,Evan McPherson,K,0,1,0
2026,6,5,716698629934481408,8126,Wan'Dale Robinson,WR,0,0,0
2026,6,5,716698629934481408,8183,Brock Purdy,QB,0,1,0
2026,6,5,716698629934481408,8676,Rashid Shaheed,WR,0,0,0
2026,6,5,716698629934481408,CLE,Cleveland Browns,DEF,0,1,0
2026,6,6,736740647758938112,10213,Tre Tucker,WR,0,0,0
2026,6,6,736740647758938112,10232,Michael Wilson,WR,0,1,0
2026,6,6,736740647758938112,11610,Malik Washington,WR,0,0,0
2026,6,6,736740647758938112,11632,Malik Nabers,WR,0,1,0
2026,6,6,736740647758938112,2505,Darren Waller,TE,0,1,0
2026,6,6,736740647758938112,3214,Hunter Henry,TE,0,0,0
2026,6,6,736740647758938112,4034,Christian McCaffrey,RB,0,1,0
2026,6,6,736740647758938112,4046,Patrick Mahomes,QB,0,1,0
2026,6,6,736740647758938112,5849,Kyler Murray,QB,0,1,0
2026,6,6,736740647758938112,5870,Daniel Jones,QB,0,0,0
2026,6,6,736740647758938112,6083,Matt Gay,K,0,1,0
2026,6,6,736740647758938112,6790,D'Andre Swift,RB,0,1,0
2026,6,6,736740647758938112,6813,Jonathan Taylor,RB,0,1,0
2026,6,6,736740647758938112,8148,Jameson Williams,WR,0,0,0
2026,6,6,736740647758938112,9756,Jordan Addison,WR,0,0,0
2026,6,6,736740647758938112,HOU,Houston Texans,DEF,0,1,0
2026,6,7,735974647736213504,10236,Dalton Kincaid,TE,0,1,0
2026,6,7,735974647736213504,11576,Braelon Allen,RB,0,1,0
2026,6,7,735974647736213504,11625,Adonai Mitchell,WR,0,0,0
2026,6,7,735974647736213504,11635,Ladd McConkey,WR,0,1,0
2026,6,7,735974647736213504,11792,Will Reichard,K,0,1,0
2026,6,7,735974647736213504,12512,Quinshon Judkins,RB,0,1,0
2026,6,7,735974647736213504,13281,Jordyn Tyson,WR,0,0,0
2026,6,7,735974647736213504,13286,Jadarian Price,RB,0,0,0
2026,6,7,735974647736213504,2216,Mike Evans,WR,0,1,0
2026,6,7,735974647736213504,2307,Marcus Mariota,QB,0,1,0
2026,6,7,735974647736213504,4984,Josh Allen,QB,0,1,0
2026,6,7,735974647736213504,5859,A.J. Brown,WR,0,0,0
2026,6,7,735974647736213504,5967,Tony Pollard,RB,0,0,0
2026,6,7,735974647736213504,6904,Jalen Hurts,QB,0,0,0
2026,6,7,735974647736213504,7571,Rashod Bateman,WR,0,0,0
2026,6,7,735974647736213504,7611,Rhamondre Stevenson,RB,0,1,0
2026,6,7,735974647736213504,BUF,Buffalo Bills,DEF,0,1,0
2026,6,8,736803054736822272,11563,Bo Nix,QB,0,1,0
2026,6,8,736803054736822272,11786,Cam Little,K,0,1,0
2026,6,8,736803054736822272,12474,Woody Marks,RB,0,0,0
2026,6,8,736803054736822272,12489,RJ Harvey,RB,0,1,0
2026,6,8,736803054736822272,12501,Matthew Golden,WR,0,1,0
2026,6,8,736803054736822272,12519,Luther Burden,WR,0,0,0
2026,6,8,736803054736822272,4866,Saquon Barkley,RB,0,1,0
2026,6,8,736803054736822272,5045,Courtland Sutton,WR,0,0,0
2026,6,8,736803054736822272,6804,Jordan Love,QB,0,1,0
2026,6,8,736803054736822272,7002,Juwan Johnson,TE,0,1,0
2026,6,8,736803054736822272,8136,Rachaad White,RB,0,0,0
2026,6,8,736803054736822272,8137,George Pickens,WR,0,1,0
2026,6,8,736803054736822272,9484,Tucker Kraft,TE,0,0,0
2026,6,8,736803054736822272,9486,Dontayvion Wicks,WR,0,0,0
2026,6,8,736803054736822272,9488,Jaxon Smith-Njigba,WR,0,1,0
2026,6,8,736803054736822272,LAR,Los Angeles Rams,DEF,0,1,0
2026,6,9,710284244835979264,11604,Brock Bowers,TE,0,1,0
2026,6,9,710284244835979264,11620,Rome Odunze,WR,0,0,0
2026,6,9,710284244835979264,12514,Emeka Egbuka,WR,0,1,0
2026,6,9,710284244835979264,12711,Tyler Loop,K,0,1,0
2026,6,9,710284244835979264,13298,KC Concepcion,WR,0,0,0
2026,6,9,710284244835979264,13330,Kenyon Sadiq,TE,0,0,0
2026,6,9,710284244835979264,3294,Dak Prescott,QB,0,1,0
2026,6,9,710284244835979264,3634,Kalif Raymond,WR,0,1,0
2026,6,9,710284244835979264,4892,Baker Mayfield,QB,0,0,0
2026,6,9,710284244835979264,5872,Deebo Samuel,WR,0,0,0
2026,6,9,710284244835979264,5892,David Montgomery,RB,0,1,0
2026,6,9,710284244835979264,6806,J.K. Dobbins,RB,0,1,0
2026,6,9,710284244835979264,7564,Ja'Marr Chase,WR,0,1,0
2026,6,9,710284244835979264,8408,Jordan Mason,RB,0,0,0
2026,6,9,710284244835979264,96,Aaron Rodgers,QB,0,1,0
2026,6,9,710284244835979264,ARI,Arizona Cardinals,DEF,0,1,0
2026,6,9,710284244835979264,PHI,Philadelphia Eagles,DEF,0,0,0
2026,6,10,475399371639222272,11560,Caleb Williams,QB,0,1,0
2026,6,10,475399371639222272,11583,Jonathon Brooks,RB,0,0,0
2026,6,10,475399371639222272,11646,Jalen Coker,WR,0,1,0
2026,6,10,475399371639222272,1166,Kirk Cousins,QB,0,1,0
2026,6,10,475399371639222272,12517,Colston Loveland,TE,0,1,0
2026,6,10,475399371639222272,12529,TreVeyon Henderson,RB,0,1,0
2026,6,10,475399371639222272,13414,Kaelon Black,RB,0,0,0
2026,6,10,475399371639222272,2133,Davante Adams,WR,0,1,0
2026,6,10,475399371639222272,4037,Chris Godwin,WR,0,0,0
2026,6,10,475399371639222272,4199,Aaron Jones,RB,0,0,0
2026,6,10,475399371639222272,5189,Eddy Pineiro,K,0,1,0
2026,6,10,475399371639222272,5846,DK Metcalf,WR,0,1,0
2026,6,10,475399371639222272,6794,Justin Jefferson,WR,0,0,0
2026,6,10,475399371639222272,8121,Romeo Doubs,WR,0,0,0
2026,6,10,475399371639222272,8150,Kyren Williams,RB,0,1,0
2026,6,10,475399371639222272,8161,Malik Willis,QB,0,0,0
2026,6,10,475399371639222272,BAL,Baltimore Ravens,DEF,0,1,0
2026,6,11,865793938542456832,10229,Rashee Rice,WR,0,1,0
2026,6,11,865793938542456832,11624,Xavier Worthy,WR,0,0,0
2026,6,11,865793938542456832,12506,Harold Fannin,TE,0,1,0
2026,6,11,865793938542456832,12527,Ashton Jeanty,RB,0,1,0
2026,6,11,865793938542456832,1373,Geno Smith,QB,0,0,0
2026,6,11,865793938542456832,1466,Travis Kelce,TE,0,0,0
2026,6,11,865793938542456832,1945,Chris Boswell,K,0,1,0
2026,6,11,865793938542456832,4177,Mack Hollins,WR,0,0,0
2026,6,11,865793938542456832,5001,Dalton Schultz,TE,0,0,0
2026,6,11,865793938542456832,5947,Jakobi Meyers,WR,0,0,0
2026,6,11,865793938542456832,6801,Tee Higgins,WR,0,1,0
2026,6,11,865793938542456832,7543,Travis Etienne,RB,0,0,0
2026,6,11,865793938542456832,7547,Amon-Ra St. Brown,WR,0,1,0
2026,6,11,865793938542456832,8151,Kenneth Walker,RB,0,1,0
2026,6,11,865793938542456832,9228,Bryce Young,QB,0,1,0
2026,6,11,865793938542456832,9758,C.J. Stroud,QB,0,1,0
2026,6,11,865793938542456832,MIN,Minnesota Vikings,DEF,0,1,0
2026,6,12,1136842855890366464,11559,Michael Penix,QB,0,1,0
2026,6,12,1136842855890366464,11566,Jayden Daniels,QB,0,0,0
2026,6,12,1136842855890366464,11584,Bucky Irving,RB,0,1,0
2026,6,12,1136842855890366464,12507,Omarion Hampton,RB,0,1,0
2026,6,12,1136842855890366464,12534,Kyle Monangai,RB,0,0,0
2026,6,12,1136842855890366464,13346,Denzel Boston,WR,0,0,0
2026,6,12,1136842855890366464,4881,Lamar Jackson,QB,0,1,0
2026,6,12,1136842855890366464,5022,Dallas Goedert,TE,0,0,0
2026,6,12,1136842855890366464,6650,Chase McLaughlin,K,0,1,0
2026,6,12,1136842855890366464,8112,Drake London,WR,0,1,0
2026,6,12,1136842855890366464,8131,Isaiah Likely,TE,0,1,0
2026,6,12,1136842855890366464,8134,Khalil Shakir,WR,0,0,0
2026,6,12,1136842855890366464,8144,Chris Olave,WR,0,1,0
2026,6,12,1136842855890366464,8228,Jaylen Warren,RB,0,1,0
2026,6,12,1136842855890366464,9480,Brenton Strange,TE,0,0,0
2026,6,12,1136842855890366464,PIT,Pittsburgh Steelers,DEF,0,1,0
2026,7,1,608781531883859968,11533,Brandon Aubrey,K,0,1,0
2026,7,1,608781531883859968,11586,Blake Corum,RB,0,0,0
2026,7,1,608781531883859968,11631,Brian Thomas,WR,0,0,0
2026,7,1,608781531883859968,12490,Bhayshul Tuten,RB,0,0,0
2026,7,1,608781531883859968,13337,Emmett Johnson,RB,0,0,0
2026,7,1,608781531883859968,2306,Jameis Winston,QB,0,1,0
2026,7,1,608781531883859968,3257,Jacoby Brissett,QB,0,1,0
2026,7,1,608781531883859968,3321,Tyreek Hill,WR,0,0,0
2026,7,1,608781531883859968,6797,Justin Herbert,QB,0,0,0
2026,7,1,608781531883859968,7526,Jaylen Waddle,WR,0,1,0
2026,7,1,608781531883859968,7594,Chuba Hubbard,RB,0,1,0
2026,7,1,608781531883859968,8130,Trey McBride,TE,0,1,0
2026,7,1,608781531883859968,9221,Jahmyr Gibbs,RB,0,1,0
2026,7,1,608781531883859968,9500,Josh Downs,WR,0,1,0
2026,7,1,608781531883859968,9753,Zach Charbonnet,RB,0,0,0
2026,7,1,608781531883859968,9997,Zay Flowers,WR,0,1,0
2026,7,1,608781531883859968,CHI,Chicago Bears,DEF,0,1,0
2026,7,2,736077599457026048,11643,Jaylen Wright,RB,0,0,0
2026,7,2,736077599457026048,12185,Spencer Shrader,K,0,1,0
2026,7,2,736077599457026048,13345,Jonah Coleman,RB,0,0,0
2026,7,2,736077599457026048,3163,Jared Goff,QB,0,1,0
2026,7,2,736077599457026048,3271,Tyler Higbee,TE,0,0,0
2026,7,2,736077599457026048,4017,Deshaun Watson,QB,0,0,0
2026,7,2,736077599457026048,5012,Mark Andrews,TE,0,1,0
2026,7,2,736077599457026048,5927,Terry McLaurin,WR,0,0,0
2026,7,2,736077599457026048,7523,Trevor Lawrence,QB,0,1,0
2026,7,2,736077599457026048,7569,Nico Collins,WR,0,1,0
2026,7,2,736077599457026048,7588,Javonte Williams,RB,0,1,0
2026,7,2,736077599457026048,8167,Christian Watson,WR,0,1,0
2026,7,2,736077599457026048,9224,Chase Brown,RB,0,1,0
2026,7,2,736077599457026048,9487,Parker Washington,WR,0,0,0
2026,7,2,736077599457026048,9509,Bijan Robinson,RB,0,1,0
2026,7,2,736077599457026048,9754,Quentin Johnston,WR,0,0,0
2026,7,2,736077599457026048,KC,Kansas City Chiefs,DEF,0,1,0
2026,7,3,737091087440674816,11435,Emanuel Wilson,RB,0,1,0
2026,7,3,737091087440674816,11564,Drake Maye,QB,0,1,0
2026,7,3,737091087440674816,11581,MarShawn Lloyd,RB,0,0,0
2026,7,3,737091087440674816,12015,Harrison Mevis,K,0,1,0
2026,7,3,737091087440674816,12518,Tyler Warren,TE,0,1,0
2026,7,3,737091087440674816,12526,Tetairoa McMillan,WR,0,1,0
2026,7,3,737091087440674816,4035,Alvin Kamara,RB,0,1,0
2026,7,3,737091087440674816,4943,Sam Darnold,QB,0,1,0
2026,7,3,737091087440674816,5850,Josh Jacobs,RB,0,0,0
2026,7,3,737091087440674816,6786,CeeDee Lamb,WR,0,1,0
2026,7,3,737091087440674816,7021,Rico Dowdle,RB,0,0,0
2026,7,3,737091087440674816,7528,Najee Harris,RB,0,0,0
2026,7,3,737091087440674816,8142,Alec Pierce,WR,0,0,0
2026,7,3,737091087440674816,8146,Garrett Wilson,WR,0,1,0
2026,7,3,737091087440674816,8155,Breece Hall,RB,0,0,0
2026,7,3,737091087440674816,9508,Tyjae Spears,RB,0,0,0
2026,7,3,737091087440674816,SEA,Seattle Seahawks,DEF,0,1,0
2026,7,4,736744257179770880,10859,Sam LaPorta,TE,0,1,0
2026,7,4,736744257179770880,12481,Cam Skattebo,RB,0,1,0
2026,7,4,736744257179770880,12545,Tyler Shough,QB,0,1,0
2026,7,4,736744257179770880,13269,Fernando Mendoza,QB,0,0,0
2026,7,4,736744257179770880,13276,Omar Cooper,WR,0,0,0
2026,7,4,736744257179770880,13279,Carnell Tate,WR,0,1,0
2026,7,4,736744257179770880,13287,Jeremiyah Love,RB,0,1,0
2026,7,4,736744257179770880,1479,Keenan Allen,WR,0,0,0
2026,7,4,736744257179770880,2747,Jason Myers,K,0,1,0
2026,7,4,736744257179770880,421,Matthew Stafford,QB,0,1,0
2026,7,4,736744257179770880,7049,Jauan Jennings,WR,0,0,0
2026,7,4,736744257179770880,7525,DeVonta Smith,WR,0,0,0
2026,7,4,736744257179770880,8110,Jake Ferguson,TE,0,0,0
2026,7,4,736744257179770880,8138,James Cook,RB,0,1,0
2026,7,4,736744257179770880,8180,Jalen Nailor,WR,0,0,0
2026,7,4,736744257179770880,9493,Puka Nacua,WR,0,1,0
2026,7,4,736744257179770880,GB,Green Bay Packers,DEF,0,1,0
2026,7,5,716698629934481408,11628,Marvin Harrison,WR,0,0,0
2026,7,5,716698629934481408,11834,Devaughn Vele,WR,0,1,0
2026,7,5,716698629934481408,12495,Ollie Gordon,RB,0,1,0
2026,7,5,716698629934481408,12522,Cam Ward,QB,0,0,0
2026,7,5,716698629934481408,12533,Jacory Croskey-Merritt,RB,0,0,0
2026,7,5,716698629934481408,13294,Makai Lemon,WR,0,0,0
2026,7,5,716698629934481408,2449,Stefon Diggs,WR,0,1,0
2026,7,5,716698629934481408,3198,Derrick Henry,RB,0,1,0
2026,7,5,716698629934481408,4217,George Kittle,TE,0,1,0
2026,7,5,716698629934481408,4983,DJ Moore,WR,0,1,0
2026,7,5,716698629934481408,6770,Joe Burrow,QB,0,1,0
2026,7,5,716698629934481408,7839,Evan McPherson,K,0,1,0
2026,7,5,716698629934481408,8126,Wan'Dale Robinson,WR,0,0,0
2026,7,5,716698629934481408,8183,Brock Purdy,QB,0,1,0
2026,7,5,716698629934481408,8676,Rashid Shaheed,WR,0,0,0
2026,7,5,716698629934481408,CLE,Cleveland Browns,DEF,0,1,0
2026,7,6,736740647758938112,10213,Tre Tucker,WR,0,0,0
2026,7,6,736740647758938112,10232,Michael Wilson,WR,0,1,0
2026,7,6,736740647758938112,11610,Malik Washington,WR,0,0,0
2026,7,6,736740647758938112,11632,Malik Nabers,WR,0,1,0
2026,7,6,736740647758938112,2505,Darren Waller,TE,0,1,0
2026,7,6,736740647758938112,3214,Hunter Henry,TE,0,0,0
2026,7,6,736740647758938112,4034,Christian McCaffrey,RB,0,1,0
2026,7,6,736740647758938112,4046,Patrick Mahomes,QB,0,1,0
2026,7,6,736740647758938112,5849,Kyler Murray,QB,0,1,0
2026,7,6,736740647758938112,5870,Daniel Jones,QB,0,0,0
2026,7,6,736740647758938112,6083,Matt Gay,K,0,1,0
2026,7,6,736740647758938112,6790,D'Andre Swift,RB,0,1,0
2026,7,6,736740647758938112,6813,Jonathan Taylor,RB,0,1,0
2026,7,6,736740647758938112,8148,Jameson Williams,WR,0,0,0
2026,7,6,736740647758938112,9756,Jordan Addison,WR,0,0,0
2026,7,6,736740647758938112,HOU,Houston Texans,DEF,0,1,0
2026,7,7,735974647736213504,10236,Dalton Kincaid,TE,0,1,0
2026,7,7,735974647736213504,11576,Braelon Allen,RB,0,1,0
2026,7,7,735974647736213504,11625,Adonai Mitchell,WR,0,0,0
2026,7,7,735974647736213504,11635,Ladd McConkey,WR,0,1,0
2026,7,7,735974647736213504,11792,Will Reichard,K,0,1,0
2026,7,7,735974647736213504,12512,Quinshon Judkins,RB,0,1,0
2026,7,7,735974647736213504,13281,Jordyn Tyson,WR,0,0,0
2026,7,7,735974647736213504,13286,Jadarian Price,RB,0,0,0
2026,7,7,735974647736213504,2216,Mike Evans,WR,0,1,0
2026,7,7,735974647736213504,2307,Marcus Mariota,QB,0,1,0
2026,7,7,735974647736213504,4984,Josh Allen,QB,0,1,0
2026,7,7,735974647736213504,5859,A.J. Brown,WR,0,0,0
2026,7,7,735974647736213504,5967,Tony Pollard,RB,0,0,0
2026,7,7,735974647736213504,6904,Jalen Hurts,QB,0,0,0
2026,7,7,735974647736213504,7571,Rashod Bateman,WR,0,0,0
2026,7,7,735974647736213504,7611,Rhamondre Stevenson,RB,0,1,0
2026,7,7,735974647736213504,BUF,Buffalo Bills,DEF,0,1,0
2026,7,8,736803054736822272,11563,Bo Nix,QB,0,1,0
2026,7,8,736803054736822272,11786,Cam Little,K,0,1,0
2026,7,8,736803054736822272,12474,Woody Marks,RB,0,0,0
2026,7,8,736803054736822272,12489,RJ Harvey,RB,0,1,0
2026,7,8,736803054736822272,12501,Matthew Golden,WR,0,1,0
2026,7,8,736803054736822272,12519,Luther Burden,WR,0,0,0
2026,7,8,736803054736822272,4866,Saquon Barkley,RB,0,1,0
2026,7,8,736803054736822272,5045,Courtland Sutton,WR,0,0,0
2026,7,8,736803054736822272,6804,Jordan Love,QB,0,1,0
2026,7,8,736803054736822272,7002,Juwan Johnson,TE,0,1,0
2026,7,8,736803054736822272,8136,Rachaad White,RB,0,0,0
2026,7,8,736803054736822272,8137,George Pickens,WR,0,1,0
2026,7,8,736803054736822272,9484,Tucker Kraft,TE,0,0,0
2026,7,8,736803054736822272,9486,Dontayvion Wicks,WR,0,0,0
2026,7,8,736803054736822272,9488,Jaxon Smith-Njigba,WR,0,1,0
2026,7,8,736803054736822272,LAR,Los Angeles Rams,DEF,0,1,0
2026,7,9,710284244835979264,11604,Brock Bowers,TE,0,1,0
2026,7,9,710284244835979264,11620,Rome Odunze,WR,0,0,0
2026,7,9,710284244835979264,12514,Emeka Egbuka,WR,0,1,0
2026,7,9,710284244835979264,12711,Tyler Loop,K,0,1,0
2026,7,9,710284244835979264,13298,KC Concepcion,WR,0,0,0
2026,7,9,710284244835979264,13330,Kenyon Sadiq,TE,0,0,0
2026,7,9,710284244835979264,3294,Dak Prescott,QB,0,1,0
2026,7,9,710284244835979264,3634,Kalif Raymond,WR,0,1,0
2026,7,9,710284244835979264,4892,Baker Mayfield,QB,0,0,0
2026,7,9,710284244835979264,5872,Deebo Samuel,WR,0,0,0
2026,7,9,710284244835979264,5892,David Montgomery,RB,0,1,0
2026,7,9,710284244835979264,6806,J.K. Dobbins,RB,0,1,0
2026,7,9,710284244835979264,7564,Ja'Marr Chase,WR,0,1,0
2026,7,9,710284244835979264,8408,Jordan Mason,RB,0,0,0
2026,7,9,710284244835979264,96,Aaron Rodgers,QB,0,1,0
2026,7,9,710284244835979264,ARI,Arizona Cardinals,DEF,0,1,0
2026,7,9,710284244835979264,PHI,Philadelphia Eagles,DEF,0,0,0
2026,7,10,475399371639222272,11560,Caleb Williams,QB,0,0,0
2026,7,10,475399371639222272,11583,Jonathon Brooks,RB,0,0,0
2026,7,10,475399371639222272,11646,Jalen Coker,WR,0,0,0
2026,7,10,475399371639222272,1166,Kirk Cousins,QB,0,1,0
2026,7,10,475399371639222272,12517,Colston Loveland,TE,0,1,0
2026,7,10,475399371639222272,12529,TreVeyon Henderson,RB,0,1,0
2026,7,10,475399371639222272,13414,Kaelon Black,RB,0,0,0
2026,7,10,475399371639222272,2133,Davante Adams,WR,0,1,0
2026,7,10,475399371639222272,4037,Chris Godwin,WR,0,0,0
2026,7,10,475399371639222272,4199,Aaron Jones,RB,0,1,0
2026,7,10,475399371639222272,5189,Eddy Pineiro,K,0,1,0
2026,7,10,475399371639222272,5846,DK Metcalf,WR,0,0,0
2026,7,10,475399371639222272,6794,Justin Jefferson,WR,0,0,0
2026,7,10,475399371639222272,8121,Romeo Doubs,WR,0,1,0
2026,7,10,475399371639222272,8150,Kyren Williams,RB,0,1,0
2026,7,10,475399371639222272,8161,Malik Willis,QB,0,1,0
2026,7,10,475399371639222272,BAL,Baltimore Ravens,DEF,0,1,0
2026,7,11,865793938542456832,10229,Rashee Rice,WR,0,1,0
2026,7,11,865793938542456832,11624,Xavier Worthy,WR,0,0,0
2026,7,11,865793938542456832,12506,Harold Fannin,TE,0,1,0
2026,7,11,865793938542456832,12527,Ashton Jeanty,RB,0,1,0
2026,7,11,865793938542456832,1373,Geno Smith,QB,0,0,0
2026,7,11,865793938542456832,1466,Travis Kelce,TE,0,0,0
2026,7,11,865793938542456832,1945,Chris Boswell,K,0,1,0
2026,7,11,865793938542456832,4177,Mack Hollins,WR,0,0,0
2026,7,11,865793938542456832,5001,Dalton Schultz,TE,0,0,0
2026,7,11,865793938542456832,5947,Jakobi Meyers,WR,0,0,0
2026,7,11,865793938542456832,6801,Tee Higgins,WR,0,1,0
2026,7,11,865793938542456832,7543,Travis Etienne,RB,0,0,0
2026,7,11,865793938542456832,7547,Amon-Ra St. Brown,WR,0,1,0
2026,7,11,865793938542456832,8151,Kenneth Walker,RB,0,1,0
2026,7,11,865793938542456832,9228,Bryce Young,QB,0,1,0
2026,7,11,865793938542456832,9758,C.J. Stroud,QB,0,1,0
2026,7,11,865793938542456832,MIN,Minnesota Vikings,DEF,0,1,0
2026,7,12,1136842855890366464,11559,Michael Penix,QB,0,1,0
2026,7,12,1136842855890366464,11566,Jayden Daniels,QB,0,0,0
2026,7,12,1136842855890366464,11584,Bucky Irving,RB,0,1,0
2026,7,12,1136842855890366464,12507,Omarion Hampton,RB,0,1,0
2026,7,12,1136842855890366464,12534,Kyle Monangai,RB,0,0,0
2026,7,12,1136842855890366464,13346,Denzel Boston,WR,0,0,0
2026,7,12,1136842855890366464,4881,Lamar Jackson,QB,0,1,0
2026,7,12,1136842855890366464,5022,Dallas Goedert,TE,0,0,0
2026,7,12,1136842855890366464,6650,Chase McLaughlin,K,0,1,0
2026,7,12,1136842855890366464,8112,Drake London,WR,0,1,0
2026,7,12,1136842855890366464,8131,Isaiah Likely,TE,0,1,0
2026,7,12,1136842855890366464,8134,Khalil Shakir,WR,0,0,0
2026,7,12,1136842855890366464,8144,Chris Olave,WR,0,1,0
2026,7,12,1136842855890366464,8228,Jaylen Warren,RB,0,1,0
2026,7,12,1136842855890366464,9480,Brenton Strange,TE,0,0,0
2026,7,12,1136842855890366464,PIT,Pittsburgh Steelers,DEF,0,1,0
2026,8,1,608781531883859968,11533,Brandon Aubrey,K,0,1,0
2026,8,1,608781531883859968,11586,Blake Corum,RB,0,0,0
2026,8,1,608781531883859968,11631,Brian Thomas,WR,0,0,0
2026,8,1,608781531883859968,12490,Bhayshul Tuten,RB,0,0,0
2026,8,1,608781531883859968,13337,Emmett Johnson,RB,0,0,0
2026,8,1,608781531883859968,2306,Jameis Winston,QB,0,1,0
2026,8,1,608781531883859968,3257,Jacoby Brissett,QB,0,1,0
2026,8,1,608781531883859968,3321,Tyreek Hill,WR,0,0,0
2026,8,1,608781531883859968,6797,Justin Herbert,QB,0,0,0
2026,8,1,608781531883859968,7526,Jaylen Waddle,WR,0,1,0
2026,8,1,608781531883859968,7594,Chuba Hubbard,RB,0,1,0
2026,8,1,608781531883859968,8130,Trey McBride,TE,0,1,0
2026,8,1,608781531883859968,9221,Jahmyr Gibbs,RB,0,1,0
2026,8,1,608781531883859968,9500,Josh Downs,WR,0,1,0
2026,8,1,608781531883859968,9753,Zach Charbonnet,RB,0,0,0
2026,8,1,608781531883859968,9997,Zay Flowers,WR,0,1,0
2026,8,1,608781531883859968,CHI,Chicago Bears,DEF,0,1,0
2026,8,2,736077599457026048,11643,Jaylen Wright,RB,0,0,0
2026,8,2,736077599457026048,12185,Spencer Shrader,K,0,1,0
2026,8,2,736077599457026048,13345,Jonah Coleman,RB,0,0,0
2026,8,2,736077599457026048,3163,Jared Goff,QB,0,1,0
2026,8,2,736077599457026048,3271,Tyler Higbee,TE,0,0,0
2026,8,2,736077599457026048,4017,Deshaun Watson,QB,0,0,0
2026,8,2,736077599457026048,5012,Mark Andrews,TE,0,1,0
2026,8,2,736077599457026048,5927,Terry McLaurin,WR,0,0,0
2026,8,2,736077599457026048,7523,Trevor Lawrence,QB,0,1,0
2026,8,2,736077599457026048,7569,Nico Collins,WR,0,1,0
2026,8,2,736077599457026048,7588,Javonte Williams,RB,0,1,0
2026,8,2,736077599457026048,8167,Christian Watson,WR,0,1,0
2026,8,2,736077599457026048,9224,Chase Brown,RB,0,1,0
2026,8,2,736077599457026048,9487,Parker Washington,WR,0,0,0
2026,8,2,736077599457026048,9509,Bijan Robinson,RB,0,1,0
2026,8,2,736077599457026048,9754,Quentin Johnston,WR,0,0,0
2026,8,2,736077599457026048,KC,Kansas City Chiefs,DEF,0,1,0
2026,8,3,737091087440674816,11435,Emanuel Wilson,RB,0,1,0
2026,8,3,737091087440674816,11564,Drake Maye,QB,0,1,0
2026,8,3,737091087440674816,11581,MarShawn Lloyd,RB,0,0,0
2026,8,3,737091087440674816,12015,Harrison Mevis,K,0,1,0
2026,8,3,737091087440674816,12518,Tyler Warren,TE,0,1,0
2026,8,3,737091087440674816,12526,Tetairoa McMillan,WR,0,1,0
2026,8,3,737091087440674816,4035,Alvin Kamara,RB,0,1,0
2026,8,3,737091087440674816,4943,Sam Darnold,QB,0,1,0
2026,8,3,737091087440674816,5850,Josh Jacobs,RB,0,0,0
2026,8,3,737091087440674816,6786,CeeDee Lamb,WR,0,1,0
2026,8,3,737091087440674816,7021,Rico Dowdle,RB,0,0,0
2026,8,3,737091087440674816,7528,Najee Harris,RB,0,0,0
2026,8,3,737091087440674816,8142,Alec Pierce,WR,0,0,0
2026,8,3,737091087440674816,8146,Garrett Wilson,WR,0,1,0
2026,8,3,737091087440674816,8155,Breece Hall,RB,0,0,0
2026,8,3,737091087440674816,9508,Tyjae Spears,RB,0,0,0
2026,8,3,737091087440674816,SEA,Seattle Seahawks,DEF,0,1,0
2026,8,4,736744257179770880,10859,Sam LaPorta,TE,0,1,0
2026,8,4,736744257179770880,12481,Cam Skattebo,RB,0,1,0
2026,8,4,736744257179770880,12545,Tyler Shough,QB,0,1,0
2026,8,4,736744257179770880,13269,Fernando Mendoza,QB,0,0,0
2026,8,4,736744257179770880,13276,Omar Cooper,WR,0,0,0
2026,8,4,736744257179770880,13279,Carnell Tate,WR,0,1,0
2026,8,4,736744257179770880,13287,Jeremiyah Love,RB,0,1,0
2026,8,4,736744257179770880,1479,Keenan Allen,WR,0,0,0
2026,8,4,736744257179770880,2747,Jason Myers,K,0,1,0
2026,8,4,736744257179770880,421,Matthew Stafford,QB,0,1,0
2026,8,4,736744257179770880,7049,Jauan Jennings,WR,0,0,0
2026,8,4,736744257179770880,7525,DeVonta Smith,WR,0,0,0
2026,8,4,736744257179770880,8110,Jake Ferguson,TE,0,0,0
2026,8,4,736744257179770880,8138,James Cook,RB,0,1,0
2026,8,4,736744257179770880,8180,Jalen Nailor,WR,0,0,0
2026,8,4,736744257179770880,9493,Puka Nacua,WR,0,1,0
2026,8,4,736744257179770880,GB,Green Bay Packers,DEF,0,1,0
2026,8,5,716698629934481408,11628,Marvin Harrison,WR,0,0,0
2026,8,5,716698629934481408,11834,Devaughn Vele,WR,0,1,0
2026,8,5,716698629934481408,12495,Ollie Gordon,RB,0,1,0
2026,8,5,716698629934481408,12522,Cam Ward,QB,0,0,0
2026,8,5,716698629934481408,12533,Jacory Croskey-Merritt,RB,0,0,0
2026,8,5,716698629934481408,13294,Makai Lemon,WR,0,0,0
2026,8,5,716698629934481408,2449,Stefon Diggs,WR,0,1,0
2026,8,5,716698629934481408,3198,Derrick Henry,RB,0,1,0
2026,8,5,716698629934481408,4217,George Kittle,TE,0,1,0
2026,8,5,716698629934481408,4983,DJ Moore,WR,0,1,0
2026,8,5,716698629934481408,6770,Joe Burrow,QB,0,1,0
2026,8,5,716698629934481408,7839,Evan McPherson,K,0,1,0
2026,8,5,716698629934481408,8126,Wan'Dale Robinson,WR,0,0,0
2026,8,5,716698629934481408,8183,Brock Purdy,QB,0,1,0
2026,8,5,716698629934481408,8676,Rashid Shaheed,WR,0,0,0
2026,8,5,716698629934481408,CLE,Cleveland Browns,DEF,0,1,0
2026,8,6,736740647758938112,10213,Tre Tucker,WR,0,0,0
2026,8,6,736740647758938112,10232,Michael Wilson,WR,0,1,0
2026,8,6,736740647758938112,11610,Malik Washington,WR,0,0,0
2026,8,6,736740647758938112,11632,Malik Nabers,WR,0,1,0
2026,8,6,736740647758938112,2505,Darren Waller,TE,0,1,0
2026,8,6,736740647758938112,3214,Hunter Henry,TE,0,0,0
2026,8,6,736740647758938112,4034,Christian McCaffrey,RB,0,1,0
2026,8,6,736740647758938112,4046,Patrick Mahomes,QB,0,1,0
2026,8,6,736740647758938112,5849,Kyler Murray,QB,0,1,0
2026,8,6,736740647758938112,5870,Daniel Jones,QB,0,0,0
2026,8,6,736740647758938112,6083,Matt Gay,K,0,1,0
2026,8,6,736740647758938112,6790,D'Andre Swift,RB,0,1,0
2026,8,6,736740647758938112,6813,Jonathan Taylor,RB,0,1,0
2026,8,6,736740647758938112,8148,Jameson Williams,WR,0,0,0
2026,8,6,736740647758938112,9756,Jordan Addison,WR,0,0,0
2026,8,6,736740647758938112,HOU,Houston Texans,DEF,0,1,0
2026,8,7,735974647736213504,10236,Dalton Kincaid,TE,0,1,0
2026,8,7,735974647736213504,11576,Braelon Allen,RB,0,1,0
2026,8,7,735974647736213504,11625,Adonai Mitchell,WR,0,0,0
2026,8,7,735974647736213504,11635,Ladd McConkey,WR,0,1,0
2026,8,7,735974647736213504,11792,Will Reichard,K,0,1,0
2026,8,7,735974647736213504,12512,Quinshon Judkins,RB,0,1,0
2026,8,7,735974647736213504,13281,Jordyn Tyson,WR,0,0,0
2026,8,7,735974647736213504,13286,Jadarian Price,RB,0,0,0
2026,8,7,735974647736213504,2216,Mike Evans,WR,0,1,0
2026,8,7,735974647736213504,2307,Marcus Mariota,QB,0,1,0
2026,8,7,735974647736213504,4984,Josh Allen,QB,0,1,0
2026,8,7,735974647736213504,5859,A.J. Brown,WR,0,0,0
2026,8,7,735974647736213504,5967,Tony Pollard,RB,0,0,0
2026,8,7,735974647736213504,6904,Jalen Hurts,QB,0,0,0
2026,8,7,735974647736213504,7571,Rashod Bateman,WR,0,0,0
2026,8,7,735974647736213504,7611,Rhamondre Stevenson,RB,0,1,0
2026,8,7,735974647736213504,BUF,Buffalo Bills,DEF,0,1,0
2026,8,8,736803054736822272,11563,Bo Nix,QB,0,1,0
2026,8,8,736803054736822272,11786,Cam Little,K,0,1,0
2026,8,8,736803054736822272,12474,Woody Marks,RB,0,0,0
2026,8,8,736803054736822272,12489,RJ Harvey,RB,0,1,0
2026,8,8,736803054736822272,12501,Matthew Golden,WR,0,1,0
2026,8,8,736803054736822272,12519,Luther Burden,WR,0,0,0
2026,8,8,736803054736822272,4866,Saquon Barkley,RB,0,1,0
2026,8,8,736803054736822272,5045,Courtland Sutton,WR,0,0,0
2026,8,8,736803054736822272,6804,Jordan Love,QB,0,1,0
2026,8,8,736803054736822272,7002,Juwan Johnson,TE,0,1,0
2026,8,8,736803054736822272,8136,Rachaad White,RB,0,0,0
2026,8,8,736803054736822272,8137,George Pickens,WR,0,1,0
2026,8,8,736803054736822272,9484,Tucker Kraft,TE,0,0,0
2026,8,8,736803054736822272,9486,Dontayvion Wicks,WR,0,0,0
2026,8,8,736803054736822272,9488,Jaxon Smith-Njigba,WR,0,1,0
2026,8,8,736803054736822272,LAR,Los Angeles Rams,DEF,0,1,0
2026,8,9,710284244835979264,11604,Brock Bowers,TE,0,1,0
2026,8,9,710284244835979264,11620,Rome Odunze,WR,0,0,0
2026,8,9,710284244835979264,12514,Emeka Egbuka,WR,0,1,0
2026,8,9,710284244835979264,12711,Tyler Loop,K,0,1,0
2026,8,9,710284244835979264,13298,KC Concepcion,WR,0,0,0
2026,8,9,710284244835979264,13330,Kenyon Sadiq,TE,0,0,0
2026,8,9,710284244835979264,3294,Dak Prescott,QB,0,1,0
2026,8,9,710284244835979264,3634,Kalif Raymond,WR,0,1,0
2026,8,9,710284244835979264,4892,Baker Mayfield,QB,0,0,0
2026,8,9,710284244835979264,5872,Deebo Samuel,WR,0,0,0
2026,8,9,710284244835979264,5892,David Montgomery,RB,0,1,0
2026,8,9,710284244835979264,6806,J.K. Dobbins,RB,0,1,0
2026,8,9,710284244835979264,7564,Ja'Marr Chase,WR,0,1,0
2026,8,9,710284244835979264,8408,Jordan Mason,RB,0,0,0
2026,8,9,710284244835979264,96,Aaron Rodgers,QB,0,1,0
2026,8,9,710284244835979264,ARI,Arizona Cardinals,DEF,0,1,0
2026,8,9,710284244835979264,PHI,Philadelphia Eagles,DEF,0,0,0
2026,8,10,475399371639222272,11560,Caleb Williams,QB,0,0,0
2026,8,10,475399371639222272,11583,Jonathon Brooks,RB,0,0,0
2026,8,10,475399371639222272,11646,Jalen Coker,WR,0,0,0
2026,8,10,475399371639222272,1166,Kirk Cousins,QB,0,1,0
2026,8,10,475399371639222272,12517,Colston Loveland,TE,0,1,0
2026,8,10,475399371639222272,12529,TreVeyon Henderson,RB,0,1,0
2026,8,10,475399371639222272,13414,Kaelon Black,RB,0,0,0
2026,8,10,475399371639222272,2133,Davante Adams,WR,0,1,0
2026,8,10,475399371639222272,4037,Chris Godwin,WR,0,0,0
2026,8,10,475399371639222272,4199,Aaron Jones,RB,0,1,0
2026,8,10,475399371639222272,5189,Eddy Pineiro,K,0,1,0
2026,8,10,475399371639222272,5846,DK Metcalf,WR,0,0,0
2026,8,10,475399371639222272,6794,Justin Jefferson,WR,0,0,0
2026,8,10,475399371639222272,8121,Romeo Doubs,WR,0,1,0
2026,8,10,475399371639222272,8150,Kyren Williams,RB,0,1,0
2026,8,10,475399371639222272,8161,Malik Willis,QB,0,1,0
2026,8,10,475399371639222272,BAL,Baltimore Ravens,DEF,0,1,0
2026,8,11,865793938542456832,10229,Rashee Rice,WR,0,1,0
2026,8,11,865793938542456832,11624,Xavier Worthy,WR,0,0,0
2026,8,11,865793938542456832,12506,Harold Fannin,TE,0,1,0
2026,8,11,865793938542456832,12527,Ashton Jeanty,RB,0,1,0
2026,8,11,865793938542456832,1373,Geno Smith,QB,0,0,0
2026,8,11,865793938542456832,1466,Travis Kelce,TE,0,0,0
2026,8,11,865793938542456832,1945,Chris Boswell,K,0,1,0
2026,8,11,865793938542456832,4177,Mack Hollins,WR,0,0,0
2026,8,11,865793938542456832,5001,Dalton Schultz,TE,0,0,0
2026,8,11,865793938542456832,5947,Jakobi Meyers,WR,0,0,0
2026,8,11,865793938542456832,6801,Tee Higgins,WR,0,1,0
2026,8,11,865793938542456832,7543,Travis Etienne,RB,0,0,0
2026,8,11,865793938542456832,7547,Amon-Ra St. Brown,WR,0,1,0
2026,8,11,865793938542456832,8151,Kenneth Walker,RB,0,1,0
2026,8,11,865793938542456832,9228,Bryce Young,QB,0,1,0
2026,8,11,865793938542456832,9758,C.J. Stroud,QB,0,1,0
2026,8,11,865793938542456832,MIN,Minnesota Vikings,DEF,0,1,0
2026,8,12,1136842855890366464,11559,Michael Penix,QB,0,1,0
2026,8,12,1136842855890366464,11566,Jayden Daniels,QB,0,0,0
2026,8,12,1136842855890366464,11584,Bucky Irving,RB,0,1,0
2026,8,12,1136842855890366464,12507,Omarion Hampton,RB,0,1,0
2026,8,12,1136842855890366464,12534,Kyle Monangai,RB,0,0,0
2026,8,12,1136842855890366464,13346,Denzel Boston,WR,0,0,0
2026,8,12,1136842855890366464,4881,Lamar Jackson,QB,0,1,0
2026,8,12,1136842855890366464,5022,Dallas Goedert,TE,0,0,0
2026,8,12,1136842855890366464,6650,Chase McLaughlin,K,0,1,0
2026,8,12,1136842855890366464,8112,Drake London,WR,0,1,0
2026,8,12,1136842855890366464,8131,Isaiah Likely,TE,0,1,0
2026,8,12,1136842855890366464,8134,Khalil Shakir,WR,0,0,0
2026,8,12,1136842855890366464,8144,Chris Olave,WR,0,1,0
2026,8,12,1136842855890366464,8228,Jaylen Warren,RB,0,1,0
2026,8,12,1136842855890366464,9480,Brenton Strange,TE,0,0,0
2026,8,12,1136842855890366464,PIT,Pittsburgh Steelers,DEF,0,1,0
2026,9,1,608781531883859968,11533,Brandon Aubrey,K,0,1,0
2026,9,1,608781531883859968,11586,Blake Corum,RB,0,0,0
2026,9,1,608781531883859968,11631,Brian Thomas,WR,0,0,0
2026,9,1,608781531883859968,12490,Bhayshul Tuten,RB,0,0,0
2026,9,1,608781531883859968,13337,Emmett Johnson,RB,0,0,0
2026,9,1,608781531883859968,2306,Jameis Winston,QB,0,1,0
2026,9,1,608781531883859968,3257,Jacoby Brissett,QB,0,1,0
2026,9,1,608781531883859968,3321,Tyreek Hill,WR,0,0,0
2026,9,1,608781531883859968,6797,Justin Herbert,QB,0,0,0
2026,9,1,608781531883859968,7526,Jaylen Waddle,WR,0,1,0
2026,9,1,608781531883859968,7594,Chuba Hubbard,RB,0,1,0
2026,9,1,608781531883859968,8130,Trey McBride,TE,0,1,0
2026,9,1,608781531883859968,9221,Jahmyr Gibbs,RB,0,1,0
2026,9,1,608781531883859968,9500,Josh Downs,WR,0,1,0
2026,9,1,608781531883859968,9753,Zach Charbonnet,RB,0,0,0
2026,9,1,608781531883859968,9997,Zay Flowers,WR,0,1,0
2026,9,1,608781531883859968,CHI,Chicago Bears,DEF,0,1,0
2026,9,2,736077599457026048,11643,Jaylen Wright,RB,0,0,0
2026,9,2,736077599457026048,12185,Spencer Shrader,K,0,1,0
2026,9,2,736077599457026048,13345,Jonah Coleman,RB,0,0,0
2026,9,2,736077599457026048,3163,Jared Goff,QB,0,1,0
2026,9,2,736077599457026048,3271,Tyler Higbee,TE,0,0,0
2026,9,2,736077599457026048,4017,Deshaun Watson,QB,0,0,0
2026,9,2,736077599457026048,5012,Mark Andrews,TE,0,1,0
2026,9,2,736077599457026048,5927,Terry McLaurin,WR,0,0,0
2026,9,2,736077599457026048,7523,Trevor Lawrence,QB,0,1,0
2026,9,2,736077599457026048,7569,Nico Collins,WR,0,1,0
2026,9,2,736077599457026048,7588,Javonte Williams,RB,0,1,0
2026,9,2,736077599457026048,8167,Christian Watson,WR,0,1,0
2026,9,2,736077599457026048,9224,Chase Brown,RB,0,1,0
2026,9,2,736077599457026048,9487,Parker Washington,WR,0,0,0
2026,9,2,736077599457026048,9509,Bijan Robinson,RB,0,1,0
2026,9,2,736077599457026048,9754,Quentin Johnston,WR,0,0,0
2026,9,2,736077599457026048,KC,Kansas City Chiefs,DEF,0,1,0
2026,9,3,737091087440674816,11435,Emanuel Wilson,RB,0,1,0
2026,9,3,737091087440674816,11564,Drake Maye,QB,0,1,0
2026,9,3,737091087440674816,11581,MarShawn Lloyd,RB,0,0,0
2026,9,3,737091087440674816,12015,Harrison Mevis,K,0,1,0
2026,9,3,737091087440674816,12518,Tyler Warren,TE,0,1,0
2026,9,3,737091087440674816,12526,Tetairoa McMillan,WR,0,1,0
2026,9,3,737091087440674816,4035,Alvin Kamara,RB,0,1,0
2026,9,3,737091087440674816,4943,Sam Darnold,QB,0,1,0
2026,9,3,737091087440674816,5850,Josh Jacobs,RB,0,0,0
2026,9,3,737091087440674816,6786,CeeDee Lamb,WR,0,1,0
2026,9,3,737091087440674816,7021,Rico Dowdle,RB,0,0,0
2026,9,3,737091087440674816,7528,Najee Harris,RB,0,0,0
2026,9,3,737091087440674816,8142,Alec Pierce,WR,0,0,0
2026,9,3,737091087440674816,8146,Garrett Wilson,WR,0,1,0
2026,9,3,737091087440674816,8155,Breece Hall,RB,0,0,0
2026,9,3,737091087440674816,9508,Tyjae Spears,RB,0,0,0
2026,9,3,737091087440674816,SEA,Seattle Seahawks,DEF,0,1,0
2026,9,4,736744257179770880,10859,Sam LaPorta,TE,0,1,0
2026,9,4,736744257179770880,12481,Cam Skattebo,RB,0,1,0
2026,9,4,736744257179770880,12545,Tyler Shough,QB,0,1,0
2026,9,4,736744257179770880,13269,Fernando Mendoza,QB,0,0,0
2026,9,4,736744257179770880,13276,Omar Cooper,WR,0,0,0
2026,9,4,736744257179770880,13279,Carnell Tate,WR,0,1,0
2026,9,4,736744257179770880,13287,Jeremiyah Love,RB,0,1,0
2026,9,4,736744257179770880,1479,Keenan Allen,WR,0,0,0
2026,9,4,736744257179770880,2747,Jason Myers,K,0,1,0
2026,9,4,736744257179770880,421,Matthew Stafford,QB,0,1,0
2026,9,4,736744257179770880,7049,Jauan Jennings,WR,0,0,0
2026,9,4,736744257179770880,7525,DeVonta Smith,WR,0,0,0
2026,9,4,736744257179770880,8110,Jake Ferguson,TE,0,0,0
2026,9,4,736744257179770880,8138,James Cook,RB,0,1,0
2026,9,4,736744257179770880,8180,Jalen Nailor,WR,0,0,0
2026,9,4,736744257179770880,9493,Puka Nacua,WR,0,1,0
2026,9,4,736744257179770880,GB,Green Bay Packers,DEF,0,1,0
2026,9,5,716698629934481408,11628,Marvin Harrison,WR,0,0,0
2026,9,5,716698629934481408,11834,Devaughn Vele,WR,0,1,0
2026,9,5,716698629934481408,12495,Ollie Gordon,RB,0,1,0
2026,9,5,716698629934481408,12522,Cam Ward,QB,0,0,0
2026,9,5,716698629934481408,12533,Jacory Croskey-Merritt,RB,0,0,0
2026,9,5,716698629934481408,13294,Makai Lemon,WR,0,0,0
2026,9,5,716698629934481408,2449,Stefon Diggs,WR,0,1,0
2026,9,5,716698629934481408,3198,Derrick Henry,RB,0,1,0
2026,9,5,716698629934481408,4217,George Kittle,TE,0,1,0
2026,9,5,716698629934481408,4983,DJ Moore,WR,0,1,0
2026,9,5,716698629934481408,6770,Joe Burrow,QB,0,1,0
2026,9,5,716698629934481408,7839,Evan McPherson,K,0,1,0
2026,9,5,716698629934481408,8126,Wan'Dale Robinson,WR,0,0,0
2026,9,5,716698629934481408,8183,Brock Purdy,QB,0,1,0
2026,9,5,716698629934481408,8676,Rashid Shaheed,WR,0,0,0
2026,9,5,716698629934481408,CLE,Cleveland Browns,DEF,0,1,0
2026,9,6,736740647758938112,10213,Tre Tucker,WR,0,0,0
2026,9,6,736740647758938112,10232,Michael Wilson,WR,0,1,0
2026,9,6,736740647758938112,11610,Malik Washington,WR,0,0,0
2026,9,6,736740647758938112,11632,Malik Nabers,WR,0,1,0
2026,9,6,736740647758938112,2505,Darren Waller,TE,0,1,0
2026,9,6,736740647758938112,3214,Hunter Henry,TE,0,0,0
2026,9,6,736740647758938112,4034,Christian McCaffrey,RB,0,1,0
2026,9,6,736740647758938112,4046,Patrick Mahomes,QB,0,1,0
2026,9,6,736740647758938112,5849,Kyler Murray,QB,0,1,0
2026,9,6,736740647758938112,5870,Daniel Jones,QB,0,0,0
2026,9,6,736740647758938112,6083,Matt Gay,K,0,1,0
2026,9,6,736740647758938112,6790,D'Andre Swift,RB,0,1,0
2026,9,6,736740647758938112,6813,Jonathan Taylor,RB,0,1,0
2026,9,6,736740647758938112,8148,Jameson Williams,WR,0,0,0
2026,9,6,736740647758938112,9756,Jordan Addison,WR,0,0,0
2026,9,6,736740647758938112,HOU,Houston Texans,DEF,0,1,0
2026,9,7,735974647736213504,10236,Dalton Kincaid,TE,0,1,0
2026,9,7,735974647736213504,11576,Braelon Allen,RB,0,1,0
2026,9,7,735974647736213504,11625,Adonai Mitchell,WR,0,0,0
2026,9,7,735974647736213504,11635,Ladd McConkey,WR,0,1,0
2026,9,7,735974647736213504,11792,Will Reichard,K,0,1,0
2026,9,7,735974647736213504,12512,Quinshon Judkins,RB,0,1,0
2026,9,7,735974647736213504,13281,Jordyn Tyson,WR,0,0,0
2026,9,7,735974647736213504,13286,Jadarian Price,RB,0,0,0
2026,9,7,735974647736213504,2216,Mike Evans,WR,0,1,0
2026,9,7,735974647736213504,2307,Marcus Mariota,QB,0,1,0
2026,9,7,735974647736213504,4984,Josh Allen,QB,0,1,0
2026,9,7,735974647736213504,5859,A.J. Brown,WR,0,0,0
2026,9,7,735974647736213504,5967,Tony Pollard,RB,0,0,0
2026,9,7,735974647736213504,6904,Jalen Hurts,QB,0,0,0
2026,9,7,735974647736213504,7571,Rashod Bateman,WR,0,0,0
2026,9,7,735974647736213504,7611,Rhamondre Stevenson,RB,0,1,0
2026,9,7,735974647736213504,BUF,Buffalo Bills,DEF,0,1,0
2026,9,8,736803054736822272,11563,Bo Nix,QB,0,1,0
2026,9,8,736803054736822272,11786,Cam Little,K,0,1,0
2026,9,8,736803054736822272,12474,Woody Marks,RB,0,0,0
2026,9,8,736803054736822272,12489,RJ Harvey,RB,0,1,0
2026,9,8,736803054736822272,12501,Matthew Golden,WR,0,1,0
2026,9,8,736803054736822272,12519,Luther Burden,WR,0,0,0
2026,9,8,736803054736822272,4866,Saquon Barkley,RB,0,1,0
2026,9,8,736803054736822272,5045,Courtland Sutton,WR,0,0,0
2026,9,8,736803054736822272,6804,Jordan Love,QB,0,1,0
2026,9,8,736803054736822272,7002,Juwan Johnson,TE,0,1,0
2026,9,8,736803054736822272,8136,Rachaad White,RB,0,0,0
2026,9,8,736803054736822272,8137,George Pickens,WR,0,1,0
2026,9,8,736803054736822272,9484,Tucker Kraft,TE,0,0,0
2026,9,8,736803054736822272,9486,Dontayvion Wicks,WR,0,0,0
2026,9,8,736803054736822272,9488,Jaxon Smith-Njigba,WR,0,1,0
2026,9,8,736803054736822272,LAR,Los Angeles Rams,DEF,0,1,0
2026,9,9,710284244835979264,11604,Brock Bowers,TE,0,1,0
2026,9,9,710284244835979264,11620,Rome Odunze,WR,0,0,0
2026,9,9,710284244835979264,12514,Emeka Egbuka,WR,0,1,0
2026,9,9,710284244835979264,12711,Tyler Loop,K,0,1,0
2026,9,9,710284244835979264,13298,KC Concepcion,WR,0,0,0
2026,9,9,710284244835979264,13330,Kenyon Sadiq,TE,0,0,0
2026,9,9,710284244835979264,3294,Dak Prescott,QB,0,1,0
2026,9,9,710284244835979264,3634,Kalif Raymond,WR,0,1,0
2026,9,9,710284244835979264,4892,Baker Mayfield,QB,0,0,0
2026,9,9,710284244835979264,5872,Deebo Samuel,WR,0,0,0
2026,9,9,710284244835979264,5892,David Montgomery,RB,0,1,0
2026,9,9,710284244835979264,6806,J.K. Dobbins,RB,0,1,0
2026,9,9,710284244835979264,7564,Ja'Marr Chase,WR,0,1,0
2026,9,9,710284244835979264,8408,Jordan Mason,RB,0,0,0
2026,9,9,710284244835979264,96,Aaron Rodgers,QB,0,1,0
2026,9,9,710284244835979264,ARI,Arizona Cardinals,DEF,0,1,0
2026,9,9,710284244835979264,PHI,Philadelphia Eagles,DEF,0,0,0
2026,9,10,475399371639222272,11560,Caleb Williams,QB,0,0,0
2026,9,10,475399371639222272,11583,Jonathon Brooks,RB,0,0,0
2026,9,10,475399371639222272,11646,Jalen Coker,WR,0,0,0
2026,9,10,475399371639222272,1166,Kirk Cousins,QB,0,1,0
2026,9,10,475399371639222272,12517,Colston Loveland,TE,0,1,0
2026,9,10,475399371639222272,12529,TreVeyon Henderson,RB,0,1,0
2026,9,10,475399371639222272,13414,Kaelon Black,RB,0,0,0
2026,9,10,475399371639222272,2133,Davante Adams,WR,0,1,0
2026,9,10,475399371639222272,4037,Chris Godwin,WR,0,0,0
2026,9,10,475399371639222272,4199,Aaron Jones,RB,0,1,0
2026,9,10,475399371639222272,5189,Eddy Pineiro,K,0,1,0
2026,9,10,475399371639222272,5846,DK Metcalf,WR,0,0,0
2026,9,10,475399371639222272,6794,Justin Jefferson,WR,0,0,0
2026,9,10,475399371639222272,8121,Romeo Doubs,WR,0,1,0
2026,9,10,475399371639222272,8150,Kyren Williams,RB,0,1,0
2026,9,10,475399371639222272,8161,Malik Willis,QB,0,1,0
2026,9,10,475399371639222272,BAL,Baltimore Ravens,DEF,0,1,0
2026,9,11,865793938542456832,10229,Rashee Rice,WR,0,1,0
2026,9,11,865793938542456832,11624,Xavier Worthy,WR,0,0,0
2026,9,11,865793938542456832,12506,Harold Fannin,TE,0,1,0
2026,9,11,865793938542456832,12527,Ashton Jeanty,RB,0,1,0
2026,9,11,865793938542456832,1373,Geno Smith,QB,0,0,0
2026,9,11,865793938542456832,1466,Travis Kelce,TE,0,0,0
2026,9,11,865793938542456832,1945,Chris Boswell,K,0,1,0
2026,9,11,865793938542456832,4177,Mack Hollins,WR,0,0,0
2026,9,11,865793938542456832,5001,Dalton Schultz,TE,0,0,0
2026,9,11,865793938542456832,5947,Jakobi Meyers,WR,0,0,0
2026,9,11,865793938542456832,6801,Tee Higgins,WR,0,1,0
2026,9,11,865793938542456832,7543,Travis Etienne,RB,0,0,0
2026,9,11,865793938542456832,7547,Amon-Ra St. Brown,WR,0,1,0
2026,9,11,865793938542456832,8151,Kenneth Walker,RB,0,1,0
2026,9,11,865793938542456832,9228,Bryce Young,QB,0,1,0
2026,9,11,865793938542456832,9758,C.J. Stroud,QB,0,1,0
2026,9,11,865793938542456832,MIN,Minnesota Vikings,DEF,0,1,0
2026,9,12,1136842855890366464,11559,Michael Penix,QB,0,1,0
2026,9,12,1136842855890366464,11566,Jayden Daniels,QB,0,0,0
2026,9,12,1136842855890366464,11584,Bucky Irving,RB,0,1,0
2026,9,12,1136842855890366464,12507,Omarion Hampton,RB,0,1,0
2026,9,12,1136842855890366464,12534,Kyle Monangai,RB,0,0,0
2026,9,12,1136842855890366464,13346,Denzel Boston,WR,0,0,0
2026,9,12,1136842855890366464,4881,Lamar Jackson,QB,0,1,0
2026,9,12,1136842855890366464,5022,Dallas Goedert,TE,0,0,0
2026,9,12,1136842855890366464,6650,Chase McLaughlin,K,0,1,0
2026,9,12,1136842855890366464,8112,Drake London,WR,0,1,0
2026,9,12,1136842855890366464,8131,Isaiah Likely,TE,0,1,0
2026,9,12,1136842855890366464,8134,Khalil Shakir,WR,0,0,0
2026,9,12,1136842855890366464,8144,Chris Olave,WR,0,1,0
2026,9,12,1136842855890366464,8228,Jaylen Warren,RB,0,1,0
2026,9,12,1136842855890366464,9480,Brenton Strange,TE,0,0,0
2026,9,12,1136842855890366464,PIT,Pittsburgh Steelers,DEF,0,1,0
2026,10,1,608781531883859968,11533,Brandon Aubrey,K,0,1,0
2026,10,1,608781531883859968,11586,Blake Corum,RB,0,0,0
2026,10,1,608781531883859968,11631,Brian Thomas,WR,0,0,0
2026,10,1,608781531883859968,12490,Bhayshul Tuten,RB,0,0,0
2026,10,1,608781531883859968,13337,Emmett Johnson,RB,0,0,0
2026,10,1,608781531883859968,2306,Jameis Winston,QB,0,1,0
2026,10,1,608781531883859968,3257,Jacoby Brissett,QB,0,1,0
2026,10,1,608781531883859968,3321,Tyreek Hill,WR,0,0,0
2026,10,1,608781531883859968,6797,Justin Herbert,QB,0,0,0
2026,10,1,608781531883859968,7526,Jaylen Waddle,WR,0,1,0
2026,10,1,608781531883859968,7594,Chuba Hubbard,RB,0,1,0
2026,10,1,608781531883859968,8130,Trey McBride,TE,0,1,0
2026,10,1,608781531883859968,9221,Jahmyr Gibbs,RB,0,1,0
2026,10,1,608781531883859968,9500,Josh Downs,WR,0,1,0
2026,10,1,608781531883859968,9753,Zach Charbonnet,RB,0,0,0
2026,10,1,608781531883859968,9997,Zay Flowers,WR,0,1,0
2026,10,1,608781531883859968,CHI,Chicago Bears,DEF,0,1,0
2026,10,2,736077599457026048,11643,Jaylen Wright,RB,0,0,0
2026,10,2,736077599457026048,12185,Spencer Shrader,K,0,1,0
2026,10,2,736077599457026048,13345,Jonah Coleman,RB,0,0,0
2026,10,2,736077599457026048,3163,Jared Goff,QB,0,1,0
2026,10,2,736077599457026048,3271,Tyler Higbee,TE,0,0,0
2026,10,2,736077599457026048,4017,Deshaun Watson,QB,0,0,0
2026,10,2,736077599457026048,5012,Mark Andrews,TE,0,1,0
2026,10,2,736077599457026048,5927,Terry McLaurin,WR,0,0,0
2026,10,2,736077599457026048,7523,Trevor Lawrence,QB,0,1,0
2026,10,2,736077599457026048,7569,Nico Collins,WR,0,1,0
2026,10,2,736077599457026048,7588,Javonte Williams,RB,0,1,0
2026,10,2,736077599457026048,8167,Christian Watson,WR,0,1,0
2026,10,2,736077599457026048,9224,Chase Brown,RB,0,1,0
2026,10,2,736077599457026048,9487,Parker Washington,WR,0,0,0
2026,10,2,736077599457026048,9509,Bijan Robinson,RB,0,1,0
2026,10,2,736077599457026048,9754,Quentin Johnston,WR,0,0,0
2026,10,2,736077599457026048,KC,Kansas City Chiefs,DEF,0,1,0
2026,10,3,737091087440674816,11435,Emanuel Wilson,RB,0,1,0
2026,10,3,737091087440674816,11564,Drake Maye,QB,0,1,0
2026,10,3,737091087440674816,11581,MarShawn Lloyd,RB,0,0,0
2026,10,3,737091087440674816,12015,Harrison Mevis,K,0,1,0
2026,10,3,737091087440674816,12518,Tyler Warren,TE,0,1,0
2026,10,3,737091087440674816,12526,Tetairoa McMillan,WR,0,1,0
2026,10,3,737091087440674816,4035,Alvin Kamara,RB,0,1,0
2026,10,3,737091087440674816,4943,Sam Darnold,QB,0,1,0
2026,10,3,737091087440674816,5850,Josh Jacobs,RB,0,0,0
2026,10,3,737091087440674816,6786,CeeDee Lamb,WR,0,1,0
2026,10,3,737091087440674816,7021,Rico Dowdle,RB,0,0,0
2026,10,3,737091087440674816,7528,Najee Harris,RB,0,0,0
2026,10,3,737091087440674816,8142,Alec Pierce,WR,0,0,0
2026,10,3,737091087440674816,8146,Garrett Wilson,WR,0,1,0
2026,10,3,737091087440674816,8155,Breece Hall,RB,0,0,0
2026,10,3,737091087440674816,9508,Tyjae Spears,RB,0,0,0
2026,10,3,737091087440674816,SEA,Seattle Seahawks,DEF,0,1,0
2026,10,4,736744257179770880,10859,Sam LaPorta,TE,0,1,0
2026,10,4,736744257179770880,12481,Cam Skattebo,RB,0,1,0
2026,10,4,736744257179770880,12545,Tyler Shough,QB,0,1,0
2026,10,4,736744257179770880,13269,Fernando Mendoza,QB,0,0,0
2026,10,4,736744257179770880,13276,Omar Cooper,WR,0,0,0
2026,10,4,736744257179770880,13279,Carnell Tate,WR,0,1,0
2026,10,4,736744257179770880,13287,Jeremiyah Love,RB,0,1,0
2026,10,4,736744257179770880,1479,Keenan Allen,WR,0,0,0
2026,10,4,736744257179770880,2747,Jason Myers,K,0,1,0
2026,10,4,736744257179770880,421,Matthew Stafford,QB,0,1,0
2026,10,4,736744257179770880,7049,Jauan Jennings,WR,0,0,0
2026,10,4,736744257179770880,7525,DeVonta Smith,WR,0,0,0
2026,10,4,736744257179770880,8110,Jake Ferguson,TE,0,0,0
2026,10,4,736744257179770880,8138,James Cook,RB,0,1,0
2026,10,4,736744257179770880,8180,Jalen Nailor,WR,0,0,0
2026,10,4,736744257179770880,9493,Puka Nacua,WR,0,1,0
2026,10,4,736744257179770880,GB,Green Bay Packers,DEF,0,1,0
2026,10,5,716698629934481408,11628,Marvin Harrison,WR,0,0,0
2026,10,5,716698629934481408,11834,Devaughn Vele,WR,0,1,0
2026,10,5,716698629934481408,12495,Ollie Gordon,RB,0,1,0
2026,10,5,716698629934481408,12522,Cam Ward,QB,0,0,0
2026,10,5,716698629934481408,12533,Jacory Croskey-Merritt,RB,0,0,0
2026,10,5,716698629934481408,13294,Makai Lemon,WR,0,0,0
2026,10,5,716698629934481408,2449,Stefon Diggs,WR,0,1,0
2026,10,5,716698629934481408,3198,Derrick Henry,RB,0,1,0
2026,10,5,716698629934481408,4217,George Kittle,TE,0,1,0
2026,10,5,716698629934481408,4983,DJ Moore,WR,0,1,0
2026,10,5,716698629934481408,6770,Joe Burrow,QB,0,1,0
2026,10,5,716698629934481408,7839,Evan McPherson,K,0,1,0
2026,10,5,716698629934481408,8126,Wan'Dale Robinson,WR,0,0,0
2026,10,5,716698629934481408,8183,Brock Purdy,QB,0,1,0
2026,10,5,716698629934481408,8676,Rashid Shaheed,WR,0,0,0
2026,10,5,716698629934481408,CLE,Cleveland Browns,DEF,0,1,0
2026,10,6,736740647758938112,10213,Tre Tucker,WR,0,0,0
2026,10,6,736740647758938112,10232,Michael Wilson,WR,0,1,0
2026,10,6,736740647758938112,11610,Malik Washington,WR,0,0,0
2026,10,6,736740647758938112,11632,Malik Nabers,WR,0,1,0
2026,10,6,736740647758938112,2505,Darren Waller,TE,0,1,0
2026,10,6,736740647758938112,3214,Hunter Henry,TE,0,0,0
2026,10,6,736740647758938112,4034,Christian McCaffrey,RB,0,1,0
2026,10,6,736740647758938112,4046,Patrick Mahomes,QB,0,1,0
2026,10,6,736740647758938112,5849,Kyler Murray,QB,0,1,0
2026,10,6,736740647758938112,5870,Daniel Jones,QB,0,0,0
2026,10,6,736740647758938112,6083,Matt Gay,K,0,1,0
2026,10,6,736740647758938112,6790,D'Andre Swift,RB,0,1,0
2026,10,6,736740647758938112,6813,Jonathan Taylor,RB,0,1,0
2026,10,6,736740647758938112,8148,Jameson Williams,WR,0,0,0
2026,10,6,736740647758938112,9756,Jordan Addison,WR,0,0,0
2026,10,6,736740647758938112,HOU,Houston Texans,DEF,0,1,0
2026,10,7,735974647736213504,10236,Dalton Kincaid,TE,0,1,0
2026,10,7,735974647736213504,11576,Braelon Allen,RB,0,1,0
2026,10,7,735974647736213504,11625,Adonai Mitchell,WR,0,0,0
2026,10,7,735974647736213504,11635,Ladd McConkey,WR,0,1,0
2026,10,7,735974647736213504,11792,Will Reichard,K,0,1,0
2026,10,7,735974647736213504,12512,Quinshon Judkins,RB,0,1,0
2026,10,7,735974647736213504,13281,Jordyn Tyson,WR,0,0,0
2026,10,7,735974647736213504,13286,Jadarian Price,RB,0,0,0
2026,10,7,735974647736213504,2216,Mike Evans,WR,0,1,0
2026,10,7,735974647736213504,2307,Marcus Mariota,QB,0,1,0
2026,10,7,735974647736213504,4984,Josh Allen,QB,0,1,0
2026,10,7,735974647736213504,5859,A.J. Brown,WR,0,0,0
2026,10,7,735974647736213504,5967,Tony Pollard,RB,0,0,0
2026,10,7,735974647736213504,6904,Jalen Hurts,QB,0,0,0
2026,10,7,735974647736213504,7571,Rashod Bateman,WR,0,0,0
2026,10,7,735974647736213504,7611,Rhamondre Stevenson,RB,0,1,0
2026,10,7,735974647736213504,BUF,Buffalo Bills,DEF,0,1,0
2026,10,8,736803054736822272,11563,Bo Nix,QB,0,1,0
2026,10,8,736803054736822272,11786,Cam Little,K,0,1,0
2026,10,8,736803054736822272,12474,Woody Marks,RB,0,0,0
2026,10,8,736803054736822272,12489,RJ Harvey,RB,0,1,0
2026,10,8,736803054736822272,12501,Matthew Golden,WR,0,1,0
2026,10,8,736803054736822272,12519,Luther Burden,WR,0,0,0
2026,10,8,736803054736822272,4866,Saquon Barkley,RB,0,1,0
2026,10,8,736803054736822272,5045,Courtland Sutton,WR,0,0,0
2026,10,8,736803054736822272,6804,Jordan Love,QB,0,1,0
2026,10,8,736803054736822272,7002,Juwan Johnson,TE,0,1,0
2026,10,8,736803054736822272,8136,Rachaad White,RB,0,0,0
2026,10,8,736803054736822272,8137,George Pickens,WR,0,1,0
2026,10,8,736803054736822272,9484,Tucker Kraft,TE,0,0,0
2026,10,8,736803054736822272,9486,Dontayvion Wicks,WR,0,0,0
2026,10,8,736803054736822272,9488,Jaxon Smith-Njigba,WR,0,1,0
2026,10,8,736803054736822272,LAR,Los Angeles Rams,DEF,0,1,0
2026,10,9,710284244835979264,11604,Brock Bowers,TE,0,1,0
2026,10,9,710284244835979264,11620,Rome Odunze,WR,0,0,0
2026,10,9,710284244835979264,12514,Emeka Egbuka,WR,0,1,0
2026,10,9,710284244835979264,12711,Tyler Loop,K,0,1,0
2026,10,9,710284244835979264,13298,KC Concepcion,WR,0,0,0
2026,10,9,710284244835979264,13330,Kenyon Sadiq,TE,0,0,0
2026,10,9,710284244835979264,3294,Dak Prescott,QB,0,1,0
2026,10,9,710284244835979264,3634,Kalif Raymond,WR,0,1,0
2026,10,9,710284244835979264,4892,Baker Mayfield,QB,0,0,0
2026,10,9,710284244835979264,5872,Deebo Samuel,WR,0,0,0
2026,10,9,710284244835979264,5892,David Montgomery,RB,0,1,0
2026,10,9,710284244835979264,6806,J.K. Dobbins,RB,0,1,0
2026,10,9,710284244835979264,7564,Ja'Marr Chase,WR,0,1,0
2026,10,9,710284244835979264,8408,Jordan Mason,RB,0,0,0
2026,10,9,710284244835979264,96,Aaron Rodgers,QB,0,1,0
2026,10,9,710284244835979264,ARI,Arizona Cardinals,DEF,0,1,0
2026,10,9,710284244835979264,PHI,Philadelphia Eagles,DEF,0,0,0
2026,10,10,475399371639222272,11560,Caleb Williams,QB,0,0,0
2026,10,10,475399371639222272,11583,Jonathon Brooks,RB,0,0,0
2026,10,10,475399371639222272,11646,Jalen Coker,WR,0,0,0
2026,10,10,475399371639222272,1166,Kirk Cousins,QB,0,1,0
2026,10,10,475399371639222272,12517,Colston Loveland,TE,0,1,0
2026,10,10,475399371639222272,12529,TreVeyon Henderson,RB,0,1,0
2026,10,10,475399371639222272,13414,Kaelon Black,RB,0,0,0
2026,10,10,475399371639222272,2133,Davante Adams,WR,0,1,0
2026,10,10,475399371639222272,4037,Chris Godwin,WR,0,0,0
2026,10,10,475399371639222272,4199,Aaron Jones,RB,0,1,0
2026,10,10,475399371639222272,5189,Eddy Pineiro,K,0,1,0
2026,10,10,475399371639222272,5846,DK Metcalf,WR,0,0,0
2026,10,10,475399371639222272,6794,Justin Jefferson,WR,0,0,0
2026,10,10,475399371639222272,8121,Romeo Doubs,WR,0,1,0
2026,10,10,475399371639222272,8150,Kyren Williams,RB,0,1,0
2026,10,10,475399371639222272,8161,Malik Willis,QB,0,1,0
2026,10,10,475399371639222272,BAL,Baltimore Ravens,DEF,0,1,0
2026,10,11,865793938542456832,10229,Rashee Rice,WR,0,1,0
2026,10,11,865793938542456832,11624,Xavier Worthy,WR,0,0,0
2026,10,11,865793938542456832,12506,Harold Fannin,TE,0,1,0
2026,10,11,865793938542456832,12527,Ashton Jeanty,RB,0,1,0
2026,10,11,865793938542456832,1373,Geno Smith,QB,0,0,0
2026,10,11,865793938542456832,1466,Travis Kelce,TE,0,0,0
2026,10,11,865793938542456832,1945,Chris Boswell,K,0,1,0
2026,10,11,865793938542456832,4177,Mack Hollins,WR,0,0,0
2026,10,11,865793938542456832,5001,Dalton Schultz,TE,0,0,0
2026,10,11,865793938542456832,5947,Jakobi Meyers,WR,0,0,0
2026,10,11,865793938542456832,6801,Tee Higgins,WR,0,1,0
2026,10,11,865793938542456832,7543,Travis Etienne,RB,0,0,0
2026,10,11,865793938542456832,7547,Amon-Ra St. Brown,WR,0,1,0
2026,10,11,865793938542456832,8151,Kenneth Walker,RB,0,1,0
2026,10,11,865793938542456832,9228,Bryce Young,QB,0,1,0
2026,10,11,865793938542456832,9758,C.J. Stroud,QB,0,1,0
2026,10,11,865793938542456832,MIN,Minnesota Vikings,DEF,0,1,0
2026,10,12,1136842855890366464,11559,Michael Penix,QB,0,1,0
2026,10,12,1136842855890366464,11566,Jayden Daniels,QB,0,0,0
2026,10,12,1136842855890366464,11584,Bucky Irving,RB,0,1,0
2026,10,12,1136842855890366464,12507,Omarion Hampton,RB,0,1,0
2026,10,12,1136842855890366464,12534,Kyle Monangai,RB,0,0,0
2026,10,12,1136842855890366464,13346,Denzel Boston,WR,0,0,0
2026,10,12,1136842855890366464,4881,Lamar Jackson,QB,0,1,0
2026,10,12,1136842855890366464,5022,Dallas Goedert,TE,0,0,0
2026,10,12,1136842855890366464,6650,Chase McLaughlin,K,0,1,0
2026,10,12,1136842855890366464,8112,Drake London,WR,0,1,0
2026,10,12,1136842855890366464,8131,Isaiah Likely,TE,0,1,0
2026,10,12,1136842855890366464,8134,Khalil Shakir,WR,0,0,0
2026,10,12,1136842855890366464,8144,Chris Olave,WR,0,1,0
2026,10,12,1136842855890366464,8228,Jaylen Warren,RB,0,1,0
2026,10,12,1136842855890366464,9480,Brenton Strange,TE,0,0,0
2026,10,12,1136842855890366464,PIT,Pittsburgh Steelers,DEF,0,1,0
2026,11,1,608781531883859968,11533,Brandon Aubrey,K,0,1,0
2026,11,1,608781531883859968,11586,Blake Corum,RB,0,0,0
2026,11,1,608781531883859968,11631,Brian Thomas,WR,0,0,0
2026,11,1,608781531883859968,12490,Bhayshul Tuten,RB,0,0,0
2026,11,1,608781531883859968,13337,Emmett Johnson,RB,0,0,0
2026,11,1,608781531883859968,2306,Jameis Winston,QB,0,1,0
2026,11,1,608781531883859968,3257,Jacoby Brissett,QB,0,1,0
2026,11,1,608781531883859968,3321,Tyreek Hill,WR,0,0,0
2026,11,1,608781531883859968,6797,Justin Herbert,QB,0,0,0
2026,11,1,608781531883859968,7526,Jaylen Waddle,WR,0,1,0
2026,11,1,608781531883859968,7594,Chuba Hubbard,RB,0,1,0
2026,11,1,608781531883859968,8130,Trey McBride,TE,0,1,0
2026,11,1,608781531883859968,9221,Jahmyr Gibbs,RB,0,1,0
2026,11,1,608781531883859968,9500,Josh Downs,WR,0,1,0
2026,11,1,608781531883859968,9753,Zach Charbonnet,RB,0,0,0
2026,11,1,608781531883859968,9997,Zay Flowers,WR,0,1,0
2026,11,1,608781531883859968,CHI,Chicago Bears,DEF,0,1,0
2026,11,2,736077599457026048,11643,Jaylen Wright,RB,0,0,0
2026,11,2,736077599457026048,12185,Spencer Shrader,K,0,1,0
2026,11,2,736077599457026048,13345,Jonah Coleman,RB,0,0,0
2026,11,2,736077599457026048,3163,Jared Goff,QB,0,1,0
2026,11,2,736077599457026048,3271,Tyler Higbee,TE,0,0,0
2026,11,2,736077599457026048,4017,Deshaun Watson,QB,0,0,0
2026,11,2,736077599457026048,5012,Mark Andrews,TE,0,1,0
2026,11,2,736077599457026048,5927,Terry McLaurin,WR,0,0,0
2026,11,2,736077599457026048,7523,Trevor Lawrence,QB,0,1,0
2026,11,2,736077599457026048,7569,Nico Collins,WR,0,1,0
2026,11,2,736077599457026048,7588,Javonte Williams,RB,0,1,0
2026,11,2,736077599457026048,8167,Christian Watson,WR,0,1,0
2026,11,2,736077599457026048,9224,Chase Brown,RB,0,1,0
2026,11,2,736077599457026048,9487,Parker Washington,WR,0,0,0
2026,11,2,736077599457026048,9509,Bijan Robinson,RB,0,1,0
2026,11,2,736077599457026048,9754,Quentin Johnston,WR,0,0,0
2026,11,2,736077599457026048,KC,Kansas City Chiefs,DEF,0,1,0
2026,11,3,737091087440674816,11435,Emanuel Wilson,RB,0,1,0
2026,11,3,737091087440674816,11564,Drake Maye,QB,0,1,0
2026,11,3,737091087440674816,11581,MarShawn Lloyd,RB,0,0,0
2026,11,3,737091087440674816,12015,Harrison Mevis,K,0,1,0
2026,11,3,737091087440674816,12518,Tyler Warren,TE,0,1,0
2026,11,3,737091087440674816,12526,Tetairoa McMillan,WR,0,1,0
2026,11,3,737091087440674816,4035,Alvin Kamara,RB,0,1,0
2026,11,3,737091087440674816,4943,Sam Darnold,QB,0,1,0
2026,11,3,737091087440674816,5850,Josh Jacobs,RB,0,0,0
2026,11,3,737091087440674816,6786,CeeDee Lamb,WR,0,1,0
2026,11,3,737091087440674816,7021,Rico Dowdle,RB,0,0,0
2026,11,3,737091087440674816,7528,Najee Harris,RB,0,0,0
2026,11,3,737091087440674816,8142,Alec Pierce,WR,0,0,0
2026,11,3,737091087440674816,8146,Garrett Wilson,WR,0,1,0
2026,11,3,737091087440674816,8155,Breece Hall,RB,0,0,0
2026,11,3,737091087440674816,9508,Tyjae Spears,RB,0,0,0
2026,11,3,737091087440674816,SEA,Seattle Seahawks,DEF,0,1,0
2026,11,4,736744257179770880,10859,Sam LaPorta,TE,0,1,0
2026,11,4,736744257179770880,12481,Cam Skattebo,RB,0,1,0
2026,11,4,736744257179770880,12545,Tyler Shough,QB,0,1,0
2026,11,4,736744257179770880,13269,Fernando Mendoza,QB,0,0,0
2026,11,4,736744257179770880,13276,Omar Cooper,WR,0,0,0
2026,11,4,736744257179770880,13279,Carnell Tate,WR,0,1,0
2026,11,4,736744257179770880,13287,Jeremiyah Love,RB,0,1,0
2026,11,4,736744257179770880,1479,Keenan Allen,WR,0,0,0
2026,11,4,736744257179770880,2747,Jason Myers,K,0,1,0
2026,11,4,736744257179770880,421,Matthew Stafford,QB,0,1,0
2026,11,4,736744257179770880,7049,Jauan Jennings,WR,0,0,0
2026,11,4,736744257179770880,7525,DeVonta Smith,WR,0,0,0
2026,11,4,736744257179770880,8110,Jake Ferguson,TE,0,0,0
2026,11,4,736744257179770880,8138,James Cook,RB,0,1,0
2026,11,4,736744257179770880,8180,Jalen Nailor,WR,0,0,0
2026,11,4,736744257179770880,9493,Puka Nacua,WR,0,1,0
2026,11,4,736744257179770880,GB,Green Bay Packers,DEF,0,1,0
2026,11,5,716698629934481408,11628,Marvin Harrison,WR,0,0,0
2026,11,5,716698629934481408,11834,Devaughn Vele,WR,0,1,0
2026,11,5,716698629934481408,12495,Ollie Gordon,RB,0,1,0
2026,11,5,716698629934481408,12522,Cam Ward,QB,0,0,0
2026,11,5,716698629934481408,12533,Jacory Croskey-Merritt,RB,0,0,0
2026,11,5,716698629934481408,13294,Makai Lemon,WR,0,0,0
2026,11,5,716698629934481408,2449,Stefon Diggs,WR,0,1,0
2026,11,5,716698629934481408,3198,Derrick Henry,RB,0,1,0
2026,11,5,716698629934481408,4217,George Kittle,TE,0,1,0
2026,11,5,716698629934481408,4983,DJ Moore,WR,0,1,0
2026,11,5,716698629934481408,6770,Joe Burrow,QB,0,1,0
2026,11,5,716698629934481408,7839,Evan McPherson,K,0,1,0
2026,11,5,716698629934481408,8126,Wan'Dale Robinson,WR,0,0,0
2026,11,5,716698629934481408,8183,Brock Purdy,QB,0,1,0
2026,11,5,716698629934481408,8676,Rashid Shaheed,WR,0,0,0
2026,11,5,716698629934481408,CLE,Cleveland Browns,DEF,0,1,0
2026,11,6,736740647758938112,10213,Tre Tucker,WR,0,0,0
2026,11,6,736740647758938112,10232,Michael Wilson,WR,0,1,0
2026,11,6,736740647758938112,11610,Malik Washington,WR,0,0,0
2026,11,6,736740647758938112,11632,Malik Nabers,WR,0,1,0
2026,11,6,736740647758938112,2505,Darren Waller,TE,0,1,0
2026,11,6,736740647758938112,3214,Hunter Henry,TE,0,0,0
2026,11,6,736740647758938112,4034,Christian McCaffrey,RB,0,1,0
2026,11,6,736740647758938112,4046,Patrick Mahomes,QB,0,1,0
2026,11,6,736740647758938112,5849,Kyler Murray,QB,0,1,0
2026,11,6,736740647758938112,5870,Daniel Jones,QB,0,0,0
2026,11,6,736740647758938112,6083,Matt Gay,K,0,1,0
2026,11,6,736740647758938112,6790,D'Andre Swift,RB,0,1,0
2026,11,6,736740647758938112,6813,Jonathan Taylor,RB,0,1,0
2026,11,6,736740647758938112,8148,Jameson Williams,WR,0,0,0
2026,11,6,736740647758938112,9756,Jordan Addison,WR,0,0,0
2026,11,6,736740647758938112,HOU,Houston Texans,DEF,0,1,0
2026,11,7,735974647736213504,10236,Dalton Kincaid,TE,0,1,0
2026,11,7,735974647736213504,11576,Braelon Allen,RB,0,1,0
2026,11,7,735974647736213504,11625,Adonai Mitchell,WR,0,0,0
2026,11,7,735974647736213504,11635,Ladd McConkey,WR,0,1,0
2026,11,7,735974647736213504,11792,Will Reichard,K,0,1,0
2026,11,7,735974647736213504,12512,Quinshon Judkins,RB,0,1,0
2026,11,7,735974647736213504,13281,Jordyn Tyson,WR,0,0,0
2026,11,7,735974647736213504,13286,Jadarian Price,RB,0,0,0
2026,11,7,735974647736213504,2216,Mike Evans,WR,0,1,0
2026,11,7,735974647736213504,2307,Marcus Mariota,QB,0,1,0
2026,11,7,735974647736213504,4984,Josh Allen,QB,0,1,0
2026,11,7,735974647736213504,5859,A.J. Brown,WR,0,0,0
2026,11,7,735974647736213504,5967,Tony Pollard,RB,0,0,0
2026,11,7,735974647736213504,6904,Jalen Hurts,QB,0,0,0
2026,11,7,735974647736213504,7571,Rashod Bateman,WR,0,0,0
2026,11,7,735974647736213504,7611,Rhamondre Stevenson,RB,0,1,0
2026,11,7,735974647736213504,BUF,Buffalo Bills,DEF,0,1,0
2026,11,8,736803054736822272,11563,Bo Nix,QB,0,1,0
2026,11,8,736803054736822272,11786,Cam Little,K,0,1,0
2026,11,8,736803054736822272,12474,Woody Marks,RB,0,0,0
2026,11,8,736803054736822272,12489,RJ Harvey,RB,0,1,0
2026,11,8,736803054736822272,12501,Matthew Golden,WR,0,1,0
2026,11,8,736803054736822272,12519,Luther Burden,WR,0,0,0
2026,11,8,736803054736822272,4866,Saquon Barkley,RB,0,1,0
2026,11,8,736803054736822272,5045,Courtland Sutton,WR,0,0,0
2026,11,8,736803054736822272,6804,Jordan Love,QB,0,1,0
2026,11,8,736803054736822272,7002,Juwan Johnson,TE,0,1,0
2026,11,8,736803054736822272,8136,Rachaad White,RB,0,0,0
2026,11,8,736803054736822272,8137,George Pickens,WR,0,1,0
2026,11,8,736803054736822272,9484,Tucker Kraft,TE,0,0,0
2026,11,8,736803054736822272,9486,Dontayvion Wicks,WR,0,0,0
2026,11,8,736803054736822272,9488,Jaxon Smith-Njigba,WR,0,1,0
2026,11,8,736803054736822272,LAR,Los Angeles Rams,DEF,0,1,0
2026,11,9,710284244835979264,11604,Brock Bowers,TE,0,1,0
2026,11,9,710284244835979264,11620,Rome Odunze,WR,0,0,0
2026,11,9,710284244835979264,12514,Emeka Egbuka,WR,0,1,0
2026,11,9,710284244835979264,12711,Tyler Loop,K,0,1,0
2026,11,9,710284244835979264,13298,KC Concepcion,WR,0,0,0
2026,11,9,710284244835979264,13330,Kenyon Sadiq,TE,0,0,0
2026,11,9,710284244835979264,3294,Dak Prescott,QB,0,1,0
2026,11,9,710284244835979264,3634,Kalif Raymond,WR,0,1,0
2026,11,9,710284244835979264,4892,Baker Mayfield,QB,0,0,0
2026,11,9,710284244835979264,5872,Deebo Samuel,WR,0,0,0
2026,11,9,710284244835979264,5892,David Montgomery,RB,0,1,0
2026,11,9,710284244835979264,6806,J.K. Dobbins,RB,0,1,0
2026,11,9,710284244835979264,7564,Ja'Marr Chase,WR,0,1,0
2026,11,9,710284244835979264,8408,Jordan Mason,RB,0,0,0
2026,11,9,710284244835979264,96,Aaron Rodgers,QB,0,1,0
2026,11,9,710284244835979264,ARI,Arizona Cardinals,DEF,0,1,0
2026,11,9,710284244835979264,PHI,Philadelphia Eagles,DEF,0,0,0
2026,11,10,475399371639222272,11560,Caleb Williams,QB,0,0,0
2026,11,10,475399371639222272,11583,Jonathon Brooks,RB,0,0,0
2026,11,10,475399371639222272,11646,Jalen Coker,WR,0,0,0
2026,11,10,475399371639222272,1166,Kirk Cousins,QB,0,1,0
2026,11,10,475399371639222272,12517,Colston Loveland,TE,0,1,0
2026,11,10,475399371639222272,12529,TreVeyon Henderson,RB,0,1,0
2026,11,10,475399371639222272,13414,Kaelon Black,RB,0,0,0
2026,11,10,475399371639222272,2133,Davante Adams,WR,0,1,0
2026,11,10,475399371639222272,4037,Chris Godwin,WR,0,0,0
2026,11,10,475399371639222272,4199,Aaron Jones,RB,0,1,0
2026,11,10,475399371639222272,5189,Eddy Pineiro,K,0,1,0
2026,11,10,475399371639222272,5846,DK Metcalf,WR,0,0,0
2026,11,10,475399371639222272,6794,Justin Jefferson,WR,0,0,0
2026,11,10,475399371639222272,8121,Romeo Doubs,WR,0,1,0
2026,11,10,475399371639222272,8150,Kyren Williams,RB,0,1,0
2026,11,10,475399371639222272,8161,Malik Willis,QB,0,1,0
2026,11,10,475399371639222272,BAL,Baltimore Ravens,DEF,0,1,0
2026,11,11,865793938542456832,10229,Rashee Rice,WR,0,1,0
2026,11,11,865793938542456832,11624,Xavier Worthy,WR,0,0,0
2026,11,11,865793938542456832,12506,Harold Fannin,TE,0,1,0
2026,11,11,865793938542456832,12527,Ashton Jeanty,RB,0,1,0
2026,11,11,865793938542456832,1373,Geno Smith,QB,0,0,0
2026,11,11,865793938542456832,1466,Travis Kelce,TE,0,0,0
2026,11,11,865793938542456832,1945,Chris Boswell,K,0,1,0
2026,11,11,865793938542456832,4177,Mack Hollins,WR,0,0,0
2026,11,11,865793938542456832,5001,Dalton Schultz,TE,0,0,0
2026,11,11,865793938542456832,5947,Jakobi Meyers,WR,0,0,0
2026,11,11,865793938542456832,6801,Tee Higgins,WR,0,1,0
2026,11,11,865793938542456832,7543,Travis Etienne,RB,0,0,0
2026,11,11,865793938542456832,7547,Amon-Ra St. Brown,WR,0,1,0
2026,11,11,865793938542456832,8151,Kenneth Walker,RB,0,1,0
2026,11,11,865793938542456832,9228,Bryce Young,QB,0,1,0
2026,11,11,865793938542456832,9758,C.J. Stroud,QB,0,1,0
2026,11,11,865793938542456832,MIN,Minnesota Vikings,DEF,0,1,0
2026,11,12,1136842855890366464,11559,Michael Penix,QB,0,1,0
2026,11,12,1136842855890366464,11566,Jayden Daniels,QB,0,0,0
2026,11,12,1136842855890366464,11584,Bucky Irving,RB,0,1,0
2026,11,12,1136842855890366464,12507,Omarion Hampton,RB,0,1,0
2026,11,12,1136842855890366464,12534,Kyle Monangai,RB,0,0,0
2026,11,12,1136842855890366464,13346,Denzel Boston,WR,0,0,0
2026,11,12,1136842855890366464,4881,Lamar Jackson,QB,0,1,0
2026,11,12,1136842855890366464,5022,Dallas Goedert,TE,0,0,0
2026,11,12,1136842855890366464,6650,Chase McLaughlin,K,0,1,0
2026,11,12,1136842855890366464,8112,Drake London,WR,0,1,0
2026,11,12,1136842855890366464,8131,Isaiah Likely,TE,0,1,0
2026,11,12,1136842855890366464,8134,Khalil Shakir,WR,0,0,0
2026,11,12,1136842855890366464,8144,Chris Olave,WR,0,1,0
2026,11,12,1136842855890366464,8228,Jaylen Warren,RB,0,1,0
2026,11,12,1136842855890366464,9480,Brenton Strange,TE,0,0,0
2026,11,12,1136842855890366464,PIT,Pittsburgh Steelers,DEF,0,1,0
2026,12,1,608781531883859968,11533,Brandon Aubrey,K,0,1,0
2026,12,1,608781531883859968,11586,Blake Corum,RB,0,0,0
2026,12,1,608781531883859968,11631,Brian Thomas,WR,0,0,0
2026,12,1,608781531883859968,12490,Bhayshul Tuten,RB,0,0,0
2026,12,1,608781531883859968,13337,Emmett Johnson,RB,0,0,0
2026,12,1,608781531883859968,2306,Jameis Winston,QB,0,1,0
2026,12,1,608781531883859968,3257,Jacoby Brissett,QB,0,1,0
2026,12,1,608781531883859968,3321,Tyreek Hill,WR,0,0,0
2026,12,1,608781531883859968,6797,Justin Herbert,QB,0,0,0
2026,12,1,608781531883859968,7526,Jaylen Waddle,WR,0,1,0
2026,12,1,608781531883859968,7594,Chuba Hubbard,RB,0,1,0
2026,12,1,608781531883859968,8130,Trey McBride,TE,0,1,0
2026,12,1,608781531883859968,9221,Jahmyr Gibbs,RB,0,1,0
2026,12,1,608781531883859968,9500,Josh Downs,WR,0,1,0
2026,12,1,608781531883859968,9753,Zach Charbonnet,RB,0,0,0
2026,12,1,608781531883859968,9997,Zay Flowers,WR,0,1,0
2026,12,1,608781531883859968,CHI,Chicago Bears,DEF,0,1,0
2026,12,2,736077599457026048,11643,Jaylen Wright,RB,0,0,0
2026,12,2,736077599457026048,12185,Spencer Shrader,K,0,1,0
2026,12,2,736077599457026048,13345,Jonah Coleman,RB,0,0,0
2026,12,2,736077599457026048,3163,Jared Goff,QB,0,1,0
2026,12,2,736077599457026048,3271,Tyler Higbee,TE,0,0,0
2026,12,2,736077599457026048,4017,Deshaun Watson,QB,0,0,0
2026,12,2,736077599457026048,5012,Mark Andrews,TE,0,1,0
2026,12,2,736077599457026048,5927,Terry McLaurin,WR,0,0,0
2026,12,2,736077599457026048,7523,Trevor Lawrence,QB,0,1,0
2026,12,2,736077599457026048,7569,Nico Collins,WR,0,1,0
2026,12,2,736077599457026048,7588,Javonte Williams,RB,0,1,0
2026,12,2,736077599457026048,8167,Christian Watson,WR,0,1,0
2026,12,2,736077599457026048,9224,Chase Brown,RB,0,1,0
2026,12,2,736077599457026048,9487,Parker Washington,WR,0,0,0
2026,12,2,736077599457026048,9509,Bijan Robinson,RB,0,1,0
2026,12,2,736077599457026048,9754,Quentin Johnston,WR,0,0,0
2026,12,2,736077599457026048,KC,Kansas City Chiefs,DEF,0,1,0
2026,12,3,737091087440674816,11435,Emanuel Wilson,RB,0,1,0
2026,12,3,737091087440674816,11564,Drake Maye,QB,0,1,0
2026,12,3,737091087440674816,11581,MarShawn Lloyd,RB,0,0,0
2026,12,3,737091087440674816,12015,Harrison Mevis,K,0,1,0
2026,12,3,737091087440674816,12518,Tyler Warren,TE,0,1,0
2026,12,3,737091087440674816,12526,Tetairoa McMillan,WR,0,1,0
2026,12,3,737091087440674816,4035,Alvin Kamara,RB,0,1,0
2026,12,3,737091087440674816,4943,Sam Darnold,QB,0,1,0
2026,12,3,737091087440674816,5850,Josh Jacobs,RB,0,0,0
2026,12,3,737091087440674816,6786,CeeDee Lamb,WR,0,1,0
2026,12,3,737091087440674816,7021,Rico Dowdle,RB,0,0,0
2026,12,3,737091087440674816,7528,Najee Harris,RB,0,0,0
2026,12,3,737091087440674816,8142,Alec Pierce,WR,0,0,0
2026,12,3,737091087440674816,8146,Garrett Wilson,WR,0,1,0
2026,12,3,737091087440674816,8155,Breece Hall,RB,0,0,0
2026,12,3,737091087440674816,9508,Tyjae Spears,RB,0,0,0
2026,12,3,737091087440674816,SEA,Seattle Seahawks,DEF,0,1,0
2026,12,4,736744257179770880,10859,Sam LaPorta,TE,0,1,0
2026,12,4,736744257179770880,12481,Cam Skattebo,RB,0,1,0
2026,12,4,736744257179770880,12545,Tyler Shough,QB,0,1,0
2026,12,4,736744257179770880,13269,Fernando Mendoza,QB,0,0,0
2026,12,4,736744257179770880,13276,Omar Cooper,WR,0,0,0
2026,12,4,736744257179770880,13279,Carnell Tate,WR,0,1,0
2026,12,4,736744257179770880,13287,Jeremiyah Love,RB,0,1,0
2026,12,4,736744257179770880,1479,Keenan Allen,WR,0,0,0
2026,12,4,736744257179770880,2747,Jason Myers,K,0,1,0
2026,12,4,736744257179770880,421,Matthew Stafford,QB,0,1,0
2026,12,4,736744257179770880,7049,Jauan Jennings,WR,0,0,0
2026,12,4,736744257179770880,7525,DeVonta Smith,WR,0,0,0
2026,12,4,736744257179770880,8110,Jake Ferguson,TE,0,0,0
2026,12,4,736744257179770880,8138,James Cook,RB,0,1,0
2026,12,4,736744257179770880,8180,Jalen Nailor,WR,0,0,0
2026,12,4,736744257179770880,9493,Puka Nacua,WR,0,1,0
2026,12,4,736744257179770880,GB,Green Bay Packers,DEF,0,1,0
2026,12,5,716698629934481408,11628,Marvin Harrison,WR,0,0,0
2026,12,5,716698629934481408,11834,Devaughn Vele,WR,0,1,0
2026,12,5,716698629934481408,12495,Ollie Gordon,RB,0,1,0
2026,12,5,716698629934481408,12522,Cam Ward,QB,0,0,0
2026,12,5,716698629934481408,12533,Jacory Croskey-Merritt,RB,0,0,0
2026,12,5,716698629934481408,13294,Makai Lemon,WR,0,0,0
2026,12,5,716698629934481408,2449,Stefon Diggs,WR,0,1,0
2026,12,5,716698629934481408,3198,Derrick Henry,RB,0,1,0
2026,12,5,716698629934481408,4217,George Kittle,TE,0,1,0
2026,12,5,716698629934481408,4983,DJ Moore,WR,0,1,0
2026,12,5,716698629934481408,6770,Joe Burrow,QB,0,1,0
2026,12,5,716698629934481408,7839,Evan McPherson,K,0,1,0
2026,12,5,716698629934481408,8126,Wan'Dale Robinson,WR,0,0,0
2026,12,5,716698629934481408,8183,Brock Purdy,QB,0,1,0
2026,12,5,716698629934481408,8676,Rashid Shaheed,WR,0,0,0
2026,12,5,716698629934481408,CLE,Cleveland Browns,DEF,0,1,0
2026,12,6,736740647758938112,10213,Tre Tucker,WR,0,0,0
2026,12,6,736740647758938112,10232,Michael Wilson,WR,0,1,0
2026,12,6,736740647758938112,11610,Malik Washington,WR,0,0,0
2026,12,6,736740647758938112,11632,Malik Nabers,WR,0,1,0
2026,12,6,736740647758938112,2505,Darren Waller,TE,0,1,0
2026,12,6,736740647758938112,3214,Hunter Henry,TE,0,0,0
2026,12,6,736740647758938112,4034,Christian McCaffrey,RB,0,1,0
2026,12,6,736740647758938112,4046,Patrick Mahomes,QB,0,1,0
2026,12,6,736740647758938112,5849,Kyler Murray,QB,0,1,0
2026,12,6,736740647758938112,5870,Daniel Jones,QB,0,0,0
2026,12,6,736740647758938112,6083,Matt Gay,K,0,1,0
2026,12,6,736740647758938112,6790,D'Andre Swift,RB,0,1,0
2026,12,6,736740647758938112,6813,Jonathan Taylor,RB,0,1,0
2026,12,6,736740647758938112,8148,Jameson Williams,WR,0,0,0
2026,12,6,736740647758938112,9756,Jordan Addison,WR,0,0,0
2026,12,6,736740647758938112,HOU,Houston Texans,DEF,0,1,0
2026,12,7,735974647736213504,10236,Dalton Kincaid,TE,0,1,0
2026,12,7,735974647736213504,11576,Braelon Allen,RB,0,1,0
2026,12,7,735974647736213504,11625,Adonai Mitchell,WR,0,0,0
2026,12,7,735974647736213504,11635,Ladd McConkey,WR,0,1,0
2026,12,7,735974647736213504,11792,Will Reichard,K,0,1,0
2026,12,7,735974647736213504,12512,Quinshon Judkins,RB,0,1,0
2026,12,7,735974647736213504,13281,Jordyn Tyson,WR,0,0,0
2026,12,7,735974647736213504,13286,Jadarian Price,RB,0,0,0
2026,12,7,735974647736213504,2216,Mike Evans,WR,0,1,0
2026,12,7,735974647736213504,2307,Marcus Mariota,QB,0,1,0
2026,12,7,735974647736213504,4984,Josh Allen,QB,0,1,0
2026,12,7,735974647736213504,5859,A.J. Brown,WR,0,0,0
2026,12,7,735974647736213504,5967,Tony Pollard,RB,0,0,0
2026,12,7,735974647736213504,6904,Jalen Hurts,QB,0,0,0
2026,12,7,735974647736213504,7571,Rashod Bateman,WR,0,0,0
2026,12,7,735974647736213504,7611,Rhamondre Stevenson,RB,0,1,0
2026,12,7,735974647736213504,BUF,Buffalo Bills,DEF,0,1,0
2026,12,8,736803054736822272,11563,Bo Nix,QB,0,1,0
2026,12,8,736803054736822272,11786,Cam Little,K,0,1,0
2026,12,8,736803054736822272,12474,Woody Marks,RB,0,0,0
2026,12,8,736803054736822272,12489,RJ Harvey,RB,0,1,0
2026,12,8,736803054736822272,12501,Matthew Golden,WR,0,1,0
2026,12,8,736803054736822272,12519,Luther Burden,WR,0,0,0
2026,12,8,736803054736822272,4866,Saquon Barkley,RB,0,1,0
2026,12,8,736803054736822272,5045,Courtland Sutton,WR,0,0,0
2026,12,8,736803054736822272,6804,Jordan Love,QB,0,1,0
2026,12,8,736803054736822272,7002,Juwan Johnson,TE,0,1,0
2026,12,8,736803054736822272,8136,Rachaad White,RB,0,0,0
2026,12,8,736803054736822272,8137,George Pickens,WR,0,1,0
2026,12,8,736803054736822272,9484,Tucker Kraft,TE,0,0,0
2026,12,8,736803054736822272,9486,Dontayvion Wicks,WR,0,0,0
2026,12,8,736803054736822272,9488,Jaxon Smith-Njigba,WR,0,1,0
2026,12,8,736803054736822272,LAR,Los Angeles Rams,DEF,0,1,0
2026,12,9,710284244835979264,11604,Brock Bowers,TE,0,1,0
2026,12,9,710284244835979264,11620,Rome Odunze,WR,0,0,0
2026,12,9,710284244835979264,12514,Emeka Egbuka,WR,0,1,0
2026,12,9,710284244835979264,12711,Tyler Loop,K,0,1,0
2026,12,9,710284244835979264,13298,KC Concepcion,WR,0,0,0
2026,12,9,710284244835979264,13330,Kenyon Sadiq,TE,0,0,0
2026,12,9,710284244835979264,3294,Dak Prescott,QB,0,1,0
2026,12,9,710284244835979264,3634,Kalif Raymond,WR,0,1,0
2026,12,9,710284244835979264,4892,Baker Mayfield,QB,0,0,0
2026,12,9,710284244835979264,5872,Deebo Samuel,WR,0,0,0
2026,12,9,710284244835979264,5892,David Montgomery,RB,0,1,0
2026,12,9,710284244835979264,6806,J.K. Dobbins,RB,0,1,0
2026,12,9,710284244835979264,7564,Ja'Marr Chase,WR,0,1,0
2026,12,9,710284244835979264,8408,Jordan Mason,RB,0,0,0
2026,12,9,710284244835979264,96,Aaron Rodgers,QB,0,1,0
2026,12,9,710284244835979264,ARI,Arizona Cardinals,DEF,0,1,0
2026,12,9,710284244835979264,PHI,Philadelphia Eagles,DEF,0,0,0
2026,12,10,475399371639222272,11560,Caleb Williams,QB,0,0,0
2026,12,10,475399371639222272,11583,Jonathon Brooks,RB,0,0,0
2026,12,10,475399371639222272,11646,Jalen Coker,WR,0,0,0
2026,12,10,475399371639222272,1166,Kirk Cousins,QB,0,1,0
2026,12,10,475399371639222272,12517,Colston Loveland,TE,0,1,0
2026,12,10,475399371639222272,12529,TreVeyon Henderson,RB,0,1,0
2026,12,10,475399371639222272,13414,Kaelon Black,RB,0,0,0
2026,12,10,475399371639222272,2133,Davante Adams,WR,0,1,0
2026,12,10,475399371639222272,4037,Chris Godwin,WR,0,0,0
2026,12,10,475399371639222272,4199,Aaron Jones,RB,0,1,0
2026,12,10,475399371639222272,5189,Eddy Pineiro,K,0,1,0
2026,12,10,475399371639222272,5846,DK Metcalf,WR,0,0,0
2026,12,10,475399371639222272,6794,Justin Jefferson,WR,0,0,0
2026,12,10,475399371639222272,8121,Romeo Doubs,WR,0,1,0
2026,12,10,475399371639222272,8150,Kyren Williams,RB,0,1,0
2026,12,10,475399371639222272,8161,Malik Willis,QB,0,1,0
2026,12,10,475399371639222272,BAL,Baltimore Ravens,DEF,0,1,0
2026,12,11,865793938542456832,10229,Rashee Rice,WR,0,1,0
2026,12,11,865793938542456832,11624,Xavier Worthy,WR,0,0,0
2026,12,11,865793938542456832,12506,Harold Fannin,TE,0,1,0
2026,12,11,865793938542456832,12527,Ashton Jeanty,RB,0,1,0
2026,12,11,865793938542456832,1373,Geno Smith,QB,0,0,0
2026,12,11,865793938542456832,1466,Travis Kelce,TE,0,0,0
2026,12,11,865793938542456832,1945,Chris Boswell,K,0,1,0
2026,12,11,865793938542456832,4177,Mack Hollins,WR,0,0,0
2026,12,11,865793938542456832,5001,Dalton Schultz,TE,0,0,0
2026,12,11,865793938542456832,5947,Jakobi Meyers,WR,0,0,0
2026,12,11,865793938542456832,6801,Tee Higgins,WR,0,1,0
2026,12,11,865793938542456832,7543,Travis Etienne,RB,0,0,0
2026,12,11,865793938542456832,7547,Amon-Ra St. Brown,WR,0,1,0
2026,12,11,865793938542456832,8151,Kenneth Walker,RB,0,1,0
2026,12,11,865793938542456832,9228,Bryce Young,QB,0,1,0
2026,12,11,865793938542456832,9758,C.J. Stroud,QB,0,1,0
2026,12,11,865793938542456832,MIN,Minnesota Vikings,DEF,0,1,0
2026,12,12,1136842855890366464,11559,Michael Penix,QB,0,1,0
2026,12,12,1136842855890366464,11566,Jayden Daniels,QB,0,0,0
2026,12,12,1136842855890366464,11584,Bucky Irving,RB,0,1,0
2026,12,12,1136842855890366464,12507,Omarion Hampton,RB,0,1,0
2026,12,12,1136842855890366464,12534,Kyle Monangai,RB,0,0,0
2026,12,12,1136842855890366464,13346,Denzel Boston,WR,0,0,0
2026,12,12,1136842855890366464,4881,Lamar Jackson,QB,0,1,0
2026,12,12,1136842855890366464,5022,Dallas Goedert,TE,0,0,0
2026,12,12,1136842855890366464,6650,Chase McLaughlin,K,0,1,0
2026,12,12,1136842855890366464,8112,Drake London,WR,0,1,0
2026,12,12,1136842855890366464,8131,Isaiah Likely,TE,0,1,0
2026,12,12,1136842855890366464,8134,Khalil Shakir,WR,0,0,0
2026,12,12,1136842855890366464,8144,Chris Olave,WR,0,1,0
2026,12,12,1136842855890366464,8228,Jaylen Warren,RB,0,1,0
2026,12,12,1136842855890366464,9480,Brenton Strange,TE,0,0,0
2026,12,12,1136842855890366464,PIT,Pittsburgh Steelers,DEF,0,1,0
2026,13,1,608781531883859968,11533,Brandon Aubrey,K,0,1,0
2026,13,1,608781531883859968,11586,Blake Corum,RB,0,0,0
2026,13,1,608781531883859968,11631,Brian Thomas,WR,0,0,0
2026,13,1,608781531883859968,12490,Bhayshul Tuten,RB,0,0,0
2026,13,1,608781531883859968,13337,Emmett Johnson,RB,0,0,0
2026,13,1,608781531883859968,2306,Jameis Winston,QB,0,1,0
2026,13,1,608781531883859968,3257,Jacoby Brissett,QB,0,1,0
2026,13,1,608781531883859968,3321,Tyreek Hill,WR,0,0,0
2026,13,1,608781531883859968,6797,Justin Herbert,QB,0,0,0
2026,13,1,608781531883859968,7526,Jaylen Waddle,WR,0,1,0
2026,13,1,608781531883859968,7594,Chuba Hubbard,RB,0,1,0
2026,13,1,608781531883859968,8130,Trey McBride,TE,0,1,0
2026,13,1,608781531883859968,9221,Jahmyr Gibbs,RB,0,1,0
2026,13,1,608781531883859968,9500,Josh Downs,WR,0,1,0
2026,13,1,608781531883859968,9753,Zach Charbonnet,RB,0,0,0
2026,13,1,608781531883859968,9997,Zay Flowers,WR,0,1,0
2026,13,1,608781531883859968,CHI,Chicago Bears,DEF,0,1,0
2026,13,2,736077599457026048,11643,Jaylen Wright,RB,0,0,0
2026,13,2,736077599457026048,12185,Spencer Shrader,K,0,1,0
2026,13,2,736077599457026048,13345,Jonah Coleman,RB,0,0,0
2026,13,2,736077599457026048,3163,Jared Goff,QB,0,1,0
2026,13,2,736077599457026048,3271,Tyler Higbee,TE,0,0,0
2026,13,2,736077599457026048,4017,Deshaun Watson,QB,0,0,0
2026,13,2,736077599457026048,5012,Mark Andrews,TE,0,1,0
2026,13,2,736077599457026048,5927,Terry McLaurin,WR,0,0,0
2026,13,2,736077599457026048,7523,Trevor Lawrence,QB,0,1,0
2026,13,2,736077599457026048,7569,Nico Collins,WR,0,1,0
2026,13,2,736077599457026048,7588,Javonte Williams,RB,0,1,0
2026,13,2,736077599457026048,8167,Christian Watson,WR,0,1,0
2026,13,2,736077599457026048,9224,Chase Brown,RB,0,1,0
2026,13,2,736077599457026048,9487,Parker Washington,WR,0,0,0
2026,13,2,736077599457026048,9509,Bijan Robinson,RB,0,1,0
2026,13,2,736077599457026048,9754,Quentin Johnston,WR,0,0,0
2026,13,2,736077599457026048,KC,Kansas City Chiefs,DEF,0,1,0
2026,13,3,737091087440674816,11435,Emanuel Wilson,RB,0,1,0
2026,13,3,737091087440674816,11564,Drake Maye,QB,0,1,0
2026,13,3,737091087440674816,11581,MarShawn Lloyd,RB,0,0,0
2026,13,3,737091087440674816,12015,Harrison Mevis,K,0,1,0
2026,13,3,737091087440674816,12518,Tyler Warren,TE,0,1,0
2026,13,3,737091087440674816,12526,Tetairoa McMillan,WR,0,1,0
2026,13,3,737091087440674816,4035,Alvin Kamara,RB,0,1,0
2026,13,3,737091087440674816,4943,Sam Darnold,QB,0,1,0
2026,13,3,737091087440674816,5850,Josh Jacobs,RB,0,0,0
2026,13,3,737091087440674816,6786,CeeDee Lamb,WR,0,1,0
2026,13,3,737091087440674816,7021,Rico Dowdle,RB,0,0,0
2026,13,3,737091087440674816,7528,Najee Harris,RB,0,0,0
2026,13,3,737091087440674816,8142,Alec Pierce,WR,0,0,0
2026,13,3,737091087440674816,8146,Garrett Wilson,WR,0,1,0
2026,13,3,737091087440674816,8155,Breece Hall,RB,0,0,0
2026,13,3,737091087440674816,9508,Tyjae Spears,RB,0,0,0
2026,13,3,737091087440674816,SEA,Seattle Seahawks,DEF,0,1,0
2026,13,4,736744257179770880,10859,Sam LaPorta,TE,0,1,0
2026,13,4,736744257179770880,12481,Cam Skattebo,RB,0,1,0
2026,13,4,736744257179770880,12545,Tyler Shough,QB,0,1,0
2026,13,4,736744257179770880,13269,Fernando Mendoza,QB,0,0,0
2026,13,4,736744257179770880,13276,Omar Cooper,WR,0,0,0
2026,13,4,736744257179770880,13279,Carnell Tate,WR,0,1,0
2026,13,4,736744257179770880,13287,Jeremiyah Love,RB,0,1,0
2026,13,4,736744257179770880,1479,Keenan Allen,WR,0,0,0
2026,13,4,736744257179770880,2747,Jason Myers,K,0,1,0
2026,13,4,736744257179770880,421,Matthew Stafford,QB,0,1,0
2026,13,4,736744257179770880,7049,Jauan Jennings,WR,0,0,0
2026,13,4,736744257179770880,7525,DeVonta Smith,WR,0,0,0
2026,13,4,736744257179770880,8110,Jake Ferguson,TE,0,0,0
2026,13,4,736744257179770880,8138,James Cook,RB,0,1,0
2026,13,4,736744257179770880,8180,Jalen Nailor,WR,0,0,0
2026,13,4,736744257179770880,9493,Puka Nacua,WR,0,1,0
2026,13,4,736744257179770880,GB,Green Bay Packers,DEF,0,1,0
2026,13,5,716698629934481408,11628,Marvin Harrison,WR,0,0,0
2026,13,5,716698629934481408,11834,Devaughn Vele,WR,0,1,0
2026,13,5,716698629934481408,12495,Ollie Gordon,RB,0,1,0
2026,13,5,716698629934481408,12522,Cam Ward,QB,0,0,0
2026,13,5,716698629934481408,12533,Jacory Croskey-Merritt,RB,0,0,0
2026,13,5,716698629934481408,13294,Makai Lemon,WR,0,0,0
2026,13,5,716698629934481408,2449,Stefon Diggs,WR,0,1,0
2026,13,5,716698629934481408,3198,Derrick Henry,RB,0,1,0
2026,13,5,716698629934481408,4217,George Kittle,TE,0,1,0
2026,13,5,716698629934481408,4983,DJ Moore,WR,0,1,0
2026,13,5,716698629934481408,6770,Joe Burrow,QB,0,1,0
2026,13,5,716698629934481408,7839,Evan McPherson,K,0,1,0
2026,13,5,716698629934481408,8126,Wan'Dale Robinson,WR,0,0,0
2026,13,5,716698629934481408,8183,Brock Purdy,QB,0,1,0
2026,13,5,716698629934481408,8676,Rashid Shaheed,WR,0,0,0
2026,13,5,716698629934481408,CLE,Cleveland Browns,DEF,0,1,0
2026,13,6,736740647758938112,10213,Tre Tucker,WR,0,0,0
2026,13,6,736740647758938112,10232,Michael Wilson,WR,0,1,0
2026,13,6,736740647758938112,11610,Malik Washington,WR,0,0,0
2026,13,6,736740647758938112,11632,Malik Nabers,WR,0,1,0
2026,13,6,736740647758938112,2505,Darren Waller,TE,0,1,0
2026,13,6,736740647758938112,3214,Hunter Henry,TE,0,0,0
2026,13,6,736740647758938112,4034,Christian McCaffrey,RB,0,1,0
2026,13,6,736740647758938112,4046,Patrick Mahomes,QB,0,1,0
2026,13,6,736740647758938112,5849,Kyler Murray,QB,0,1,0
2026,13,6,736740647758938112,5870,Daniel Jones,QB,0,0,0
2026,13,6,736740647758938112,6083,Matt Gay,K,0,1,0
2026,13,6,736740647758938112,6790,D'Andre Swift,RB,0,1,0
2026,13,6,736740647758938112,6813,Jonathan Taylor,RB,0,1,0
2026,13,6,736740647758938112,8148,Jameson Williams,WR,0,0,0
2026,13,6,736740647758938112,9756,Jordan Addison,WR,0,0,0
2026,13,6,736740647758938112,HOU,Houston Texans,DEF,0,1,0
2026,13,7,735974647736213504,10236,Dalton Kincaid,TE,0,1,0
2026,13,7,735974647736213504,11576,Braelon Allen,RB,0,1,0
2026,13,7,735974647736213504,11625,Adonai Mitchell,WR,0,0,0
2026,13,7,735974647736213504,11635,Ladd McConkey,WR,0,1,0
2026,13,7,735974647736213504,11792,Will Reichard,K,0,1,0
2026,13,7,735974647736213504,12512,Quinshon Judkins,RB,0,1,0
2026,13,7,735974647736213504,13281,Jordyn Tyson,WR,0,0,0
2026,13,7,735974647736213504,13286,Jadarian Price,RB,0,0,0
2026,13,7,735974647736213504,2216,Mike Evans,WR,0,1,0
2026,13,7,735974647736213504,2307,Marcus Mariota,QB,0,1,0
2026,13,7,735974647736213504,4984,Josh Allen,QB,0,1,0
2026,13,7,735974647736213504,5859,A.J. Brown,WR,0,0,0
2026,13,7,735974647736213504,5967,Tony Pollard,RB,0,0,0
2026,13,7,735974647736213504,6904,Jalen Hurts,QB,0,0,0
2026,13,7,735974647736213504,7571,Rashod Bateman,WR,0,0,0
2026,13,7,735974647736213504,7611,Rhamondre Stevenson,RB,0,1,0
2026,13,7,735974647736213504,BUF,Buffalo Bills,DEF,0,1,0
2026,13,8,736803054736822272,11563,Bo Nix,QB,0,1,0
2026,13,8,736803054736822272,11786,Cam Little,K,0,1,0
2026,13,8,736803054736822272,12474,Woody Marks,RB,0,0,0
2026,13,8,736803054736822272,12489,RJ Harvey,RB,0,1,0
2026,13,8,736803054736822272,12501,Matthew Golden,WR,0,1,0
2026,13,8,736803054736822272,12519,Luther Burden,WR,0,0,0
2026,13,8,736803054736822272,4866,Saquon Barkley,RB,0,1,0
2026,13,8,736803054736822272,5045,Courtland Sutton,WR,0,0,0
2026,13,8,736803054736822272,6804,Jordan Love,QB,0,1,0
2026,13,8,736803054736822272,7002,Juwan Johnson,TE,0,1,0
2026,13,8,736803054736822272,8136,Rachaad White,RB,0,0,0
2026,13,8,736803054736822272,8137,George Pickens,WR,0,1,0
2026,13,8,736803054736822272,9484,Tucker Kraft,TE,0,0,0
2026,13,8,736803054736822272,9486,Dontayvion Wicks,WR,0,0,0
2026,13,8,736803054736822272,9488,Jaxon Smith-Njigba,WR,0,1,0
2026,13,8,736803054736822272,LAR,Los Angeles Rams,DEF,0,1,0
2026,13,9,710284244835979264,11604,Brock Bowers,TE,0,1,0
2026,13,9,710284244835979264,11620,Rome Odunze,WR,0,0,0
2026,13,9,710284244835979264,12514,Emeka Egbuka,WR,0,1,0
2026,13,9,710284244835979264,12711,Tyler Loop,K,0,1,0
2026,13,9,710284244835979264,13298,KC Concepcion,WR,0,0,0
2026,13,9,710284244835979264,13330,Kenyon Sadiq,TE,0,0,0
2026,13,9,710284244835979264,3294,Dak Prescott,QB,0,1,0
2026,13,9,710284244835979264,3634,Kalif Raymond,WR,0,1,0
2026,13,9,710284244835979264,4892,Baker Mayfield,QB,0,0,0
2026,13,9,710284244835979264,5872,Deebo Samuel,WR,0,0,0
2026,13,9,710284244835979264,5892,David Montgomery,RB,0,1,0
2026,13,9,710284244835979264,6806,J.K. Dobbins,RB,0,1,0
2026,13,9,710284244835979264,7564,Ja'Marr Chase,WR,0,1,0
2026,13,9,710284244835979264,8408,Jordan Mason,RB,0,0,0
2026,13,9,710284244835979264,96,Aaron Rodgers,QB,0,1,0
2026,13,9,710284244835979264,ARI,Arizona Cardinals,DEF,0,1,0
2026,13,9,710284244835979264,PHI,Philadelphia Eagles,DEF,0,0,0
2026,13,10,475399371639222272,11560,Caleb Williams,QB,0,0,0
2026,13,10,475399371639222272,11583,Jonathon Brooks,RB,0,0,0
2026,13,10,475399371639222272,11646,Jalen Coker,WR,0,0,0
2026,13,10,475399371639222272,1166,Kirk Cousins,QB,0,1,0
2026,13,10,475399371639222272,12517,Colston Loveland,TE,0,1,0
2026,13,10,475399371639222272,12529,TreVeyon Henderson,RB,0,1,0
2026,13,10,475399371639222272,13414,Kaelon Black,RB,0,0,0
2026,13,10,475399371639222272,2133,Davante Adams,WR,0,1,0
2026,13,10,475399371639222272,4037,Chris Godwin,WR,0,0,0
2026,13,10,475399371639222272,4199,Aaron Jones,RB,0,1,0
2026,13,10,475399371639222272,5189,Eddy Pineiro,K,0,1,0
2026,13,10,475399371639222272,5846,DK Metcalf,WR,0,0,0
2026,13,10,475399371639222272,6794,Justin Jefferson,WR,0,0,0
2026,13,10,475399371639222272,8121,Romeo Doubs,WR,0,1,0
2026,13,10,475399371639222272,8150,Kyren Williams,RB,0,1,0
2026,13,10,475399371639222272,8161,Malik Willis,QB,0,1,0
2026,13,10,475399371639222272,BAL,Baltimore Ravens,DEF,0,1,0
2026,13,11,865793938542456832,10229,Rashee Rice,WR,0,1,0
2026,13,11,865793938542456832,11624,Xavier Worthy,WR,0,0,0
2026,13,11,865793938542456832,12506,Harold Fannin,TE,0,1,0
2026,13,11,865793938542456832,12527,Ashton Jeanty,RB,0,1,0
2026,13,11,865793938542456832,1373,Geno Smith,QB,0,0,0
2026,13,11,865793938542456832,1466,Travis Kelce,TE,0,0,0
2026,13,11,865793938542456832,1945,Chris Boswell,K,0,1,0
2026,13,11,865793938542456832,4177,Mack Hollins,WR,0,0,0
2026,13,11,865793938542456832,5001,Dalton Schultz,TE,0,0,0
2026,13,11,865793938542456832,5947,Jakobi Meyers,WR,0,0,0
2026,13,11,865793938542456832,6801,Tee Higgins,WR,0,1,0
2026,13,11,865793938542456832,7543,Travis Etienne,RB,0,0,0
2026,13,11,865793938542456832,7547,Amon-Ra St. Brown,WR,0,1,0
2026,13,11,865793938542456832,8151,Kenneth Walker,RB,0,1,0
2026,13,11,865793938542456832,9228,Bryce Young,QB,0,1,0
2026,13,11,865793938542456832,9758,C.J. Stroud,QB,0,1,0
2026,13,11,865793938542456832,MIN,Minnesota Vikings,DEF,0,1,0
2026,13,12,1136842855890366464,11559,Michael Penix,QB,0,1,0
2026,13,12,1136842855890366464,11566,Jayden Daniels,QB,0,0,0
2026,13,12,1136842855890366464,11584,Bucky Irving,RB,0,1,0
2026,13,12,1136842855890366464,12507,Omarion Hampton,RB,0,1,0
2026,13,12,1136842855890366464,12534,Kyle Monangai,RB,0,0,0
2026,13,12,1136842855890366464,13346,Denzel Boston,WR,0,0,0
2026,13,12,1136842855890366464,4881,Lamar Jackson,QB,0,1,0
2026,13,12,1136842855890366464,5022,Dallas Goedert,TE,0,0,0
2026,13,12,1136842855890366464,6650,Chase McLaughlin,K,0,1,0
2026,13,12,1136842855890366464,8112,Drake London,WR,0,1,0
2026,13,12,1136842855890366464,8131,Isaiah Likely,TE,0,1,0
2026,13,12,1136842855890366464,8134,Khalil Shakir,WR,0,0,0
2026,13,12,1136842855890366464,8144,Chris Olave,WR,0,1,0
2026,13,12,1136842855890366464,8228,Jaylen Warren,RB,0,1,0
2026,13,12,1136842855890366464,9480,Brenton Strange,TE,0,0,0
2026,13,12,1136842855890366464,PIT,Pittsburgh Steelers,DEF,0,1,0
2026,14,1,608781531883859968,11533,Brandon Aubrey,K,0,1,0
2026,14,1,608781531883859968,11586,Blake Corum,RB,0,0,0
2026,14,1,608781531883859968,11631,Brian Thomas,WR,0,0,0
2026,14,1,608781531883859968,12490,Bhayshul Tuten,RB,0,0,0
2026,14,1,608781531883859968,13337,Emmett Johnson,RB,0,0,0
2026,14,1,608781531883859968,2306,Jameis Winston,QB,0,1,0
2026,14,1,608781531883859968,3257,Jacoby Brissett,QB,0,1,0
2026,14,1,608781531883859968,3321,Tyreek Hill,WR,0,0,0
2026,14,1,608781531883859968,6797,Justin Herbert,QB,0,0,0
2026,14,1,608781531883859968,7526,Jaylen Waddle,WR,0,1,0
2026,14,1,608781531883859968,7594,Chuba Hubbard,RB,0,1,0
2026,14,1,608781531883859968,8130,Trey McBride,TE,0,1,0
2026,14,1,608781531883859968,9221,Jahmyr Gibbs,RB,0,1,0
2026,14,1,608781531883859968,9500,Josh Downs,WR,0,1,0
2026,14,1,608781531883859968,9753,Zach Charbonnet,RB,0,0,0
2026,14,1,608781531883859968,9997,Zay Flowers,WR,0,1,0
2026,14,1,608781531883859968,CHI,Chicago Bears,DEF,0,1,0
2026,14,2,736077599457026048,11643,Jaylen Wright,RB,0,0,0
2026,14,2,736077599457026048,12185,Spencer Shrader,K,0,1,0
2026,14,2,736077599457026048,13345,Jonah Coleman,RB,0,0,0
2026,14,2,736077599457026048,3163,Jared Goff,QB,0,1,0
2026,14,2,736077599457026048,3271,Tyler Higbee,TE,0,0,0
2026,14,2,736077599457026048,4017,Deshaun Watson,QB,0,0,0
2026,14,2,736077599457026048,5012,Mark Andrews,TE,0,1,0
2026,14,2,736077599457026048,5927,Terry McLaurin,WR,0,0,0
2026,14,2,736077599457026048,7523,Trevor Lawrence,QB,0,1,0
2026,14,2,736077599457026048,7569,Nico Collins,WR,0,1,0
2026,14,2,736077599457026048,7588,Javonte Williams,RB,0,1,0
2026,14,2,736077599457026048,8167,Christian Watson,WR,0,1,0
2026,14,2,736077599457026048,9224,Chase Brown,RB,0,1,0
2026,14,2,736077599457026048,9487,Parker Washington,WR,0,0,0
2026,14,2,736077599457026048,9509,Bijan Robinson,RB,0,1,0
2026,14,2,736077599457026048,9754,Quentin Johnston,WR,0,0,0
2026,14,2,736077599457026048,KC,Kansas City Chiefs,DEF,0,1,0
2026,14,3,737091087440674816,11435,Emanuel Wilson,RB,0,1,0
2026,14,3,737091087440674816,11564,Drake Maye,QB,0,1,0
2026,14,3,737091087440674816,11581,MarShawn Lloyd,RB,0,0,0
2026,14,3,737091087440674816,12015,Harrison Mevis,K,0,1,0
2026,14,3,737091087440674816,12518,Tyler Warren,TE,0,1,0
2026,14,3,737091087440674816,12526,Tetairoa McMillan,WR,0,1,0
2026,14,3,737091087440674816,4035,Alvin Kamara,RB,0,1,0
2026,14,3,737091087440674816,4943,Sam Darnold,QB,0,1,0
2026,14,3,737091087440674816,5850,Josh Jacobs,RB,0,0,0
2026,14,3,737091087440674816,6786,CeeDee Lamb,WR,0,1,0
2026,14,3,737091087440674816,7021,Rico Dowdle,RB,0,0,0
2026,14,3,737091087440674816,7528,Najee Harris,RB,0,0,0
2026,14,3,737091087440674816,8142,Alec Pierce,WR,0,0,0
2026,14,3,737091087440674816,8146,Garrett Wilson,WR,0,1,0
2026,14,3,737091087440674816,8155,Breece Hall,RB,0,0,0
2026,14,3,737091087440674816,9508,Tyjae Spears,RB,0,0,0
2026,14,3,737091087440674816,SEA,Seattle Seahawks,DEF,0,1,0
2026,14,4,736744257179770880,10859,Sam LaPorta,TE,0,1,0
2026,14,4,736744257179770880,12481,Cam Skattebo,RB,0,1,0
2026,14,4,736744257179770880,12545,Tyler Shough,QB,0,1,0
2026,14,4,736744257179770880,13269,Fernando Mendoza,QB,0,0,0
2026,14,4,736744257179770880,13276,Omar Cooper,WR,0,0,0
2026,14,4,736744257179770880,13279,Carnell Tate,WR,0,1,0
2026,14,4,736744257179770880,13287,Jeremiyah Love,RB,0,1,0
2026,14,4,736744257179770880,1479,Keenan Allen,WR,0,0,0
2026,14,4,736744257179770880,2747,Jason Myers,K,0,1,0
2026,14,4,736744257179770880,421,Matthew Stafford,QB,0,1,0
2026,14,4,736744257179770880,7049,Jauan Jennings,WR,0,0,0
2026,14,4,736744257179770880,7525,DeVonta Smith,WR,0,0,0
2026,14,4,736744257179770880,8110,Jake Ferguson,TE,0,0,0
2026,14,4,736744257179770880,8138,James Cook,RB,0,1,0
2026,14,4,736744257179770880,8180,Jalen Nailor,WR,0,0,0
2026,14,4,736744257179770880,9493,Puka Nacua,WR,0,1,0
2026,14,4,736744257179770880,GB,Green Bay Packers,DEF,0,1,0
2026,14,5,716698629934481408,11628,Marvin Harrison,WR,0,0,0
2026,14,5,716698629934481408,11834,Devaughn Vele,WR,0,1,0
2026,14,5,716698629934481408,12495,Ollie Gordon,RB,0,1,0
2026,14,5,716698629934481408,12522,Cam Ward,QB,0,0,0
2026,14,5,716698629934481408,12533,Jacory Croskey-Merritt,RB,0,0,0
2026,14,5,716698629934481408,13294,Makai Lemon,WR,0,0,0
2026,14,5,716698629934481408,2449,Stefon Diggs,WR,0,1,0
2026,14,5,716698629934481408,3198,Derrick Henry,RB,0,1,0
2026,14,5,716698629934481408,4217,George Kittle,TE,0,1,0
2026,14,5,716698629934481408,4983,DJ Moore,WR,0,1,0
2026,14,5,716698629934481408,6770,Joe Burrow,QB,0,1,0
2026,14,5,716698629934481408,7839,Evan McPherson,K,0,1,0
2026,14,5,716698629934481408,8126,Wan'Dale Robinson,WR,0,0,0
2026,14,5,716698629934481408,8183,Brock Purdy,QB,0,1,0
2026,14,5,716698629934481408,8676,Rashid Shaheed,WR,0,0,0
2026,14,5,716698629934481408,CLE,Cleveland Browns,DEF,0,1,0
2026,14,6,736740647758938112,10213,Tre Tucker,WR,0,0,0
2026,14,6,736740647758938112,10232,Michael Wilson,WR,0,1,0
2026,14,6,736740647758938112,11610,Malik Washington,WR,0,0,0
2026,14,6,736740647758938112,11632,Malik Nabers,WR,0,1,0
2026,14,6,736740647758938112,2505,Darren Waller,TE,0,1,0
2026,14,6,736740647758938112,3214,Hunter Henry,TE,0,0,0
2026,14,6,736740647758938112,4034,Christian McCaffrey,RB,0,1,0
2026,14,6,736740647758938112,4046,Patrick Mahomes,QB,0,1,0
2026,14,6,736740647758938112,5849,Kyler Murray,QB,0,1,0
2026,14,6,736740647758938112,5870,Daniel Jones,QB,0,0,0
2026,14,6,736740647758938112,6083,Matt Gay,K,0,1,0
2026,14,6,736740647758938112,6790,D'Andre Swift,RB,0,1,0
2026,14,6,736740647758938112,6813,Jonathan Taylor,RB,0,1,0
2026,14,6,736740647758938112,8148,Jameson Williams,WR,0,0,0
2026,14,6,736740647758938112,9756,Jordan Addison,WR,0,0,0
2026,14,6,736740647758938112,HOU,Houston Texans,DEF,0,1,0
2026,14,7,735974647736213504,10236,Dalton Kincaid,TE,0,1,0
2026,14,7,735974647736213504,11576,Braelon Allen,RB,0,1,0
2026,14,7,735974647736213504,11625,Adonai Mitchell,WR,0,0,0
2026,14,7,735974647736213504,11635,Ladd McConkey,WR,0,1,0
2026,14,7,735974647736213504,11792,Will Reichard,K,0,1,0
2026,14,7,735974647736213504,12512,Quinshon Judkins,RB,0,1,0
2026,14,7,735974647736213504,13281,Jordyn Tyson,WR,0,0,0
2026,14,7,735974647736213504,13286,Jadarian Price,RB,0,0,0
2026,14,7,735974647736213504,2216,Mike Evans,WR,0,1,0
2026,14,7,735974647736213504,2307,Marcus Mariota,QB,0,1,0
2026,14,7,735974647736213504,4984,Josh Allen,QB,0,1,0
2026,14,7,735974647736213504,5859,A.J. Brown,WR,0,0,0
2026,14,7,735974647736213504,5967,Tony Pollard,RB,0,0,0
2026,14,7,735974647736213504,6904,Jalen Hurts,QB,0,0,0
2026,14,7,735974647736213504,7571,Rashod Bateman,WR,0,0,0
2026,14,7,735974647736213504,7611,Rhamondre Stevenson,RB,0,1,0
2026,14,7,735974647736213504,BUF,Buffalo Bills,DEF,0,1,0
2026,14,8,736803054736822272,11563,Bo Nix,QB,0,1,0
2026,14,8,736803054736822272,11786,Cam Little,K,0,1,0
2026,14,8,736803054736822272,12474,Woody Marks,RB,0,0,0
2026,14,8,736803054736822272,12489,RJ Harvey,RB,0,1,0
2026,14,8,736803054736822272,12501,Matthew Golden,WR,0,1,0
2026,14,8,736803054736822272,12519,Luther Burden,WR,0,0,0
2026,14,8,736803054736822272,4866,Saquon Barkley,RB,0,1,0
2026,14,8,736803054736822272,5045,Courtland Sutton,WR,0,0,0
2026,14,8,736803054736822272,6804,Jordan Love,QB,0,1,0
2026,14,8,736803054736822272,7002,Juwan Johnson,TE,0,1,0
2026,14,8,736803054736822272,8136,Rachaad White,RB,0,0,0
2026,14,8,736803054736822272,8137,George Pickens,WR,0,1,0
2026,14,8,736803054736822272,9484,Tucker Kraft,TE,0,0,0
2026,14,8,736803054736822272,9486,Dontayvion Wicks,WR,0,0,0
2026,14,8,736803054736822272,9488,Jaxon Smith-Njigba,WR,0,1,0
2026,14,8,736803054736822272,LAR,Los Angeles Rams,DEF,0,1,0
2026,14,9,710284244835979264,11604,Brock Bowers,TE,0,1,0
2026,14,9,710284244835979264,11620,Rome Odunze,WR,0,0,0
2026,14,9,710284244835979264,12514,Emeka Egbuka,WR,0,1,0
2026,14,9,710284244835979264,12711,Tyler Loop,K,0,1,0
2026,14,9,710284244835979264,13298,KC Concepcion,WR,0,0,0
2026,14,9,710284244835979264,13330,Kenyon Sadiq,TE,0,0,0
2026,14,9,710284244835979264,3294,Dak Prescott,QB,0,1,0
2026,14,9,710284244835979264,3634,Kalif Raymond,WR,0,1,0
2026,14,9,710284244835979264,4892,Baker Mayfield,QB,0,0,0
2026,14,9,710284244835979264,5872,Deebo Samuel,WR,0,0,0
2026,14,9,710284244835979264,5892,David Montgomery,RB,0,1,0
2026,14,9,710284244835979264,6806,J.K. Dobbins,RB,0,1,0
2026,14,9,710284244835979264,7564,Ja'Marr Chase,WR,0,1,0
2026,14,9,710284244835979264,8408,Jordan Mason,RB,0,0,0
2026,14,9,710284244835979264,96,Aaron Rodgers,QB,0,1,0
2026,14,9,710284244835979264,ARI,Arizona Cardinals,DEF,0,1,0
2026,14,9,710284244835979264,PHI,Philadelphia Eagles,DEF,0,0,0
2026,14,10,475399371639222272,11560,Caleb Williams,QB,0,0,0
2026,14,10,475399371639222272,11583,Jonathon Brooks,RB,0,0,0
2026,14,10,475399371639222272,11646,Jalen Coker,WR,0,0,0
2026,14,10,475399371639222272,1166,Kirk Cousins,QB,0,1,0
2026,14,10,475399371639222272,12517,Colston Loveland,TE,0,1,0
2026,14,10,475399371639222272,12529,TreVeyon Henderson,RB,0,1,0
2026,14,10,475399371639222272,13414,Kaelon Black,RB,0,0,0
2026,14,10,475399371639222272,2133,Davante Adams,WR,0,1,0
2026,14,10,475399371639222272,4037,Chris Godwin,WR,0,0,0
2026,14,10,475399371639222272,4199,Aaron Jones,RB,0,1,0
2026,14,10,475399371639222272,5189,Eddy Pineiro,K,0,1,0
2026,14,10,475399371639222272,5846,DK Metcalf,WR,0,0,0
2026,14,10,475399371639222272,6794,Justin Jefferson,WR,0,0,0
2026,14,10,475399371639222272,8121,Romeo Doubs,WR,0,1,0
2026,14,10,475399371639222272,8150,Kyren Williams,RB,0,1,0
2026,14,10,475399371639222272,8161,Malik Willis,QB,0,1,0
2026,14,10,475399371639222272,BAL,Baltimore Ravens,DEF,0,1,0
2026,14,11,865793938542456832,10229,Rashee Rice,WR,0,1,0
2026,14,11,865793938542456832,11624,Xavier Worthy,WR,0,0,0
2026,14,11,865793938542456832,12506,Harold Fannin,TE,0,1,0
2026,14,11,865793938542456832,12527,Ashton Jeanty,RB,0,1,0
2026,14,11,865793938542456832,1373,Geno Smith,QB,0,0,0
2026,14,11,865793938542456832,1466,Travis Kelce,TE,0,0,0
2026,14,11,865793938542456832,1945,Chris Boswell,K,0,1,0
2026,14,11,865793938542456832,4177,Mack Hollins,WR,0,0,0
2026,14,11,865793938542456832,5001,Dalton Schultz,TE,0,0,0
2026,14,11,865793938542456832,5947,Jakobi Meyers,WR,0,0,0
2026,14,11,865793938542456832,6801,Tee Higgins,WR,0,1,0
2026,14,11,865793938542456832,7543,Travis Etienne,RB,0,0,0
2026,14,11,865793938542456832,7547,Amon-Ra St. Brown,WR,0,1,0
2026,14,11,865793938542456832,8151,Kenneth Walker,RB,0,1,0
2026,14,11,865793938542456832,9228,Bryce Young,QB,0,1,0
2026,14,11,865793938542456832,9758,C.J. Stroud,QB,0,1,0
2026,14,11,865793938542456832,MIN,Minnesota Vikings,DEF,0,1,0
2026,14,12,1136842855890366464,11559,Michael Penix,QB,0,1,0
2026,14,12,1136842855890366464,11566,Jayden Daniels,QB,0,0,0
2026,14,12,1136842855890366464,11584,Bucky Irving,RB,0,1,0
2026,14,12,1136842855890366464,12507,Omarion Hampton,RB,0,1,0
2026,14,12,1136842855890366464,12534,Kyle Monangai,RB,0,0,0
2026,14,12,1136842855890366464,13346,Denzel Boston,WR,0,0,0
2026,14,12,1136842855890366464,4881,Lamar Jackson,QB,0,1,0
2026,14,12,1136842855890366464,5022,Dallas Goedert,TE,0,0,0
2026,14,12,1136842855890366464,6650,Chase McLaughlin,K,0,1,0
2026,14,12,1136842855890366464,8112,Drake London,WR,0,1,0
2026,14,12,1136842855890366464,8131,Isaiah Likely,TE,0,1,0
2026,14,12,1136842855890366464,8134,Khalil Shakir,WR,0,0,0
2026,14,12,1136842855890366464,8144,Chris Olave,WR,0,1,0
2026,14,12,1136842855890366464,8228,Jaylen Warren,RB,0,1,0
2026,14,12,1136842855890366464,9480,Brenton Strange,TE,0,0,0
2026,14,12,1136842855890366464,PIT,Pittsburgh Steelers,DEF,0,1,0
2026,15,1,608781531883859968,11533,Brandon Aubrey,K,0,1,1
2026,15,1,608781531883859968,11586,Blake Corum,RB,0,0,1
2026,15,1,608781531883859968,11631,Brian Thomas,WR,0,0,1
2026,15,1,608781531883859968,12490,Bhayshul Tuten,RB,0,0,1
2026,15,1,608781531883859968,13337,Emmett Johnson,RB,0,0,1
2026,15,1,608781531883859968,2306,Jameis Winston,QB,0,1,1
2026,15,1,608781531883859968,3257,Jacoby Brissett,QB,0,1,1
2026,15,1,608781531883859968,3321,Tyreek Hill,WR,0,0,1
2026,15,1,608781531883859968,6797,Justin Herbert,QB,0,0,1
2026,15,1,608781531883859968,7526,Jaylen Waddle,WR,0,1,1
2026,15,1,608781531883859968,7594,Chuba Hubbard,RB,0,1,1
2026,15,1,608781531883859968,8130,Trey McBride,TE,0,1,1
2026,15,1,608781531883859968,9221,Jahmyr Gibbs,RB,0,1,1
2026,15,1,608781531883859968,9500,Josh Downs,WR,0,1,1
2026,15,1,608781531883859968,9753,Zach Charbonnet,RB,0,0,1
2026,15,1,608781531883859968,9997,Zay Flowers,WR,0,1,1
2026,15,1,608781531883859968,CHI,Chicago Bears,DEF,0,1,1
2026,15,2,736077599457026048,11643,Jaylen Wright,RB,0,0,1
2026,15,2,736077599457026048,12185,Spencer Shrader,K,0,1,1
2026,15,2,736077599457026048,13345,Jonah Coleman,RB,0,0,1
2026,15,2,736077599457026048,3163,Jared Goff,QB,0,1,1
2026,15,2,736077599457026048,3271,Tyler Higbee,TE,0,0,1
2026,15,2,736077599457026048,4017,Deshaun Watson,QB,0,0,1
2026,15,2,736077599457026048,5012,Mark Andrews,TE,0,1,1
2026,15,2,736077599457026048,5927,Terry McLaurin,WR,0,0,1
2026,15,2,736077599457026048,7523,Trevor Lawrence,QB,0,1,1
2026,15,2,736077599457026048,7569,Nico Collins,WR,0,1,1
2026,15,2,736077599457026048,7588,Javonte Williams,RB,0,1,1
2026,15,2,736077599457026048,8167,Christian Watson,WR,0,1,1
2026,15,2,736077599457026048,9224,Chase Brown,RB,0,1,1
2026,15,2,736077599457026048,9487,Parker Washington,WR,0,0,1
2026,15,2,736077599457026048,9509,Bijan Robinson,RB,0,1,1
2026,15,2,736077599457026048,9754,Quentin Johnston,WR,0,0,1
2026,15,2,736077599457026048,KC,Kansas City Chiefs,DEF,0,1,1
2026,15,3,737091087440674816,11435,Emanuel Wilson,RB,0,1,1
2026,15,3,737091087440674816,11564,Drake Maye,QB,0,1,1
2026,15,3,737091087440674816,11581,MarShawn Lloyd,RB,0,0,1
2026,15,3,737091087440674816,12015,Harrison Mevis,K,0,1,1
2026,15,3,737091087440674816,12518,Tyler Warren,TE,0,1,1
2026,15,3,737091087440674816,12526,Tetairoa McMillan,WR,0,1,1
2026,15,3,737091087440674816,4035,Alvin Kamara,RB,0,1,1
2026,15,3,737091087440674816,4943,Sam Darnold,QB,0,1,1
2026,15,3,737091087440674816,5850,Josh Jacobs,RB,0,0,1
2026,15,3,737091087440674816,6786,CeeDee Lamb,WR,0,1,1
2026,15,3,737091087440674816,7021,Rico Dowdle,RB,0,0,1
2026,15,3,737091087440674816,7528,Najee Harris,RB,0,0,1
2026,15,3,737091087440674816,8142,Alec Pierce,WR,0,0,1
2026,15,3,737091087440674816,8146,Garrett Wilson,WR,0,1,1
2026,15,3,737091087440674816,8155,Breece Hall,RB,0,0,1
2026,15,3,737091087440674816,9508,Tyjae Spears,RB,0,0,1
2026,15,3,737091087440674816,SEA,Seattle Seahawks,DEF,0,1,1
2026,15,4,736744257179770880,10859,Sam LaPorta,TE,0,1,1
2026,15,4,736744257179770880,12481,Cam Skattebo,RB,0,1,1
2026,15,4,736744257179770880,12545,Tyler Shough,QB,0,1,1
2026,15,4,736744257179770880,13269,Fernando Mendoza,QB,0,0,1
2026,15,4,736744257179770880,13276,Omar Cooper,WR,0,0,1
2026,15,4,736744257179770880,13279,Carnell Tate,WR,0,1,1
2026,15,4,736744257179770880,13287,Jeremiyah Love,RB,0,1,1
2026,15,4,736744257179770880,1479,Keenan Allen,WR,0,0,1
2026,15,4,736744257179770880,2747,Jason Myers,K,0,1,1
2026,15,4,736744257179770880,421,Matthew Stafford,QB,0,1,1
2026,15,4,736744257179770880,7049,Jauan Jennings,WR,0,0,1
2026,15,4,736744257179770880,7525,DeVonta Smith,WR,0,0,1
2026,15,4,736744257179770880,8110,Jake Ferguson,TE,0,0,1
2026,15,4,736744257179770880,8138,James Cook,RB,0,1,1
2026,15,4,736744257179770880,8180,Jalen Nailor,WR,0,0,1
2026,15,4,736744257179770880,9493,Puka Nacua,WR,0,1,1
2026,15,4,736744257179770880,GB,Green Bay Packers,DEF,0,1,1
2026,15,5,716698629934481408,11628,Marvin Harrison,WR,0,0,1
2026,15,5,716698629934481408,11834,Devaughn Vele,WR,0,1,1
2026,15,5,716698629934481408,12495,Ollie Gordon,RB,0,1,1
2026,15,5,716698629934481408,12522,Cam Ward,QB,0,0,1
2026,15,5,716698629934481408,12533,Jacory Croskey-Merritt,RB,0,0,1
2026,15,5,716698629934481408,13294,Makai Lemon,WR,0,0,1
2026,15,5,716698629934481408,2449,Stefon Diggs,WR,0,1,1
2026,15,5,716698629934481408,3198,Derrick Henry,RB,0,1,1
2026,15,5,716698629934481408,4217,George Kittle,TE,0,1,1
2026,15,5,716698629934481408,4983,DJ Moore,WR,0,1,1
2026,15,5,716698629934481408,6770,Joe Burrow,QB,0,1,1
2026,15,5,716698629934481408,7839,Evan McPherson,K,0,1,1
2026,15,5,716698629934481408,8126,Wan'Dale Robinson,WR,0,0,1
2026,15,5,716698629934481408,8183,Brock Purdy,QB,0,1,1
2026,15,5,716698629934481408,8676,Rashid Shaheed,WR,0,0,1
2026,15,5,716698629934481408,CLE,Cleveland Browns,DEF,0,1,1
2026,15,6,736740647758938112,10213,Tre Tucker,WR,0,0,1
2026,15,6,736740647758938112,10232,Michael Wilson,WR,0,1,1
2026,15,6,736740647758938112,11610,Malik Washington,WR,0,0,1
2026,15,6,736740647758938112,11632,Malik Nabers,WR,0,1,1
2026,15,6,736740647758938112,2505,Darren Waller,TE,0,1,1
2026,15,6,736740647758938112,3214,Hunter Henry,TE,0,0,1
2026,15,6,736740647758938112,4034,Christian McCaffrey,RB,0,1,1
2026,15,6,736740647758938112,4046,Patrick Mahomes,QB,0,1,1
2026,15,6,736740647758938112,5849,Kyler Murray,QB,0,1,1
2026,15,6,736740647758938112,5870,Daniel Jones,QB,0,0,1
2026,15,6,736740647758938112,6083,Matt Gay,K,0,1,1
2026,15,6,736740647758938112,6790,D'Andre Swift,RB,0,1,1
2026,15,6,736740647758938112,6813,Jonathan Taylor,RB,0,1,1
2026,15,6,736740647758938112,8148,Jameson Williams,WR,0,0,1
2026,15,6,736740647758938112,9756,Jordan Addison,WR,0,0,1
2026,15,6,736740647758938112,HOU,Houston Texans,DEF,0,1,1
2026,15,7,735974647736213504,10236,Dalton Kincaid,TE,0,1,1
2026,15,7,735974647736213504,11576,Braelon Allen,RB,0,1,1
2026,15,7,735974647736213504,11625,Adonai Mitchell,WR,0,0,1
2026,15,7,735974647736213504,11635,Ladd McConkey,WR,0,1,1
2026,15,7,735974647736213504,11792,Will Reichard,K,0,1,1
2026,15,7,735974647736213504,12512,Quinshon Judkins,RB,0,1,1
2026,15,7,735974647736213504,13281,Jordyn Tyson,WR,0,0,1
2026,15,7,735974647736213504,13286,Jadarian Price,RB,0,0,1
2026,15,7,735974647736213504,2216,Mike Evans,WR,0,1,1
2026,15,7,735974647736213504,2307,Marcus Mariota,QB,0,1,1
2026,15,7,735974647736213504,4984,Josh Allen,QB,0,1,1
2026,15,7,735974647736213504,5859,A.J. Brown,WR,0,0,1
2026,15,7,735974647736213504,5967,Tony Pollard,RB,0,0,1
2026,15,7,735974647736213504,6904,Jalen Hurts,QB,0,0,1
2026,15,7,735974647736213504,7571,Rashod Bateman,WR,0,0,1
2026,15,7,735974647736213504,7611,Rhamondre Stevenson,RB,0,1,1
2026,15,7,735974647736213504,BUF,Buffalo Bills,DEF,0,1,1
2026,15,8,736803054736822272,11563,Bo Nix,QB,0,1,1
2026,15,8,736803054736822272,11786,Cam Little,K,0,1,1
2026,15,8,736803054736822272,12474,Woody Marks,RB,0,0,1
2026,15,8,736803054736822272,12489,RJ Harvey,RB,0,1,1
2026,15,8,736803054736822272,12501,Matthew Golden,WR,0,1,1
2026,15,8,736803054736822272,12519,Luther Burden,WR,0,0,1
2026,15,8,736803054736822272,4866,Saquon Barkley,RB,0,1,1
2026,15,8,736803054736822272,5045,Courtland Sutton,WR,0,0,1
2026,15,8,736803054736822272,6804,Jordan Love,QB,0,1,1
2026,15,8,736803054736822272,7002,Juwan Johnson,TE,0,1,1
2026,15,8,736803054736822272,8136,Rachaad White,RB,0,0,1
2026,15,8,736803054736822272,8137,George Pickens,WR,0,1,1
2026,15,8,736803054736822272,9484,Tucker Kraft,TE,0,0,1
2026,15,8,736803054736822272,9486,Dontayvion Wicks,WR,0,0,1
2026,15,8,736803054736822272,9488,Jaxon Smith-Njigba,WR,0,1,1
2026,15,8,736803054736822272,LAR,Los Angeles Rams,DEF,0,1,1
2026,15,9,710284244835979264,11604,Brock Bowers,TE,0,1,1
2026,15,9,710284244835979264,11620,Rome Odunze,WR,0,0,1
2026,15,9,710284244835979264,12514,Emeka Egbuka,WR,0,1,1
2026,15,9,710284244835979264,12711,Tyler Loop,K,0,1,1
2026,15,9,710284244835979264,13298,KC Concepcion,WR,0,0,1
2026,15,9,710284244835979264,13330,Kenyon Sadiq,TE,0,0,1
2026,15,9,710284244835979264,3294,Dak Prescott,QB,0,1,1
2026,15,9,710284244835979264,3634,Kalif Raymond,WR,0,1,1
2026,15,9,710284244835979264,4892,Baker Mayfield,QB,0,0,1
2026,15,9,710284244835979264,5872,Deebo Samuel,WR,0,0,1
2026,15,9,710284244835979264,5892,David Montgomery,RB,0,1,1
2026,15,9,710284244835979264,6806,J.K. Dobbins,RB,0,1,1
2026,15,9,710284244835979264,7564,Ja'Marr Chase,WR,0,1,1
2026,15,9,710284244835979264,8408,Jordan Mason,RB,0,0,1
2026,15,9,710284244835979264,96,Aaron Rodgers,QB,0,1,1
2026,15,9,710284244835979264,ARI,Arizona Cardinals,DEF,0,1,1
2026,15,9,710284244835979264,PHI,Philadelphia Eagles,DEF,0,0,1
2026,15,10,475399371639222272,11560,Caleb Williams,QB,0,0,1
2026,15,10,475399371639222272,11583,Jonathon Brooks,RB,0,0,1
2026,15,10,475399371639222272,11646,Jalen Coker,WR,0,0,1
2026,15,10,475399371639222272,1166,Kirk Cousins,QB,0,1,1
2026,15,10,475399371639222272,12517,Colston Loveland,TE,0,1,1
2026,15,10,475399371639222272,12529,TreVeyon Henderson,RB,0,1,1
2026,15,10,475399371639222272,13414,Kaelon Black,RB,0,0,1
2026,15,10,475399371639222272,2133,Davante Adams,WR,0,1,1
2026,15,10,475399371639222272,4037,Chris Godwin,WR,0,0,1
2026,15,10,475399371639222272,4199,Aaron Jones,RB,0,1,1
2026,15,10,475399371639222272,5189,Eddy Pineiro,K,0,1,1
2026,15,10,475399371639222272,5846,DK Metcalf,WR,0,0,1
2026,15,10,475399371639222272,6794,Justin Jefferson,WR,0,0,1
2026,15,10,475399371639222272,8121,Romeo Doubs,WR,0,1,1
2026,15,10,475399371639222272,8150,Kyren Williams,RB,0,1,1
2026,15,10,475399371639222272,8161,Malik Willis,QB,0,1,1
2026,15,10,475399371639222272,BAL,Baltimore Ravens,DEF,0,1,1
2026,15,11,865793938542456832,10229,Rashee Rice,WR,0,1,1
2026,15,11,865793938542456832,11624,Xavier Worthy,WR,0,0,1
2026,15,11,865793938542456832,12506,Harold Fannin,TE,0,1,1
2026,15,11,865793938542456832,12527,Ashton Jeanty,RB,0,1,1
2026,15,11,865793938542456832,1373,Geno Smith,QB,0,0,1
2026,15,11,865793938542456832,1466,Travis Kelce,TE,0,0,1
2026,15,11,865793938542456832,1945,Chris Boswell,K,0,1,1
2026,15,11,865793938542456832,4177,Mack Hollins,WR,0,0,1
2026,15,11,865793938542456832,5001,Dalton Schultz,TE,0,0,1
2026,15,11,865793938542456832,5947,Jakobi Meyers,WR,0,0,1
2026,15,11,865793938542456832,6801,Tee Higgins,WR,0,1,1
2026,15,11,865793938542456832,7543,Travis Etienne,RB,0,0,1
2026,15,11,865793938542456832,7547,Amon-Ra St. Brown,WR,0,1,1
2026,15,11,865793938542456832,8151,Kenneth Walker,RB,0,1,1
2026,15,11,865793938542456832,9228,Bryce Young,QB,0,1,1
2026,15,11,865793938542456832,9758,C.J. Stroud,QB,0,1,1
2026,15,11,865793938542456832,MIN,Minnesota Vikings,DEF,0,1,1
2026,15,12,1136842855890366464,11559,Michael Penix,QB,0,1,1
2026,15,12,1136842855890366464,11566,Jayden Daniels,QB,0,0,1
2026,15,12,1136842855890366464,11584,Bucky Irving,RB,0,1,1
2026,15,12,1136842855890366464,12507,Omarion Hampton,RB,0,1,1
2026,15,12,1136842855890366464,12534,Kyle Monangai,RB,0,0,1
2026,15,12,1136842855890366464,13346,Denzel Boston,WR,0,0,1
2026,15,12,1136842855890366464,4881,Lamar Jackson,QB,0,1,1
2026,15,12,1136842855890366464,5022,Dallas Goedert,TE,0,0,1
2026,15,12,1136842855890366464,6650,Chase McLaughlin,K,0,1,1
2026,15,12,1136842855890366464,8112,Drake London,WR,0,1,1
2026,15,12,1136842855890366464,8131,Isaiah Likely,TE,0,1,1
2026,15,12,1136842855890366464,8134,Khalil Shakir,WR,0,0,1
2026,15,12,1136842855890366464,8144,Chris Olave,WR,0,1,1
2026,15,12,1136842855890366464,8228,Jaylen Warren,RB,0,1,1
2026,15,12,1136842855890366464,9480,Brenton Strange,TE,0,0,1
2026,15,12,1136842855890366464,PIT,Pittsburgh Steelers,DEF,0,1,1
2026,16,1,608781531883859968,11533,Brandon Aubrey,K,0,1,1
2026,16,1,608781531883859968,11586,Blake Corum,RB,0,0,1
2026,16,1,608781531883859968,11631,Brian Thomas,WR,0,0,1
2026,16,1,608781531883859968,12490,Bhayshul Tuten,RB,0,0,1
2026,16,1,608781531883859968,13337,Emmett Johnson,RB,0,0,1
2026,16,1,608781531883859968,2306,Jameis Winston,QB,0,1,1
2026,16,1,608781531883859968,3257,Jacoby Brissett,QB,0,1,1
2026,16,1,608781531883859968,3321,Tyreek Hill,WR,0,0,1
2026,16,1,608781531883859968,6797,Justin Herbert,QB,0,0,1
2026,16,1,608781531883859968,7526,Jaylen Waddle,WR,0,1,1
2026,16,1,608781531883859968,7594,Chuba Hubbard,RB,0,1,1
2026,16,1,608781531883859968,8130,Trey McBride,TE,0,1,1
2026,16,1,608781531883859968,9221,Jahmyr Gibbs,RB,0,1,1
2026,16,1,608781531883859968,9500,Josh Downs,WR,0,1,1
2026,16,1,608781531883859968,9753,Zach Charbonnet,RB,0,0,1
2026,16,1,608781531883859968,9997,Zay Flowers,WR,0,1,1
2026,16,1,608781531883859968,CHI,Chicago Bears,DEF,0,1,1
2026,16,2,736077599457026048,11643,Jaylen Wright,RB,0,0,1
2026,16,2,736077599457026048,12185,Spencer Shrader,K,0,1,1
2026,16,2,736077599457026048,13345,Jonah Coleman,RB,0,0,1
2026,16,2,736077599457026048,3163,Jared Goff,QB,0,1,1
2026,16,2,736077599457026048,3271,Tyler Higbee,TE,0,0,1
2026,16,2,736077599457026048,4017,Deshaun Watson,QB,0,0,1
2026,16,2,736077599457026048,5012,Mark Andrews,TE,0,1,1
2026,16,2,736077599457026048,5927,Terry McLaurin,WR,0,0,1
2026,16,2,736077599457026048,7523,Trevor Lawrence,QB,0,1,1
2026,16,2,736077599457026048,7569,Nico Collins,WR,0,1,1
2026,16,2,736077599457026048,7588,Javonte Williams,RB,0,1,1
2026,16,2,736077599457026048,8167,Christian Watson,WR,0,1,1
2026,16,2,736077599457026048,9224,Chase Brown,RB,0,1,1
2026,16,2,736077599457026048,9487,Parker Washington,WR,0,0,1
2026,16,2,736077599457026048,9509,Bijan Robinson,RB,0,1,1
2026,16,2,736077599457026048,9754,Quentin Johnston,WR,0,0,1
2026,16,2,736077599457026048,KC,Kansas City Chiefs,DEF,0,1,1
2026,16,3,737091087440674816,11435,Emanuel Wilson,RB,0,1,1
2026,16,3,737091087440674816,11564,Drake Maye,QB,0,1,1
2026,16,3,737091087440674816,11581,MarShawn Lloyd,RB,0,0,1
2026,16,3,737091087440674816,12015,Harrison Mevis,K,0,1,1
2026,16,3,737091087440674816,12518,Tyler Warren,TE,0,1,1
2026,16,3,737091087440674816,12526,Tetairoa McMillan,WR,0,1,1
2026,16,3,737091087440674816,4035,Alvin Kamara,RB,0,1,1
2026,16,3,737091087440674816,4943,Sam Darnold,QB,0,1,1
2026,16,3,737091087440674816,5850,Josh Jacobs,RB,0,0,1
2026,16,3,737091087440674816,6786,CeeDee Lamb,WR,0,1,1
2026,16,3,737091087440674816,7021,Rico Dowdle,RB,0,0,1
2026,16,3,737091087440674816,7528,Najee Harris,RB,0,0,1
2026,16,3,737091087440674816,8142,Alec Pierce,WR,0,0,1
2026,16,3,737091087440674816,8146,Garrett Wilson,WR,0,1,1
2026,16,3,737091087440674816,8155,Breece Hall,RB,0,0,1
2026,16,3,737091087440674816,9508,Tyjae Spears,RB,0,0,1
2026,16,3,737091087440674816,SEA,Seattle Seahawks,DEF,0,1,1
2026,16,4,736744257179770880,10859,Sam LaPorta,TE,0,1,1
2026,16,4,736744257179770880,12481,Cam Skattebo,RB,0,1,1
2026,16,4,736744257179770880,12545,Tyler Shough,QB,0,1,1
2026,16,4,736744257179770880,13269,Fernando Mendoza,QB,0,0,1
2026,16,4,736744257179770880,13276,Omar Cooper,WR,0,0,1
2026,16,4,736744257179770880,13279,Carnell Tate,WR,0,1,1
2026,16,4,736744257179770880,13287,Jeremiyah Love,RB,0,1,1
2026,16,4,736744257179770880,1479,Keenan Allen,WR,0,0,1
2026,16,4,736744257179770880,2747,Jason Myers,K,0,1,1
2026,16,4,736744257179770880,421,Matthew Stafford,QB,0,1,1
2026,16,4,736744257179770880,7049,Jauan Jennings,WR,0,0,1
2026,16,4,736744257179770880,7525,DeVonta Smith,WR,0,0,1
2026,16,4,736744257179770880,8110,Jake Ferguson,TE,0,0,1
2026,16,4,736744257179770880,8138,James Cook,RB,0,1,1
2026,16,4,736744257179770880,8180,Jalen Nailor,WR,0,0,1
2026,16,4,736744257179770880,9493,Puka Nacua,WR,0,1,1
2026,16,4,736744257179770880,GB,Green Bay Packers,DEF,0,1,1
2026,16,5,716698629934481408,11628,Marvin Harrison,WR,0,0,1
2026,16,5,716698629934481408,11834,Devaughn Vele,WR,0,1,1
2026,16,5,716698629934481408,12495,Ollie Gordon,RB,0,1,1
2026,16,5,716698629934481408,12522,Cam Ward,QB,0,0,1
2026,16,5,716698629934481408,12533,Jacory Croskey-Merritt,RB,0,0,1
2026,16,5,716698629934481408,13294,Makai Lemon,WR,0,0,1
2026,16,5,716698629934481408,2449,Stefon Diggs,WR,0,1,1
2026,16,5,716698629934481408,3198,Derrick Henry,RB,0,1,1
2026,16,5,716698629934481408,4217,George Kittle,TE,0,1,1
2026,16,5,716698629934481408,4983,DJ Moore,WR,0,1,1
2026,16,5,716698629934481408,6770,Joe Burrow,QB,0,1,1
2026,16,5,716698629934481408,7839,Evan McPherson,K,0,1,1
2026,16,5,716698629934481408,8126,Wan'Dale Robinson,WR,0,0,1
2026,16,5,716698629934481408,8183,Brock Purdy,QB,0,1,1
2026,16,5,716698629934481408,8676,Rashid Shaheed,WR,0,0,1
2026,16,5,716698629934481408,CLE,Cleveland Browns,DEF,0,1,1
2026,16,6,736740647758938112,10213,Tre Tucker,WR,0,0,1
2026,16,6,736740647758938112,10232,Michael Wilson,WR,0,1,1
2026,16,6,736740647758938112,11610,Malik Washington,WR,0,0,1
2026,16,6,736740647758938112,11632,Malik Nabers,WR,0,1,1
2026,16,6,736740647758938112,2505,Darren Waller,TE,0,1,1
2026,16,6,736740647758938112,3214,Hunter Henry,TE,0,0,1
2026,16,6,736740647758938112,4034,Christian McCaffrey,RB,0,1,1
2026,16,6,736740647758938112,4046,Patrick Mahomes,QB,0,1,1
2026,16,6,736740647758938112,5849,Kyler Murray,QB,0,1,1
2026,16,6,736740647758938112,5870,Daniel Jones,QB,0,0,1
2026,16,6,736740647758938112,6083,Matt Gay,K,0,1,1
2026,16,6,736740647758938112,6790,D'Andre Swift,RB,0,1,1
2026,16,6,736740647758938112,6813,Jonathan Taylor,RB,0,1,1
2026,16,6,736740647758938112,8148,Jameson Williams,WR,0,0,1
2026,16,6,736740647758938112,9756,Jordan Addison,WR,0,0,1
2026,16,6,736740647758938112,HOU,Houston Texans,DEF,0,1,1
2026,16,7,735974647736213504,10236,Dalton Kincaid,TE,0,1,1
2026,16,7,735974647736213504,11576,Braelon Allen,RB,0,1,1
2026,16,7,735974647736213504,11625,Adonai Mitchell,WR,0,0,1
2026,16,7,735974647736213504,11635,Ladd McConkey,WR,0,1,1
2026,16,7,735974647736213504,11792,Will Reichard,K,0,1,1
2026,16,7,735974647736213504,12512,Quinshon Judkins,RB,0,1,1
2026,16,7,735974647736213504,13281,Jordyn Tyson,WR,0,0,1
2026,16,7,735974647736213504,13286,Jadarian Price,RB,0,0,1
2026,16,7,735974647736213504,2216,Mike Evans,WR,0,1,1
2026,16,7,735974647736213504,2307,Marcus Mariota,QB,0,1,1
2026,16,7,735974647736213504,4984,Josh Allen,QB,0,1,1
2026,16,7,735974647736213504,5859,A.J. Brown,WR,0,0,1
2026,16,7,735974647736213504,5967,Tony Pollard,RB,0,0,1
2026,16,7,735974647736213504,6904,Jalen Hurts,QB,0,0,1
2026,16,7,735974647736213504,7571,Rashod Bateman,WR,0,0,1
2026,16,7,735974647736213504,7611,Rhamondre Stevenson,RB,0,1,1
2026,16,7,735974647736213504,BUF,Buffalo Bills,DEF,0,1,1
2026,16,8,736803054736822272,11563,Bo Nix,QB,0,1,1
2026,16,8,736803054736822272,11786,Cam Little,K,0,1,1
2026,16,8,736803054736822272,12474,Woody Marks,RB,0,0,1
2026,16,8,736803054736822272,12489,RJ Harvey,RB,0,1,1
2026,16,8,736803054736822272,12501,Matthew Golden,WR,0,1,1
2026,16,8,736803054736822272,12519,Luther Burden,WR,0,0,1
2026,16,8,736803054736822272,4866,Saquon Barkley,RB,0,1,1
2026,16,8,736803054736822272,5045,Courtland Sutton,WR,0,0,1
2026,16,8,736803054736822272,6804,Jordan Love,QB,0,1,1
2026,16,8,736803054736822272,7002,Juwan Johnson,TE,0,1,1
2026,16,8,736803054736822272,8136,Rachaad White,RB,0,0,1
2026,16,8,736803054736822272,8137,George Pickens,WR,0,1,1
2026,16,8,736803054736822272,9484,Tucker Kraft,TE,0,0,1
2026,16,8,736803054736822272,9486,Dontayvion Wicks,WR,0,0,1
2026,16,8,736803054736822272,9488,Jaxon Smith-Njigba,WR,0,1,1
2026,16,8,736803054736822272,LAR,Los Angeles Rams,DEF,0,1,1
2026,16,9,710284244835979264,11604,Brock Bowers,TE,0,1,1
2026,16,9,710284244835979264,11620,Rome Odunze,WR,0,0,1
2026,16,9,710284244835979264,12514,Emeka Egbuka,WR,0,1,1
2026,16,9,710284244835979264,12711,Tyler Loop,K,0,1,1
2026,16,9,710284244835979264,13298,KC Concepcion,WR,0,0,1
2026,16,9,710284244835979264,13330,Kenyon Sadiq,TE,0,0,1
2026,16,9,710284244835979264,3294,Dak Prescott,QB,0,1,1
2026,16,9,710284244835979264,3634,Kalif Raymond,WR,0,1,1
2026,16,9,710284244835979264,4892,Baker Mayfield,QB,0,0,1
2026,16,9,710284244835979264,5872,Deebo Samuel,WR,0,0,1
2026,16,9,710284244835979264,5892,David Montgomery,RB,0,1,1
2026,16,9,710284244835979264,6806,J.K. Dobbins,RB,0,1,1
2026,16,9,710284244835979264,7564,Ja'Marr Chase,WR,0,1,1
2026,16,9,710284244835979264,8408,Jordan Mason,RB,0,0,1
2026,16,9,710284244835979264,96,Aaron Rodgers,QB,0,1,1
2026,16,9,710284244835979264,ARI,Arizona Cardinals,DEF,0,1,1
2026,16,9,710284244835979264,PHI,Philadelphia Eagles,DEF,0,0,1
2026,16,10,475399371639222272,11560,Caleb Williams,QB,0,0,1
2026,16,10,475399371639222272,11583,Jonathon Brooks,RB,0,0,1
2026,16,10,475399371639222272,11646,Jalen Coker,WR,0,0,1
2026,16,10,475399371639222272,1166,Kirk Cousins,QB,0,1,1
2026,16,10,475399371639222272,12517,Colston Loveland,TE,0,1,1
2026,16,10,475399371639222272,12529,TreVeyon Henderson,RB,0,1,1
2026,16,10,475399371639222272,13414,Kaelon Black,RB,0,0,1
2026,16,10,475399371639222272,2133,Davante Adams,WR,0,1,1
2026,16,10,475399371639222272,4037,Chris Godwin,WR,0,0,1
2026,16,10,475399371639222272,4199,Aaron Jones,RB,0,1,1
2026,16,10,475399371639222272,5189,Eddy Pineiro,K,0,1,1
2026,16,10,475399371639222272,5846,DK Metcalf,WR,0,0,1
2026,16,10,475399371639222272,6794,Justin Jefferson,WR,0,0,1
2026,16,10,475399371639222272,8121,Romeo Doubs,WR,0,1,1
2026,16,10,475399371639222272,8150,Kyren Williams,RB,0,1,1
2026,16,10,475399371639222272,8161,Malik Willis,QB,0,1,1
2026,16,10,475399371639222272,BAL,Baltimore Ravens,DEF,0,1,1
2026,16,11,865793938542456832,10229,Rashee Rice,WR,0,1,1
2026,16,11,865793938542456832,11624,Xavier Worthy,WR,0,0,1
2026,16,11,865793938542456832,12506,Harold Fannin,TE,0,1,1
2026,16,11,865793938542456832,12527,Ashton Jeanty,RB,0,1,1
2026,16,11,865793938542456832,1373,Geno Smith,QB,0,0,1
2026,16,11,865793938542456832,1466,Travis Kelce,TE,0,0,1
2026,16,11,865793938542456832,1945,Chris Boswell,K,0,1,1
2026,16,11,865793938542456832,4177,Mack Hollins,WR,0,0,1
2026,16,11,865793938542456832,5001,Dalton Schultz,TE,0,0,1
2026,16,11,865793938542456832,5947,Jakobi Meyers,WR,0,0,1
2026,16,11,865793938542456832,6801,Tee Higgins,WR,0,1,1
2026,16,11,865793938542456832,7543,Travis Etienne,RB,0,0,1
2026,16,11,865793938542456832,7547,Amon-Ra St. Brown,WR,0,1,1
2026,16,11,865793938542456832,8151,Kenneth Walker,RB,0,1,1
2026,16,11,865793938542456832,9228,Bryce Young,QB,0,1,1
2026,16,11,865793938542456832,9758,C.J. Stroud,QB,0,1,1
2026,16,11,865793938542456832,MIN,Minnesota Vikings,DEF,0,1,1
2026,16,12,1136842855890366464,11559,Michael Penix,QB,0,1,1
2026,16,12,1136842855890366464,11566,Jayden Daniels,QB,0,0,1
2026,16,12,1136842855890366464,11584,Bucky Irving,RB,0,1,1
2026,16,12,1136842855890366464,12507,Omarion Hampton,RB,0,1,1
2026,16,12,1136842855890366464,12534,Kyle Monangai,RB,0,0,1
2026,16,12,1136842855890366464,13346,Denzel Boston,WR,0,0,1
2026,16,12,1136842855890366464,4881,Lamar Jackson,QB,0,1,1
2026,16,12,1136842855890366464,5022,Dallas Goedert,TE,0,0,1
2026,16,12,1136842855890366464,6650,Chase McLaughlin,K,0,1,1
2026,16,12,1136842855890366464,8112,Drake London,WR,0,1,1
2026,16,12,1136842855890366464,8131,Isaiah Likely,TE,0,1,1
2026,16,12,1136842855890366464,8134,Khalil Shakir,WR,0,0,1
2026,16,12,1136842855890366464,8144,Chris Olave,WR,0,1,1
2026,16,12,1136842855890366464,8228,Jaylen Warren,RB,0,1,1
2026,16,12,1136842855890366464,9480,Brenton Strange,TE,0,0,1
2026,16,12,1136842855890366464,PIT,Pittsburgh Steelers,DEF,0,1,1
2026,17,1,608781531883859968,11533,Brandon Aubrey,K,0,1,1
2026,17,1,608781531883859968,11586,Blake Corum,RB,0,0,1
2026,17,1,608781531883859968,11631,Brian Thomas,WR,0,0,1
2026,17,1,608781531883859968,12490,Bhayshul Tuten,RB,0,0,1
2026,17,1,608781531883859968,13337,Emmett Johnson,RB,0,0,1
2026,17,1,608781531883859968,2306,Jameis Winston,QB,0,1,1
2026,17,1,608781531883859968,3257,Jacoby Brissett,QB,0,1,1
2026,17,1,608781531883859968,3321,Tyreek Hill,WR,0,0,1
2026,17,1,608781531883859968,6797,Justin Herbert,QB,0,0,1
2026,17,1,608781531883859968,7526,Jaylen Waddle,WR,0,1,1
2026,17,1,608781531883859968,7594,Chuba Hubbard,RB,0,1,1
2026,17,1,608781531883859968,8130,Trey McBride,TE,0,1,1
2026,17,1,608781531883859968,9221,Jahmyr Gibbs,RB,0,1,1
2026,17,1,608781531883859968,9500,Josh Downs,WR,0,1,1
2026,17,1,608781531883859968,9753,Zach Charbonnet,RB,0,0,1
2026,17,1,608781531883859968,9997,Zay Flowers,WR,0,1,1
2026,17,1,608781531883859968,CHI,Chicago Bears,DEF,0,1,1
2026,17,2,736077599457026048,11643,Jaylen Wright,RB,0,0,1
2026,17,2,736077599457026048,12185,Spencer Shrader,K,0,1,1
2026,17,2,736077599457026048,13345,Jonah Coleman,RB,0,0,1
2026,17,2,736077599457026048,3163,Jared Goff,QB,0,1,1
2026,17,2,736077599457026048,3271,Tyler Higbee,TE,0,0,1
2026,17,2,736077599457026048,4017,Deshaun Watson,QB,0,0,1
2026,17,2,736077599457026048,5012,Mark Andrews,TE,0,1,1
2026,17,2,736077599457026048,5927,Terry McLaurin,WR,0,0,1
2026,17,2,736077599457026048,7523,Trevor Lawrence,QB,0,1,1
2026,17,2,736077599457026048,7569,Nico Collins,WR,0,1,1
2026,17,2,736077599457026048,7588,Javonte Williams,RB,0,1,1
2026,17,2,736077599457026048,8167,Christian Watson,WR,0,1,1
2026,17,2,736077599457026048,9224,Chase Brown,RB,0,1,1
2026,17,2,736077599457026048,9487,Parker Washington,WR,0,0,1
2026,17,2,736077599457026048,9509,Bijan Robinson,RB,0,1,1
2026,17,2,736077599457026048,9754,Quentin Johnston,WR,0,0,1
2026,17,2,736077599457026048,KC,Kansas City Chiefs,DEF,0,1,1
2026,17,3,737091087440674816,11435,Emanuel Wilson,RB,0,1,1
2026,17,3,737091087440674816,11564,Drake Maye,QB,0,1,1
2026,17,3,737091087440674816,11581,MarShawn Lloyd,RB,0,0,1
2026,17,3,737091087440674816,12015,Harrison Mevis,K,0,1,1
2026,17,3,737091087440674816,12518,Tyler Warren,TE,0,1,1
2026,17,3,737091087440674816,12526,Tetairoa McMillan,WR,0,1,1
2026,17,3,737091087440674816,4035,Alvin Kamara,RB,0,1,1
2026,17,3,737091087440674816,4943,Sam Darnold,QB,0,1,1
2026,17,3,737091087440674816,5850,Josh Jacobs,RB,0,0,1
2026,17,3,737091087440674816,6786,CeeDee Lamb,WR,0,1,1
2026,17,3,737091087440674816,7021,Rico Dowdle,RB,0,0,1
2026,17,3,737091087440674816,7528,Najee Harris,RB,0,0,1
2026,17,3,737091087440674816,8142,Alec Pierce,WR,0,0,1
2026,17,3,737091087440674816,8146,Garrett Wilson,WR,0,1,1
2026,17,3,737091087440674816,8155,Breece Hall,RB,0,0,1
2026,17,3,737091087440674816,9508,Tyjae Spears,RB,0,0,1
2026,17,3,737091087440674816,SEA,Seattle Seahawks,DEF,0,1,1
2026,17,4,736744257179770880,10859,Sam LaPorta,TE,0,1,1
2026,17,4,736744257179770880,12481,Cam Skattebo,RB,0,1,1
2026,17,4,736744257179770880,12545,Tyler Shough,QB,0,1,1
2026,17,4,736744257179770880,13269,Fernando Mendoza,QB,0,0,1
2026,17,4,736744257179770880,13276,Omar Cooper,WR,0,0,1
2026,17,4,736744257179770880,13279,Carnell Tate,WR,0,1,1
2026,17,4,736744257179770880,13287,Jeremiyah Love,RB,0,1,1
2026,17,4,736744257179770880,1479,Keenan Allen,WR,0,0,1
2026,17,4,736744257179770880,2747,Jason Myers,K,0,1,1
2026,17,4,736744257179770880,421,Matthew Stafford,QB,0,1,1
2026,17,4,736744257179770880,7049,Jauan Jennings,WR,0,0,1
2026,17,4,736744257179770880,7525,DeVonta Smith,WR,0,0,1
2026,17,4,736744257179770880,8110,Jake Ferguson,TE,0,0,1
2026,17,4,736744257179770880,8138,James Cook,RB,0,1,1
2026,17,4,736744257179770880,8180,Jalen Nailor,WR,0,0,1
2026,17,4,736744257179770880,9493,Puka Nacua,WR,0,1,1
2026,17,4,736744257179770880,GB,Green Bay Packers,DEF,0,1,1
2026,17,5,716698629934481408,11628,Marvin Harrison,WR,0,0,1
2026,17,5,716698629934481408,11834,Devaughn Vele,WR,0,1,1
2026,17,5,716698629934481408,12495,Ollie Gordon,RB,0,1,1
2026,17,5,716698629934481408,12522,Cam Ward,QB,0,0,1
2026,17,5,716698629934481408,12533,Jacory Croskey-Merritt,RB,0,0,1
2026,17,5,716698629934481408,13294,Makai Lemon,WR,0,0,1
2026,17,5,716698629934481408,2449,Stefon Diggs,WR,0,1,1
2026,17,5,716698629934481408,3198,Derrick Henry,RB,0,1,1
2026,17,5,716698629934481408,4217,George Kittle,TE,0,1,1
2026,17,5,716698629934481408,4983,DJ Moore,WR,0,1,1
2026,17,5,716698629934481408,6770,Joe Burrow,QB,0,1,1
2026,17,5,716698629934481408,7839,Evan McPherson,K,0,1,1
2026,17,5,716698629934481408,8126,Wan'Dale Robinson,WR,0,0,1
2026,17,5,716698629934481408,8183,Brock Purdy,QB,0,1,1
2026,17,5,716698629934481408,8676,Rashid Shaheed,WR,0,0,1
2026,17,5,716698629934481408,CLE,Cleveland Browns,DEF,0,1,1
2026,17,6,736740647758938112,10213,Tre Tucker,WR,0,0,1
2026,17,6,736740647758938112,10232,Michael Wilson,WR,0,1,1
2026,17,6,736740647758938112,11610,Malik Washington,WR,0,0,1
2026,17,6,736740647758938112,11632,Malik Nabers,WR,0,1,1
2026,17,6,736740647758938112,2505,Darren Waller,TE,0,1,1
2026,17,6,736740647758938112,3214,Hunter Henry,TE,0,0,1
2026,17,6,736740647758938112,4034,Christian McCaffrey,RB,0,1,1
2026,17,6,736740647758938112,4046,Patrick Mahomes,QB,0,1,1
2026,17,6,736740647758938112,5849,Kyler Murray,QB,0,1,1
2026,17,6,736740647758938112,5870,Daniel Jones,QB,0,0,1
2026,17,6,736740647758938112,6083,Matt Gay,K,0,1,1
2026,17,6,736740647758938112,6790,D'Andre Swift,RB,0,1,1
2026,17,6,736740647758938112,6813,Jonathan Taylor,RB,0,1,1
2026,17,6,736740647758938112,8148,Jameson Williams,WR,0,0,1
2026,17,6,736740647758938112,9756,Jordan Addison,WR,0,0,1
2026,17,6,736740647758938112,HOU,Houston Texans,DEF,0,1,1
2026,17,7,735974647736213504,10236,Dalton Kincaid,TE,0,1,1
2026,17,7,735974647736213504,11576,Braelon Allen,RB,0,1,1
2026,17,7,735974647736213504,11625,Adonai Mitchell,WR,0,0,1
2026,17,7,735974647736213504,11635,Ladd McConkey,WR,0,1,1
2026,17,7,735974647736213504,11792,Will Reichard,K,0,1,1
2026,17,7,735974647736213504,12512,Quinshon Judkins,RB,0,1,1
2026,17,7,735974647736213504,13281,Jordyn Tyson,WR,0,0,1
2026,17,7,735974647736213504,13286,Jadarian Price,RB,0,0,1
2026,17,7,735974647736213504,2216,Mike Evans,WR,0,1,1
2026,17,7,735974647736213504,2307,Marcus Mariota,QB,0,1,1
2026,17,7,735974647736213504,4984,Josh Allen,QB,0,1,1
2026,17,7,735974647736213504,5859,A.J. Brown,WR,0,0,1
2026,17,7,735974647736213504,5967,Tony Pollard,RB,0,0,1
2026,17,7,735974647736213504,6904,Jalen Hurts,QB,0,0,1
2026,17,7,735974647736213504,7571,Rashod Bateman,WR,0,0,1
2026,17,7,735974647736213504,7611,Rhamondre Stevenson,RB,0,1,1
2026,17,7,735974647736213504,BUF,Buffalo Bills,DEF,0,1,1
2026,17,8,736803054736822272,11563,Bo Nix,QB,0,1,1
2026,17,8,736803054736822272,11786,Cam Little,K,0,1,1
2026,17,8,736803054736822272,12474,Woody Marks,RB,0,0,1
2026,17,8,736803054736822272,12489,RJ Harvey,RB,0,1,1
2026,17,8,736803054736822272,12501,Matthew Golden,WR,0,1,1
2026,17,8,736803054736822272,12519,Luther Burden,WR,0,0,1
2026,17,8,736803054736822272,4866,Saquon Barkley,RB,0,1,1
2026,17,8,736803054736822272,5045,Courtland Sutton,WR,0,0,1
2026,17,8,736803054736822272,6804,Jordan Love,QB,0,1,1
2026,17,8,736803054736822272,7002,Juwan Johnson,TE,0,1,1
2026,17,8,736803054736822272,8136,Rachaad White,RB,0,0,1
2026,17,8,736803054736822272,8137,George Pickens,WR,0,1,1
2026,17,8,736803054736822272,9484,Tucker Kraft,TE,0,0,1
2026,17,8,736803054736822272,9486,Dontayvion Wicks,WR,0,0,1
2026,17,8,736803054736822272,9488,Jaxon Smith-Njigba,WR,0,1,1
2026,17,8,736803054736822272,LAR,Los Angeles Rams,DEF,0,1,1
2026,17,9,710284244835979264,11604,Brock Bowers,TE,0,1,1
2026,17,9,710284244835979264,11620,Rome Odunze,WR,0,0,1
2026,17,9,710284244835979264,12514,Emeka Egbuka,WR,0,1,1
2026,17,9,710284244835979264,12711,Tyler Loop,K,0,1,1
2026,17,9,710284244835979264,13298,KC Concepcion,WR,0,0,1
2026,17,9,710284244835979264,13330,Kenyon Sadiq,TE,0,0,1
2026,17,9,710284244835979264,3294,Dak Prescott,QB,0,1,1
2026,17,9,710284244835979264,3634,Kalif Raymond,WR,0,1,1
2026,17,9,710284244835979264,4892,Baker Mayfield,QB,0,0,1
2026,17,9,710284244835979264,5872,Deebo Samuel,WR,0,0,1
2026,17,9,710284244835979264,5892,David Montgomery,RB,0,1,1
2026,17,9,710284244835979264,6806,J.K. Dobbins,RB,0,1,1
2026,17,9,710284244835979264,7564,Ja'Marr Chase,WR,0,1,1
2026,17,9,710284244835979264,8408,Jordan Mason,RB,0,0,1
2026,17,9,710284244835979264,96,Aaron Rodgers,QB,0,1,1
2026,17,9,710284244835979264,ARI,Arizona Cardinals,DEF,0,1,1
2026,17,9,710284244835979264,PHI,Philadelphia Eagles,DEF,0,0,1
2026,17,10,475399371639222272,11560,Caleb Williams,QB,0,0,1
2026,17,10,475399371639222272,11583,Jonathon Brooks,RB,0,0,1
2026,17,10,475399371639222272,11646,Jalen Coker,WR,0,0,1
2026,17,10,475399371639222272,1166,Kirk Cousins,QB,0,1,1
2026,17,10,475399371639222272,12517,Colston Loveland,TE,0,1,1
2026,17,10,475399371639222272,12529,TreVeyon Henderson,RB,0,1,1
2026,17,10,475399371639222272,13414,Kaelon Black,RB,0,0,1
2026,17,10,475399371639222272,2133,Davante Adams,WR,0,1,1
2026,17,10,475399371639222272,4037,Chris Godwin,WR,0,0,1
2026,17,10,475399371639222272,4199,Aaron Jones,RB,0,1,1
2026,17,10,475399371639222272,5189,Eddy Pineiro,K,0,1,1
2026,17,10,475399371639222272,5846,DK Metcalf,WR,0,0,1
2026,17,10,475399371639222272,6794,Justin Jefferson,WR,0,0,1
2026,17,10,475399371639222272,8121,Romeo Doubs,WR,0,1,1
2026,17,10,475399371639222272,8150,Kyren Williams,RB,0,1,1
2026,17,10,475399371639222272,8161,Malik Willis,QB,0,1,1
2026,17,10,475399371639222272,BAL,Baltimore Ravens,DEF,0,1,1
2026,17,11,865793938542456832,10229,Rashee Rice,WR,0,1,1
2026,17,11,865793938542456832,11624,Xavier Worthy,WR,0,0,1
2026,17,11,865793938542456832,12506,Harold Fannin,TE,0,1,1
2026,17,11,865793938542456832,12527,Ashton Jeanty,RB,0,1,1
2026,17,11,865793938542456832,1373,Geno Smith,QB,0,0,1
2026,17,11,865793938542456832,1466,Travis Kelce,TE,0,0,1
2026,17,11,865793938542456832,1945,Chris Boswell,K,0,1,1
2026,17,11,865793938542456832,4177,Mack Hollins,WR,0,0,1
2026,17,11,865793938542456832,5001,Dalton Schultz,TE,0,0,1
2026,17,11,865793938542456832,5947,Jakobi Meyers,WR,0,0,1
2026,17,11,865793938542456832,6801,Tee Higgins,WR,0,1,1
2026,17,11,865793938542456832,7543,Travis Etienne,RB,0,0,1
2026,17,11,865793938542456832,7547,Amon-Ra St. Brown,WR,0,1,1
2026,17,11,865793938542456832,8151,Kenneth Walker,RB,0,1,1
2026,17,11,865793938542456832,9228,Bryce Young,QB,0,1,1
2026,17,11,865793938542456832,9758,C.J. Stroud,QB,0,1,1
2026,17,11,865793938542456832,MIN,Minnesota Vikings,DEF,0,1,1
2026,17,12,1136842855890366464,11559,Michael Penix,QB,0,1,1
2026,17,12,1136842855890366464,11566,Jayden Daniels,QB,0,0,1
2026,17,12,1136842855890366464,11584,Bucky Irving,RB,0,1,1
2026,17,12,1136842855890366464,12507,Omarion Hampton,RB,0,1,1
2026,17,12,1136842855890366464,12534,Kyle Monangai,RB,0,0,1
2026,17,12,1136842855890366464,13346,Denzel Boston,WR,0,0,1
2026,17,12,1136842855890366464,4881,Lamar Jackson,QB,0,1,1
2026,17,12,1136842855890366464,5022,Dallas Goedert,TE,0,0,1
2026,17,12,1136842855890366464,6650,Chase McLaughlin,K,0,1,1
2026,17,12,1136842855890366464,8112,Drake London,WR,0,1,1
2026,17,12,1136842855890366464,8131,Isaiah Likely,TE,0,1,1
2026,17,12,1136842855890366464,8134,Khalil Shakir,WR,0,0,1
2026,17,12,1136842855890366464,8144,Chris Olave,WR,0,1,1
2026,17,12,1136842855890366464,8228,Jaylen Warren,RB,0,1,1
2026,17,12,1136842855890366464,9480,Brenton Strange,TE,0,0,1
2026,17,12,1136842855890366464,PIT,Pittsburgh Steelers,DEF,0,1,1
2026,18,1,608781531883859968,11533,Brandon Aubrey,K,0,1,1
2026,18,1,608781531883859968,11586,Blake Corum,RB,0,0,1
2026,18,1,608781531883859968,11631,Brian Thomas,WR,0,0,1
2026,18,1,608781531883859968,12490,Bhayshul Tuten,RB,0,0,1
2026,18,1,608781531883859968,13337,Emmett Johnson,RB,0,0,1
2026,18,1,608781531883859968,2306,Jameis Winston,QB,0,1,1
2026,18,1,608781531883859968,3257,Jacoby Brissett,QB,0,1,1
2026,18,1,608781531883859968,3321,Tyreek Hill,WR,0,0,1
2026,18,1,608781531883859968,6797,Justin Herbert,QB,0,0,1
2026,18,1,608781531883859968,7526,Jaylen Waddle,WR,0,1,1
2026,18,1,608781531883859968,7594,Chuba Hubbard,RB,0,1,1
2026,18,1,608781531883859968,8130,Trey McBride,TE,0,1,1
2026,18,1,608781531883859968,9221,Jahmyr Gibbs,RB,0,1,1
2026,18,1,608781531883859968,9500,Josh Downs,WR,0,1,1
2026,18,1,608781531883859968,9753,Zach Charbonnet,RB,0,0,1
2026,18,1,608781531883859968,9997,Zay Flowers,WR,0,1,1
2026,18,1,608781531883859968,CHI,Chicago Bears,DEF,0,1,1
2026,18,2,736077599457026048,11643,Jaylen Wright,RB,0,0,1
2026,18,2,736077599457026048,12185,Spencer Shrader,K,0,1,1
2026,18,2,736077599457026048,13345,Jonah Coleman,RB,0,0,1
2026,18,2,736077599457026048,3163,Jared Goff,QB,0,1,1
2026,18,2,736077599457026048,3271,Tyler Higbee,TE,0,0,1
2026,18,2,736077599457026048,4017,Deshaun Watson,QB,0,0,1
2026,18,2,736077599457026048,5012,Mark Andrews,TE,0,1,1
2026,18,2,736077599457026048,5927,Terry McLaurin,WR,0,0,1
2026,18,2,736077599457026048,7523,Trevor Lawrence,QB,0,1,1
2026,18,2,736077599457026048,7569,Nico Collins,WR,0,1,1
2026,18,2,736077599457026048,7588,Javonte Williams,RB,0,1,1
2026,18,2,736077599457026048,8167,Christian Watson,WR,0,1,1
2026,18,2,736077599457026048,9224,Chase Brown,RB,0,1,1
2026,18,2,736077599457026048,9487,Parker Washington,WR,0,0,1
2026,18,2,736077599457026048,9509,Bijan Robinson,RB,0,1,1
2026,18,2,736077599457026048,9754,Quentin Johnston,WR,0,0,1
2026,18,2,736077599457026048,KC,Kansas City Chiefs,DEF,0,1,1
2026,18,3,737091087440674816,11435,Emanuel Wilson,RB,0,1,1
2026,18,3,737091087440674816,11564,Drake Maye,QB,0,1,1
2026,18,3,737091087440674816,11581,MarShawn Lloyd,RB,0,0,1
2026,18,3,737091087440674816,12015,Harrison Mevis,K,0,1,1
2026,18,3,737091087440674816,12518,Tyler Warren,TE,0,1,1
2026,18,3,737091087440674816,12526,Tetairoa McMillan,WR,0,1,1
2026,18,3,737091087440674816,4035,Alvin Kamara,RB,0,1,1
2026,18,3,737091087440674816,4943,Sam Darnold,QB,0,1,1
2026,18,3,737091087440674816,5850,Josh Jacobs,RB,0,0,1
2026,18,3,737091087440674816,6786,CeeDee Lamb,WR,0,1,1
2026,18,3,737091087440674816,7021,Rico Dowdle,RB,0,0,1
2026,18,3,737091087440674816,7528,Najee Harris,RB,0,0,1
2026,18,3,737091087440674816,8142,Alec Pierce,WR,0,0,1
2026,18,3,737091087440674816,8146,Garrett Wilson,WR,0,1,1
2026,18,3,737091087440674816,8155,Breece Hall,RB,0,0,1
2026,18,3,737091087440674816,9508,Tyjae Spears,RB,0,0,1
2026,18,3,737091087440674816,SEA,Seattle Seahawks,DEF,0,1,1
2026,18,4,736744257179770880,10859,Sam LaPorta,TE,0,1,1
2026,18,4,736744257179770880,12481,Cam Skattebo,RB,0,1,1
2026,18,4,736744257179770880,12545,Tyler Shough,QB,0,1,1
2026,18,4,736744257179770880,13269,Fernando Mendoza,QB,0,0,1
2026,18,4,736744257179770880,13276,Omar Cooper,WR,0,0,1
2026,18,4,736744257179770880,13279,Carnell Tate,WR,0,1,1
2026,18,4,736744257179770880,13287,Jeremiyah Love,RB,0,1,1
2026,18,4,736744257179770880,1479,Keenan Allen,WR,0,0,1
2026,18,4,736744257179770880,2747,Jason Myers,K,0,1,1
2026,18,4,736744257179770880,421,Matthew Stafford,QB,0,1,1
2026,18,4,736744257179770880,7049,Jauan Jennings,WR,0,0,1
2026,18,4,736744257179770880,7525,DeVonta Smith,WR,0,0,1
2026,18,4,736744257179770880,8110,Jake Ferguson,TE,0,0,1
2026,18,4,736744257179770880,8138,James Cook,RB,0,1,1
2026,18,4,736744257179770880,8180,Jalen Nailor,WR,0,0,1
2026,18,4,736744257179770880,9493,Puka Nacua,WR,0,1,1
2026,18,4,736744257179770880,GB,Green Bay Packers,DEF,0,1,1
2026,18,5,716698629934481408,11628,Marvin Harrison,WR,0,0,1
2026,18,5,716698629934481408,11834,Devaughn Vele,WR,0,1,1
2026,18,5,716698629934481408,12495,Ollie Gordon,RB,0,1,1
2026,18,5,716698629934481408,12522,Cam Ward,QB,0,0,1
2026,18,5,716698629934481408,12533,Jacory Croskey-Merritt,RB,0,0,1
2026,18,5,716698629934481408,13294,Makai Lemon,WR,0,0,1
2026,18,5,716698629934481408,2449,Stefon Diggs,WR,0,1,1
2026,18,5,716698629934481408,3198,Derrick Henry,RB,0,1,1
2026,18,5,716698629934481408,4217,George Kittle,TE,0,1,1
2026,18,5,716698629934481408,4983,DJ Moore,WR,0,1,1
2026,18,5,716698629934481408,6770,Joe Burrow,QB,0,1,1
2026,18,5,716698629934481408,7839,Evan McPherson,K,0,1,1
2026,18,5,716698629934481408,8126,Wan'Dale Robinson,WR,0,0,1
2026,18,5,716698629934481408,8183,Brock Purdy,QB,0,1,1
2026,18,5,716698629934481408,8676,Rashid Shaheed,WR,0,0,1
2026,18,5,716698629934481408,CLE,Cleveland Browns,DEF,0,1,1
2026,18,6,736740647758938112,10213,Tre Tucker,WR,0,0,1
2026,18,6,736740647758938112,10232,Michael Wilson,WR,0,1,1
2026,18,6,736740647758938112,11610,Malik Washington,WR,0,0,1
2026,18,6,736740647758938112,11632,Malik Nabers,WR,0,1,1
2026,18,6,736740647758938112,2505,Darren Waller,TE,0,1,1
2026,18,6,736740647758938112,3214,Hunter Henry,TE,0,0,1
2026,18,6,736740647758938112,4034,Christian McCaffrey,RB,0,1,1
2026,18,6,736740647758938112,4046,Patrick Mahomes,QB,0,1,1
2026,18,6,736740647758938112,5849,Kyler Murray,QB,0,1,1
2026,18,6,736740647758938112,5870,Daniel Jones,QB,0,0,1
2026,18,6,736740647758938112,6083,Matt Gay,K,0,1,1
2026,18,6,736740647758938112,6790,D'Andre Swift,RB,0,1,1
2026,18,6,736740647758938112,6813,Jonathan Taylor,RB,0,1,1
2026,18,6,736740647758938112,8148,Jameson Williams,WR,0,0,1
2026,18,6,736740647758938112,9756,Jordan Addison,WR,0,0,1
2026,18,6,736740647758938112,HOU,Houston Texans,DEF,0,1,1
2026,18,7,735974647736213504,10236,Dalton Kincaid,TE,0,1,1
2026,18,7,735974647736213504,11576,Braelon Allen,RB,0,1,1
2026,18,7,735974647736213504,11625,Adonai Mitchell,WR,0,0,1
2026,18,7,735974647736213504,11635,Ladd McConkey,WR,0,1,1
2026,18,7,735974647736213504,11792,Will Reichard,K,0,1,1
2026,18,7,735974647736213504,12512,Quinshon Judkins,RB,0,1,1
2026,18,7,735974647736213504,13281,Jordyn Tyson,WR,0,0,1
2026,18,7,735974647736213504,13286,Jadarian Price,RB,0,0,1
2026,18,7,735974647736213504,2216,Mike Evans,WR,0,1,1
2026,18,7,735974647736213504,2307,Marcus Mariota,QB,0,1,1
2026,18,7,735974647736213504,4984,Josh Allen,QB,0,1,1
2026,18,7,735974647736213504,5859,A.J. Brown,WR,0,0,1
2026,18,7,735974647736213504,5967,Tony Pollard,RB,0,0,1
2026,18,7,735974647736213504,6904,Jalen Hurts,QB,0,0,1
2026,18,7,735974647736213504,7571,Rashod Bateman,WR,0,0,1
2026,18,7,735974647736213504,7611,Rhamondre Stevenson,RB,0,1,1
2026,18,7,735974647736213504,BUF,Buffalo Bills,DEF,0,1,1
2026,18,8,736803054736822272,11563,Bo Nix,QB,0,1,1
2026,18,8,736803054736822272,11786,Cam Little,K,0,1,1
2026,18,8,736803054736822272,12474,Woody Marks,RB,0,0,1
2026,18,8,736803054736822272,12489,RJ Harvey,RB,0,1,1
2026,18,8,736803054736822272,12501,Matthew Golden,WR,0,1,1
2026,18,8,736803054736822272,12519,Luther Burden,WR,0,0,1
2026,18,8,736803054736822272,4866,Saquon Barkley,RB,0,1,1
2026,18,8,736803054736822272,5045,Courtland Sutton,WR,0,0,1
2026,18,8,736803054736822272,6804,Jordan Love,QB,0,1,1
2026,18,8,736803054736822272,7002,Juwan Johnson,TE,0,1,1
2026,18,8,736803054736822272,8136,Rachaad White,RB,0,0,1
2026,18,8,736803054736822272,8137,George Pickens,WR,0,1,1
2026,18,8,736803054736822272,9484,Tucker Kraft,TE,0,0,1
2026,18,8,736803054736822272,9486,Dontayvion Wicks,WR,0,0,1
2026,18,8,736803054736822272,9488,Jaxon Smith-Njigba,WR,0,1,1
2026,18,8,736803054736822272,LAR,Los Angeles Rams,DEF,0,1,1
2026,18,9,710284244835979264,11604,Brock Bowers,TE,0,1,1
2026,18,9,710284244835979264,11620,Rome Odunze,WR,0,0,1
2026,18,9,710284244835979264,12514,Emeka Egbuka,WR,0,1,1
2026,18,9,710284244835979264,12711,Tyler Loop,K,0,1,1
2026,18,9,710284244835979264,13298,KC Concepcion,WR,0,0,1
2026,18,9,710284244835979264,13330,Kenyon Sadiq,TE,0,0,1
2026,18,9,710284244835979264,3294,Dak Prescott,QB,0,1,1
2026,18,9,710284244835979264,3634,Kalif Raymond,WR,0,1,1
2026,18,9,710284244835979264,4892,Baker Mayfield,QB,0,0,1
2026,18,9,710284244835979264,5872,Deebo Samuel,WR,0,0,1
2026,18,9,710284244835979264,5892,David Montgomery,RB,0,1,1
2026,18,9,710284244835979264,6806,J.K. Dobbins,RB,0,1,1
2026,18,9,710284244835979264,7564,Ja'Marr Chase,WR,0,1,1
2026,18,9,710284244835979264,8408,Jordan Mason,RB,0,0,1
2026,18,9,710284244835979264,96,Aaron Rodgers,QB,0,1,1
2026,18,9,710284244835979264,ARI,Arizona Cardinals,DEF,0,1,1
2026,18,9,710284244835979264,PHI,Philadelphia Eagles,DEF,0,0,1
2026,18,10,475399371639222272,11560,Caleb Williams,QB,0,0,1
2026,18,10,475399371639222272,11583,Jonathon Brooks,RB,0,0,1
2026,18,10,475399371639222272,11646,Jalen Coker,WR,0,0,1
2026,18,10,475399371639222272,1166,Kirk Cousins,QB,0,1,1
2026,18,10,475399371639222272,12517,Colston Loveland,TE,0,1,1
2026,18,10,475399371639222272,12529,TreVeyon Henderson,RB,0,1,1
2026,18,10,475399371639222272,13414,Kaelon Black,RB,0,0,1
2026,18,10,475399371639222272,2133,Davante Adams,WR,0,1,1
2026,18,10,475399371639222272,4037,Chris Godwin,WR,0,0,1
2026,18,10,475399371639222272,4199,Aaron Jones,RB,0,1,1
2026,18,10,475399371639222272,5189,Eddy Pineiro,K,0,1,1
2026,18,10,475399371639222272,5846,DK Metcalf,WR,0,0,1
2026,18,10,475399371639222272,6794,Justin Jefferson,WR,0,0,1
2026,18,10,475399371639222272,8121,Romeo Doubs,WR,0,1,1
2026,18,10,475399371639222272,8150,Kyren Williams,RB,0,1,1
2026,18,10,475399371639222272,8161,Malik Willis,QB,0,1,1
2026,18,10,475399371639222272,BAL,Baltimore Ravens,DEF,0,1,1
2026,18,11,865793938542456832,10229,Rashee Rice,WR,0,1,1
2026,18,11,865793938542456832,11624,Xavier Worthy,WR,0,0,1
2026,18,11,865793938542456832,12506,Harold Fannin,TE,0,1,1
2026,18,11,865793938542456832,12527,Ashton Jeanty,RB,0,1,1
2026,18,11,865793938542456832,1373,Geno Smith,QB,0,0,1
2026,18,11,865793938542456832,1466,Travis Kelce,TE,0,0,1
2026,18,11,865793938542456832,1945,Chris Boswell,K,0,1,1
2026,18,11,865793938542456832,4177,Mack Hollins,WR,0,0,1
2026,18,11,865793938542456832,5001,Dalton Schultz,TE,0,0,1
2026,18,11,865793938542456832,5947,Jakobi Meyers,WR,0,0,1
2026,18,11,865793938542456832,6801,Tee Higgins,WR,0,1,1
2026,18,11,865793938542456832,7543,Travis Etienne,RB,0,0,1
2026,18,11,865793938542456832,7547,Amon-Ra St. Brown,WR,0,1,1
2026,18,11,865793938542456832,8151,Kenneth Walker,RB,0,1,1
2026,18,11,865793938542456832,9228,Bryce Young,QB,0,1,1
2026,18,11,865793938542456832,9758,C.J. Stroud,QB,0,1,1
2026,18,11,865793938542456832,MIN,Minnesota Vikings,DEF,0,1,1
2026,18,12,1136842855890366464,11559,Michael Penix,QB,0,1,1
2026,18,12,1136842855890366464,11566,Jayden Daniels,QB,0,0,1
2026,18,12,1136842855890366464,11584,Bucky Irving,RB,0,1,1
2026,18,12,1136842855890366464,12507,Omarion Hampton,RB,0,1,1
2026,18,12,1136842855890366464,12534,Kyle Monangai,RB,0,0,1
2026,18,12,1136842855890366464,13346,Denzel Boston,WR,0,0,1
2026,18,12,1136842855890366464,4881,Lamar Jackson,QB,0,1,1
2026,18,12,1136842855890366464,5022,Dallas Goedert,TE,0,0,1
2026,18,12,1136842855890366464,6650,Chase McLaughlin,K,0,1,1
2026,18,12,1136842855890366464,8112,Drake London,WR,0,1,1
2026,18,12,1136842855890366464,8131,Isaiah Likely,TE,0,1,1
2026,18,12,1136842855890366464,8134,Khalil Shakir,WR,0,0,1
2026,18,12,1136842855890366464,8144,Chris Olave,WR,0,1,1
2026,18,12,1136842855890366464,8228,Jaylen Warren,RB,0,1,1
2026,18,12,1136842855890366464,9480,Brenton Strange,TE,0,0,1
2026,18,12,1136842855890366464,PIT,Pittsburgh Steelers,DEF,0,1,1
