season,week,roster_id,user_id,player_id,player_name,position,points,started,is_playoff
2023,1,1,608781531883859968,7523,Trevor Lawrence,QB,16.74,1,0
2023,1,1,608781531883859968,7611,Rhamondre Stevenson,RB,14.9,1,0
2023,1,1,608781531883859968,7591,Justin Fields,QB,14.54,1,0
2023,1,1,608781531883859968,1479,Keenan Allen,WR,14.2,1,0
2023,1,1,608781531883859968,WAS,Washington Commanders,DEF,13.25,1,0
2023,1,1,608781531883859968,4866,Saquon Barkley,RB,9.3,1,0
2023,1,1,608781531883859968,7596,Elijah Moore,WR,9.2,0,0
2023,1,1,608781531883859968,4227,Harrison Butker,K,8.0,1,0
2023,1,1,608781531883859968,5937,Diontae Johnson,WR,7.8,1,0
2023,1,1,608781531883859968,8135,Treylon Burks,WR,4.7,0,0
2023,1,1,608781531883859968,4983,DJ Moore,WR,4.5,1,0
2023,1,1,608781531883859968,4033,David Njoku,TE,4.4,1,0
2023,1,1,608781531883859968,8131,Isaiah Likely,TE,1.4,0,0
2023,1,1,608781531883859968,6945,Antonio Gibson,RB,0.9,0,0
2023,1,1,608781531883859968,4035,Alvin Kamara,RB,0,0,0
2023,1,1,608781531883859968,5849,Kyler Murray,QB,0,0,0
2023,1,1,608781531883859968,8148,Jameson Williams,WR,0,0,0
2023,1,1,608781531883859968,9482,Michael Mayer,TE,0,0,0
2023,1,2,736077599457026048,DAL,Dallas Cowboys,DEF,37.25,1,0
2023,1,2,736077599457026048,9509,Bijan Robinson,RB,20.3,1,0
2023,1,2,736077599457026048,8144,Chris Olave,WR,19.7,1,0
2023,1,2,736077599457026048,2216,Mike Evans,WR,18.6,0,0
2023,1,2,736077599457026048,9756,Jordan Addison,WR,16.1,0,0
2023,1,2,736077599457026048,8162,Sam Howell,QB,15.18,0,0
2023,1,2,736077599457026048,3198,Derrick Henry,RB,13.9,1,0
2023,1,2,736077599457026048,5846,DK Metcalf,WR,13.7,1,0
2023,1,2,736077599457026048,6904,Jalen Hurts,QB,12.5,1,0
2023,1,2,736077599457026048,4147,Samaje Perine,RB,11.8,0,0
2023,1,2,736077599457026048,7608,Khalil Herbert,RB,11.4,0,0
2023,1,2,736077599457026048,1373,Geno Smith,QB,9.08,1,0
2023,1,2,736077599457026048,4068,Mike Williams,WR,8.5,1,0
2023,1,2,736077599457026048,8129,Dameon Pierce,RB,6.7,0,0
2023,1,2,736077599457026048,2505,Darren Waller,TE,6.6,1,0
2023,1,2,736077599457026048,5095,Daniel Carlson,K,5.0,1,0
2023,1,3,737091087440674816,8132,Tyler Allgeier,RB,24.4,0,0
2023,1,3,737091087440674816,7543,Travis Etienne,RB,21.4,1,0
2023,1,3,737091087440674816,9997,Zay Flowers,WR,17.7,0,0
2023,1,3,737091087440674816,SF,San Francisco 49ers,DEF,17.25,1,0
2023,1,3,737091087440674816,2028,Derek Carr,QB,14.6,1,0
2023,1,3,737091087440674816,4137,James Conner,RB,12.0,1,0
2023,1,3,737091087440674816,5872,Deebo Samuel,WR,11.3,1,0
2023,1,3,737091087440674816,8160,Kenny Pickett,QB,10.18,0,0
2023,1,3,737091087440674816,4066,Evan Engram,TE,9.9,1,0
2023,1,3,737091087440674816,7564,Ja'Marr Chase,WR,9.1,1,0
2023,1,3,737091087440674816,2309,Amari Cooper,WR,6.7,0,0
2023,1,3,737091087440674816,10236,Dalton Kincaid,TE,6.6,0,0
2023,1,3,737091087440674816,6828,AJ Dillon,RB,5.6,0,0
2023,1,3,737091087440674816,7528,Najee Harris,RB,5.3,1,0
2023,1,3,737091087440674816,6770,Joe Burrow,QB,3.18,1,0
2023,1,3,737091087440674816,7839,Evan McPherson,K,2.0,1,0
2023,1,4,736744257179770880,6819,Michael Pittman,WR,23.7,1,0
2023,1,4,736744257179770880,4046,Patrick Mahomes,QB,19.54,1,0
2023,1,4,736744257179770880,7525,DeVonta Smith,WR,17.7,1,0
2023,1,4,736744257179770880,BAL,Baltimore Ravens,DEF,15.75,1,0
2023,1,4,736744257179770880,1234,Russell Wilson,QB,15.68,1,0
2023,1,4,736744257179770880,1837,Jimmy Garoppolo,QB,14.1,0,0
2023,1,4,736744257179770880,2133,Davante Adams,WR,12.6,1,0
2023,1,4,736744257179770880,8151,Kenneth Walker,RB,10.7,1,0
2023,1,4,736744257179770880,5850,Josh Jacobs,RB,9.1,1,0
2023,1,4,736744257179770880,3271,Tyler Higbee,TE,7.9,1,0
2023,1,4,736744257179770880,8136,Rachaad White,RB,6.9,0,0
2023,1,4,736744257179770880,2078,Odell Beckham,WR,5.7,0,0
2023,1,4,736744257179770880,1264,Justin Tucker,K,5.0,1,0
2023,1,4,736744257179770880,1689,Adam Thielen,WR,3.2,0,0
2023,1,4,736744257179770880,9753,Zach Charbonnet,RB,1.1,0,0
2023,1,4,736744257179770880,5012,Mark Andrews,TE,0,0,0
2023,1,5,716698629934481408,3321,Tyreek Hill,WR,45.5,1,0
2023,1,5,716698629934481408,6797,Justin Herbert,QB,20.86,1,0
2023,1,5,716698629934481408,PHI,Philadelphia Eagles,DEF,17.0,1,0
2023,1,5,716698629934481408,8154,Brian Robinson,RB,13.6,0,0
2023,1,5,716698629934481408,1426,DeAndre Hopkins,WR,13.5,1,0
2023,1,5,716698629934481408,7042,Tyler Bass,K,13.0,1,0
2023,1,5,716698629934481408,4018,Joe Mixon,RB,10.3,1,0
2023,1,5,716698629934481408,7588,Javonte Williams,RB,9.7,0,0
2023,1,5,716698629934481408,6938,Cam Akers,RB,8.9,1,0
2023,1,5,716698629934481408,8137,George Pickens,WR,8.6,0,0
2023,1,5,716698629934481408,7553,Kyle Pitts,TE,6.4,1,0
2023,1,5,716698629934481408,5927,Terry McLaurin,WR,5.1,1,0
2023,1,5,716698629934481408,5870,Daniel Jones,QB,2.46,1,0
2023,1,5,716698629934481408,5001,Dalton Schultz,TE,2.4,0,0
2023,1,5,716698629934481408,8168,Skyy Moore,WR,0.4,0,0
2023,1,5,716698629934481408,9497,Jalin Hyatt,WR,0,0,0
2023,1,6,736740647758938112,6768,Tua Tagovailoa,QB,27.64,1,0
2023,1,6,736740647758938112,6794,Justin Jefferson,WR,24.5,1,0
2023,1,6,736740647758938112,4195,Jake Elliott,K,17.0,1,0
2023,1,6,736740647758938112,7090,Darnell Mooney,WR,15.3,0,0
2023,1,6,736740647758938112,8155,Breece Hall,RB,15.2,0,0
2023,1,6,736740647758938112,421,Matthew Stafford,QB,14.46,1,0
2023,1,6,736740647758938112,5892,David Montgomery,RB,13.4,1,0
2023,1,6,736740647758938112,NO,New Orleans Saints,DEF,12.25,1,0
2023,1,6,736740647758938112,6806,J.K. Dobbins,RB,11.7,1,0
2023,1,6,736740647758938112,6826,Cole Kmet,TE,9.4,0,0
2023,1,6,736740647758938112,9228,Bryce Young,QB,6.54,0,0
2023,1,6,736740647758938112,7551,Deon Jackson,RB,3.8,0,0
2023,1,6,736740647758938112,2374,Tyler Lockett,WR,3.0,1,0
2023,1,6,736740647758938112,4039,Cooper Kupp,WR,0,0,0
2023,1,6,736740647758938112,5022,Dallas Goedert,TE,0,1,0
2023,1,6,736740647758938112,6801,Tee Higgins,WR,0,1,0
2023,1,6,736740647758938112,6813,Jonathan Taylor,RB,0,0,0
2023,1,7,735974647736213504,6803,Brandon Aiyuk,WR,33.4,0,0
2023,1,7,735974647736213504,2449,Stefon Diggs,WR,26.7,1,0
2023,1,7,735974647736213504,4199,Aaron Jones,RB,26.7,1,0
2023,1,7,735974647736213504,1166,Kirk Cousins,QB,16.96,1,0
2023,1,7,735974647736213504,ATL,Atlanta Falcons,DEF,16.5,1,0
2023,1,7,735974647736213504,9758,C.J. Stroud,QB,11.18,0,0
2023,1,7,735974647736213504,8138,James Cook,RB,10.3,1,0
2023,1,7,735974647736213504,10859,Sam LaPorta,TE,8.9,0,0
2023,1,7,735974647736213504,4029,Dalvin Cook,RB,8.9,0,0
2023,1,7,735974647736213504,4666,Younghoe Koo,K,7.0,1,0
2023,1,7,735974647736213504,7828,Noah Gray,TE,6.1,1,0
2023,1,7,735974647736213504,9225,Tank Bigsby,RB,5.3,0,0
2023,1,7,735974647736213504,9488,Jaxon Smith-Njigba,WR,4.3,0,0
2023,1,7,735974647736213504,4950,Christian Kirk,WR,1.9,1,0
2023,1,7,735974647736213504,1466,Travis Kelce,TE,0,0,0
2023,1,7,735974647736213504,8112,Drake London,WR,0,1,0
2023,1,7,735974647736213504,96,Aaron Rodgers,QB,0,1,0
2023,1,8,736803054736822272,4034,Christian McCaffrey,RB,26.9,1,0
2023,1,8,736803054736822272,4981,Calvin Ridley,WR,23.6,1,0
2023,1,8,736803054736822272,5967,Tony Pollard,RB,21.2,1,0
2023,1,8,736803054736822272,4017,Deshaun Watson,QB,19.66,1,0
2023,1,8,736803054736822272,8121,Romeo Doubs,WR,18.6,0,0
2023,1,8,736803054736822272,5859,A.J. Brown,WR,14.9,1,0
2023,1,8,736803054736822272,3163,Jared Goff,QB,14.02,1,0
2023,1,8,736803054736822272,5848,Marquise Brown,WR,8.7,0,0
2023,1,8,736803054736822272,7600,Pat Freiermuth,TE,7.3,1,0
2023,1,8,736803054736822272,BUF,Buffalo Bills,DEF,7.25,1,0
2023,1,8,736803054736822272,2747,Jason Myers,K,5.0,1,0
2023,1,8,736803054736822272,2197,Brandin Cooks,WR,4.2,1,0
2023,1,8,736803054736822272,9754,Quentin Johnston,WR,2.9,0,0
2023,1,8,736803054736822272,6790,D'Andre Swift,RB,1.3,0,0
2023,1,8,736803054736822272,4985,Rashaad Penny,RB,0,0,0
2023,1,8,736803054736822272,8167,Christian Watson,WR,0,0,0
2023,1,9,710284244835979264,6804,Jordan Love,QB,22.0,0,0
2023,1,9,710284244835979264,NYJ,New York Jets,DEF,19.75,1,0
2023,1,9,710284244835979264,7547,Amon-Ra St. Brown,WR,19.1,1,0
2023,1,9,710284244835979264,4988,Nick Chubb,RB,17.2,1,0
2023,1,9,710284244835979264,8146,Garrett Wilson,WR,14.4,1,0
2023,1,9,710284244835979264,6151,Miles Sanders,RB,11.8,1,0
2023,1,9,710284244835979264,6786,CeeDee Lamb,WR,11.7,1,0
2023,1,9,710284244835979264,5844,T.J. Hockenson,TE,11.5,1,0
2023,1,9,710284244835979264,3199,Michael Thomas,WR,11.1,0,0
2023,1,9,710284244835979264,8205,Isiah Pacheco,RB,9.4,0,0
2023,1,9,710284244835979264,4984,Josh Allen,QB,8.54,1,0
2023,1,9,710284244835979264,4040,JuJu Smith-Schuster,WR,7.3,0,0
2023,1,9,710284244835979264,3294,Dak Prescott,QB,6.32,1,0
2023,1,9,710284244835979264,5890,Damien Harris,RB,3.9,0,0
2023,1,9,710284244835979264,6783,Jerry Jeudy,WR,0,0,0
2023,1,9,710284244835979264,503,Graham Gano,K,-6.0,1,0
2023,1,10,475399371639222272,4663,Austin Ekeler,RB,26.9,1,0
2023,1,10,475399371639222272,9229,Anthony Richardson,QB,20.92,1,0
2023,1,10,475399371639222272,8183,Brock Purdy,QB,15.8,0,0
2023,1,10,475399371639222272,5987,Alexander Mattison,RB,13.4,1,0
2023,1,10,475399371639222272,5045,Courtland Sutton,WR,13.2,0,0
2023,1,10,475399371639222272,5119,Jason Sanders,K,13.0,1,0
2023,1,10,475399371639222272,7526,Jaylen Waddle,WR,11.8,1,0
2023,1,10,475399371639222272,NE,New England Patriots,DEF,10.25,1,0
2023,1,10,475399371639222272,4037,Chris Godwin,WR,10.1,1,0
2023,1,10,475399371639222272,8119,Jahan Dotson,WR,9.0,0,0
2023,1,10,475399371639222272,9221,Jahmyr Gibbs,RB,8.0,1,0
2023,1,10,475399371639222272,6853,Van Jefferson,WR,6.4,0,0
2023,1,10,475399371639222272,4149,Jamaal Williams,RB,6.2,0,0
2023,1,10,475399371639222272,4881,Lamar Jackson,QB,5.56,1,0
2023,1,10,475399371639222272,6943,Gabe Davis,WR,5.2,0,0
2023,1,10,475399371639222272,4217,George Kittle,TE,4.9,1,0
2023,2,1,608781531883859968,1479,Keenan Allen,WR,31.6,1,0
2023,2,1,608781531883859968,7569,Nico Collins,WR,28.1,0,0
2023,2,1,608781531883859968,4866,Saquon Barkley,RB,27.2,1,0
2023,2,1,608781531883859968,4983,DJ Moore,WR,16.9,1,0
2023,2,1,608781531883859968,7611,Rhamondre Stevenson,RB,15.0,1,0
2023,2,1,608781531883859968,7591,Justin Fields,QB,12.74,1,0
2023,2,1,608781531883859968,7523,Trevor Lawrence,QB,8.24,1,0
2023,2,1,608781531883859968,7596,Elijah Moore,WR,7.1,0,0
2023,2,1,608781531883859968,4033,David Njoku,TE,6.8,1,0
2023,2,1,608781531883859968,10235,Roschon Johnson,RB,6.2,0,0
2023,2,1,608781531883859968,4227,Harrison Butker,K,5.0,1,0
2023,2,1,608781531883859968,9481,Luke Musgrave,TE,4.5,0,0
2023,2,1,608781531883859968,7045,Joshua Kelley,RB,3.9,1,0
2023,2,1,608781531883859968,4035,Alvin Kamara,RB,0,0,0
2023,2,1,608781531883859968,5849,Kyler Murray,QB,0,0,0
2023,2,1,608781531883859968,5937,Diontae Johnson,WR,0,0,0
2023,2,1,608781531883859968,NYG,New York Giants,DEF,-1.0,1,0
2023,2,2,736077599457026048,2216,Mike Evans,WR,29.6,0,0
2023,2,2,736077599457026048,6904,Jalen Hurts,QB,26.22,1,0
2023,2,2,736077599457026048,1373,Geno Smith,QB,23.62,1,0
2023,2,2,736077599457026048,9509,Bijan Robinson,RB,21.7,1,0
2023,2,2,736077599457026048,8162,Sam Howell,QB,20.76,0,0
2023,2,2,736077599457026048,3198,Derrick Henry,RB,18.5,1,0
2023,2,2,736077599457026048,9756,Jordan Addison,WR,17.7,0,0
2023,2,2,736077599457026048,DAL,Dallas Cowboys,DEF,17.25,1,0
2023,2,2,736077599457026048,4068,Mike Williams,WR,16.6,1,0
2023,2,2,736077599457026048,8144,Chris Olave,WR,14.6,1,0
2023,2,2,736077599457026048,2505,Darren Waller,TE,13.6,1,0
2023,2,2,736077599457026048,5846,DK Metcalf,WR,13.5,1,0
2023,2,2,736077599457026048,7608,Khalil Herbert,RB,6.8,0,0
2023,2,2,736077599457026048,8129,Dameon Pierce,RB,5.5,0,0
2023,2,2,736077599457026048,4147,Samaje Perine,RB,5.4,0,0
2023,2,2,736077599457026048,5095,Daniel Carlson,K,5.0,1,0
2023,2,3,737091087440674816,5872,Deebo Samuel,WR,21.1,1,0
2023,2,3,737091087440674816,4137,James Conner,RB,17.1,1,0
2023,2,3,737091087440674816,2309,Amari Cooper,WR,16.0,0,0
2023,2,3,737091087440674816,6770,Joe Burrow,QB,15.88,1,0
2023,2,3,737091087440674816,4066,Evan Engram,TE,11.7,1,0
2023,2,3,737091087440674816,8160,Kenny Pickett,QB,11.28,0,0
2023,2,3,737091087440674816,9997,Zay Flowers,WR,10.8,0,0
2023,2,3,737091087440674816,10236,Dalton Kincaid,TE,9.3,0,0
2023,2,3,737091087440674816,7564,Ja'Marr Chase,WR,8.1,1,0
2023,2,3,737091087440674816,6828,AJ Dillon,RB,7.3,1,0
2023,2,3,737091087440674816,2028,Derek Carr,QB,6.72,1,0
2023,2,3,737091087440674816,7543,Travis Etienne,RB,6.2,1,0
2023,2,3,737091087440674816,7839,Evan McPherson,K,6.0,1,0
2023,2,3,737091087440674816,7528,Najee Harris,RB,5.3,0,0
2023,2,3,737091087440674816,SF,San Francisco 49ers,DEF,5.25,1,0
2023,2,3,737091087440674816,8132,Tyler Allgeier,RB,4.8,0,0
2023,2,4,736744257179770880,1234,Russell Wilson,QB,27.92,1,0
2023,2,4,736744257179770880,7525,DeVonta Smith,WR,25.1,1,0
2023,2,4,736744257179770880,4046,Patrick Mahomes,QB,21.7,1,0
2023,2,4,736744257179770880,8136,Rachaad White,RB,21.3,0,0
2023,2,4,736744257179770880,1689,Adam Thielen,WR,20.4,0,0
2023,2,4,736744257179770880,2133,Davante Adams,WR,20.4,1,0
2023,2,4,736744257179770880,8151,Kenneth Walker,RB,18.4,1,0
2023,2,4,736744257179770880,5012,Mark Andrews,TE,15.5,1,0
2023,2,4,736744257179770880,6819,Michael Pittman,WR,12.6,1,0
2023,2,4,736744257179770880,5850,Josh Jacobs,RB,9.9,1,0
2023,2,4,736744257179770880,1264,Justin Tucker,K,9.0,1,0
2023,2,4,736744257179770880,1837,Jimmy Garoppolo,QB,7.5,0,0
2023,2,4,736744257179770880,BAL,Baltimore Ravens,DEF,6.25,1,0
2023,2,4,736744257179770880,2078,Odell Beckham,WR,5.9,0,0
2023,2,4,736744257179770880,9753,Zach Charbonnet,RB,5.0,0,0
2023,2,4,736744257179770880,3271,Tyler Higbee,TE,4.2,0,0
2023,2,5,716698629934481408,5870,Daniel Jones,QB,31.24,1,0
2023,2,5,716698629934481408,8154,Brian Robinson,RB,28.9,0,0
2023,2,5,716698629934481408,8150,Kyren Williams,RB,28.0,0,0
2023,2,5,716698629934481408,8137,George Pickens,WR,24.7,1,0
2023,2,5,716698629934481408,6797,Justin Herbert,QB,22.7,1,0
2023,2,5,716698629934481408,5927,Terry McLaurin,WR,16.4,0,0
2023,2,5,716698629934481408,8168,Skyy Moore,WR,16.0,0,0
2023,2,5,716698629934481408,3321,Tyreek Hill,WR,15.0,1,0
2023,2,5,716698629934481408,4018,Joe Mixon,RB,13.5,1,0
2023,2,5,716698629934481408,PHI,Philadelphia Eagles,DEF,8.5,1,0
2023,2,5,716698629934481408,1426,DeAndre Hopkins,WR,8.0,1,0
2023,2,5,716698629934481408,7042,Tyler Bass,K,8.0,1,0
2023,2,5,716698629934481408,7588,Javonte Williams,RB,7.8,1,0
2023,2,5,716698629934481408,4973,Hayden Hurst,TE,5.0,0,0
2023,2,5,716698629934481408,7553,Kyle Pitts,TE,3.5,1,0
2023,2,5,716698629934481408,6938,Cam Akers,RB,0,0,0
2023,2,6,736740647758938112,6801,Tee Higgins,WR,28.9,1,0
2023,2,6,736740647758938112,2374,Tyler Lockett,WR,25.9,0,0
2023,2,6,736740647758938112,6794,Justin Jefferson,WR,25.4,1,0
2023,2,6,736740647758938112,421,Matthew Stafford,QB,14.48,1,0
2023,2,6,736740647758938112,9228,Bryce Young,QB,13.52,0,0
2023,2,6,736740647758938112,5892,David Montgomery,RB,12.4,1,0
2023,2,6,736740647758938112,6768,Tua Tagovailoa,QB,10.26,1,0
2023,2,6,736740647758938112,4195,Jake Elliott,K,10.0,1,0
2023,2,6,736740647758938112,NO,New Orleans Saints,DEF,9.5,1,0
2023,2,6,736740647758938112,5022,Dallas Goedert,TE,8.2,1,0
2023,2,6,736740647758938112,6826,Cole Kmet,TE,7.8,0,0
2023,2,6,736740647758938112,8155,Breece Hall,RB,0.9,1,0
2023,2,6,736740647758938112,4029,Dalvin Cook,RB,0.2,0,0
2023,2,6,736740647758938112,4039,Cooper Kupp,WR,0,0,0
2023,2,6,736740647758938112,4080,Zay Jones,WR,0,0,0
2023,2,6,736740647758938112,6813,Jonathan Taylor,RB,0,0,0
2023,2,6,736740647758938112,7090,Darnell Mooney,WR,0,1,0
2023,2,7,735974647736213504,9493,Puka Nacua,WR,30.6,1,0
2023,2,7,735974647736213504,1166,Kirk Cousins,QB,30.06,0,0
2023,2,7,735974647736213504,2749,Raheem Mostert,RB,26.7,1,0
2023,2,7,735974647736213504,4950,Christian Kirk,WR,22.46,0,0
2023,2,7,735974647736213504,8138,James Cook,RB,20.4,1,0
2023,2,7,735974647736213504,8112,Drake London,WR,18.7,0,0
2023,2,7,735974647736213504,7527,Mac Jones,QB,14.24,1,0
2023,2,7,735974647736213504,8183,Brock Purdy,QB,13.74,1,0
2023,2,7,735974647736213504,2449,Stefon Diggs,WR,13.6,1,0
2023,2,7,735974647736213504,1466,Travis Kelce,TE,12.6,1,0
2023,2,7,735974647736213504,5248,Gus Edwards,RB,12.2,0,0
2023,2,7,735974647736213504,10859,Sam LaPorta,TE,11.3,0,0
2023,2,7,735974647736213504,6083,Matt Gay,K,8.0,1,0
2023,2,7,735974647736213504,6803,Brandon Aiyuk,WR,7.3,1,0
2023,2,7,735974647736213504,4199,Aaron Jones,RB,0,0,0
2023,2,7,735974647736213504,9225,Tank Bigsby,RB,0,0,0
2023,2,7,735974647736213504,DEN,Denver Broncos,DEF,0,1,0
2023,2,8,736803054736822272,6790,D'Andre Swift,RB,27.6,0,0
2023,2,8,736803054736822272,3163,Jared Goff,QB,23.42,1,0
2023,2,8,736803054736822272,4034,Christian McCaffrey,RB,23.0,1,0
2023,2,8,736803054736822272,5967,Tony Pollard,RB,19.9,1,0
2023,2,8,736803054736822272,BUF,Buffalo Bills,DEF,12.0,1,0
2023,2,8,736803054736822272,4017,Deshaun Watson,QB,11.6,1,0
2023,2,8,736803054736822272,4454,Kendrick Bourne,WR,6.9,0,0
2023,2,8,736803054736822272,5859,A.J. Brown,WR,6.9,1,0
2023,2,8,736803054736822272,4981,Calvin Ridley,WR,5.2,1,0
2023,2,8,736803054736822272,8121,Romeo Doubs,WR,5.0,1,0
2023,2,8,736803054736822272,2747,Jason Myers,K,2.0,1,0
2023,2,8,736803054736822272,9754,Quentin Johnston,WR,1.7,0,0
2023,2,8,736803054736822272,7600,Pat Freiermuth,TE,1.2,1,0
2023,2,8,736803054736822272,2197,Brandin Cooks,WR,0,0,0
2023,2,8,736803054736822272,7567,Kenny Gainwell,RB,0,0,0
2023,2,8,736803054736822272,8167,Christian Watson,WR,0,0,0
2023,2,9,710284244835979264,5844,T.J. Hockenson,TE,25.6,1,0
2023,2,9,710284244835979264,6786,CeeDee Lamb,WR,24.8,1,0
2023,2,9,710284244835979264,4984,Josh Allen,QB,24.16,1,0
2023,2,9,710284244835979264,6804,Jordan Love,QB,20.34,0,0
2023,2,9,710284244835979264,3294,Dak Prescott,QB,20.1,1,0
2023,2,9,710284244835979264,8146,Garrett Wilson,WR,17.8,1,0
2023,2,9,710284244835979264,7547,Amon-Ra St. Brown,WR,14.7,1,0
2023,2,9,710284244835979264,3199,Michael Thomas,WR,12.5,0,0
2023,2,9,710284244835979264,5995,Justice Hill,RB,8.3,0,0
2023,2,9,710284244835979264,8205,Isiah Pacheco,RB,8.0,0,0
2023,2,9,710284244835979264,4040,JuJu Smith-Schuster,WR,7.8,0,0
2023,2,9,710284244835979264,6151,Miles Sanders,RB,7.7,1,0
2023,2,9,710284244835979264,503,Graham Gano,K,7.0,1,0
2023,2,9,710284244835979264,4988,Nick Chubb,RB,6.4,1,0
2023,2,9,710284244835979264,6783,Jerry Jeudy,WR,5.5,0,0
2023,2,9,710284244835979264,NYJ,New York Jets,DEF,0.75,1,0
2023,2,10,475399371639222272,4881,Lamar Jackson,QB,22.88,1,0
2023,2,10,475399371639222272,6943,Gabe Davis,WR,21.2,0,0
2023,2,10,475399371639222272,9758,C.J. Stroud,QB,20.96,0,0
2023,2,10,475399371639222272,6845,Zack Moss,RB,20.7,0,0
2023,2,10,475399371639222272,9229,Anthony Richardson,QB,17.74,1,0
2023,2,10,475399371639222272,9221,Jahmyr Gibbs,RB,12.6,1,0
2023,2,10,475399371639222272,7526,Jaylen Waddle,WR,12.4,1,0
2023,2,10,475399371639222272,5045,Courtland Sutton,WR,11.6,0,0
2023,2,10,475399371639222272,4037,Chris Godwin,WR,10.8,1,0
2023,2,10,475399371639222272,9488,Jaxon Smith-Njigba,WR,8.4,0,0
2023,2,10,475399371639222272,4217,George Kittle,TE,6.0,1,0
2023,2,10,475399371639222272,NE,New England Patriots,DEF,5.25,1,0
2023,2,10,475399371639222272,8119,Jahan Dotson,WR,5.2,0,0
2023,2,10,475399371639222272,5987,Alexander Mattison,RB,4.9,1,0
2023,2,10,475399371639222272,4149,Jamaal Williams,RB,2.9,1,0
2023,2,10,475399371639222272,5119,Jason Sanders,K,1.0,1,0
2023,2,10,475399371639222272,4663,Austin Ekeler,RB,0,0,0
2023,3,1,608781531883859968,1479,Keenan Allen,WR,45.46,1,0
2023,3,1,608781531883859968,5848,Marquise Brown,WR,17.1,0,0
2023,3,1,608781531883859968,7523,Trevor Lawrence,QB,14.86,1,0
2023,3,1,608781531883859968,4983,DJ Moore,WR,13.1,1,0
2023,3,1,608781531883859968,7600,Pat Freiermuth,TE,13.1,1,0
2023,3,1,608781531883859968,10937,Jake Moody,K,12.0,1,0
2023,3,1,608781531883859968,PIT,Pittsburgh Steelers,DEF,12.0,0,0
2023,3,1,608781531883859968,7596,Elijah Moore,WR,11.8,0,0
2023,3,1,608781531883859968,7591,Justin Fields,QB,10.66,1,0
2023,3,1,608781531883859968,7611,Rhamondre Stevenson,RB,7.2,1,0
2023,3,1,608781531883859968,4033,David Njoku,TE,6.0,0,0
2023,3,1,608781531883859968,7569,Nico Collins,WR,5.4,1,0
2023,3,1,608781531883859968,7045,Joshua Kelley,RB,2.7,1,0
2023,3,1,608781531883859968,4035,Alvin Kamara,RB,0,0,0
2023,3,1,608781531883859968,4866,Saquon Barkley,RB,0,0,0
2023,3,1,608781531883859968,5849,Kyler Murray,QB,0,0,0
2023,3,1,608781531883859968,JAX,Jacksonville Jaguars,DEF,-3.5,1,0
2023,3,2,736077599457026048,4068,Mike Williams,WR,26.1,1,0
2023,3,2,736077599457026048,6904,Jalen Hurts,QB,19.88,1,0
2023,3,2,736077599457026048,8144,Chris Olave,WR,18.9,1,0
2023,3,2,736077599457026048,5846,DK Metcalf,WR,17.7,0,0
2023,3,2,736077599457026048,2216,Mike Evans,WR,17.0,1,0
2023,3,2,736077599457026048,1373,Geno Smith,QB,15.44,1,0
2023,3,2,736077599457026048,8129,Dameon Pierce,RB,14.9,0,0
2023,3,2,736077599457026048,9756,Jordan Addison,WR,11.2,0,0
2023,3,2,736077599457026048,9509,Bijan Robinson,RB,10.0,1,0
2023,3,2,736077599457026048,8228,Jaylen Warren,RB,8.2,0,0
2023,3,2,736077599457026048,2505,Darren Waller,TE,5.0,1,0
2023,3,2,736077599457026048,7608,Khalil Herbert,RB,3.5,0,0
2023,3,2,736077599457026048,3198,Derrick Henry,RB,2.0,1,0
2023,3,2,736077599457026048,8259,Cameron Dicker,K,2.0,1,0
2023,3,2,736077599457026048,8162,Sam Howell,QB,0.6,0,0
2023,3,2,736077599457026048,DAL,Dallas Cowboys,DEF,-2.0,1,0
2023,3,3,737091087440674816,7564,Ja'Marr Chase,WR,26.6,1,0
2023,3,3,737091087440674816,2309,Amari Cooper,WR,25.6,1,0
2023,3,3,737091087440674816,5872,Deebo Samuel,WR,25.6,1,0
2023,3,3,737091087440674816,4137,James Conner,RB,19.6,1,0
2023,3,3,737091087440674816,8160,Kenny Pickett,QB,19.5,1,0
2023,3,3,737091087440674816,7543,Travis Etienne,RB,17.8,1,0
2023,3,3,737091087440674816,7839,Evan McPherson,K,17.0,1,0
2023,3,3,737091087440674816,4066,Evan Engram,TE,13.7,1,0
2023,3,3,737091087440674816,9997,Zay Flowers,WR,13.0,0,0
2023,3,3,737091087440674816,SF,San Francisco 49ers,DEF,12.0,1,0
2023,3,3,737091087440674816,6770,Joe Burrow,QB,8.66,0,0
2023,3,3,737091087440674816,2028,Derek Carr,QB,8.12,1,0
2023,3,3,737091087440674816,7528,Najee Harris,RB,6.5,0,0
2023,3,3,737091087440674816,8132,Tyler Allgeier,RB,4.9,0,0
2023,3,3,737091087440674816,6828,AJ Dillon,RB,3.3,0,0
2023,3,3,737091087440674816,10236,Dalton Kincaid,TE,2.3,0,0
2023,3,4,736744257179770880,2133,Davante Adams,WR,42.7,1,0
2023,3,4,736744257179770880,1689,Adam Thielen,WR,32.0,0,0
2023,3,4,736744257179770880,8151,Kenneth Walker,RB,30.6,1,0
2023,3,4,736744257179770880,4046,Patrick Mahomes,QB,25.68,1,0
2023,3,4,736744257179770880,8143,Jerome Ford,RB,19.1,0,0
2023,3,4,736744257179770880,1837,Jimmy Garoppolo,QB,18.16,0,0
2023,3,4,736744257179770880,6819,Michael Pittman,WR,16.7,1,0
2023,3,4,736744257179770880,1234,Russell Wilson,QB,14.24,1,0
2023,3,4,736744257179770880,3271,Tyler Higbee,TE,12.1,0,0
2023,3,4,736744257179770880,5850,Josh Jacobs,RB,11.0,1,0
2023,3,4,736744257179770880,BAL,Baltimore Ravens,DEF,7.75,1,0
2023,3,4,736744257179770880,5012,Mark Andrews,TE,7.5,1,0
2023,3,4,736744257179770880,8136,Rachaad White,RB,7.2,0,0
2023,3,4,736744257179770880,7525,DeVonta Smith,WR,6.8,1,0
2023,3,4,736744257179770880,9753,Zach Charbonnet,RB,5.5,0,0
2023,3,4,736744257179770880,1264,Justin Tucker,K,5.0,1,0
2023,3,5,716698629934481408,3321,Tyreek Hill,WR,32.7,1,0
2023,3,5,716698629934481408,6797,Justin Herbert,QB,29.8,1,0
2023,3,5,716698629934481408,7042,Tyler Bass,K,15.0,1,0
2023,3,5,716698629934481408,PHI,Philadelphia Eagles,DEF,14.5,1,0
2023,3,5,716698629934481408,4018,Joe Mixon,RB,14.0,1,0
2023,3,5,716698629934481408,8137,George Pickens,WR,11.5,1,0
2023,3,5,716698629934481408,5927,Terry McLaurin,WR,10.1,0,0
2023,3,5,716698629934481408,7553,Kyle Pitts,TE,8.7,0,0
2023,3,5,716698629934481408,7588,Javonte Williams,RB,8.5,0,0
2023,3,5,716698629934481408,8150,Kyren Williams,RB,8.5,1,0
2023,3,5,716698629934481408,8168,Skyy Moore,WR,8.2,0,0
2023,3,5,716698629934481408,1426,DeAndre Hopkins,WR,7.8,0,0
2023,3,5,716698629934481408,8154,Brian Robinson,RB,7.0,1,0
2023,3,5,716698629934481408,5870,Daniel Jones,QB,3.98,1,0
2023,3,5,716698629934481408,1339,Zach Ertz,TE,2.6,1,0
2023,3,5,716698629934481408,6938,Cam Akers,RB,0,0,0
2023,3,6,736740647758938112,6794,Justin Jefferson,WR,29.9,1,0
2023,3,6,736740647758938112,6768,Tua Tagovailoa,QB,29.36,1,0
2023,3,6,736740647758938112,2161,Jerick McKinnon,RB,17.8,1,0
2023,3,6,736740647758938112,NO,New Orleans Saints,DEF,12.25,1,0
2023,3,6,736740647758938112,421,Matthew Stafford,QB,11.46,1,0
2023,3,6,736740647758938112,4195,Jake Elliott,K,11.0,1,0
2023,3,6,736740647758938112,5022,Dallas Goedert,TE,9.1,1,0
2023,3,6,736740647758938112,2374,Tyler Lockett,WR,8.4,1,0
2023,3,6,736740647758938112,4029,Dalvin Cook,RB,5.9,0,0
2023,3,6,736740647758938112,6826,Cole Kmet,TE,4.2,0,0
2023,3,6,736740647758938112,6801,Tee Higgins,WR,4.1,1,0
2023,3,6,736740647758938112,8155,Breece Hall,RB,2.7,1,0
2023,3,6,736740647758938112,4039,Cooper Kupp,WR,0,0,0
2023,3,6,736740647758938112,5892,David Montgomery,RB,0,0,0
2023,3,6,736740647758938112,6813,Jonathan Taylor,RB,0,0,0
2023,3,6,736740647758938112,7090,Darnell Mooney,WR,0,0,0
2023,3,6,736740647758938112,9228,Bryce Young,QB,0,0,0
2023,3,7,735974647736213504,2749,Raheem Mostert,RB,45.2,1,0
2023,3,7,735974647736213504,1166,Kirk Cousins,QB,27.18,1,0
2023,3,7,735974647736213504,10859,Sam LaPorta,TE,22.9,0,0
2023,3,7,735974647736213504,1466,Travis Kelce,TE,19.9,1,0
2023,3,7,735974647736213504,8183,Brock Purdy,QB,19.8,1,0
2023,3,7,735974647736213504,2449,Stefon Diggs,WR,19.6,1,0
2023,3,7,735974647736213504,5947,Jakobi Meyers,WR,15.5,0,0
2023,3,7,735974647736213504,4950,Christian Kirk,WR,15.4,1,0
2023,3,7,735974647736213504,CLE,Cleveland Browns,DEF,15.25,1,0
2023,3,7,735974647736213504,KC,Kansas City Chiefs,DEF,13.25,0,0
2023,3,7,735974647736213504,8138,James Cook,RB,13.2,1,0
2023,3,7,735974647736213504,9493,Puka Nacua,WR,12.2,1,0
2023,3,7,735974647736213504,8159,Desmond Ridder,QB,6.34,0,0
2023,3,7,735974647736213504,8112,Drake London,WR,5.1,0,0
2023,3,7,735974647736213504,1433,Brandon McManus,K,0,1,0
2023,3,7,735974647736213504,4199,Aaron Jones,RB,0,0,0
2023,3,7,735974647736213504,6803,Brandon Aiyuk,WR,0,0,0
2023,3,8,736803054736822272,BUF,Buffalo Bills,DEF,30.75,1,0
2023,3,8,736803054736822272,4034,Christian McCaffrey,RB,22.9,1,0
2023,3,8,736803054736822272,5859,A.J. Brown,WR,22.6,1,0
2023,3,8,736803054736822272,4017,Deshaun Watson,QB,20.66,1,0
2023,3,8,736803054736822272,8121,Romeo Doubs,WR,18.3,1,0
2023,3,8,736803054736822272,3163,Jared Goff,QB,18.02,1,0
2023,3,8,736803054736822272,5967,Tony Pollard,RB,15.6,1,0
2023,3,8,736803054736822272,6790,D'Andre Swift,RB,15.3,0,0
2023,3,8,736803054736822272,11533,Brandon Aubrey,K,11.0,1,0
2023,3,8,736803054736822272,4892,Baker Mayfield,QB,9.04,0,0
2023,3,8,736803054736822272,4981,Calvin Ridley,WR,7.0,1,0
2023,3,8,736803054736822272,7567,Kenny Gainwell,RB,5.8,0,0
2023,3,8,736803054736822272,2197,Brandin Cooks,WR,3.7,0,0
2023,3,8,736803054736822272,3214,Hunter Henry,TE,3.7,1,0
2023,3,8,736803054736822272,9754,Quentin Johnston,WR,3.0,0,0
2023,3,8,736803054736822272,8167,Christian Watson,WR,0,0,0
2023,3,9,710284244835979264,6804,Jordan Love,QB,24.26,0,0
2023,3,9,710284244835979264,4984,Josh Allen,QB,21.32,1,0
2023,3,9,710284244835979264,7547,Amon-Ra St. Brown,WR,20.1,1,0
2023,3,9,710284244835979264,6151,Miles Sanders,RB,17.2,1,0
2023,3,9,710284244835979264,8205,Isiah Pacheco,RB,15.8,1,0
2023,3,9,710284244835979264,3294,Dak Prescott,QB,14.86,1,0
2023,3,9,710284244835979264,5844,T.J. Hockenson,TE,13.8,1,0
2023,3,9,710284244835979264,6783,Jerry Jeudy,WR,13.1,0,0
2023,3,9,710284244835979264,3199,Michael Thomas,WR,11.0,0,0
2023,3,9,710284244835979264,6786,CeeDee Lamb,WR,10.2,1,0
2023,3,9,710284244835979264,8146,Garrett Wilson,WR,9.8,1,0
2023,3,9,710284244835979264,4098,Kareem Hunt,RB,5.5,0,0
2023,3,9,710284244835979264,4666,Younghoe Koo,K,4.0,1,0
2023,3,9,710284244835979264,NYJ,New York Jets,DEF,3.5,1,0
2023,3,9,710284244835979264,4040,JuJu Smith-Schuster,WR,1.5,0,0
2023,3,9,710284244835979264,4988,Nick Chubb,RB,0,0,0
2023,3,9,710284244835979264,5995,Justice Hill,RB,0,0,0
2023,3,10,475399371639222272,4881,Lamar Jackson,QB,27.68,1,0
2023,3,10,475399371639222272,6845,Zack Moss,RB,23.0,1,0
2023,3,10,475399371639222272,9758,C.J. Stroud,QB,21.6,1,0
2023,3,10,475399371639222272,5045,Courtland Sutton,WR,19.1,0,0
2023,3,10,475399371639222272,5987,Alexander Mattison,RB,17.5,1,0
2023,3,10,475399371639222272,4217,George Kittle,TE,16.0,1,0
2023,3,10,475399371639222272,NE,New England Patriots,DEF,14.75,1,0
2023,3,10,475399371639222272,6943,Gabe Davis,WR,10.3,1,0
2023,3,10,475399371639222272,5119,Jason Sanders,K,10.0,1,0
2023,3,10,475399371639222272,9221,Jahmyr Gibbs,RB,9.2,1,0
2023,3,10,475399371639222272,4037,Chris Godwin,WR,8.2,1,0
2023,3,10,475399371639222272,5248,Gus Edwards,RB,5.1,0,0
2023,3,10,475399371639222272,8119,Jahan Dotson,WR,4.1,0,0
2023,3,10,475399371639222272,9488,Jaxon Smith-Njigba,WR,2.0,0,0
2023,3,10,475399371639222272,4663,Austin Ekeler,RB,0,0,0
2023,3,10,475399371639222272,7526,Jaylen Waddle,WR,0,0,0
2023,3,10,475399371639222272,9229,Anthony Richardson,QB,0,0,0
2023,4,1,608781531883859968,7569,Nico Collins,WR,37.8,1,0
2023,4,1,608781531883859968,7591,Justin Fields,QB,28.4,1,0
2023,4,1,608781531883859968,4983,DJ Moore,WR,27.6,1,0
2023,4,1,608781531883859968,4179,Joshua Dobbs,QB,22.9,0,0
2023,4,1,608781531883859968,4035,Alvin Kamara,RB,21.4,1,0
2023,4,1,608781531883859968,5848,Marquise Brown,WR,16.6,0,0
2023,4,1,608781531883859968,7523,Trevor Lawrence,QB,16.48,1,0
2023,4,1,608781531883859968,8110,Jake Ferguson,TE,14.7,0,0
2023,4,1,608781531883859968,1479,Keenan Allen,WR,12.2,1,0
2023,4,1,608781531883859968,7670,Joshua Palmer,WR,10.7,0,0
2023,4,1,608781531883859968,7611,Rhamondre Stevenson,RB,6.0,1,0
2023,4,1,608781531883859968,10937,Jake Moody,K,5.0,1,0
2023,4,1,608781531883859968,10235,Roschon Johnson,RB,2.5,0,0
2023,4,1,608781531883859968,7596,Elijah Moore,WR,2.0,0,0
2023,4,1,608781531883859968,9481,Luke Musgrave,TE,1.1,1,0
2023,4,1,608781531883859968,4866,Saquon Barkley,RB,0,0,0
2023,4,1,608781531883859968,5849,Kyler Murray,QB,0,0,0
2023,4,1,608781531883859968,PIT,Pittsburgh Steelers,DEF,-3.0,1,0
2023,4,2,736077599457026048,DAL,Dallas Cowboys,DEF,29.5,1,0
2023,4,2,736077599457026048,6904,Jalen Hurts,QB,25.66,1,0
2023,4,2,736077599457026048,3198,Derrick Henry,RB,24.88,1,0
2023,4,2,736077599457026048,7608,Khalil Herbert,RB,22.7,0,0
2023,4,2,736077599457026048,8162,Sam Howell,QB,20.1,0,0
2023,4,2,736077599457026048,9509,Bijan Robinson,RB,19.2,1,0
2023,4,2,736077599457026048,5846,DK Metcalf,WR,12.4,1,0
2023,4,2,736077599457026048,8129,Dameon Pierce,RB,11.8,0,0
2023,4,2,736077599457026048,8228,Jaylen Warren,RB,10.5,0,0
2023,4,2,736077599457026048,1373,Geno Smith,QB,9.2,1,0
2023,4,2,736077599457026048,7562,Tutu Atwell,WR,7.4,1,0
2023,4,2,736077599457026048,2216,Mike Evans,WR,7.0,0,0
2023,4,2,736077599457026048,8259,Cameron Dicker,K,6.0,1,0
2023,4,2,736077599457026048,2505,Darren Waller,TE,5.1,1,0
2023,4,2,736077599457026048,8144,Chris Olave,WR,1.4,1,0
2023,4,2,736077599457026048,4068,Mike Williams,WR,0,0,0
2023,4,2,736077599457026048,9756,Jordan Addison,WR,0,0,0
2023,4,3,737091087440674816,7564,Ja'Marr Chase,WR,14.3,1,0
2023,4,3,737091087440674816,4066,Evan Engram,TE,11.9,1,0
2023,4,3,737091087440674816,7528,Najee Harris,RB,11.3,0,0
2023,4,3,737091087440674816,7543,Travis Etienne,RB,10.2,1,0
2023,4,3,737091087440674816,9997,Zay Flowers,WR,8.0,1,0
2023,4,3,737091087440674816,10236,Dalton Kincaid,TE,6.7,0,0
2023,4,3,737091087440674816,4137,James Conner,RB,6.6,1,0
2023,4,3,737091087440674816,6770,Joe Burrow,QB,4.7,1,0
2023,4,3,737091087440674816,8160,Kenny Pickett,QB,3.46,1,0
2023,4,3,737091087440674816,2028,Derek Carr,QB,3.18,0,0
2023,4,3,737091087440674816,7839,Evan McPherson,K,3.0,1,0
2023,4,3,737091087440674816,2309,Amari Cooper,WR,2.6,1,0
2023,4,3,737091087440674816,SF,San Francisco 49ers,DEF,2.25,1,0
2023,4,3,737091087440674816,8132,Tyler Allgeier,RB,2.2,0,0
2023,4,3,737091087440674816,6828,AJ Dillon,RB,1.1,0,0
2023,4,3,737091087440674816,5872,Deebo Samuel,WR,0.6,0,0
2023,4,4,736744257179770880,5850,Josh Jacobs,RB,27.9,1,0
2023,4,4,736744257179770880,5012,Mark Andrews,TE,25.0,1,0
2023,4,4,736744257179770880,1234,Russell Wilson,QB,22.22,1,0
2023,4,4,736744257179770880,BAL,Baltimore Ravens,DEF,17.5,1,0
2023,4,4,736744257179770880,2133,Davante Adams,WR,15.5,1,0
2023,4,4,736744257179770880,1689,Adam Thielen,WR,15.2,0,0
2023,4,4,736744257179770880,7525,DeVonta Smith,WR,14.8,1,0
2023,4,4,736744257179770880,8151,Kenneth Walker,RB,13.9,1,0
2023,4,4,736744257179770880,4046,Patrick Mahomes,QB,12.22,1,0
2023,4,4,736744257179770880,3271,Tyler Higbee,TE,11.4,0,0
2023,4,4,736744257179770880,8136,Rachaad White,RB,10.8,0,0
2023,4,4,736744257179770880,8143,Jerome Ford,RB,9.5,1,0
2023,4,4,736744257179770880,9753,Zach Charbonnet,RB,5.0,0,0
2023,4,4,736744257179770880,6819,Michael Pittman,WR,4.5,0,0
2023,4,4,736744257179770880,1264,Justin Tucker,K,4.0,1,0
2023,4,4,736744257179770880,9502,Tank Dell,WR,2.9,0,0
2023,4,5,716698629934481408,8150,Kyren Williams,RB,27.2,1,0
2023,4,5,716698629934481408,6797,Justin Herbert,QB,23.38,1,0
2023,4,5,716698629934481408,5927,Terry McLaurin,WR,22.6,0,0
2023,4,5,716698629934481408,6803,Brandon Aiyuk,WR,21.3,1,0
2023,4,5,716698629934481408,7042,Tyler Bass,K,14.0,1,0
2023,4,5,716698629934481408,8154,Brian Robinson,RB,12.1,0,0
2023,4,5,716698629934481408,1466,Travis Kelce,TE,12.0,1,0
2023,4,5,716698629934481408,1426,DeAndre Hopkins,WR,10.3,0,0
2023,4,5,716698629934481408,4018,Joe Mixon,RB,8.6,1,0
2023,4,5,716698629934481408,5870,Daniel Jones,QB,8.22,1,0
2023,4,5,716698629934481408,6938,Cam Akers,RB,7.1,0,0
2023,4,5,716698629934481408,8137,George Pickens,WR,4.5,1,0
2023,4,5,716698629934481408,7553,Kyle Pitts,TE,4.1,0,0
2023,4,5,716698629934481408,7588,Javonte Williams,RB,3.9,1,0
2023,4,5,716698629934481408,PHI,Philadelphia Eagles,DEF,3.25,1,0
2023,4,5,716698629934481408,8168,Skyy Moore,WR,1.9,0,0
2023,4,6,736740647758938112,5892,David Montgomery,RB,34.6,0,0
2023,4,6,736740647758938112,9226,De'Von Achane,RB,27.5,1,0
2023,4,6,736740647758938112,6794,Justin Jefferson,WR,26.5,1,0
2023,4,6,736740647758938112,4195,Jake Elliott,K,18.0,1,0
2023,4,6,736740647758938112,421,Matthew Stafford,QB,16.66,0,0
2023,4,6,736740647758938112,6768,Tua Tagovailoa,QB,13.48,1,0
2023,4,6,736740647758938112,8155,Breece Hall,RB,9.9,1,0
2023,4,6,736740647758938112,2374,Tyler Lockett,WR,9.4,1,0
2023,4,6,736740647758938112,9228,Bryce Young,QB,7.66,1,0
2023,4,6,736740647758938112,5022,Dallas Goedert,TE,4.5,1,0
2023,4,6,736740647758938112,6801,Tee Higgins,WR,3.9,1,0
2023,4,6,736740647758938112,NO,New Orleans Saints,DEF,3.25,1,0
2023,4,6,736740647758938112,4029,Dalvin Cook,RB,2.8,0,0
2023,4,6,736740647758938112,2161,Jerick McKinnon,RB,0.7,0,0
2023,4,6,736740647758938112,2078,Odell Beckham,WR,0,0,0
2023,4,6,736740647758938112,4039,Cooper Kupp,WR,0,0,0
2023,4,6,736740647758938112,6813,Jonathan Taylor,RB,0,0,0
2023,4,7,735974647736213504,2449,Stefon Diggs,WR,38.0,1,0
2023,4,7,735974647736213504,9493,Puka Nacua,WR,31.8,1,0
2023,4,7,735974647736213504,8183,Brock Purdy,QB,21.32,1,0
2023,4,7,735974647736213504,4950,Christian Kirk,WR,16.4,0,0
2023,4,7,735974647736213504,8138,James Cook,RB,14.7,1,0
2023,4,7,735974647736213504,3451,Ka'imi Fairbairn,K,12.0,1,0
2023,4,7,735974647736213504,8112,Drake London,WR,11.8,0,0
2023,4,7,735974647736213504,3321,Tyreek Hill,WR,10.2,1,0
2023,4,7,735974647736213504,10859,Sam LaPorta,TE,9.6,1,0
2023,4,7,735974647736213504,1166,Kirk Cousins,QB,8.56,1,0
2023,4,7,735974647736213504,CLE,Cleveland Browns,DEF,7.75,0,0
2023,4,7,735974647736213504,8159,Desmond Ridder,QB,6.24,0,0
2023,4,7,735974647736213504,KC,Kansas City Chiefs,DEF,5.5,1,0
2023,4,7,735974647736213504,5947,Jakobi Meyers,WR,5.3,0,0
2023,4,7,735974647736213504,2749,Raheem Mostert,RB,4.5,0,0
2023,4,7,735974647736213504,4199,Aaron Jones,RB,2.4,1,0
2023,4,8,736803054736822272,4034,Christian McCaffrey,RB,49.2,1,0
2023,4,8,736803054736822272,5859,A.J. Brown,WR,40.5,1,0
2023,4,8,736803054736822272,4892,Baker Mayfield,QB,23.44,1,0
2023,4,8,736803054736822272,8121,Romeo Doubs,WR,18.5,1,0
2023,4,8,736803054736822272,6790,D'Andre Swift,RB,17.9,0,0
2023,4,8,736803054736822272,11533,Brandon Aubrey,K,12.0,1,0
2023,4,8,736803054736822272,BUF,Buffalo Bills,DEF,12.0,1,0
2023,4,8,736803054736822272,4981,Calvin Ridley,WR,11.8,1,0
2023,4,8,736803054736822272,3163,Jared Goff,QB,11.4,1,0
2023,4,8,736803054736822272,8167,Christian Watson,WR,10.5,0,0
2023,4,8,736803054736822272,3214,Hunter Henry,TE,9.1,1,0
2023,4,8,736803054736822272,5967,Tony Pollard,RB,9.0,1,0
2023,4,8,736803054736822272,2197,Brandin Cooks,WR,5.7,0,0
2023,4,8,736803054736822272,7567,Kenny Gainwell,RB,5.1,0,0
2023,4,8,736803054736822272,9754,Quentin Johnston,WR,2.8,0,0
2023,4,8,736803054736822272,4017,Deshaun Watson,QB,0,0,0
2023,4,9,710284244835979264,4984,Josh Allen,QB,37.5,1,0
2023,4,9,710284244835979264,8205,Isiah Pacheco,RB,25.8,1,0
2023,4,9,710284244835979264,6804,Jordan Love,QB,16.64,0,0
2023,4,9,710284244835979264,7547,Amon-Ra St. Brown,WR,16.6,1,0
2023,4,9,710284244835979264,8146,Garrett Wilson,WR,15.0,1,0
2023,4,9,710284244835979264,3294,Dak Prescott,QB,14.84,1,0
2023,4,9,710284244835979264,6786,CeeDee Lamb,WR,14.8,1,0
2023,4,9,710284244835979264,4227,Harrison Butker,K,11.0,0,0
2023,4,9,710284244835979264,3199,Michael Thomas,WR,9.3,0,0
2023,4,9,710284244835979264,6783,Jerry Jeudy,WR,8.2,0,0
2023,4,9,710284244835979264,6151,Miles Sanders,RB,6.2,1,0
2023,4,9,710284244835979264,5844,T.J. Hockenson,TE,4.4,1,0
2023,4,9,710284244835979264,NYJ,New York Jets,DEF,4.25,0,0
2023,4,9,710284244835979264,CIN,Cincinnati Bengals,DEF,2.75,1,0
2023,4,9,710284244835979264,4040,JuJu Smith-Schuster,WR,2.4,0,0
2023,4,9,710284244835979264,4098,Kareem Hunt,RB,1.2,0,0
2023,4,9,710284244835979264,4666,Younghoe Koo,K,1.0,1,0
2023,4,9,710284244835979264,4988,Nick Chubb,RB,0,0,0
2023,4,10,475399371639222272,9229,Anthony Richardson,QB,28.6,1,0
2023,4,10,475399371639222272,4881,Lamar Jackson,QB,27.14,1,0
2023,4,10,475399371639222272,9758,C.J. Stroud,QB,22.84,0,0
2023,4,10,475399371639222272,4037,Chris Godwin,WR,19.9,0,0
2023,4,10,475399371639222272,MIN,Minnesota Vikings,DEF,19.75,1,0
2023,4,10,475399371639222272,6943,Gabe Davis,WR,15.1,0,0
2023,4,10,475399371639222272,8119,Jahan Dotson,WR,12.7,0,0
2023,4,10,475399371639222272,5045,Courtland Sutton,WR,11.7,1,0
2023,4,10,475399371639222272,5987,Alexander Mattison,RB,10.8,1,0
2023,4,10,475399371639222272,9221,Jahmyr Gibbs,RB,9.1,1,0
2023,4,10,475399371639222272,6845,Zack Moss,RB,9.0,1,0
2023,4,10,475399371639222272,7526,Jaylen Waddle,WR,8.6,1,0
2023,4,10,475399371639222272,7045,Joshua Kelley,RB,6.5,0,0
2023,4,10,475399371639222272,9488,Jaxon Smith-Njigba,WR,3.5,0,0
2023,4,10,475399371639222272,5119,Jason Sanders,K,2.0,1,0
2023,4,10,475399371639222272,4217,George Kittle,TE,1.9,1,0
2023,4,10,475399371639222272,4663,Austin Ekeler,RB,0,0,0
2023,5,1,608781531883859968,4983,DJ Moore,WR,51.5,1,0
2023,5,1,608781531883859968,4035,Alvin Kamara,RB,18.7,1,0
2023,5,1,608781531883859968,5848,Marquise Brown,WR,16.1,1,0
2023,5,1,608781531883859968,7523,Trevor Lawrence,QB,15.2,1,0
2023,5,1,608781531883859968,4179,Joshua Dobbs,QB,8.74,1,0
2023,5,1,608781531883859968,7569,Nico Collins,WR,6.9,1,0
2023,5,1,608781531883859968,10937,Jake Moody,K,6.0,1,0
2023,5,1,608781531883859968,8110,Jake Ferguson,TE,5.8,1,0
2023,5,1,608781531883859968,4455,Matt Breida,RB,3.4,1,0
2023,5,1,608781531883859968,NE,New England Patriots,DEF,2.5,1,0
2023,5,1,608781531883859968,8148,Jameson Williams,WR,2.2,0,0
2023,5,1,608781531883859968,10235,Roschon Johnson,RB,1.9,0,0
2023,5,1,608781531883859968,1479,Keenan Allen,WR,0,0,0
2023,5,1,608781531883859968,4866,Saquon Barkley,RB,0,0,0
2023,5,1,608781531883859968,5849,Kyler Murray,QB,0,0,0
2023,5,1,608781531883859968,6797,Justin Herbert,QB,0,0,0
2023,5,1,608781531883859968,7670,Joshua Palmer,WR,0,0,0
2023,5,2,736077599457026048,6904,Jalen Hurts,QB,27.82,1,0
2023,5,2,736077599457026048,8162,Sam Howell,QB,25.92,1,0
2023,5,2,736077599457026048,9756,Jordan Addison,WR,18.4,0,0
2023,5,2,736077599457026048,2505,Darren Waller,TE,16.6,1,0
2023,5,2,736077599457026048,9509,Bijan Robinson,RB,11.8,1,0
2023,5,2,736077599457026048,8228,Jaylen Warren,RB,10.9,0,0
2023,5,2,736077599457026048,3225,Tyler Boyd,WR,9.9,1,0
2023,5,2,736077599457026048,3198,Derrick Henry,RB,9.2,1,0
2023,5,2,736077599457026048,8129,Dameon Pierce,RB,9.2,1,0
2023,5,2,736077599457026048,8144,Chris Olave,WR,9.2,1,0
2023,5,2,736077599457026048,7562,Tutu Atwell,WR,8.9,0,0
2023,5,2,736077599457026048,7608,Khalil Herbert,RB,7.6,0,0
2023,5,2,736077599457026048,4958,Brett Maher,K,2.0,1,0
2023,5,2,736077599457026048,1373,Geno Smith,QB,0,0,0
2023,5,2,736077599457026048,2216,Mike Evans,WR,0,0,0
2023,5,2,736077599457026048,5846,DK Metcalf,WR,0,0,0
2023,5,2,736077599457026048,DAL,Dallas Cowboys,DEF,-2.25,1,0
2023,5,3,737091087440674816,7564,Ja'Marr Chase,WR,54.2,1,0
2023,5,3,737091087440674816,7543,Travis Etienne,RB,36.9,1,0
2023,5,3,737091087440674816,6770,Joe Burrow,QB,24.88,1,0
2023,5,3,737091087440674816,SF,San Francisco 49ers,DEF,20.0,1,0
2023,5,3,737091087440674816,2028,Derek Carr,QB,15.72,0,0
2023,5,3,737091087440674816,6828,AJ Dillon,RB,13.6,0,0
2023,5,3,737091087440674816,9997,Zay Flowers,WR,12.3,1,0
2023,5,3,737091087440674816,7839,Evan McPherson,K,12.0,1,0
2023,5,3,737091087440674816,5872,Deebo Samuel,WR,11.5,1,0
2023,5,3,737091087440674816,4066,Evan Engram,TE,6.8,1,0
2023,5,3,737091087440674816,7538,Zach Wilson,QB,6.56,1,0
2023,5,3,737091087440674816,8132,Tyler Allgeier,RB,6.0,0,0
2023,5,3,737091087440674816,7528,Najee Harris,RB,5.0,0,0
2023,5,3,737091087440674816,4137,James Conner,RB,4.6,1,0
2023,5,3,737091087440674816,10236,Dalton Kincaid,TE,3.9,0,0
2023,5,3,737091087440674816,2309,Amari Cooper,WR,0,0,0
2023,5,4,736744257179770880,1689,Adam Thielen,WR,28.2,0,0
2023,5,4,736744257179770880,5850,Josh Jacobs,RB,19.9,1,0
2023,5,4,736744257179770880,4046,Patrick Mahomes,QB,19.74,1,0
2023,5,4,736744257179770880,9493,Puka Nacua,WR,19.1,1,0
2023,5,4,736744257179770880,1234,Russell Wilson,QB,17.74,1,0
2023,5,4,736744257179770880,2749,Raheem Mostert,RB,14.8,1,0
2023,5,4,736744257179770880,5012,Mark Andrews,TE,12.5,1,0
2023,5,4,736744257179770880,6945,Antonio Gibson,RB,10.4,0,0
2023,5,4,736744257179770880,2133,Davante Adams,WR,8.5,1,0
2023,5,4,736744257179770880,BAL,Baltimore Ravens,DEF,8.25,1,0
2023,5,4,736744257179770880,1264,Justin Tucker,K,4.0,1,0
2023,5,4,736744257179770880,7525,DeVonta Smith,WR,1.6,1,0
2023,5,4,736744257179770880,8136,Rachaad White,RB,0,0,0
2023,5,4,736744257179770880,8151,Kenneth Walker,RB,0,0,0
2023,5,4,736744257179770880,9753,Zach Charbonnet,RB,0,0,0
2023,5,5,716698629934481408,7591,Justin Fields,QB,33.98,1,0
2023,5,5,716698629934481408,8137,George Pickens,WR,27.6,0,0
2023,5,5,716698629934481408,1466,Travis Kelce,TE,22.7,1,0
2023,5,5,716698629934481408,1426,DeAndre Hopkins,WR,22.5,0,0
2023,5,5,716698629934481408,4018,Joe Mixon,RB,13.4,1,0
2023,5,5,716698629934481408,6803,Brandon Aiyuk,WR,9.8,1,0
2023,5,5,716698629934481408,5927,Terry McLaurin,WR,8.9,1,0
2023,5,5,716698629934481408,8154,Brian Robinson,RB,8.3,1,0
2023,5,5,716698629934481408,8150,Kyren Williams,RB,7.7,1,0
2023,5,5,716698629934481408,PHI,Philadelphia Eagles,DEF,7.5,1,0
2023,5,5,716698629934481408,5870,Daniel Jones,QB,7.16,1,0
2023,5,5,716698629934481408,5248,Gus Edwards,RB,4.8,0,0
2023,5,5,716698629934481408,10232,Michael Wilson,WR,2.8,0,0
2023,5,5,716698629934481408,7611,Rhamondre Stevenson,RB,2.4,0,0
2023,5,5,716698629934481408,7042,Tyler Bass,K,2.0,1,0
2023,5,5,716698629934481408,7588,Javonte Williams,RB,0,0,0
2023,5,6,736740647758938112,8155,Breece Hall,RB,30.4,1,0
2023,5,6,736740647758938112,5022,Dallas Goedert,TE,26.2,1,0
2023,5,6,736740647758938112,9226,De'Von Achane,RB,23.5,1,0
2023,5,6,736740647758938112,5892,David Montgomery,RB,21.9,1,0
2023,5,6,736740647758938112,4039,Cooper Kupp,WR,20.3,1,0
2023,5,6,736740647758938112,9228,Bryce Young,QB,18.78,0,0
2023,5,6,736740647758938112,6768,Tua Tagovailoa,QB,17.92,1,0
2023,5,6,736740647758938112,421,Matthew Stafford,QB,16.88,1,0
2023,5,6,736740647758938112,7553,Kyle Pitts,TE,15.7,0,0
2023,5,6,736740647758938112,MIA,Miami Dolphins,DEF,12.75,1,0
2023,5,6,736740647758938112,4195,Jake Elliott,K,11.0,1,0
2023,5,6,736740647758938112,1339,Zach Ertz,TE,9.0,0,0
2023,5,6,736740647758938112,6794,Justin Jefferson,WR,5.8,1,0
2023,5,6,736740647758938112,6813,Jonathan Taylor,RB,4.4,0,0
2023,5,6,736740647758938112,2374,Tyler Lockett,WR,0,0,0
2023,5,6,736740647758938112,6801,Tee Higgins,WR,0,0,0
2023,5,7,735974647736213504,3321,Tyreek Hill,WR,34.1,1,0
2023,5,7,735974647736213504,8159,Desmond Ridder,QB,26.66,1,0
2023,5,7,735974647736213504,8183,Brock Purdy,QB,26.08,0,0
2023,5,7,735974647736213504,2449,Stefon Diggs,WR,24.6,1,0
2023,5,7,735974647736213504,5947,Jakobi Meyers,WR,20.5,0,0
2023,5,7,735974647736213504,10859,Sam LaPorta,TE,19.7,1,0
2023,5,7,735974647736213504,1166,Kirk Cousins,QB,19.36,1,0
2023,5,7,735974647736213504,8112,Drake London,WR,14.68,0,0
2023,5,7,735974647736213504,4950,Christian Kirk,WR,14.4,0,0
2023,5,7,735974647736213504,6819,Michael Pittman,WR,10.2,1,0
2023,5,7,735974647736213504,9502,Tank Dell,WR,8.3,0,0
2023,5,7,735974647736213504,7922,Riley Patterson,K,6.0,1,0
2023,5,7,735974647736213504,8138,James Cook,RB,5.1,1,0
2023,5,7,735974647736213504,2359,Ameer Abdullah,RB,2.5,1,0
2023,5,7,735974647736213504,4199,Aaron Jones,RB,0,0,0
2023,5,7,735974647736213504,8143,Jerome Ford,RB,0,0,0
2023,5,7,735974647736213504,9488,Jaxon Smith-Njigba,WR,0,0,0
2023,5,7,735974647736213504,TEN,Tennessee Titans,DEF,-0.75,1,0
2023,5,8,736803054736822272,3163,Jared Goff,QB,27.44,1,0
2023,5,8,736803054736822272,4981,Calvin Ridley,WR,21.1,1,0
2023,5,8,736803054736822272,5859,A.J. Brown,WR,19.2,1,0
2023,5,8,736803054736822272,6790,D'Andre Swift,RB,16.8,1,0
2023,5,8,736803054736822272,4034,Christian McCaffrey,RB,13.8,1,0
2023,5,8,736803054736822272,8167,Christian Watson,WR,11.6,0,0
2023,5,8,736803054736822272,5967,Tony Pollard,RB,8.4,1,0
2023,5,8,736803054736822272,11533,Brandon Aubrey,K,6.0,1,0
2023,5,8,736803054736822272,BUF,Buffalo Bills,DEF,5.25,1,0
2023,5,8,736803054736822272,7567,Kenny Gainwell,RB,3.4,0,0
2023,5,8,736803054736822272,2197,Brandin Cooks,WR,2.3,0,0
2023,5,8,736803054736822272,8121,Romeo Doubs,WR,1.4,1,0
2023,5,8,736803054736822272,3214,Hunter Henry,TE,0,1,0
2023,5,8,736803054736822272,4017,Deshaun Watson,QB,0,0,0
2023,5,8,736803054736822272,4892,Baker Mayfield,QB,0,0,0
2023,5,8,736803054736822272,9754,Quentin Johnston,WR,0,0,0
2023,5,9,710284244835979264,4984,Josh Allen,QB,28.26,1,0
2023,5,9,710284244835979264,CIN,Cincinnati Bengals,DEF,22.25,0,0
2023,5,9,710284244835979264,NYJ,New York Jets,DEF,19.0,1,0
2023,5,9,710284244835979264,11439,Jaleel McLaughlin,RB,17.9,0,0
2023,5,9,710284244835979264,8205,Isiah Pacheco,RB,13.4,1,0
2023,5,9,710284244835979264,6783,Jerry Jeudy,WR,11.0,0,0
2023,5,9,710284244835979264,3199,Michael Thomas,WR,10.5,1,0
2023,5,9,710284244835979264,5844,T.J. Hockenson,TE,10.1,1,0
2023,5,9,710284244835979264,4227,Harrison Butker,K,10.0,1,0
2023,5,9,710284244835979264,6786,CeeDee Lamb,WR,8.9,1,0
2023,5,9,710284244835979264,8146,Garrett Wilson,WR,8.4,1,0
2023,5,9,710284244835979264,6804,Jordan Love,QB,4.98,0,0
2023,5,9,710284244835979264,3294,Dak Prescott,QB,4.32,1,0
2023,5,9,710284244835979264,6151,Miles Sanders,RB,1.2,1,0
2023,5,9,710284244835979264,4098,Kareem Hunt,RB,0,0,0
2023,5,9,710284244835979264,4988,Nick Chubb,RB,0,0,0
2023,5,9,710284244835979264,7547,Amon-Ra St. Brown,WR,0,0,0
2023,5,10,475399371639222272,6845,Zack Moss,RB,35.5,0,0
2023,5,10,475399371639222272,4217,George Kittle,TE,27.7,1,0
2023,5,10,475399371639222272,6943,Gabe Davis,WR,22.5,0,0
2023,5,10,475399371639222272,7526,Jaylen Waddle,WR,14.5,1,0
2023,5,10,475399371639222272,9758,C.J. Stroud,QB,14.16,0,0
2023,5,10,475399371639222272,5987,Alexander Mattison,RB,12.6,1,0
2023,5,10,475399371639222272,4881,Lamar Jackson,QB,9.94,1,0
2023,5,10,475399371639222272,5119,Jason Sanders,K,8.0,1,0
2023,5,10,475399371639222272,DET,Detroit Lions,DEF,7.75,1,0
2023,5,10,475399371639222272,8119,Jahan Dotson,WR,6.0,1,0
2023,5,10,475399371639222272,7594,Chuba Hubbard,RB,4.5,1,0
2023,5,10,475399371639222272,9229,Anthony Richardson,QB,3.42,1,0
2023,5,10,475399371639222272,5045,Courtland Sutton,WR,2.3,1,0
2023,5,10,475399371639222272,4037,Chris Godwin,WR,0,0,0
2023,5,10,475399371639222272,4663,Austin Ekeler,RB,0,0,0
2023,5,10,475399371639222272,9221,Jahmyr Gibbs,RB,0,0,0
2023,6,1,608781531883859968,1479,Keenan Allen,WR,21.5,1,0
2023,6,1,608781531883859968,6797,Justin Herbert,QB,19.08,1,0
2023,6,1,608781531883859968,4035,Alvin Kamara,RB,17.4,1,0
2023,6,1,608781531883859968,7594,Chuba Hubbard,RB,16.0,0,0
2023,6,1,608781531883859968,7523,Trevor Lawrence,QB,14.74,1,0
2023,6,1,608781531883859968,4866,Saquon Barkley,RB,13.8,1,0
2023,6,1,608781531883859968,8148,Jameson Williams,WR,13.8,0,0
2023,6,1,608781531883859968,7569,Nico Collins,WR,12.0,1,0
2023,6,1,608781531883859968,6813,Jonathan Taylor,RB,11.5,0,0
2023,6,1,608781531883859968,LV,Las Vegas Raiders,DEF,11.5,1,0
2023,6,1,608781531883859968,4179,Joshua Dobbs,QB,10.1,0,0
2023,6,1,608781531883859968,7670,Joshua Palmer,WR,10.0,0,0
2023,6,1,608781531883859968,5848,Marquise Brown,WR,7.4,1,0
2023,6,1,608781531883859968,6826,Cole Kmet,TE,2.9,1,0
2023,6,1,608781531883859968,10937,Jake Moody,K,0,1,0
2023,6,1,608781531883859968,5849,Kyler Murray,QB,0,0,0
2023,6,1,608781531883859968,6794,Justin Jefferson,WR,0,0,0
2023,6,2,736077599457026048,3198,Derrick Henry,RB,19.3,1,0
2023,6,2,736077599457026048,8162,Sam Howell,QB,18.34,0,0
2023,6,2,736077599457026048,4046,Patrick Mahomes,QB,17.84,1,0
2023,6,2,736077599457026048,8144,Chris Olave,WR,16.6,1,0
2023,6,2,736077599457026048,4958,Brett Maher,K,15.0,1,0
2023,6,2,736077599457026048,9509,Bijan Robinson,RB,13.0,1,0
2023,6,2,736077599457026048,BAL,Baltimore Ravens,DEF,12.5,1,0
2023,6,2,736077599457026048,9756,Jordan Addison,WR,11.8,1,0
2023,6,2,736077599457026048,1373,Geno Smith,QB,11.54,1,0
2023,6,2,736077599457026048,5846,DK Metcalf,WR,10.9,0,0
2023,6,2,736077599457026048,7525,DeVonta Smith,WR,9.4,0,0
2023,6,2,736077599457026048,2505,Darren Waller,TE,9.3,0,0
2023,6,2,736077599457026048,2216,Mike Evans,WR,8.9,1,0
2023,6,2,736077599457026048,8129,Dameon Pierce,RB,3.4,0,0
2023,6,2,736077599457026048,2251,Logan Thomas,TE,1.2,1,0
2023,6,2,736077599457026048,5284,Jeff Wilson,RB,0,0,0
2023,6,2,736077599457026048,8228,Jaylen Warren,RB,0,0,0
2023,6,3,737091087440674816,7543,Travis Etienne,RB,23.3,1,0
2023,6,3,737091087440674816,9997,Zay Flowers,WR,17.1,1,0
2023,6,3,737091087440674816,2028,Derek Carr,QB,16.82,0,0
2023,6,3,737091087440674816,2309,Amari Cooper,WR,14.3,0,0
2023,6,3,737091087440674816,7564,Ja'Marr Chase,WR,14.0,1,0
2023,6,3,737091087440674816,6770,Joe Burrow,QB,13.8,1,0
2023,6,3,737091087440674816,4066,Evan Engram,TE,11.1,1,0
2023,6,3,737091087440674816,6011,Gardner Minshew,QB,10.06,1,0
2023,6,3,737091087440674816,SF,San Francisco 49ers,DEF,8.0,1,0
2023,6,3,737091087440674816,9508,Tyjae Spears,RB,7.3,0,0
2023,6,3,737091087440674816,7839,Evan McPherson,K,7.0,1,0
2023,6,3,737091087440674816,8132,Tyler Allgeier,RB,5.1,0,0
2023,6,3,737091087440674816,11199,Emari Demercado,RB,2.7,1,0
2023,6,3,737091087440674816,5872,Deebo Samuel,WR,1.1,1,0
2023,6,3,737091087440674816,10236,Dalton Kincaid,TE,0,0,0
2023,6,3,737091087440674816,4137,James Conner,RB,0,0,0
2023,6,3,737091087440674816,7528,Najee Harris,RB,0,0,0
2023,6,4,736744257179770880,2749,Raheem Mostert,RB,34.7,1,0
2023,6,4,736744257179770880,1689,Adam Thielen,WR,29.0,1,0
2023,6,4,736744257179770880,6904,Jalen Hurts,QB,20.4,1,0
2023,6,4,736744257179770880,1264,Justin Tucker,K,18.0,1,0
2023,6,4,736744257179770880,8151,Kenneth Walker,RB,17.9,0,0
2023,6,4,736744257179770880,5850,Josh Jacobs,RB,11.3,1,0
2023,6,4,736744257179770880,5012,Mark Andrews,TE,10.9,1,0
2023,6,4,736744257179770880,6945,Antonio Gibson,RB,8.6,0,0
2023,6,4,736744257179770880,DAL,Dallas Cowboys,DEF,7.75,1,0
2023,6,4,736744257179770880,1234,Russell Wilson,QB,6.9,1,0
2023,6,4,736744257179770880,8136,Rachaad White,RB,6.8,0,0
2023,6,4,736744257179770880,7596,Elijah Moore,WR,6.7,0,0
2023,6,4,736744257179770880,9493,Puka Nacua,WR,6.6,1,0
2023,6,4,736744257179770880,2133,Davante Adams,WR,4.9,1,0
2023,6,4,736744257179770880,9753,Zach Charbonnet,RB,3.9,0,0
2023,6,5,716698629934481408,8150,Kyren Williams,RB,22.3,1,0
2023,6,5,716698629934481408,1466,Travis Kelce,TE,21.9,1,0
2023,6,5,716698629934481408,7611,Rhamondre Stevenson,RB,18.0,1,0
2023,6,5,716698629934481408,5927,Terry McLaurin,WR,14.1,0,0
2023,6,5,716698629934481408,8154,Brian Robinson,RB,13.6,0,0
2023,6,5,716698629934481408,6803,Brandon Aiyuk,WR,11.6,1,0
2023,6,5,716698629934481408,10232,Michael Wilson,WR,9.2,0,0
2023,6,5,716698629934481408,4018,Joe Mixon,RB,9.2,1,0
2023,6,5,716698629934481408,1837,Jimmy Garoppolo,QB,8.88,1,0
2023,6,5,716698629934481408,PHI,Philadelphia Eagles,DEF,8.25,1,0
2023,6,5,716698629934481408,7588,Javonte Williams,RB,7.2,0,0
2023,6,5,716698629934481408,7591,Justin Fields,QB,4.92,1,0
2023,6,5,716698629934481408,1426,DeAndre Hopkins,WR,3.0,1,0
2023,6,5,716698629934481408,5870,Daniel Jones,QB,0,0,0
2023,6,5,716698629934481408,8137,George Pickens,WR,0,0,0
2023,6,5,716698629934481408,7042,Tyler Bass,K,-2.0,1,0
2023,6,6,736740647758938112,4039,Cooper Kupp,WR,28.3,1,0
2023,6,6,736740647758938112,6768,Tua Tagovailoa,QB,21.48,1,0
2023,6,6,736740647758938112,8155,Breece Hall,RB,20.3,1,0
2023,6,6,736740647758938112,2374,Tyler Lockett,WR,15.4,1,0
2023,6,6,736740647758938112,7553,Kyle Pitts,TE,14.3,0,0
2023,6,6,736740647758938112,421,Matthew Stafford,QB,13.24,1,0
2023,6,6,736740647758938112,9228,Bryce Young,QB,11.68,0,0
2023,6,6,736740647758938112,MIA,Miami Dolphins,DEF,11.5,1,0
2023,6,6,736740647758938112,4983,DJ Moore,WR,10.1,1,0
2023,6,6,736740647758938112,5022,Dallas Goedert,TE,9.2,1,0
2023,6,6,736740647758938112,7066,K.J. Osborn,WR,8.8,0,0
2023,6,6,736740647758938112,1339,Zach Ertz,TE,4.2,0,0
2023,6,6,736740647758938112,6801,Tee Higgins,WR,4.0,0,0
2023,6,6,736740647758938112,5892,David Montgomery,RB,3.3,1,0
2023,6,6,736740647758938112,10235,Roschon Johnson,RB,0,0,0
2023,6,6,736740647758938112,9226,De'Von Achane,RB,0,0,0
2023,6,6,736740647758938112,4195,Jake Elliott,K,-1.0,1,0
2023,6,7,735974647736213504,3321,Tyreek Hill,WR,29.3,1,0
2023,6,7,735974647736213504,8112,Drake London,WR,22.0,0,0
2023,6,7,735974647736213504,6819,Michael Pittman,WR,20.4,0,0
2023,6,7,735974647736213504,7526,Jaylen Waddle,WR,18.1,1,0
2023,6,7,735974647736213504,4881,Lamar Jackson,QB,17.12,1,0
2023,6,7,735974647736213504,5947,Jakobi Meyers,WR,17.1,1,0
2023,6,7,735974647736213504,KC,Kansas City Chiefs,DEF,17.0,1,0
2023,6,7,735974647736213504,8159,Desmond Ridder,QB,16.58,1,0
2023,6,7,735974647736213504,4950,Christian Kirk,WR,13.9,0,0
2023,6,7,735974647736213504,8143,Jerome Ford,RB,11.1,1,0
2023,6,7,735974647736213504,9488,Jaxon Smith-Njigba,WR,8.8,0,0
2023,6,7,735974647736213504,10859,Sam LaPorta,TE,7.6,1,0
2023,6,7,735974647736213504,8138,James Cook,RB,7.1,1,0
2023,6,7,735974647736213504,5119,Jason Sanders,K,6.0,1,0
2023,6,7,735974647736213504,4199,Aaron Jones,RB,0,0,0
2023,6,7,735974647736213504,9229,Anthony Richardson,QB,0,0,0
2023,6,7,735974647736213504,9502,Tank Dell,WR,0,0,0
2023,6,8,736803054736822272,3163,Jared Goff,QB,22.92,1,0
2023,6,8,736803054736822272,5859,A.J. Brown,WR,20.6,1,0
2023,6,8,736803054736822272,6790,D'Andre Swift,RB,17.8,1,0
2023,6,8,736803054736822272,5967,Tony Pollard,RB,17.0,1,0
2023,6,8,736803054736822272,2197,Brandin Cooks,WR,15.0,0,0
2023,6,8,736803054736822272,4034,Christian McCaffrey,RB,14.2,1,0
2023,6,8,736803054736822272,11533,Brandon Aubrey,K,8.0,1,0
2023,6,8,736803054736822272,BUF,Buffalo Bills,DEF,7.75,1,0
2023,6,8,736803054736822272,4892,Baker Mayfield,QB,6.84,1,0
2023,6,8,736803054736822272,4981,Calvin Ridley,WR,6.6,1,0
2023,6,8,736803054736822272,7567,Kenny Gainwell,RB,2.7,0,0
2023,6,8,736803054736822272,3214,Hunter Henry,TE,1.7,1,0
2023,6,8,736803054736822272,4017,Deshaun Watson,QB,0,0,0
2023,6,8,736803054736822272,8121,Romeo Doubs,WR,0,0,0
2023,6,8,736803054736822272,8167,Christian Watson,WR,0,0,0
2023,6,8,736803054736822272,9754,Quentin Johnston,WR,0,0,0
2023,6,9,710284244835979264,7547,Amon-Ra St. Brown,WR,30.9,1,0
2023,6,9,710284244835979264,3294,Dak Prescott,QB,24.88,1,0
2023,6,9,710284244835979264,6786,CeeDee Lamb,WR,19.2,1,0
2023,6,9,710284244835979264,4227,Harrison Butker,K,17.0,1,0
2023,6,9,710284244835979264,8146,Garrett Wilson,WR,17.0,1,0
2023,6,9,710284244835979264,8205,Isiah Pacheco,RB,15.8,1,0
2023,6,9,710284244835979264,4984,Josh Allen,QB,13.86,1,0
2023,6,9,710284244835979264,NYJ,New York Jets,DEF,12.0,0,0
2023,6,9,710284244835979264,5844,T.J. Hockenson,TE,11.0,1,0
2023,6,9,710284244835979264,3199,Michael Thomas,WR,9.5,0,0
2023,6,9,710284244835979264,ATL,Atlanta Falcons,DEF,8.25,1,0
2023,6,9,710284244835979264,8221,Keaontay Ingram,RB,7.1,0,0
2023,6,9,710284244835979264,4111,D'Onta Foreman,RB,6.7,1,0
2023,6,9,710284244835979264,11439,Jaleel McLaughlin,RB,6.2,0,0
2023,6,9,710284244835979264,6783,Jerry Jeudy,WR,4.4,0,0
2023,6,9,710284244835979264,4988,Nick Chubb,RB,0,0,0
2023,6,9,710284244835979264,6151,Miles Sanders,RB,0,0,0
2023,6,9,710284244835979264,6804,Jordan Love,QB,0,0,0
2023,6,10,475399371639222272,2449,Stefon Diggs,WR,20.5,1,0
2023,6,10,475399371639222272,6845,Zack Moss,RB,17.9,0,0
2023,6,10,475399371639222272,5045,Courtland Sutton,WR,14.6,0,0
2023,6,10,475399371639222272,9758,C.J. Stroud,QB,14.16,0,0
2023,6,10,475399371639222272,4037,Chris Godwin,WR,13.7,1,0
2023,6,10,475399371639222272,5987,Alexander Mattison,RB,11.2,1,0
2023,6,10,475399371639222272,4663,Austin Ekeler,RB,10.2,1,0
2023,6,10,475399371639222272,4171,Josh Reynolds,WR,8.0,0,0
2023,6,10,475399371639222272,1166,Kirk Cousins,QB,7.74,1,0
2023,6,10,475399371639222272,NO,New Orleans Saints,DEF,7.5,1,0
2023,6,10,475399371639222272,8183,Brock Purdy,QB,6.7,1,0
2023,6,10,475399371639222272,7922,Riley Patterson,K,6.0,1,0
2023,6,10,475399371639222272,6943,Gabe Davis,WR,3.1,1,0
2023,6,10,475399371639222272,4217,George Kittle,TE,1.1,1,0
2023,6,10,475399371639222272,5937,Diontae Johnson,WR,0,0,0
2023,6,10,475399371639222272,8119,Jahan Dotson,WR,0,0,0
2023,6,10,475399371639222272,9221,Jahmyr Gibbs,RB,0,0,0
2023,7,1,608781531883859968,4035,Alvin Kamara,RB,29.3,1,0
2023,7,1,608781531883859968,6813,Jonathan Taylor,RB,21.0,1,0
2023,7,1,608781531883859968,4866,Saquon Barkley,RB,18.8,1,0
2023,7,1,608781531883859968,7670,Joshua Palmer,WR,18.8,0,0
2023,7,1,608781531883859968,7523,Trevor Lawrence,QB,18.06,1,0
2023,7,1,608781531883859968,6797,Justin Herbert,QB,10.86,1,0
2023,7,1,608781531883859968,1479,Keenan Allen,WR,9.5,1,0
2023,7,1,608781531883859968,KC,Kansas City Chiefs,DEF,9.25,0,0
2023,7,1,608781531883859968,2251,Logan Thomas,TE,9.1,1,0
2023,7,1,608781531883859968,5848,Marquise Brown,WR,7.9,1,0
2023,7,1,608781531883859968,LV,Las Vegas Raiders,DEF,6.0,1,0
2023,7,1,608781531883859968,10937,Jake Moody,K,4.0,1,0
2023,7,1,608781531883859968,9482,Michael Mayer,TE,3.3,0,0
2023,7,1,608781531883859968,5849,Kyler Murray,QB,0,0,0
2023,7,1,608781531883859968,6794,Justin Jefferson,WR,0,0,0
2023,7,1,608781531883859968,7569,Nico Collins,WR,0,0,0
2023,7,1,608781531883859968,8148,Jameson Williams,WR,0,0,0
2023,7,2,736077599457026048,4046,Patrick Mahomes,QB,35.36,1,0
2023,7,2,736077599457026048,9756,Jordan Addison,WR,33.3,0,0
2023,7,2,736077599457026048,2505,Darren Waller,TE,22.8,1,0
2023,7,2,736077599457026048,2216,Mike Evans,WR,20.7,1,0
2023,7,2,736077599457026048,BAL,Baltimore Ravens,DEF,16.25,1,0
2023,7,2,736077599457026048,1373,Geno Smith,QB,13.76,1,0
2023,7,2,736077599457026048,5916,Darrell Henderson,RB,13.6,0,0
2023,7,2,736077599457026048,8144,Chris Olave,WR,12.7,1,0
2023,7,2,736077599457026048,8228,Jaylen Warren,RB,10.1,0,0
2023,7,2,736077599457026048,8162,Sam Howell,QB,9.46,0,0
2023,7,2,736077599457026048,7525,DeVonta Smith,WR,8.9,1,0
2023,7,2,736077599457026048,5284,Jeff Wilson,RB,1.4,1,0
2023,7,2,736077599457026048,9509,Bijan Robinson,RB,0.3,1,0
2023,7,2,736077599457026048,3198,Derrick Henry,RB,0,0,0
2023,7,2,736077599457026048,5846,DK Metcalf,WR,0,0,0
2023,7,2,736077599457026048,8129,Dameon Pierce,RB,0,0,0
2023,7,2,736077599457026048,4958,Brett Maher,K,-1.0,1,0
2023,7,3,737091087440674816,7543,Travis Etienne,RB,22.7,1,0
2023,7,3,737091087440674816,2028,Derek Carr,QB,16.94,1,0
2023,7,3,737091087440674816,10236,Dalton Kincaid,TE,15.5,0,0
2023,7,3,737091087440674816,8160,Kenny Pickett,QB,15.2,1,0
2023,7,3,737091087440674816,7528,Najee Harris,RB,14.8,1,0
2023,7,3,737091087440674816,9997,Zay Flowers,WR,11.5,1,0
2023,7,3,737091087440674816,7562,Tutu Atwell,WR,10.1,1,0
2023,7,3,737091087440674816,4066,Evan Engram,TE,9.5,1,0
2023,7,3,737091087440674816,2309,Amari Cooper,WR,4.2,1,0
2023,7,3,737091087440674816,5095,Daniel Carlson,K,4.0,1,0
2023,7,3,737091087440674816,4137,James Conner,RB,0,0,0
2023,7,3,737091087440674816,5872,Deebo Samuel,WR,0,0,0
2023,7,3,737091087440674816,6770,Joe Burrow,QB,0,0,0
2023,7,3,737091087440674816,7564,Ja'Marr Chase,WR,0,0,0
2023,7,3,737091087440674816,7839,Evan McPherson,K,0,0,0
2023,7,3,737091087440674816,9508,Tyjae Spears,RB,0,0,0
2023,7,3,737091087440674816,SF,San Francisco 49ers,DEF,-2.0,1,0
2023,7,4,736744257179770880,9493,Puka Nacua,WR,23.9,1,0
2023,7,4,736744257179770880,6904,Jalen Hurts,QB,23.26,1,0
2023,7,4,736744257179770880,5012,Mark Andrews,TE,22.3,1,0
2023,7,4,736744257179770880,8136,Rachaad White,RB,15.9,0,0
2023,7,4,736744257179770880,1234,Russell Wilson,QB,13.86,1,0
2023,7,4,736744257179770880,8151,Kenneth Walker,RB,13.6,1,0
2023,7,4,736744257179770880,2133,Davante Adams,WR,12.7,1,0
2023,7,4,736744257179770880,7596,Elijah Moore,WR,9.9,0,0
2023,7,4,736744257179770880,WAS,Washington Commanders,DEF,9.0,1,0
2023,7,4,736744257179770880,1264,Justin Tucker,K,8.0,1,0
2023,7,4,736744257179770880,2749,Raheem Mostert,RB,6.1,1,0
2023,7,4,736744257179770880,5850,Josh Jacobs,RB,5.1,1,0
2023,7,4,736744257179770880,6945,Antonio Gibson,RB,5.1,0,0
2023,7,4,736744257179770880,1689,Adam Thielen,WR,0,0,0
2023,7,4,736744257179770880,9753,Zach Charbonnet,RB,0,0,0
2023,7,4,736744257179770880,DAL,Dallas Cowboys,DEF,0,0,0
2023,7,5,716698629934481408,4950,Christian Kirk,WR,19.5,1,0
2023,7,5,716698629934481408,8137,George Pickens,WR,16.2,0,0
2023,7,5,716698629934481408,4179,Joshua Dobbs,QB,15.14,1,0
2023,7,5,716698629934481408,5927,Terry McLaurin,WR,15.0,1,0
2023,7,5,716698629934481408,7611,Rhamondre Stevenson,RB,14.5,1,0
2023,7,5,716698629934481408,CLE,Cleveland Browns,DEF,14.0,1,0
2023,7,5,716698629934481408,8112,Drake London,WR,11.4,1,0
2023,7,5,716698629934481408,10859,Sam LaPorta,TE,11.2,1,0
2023,7,5,716698629934481408,6803,Brandon Aiyuk,WR,10.7,1,0
2023,7,5,716698629934481408,8154,Brian Robinson,RB,8.3,1,0
2023,7,5,716698629934481408,7042,Tyler Bass,K,2.0,1,0
2023,7,5,716698629934481408,1426,DeAndre Hopkins,WR,0,0,0
2023,7,5,716698629934481408,4018,Joe Mixon,RB,0,0,0
2023,7,5,716698629934481408,5870,Daniel Jones,QB,0,0,0
2023,7,5,716698629934481408,7591,Justin Fields,QB,0,0,0
2023,7,5,716698629934481408,8150,Kyren Williams,RB,0,0,0
2023,7,6,736740647758938112,5022,Dallas Goedert,TE,18.7,1,0
2023,7,6,736740647758938112,4098,Kareem Hunt,RB,15.1,1,0
2023,7,6,736740647758938112,421,Matthew Stafford,QB,14.04,1,0
2023,7,6,736740647758938112,4983,DJ Moore,WR,13.4,1,0
2023,7,6,736740647758938112,6768,Tua Tagovailoa,QB,10.34,1,0
2023,7,6,736740647758938112,MIA,Miami Dolphins,DEF,10.25,0,0
2023,7,6,736740647758938112,2374,Tyler Lockett,WR,7.8,1,0
2023,7,6,736740647758938112,7553,Kyle Pitts,TE,7.7,0,0
2023,7,6,736740647758938112,4195,Jake Elliott,K,7.0,1,0
2023,7,6,736740647758938112,4039,Cooper Kupp,WR,6.9,1,0
2023,7,6,736740647758938112,5046,Royce Freeman,RB,6.6,1,0
2023,7,6,736740647758938112,LAR,Los Angeles Rams,DEF,3.5,1,0
2023,7,6,736740647758938112,5892,David Montgomery,RB,0,0,0
2023,7,6,736740647758938112,6801,Tee Higgins,WR,0,0,0
2023,7,6,736740647758938112,8155,Breece Hall,RB,0,0,0
2023,7,6,736740647758938112,9226,De'Von Achane,RB,0,0,0
2023,7,6,736740647758938112,9228,Bryce Young,QB,0,0,0
2023,7,7,735974647736213504,1466,Travis Kelce,TE,36.4,1,0
2023,7,7,735974647736213504,4881,Lamar Jackson,QB,33.88,1,0
2023,7,7,735974647736213504,3321,Tyreek Hill,WR,25.8,1,0
2023,7,7,735974647736213504,8138,James Cook,RB,19.2,0,0
2023,7,7,735974647736213504,8143,Jerome Ford,RB,18.9,1,0
2023,7,7,735974647736213504,5947,Jakobi Meyers,WR,18.0,1,0
2023,7,7,735974647736213504,6819,Michael Pittman,WR,17.8,1,0
2023,7,7,735974647736213504,10229,Rashee Rice,WR,17.0,0,0
2023,7,7,735974647736213504,9488,Jaxon Smith-Njigba,WR,16.3,0,0
2023,7,7,735974647736213504,8159,Desmond Ridder,QB,13.8,0,0
2023,7,7,735974647736213504,SEA,Seattle Seahawks,DEF,13.0,1,0
2023,7,7,735974647736213504,7588,Javonte Williams,RB,12.6,0,0
2023,7,7,735974647736213504,7526,Jaylen Waddle,WR,12.3,1,0
2023,7,7,735974647736213504,4199,Aaron Jones,RB,8.7,1,0
2023,7,7,735974647736213504,5119,Jason Sanders,K,6.0,1,0
2023,7,7,735974647736213504,5001,Dalton Schultz,TE,0,0,0
2023,7,7,735974647736213504,9502,Tank Dell,WR,0,0,0
2023,7,8,736803054736822272,5859,A.J. Brown,WR,30.2,1,0
2023,7,8,736803054736822272,4034,Christian McCaffrey,RB,22.6,1,0
2023,7,8,736803054736822272,4892,Baker Mayfield,QB,15.7,1,0
2023,7,8,736803054736822272,8121,Romeo Doubs,WR,11.0,0,0
2023,7,8,736803054736822272,6790,D'Andre Swift,RB,10.5,1,0
2023,7,8,736803054736822272,4033,David Njoku,TE,10.4,1,0
2023,7,8,736803054736822272,2747,Jason Myers,K,9.0,1,0
2023,7,8,736803054736822272,3163,Jared Goff,QB,7.86,1,0
2023,7,8,736803054736822272,8167,Christian Watson,WR,5.7,1,0
2023,7,8,736803054736822272,3214,Hunter Henry,TE,4.7,0,0
2023,7,8,736803054736822272,9754,Quentin Johnston,WR,3.0,0,0
2023,7,8,736803054736822272,4981,Calvin Ridley,WR,1.5,1,0
2023,7,8,736803054736822272,BUF,Buffalo Bills,DEF,1.25,1,0
2023,7,8,736803054736822272,2197,Brandin Cooks,WR,0,0,0
2023,7,8,736803054736822272,5967,Tony Pollard,RB,0,0,0
2023,7,8,736803054736822272,4017,Deshaun Watson,QB,-1.8,0,0
2023,7,9,710284244835979264,4111,D'Onta Foreman,RB,33.0,0,0
2023,7,9,710284244835979264,4984,Josh Allen,QB,24.8,1,0
2023,7,9,710284244835979264,7547,Amon-Ra St. Brown,WR,23.7,1,0
2023,7,9,710284244835979264,5844,T.J. Hockenson,TE,19.6,1,0
2023,7,9,710284244835979264,8205,Isiah Pacheco,RB,16.0,1,0
2023,7,9,710284244835979264,6804,Jordan Love,QB,15.3,1,0
2023,7,9,710284244835979264,3199,Michael Thomas,WR,13.2,1,0
2023,7,9,710284244835979264,ATL,Atlanta Falcons,DEF,11.75,1,0
2023,7,9,710284244835979264,6783,Jerry Jeudy,WR,11.4,1,0
2023,7,9,710284244835979264,4227,Harrison Butker,K,7.0,1,0
2023,7,9,710284244835979264,6659,Craig Reynolds,RB,3.5,1,0
2023,7,9,710284244835979264,3294,Dak Prescott,QB,0,0,0
2023,7,9,710284244835979264,6151,Miles Sanders,RB,0,0,0
2023,7,9,710284244835979264,6786,CeeDee Lamb,WR,0,0,0
2023,7,9,710284244835979264,8146,Garrett Wilson,WR,0,0,0
2023,7,9,710284244835979264,8221,Keaontay Ingram,RB,0,0,0
2023,7,9,710284244835979264,NYJ,New York Jets,DEF,0,0,0
2023,7,10,475399371639222272,9221,Jahmyr Gibbs,RB,27.6,1,0
2023,7,10,475399371639222272,1166,Kirk Cousins,QB,22.52,1,0
2023,7,10,475399371639222272,5045,Courtland Sutton,WR,19.6,0,0
2023,7,10,475399371639222272,2449,Stefon Diggs,WR,17.8,1,0
2023,7,10,475399371639222272,4217,George Kittle,TE,13.0,1,0
2023,7,10,475399371639222272,5937,Diontae Johnson,WR,12.9,1,0
2023,7,10,475399371639222272,8183,Brock Purdy,QB,12.78,1,0
2023,7,10,475399371639222272,4037,Chris Godwin,WR,12.6,1,0
2023,7,10,475399371639222272,7066,K.J. Osborn,WR,9.7,0,0
2023,7,10,475399371639222272,6845,Zack Moss,RB,7.2,0,0
2023,7,10,475399371639222272,5987,Alexander Mattison,RB,6.2,0,0
2023,7,10,475399371639222272,NO,New Orleans Saints,DEF,6.0,1,0
2023,7,10,475399371639222272,4663,Austin Ekeler,RB,5.6,1,0
2023,7,10,475399371639222272,6943,Gabe Davis,WR,1.6,0,0
2023,7,10,475399371639222272,10235,Roschon Johnson,RB,0,0,0
2023,7,10,475399371639222272,7922,Riley Patterson,K,0,1,0
2023,7,10,475399371639222272,9758,C.J. Stroud,QB,0,0,0
2023,8,1,608781531883859968,4035,Alvin Kamara,RB,27.0,1,0
2023,8,1,608781531883859968,6797,Justin Herbert,QB,24.52,1,0
2023,8,1,608781531883859968,2251,Logan Thomas,TE,16.4,1,0
2023,8,1,608781531883859968,4866,Saquon Barkley,RB,16.3,1,0
2023,8,1,608781531883859968,7523,Trevor Lawrence,QB,15.68,1,0
2023,8,1,608781531883859968,5848,Marquise Brown,WR,15.3,0,0
2023,8,1,608781531883859968,1479,Keenan Allen,WR,14.9,1,0
2023,8,1,608781531883859968,11533,Brandon Aubrey,K,13.0,1,0
2023,8,1,608781531883859968,KC,Kansas City Chiefs,DEF,13.0,1,0
2023,8,1,608781531883859968,6813,Jonathan Taylor,RB,10.7,1,0
2023,8,1,608781531883859968,PIT,Pittsburgh Steelers,DEF,9.25,0,0
2023,8,1,608781531883859968,7569,Nico Collins,WR,7.0,1,0
2023,8,1,608781531883859968,7670,Joshua Palmer,WR,5.4,0,0
2023,8,1,608781531883859968,1837,Jimmy Garoppolo,QB,4.24,0,0
2023,8,1,608781531883859968,8148,Jameson Williams,WR,3.6,0,0
2023,8,1,608781531883859968,5849,Kyler Murray,QB,0,0,0
2023,8,1,608781531883859968,6794,Justin Jefferson,WR,0,0,0
2023,8,2,736077599457026048,8162,Sam Howell,QB,30.48,0,0
2023,8,2,736077599457026048,4663,Austin Ekeler,RB,23.3,1,0
2023,8,2,736077599457026048,7525,DeVonta Smith,WR,22.9,1,0
2023,8,2,736077599457026048,3198,Derrick Henry,RB,16.7,1,0
2023,8,2,736077599457026048,8259,Cameron Dicker,K,16.0,1,0
2023,8,2,736077599457026048,2216,Mike Evans,WR,12.9,1,0
2023,8,2,736077599457026048,1373,Geno Smith,QB,12.86,1,0
2023,8,2,736077599457026048,5846,DK Metcalf,WR,11.7,0,0
2023,8,2,736077599457026048,5916,Darrell Henderson,RB,11.5,0,0
2023,8,2,736077599457026048,10229,Rashee Rice,WR,9.6,0,0
2023,8,2,736077599457026048,8144,Chris Olave,WR,9.6,1,0
2023,8,2,736077599457026048,BAL,Baltimore Ravens,DEF,9.0,1,0
2023,8,2,736077599457026048,8228,Jaylen Warren,RB,7.8,0,0
2023,8,2,736077599457026048,4046,Patrick Mahomes,QB,5.6,1,0
2023,8,2,736077599457026048,8129,Dameon Pierce,RB,4.6,0,0
2023,8,2,736077599457026048,2505,Darren Waller,TE,1.4,1,0
2023,8,3,737091087440674816,6770,Joe Burrow,QB,28.12,1,0
2023,8,3,737091087440674816,7543,Travis Etienne,RB,27.4,1,0
2023,8,3,737091087440674816,7564,Ja'Marr Chase,WR,24.7,1,0
2023,8,3,737091087440674816,2028,Derek Carr,QB,19.3,1,0
2023,8,3,737091087440674816,10236,Dalton Kincaid,TE,17.5,0,0
2023,8,3,737091087440674816,4066,Evan Engram,TE,16.8,1,0
2023,8,3,737091087440674816,2309,Amari Cooper,WR,14.9,1,0
2023,8,3,737091087440674816,9500,Josh Downs,WR,14.2,0,0
2023,8,3,737091087440674816,7528,Najee Harris,RB,10.5,1,0
2023,8,3,737091087440674816,7839,Evan McPherson,K,7.0,1,0
2023,8,3,737091087440674816,9997,Zay Flowers,WR,6.9,1,0
2023,8,3,737091087440674816,9508,Tyjae Spears,RB,6.6,0,0
2023,8,3,737091087440674816,8160,Kenny Pickett,QB,2.92,0,0
2023,8,3,737091087440674816,5095,Daniel Carlson,K,2.0,0,0
2023,8,3,737091087440674816,SF,San Francisco 49ers,DEF,1.75,1,0
2023,8,3,737091087440674816,4137,James Conner,RB,0,0,0
2023,8,3,737091087440674816,5872,Deebo Samuel,WR,0,0,0
2023,8,4,736744257179770880,6904,Jalen Hurts,QB,27.86,1,0
2023,8,4,736744257179770880,DAL,Dallas Cowboys,DEF,20.0,1,0
2023,8,4,736744257179770880,8136,Rachaad White,RB,17.9,0,0
2023,8,4,736744257179770880,1234,Russell Wilson,QB,16.56,0,0
2023,8,4,736744257179770880,5850,Josh Jacobs,RB,15.8,1,0
2023,8,4,736744257179770880,1689,Adam Thielen,WR,15.2,1,0
2023,8,4,736744257179770880,5012,Mark Andrews,TE,14.0,1,0
2023,8,4,736744257179770880,2749,Raheem Mostert,RB,10.6,1,0
2023,8,4,736744257179770880,6945,Antonio Gibson,RB,9.2,0,0
2023,8,4,736744257179770880,9753,Zach Charbonnet,RB,8.4,0,0
2023,8,4,736744257179770880,8151,Kenneth Walker,RB,8.0,1,0
2023,8,4,736744257179770880,9493,Puka Nacua,WR,7.3,1,0
2023,8,4,736744257179770880,1264,Justin Tucker,K,6.0,1,0
2023,8,4,736744257179770880,7596,Elijah Moore,WR,5.0,0,0
2023,8,4,736744257179770880,2133,Davante Adams,WR,2.1,1,0
2023,8,4,736744257179770880,WAS,Washington Commanders,DEF,1.0,0,0
2023,8,5,716698629934481408,1426,DeAndre Hopkins,WR,37.3,0,0
2023,8,5,716698629934481408,4179,Joshua Dobbs,QB,22.42,1,0
2023,8,5,716698629934481408,4018,Joe Mixon,RB,20.0,1,0
2023,8,5,716698629934481408,10859,Sam LaPorta,TE,19.7,1,0
2023,8,5,716698629934481408,5927,Terry McLaurin,WR,17.3,1,0
2023,8,5,716698629934481408,6803,Brandon Aiyuk,WR,16.4,1,0
2023,8,5,716698629934481408,4666,Younghoe Koo,K,12.0,1,0
2023,8,5,716698629934481408,8112,Drake London,WR,10.5,0,0
2023,8,5,716698629934481408,8154,Brian Robinson,RB,9.9,0,0
2023,8,5,716698629934481408,8137,George Pickens,WR,9.2,1,0
2023,8,5,716698629934481408,4950,Christian Kirk,WR,8.6,1,0
2023,8,5,716698629934481408,7611,Rhamondre Stevenson,RB,7.0,1,0
2023,8,5,716698629934481408,CLE,Cleveland Browns,DEF,6.25,1,0
2023,8,5,716698629934481408,5870,Daniel Jones,QB,0,0,0
2023,8,5,716698629934481408,7591,Justin Fields,QB,0,0,0
2023,8,5,716698629934481408,8150,Kyren Williams,RB,0,0,0
2023,8,6,736740647758938112,5248,Gus Edwards,RB,28.4,0,0
2023,8,6,736740647758938112,8155,Breece Hall,RB,22.8,1,0
2023,8,6,736740647758938112,6768,Tua Tagovailoa,QB,22.26,1,0
2023,8,6,736740647758938112,2374,Tyler Lockett,WR,22.1,0,0
2023,8,6,736740647758938112,9228,Bryce Young,QB,14.5,0,0
2023,8,6,736740647758938112,4098,Kareem Hunt,RB,13.7,1,0
2023,8,6,736740647758938112,6801,Tee Higgins,WR,11.9,1,0
2023,8,6,736740647758938112,421,Matthew Stafford,QB,11.38,1,0
2023,8,6,736740647758938112,4195,Jake Elliott,K,10.0,1,0
2023,8,6,736740647758938112,MIA,Miami Dolphins,DEF,9.75,1,0
2023,8,6,736740647758938112,4983,DJ Moore,WR,9.5,1,0
2023,8,6,736740647758938112,11199,Emari Demercado,RB,8.9,0,0
2023,8,6,736740647758938112,5022,Dallas Goedert,TE,7.6,1,0
2023,8,6,736740647758938112,7553,Kyle Pitts,TE,6.5,0,0
2023,8,6,736740647758938112,4039,Cooper Kupp,WR,6.1,1,0
2023,8,6,736740647758938112,5892,David Montgomery,RB,0,0,0
2023,8,6,736740647758938112,9226,De'Von Achane,RB,0,0,0
2023,8,7,735974647736213504,3321,Tyreek Hill,WR,26.2,1,0
2023,8,7,735974647736213504,7526,Jaylen Waddle,WR,25.6,1,0
2023,8,7,735974647736213504,7588,Javonte Williams,RB,18.8,1,0
2023,8,7,735974647736213504,6819,Michael Pittman,WR,18.0,1,0
2023,8,7,735974647736213504,6011,Gardner Minshew,QB,14.82,1,0
2023,8,7,735974647736213504,7922,Riley Patterson,K,13.0,1,0
2023,8,7,735974647736213504,9488,Jaxon Smith-Njigba,WR,12.6,0,0
2023,8,7,735974647736213504,4881,Lamar Jackson,QB,11.98,1,0
2023,8,7,735974647736213504,1466,Travis Kelce,TE,11.8,1,0
2023,8,7,735974647736213504,8138,James Cook,RB,8.3,1,0
2023,8,7,735974647736213504,4199,Aaron Jones,RB,7.6,0,0
2023,8,7,735974647736213504,9502,Tank Dell,WR,6.1,0,0
2023,8,7,735974647736213504,8143,Jerome Ford,RB,4.9,0,0
2023,8,7,735974647736213504,8159,Desmond Ridder,QB,3.44,0,0
2023,8,7,735974647736213504,5947,Jakobi Meyers,WR,2.9,0,0
2023,8,7,735974647736213504,PHI,Philadelphia Eagles,DEF,1.25,1,0
2023,8,8,736803054736822272,5859,A.J. Brown,WR,33.5,1,0
2023,8,8,736803054736822272,4034,Christian McCaffrey,RB,29.8,1,0
2023,8,8,736803054736822272,4892,Baker Mayfield,QB,20.88,1,0
2023,8,8,736803054736822272,4033,David Njoku,TE,17.7,1,0
2023,8,8,736803054736822272,6790,D'Andre Swift,RB,14.4,1,0
2023,8,8,736803054736822272,4981,Calvin Ridley,WR,14.3,1,0
2023,8,8,736803054736822272,2197,Brandin Cooks,WR,14.2,0,0
2023,8,8,736803054736822272,3163,Jared Goff,QB,13.18,1,0
2023,8,8,736803054736822272,8121,Romeo Doubs,WR,11.8,0,0
2023,8,8,736803054736822272,9754,Quentin Johnston,WR,10.0,0,0
2023,8,8,736803054736822272,BUF,Buffalo Bills,DEF,6.75,1,0
2023,8,8,736803054736822272,5967,Tony Pollard,RB,6.5,1,0
2023,8,8,736803054736822272,8167,Christian Watson,WR,6.3,0,0
2023,8,8,736803054736822272,2747,Jason Myers,K,6.0,1,0
2023,8,8,736803054736822272,3214,Hunter Henry,TE,5.8,0,0
2023,8,8,736803054736822272,4017,Deshaun Watson,QB,0,0,0
2023,8,9,710284244835979264,6786,CeeDee Lamb,WR,41.5,1,0
2023,8,9,710284244835979264,4984,Josh Allen,QB,29.56,1,0
2023,8,9,710284244835979264,3294,Dak Prescott,QB,28.56,1,0
2023,8,9,710284244835979264,5844,T.J. Hockenson,TE,20.8,1,0
2023,8,9,710284244835979264,8146,Garrett Wilson,WR,18.1,1,0
2023,8,9,710284244835979264,7547,Amon-Ra St. Brown,WR,17.3,1,0
2023,8,9,710284244835979264,NYJ,New York Jets,DEF,14.5,1,0
2023,8,9,710284244835979264,6804,Jordan Love,QB,13.56,0,0
2023,8,9,710284244835979264,6783,Jerry Jeudy,WR,13.0,0,0
2023,8,9,710284244835979264,4227,Harrison Butker,K,11.0,1,0
2023,8,9,710284244835979264,3199,Michael Thomas,WR,10.8,0,0
2023,8,9,710284244835979264,8205,Isiah Pacheco,RB,6.7,1,0
2023,8,9,710284244835979264,4111,D'Onta Foreman,RB,4.6,1,0
2023,8,9,710284244835979264,8221,Keaontay Ingram,RB,2.6,0,0
2023,8,9,710284244835979264,ATL,Atlanta Falcons,DEF,2.5,0,0
2023,8,9,710284244835979264,6151,Miles Sanders,RB,0,0,0
2023,8,10,475399371639222272,9221,Jahmyr Gibbs,RB,30.4,1,0
2023,8,10,475399371639222272,4217,George Kittle,TE,24.4,1,0
2023,8,10,475399371639222272,6943,Gabe Davis,WR,23.7,0,0
2023,8,10,475399371639222272,9756,Jordan Addison,WR,21.4,1,0
2023,8,10,475399371639222272,1166,Kirk Cousins,QB,19.86,1,0
2023,8,10,475399371639222272,8183,Brock Purdy,QB,18.3,0,0
2023,8,10,475399371639222272,4037,Chris Godwin,WR,17.8,1,0
2023,8,10,475399371639222272,5937,Diontae Johnson,WR,16.5,0,0
2023,8,10,475399371639222272,2449,Stefon Diggs,WR,16.0,1,0
2023,8,10,475399371639222272,6845,Zack Moss,RB,14.4,0,0
2023,8,10,475399371639222272,9758,C.J. Stroud,QB,12.9,1,0
2023,8,10,475399371639222272,9509,Bijan Robinson,RB,12.2,1,0
2023,8,10,475399371639222272,5045,Courtland Sutton,WR,10.9,0,0
2023,8,10,475399371639222272,1348,Dustin Hopkins,K,8.0,1,0
2023,8,10,475399371639222272,5119,Jason Sanders,K,7.0,0,0
2023,8,10,475399371639222272,NO,New Orleans Saints,DEF,4.5,1,0
2023,8,10,475399371639222272,5987,Alexander Mattison,RB,4.3,0,0
2023,9,1,608781531883859968,6813,Jonathan Taylor,RB,17.9,1,0
2023,9,1,608781531883859968,KC,Kansas City Chiefs,DEF,16.25,0,0
2023,9,1,608781531883859968,1479,Keenan Allen,WR,15.7,1,0
2023,9,1,608781531883859968,7569,Nico Collins,WR,14.4,1,0
2023,9,1,608781531883859968,4866,Saquon Barkley,RB,14.3,1,0
2023,9,1,608781531883859968,7527,Mac Jones,QB,11.1,1,0
2023,9,1,608781531883859968,4035,Alvin Kamara,RB,11.0,1,0
2023,9,1,608781531883859968,PIT,Pittsburgh Steelers,DEF,7.5,1,0
2023,9,1,608781531883859968,2251,Logan Thomas,TE,7.1,1,0
2023,9,1,608781531883859968,11533,Brandon Aubrey,K,7.0,1,0
2023,9,1,608781531883859968,CIN,Cincinnati Bengals,DEF,6.75,0,0
2023,9,1,608781531883859968,5848,Marquise Brown,WR,6.4,0,0
2023,9,1,608781531883859968,6797,Justin Herbert,QB,6.14,1,0
2023,9,1,608781531883859968,10235,Roschon Johnson,RB,2.5,0,0
2023,9,1,608781531883859968,3969,Leonard Fournette,RB,0,0,0
2023,9,1,608781531883859968,5849,Kyler Murray,QB,0,0,0
2023,9,1,608781531883859968,6794,Justin Jefferson,WR,0,0,0
2023,9,1,608781531883859968,7523,Trevor Lawrence,QB,0,0,0
2023,9,2,736077599457026048,4663,Austin Ekeler,RB,21.0,1,0
2023,9,2,736077599457026048,3198,Derrick Henry,RB,19.2,1,0
2023,9,2,736077599457026048,8162,Sam Howell,QB,18.2,1,0
2023,9,2,736077599457026048,BAL,Baltimore Ravens,DEF,17.5,1,0
2023,9,2,736077599457026048,8144,Chris Olave,WR,16.6,1,0
2023,9,2,736077599457026048,4046,Patrick Mahomes,QB,15.8,1,0
2023,9,2,736077599457026048,8228,Jaylen Warren,RB,14.3,0,0
2023,9,2,736077599457026048,7525,DeVonta Smith,WR,14.1,1,0
2023,9,2,736077599457026048,2216,Mike Evans,WR,12.7,1,0
2023,9,2,736077599457026048,8259,Cameron Dicker,K,11.0,1,0
2023,9,2,736077599457026048,10229,Rashee Rice,WR,9.7,0,0
2023,9,2,736077599457026048,7594,Chuba Hubbard,RB,9.7,0,0
2023,9,2,736077599457026048,5846,DK Metcalf,WR,6.0,0,0
2023,9,2,736077599457026048,8130,Trey McBride,TE,5.2,1,0
2023,9,2,736077599457026048,1373,Geno Smith,QB,2.68,0,0
2023,9,2,736077599457026048,2505,Darren Waller,TE,0,0,0
2023,9,2,736077599457026048,8129,Dameon Pierce,RB,0,0,0
2023,9,3,737091087440674816,2309,Amari Cooper,WR,25.4,1,0
2023,9,3,737091087440674816,6770,Joe Burrow,QB,22.82,1,0
2023,9,3,737091087440674816,2028,Derek Carr,QB,17.24,1,0
2023,9,3,737091087440674816,10236,Dalton Kincaid,TE,16.1,1,0
2023,9,3,737091087440674816,7528,Najee Harris,RB,15.6,1,0
2023,9,3,737091087440674816,9999,Will Levis,QB,8.68,0,0
2023,9,3,737091087440674816,7564,Ja'Marr Chase,WR,8.1,1,0
2023,9,3,737091087440674816,9508,Tyjae Spears,RB,6.2,1,0
2023,9,3,737091087440674816,7839,Evan McPherson,K,6.0,1,0
2023,9,3,737091087440674816,MIN,Minnesota Vikings,DEF,3.75,1,0
2023,9,3,737091087440674816,9997,Zay Flowers,WR,2.1,1,0
2023,9,3,737091087440674816,9500,Josh Downs,WR,2.0,0,0
2023,9,3,737091087440674816,4066,Evan Engram,TE,0,0,0
2023,9,3,737091087440674816,4137,James Conner,RB,0,0,0
2023,9,3,737091087440674816,5872,Deebo Samuel,WR,0,0,0
2023,9,3,737091087440674816,7543,Travis Etienne,RB,0,0,0
2023,9,3,737091087440674816,SF,San Francisco 49ers,DEF,0,0,0
2023,9,4,736744257179770880,8136,Rachaad White,RB,27.9,0,0
2023,9,4,736744257179770880,6904,Jalen Hurts,QB,24.88,1,0
2023,9,4,736744257179770880,5850,Josh Jacobs,RB,21.8,1,0
2023,9,4,736744257179770880,5012,Mark Andrews,TE,17.0,1,0
2023,9,4,736744257179770880,1264,Justin Tucker,K,14.0,1,0
2023,9,4,736744257179770880,2749,Raheem Mostert,RB,13.5,1,0
2023,9,4,736744257179770880,6945,Antonio Gibson,RB,12.6,0,0
2023,9,4,736744257179770880,10866,Aidan O'Connell,QB,8.36,0,0
2023,9,4,736744257179770880,1689,Adam Thielen,WR,7.9,1,0
2023,9,4,736744257179770880,2133,Davante Adams,WR,7.4,1,0
2023,9,4,736744257179770880,DAL,Dallas Cowboys,DEF,6.25,1,0
2023,9,4,736744257179770880,9493,Puka Nacua,WR,6.2,1,0
2023,9,4,736744257179770880,7596,Elijah Moore,WR,3.4,0,0
2023,9,4,736744257179770880,8151,Kenneth Walker,RB,2.7,1,0
2023,9,4,736744257179770880,9753,Zach Charbonnet,RB,2.3,0,0
2023,9,4,736744257179770880,1234,Russell Wilson,QB,0,0,0
2023,9,5,716698629934481408,CLE,Cleveland Browns,DEF,25.25,1,0
2023,9,5,716698629934481408,7611,Rhamondre Stevenson,RB,24.4,1,0
2023,9,5,716698629934481408,4179,Joshua Dobbs,QB,23.92,0,0
2023,9,5,716698629934481408,8110,Jake Ferguson,TE,22.1,1,0
2023,9,5,716698629934481408,4666,Younghoe Koo,K,19.0,1,0
2023,9,5,716698629934481408,4018,Joe Mixon,RB,17.8,1,0
2023,9,5,716698629934481408,5927,Terry McLaurin,WR,12.3,1,0
2023,9,5,716698629934481408,8154,Brian Robinson,RB,11.7,1,0
2023,9,5,716698629934481408,1426,DeAndre Hopkins,WR,10.5,1,0
2023,9,5,716698629934481408,5870,Daniel Jones,QB,1.9,1,0
2023,9,5,716698629934481408,8137,George Pickens,WR,1.9,1,0
2023,9,5,716698629934481408,10859,Sam LaPorta,TE,0,0,0
2023,9,5,716698629934481408,4950,Christian Kirk,WR,0,0,0
2023,9,5,716698629934481408,6803,Brandon Aiyuk,WR,0,0,0
2023,9,5,716698629934481408,7591,Justin Fields,QB,0,0,0
2023,9,5,716698629934481408,8112,Drake London,WR,0,0,0
2023,9,5,716698629934481408,8150,Kyren Williams,RB,0,0,0
2023,9,6,736740647758938112,LV,Las Vegas Raiders,DEF,22.0,1,0
2023,9,6,736740647758938112,6801,Tee Higgins,WR,19.5,1,0
2023,9,6,736740647758938112,5248,Gus Edwards,RB,17.2,0,0
2023,9,6,736740647758938112,8119,Jahan Dotson,WR,16.9,0,0
2023,9,6,736740647758938112,6768,Tua Tagovailoa,QB,11.42,1,0
2023,9,6,736740647758938112,8155,Breece Hall,RB,10.0,1,0
2023,9,6,736740647758938112,4098,Kareem Hunt,RB,9.8,1,0
2023,9,6,736740647758938112,7553,Kyle Pitts,TE,9.6,0,0
2023,9,6,736740647758938112,9228,Bryce Young,QB,9.02,1,0
2023,9,6,736740647758938112,5022,Dallas Goedert,TE,8.0,1,0
2023,9,6,736740647758938112,4039,Cooper Kupp,WR,6.8,1,0
2023,9,6,736740647758938112,2374,Tyler Lockett,WR,6.2,0,0
2023,9,6,736740647758938112,4983,DJ Moore,WR,5.4,1,0
2023,9,6,736740647758938112,4195,Jake Elliott,K,4.0,1,0
2023,9,6,736740647758938112,421,Matthew Stafford,QB,0,0,0
2023,9,6,736740647758938112,5892,David Montgomery,RB,0,0,0
2023,9,6,736740647758938112,9226,De'Von Achane,RB,0,0,0
2023,9,7,735974647736213504,9502,Tank Dell,WR,30.1,0,0
2023,9,7,735974647736213504,LAC,Los Angeles Chargers,DEF,27.0,1,0
2023,9,7,735974647736213504,4199,Aaron Jones,RB,17.9,0,0
2023,9,7,735974647736213504,2711,Taylor Heinicke,QB,15.72,0,0
2023,9,7,735974647736213504,6819,Michael Pittman,WR,14.4,1,0
2023,9,7,735974647736213504,5947,Jakobi Meyers,WR,13.5,0,0
2023,9,7,735974647736213504,8143,Jerome Ford,RB,12.7,1,0
2023,9,7,735974647736213504,3321,Tyreek Hill,WR,12.5,1,0
2023,9,7,735974647736213504,9488,Jaxon Smith-Njigba,WR,12.3,0,0
2023,9,7,735974647736213504,6083,Matt Gay,K,11.0,1,0
2023,9,7,735974647736213504,4881,Lamar Jackson,QB,10.48,1,0
2023,9,7,735974647736213504,6011,Gardner Minshew,QB,9.58,1,0
2023,9,7,735974647736213504,7526,Jaylen Waddle,WR,8.4,1,0
2023,9,7,735974647736213504,8138,James Cook,RB,7.9,1,0
2023,9,7,735974647736213504,1466,Travis Kelce,TE,4.4,1,0
2023,9,7,735974647736213504,7588,Javonte Williams,RB,0,0,0
2023,9,8,736803054736822272,5859,A.J. Brown,WR,19.6,1,0
2023,9,8,736803054736822272,4892,Baker Mayfield,QB,19.0,1,0
2023,9,8,736803054736822272,4017,Deshaun Watson,QB,18.96,1,0
2023,9,8,736803054736822272,4033,David Njoku,TE,12.6,1,0
2023,9,8,736803054736822272,5967,Tony Pollard,RB,9.3,1,0
2023,9,8,736803054736822272,6790,D'Andre Swift,RB,7.4,1,0
2023,9,8,736803054736822272,8121,Romeo Doubs,WR,6.6,0,0
2023,9,8,736803054736822272,8676,Rashid Shaheed,WR,5.2,0,0
2023,9,8,736803054736822272,8167,Christian Watson,WR,4.7,1,0
2023,9,8,736803054736822272,7066,K.J. Osborn,WR,3.7,1,0
2023,9,8,736803054736822272,9754,Quentin Johnston,WR,3.6,0,0
2023,9,8,736803054736822272,2747,Jason Myers,K,3.0,1,0
2023,9,8,736803054736822272,BUF,Buffalo Bills,DEF,1.25,1,0
2023,9,8,736803054736822272,3163,Jared Goff,QB,0,0,0
2023,9,8,736803054736822272,4034,Christian McCaffrey,RB,0,0,0
2023,9,8,736803054736822272,4981,Calvin Ridley,WR,0,0,0
2023,9,9,710284244835979264,6786,CeeDee Lamb,WR,28.6,1,0
2023,9,9,710284244835979264,3294,Dak Prescott,QB,27.86,1,0
2023,9,9,710284244835979264,4984,Josh Allen,QB,25.22,1,0
2023,9,9,710284244835979264,5937,Diontae Johnson,WR,22.0,1,0
2023,9,9,710284244835979264,5844,T.J. Hockenson,TE,13.9,1,0
2023,9,9,710284244835979264,8146,Garrett Wilson,WR,13.0,1,0
2023,9,9,710284244835979264,NYJ,New York Jets,DEF,10.25,0,0
2023,9,9,710284244835979264,4111,D'Onta Foreman,RB,8.3,0,0
2023,9,9,710284244835979264,ATL,Atlanta Falcons,DEF,8.0,1,0
2023,9,9,710284244835979264,7538,Zach Wilson,QB,6.72,0,0
2023,9,9,710284244835979264,8205,Isiah Pacheco,RB,6.6,1,0
2023,9,9,710284244835979264,4227,Harrison Butker,K,3.0,1,0
2023,9,9,710284244835979264,6845,Zack Moss,RB,2.6,1,0
2023,9,9,710284244835979264,1837,Jimmy Garoppolo,QB,0,0,0
2023,9,9,710284244835979264,3199,Michael Thomas,WR,0,0,0
2023,9,9,710284244835979264,5127,Kyle Allen,QB,0,0,0
2023,9,9,710284244835979264,6783,Jerry Jeudy,WR,0,0,0
2023,9,9,710284244835979264,7547,Amon-Ra St. Brown,WR,0,0,0
2023,9,10,475399371639222272,9758,C.J. Stroud,QB,43.3,1,0
2023,9,10,475399371639222272,2449,Stefon Diggs,WR,22.6,1,0
2023,9,10,475399371639222272,4381,Taysom Hill,TE,20.62,1,0
2023,9,10,475399371639222272,5987,Alexander Mattison,RB,17.3,1,0
2023,9,10,475399371639222272,6804,Jordan Love,QB,12.82,1,0
2023,9,10,475399371639222272,NO,New Orleans Saints,DEF,12.5,1,0
2023,9,10,475399371639222272,9756,Jordan Addison,WR,10.2,1,0
2023,9,10,475399371639222272,6151,Miles Sanders,RB,9.1,0,0
2023,9,10,475399371639222272,1348,Dustin Hopkins,K,7.0,1,0
2023,9,10,475399371639222272,9509,Bijan Robinson,RB,5.9,1,0
2023,9,10,475399371639222272,4037,Chris Godwin,WR,3.6,1,0
2023,9,10,475399371639222272,4217,George Kittle,TE,0,0,0
2023,9,10,475399371639222272,5045,Courtland Sutton,WR,0,0,0
2023,9,10,475399371639222272,6943,Gabe Davis,WR,0,0,0
2023,9,10,475399371639222272,8183,Brock Purdy,QB,0,0,0
2023,9,10,475399371639222272,9221,Jahmyr Gibbs,RB,0,0,0
2023,10,1,608781531883859968,1479,Keenan Allen,WR,41.0,1,0
2023,10,1,608781531883859968,6797,Justin Herbert,QB,28.92,1,0
2023,10,1,608781531883859968,6130,Devin Singletary,RB,23.6,0,0
2023,10,1,608781531883859968,4035,Alvin Kamara,RB,18.5,1,0
2023,10,1,608781531883859968,5849,Kyler Murray,QB,17.26,1,0
2023,10,1,608781531883859968,6813,Jonathan Taylor,RB,14.5,1,0
2023,10,1,608781531883859968,6826,Cole Kmet,TE,9.6,1,0
2023,10,1,608781531883859968,2251,Logan Thomas,TE,9.0,0,0
2023,10,1,608781531883859968,PIT,Pittsburgh Steelers,DEF,8.25,1,0
2023,10,1,608781531883859968,4866,Saquon Barkley,RB,7.1,1,0
2023,10,1,608781531883859968,11533,Brandon Aubrey,K,7.0,1,0
2023,10,1,608781531883859968,5848,Marquise Brown,WR,3.8,1,0
2023,10,1,608781531883859968,7523,Trevor Lawrence,QB,2.1,0,0
2023,10,1,608781531883859968,3969,Leonard Fournette,RB,0,0,0
2023,10,1,608781531883859968,6794,Justin Jefferson,WR,0,0,0
2023,10,1,608781531883859968,7569,Nico Collins,WR,0,0,0
2023,10,1,608781531883859968,MIA,Miami Dolphins,DEF,0,0,0
2023,10,2,736077599457026048,2216,Mike Evans,WR,26.8,1,0
2023,10,2,736077599457026048,8162,Sam Howell,QB,25.68,1,0
2023,10,2,736077599457026048,1373,Geno Smith,QB,25.56,1,0
2023,10,2,736077599457026048,8130,Trey McBride,TE,21.6,0,0
2023,10,2,736077599457026048,4663,Austin Ekeler,RB,21.5,1,0
2023,10,2,736077599457026048,8144,Chris Olave,WR,21.4,1,0
2023,10,2,736077599457026048,8228,Jaylen Warren,RB,19.5,0,0
2023,10,2,736077599457026048,5846,DK Metcalf,WR,16.8,1,0
2023,10,2,736077599457026048,BAL,Baltimore Ravens,DEF,13.5,1,0
2023,10,2,736077599457026048,5001,Dalton Schultz,TE,11.1,1,0
2023,10,2,736077599457026048,8259,Cameron Dicker,K,9.0,1,0
2023,10,2,736077599457026048,7594,Chuba Hubbard,RB,5.9,0,0
2023,10,2,736077599457026048,3198,Derrick Henry,RB,3.0,1,0
2023,10,2,736077599457026048,10229,Rashee Rice,WR,0,0,0
2023,10,2,736077599457026048,4046,Patrick Mahomes,QB,0,0,0
2023,10,2,736077599457026048,7525,DeVonta Smith,WR,0,0,0
2023,10,3,737091087440674816,7564,Ja'Marr Chase,WR,25.4,1,0
2023,10,3,737091087440674816,SF,San Francisco 49ers,DEF,20.75,1,0
2023,10,3,737091087440674816,6770,Joe Burrow,QB,20.38,1,0
2023,10,3,737091087440674816,7528,Najee Harris,RB,18.6,0,0
2023,10,3,737091087440674816,10236,Dalton Kincaid,TE,16.1,0,0
2023,10,3,737091087440674816,5872,Deebo Samuel,WR,15.9,1,0
2023,10,3,737091087440674816,2309,Amari Cooper,WR,15.8,1,0
2023,10,3,737091087440674816,9997,Zay Flowers,WR,12.3,0,0
2023,10,3,737091087440674816,7839,Evan McPherson,K,11.0,1,0
2023,10,3,737091087440674816,9508,Tyjae Spears,RB,10.0,0,0
2023,10,3,737091087440674816,4137,James Conner,RB,7.3,1,0
2023,10,3,737091087440674816,7543,Travis Etienne,RB,6.4,1,0
2023,10,3,737091087440674816,9500,Josh Downs,WR,6.0,0,0
2023,10,3,737091087440674816,9999,Will Levis,QB,5.96,1,0
2023,10,3,737091087440674816,4066,Evan Engram,TE,5.2,1,0
2023,10,3,737091087440674816,2028,Derek Carr,QB,4.4,0,0
2023,10,4,736744257179770880,8151,Kenneth Walker,RB,21.2,1,0
2023,10,4,736744257179770880,3225,Tyler Boyd,WR,20.2,1,0
2023,10,4,736744257179770880,1234,Russell Wilson,QB,18.72,1,0
2023,10,4,736744257179770880,8136,Rachaad White,RB,18.3,1,0
2023,10,4,736744257179770880,6945,Antonio Gibson,RB,16.5,0,0
2023,10,4,736744257179770880,2133,Davante Adams,WR,14.6,1,0
2023,10,4,736744257179770880,DAL,Dallas Cowboys,DEF,13.25,1,0
2023,10,4,736744257179770880,5850,Josh Jacobs,RB,12.2,1,0
2023,10,4,736744257179770880,1689,Adam Thielen,WR,10.2,1,0
2023,10,4,736744257179770880,9753,Zach Charbonnet,RB,10.2,0,0
2023,10,4,736744257179770880,10866,Aidan O'Connell,QB,7.42,0,0
2023,10,4,736744257179770880,5012,Mark Andrews,TE,6.4,1,0
2023,10,4,736744257179770880,1264,Justin Tucker,K,5.0,1,0
2023,10,4,736744257179770880,2749,Raheem Mostert,RB,0,0,0
2023,10,4,736744257179770880,6904,Jalen Hurts,QB,0,0,0
2023,10,4,736744257179770880,9493,Puka Nacua,WR,0,0,0
2023,10,5,716698629934481408,8154,Brian Robinson,RB,29.7,0,0
2023,10,5,716698629934481408,4179,Joshua Dobbs,QB,25.12,1,0
2023,10,5,716698629934481408,4950,Christian Kirk,WR,14.9,1,0
2023,10,5,716698629934481408,CLE,Cleveland Browns,DEF,14.75,0,0
2023,10,5,716698629934481408,6803,Brandon Aiyuk,WR,14.5,1,0
2023,10,5,716698629934481408,7611,Rhamondre Stevenson,RB,13.2,1,0
2023,10,5,716698629934481408,8110,Jake Ferguson,TE,12.6,0,0
2023,10,5,716698629934481408,4018,Joe Mixon,RB,12.5,1,0
2023,10,5,716698629934481408,10859,Sam LaPorta,TE,8.0,1,0
2023,10,5,716698629934481408,8137,George Pickens,WR,7.5,0,0
2023,10,5,716698629934481408,5927,Terry McLaurin,WR,7.3,1,0
2023,10,5,716698629934481408,8112,Drake London,WR,6.6,0,0
2023,10,5,716698629934481408,1426,DeAndre Hopkins,WR,5.7,1,0
2023,10,5,716698629934481408,4666,Younghoe Koo,K,5.0,1,0
2023,10,5,716698629934481408,SEA,Seattle Seahawks,DEF,4.75,1,0
2023,10,5,716698629934481408,7591,Justin Fields,QB,0,0,0
2023,10,5,716698629934481408,8150,Kyren Williams,RB,0,0,0
2023,10,6,736740647758938112,2374,Tyler Lockett,WR,23.2,1,0
2023,10,6,736740647758938112,5892,David Montgomery,RB,19.6,1,0
2023,10,6,736740647758938112,7922,Riley Patterson,K,12.0,1,0
2023,10,6,736740647758938112,4983,DJ Moore,WR,10.9,1,0
2023,10,6,736740647758938112,8155,Breece Hall,RB,10.5,1,0
2023,10,6,736740647758938112,5248,Gus Edwards,RB,9.8,1,0
2023,10,6,736740647758938112,9228,Bryce Young,QB,9.2,1,0
2023,10,6,736740647758938112,LV,Las Vegas Raiders,DEF,7.5,1,0
2023,10,6,736740647758938112,7553,Kyle Pitts,TE,6.0,1,0
2023,10,6,736740647758938112,4039,Cooper Kupp,WR,0,0,0
2023,10,6,736740647758938112,4195,Jake Elliott,K,0,0,0
2023,10,6,736740647758938112,421,Matthew Stafford,QB,0,0,0
2023,10,6,736740647758938112,5022,Dallas Goedert,TE,0,0,0
2023,10,6,736740647758938112,6768,Tua Tagovailoa,QB,0,0,0
2023,10,6,736740647758938112,6801,Tee Higgins,WR,0,0,0
2023,10,6,736740647758938112,8119,Jahan Dotson,WR,0,1,0
2023,10,6,736740647758938112,9226,De'Von Achane,RB,0,0,0
2023,10,7,735974647736213504,7588,Javonte Williams,RB,21.0,1,0
2023,10,7,735974647736213504,9502,Tank Dell,WR,18.9,0,0
2023,10,7,735974647736213504,6819,Michael Pittman,WR,16.4,1,0
2023,10,7,735974647736213504,5095,Daniel Carlson,K,14.0,1,0
2023,10,7,735974647736213504,4881,Lamar Jackson,QB,13.02,1,0
2023,10,7,735974647736213504,8143,Jerome Ford,RB,12.4,0,0
2023,10,7,735974647736213504,8138,James Cook,RB,11.5,0,0
2023,10,7,735974647736213504,2711,Taylor Heinicke,QB,9.6,1,0
2023,10,7,735974647736213504,4199,Aaron Jones,RB,9.4,1,0
2023,10,7,735974647736213504,9488,Jaxon Smith-Njigba,WR,9.3,1,0
2023,10,7,735974647736213504,CHI,Chicago Bears,DEF,8.75,1,0
2023,10,7,735974647736213504,3214,Hunter Henry,TE,4.1,1,0
2023,10,7,735974647736213504,5947,Jakobi Meyers,WR,4.1,1,0
2023,10,7,735974647736213504,1466,Travis Kelce,TE,0,0,0
2023,10,7,735974647736213504,3321,Tyreek Hill,WR,0,0,0
2023,10,7,735974647736213504,7526,Jaylen Waddle,WR,0,0,0
2023,10,8,736803054736822272,3163,Jared Goff,QB,21.12,1,0
2023,10,8,736803054736822272,2747,Jason Myers,K,21.0,1,0
2023,10,8,736803054736822272,4034,Christian McCaffrey,RB,20.2,1,0
2023,10,8,736803054736822272,4892,Baker Mayfield,QB,17.32,1,0
2023,10,8,736803054736822272,4017,Deshaun Watson,QB,15.22,0,0
2023,10,8,736803054736822272,9754,Quentin Johnston,WR,13.4,0,0
2023,10,8,736803054736822272,8121,Romeo Doubs,WR,12.1,1,0
2023,10,8,736803054736822272,4033,David Njoku,TE,11.8,1,0
2023,10,8,736803054736822272,8676,Rashid Shaheed,WR,7.4,1,0
2023,10,8,736803054736822272,BUF,Buffalo Bills,DEF,6.0,1,0
2023,10,8,736803054736822272,5967,Tony Pollard,RB,5.5,1,0
2023,10,8,736803054736822272,8167,Christian Watson,WR,4.3,0,0
2023,10,8,736803054736822272,4981,Calvin Ridley,WR,4.0,1,0
2023,10,8,736803054736822272,5859,A.J. Brown,WR,0,0,0
2023,10,8,736803054736822272,6790,D'Andre Swift,RB,0,0,0
2023,10,8,736803054736822272,7066,K.J. Osborn,WR,0,0,0
2023,10,9,710284244835979264,6786,CeeDee Lamb,WR,40.0,1,0
2023,10,9,710284244835979264,3294,Dak Prescott,QB,39.36,1,0
2023,10,9,710284244835979264,7547,Amon-Ra St. Brown,WR,31.0,1,0
2023,10,9,710284244835979264,5844,T.J. Hockenson,TE,30.9,1,0
2023,10,9,710284244835979264,8146,Garrett Wilson,WR,18.3,1,0
2023,10,9,710284244835979264,4111,D'Onta Foreman,RB,17.2,1,0
2023,10,9,710284244835979264,4984,Josh Allen,QB,14.38,1,0
2023,10,9,710284244835979264,9511,Keaton Mitchell,RB,13.6,1,0
2023,10,9,710284244835979264,NYJ,New York Jets,DEF,11.75,1,0
2023,10,9,710284244835979264,6783,Jerry Jeudy,WR,6.5,0,0
2023,10,9,710284244835979264,5937,Diontae Johnson,WR,2.7,0,0
2023,10,9,710284244835979264,7042,Tyler Bass,K,2.0,1,0
2023,10,9,710284244835979264,3199,Michael Thomas,WR,1.9,0,0
2023,10,9,710284244835979264,6845,Zack Moss,RB,0.2,0,0
2023,10,9,710284244835979264,4227,Harrison Butker,K,0,0,0
2023,10,9,710284244835979264,8205,Isiah Pacheco,RB,0,0,0
2023,10,10,475399371639222272,9221,Jahmyr Gibbs,RB,26.2,1,0
2023,10,10,475399371639222272,8183,Brock Purdy,QB,24.84,1,0
2023,10,10,475399371639222272,4217,George Kittle,TE,22.6,1,0
2023,10,10,475399371639222272,9758,C.J. Stroud,QB,19.04,1,0
2023,10,10,475399371639222272,9509,Bijan Robinson,RB,17.6,1,0
2023,10,10,475399371639222272,5045,Courtland Sutton,WR,17.3,0,0
2023,10,10,475399371639222272,6804,Jordan Love,QB,16.66,0,0
2023,10,10,475399371639222272,1348,Dustin Hopkins,K,13.0,1,0
2023,10,10,475399371639222272,9756,Jordan Addison,WR,10.9,1,0
2023,10,10,475399371639222272,6943,Gabe Davis,WR,9.6,0,0
2023,10,10,475399371639222272,4037,Chris Godwin,WR,9.4,1,0
2023,10,10,475399371639222272,2449,Stefon Diggs,WR,6.4,1,0
2023,10,10,475399371639222272,4381,Taysom Hill,TE,4.3,0,0
2023,10,10,475399371639222272,5987,Alexander Mattison,RB,4.3,0,0
2023,10,10,475399371639222272,NO,New Orleans Saints,DEF,2.25,1,0
2023,10,10,475399371639222272,7608,Khalil Herbert,RB,0,0,0
2023,10,10,475399371639222272,JAX,Jacksonville Jaguars,DEF,0,0,0
2023,11,1,608781531883859968,7523,Trevor Lawrence,QB,32.18,0,0
2023,11,1,608781531883859968,4866,Saquon Barkley,RB,30.0,1,0
2023,11,1,608781531883859968,1479,Keenan Allen,WR,28.1,1,0
2023,11,1,608781531883859968,6797,Justin Herbert,QB,25.7,1,0
2023,11,1,608781531883859968,5849,Kyler Murray,QB,20.66,1,0
2023,11,1,608781531883859968,6130,Devin Singletary,RB,20.3,1,0
2023,11,1,608781531883859968,MIA,Miami Dolphins,DEF,16.5,1,0
2023,11,1,608781531883859968,7569,Nico Collins,WR,13.5,1,0
2023,11,1,608781531883859968,PIT,Pittsburgh Steelers,DEF,10.25,0,0
2023,11,1,608781531883859968,11533,Brandon Aubrey,K,8.0,1,0
2023,11,1,608781531883859968,6826,Cole Kmet,TE,5.0,1,0
2023,11,1,608781531883859968,5848,Marquise Brown,WR,3.2,1,0
2023,11,1,608781531883859968,3969,Leonard Fournette,RB,0,0,0
2023,11,1,608781531883859968,4035,Alvin Kamara,RB,0,0,0
2023,11,1,608781531883859968,6794,Justin Jefferson,WR,0,0,0
2023,11,1,608781531883859968,6813,Jonathan Taylor,RB,0,0,0
2023,11,2,736077599457026048,8228,Jaylen Warren,RB,25.5,0,0
2023,11,2,736077599457026048,5846,DK Metcalf,WR,20.4,1,0
2023,11,2,736077599457026048,8162,Sam Howell,QB,18.24,1,0
2023,11,2,736077599457026048,4046,Patrick Mahomes,QB,16.88,1,0
2023,11,2,736077599457026048,1373,Geno Smith,QB,13.22,0,0
2023,11,2,736077599457026048,5001,Dalton Schultz,TE,11.2,0,0
2023,11,2,736077599457026048,8130,Trey McBride,TE,9.3,1,0
2023,11,2,736077599457026048,BAL,Baltimore Ravens,DEF,8.75,1,0
2023,11,2,736077599457026048,7594,Chuba Hubbard,RB,8.5,0,0
2023,11,2,736077599457026048,10229,Rashee Rice,WR,8.2,1,0
2023,11,2,736077599457026048,8259,Cameron Dicker,K,8.0,1,0
2023,11,2,736077599457026048,2197,Brandin Cooks,WR,7.2,0,0
2023,11,2,736077599457026048,4663,Austin Ekeler,RB,7.0,1,0
2023,11,2,736077599457026048,3198,Derrick Henry,RB,5.4,1,0
2023,11,2,736077599457026048,5859,A.J. Brown,WR,1.8,1,0
2023,11,2,736077599457026048,8144,Chris Olave,WR,0,0,0
2023,11,3,737091087440674816,9999,Will Levis,QB,12.52,1,0
2023,11,3,737091087440674816,SF,San Francisco 49ers,DEF,12.5,1,0
2023,11,3,737091087440674816,10236,Dalton Kincaid,TE,10.6,0,0
2023,11,3,737091087440674816,5872,Deebo Samuel,WR,9.2,1,0
2023,11,3,737091087440674816,7564,Ja'Marr Chase,WR,9.2,1,0
2023,11,3,737091087440674816,7543,Travis Etienne,RB,8.9,1,0
2023,11,3,737091087440674816,6770,Joe Burrow,QB,8.74,1,0
2023,11,3,737091087440674816,4137,James Conner,RB,8.3,1,0
2023,11,3,737091087440674816,7839,Evan McPherson,K,8.0,1,0
2023,11,3,737091087440674816,9997,Zay Flowers,WR,8.0,0,0
2023,11,3,737091087440674816,2309,Amari Cooper,WR,7.4,1,0
2023,11,3,737091087440674816,4066,Evan Engram,TE,6.9,1,0
2023,11,3,737091087440674816,7528,Najee Harris,RB,4.6,0,0
2023,11,3,737091087440674816,9508,Tyjae Spears,RB,4.6,0,0
2023,11,3,737091087440674816,2028,Derek Carr,QB,0,0,0
2023,11,3,737091087440674816,9500,Josh Downs,WR,0,0,0
2023,11,4,736744257179770880,DAL,Dallas Cowboys,DEF,22.75,1,0
2023,11,4,736744257179770880,2133,Davante Adams,WR,21.7,1,0
2023,11,4,736744257179770880,9493,Puka Nacua,WR,18.7,1,0
2023,11,4,736744257179770880,6904,Jalen Hurts,QB,17.9,1,0
2023,11,4,736744257179770880,8136,Rachaad White,RB,17.8,0,0
2023,11,4,736744257179770880,1234,Russell Wilson,QB,14.96,1,0
2023,11,4,736744257179770880,1689,Adam Thielen,WR,14.4,0,0
2023,11,4,736744257179770880,9753,Zach Charbonnet,RB,12.9,0,0
2023,11,4,736744257179770880,1264,Justin Tucker,K,11.0,1,0
2023,11,4,736744257179770880,2749,Raheem Mostert,RB,10.3,1,0
2023,11,4,736744257179770880,10866,Aidan O'Connell,QB,9.14,0,0
2023,11,4,736744257179770880,5850,Josh Jacobs,RB,6.1,1,0
2023,11,4,736744257179770880,3225,Tyler Boyd,WR,5.2,0,0
2023,11,4,736744257179770880,5012,Mark Andrews,TE,3.3,1,0
2023,11,4,736744257179770880,8151,Kenneth Walker,RB,2.6,1,0
2023,11,4,736744257179770880,6945,Antonio Gibson,RB,0,0,0
2023,11,4,736744257179770880,7553,Kyle Pitts,TE,0,0,0
2023,11,5,716698629934481408,6803,Brandon Aiyuk,WR,28.6,1,0
2023,11,5,716698629934481408,4018,Joe Mixon,RB,21.0,1,0
2023,11,5,716698629934481408,7591,Justin Fields,QB,20.66,1,0
2023,11,5,716698629934481408,8154,Brian Robinson,RB,19.2,1,0
2023,11,5,716698629934481408,1426,DeAndre Hopkins,WR,16.4,0,0
2023,11,5,716698629934481408,4179,Joshua Dobbs,QB,14.94,1,0
2023,11,5,716698629934481408,1433,Brandon McManus,K,10.0,1,0
2023,11,5,716698629934481408,5927,Terry McLaurin,WR,9.3,1,0
2023,11,5,716698629934481408,CLE,Cleveland Browns,DEF,9.25,1,0
2023,11,5,716698629934481408,4950,Christian Kirk,WR,7.8,1,0
2023,11,5,716698629934481408,8137,George Pickens,WR,7.7,0,0
2023,11,5,716698629934481408,10859,Sam LaPorta,TE,6.8,1,0
2023,11,5,716698629934481408,8110,Jake Ferguson,TE,6.2,0,0
2023,11,5,716698629934481408,4666,Younghoe Koo,K,0,0,0
2023,11,5,716698629934481408,7611,Rhamondre Stevenson,RB,0,0,0
2023,11,5,716698629934481408,8112,Drake London,WR,0,0,0
2023,11,5,716698629934481408,8150,Kyren Williams,RB,0,0,0
2023,11,6,736740647758938112,4983,DJ Moore,WR,22.6,1,0
2023,11,6,736740647758938112,5248,Gus Edwards,RB,21.0,0,0
2023,11,6,736740647758938112,8155,Breece Hall,RB,18.3,1,0
2023,11,6,736740647758938112,6768,Tua Tagovailoa,QB,18.1,1,0
2023,11,6,736740647758938112,5892,David Montgomery,RB,17.8,1,0
2023,11,6,736740647758938112,8119,Jahan Dotson,WR,11.3,0,0
2023,11,6,736740647758938112,2374,Tyler Lockett,WR,10.1,1,0
2023,11,6,736740647758938112,421,Matthew Stafford,QB,9.7,1,0
2023,11,6,736740647758938112,2251,Logan Thomas,TE,8.8,1,0
2023,11,6,736740647758938112,DET,Detroit Lions,DEF,6.5,1,0
2023,11,6,736740647758938112,9228,Bryce Young,QB,5.22,0,0
2023,11,6,736740647758938112,4195,Jake Elliott,K,3.0,0,0
2023,11,6,736740647758938112,7922,Riley Patterson,K,3.0,1,0
2023,11,6,736740647758938112,4039,Cooper Kupp,WR,2.1,1,0
2023,11,6,736740647758938112,9226,De'Von Achane,RB,1.5,0,0
2023,11,6,736740647758938112,5022,Dallas Goedert,TE,0,0,0
2023,11,6,736740647758938112,6801,Tee Higgins,WR,0,0,0
2023,11,7,735974647736213504,3321,Tyreek Hill,WR,31.1,1,0
2023,11,7,735974647736213504,9502,Tank Dell,WR,29.9,1,0
2023,11,7,735974647736213504,4881,Lamar Jackson,QB,23.96,1,0
2023,11,7,735974647736213504,8138,James Cook,RB,19.2,0,0
2023,11,7,735974647736213504,1466,Travis Kelce,TE,15.4,1,0
2023,11,7,735974647736213504,8230,Ty Chandler,RB,15.0,0,0
2023,11,7,735974647736213504,WAS,Washington Commanders,DEF,12.25,1,0
2023,11,7,735974647736213504,8143,Jerome Ford,RB,11.9,1,0
2023,11,7,735974647736213504,7526,Jaylen Waddle,WR,9.5,1,0
2023,11,7,735974647736213504,5119,Jason Sanders,K,9.0,1,0
2023,11,7,735974647736213504,5947,Jakobi Meyers,WR,8.9,0,0
2023,11,7,735974647736213504,7588,Javonte Williams,RB,7.3,1,0
2023,11,7,735974647736213504,9488,Jaxon Smith-Njigba,WR,7.0,0,0
2023,11,7,735974647736213504,4199,Aaron Jones,RB,2.7,1,0
2023,11,7,735974647736213504,6819,Michael Pittman,WR,0,0,0
2023,11,7,735974647736213504,8159,Desmond Ridder,QB,0,0,0
2023,11,8,736803054736822272,4981,Calvin Ridley,WR,31.6,0,0
2023,11,8,736803054736822272,BUF,Buffalo Bills,DEF,21.5,1,0
2023,11,8,736803054736822272,4034,Christian McCaffrey,RB,21.3,1,0
2023,11,8,736803054736822272,6790,D'Andre Swift,RB,19.7,1,0
2023,11,8,736803054736822272,5967,Tony Pollard,RB,18.0,1,0
2023,11,8,736803054736822272,8121,Romeo Doubs,WR,16.3,0,0
2023,11,8,736803054736822272,7525,DeVonta Smith,WR,15.9,1,0
2023,11,8,736803054736822272,2216,Mike Evans,WR,15.3,1,0
2023,11,8,736803054736822272,3163,Jared Goff,QB,13.74,1,0
2023,11,8,736803054736822272,2747,Jason Myers,K,13.0,1,0
2023,11,8,736803054736822272,4033,David Njoku,TE,12.6,1,0
2023,11,8,736803054736822272,4892,Baker Mayfield,QB,10.84,1,0
2023,11,8,736803054736822272,8167,Christian Watson,WR,10.2,0,0
2023,11,8,736803054736822272,10862,Dorian Thompson-Robinson,QB,6.6,0,0
2023,11,8,736803054736822272,9754,Quentin Johnston,WR,4.1,0,0
2023,11,8,736803054736822272,7066,K.J. Osborn,WR,1.7,0,0
2023,11,9,710284244835979264,4984,Josh Allen,QB,23.5,1,0
2023,11,9,710284244835979264,7547,Amon-Ra St. Brown,WR,21.7,1,0
2023,11,9,710284244835979264,3294,Dak Prescott,QB,16.66,1,0
2023,11,9,710284244835979264,6786,CeeDee Lamb,WR,16.5,1,0
2023,11,9,710284244835979264,6783,Jerry Jeudy,WR,10.8,0,0
2023,11,9,710284244835979264,8205,Isiah Pacheco,RB,10.1,1,0
2023,11,9,710284244835979264,5844,T.J. Hockenson,TE,9.5,1,0
2023,11,9,710284244835979264,4111,D'Onta Foreman,RB,7.4,0,0
2023,11,9,710284244835979264,4227,Harrison Butker,K,6.0,1,0
2023,11,9,710284244835979264,9511,Keaton Mitchell,RB,5.1,1,0
2023,11,9,710284244835979264,LAC,Los Angeles Chargers,DEF,3.75,1,0
2023,11,9,710284244835979264,5937,Diontae Johnson,WR,3.6,0,0
2023,11,9,710284244835979264,NYJ,New York Jets,DEF,1.75,0,0
2023,11,9,710284244835979264,8146,Garrett Wilson,WR,0.9,1,0
2023,11,9,710284244835979264,3199,Michael Thomas,WR,0,0,0
2023,11,9,710284244835979264,6845,Zack Moss,RB,0,0,0
2023,11,10,475399371639222272,8183,Brock Purdy,QB,27.72,1,0
2023,11,10,475399371639222272,4217,George Kittle,TE,22.9,1,0
2023,11,10,475399371639222272,9221,Jahmyr Gibbs,RB,21.5,1,0
2023,11,10,475399371639222272,6804,Jordan Love,QB,19.38,0,0
2023,11,10,475399371639222272,5045,Courtland Sutton,WR,16.6,0,0
2023,11,10,475399371639222272,9758,C.J. Stroud,QB,15.84,1,0
2023,11,10,475399371639222272,4037,Chris Godwin,WR,9.9,1,0
2023,11,10,475399371639222272,JAX,Jacksonville Jaguars,DEF,9.5,1,0
2023,11,10,475399371639222272,9756,Jordan Addison,WR,7.4,1,0
2023,11,10,475399371639222272,1348,Dustin Hopkins,K,7.0,1,0
2023,11,10,475399371639222272,5987,Alexander Mattison,RB,7.0,1,0
2023,11,10,475399371639222272,7608,Khalil Herbert,RB,6.1,0,0
2023,11,10,475399371639222272,2449,Stefon Diggs,WR,5.7,1,0
2023,11,10,475399371639222272,4234,Noah Brown,WR,0,0,0
2023,11,10,475399371639222272,4381,Taysom Hill,TE,0,0,0
2023,11,10,475399371639222272,6943,Gabe Davis,WR,0,0,0
2023,11,10,475399371639222272,9509,Bijan Robinson,RB,0,0,0
2023,12,1,608781531883859968,MIA,Miami Dolphins,DEF,24.75,1,0
2023,12,1,608781531883859968,7569,Nico Collins,WR,23.9,1,0
2023,12,1,608781531883859968,1479,Keenan Allen,WR,23.1,1,0
2023,12,1,608781531883859968,6813,Jonathan Taylor,RB,21.1,1,0
2023,12,1,608781531883859968,5849,Kyler Murray,QB,20.94,1,0
2023,12,1,608781531883859968,4035,Alvin Kamara,RB,15.9,1,0
2023,12,1,608781531883859968,5848,Marquise Brown,WR,14.8,0,0
2023,12,1,608781531883859968,6797,Justin Herbert,QB,13.88,1,0
2023,12,1,608781531883859968,6130,Devin Singletary,RB,13.2,0,0
2023,12,1,608781531883859968,7543,Travis Etienne,RB,12.6,1,0
2023,12,1,608781531883859968,PIT,Pittsburgh Steelers,DEF,12.0,0,0
2023,12,1,608781531883859968,6826,Cole Kmet,TE,11.3,1,0
2023,12,1,608781531883859968,11533,Brandon Aubrey,K,8.0,1,0
2023,12,1,608781531883859968,8131,Isaiah Likely,TE,8.0,0,0
2023,12,1,608781531883859968,9999,Will Levis,QB,7.1,0,0
2023,12,1,608781531883859968,5012,Mark Andrews,TE,0,0,0
2023,12,1,608781531883859968,6794,Justin Jefferson,WR,0,0,0
2023,12,2,736077599457026048,9509,Bijan Robinson,RB,27.3,1,0
2023,12,2,736077599457026048,6804,Jordan Love,QB,26.62,1,0
2023,12,2,736077599457026048,10229,Rashee Rice,WR,25.2,0,0
2023,12,2,736077599457026048,4046,Patrick Mahomes,QB,21.32,1,0
2023,12,2,736077599457026048,3198,Derrick Henry,RB,20.6,1,0
2023,12,2,736077599457026048,8144,Chris Olave,WR,18.9,1,0
2023,12,2,736077599457026048,BAL,Baltimore Ravens,DEF,18.25,0,0
2023,12,2,736077599457026048,2197,Brandin Cooks,WR,17.2,0,0
2023,12,2,736077599457026048,5859,A.J. Brown,WR,14.7,1,0
2023,12,2,736077599457026048,8130,Trey McBride,TE,13.0,1,0
2023,12,2,736077599457026048,4663,Austin Ekeler,RB,9.4,1,0
2023,12,2,736077599457026048,1373,Geno Smith,QB,7.3,0,0
2023,12,2,736077599457026048,5846,DK Metcalf,WR,6.2,0,0
2023,12,2,736077599457026048,8259,Cameron Dicker,K,4.0,1,0
2023,12,2,736077599457026048,KC,Kansas City Chiefs,DEF,3.25,1,0
2023,12,2,736077599457026048,5001,Dalton Schultz,TE,1.2,0,0
2023,12,3,737091087440674816,7523,Trevor Lawrence,QB,24.56,1,0
2023,12,3,737091087440674816,9997,Zay Flowers,WR,23.2,0,0
2023,12,3,737091087440674816,5872,Deebo Samuel,WR,22.4,1,0
2023,12,3,737091087440674816,7528,Najee Harris,RB,15.9,0,0
2023,12,3,737091087440674816,SF,San Francisco 49ers,DEF,15.5,1,0
2023,12,3,737091087440674816,7564,Ja'Marr Chase,WR,12.1,1,0
2023,12,3,737091087440674816,6111,Jake Browning,QB,10.98,0,0
2023,12,3,737091087440674816,4066,Evan Engram,TE,9.9,1,0
2023,12,3,737091087440674816,2028,Derek Carr,QB,9.86,1,0
2023,12,3,737091087440674816,9500,Josh Downs,WR,9.3,0,0
2023,12,3,737091087440674816,10236,Dalton Kincaid,TE,8.8,0,0
2023,12,3,737091087440674816,4137,James Conner,RB,7.2,1,0
2023,12,3,737091087440674816,4866,Saquon Barkley,RB,6.2,1,0
2023,12,3,737091087440674816,7839,Evan McPherson,K,5.0,1,0
2023,12,3,737091087440674816,2309,Amari Cooper,WR,3.6,1,0
2023,12,3,737091087440674816,9508,Tyjae Spears,RB,1.7,0,0
2023,12,4,736744257179770880,6904,Jalen Hurts,QB,34.5,1,0
2023,12,4,736744257179770880,5850,Josh Jacobs,RB,24.5,1,0
2023,12,4,736744257179770880,2749,Raheem Mostert,RB,21.4,1,0
2023,12,4,736744257179770880,DAL,Dallas Cowboys,DEF,16.0,1,0
2023,12,4,736744257179770880,1234,Russell Wilson,QB,15.76,0,0
2023,12,4,736744257179770880,10866,Aidan O'Connell,QB,13.92,0,0
2023,12,4,736744257179770880,8136,Rachaad White,RB,13.5,1,0
2023,12,4,736744257179770880,2133,Davante Adams,WR,12.3,1,0
2023,12,4,736744257179770880,9753,Zach Charbonnet,RB,9.8,0,0
2023,12,4,736744257179770880,1264,Justin Tucker,K,7.0,1,0
2023,12,4,736744257179770880,6945,Antonio Gibson,RB,6.7,0,0
2023,12,4,736744257179770880,9493,Puka Nacua,WR,6.7,1,0
2023,12,4,736744257179770880,3225,Tyler Boyd,WR,5.3,0,0
2023,12,4,736744257179770880,7553,Kyle Pitts,TE,4.2,1,0
2023,12,4,736744257179770880,1689,Adam Thielen,WR,1.2,1,0
2023,12,4,736744257179770880,8151,Kenneth Walker,RB,0,0,0
2023,12,5,716698629934481408,8150,Kyren Williams,RB,38.9,1,0
2023,12,5,716698629934481408,7611,Rhamondre Stevenson,RB,21.7,0,0
2023,12,5,716698629934481408,10859,Sam LaPorta,TE,17.7,1,0
2023,12,5,716698629934481408,8112,Drake London,WR,14.1,0,0
2023,12,5,716698629934481408,6803,Brandon Aiyuk,WR,13.0,1,0
2023,12,5,716698629934481408,4950,Christian Kirk,WR,12.9,1,0
2023,12,5,716698629934481408,7591,Justin Fields,QB,11.08,1,0
2023,12,5,716698629934481408,5927,Terry McLaurin,WR,9.0,0,0
2023,12,5,716698629934481408,8137,George Pickens,WR,8.8,0,0
2023,12,5,716698629934481408,8154,Brian Robinson,RB,8.4,1,0
2023,12,5,716698629934481408,4018,Joe Mixon,RB,8.0,1,0
2023,12,5,716698629934481408,1426,DeAndre Hopkins,WR,7.9,0,0
2023,12,5,716698629934481408,CLE,Cleveland Browns,DEF,7.75,1,0
2023,12,5,716698629934481408,4666,Younghoe Koo,K,6.0,1,0
2023,12,5,716698629934481408,4179,Joshua Dobbs,QB,4.5,1,0
2023,12,5,716698629934481408,8110,Jake Ferguson,TE,4.5,0,0
2023,12,6,736740647758938112,421,Matthew Stafford,QB,23.86,1,0
2023,12,6,736740647758938112,4983,DJ Moore,WR,22.9,1,0
2023,12,6,736740647758938112,5947,Jakobi Meyers,WR,20.1,0,0
2023,12,6,736740647758938112,8138,James Cook,RB,16.0,1,0
2023,12,6,736740647758938112,5892,David Montgomery,RB,15.1,1,0
2023,12,6,736740647758938112,8155,Breece Hall,RB,11.9,1,0
2023,12,6,736740647758938112,4195,Jake Elliott,K,9.0,1,0
2023,12,6,736740647758938112,6768,Tua Tagovailoa,QB,7.82,1,0
2023,12,6,736740647758938112,2078,Odell Beckham,WR,6.4,0,0
2023,12,6,736740647758938112,2374,Tyler Lockett,WR,6.0,0,0
2023,12,6,736740647758938112,4039,Cooper Kupp,WR,4.8,1,0
2023,12,6,736740647758938112,5248,Gus Edwards,RB,4.7,0,0
2023,12,6,736740647758938112,2251,Logan Thomas,TE,3.5,1,0
2023,12,6,736740647758938112,4098,Kareem Hunt,RB,2.2,0,0
2023,12,6,736740647758938112,5022,Dallas Goedert,TE,0,0,0
2023,12,6,736740647758938112,6801,Tee Higgins,WR,0,0,0
2023,12,6,736740647758938112,DET,Detroit Lions,DEF,0,1,0
2023,12,7,735974647736213504,3321,Tyreek Hill,WR,25.9,1,0
2023,12,7,735974647736213504,6943,Gabe Davis,WR,23.0,0,0
2023,12,7,735974647736213504,6819,Michael Pittman,WR,21.2,1,0
2023,12,7,735974647736213504,7526,Jaylen Waddle,WR,19.9,0,0
2023,12,7,735974647736213504,9502,Tank Dell,WR,17.2,1,0
2023,12,7,735974647736213504,1466,Travis Kelce,TE,15.1,1,0
2023,12,7,735974647736213504,4881,Lamar Jackson,QB,13.98,1,0
2023,12,7,735974647736213504,6011,Gardner Minshew,QB,13.64,1,0
2023,12,7,735974647736213504,NE,New England Patriots,DEF,13.0,1,0
2023,12,7,735974647736213504,1433,Brandon McManus,K,12.0,1,0
2023,12,7,735974647736213504,8143,Jerome Ford,RB,11.9,1,0
2023,12,7,735974647736213504,7588,Javonte Williams,RB,10.1,1,0
2023,12,7,735974647736213504,ATL,Atlanta Falcons,DEF,9.75,0,0
2023,12,7,735974647736213504,9488,Jaxon Smith-Njigba,WR,6.1,0,0
2023,12,7,735974647736213504,8230,Ty Chandler,RB,2.1,0,0
2023,12,7,735974647736213504,4199,Aaron Jones,RB,0,0,0
2023,12,7,735974647736213504,9226,De'Von Achane,RB,0,0,0
2023,12,8,736803054736822272,4034,Christian McCaffrey,RB,31.4,1,0
2023,12,8,736803054736822272,2216,Mike Evans,WR,25.0,1,0
2023,12,8,736803054736822272,7525,DeVonta Smith,WR,24.1,1,0
2023,12,8,736803054736822272,4981,Calvin Ridley,WR,21.9,0,0
2023,12,8,736803054736822272,5967,Tony Pollard,RB,21.3,1,0
2023,12,8,736803054736822272,8167,Christian Watson,WR,20.4,0,0
2023,12,8,736803054736822272,3163,Jared Goff,QB,18.68,1,0
2023,12,8,736803054736822272,4892,Baker Mayfield,QB,12.36,1,0
2023,12,8,736803054736822272,4033,David Njoku,TE,11.9,1,0
2023,12,8,736803054736822272,10862,Dorian Thompson-Robinson,QB,10.46,0,0
2023,12,8,736803054736822272,6790,D'Andre Swift,RB,9.4,1,0
2023,12,8,736803054736822272,2747,Jason Myers,K,7.0,1,0
2023,12,8,736803054736822272,8121,Romeo Doubs,WR,6.7,0,0
2023,12,8,736803054736822272,7066,K.J. Osborn,WR,5.4,0,0
2023,12,8,736803054736822272,BUF,Buffalo Bills,DEF,2.0,1,0
2023,12,8,736803054736822272,9754,Quentin Johnston,WR,1.7,0,0
2023,12,9,710284244835979264,4984,Josh Allen,QB,40.16,1,0
2023,12,9,710284244835979264,3294,Dak Prescott,QB,32.24,1,0
2023,12,9,710284244835979264,8205,Isiah Pacheco,RB,25.9,1,0
2023,12,9,710284244835979264,7547,Amon-Ra St. Brown,WR,18.5,1,0
2023,12,9,710284244835979264,8146,Garrett Wilson,WR,17.4,1,0
2023,12,9,710284244835979264,6786,CeeDee Lamb,WR,17.3,1,0
2023,12,9,710284244835979264,5844,T.J. Hockenson,TE,16.0,1,0
2023,12,9,710284244835979264,NYJ,New York Jets,DEF,12.0,0,0
2023,12,9,710284244835979264,TEN,Tennessee Titans,DEF,12.0,1,0
2023,12,9,710284244835979264,9511,Keaton Mitchell,RB,10.9,1,0
2023,12,9,710284244835979264,5937,Diontae Johnson,WR,9.0,0,0
2023,12,9,710284244835979264,6845,Zack Moss,RB,9.0,0,0
2023,12,9,710284244835979264,4227,Harrison Butker,K,7.0,1,0
2023,12,9,710284244835979264,6783,Jerry Jeudy,WR,3.1,0,0
2023,12,9,710284244835979264,3199,Michael Thomas,WR,0,0,0
2023,12,9,710284244835979264,4111,D'Onta Foreman,RB,0,0,0
2023,12,10,475399371639222272,9758,C.J. Stroud,QB,31.36,1,0
2023,12,10,475399371639222272,2449,Stefon Diggs,WR,19.4,1,0
2023,12,10,475399371639222272,8162,Sam Howell,QB,17.8,0,0
2023,12,10,475399371639222272,9221,Jahmyr Gibbs,RB,11.3,1,0
2023,12,10,475399371639222272,8183,Brock Purdy,QB,10.46,1,0
2023,12,10,475399371639222272,9756,Jordan Addison,WR,9.9,1,0
2023,12,10,475399371639222272,5045,Courtland Sutton,WR,9.1,0,0
2023,12,10,475399371639222272,4381,Taysom Hill,TE,8.1,0,0
2023,12,10,475399371639222272,4037,Chris Godwin,WR,7.5,1,0
2023,12,10,475399371639222272,5987,Alexander Mattison,RB,7.3,0,0
2023,12,10,475399371639222272,8228,Jaylen Warren,RB,7.2,1,0
2023,12,10,475399371639222272,1348,Dustin Hopkins,K,6.0,1,0
2023,12,10,475399371639222272,7608,Khalil Herbert,RB,5.8,0,0
2023,12,10,475399371639222272,4217,George Kittle,TE,4.9,1,0
2023,12,10,475399371639222272,JAX,Jacksonville Jaguars,DEF,3.5,1,0
2023,12,10,475399371639222272,4234,Noah Brown,WR,0,0,0
2023,13,1,608781531883859968,7569,Nico Collins,WR,34.6,1,0
2023,13,1,608781531883859968,4035,Alvin Kamara,RB,28.9,1,0
2023,13,1,608781531883859968,7543,Travis Etienne,RB,17.9,1,0
2023,13,1,608781531883859968,MIA,Miami Dolphins,DEF,15.25,1,0
2023,13,1,608781531883859968,11533,Brandon Aubrey,K,15.0,1,0
2023,13,1,608781531883859968,1479,Keenan Allen,WR,10.8,1,0
2023,13,1,608781531883859968,5849,Kyler Murray,QB,9.8,1,0
2023,13,1,608781531883859968,9999,Will Levis,QB,9.46,0,0
2023,13,1,608781531883859968,6797,Justin Herbert,QB,7.98,1,0
2023,13,1,608781531883859968,7600,Pat Freiermuth,TE,5.9,1,0
2023,13,1,608781531883859968,PIT,Pittsburgh Steelers,DEF,5.5,0,0
2023,13,1,608781531883859968,6130,Devin Singletary,RB,5.0,0,0
2023,13,1,608781531883859968,5012,Mark Andrews,TE,0,0,0
2023,13,1,608781531883859968,5848,Marquise Brown,WR,0,1,0
2023,13,1,608781531883859968,6794,Justin Jefferson,WR,0,0,0
2023,13,1,608781531883859968,6813,Jonathan Taylor,RB,0,0,0
2023,13,1,608781531883859968,6826,Cole Kmet,TE,0,0,0
2023,13,2,736077599457026048,5846,DK Metcalf,WR,39.4,0,0
2023,13,2,736077599457026048,1373,Geno Smith,QB,30.96,0,0
2023,13,2,736077599457026048,3198,Derrick Henry,RB,25.5,1,0
2023,13,2,736077599457026048,6804,Jordan Love,QB,24.18,1,0
2023,13,2,736077599457026048,8130,Trey McBride,TE,22.9,1,0
2023,13,2,736077599457026048,5859,A.J. Brown,WR,19.9,1,0
2023,13,2,736077599457026048,8144,Chris Olave,WR,17.4,1,0
2023,13,2,736077599457026048,2197,Brandin Cooks,WR,16.5,0,0
2023,13,2,736077599457026048,10229,Rashee Rice,WR,14.4,0,0
2023,13,2,736077599457026048,4046,Patrick Mahomes,QB,13.0,1,0
2023,13,2,736077599457026048,9509,Bijan Robinson,RB,10.9,1,0
2023,13,2,736077599457026048,8259,Cameron Dicker,K,6.0,1,0
2023,13,2,736077599457026048,10222,Jayden Reed,WR,5.6,0,0
2023,13,2,736077599457026048,4663,Austin Ekeler,RB,4.7,1,0
2023,13,2,736077599457026048,KC,Kansas City Chiefs,DEF,0.5,1,0
2023,13,2,736077599457026048,5001,Dalton Schultz,TE,0,0,0
2023,13,2,736077599457026048,BAL,Baltimore Ravens,DEF,0,0,0
2023,13,3,737091087440674816,5872,Deebo Samuel,WR,37.3,1,0
2023,13,3,737091087440674816,7564,Ja'Marr Chase,WR,33.62,1,0
2023,13,3,737091087440674816,6111,Jake Browning,QB,28.16,0,0
2023,13,3,737091087440674816,7523,Trevor Lawrence,QB,24.12,1,0
2023,13,3,737091087440674816,4066,Evan Engram,TE,23.2,1,0
2023,13,3,737091087440674816,4137,James Conner,RB,23.0,1,0
2023,13,3,737091087440674816,9508,Tyjae Spears,RB,12.8,0,0
2023,13,3,737091087440674816,7839,Evan McPherson,K,11.0,1,0
2023,13,3,737091087440674816,7528,Najee Harris,RB,9.7,1,0
2023,13,3,737091087440674816,2028,Derek Carr,QB,8.94,1,0
2023,13,3,737091087440674816,2309,Amari Cooper,WR,6.4,0,0
2023,13,3,737091087440674816,SF,San Francisco 49ers,DEF,5.25,1,0
2023,13,3,737091087440674816,9500,Josh Downs,WR,4.4,1,0
2023,13,3,737091087440674816,10236,Dalton Kincaid,TE,0,0,0
2023,13,3,737091087440674816,4866,Saquon Barkley,RB,0,0,0
2023,13,3,737091087440674816,9997,Zay Flowers,WR,0,0,0
2023,13,4,736744257179770880,9493,Puka Nacua,WR,25.9,1,0
2023,13,4,736744257179770880,6904,Jalen Hurts,QB,23.42,1,0
2023,13,4,736744257179770880,8136,Rachaad White,RB,19.6,1,0
2023,13,4,736744257179770880,9753,Zach Charbonnet,RB,16.9,1,0
2023,13,4,736744257179770880,1234,Russell Wilson,QB,15.84,1,0
2023,13,4,736744257179770880,2749,Raheem Mostert,RB,12.1,1,0
2023,13,4,736744257179770880,7568,Brevin Jordan,TE,9.4,1,0
2023,13,4,736744257179770880,7922,Riley Patterson,K,9.0,1,0
2023,13,4,736744257179770880,3225,Tyler Boyd,WR,7.2,0,0
2023,13,4,736744257179770880,1689,Adam Thielen,WR,5.5,1,0
2023,13,4,736744257179770880,10866,Aidan O'Connell,QB,0,0,0
2023,13,4,736744257179770880,1264,Justin Tucker,K,0,0,0
2023,13,4,736744257179770880,2133,Davante Adams,WR,0,0,0
2023,13,4,736744257179770880,5850,Josh Jacobs,RB,0,0,0
2023,13,4,736744257179770880,8151,Kenneth Walker,RB,0,0,0
2023,13,4,736744257179770880,DAL,Dallas Cowboys,DEF,-1.25,1,0
2023,13,5,716698629934481408,4018,Joe Mixon,RB,29.7,0,0
2023,13,5,716698629934481408,10859,Sam LaPorta,TE,29.5,1,0
2023,13,5,716698629934481408,8150,Kyren Williams,RB,20.2,1,0
2023,13,5,716698629934481408,1426,DeAndre Hopkins,WR,18.9,0,0
2023,13,5,716698629934481408,6803,Brandon Aiyuk,WR,15.6,1,0
2023,13,5,716698629934481408,8137,George Pickens,WR,12.6,0,0
2023,13,5,716698629934481408,5119,Jason Sanders,K,10.0,1,0
2023,13,5,716698629934481408,8159,Desmond Ridder,QB,7.84,1,0
2023,13,5,716698629934481408,8154,Brian Robinson,RB,5.3,1,0
2023,13,5,716698629934481408,4950,Christian Kirk,WR,3.6,1,0
2023,13,5,716698629934481408,7611,Rhamondre Stevenson,RB,2.9,1,0
2023,13,5,716698629934481408,8112,Drake London,WR,1.8,1,0
2023,13,5,716698629934481408,4179,Joshua Dobbs,QB,0,0,0
2023,13,5,716698629934481408,5927,Terry McLaurin,WR,0,0,0
2023,13,5,716698629934481408,7591,Justin Fields,QB,0,0,0
2023,13,5,716698629934481408,CLE,Cleveland Browns,DEF,-0.5,1,0
2023,13,6,736740647758938112,421,Matthew Stafford,QB,23.96,1,0
2023,13,6,736740647758938112,6768,Tua Tagovailoa,QB,21.2,1,0
2023,13,6,736740647758938112,LAC,Los Angeles Chargers,DEF,17.25,1,0
2023,13,6,736740647758938112,4039,Cooper Kupp,WR,15.9,1,0
2023,13,6,736740647758938112,5892,David Montgomery,RB,12.5,1,0
2023,13,6,736740647758938112,8155,Breece Hall,RB,10.5,1,0
2023,13,6,736740647758938112,2374,Tyler Lockett,WR,9.7,1,0
2023,13,6,736740647758938112,4195,Jake Elliott,K,7.0,1,0
2023,13,6,736740647758938112,6801,Tee Higgins,WR,6.6,1,0
2023,13,6,736740647758938112,2251,Logan Thomas,TE,2.0,1,0
2023,13,6,736740647758938112,NO,New Orleans Saints,DEF,1.75,0,0
2023,13,6,736740647758938112,4983,DJ Moore,WR,0,0,0
2023,13,6,736740647758938112,5022,Dallas Goedert,TE,0,0,0
2023,13,6,736740647758938112,5248,Gus Edwards,RB,0,0,0
2023,13,6,736740647758938112,5947,Jakobi Meyers,WR,0,0,0
2023,13,6,736740647758938112,8138,James Cook,RB,0,0,0
2023,13,7,735974647736213504,3321,Tyreek Hill,WR,35.8,1,0
2023,13,7,735974647736213504,6819,Michael Pittman,WR,28.0,1,0
2023,13,7,735974647736213504,9226,De'Von Achane,RB,25.3,1,0
2023,13,7,735974647736213504,ATL,Atlanta Falcons,DEF,19.5,1,0
2023,13,7,735974647736213504,6011,Gardner Minshew,QB,18.18,1,0
2023,13,7,735974647736213504,8143,Jerome Ford,RB,14.2,0,0
2023,13,7,735974647736213504,9488,Jaxon Smith-Njigba,WR,13.2,0,0
2023,13,7,735974647736213504,1466,Travis Kelce,TE,12.1,1,0
2023,13,7,735974647736213504,7526,Jaylen Waddle,WR,10.2,1,0
2023,13,7,735974647736213504,7588,Javonte Williams,RB,10.0,1,0
2023,13,7,735974647736213504,8148,Jameson Williams,WR,10.0,0,0
2023,13,7,735974647736213504,GB,Green Bay Packers,DEF,6.75,0,0
2023,13,7,735974647736213504,1433,Brandon McManus,K,5.0,1,0
2023,13,7,735974647736213504,4199,Aaron Jones,RB,0,0,0
2023,13,7,735974647736213504,4881,Lamar Jackson,QB,0,0,0
2023,13,7,735974647736213504,6943,Gabe Davis,WR,0,0,0
2023,13,7,735974647736213504,9502,Tank Dell,WR,0,1,0
2023,13,8,736803054736822272,2216,Mike Evans,WR,31.2,1,0
2023,13,8,736803054736822272,8167,Christian Watson,WR,27.6,0,0
2023,13,8,736803054736822272,7525,DeVonta Smith,WR,24.6,1,0
2023,13,8,736803054736822272,4034,Christian McCaffrey,RB,22.3,1,0
2023,13,8,736803054736822272,IND,Indianapolis Colts,DEF,18.0,1,0
2023,13,8,736803054736822272,5967,Tony Pollard,RB,17.3,1,0
2023,13,8,736803054736822272,3163,Jared Goff,QB,16.32,1,0
2023,13,8,736803054736822272,8121,Romeo Doubs,WR,11.2,0,0
2023,13,8,736803054736822272,4892,Baker Mayfield,QB,10.88,1,0
2023,13,8,736803054736822272,9754,Quentin Johnston,WR,10.2,0,0
2023,13,8,736803054736822272,4981,Calvin Ridley,WR,7.3,0,0
2023,13,8,736803054736822272,6790,D'Andre Swift,RB,4.0,1,0
2023,13,8,736803054736822272,4033,David Njoku,TE,3.7,1,0
2023,13,8,736803054736822272,2747,Jason Myers,K,2.0,1,0
2023,13,8,736803054736822272,7066,K.J. Osborn,WR,0,0,0
2023,13,8,736803054736822272,BUF,Buffalo Bills,DEF,0,0,0
2023,13,9,710284244835979264,6786,CeeDee Lamb,WR,33.1,1,0
2023,13,9,710284244835979264,3294,Dak Prescott,QB,28.76,1,0
2023,13,9,710284244835979264,8205,Isiah Pacheco,RB,21.8,1,0
2023,13,9,710284244835979264,TB,Tampa Bay Buccaneers,DEF,13.5,1,0
2023,13,9,710284244835979264,5937,Diontae Johnson,WR,13.3,1,0
2023,13,9,710284244835979264,NYJ,New York Jets,DEF,13.25,0,0
2023,13,9,710284244835979264,7547,Amon-Ra St. Brown,WR,12.9,1,0
2023,13,9,710284244835979264,6783,Jerry Jeudy,WR,8.1,0,0
2023,13,9,710284244835979264,8146,Garrett Wilson,WR,8.0,0,0
2023,13,9,710284244835979264,6845,Zack Moss,RB,7.7,1,0
2023,13,9,710284244835979264,4227,Harrison Butker,K,7.0,1,0
2023,13,9,710284244835979264,8160,Kenny Pickett,QB,2.1,1,0
2023,13,9,710284244835979264,3199,Michael Thomas,WR,0,0,0
2023,13,9,710284244835979264,4984,Josh Allen,QB,0,0,0
2023,13,9,710284244835979264,5844,T.J. Hockenson,TE,0,0,0
2023,13,9,710284244835979264,8111,Cade Otton,TE,0,1,0
2023,13,9,710284244835979264,9511,Keaton Mitchell,RB,0,0,0
2023,13,10,475399371639222272,8183,Brock Purdy,QB,29.46,1,0
2023,13,10,475399371639222272,8162,Sam Howell,QB,19.18,0,0
2023,13,10,475399371639222272,5045,Courtland Sutton,WR,16.2,1,0
2023,13,10,475399371639222272,9758,C.J. Stroud,QB,15.06,1,0
2023,13,10,475399371639222272,4217,George Kittle,TE,10.8,1,0
2023,13,10,475399371639222272,LAR,Los Angeles Rams,DEF,9.0,0,0
2023,13,10,475399371639222272,4037,Chris Godwin,WR,7.9,1,0
2023,13,10,475399371639222272,1348,Dustin Hopkins,K,7.0,1,0
2023,13,10,475399371639222272,8228,Jaylen Warren,RB,6.5,1,0
2023,13,10,475399371639222272,9221,Jahmyr Gibbs,RB,6.4,1,0
2023,13,10,475399371639222272,8119,Jahan Dotson,WR,4.3,1,0
2023,13,10,475399371639222272,2449,Stefon Diggs,WR,0,0,0
2023,13,10,475399371639222272,4234,Noah Brown,WR,0,0,0
2023,13,10,475399371639222272,5987,Alexander Mattison,RB,0,0,0
2023,13,10,475399371639222272,9756,Jordan Addison,WR,0,0,0
2023,13,10,475399371639222272,JAX,Jacksonville Jaguars,DEF,-0.5,1,0
2023,14,1,608781531883859968,11533,Brandon Aubrey,K,22.0,1,0
2023,14,1,608781531883859968,7543,Travis Etienne,RB,17.2,1,0
2023,14,1,608781531883859968,9999,Will Levis,QB,16.58,1,0
2023,14,1,608781531883859968,4035,Alvin Kamara,RB,13.5,1,0
2023,14,1,608781531883859968,1479,Keenan Allen,WR,12.8,1,0
2023,14,1,608781531883859968,2161,Jerick McKinnon,RB,12.7,0,0
2023,14,1,608781531883859968,6130,Devin Singletary,RB,12.5,0,0
2023,14,1,608781531883859968,6826,Cole Kmet,TE,11.6,1,0
2023,14,1,608781531883859968,MIA,Miami Dolphins,DEF,9.75,0,0
2023,14,1,608781531883859968,7600,Pat Freiermuth,TE,6.8,0,0
2023,14,1,608781531883859968,PIT,Pittsburgh Steelers,DEF,6.0,1,0
2023,14,1,608781531883859968,6794,Justin Jefferson,WR,4.7,1,0
2023,14,1,608781531883859968,7569,Nico Collins,WR,2.3,1,0
2023,14,1,608781531883859968,6797,Justin Herbert,QB,1.84,1,0
2023,14,1,608781531883859968,5012,Mark Andrews,TE,0,0,0
2023,14,1,608781531883859968,5848,Marquise Brown,WR,0,0,0
2023,14,1,608781531883859968,5849,Kyler Murray,QB,0,0,0
2023,14,1,608781531883859968,6813,Jonathan Taylor,RB,0,0,0
2023,14,2,736077599457026048,4663,Austin Ekeler,RB,21.0,1,0
2023,14,2,736077599457026048,8131,Isaiah Likely,TE,20.8,1,0
2023,14,2,736077599457026048,9509,Bijan Robinson,RB,19.8,1,0
2023,14,2,736077599457026048,10229,Rashee Rice,WR,18.2,1,0
2023,14,2,736077599457026048,3198,Derrick Henry,RB,18.1,0,0
2023,14,2,736077599457026048,5859,A.J. Brown,WR,16.4,1,0
2023,14,2,736077599457026048,4046,Patrick Mahomes,QB,14.14,1,0
2023,14,2,736077599457026048,5846,DK Metcalf,WR,13.2,0,0
2023,14,2,736077599457026048,8144,Chris Olave,WR,12.8,1,0
2023,14,2,736077599457026048,6804,Jordan Love,QB,9.42,1,0
2023,14,2,736077599457026048,6820,Clyde Edwards-Helaire,RB,8.8,0,0
2023,14,2,736077599457026048,KC,Kansas City Chiefs,DEF,6.25,0,0
2023,14,2,736077599457026048,2197,Brandin Cooks,WR,5.7,0,0
2023,14,2,736077599457026048,BAL,Baltimore Ravens,DEF,5.0,1,0
2023,14,2,736077599457026048,1373,Geno Smith,QB,0,0,0
2023,14,2,736077599457026048,4381,Taysom Hill,TE,0,0,0
2023,14,2,736077599457026048,8130,Trey McBride,TE,0,0,0
2023,14,2,736077599457026048,6083,Matt Gay,K,-4.0,1,0
2023,14,3,737091087440674816,5872,Deebo Samuel,WR,36.0,1,0
2023,14,3,737091087440674816,4066,Evan Engram,TE,32.5,0,0
2023,14,3,737091087440674816,6111,Jake Browning,QB,24.7,1,0
2023,14,3,737091087440674816,4866,Saquon Barkley,RB,23.1,1,0
2023,14,3,737091087440674816,9997,Zay Flowers,WR,20.0,0,0
2023,14,3,737091087440674816,7523,Trevor Lawrence,QB,17.88,0,0
2023,14,3,737091087440674816,9508,Tyjae Spears,RB,16.8,0,0
2023,14,3,737091087440674816,2309,Amari Cooper,WR,12.7,1,0
2023,14,3,737091087440674816,2028,Derek Carr,QB,10.76,1,0
2023,14,3,737091087440674816,7839,Evan McPherson,K,10.0,1,0
2023,14,3,737091087440674816,SF,San Francisco 49ers,DEF,10.0,1,0
2023,14,3,737091087440674816,7528,Najee Harris,RB,7.8,1,0
2023,14,3,737091087440674816,10236,Dalton Kincaid,TE,7.1,1,0
2023,14,3,737091087440674816,9500,Josh Downs,WR,6.2,0,0
2023,14,3,737091087440674816,7564,Ja'Marr Chase,WR,5.9,1,0
2023,14,3,737091087440674816,4137,James Conner,RB,0,0,0
2023,14,4,736744257179770880,3164,Ezekiel Elliott,RB,27.0,1,0
2023,14,4,736744257179770880,2749,Raheem Mostert,RB,23.0,0,0
2023,14,4,736744257179770880,8136,Rachaad White,RB,21.0,1,0
2023,14,4,736744257179770880,1234,Russell Wilson,QB,15.46,0,0
2023,14,4,736744257179770880,9493,Puka Nacua,WR,14.0,1,0
2023,14,4,736744257179770880,2133,Davante Adams,WR,12.3,1,0
2023,14,4,736744257179770880,8110,Jake Ferguson,TE,12.2,1,0
2023,14,4,736744257179770880,1264,Justin Tucker,K,12.0,1,0
2023,14,4,736744257179770880,1689,Adam Thielen,WR,11.4,1,0
2023,14,4,736744257179770880,DAL,Dallas Cowboys,DEF,11.25,0,0
2023,14,4,736744257179770880,NE,New England Patriots,DEF,10.5,1,0
2023,14,4,736744257179770880,8151,Kenneth Walker,RB,9.4,0,0
2023,14,4,736744257179770880,6904,Jalen Hurts,QB,8.88,1,0
2023,14,4,736744257179770880,5850,Josh Jacobs,RB,7.0,1,0
2023,14,4,736744257179770880,9753,Zach Charbonnet,RB,5.8,0,0
2023,14,4,736744257179770880,10866,Aidan O'Connell,QB,5.04,0,0
2023,14,5,716698629934481408,8112,Drake London,WR,29.7,0,0
2023,14,5,716698629934481408,1426,DeAndre Hopkins,WR,25.9,1,0
2023,14,5,716698629934481408,7591,Justin Fields,QB,24.72,1,0
2023,14,5,716698629934481408,4018,Joe Mixon,RB,21.5,1,0
2023,14,5,716698629934481408,6803,Brandon Aiyuk,WR,17.1,1,0
2023,14,5,716698629934481408,CLE,Cleveland Browns,DEF,16.0,1,0
2023,14,5,716698629934481408,8150,Kyren Williams,RB,14.8,1,0
2023,14,5,716698629934481408,4080,Zay Jones,WR,7.9,0,0
2023,14,5,716698629934481408,8137,George Pickens,WR,6.9,1,0
2023,14,5,716698629934481408,5119,Jason Sanders,K,6.0,1,0
2023,14,5,716698629934481408,10859,Sam LaPorta,TE,4.7,1,0
2023,14,5,716698629934481408,4179,Joshua Dobbs,QB,4.62,1,0
2023,14,5,716698629934481408,4950,Christian Kirk,WR,0,0,0
2023,14,5,716698629934481408,5927,Terry McLaurin,WR,0,0,0
2023,14,5,716698629934481408,7611,Rhamondre Stevenson,RB,0,0,0
2023,14,5,716698629934481408,8154,Brian Robinson,RB,0,0,0
2023,14,6,736740647758938112,4983,DJ Moore,WR,26.8,1,0
2023,14,6,736740647758938112,8155,Breece Hall,RB,26.6,0,0
2023,14,6,736740647758938112,4039,Cooper Kupp,WR,26.0,0,0
2023,14,6,736740647758938112,8138,James Cook,RB,25.1,1,0
2023,14,6,736740647758938112,421,Matthew Stafford,QB,23.66,1,0
2023,14,6,736740647758938112,NO,New Orleans Saints,DEF,23.5,1,0
2023,14,6,736740647758938112,2374,Tyler Lockett,WR,14.9,0,0
2023,14,6,736740647758938112,5892,David Montgomery,RB,11.5,1,0
2023,14,6,736740647758938112,4195,Jake Elliott,K,10.0,1,0
2023,14,6,736740647758938112,6801,Tee Higgins,WR,9.2,1,0
2023,14,6,736740647758938112,6768,Tua Tagovailoa,QB,8.1,1,0
2023,14,6,736740647758938112,5947,Jakobi Meyers,WR,7.5,1,0
2023,14,6,736740647758938112,5022,Dallas Goedert,TE,7.0,1,0
2023,14,6,736740647758938112,LAC,Los Angeles Chargers,DEF,5.0,0,0
2023,14,6,736740647758938112,5248,Gus Edwards,RB,1.5,0,0
2023,14,6,736740647758938112,2251,Logan Thomas,TE,0,0,0
2023,14,7,735974647736213504,4881,Lamar Jackson,QB,32.64,1,0
2023,14,7,735974647736213504,8159,Desmond Ridder,QB,23.88,1,0
2023,14,7,735974647736213504,6819,Michael Pittman,WR,19.5,1,0
2023,14,7,735974647736213504,7588,Javonte Williams,RB,18.1,1,0
2023,14,7,735974647736213504,6011,Gardner Minshew,QB,14.6,0,0
2023,14,7,735974647736213504,1466,Travis Kelce,TE,14.3,1,0
2023,14,7,735974647736213504,7526,Jaylen Waddle,WR,13.9,1,0
2023,14,7,735974647736213504,8143,Jerome Ford,RB,13.2,0,0
2023,14,7,735974647736213504,9226,De'Von Achane,RB,12.1,1,0
2023,14,7,735974647736213504,3321,Tyreek Hill,WR,10.1,1,0
2023,14,7,735974647736213504,9488,Jaxon Smith-Njigba,WR,6.5,0,0
2023,14,7,735974647736213504,GB,Green Bay Packers,DEF,4.5,1,0
2023,14,7,735974647736213504,4666,Younghoe Koo,K,1.0,1,0
2023,14,7,735974647736213504,8148,Jameson Williams,WR,0.4,0,0
2023,14,7,735974647736213504,4199,Aaron Jones,RB,0,0,0
2023,14,7,735974647736213504,6943,Gabe Davis,WR,0,0,0
2023,14,8,736803054736822272,4033,David Njoku,TE,27.1,1,0
2023,14,8,736803054736822272,4892,Baker Mayfield,QB,20.06,1,0
2023,14,8,736803054736822272,4034,Christian McCaffrey,RB,16.8,1,0
2023,14,8,736803054736822272,5967,Tony Pollard,RB,16.6,1,0
2023,14,8,736803054736822272,9754,Quentin Johnston,WR,12.1,0,0
2023,14,8,736803054736822272,7525,DeVonta Smith,WR,10.3,1,0
2023,14,8,736803054736822272,4981,Calvin Ridley,WR,9.3,1,0
2023,14,8,736803054736822272,BUF,Buffalo Bills,DEF,7.75,0,0
2023,14,8,736803054736822272,8121,Romeo Doubs,WR,7.2,0,0
2023,14,8,736803054736822272,IND,Indianapolis Colts,DEF,7.0,1,0
2023,14,8,736803054736822272,7066,K.J. Osborn,WR,5.5,0,0
2023,14,8,736803054736822272,2747,Jason Myers,K,5.0,1,0
2023,14,8,736803054736822272,3163,Jared Goff,QB,4.44,1,0
2023,14,8,736803054736822272,6790,D'Andre Swift,RB,3.9,0,0
2023,14,8,736803054736822272,2216,Mike Evans,WR,1.8,1,0
2023,14,8,736803054736822272,8167,Christian Watson,WR,0,0,0
2023,14,9,710284244835979264,8146,Garrett Wilson,WR,20.6,1,0
2023,14,9,710284244835979264,4984,Josh Allen,QB,20.52,1,0
2023,14,9,710284244835979264,7538,Zach Wilson,QB,19.74,0,0
2023,14,9,710284244835979264,6786,CeeDee Lamb,WR,19.1,1,0
2023,14,9,710284244835979264,3294,Dak Prescott,QB,17.94,1,0
2023,14,9,710284244835979264,NYJ,New York Jets,DEF,15.75,1,0
2023,14,9,710284244835979264,5937,Diontae Johnson,WR,14.7,0,0
2023,14,9,710284244835979264,7594,Chuba Hubbard,RB,11.6,1,0
2023,14,9,710284244835979264,5844,T.J. Hockenson,TE,10.3,1,0
2023,14,9,710284244835979264,6845,Zack Moss,RB,9.6,1,0
2023,14,9,710284244835979264,PHI,Philadelphia Eagles,DEF,8.75,0,0
2023,14,9,710284244835979264,9511,Keaton Mitchell,RB,7.2,0,0
2023,14,9,710284244835979264,7547,Amon-Ra St. Brown,WR,5.1,1,0
2023,14,9,710284244835979264,4227,Harrison Butker,K,5.0,1,0
2023,14,9,710284244835979264,6783,Jerry Jeudy,WR,3.6,0,0
2023,14,9,710284244835979264,3199,Michael Thomas,WR,0,0,0
2023,14,9,710284244835979264,8205,Isiah Pacheco,RB,0,0,0
2023,14,10,475399371639222272,8183,Brock Purdy,QB,22.42,1,0
2023,14,10,475399371639222272,4217,George Kittle,TE,17.1,1,0
2023,14,10,475399371639222272,9221,Jahmyr Gibbs,RB,16.2,1,0
2023,14,10,475399371639222272,5045,Courtland Sutton,WR,15.7,1,0
2023,14,10,475399371639222272,4037,Chris Godwin,WR,10.3,0,0
2023,14,10,475399371639222272,1348,Dustin Hopkins,K,9.0,1,0
2023,14,10,475399371639222272,8228,Jaylen Warren,RB,8.0,0,0
2023,14,10,475399371639222272,JAX,Jacksonville Jaguars,DEF,6.75,0,0
2023,14,10,475399371639222272,5987,Alexander Mattison,RB,6.6,1,0
2023,14,10,475399371639222272,2449,Stefon Diggs,WR,6.4,1,0
2023,14,10,475399371639222272,HOU,Houston Texans,DEF,5.5,1,0
2023,14,10,475399371639222272,9756,Jordan Addison,WR,4.7,1,0
2023,14,10,475399371639222272,9758,C.J. Stroud,QB,2.64,1,0
2023,14,10,475399371639222272,4234,Noah Brown,WR,0,0,0
2023,14,10,475399371639222272,8119,Jahan Dotson,WR,0,0,0
2023,14,10,475399371639222272,8162,Sam Howell,QB,0,0,0
2023,15,1,608781531883859968,MIA,Miami Dolphins,DEF,24.0,1,1
2023,15,1,608781531883859968,7670,Joshua Palmer,WR,23.3,0,1
2023,15,1,608781531883859968,6130,Devin Singletary,RB,21.5,0,1
2023,15,1,608781531883859968,4464,Nick Mullens,QB,17.62,0,1
2023,15,1,608781531883859968,2161,Jerick McKinnon,RB,16.16,0,1
2023,15,1,608781531883859968,4035,Alvin Kamara,RB,16.0,1,1
2023,15,1,608781531883859968,6794,Justin Jefferson,WR,15.4,1,1
2023,15,1,608781531883859968,9999,Will Levis,QB,13.46,1,1
2023,15,1,608781531883859968,6826,Cole Kmet,TE,13.3,1,1
2023,15,1,608781531883859968,5849,Kyler Murray,QB,11.84,1,1
2023,15,1,608781531883859968,7543,Travis Etienne,RB,9.9,1,1
2023,15,1,608781531883859968,6945,Antonio Gibson,RB,8.5,1,1
2023,15,1,608781531883859968,11533,Brandon Aubrey,K,4.0,1,1
2023,15,1,608781531883859968,2078,Odell Beckham,WR,2.4,0,1
2023,15,1,608781531883859968,1479,Keenan Allen,WR,0,0,1
2023,15,1,608781531883859968,5848,Marquise Brown,WR,0,1,1
2023,15,1,608781531883859968,6813,Jonathan Taylor,RB,0,0,1
2023,15,1,608781531883859968,7569,Nico Collins,WR,0,0,1
2023,15,2,736077599457026048,10229,Rashee Rice,WR,23.1,0,1
2023,15,2,736077599457026048,8130,Trey McBride,TE,19.7,1,1
2023,15,2,736077599457026048,8131,Isaiah Likely,TE,18.0,0,1
2023,15,2,736077599457026048,6804,Jordan Love,QB,17.96,1,1
2023,15,2,736077599457026048,4046,Patrick Mahomes,QB,16.2,1,1
2023,15,2,736077599457026048,5846,DK Metcalf,WR,12.8,1,1
2023,15,2,736077599457026048,KC,Kansas City Chiefs,DEF,12.0,1,1
2023,15,2,736077599457026048,5859,A.J. Brown,WR,10.6,1,1
2023,15,2,736077599457026048,BAL,Baltimore Ravens,DEF,9.75,0,1
2023,15,2,736077599457026048,6083,Matt Gay,K,8.0,1,1
2023,15,2,736077599457026048,4663,Austin Ekeler,RB,7.8,1,1
2023,15,2,736077599457026048,3198,Derrick Henry,RB,5.0,1,1
2023,15,2,736077599457026048,2197,Brandin Cooks,WR,3.0,0,1
2023,15,2,736077599457026048,9509,Bijan Robinson,RB,0.4,1,1
2023,15,2,736077599457026048,1373,Geno Smith,QB,0,0,1
2023,15,2,736077599457026048,8144,Chris Olave,WR,0,0,1
2023,15,3,737091087440674816,2309,Amari Cooper,WR,22.9,1,1
2023,15,3,737091087440674816,5872,Deebo Samuel,WR,21.9,1,1
2023,15,3,737091087440674816,2028,Derek Carr,QB,20.32,0,1
2023,15,3,737091087440674816,6111,Jake Browning,QB,19.46,1,1
2023,15,3,737091087440674816,4137,James Conner,RB,17.9,1,1
2023,15,3,737091087440674816,7523,Trevor Lawrence,QB,16.16,1,1
2023,15,3,737091087440674816,SF,San Francisco 49ers,DEF,10.75,1,1
2023,15,3,737091087440674816,7564,Ja'Marr Chase,WR,10.4,1,1
2023,15,3,737091087440674816,7839,Evan McPherson,K,9.0,1,1
2023,15,3,737091087440674816,4066,Evan Engram,TE,6.8,1,1
2023,15,3,737091087440674816,4866,Saquon Barkley,RB,5.7,1,1
2023,15,3,737091087440674816,9500,Josh Downs,WR,4.9,0,1
2023,15,3,737091087440674816,9508,Tyjae Spears,RB,4.7,0,1
2023,15,3,737091087440674816,9997,Zay Flowers,WR,1.7,0,1
2023,15,3,737091087440674816,7528,Najee Harris,RB,1.3,0,1
2023,15,3,737091087440674816,10236,Dalton Kincaid,TE,0,0,1
2023,15,4,736744257179770880,2133,Davante Adams,WR,24.6,1,1
2023,15,4,736744257179770880,6904,Jalen Hurts,QB,21.92,1,1
2023,15,4,736744257179770880,8136,Rachaad White,RB,21.9,1,1
2023,15,4,736744257179770880,8151,Kenneth Walker,RB,20.2,0,1
2023,15,4,736744257179770880,2749,Raheem Mostert,RB,18.3,1,1
2023,15,4,736744257179770880,1234,Russell Wilson,QB,17.52,1,1
2023,15,4,736744257179770880,19,Joe Flacco,QB,17.36,0,1
2023,15,4,736744257179770880,1264,Justin Tucker,K,12.0,1,1
2023,15,4,736744257179770880,8110,Jake Ferguson,TE,10.4,1,1
2023,15,4,736744257179770880,9493,Puka Nacua,WR,10.3,1,1
2023,15,4,736744257179770880,3164,Ezekiel Elliott,RB,9.6,1,1
2023,15,4,736744257179770880,1689,Adam Thielen,WR,8.3,0,1
2023,15,4,736744257179770880,CIN,Cincinnati Bengals,DEF,5.75,1,1
2023,15,4,736744257179770880,9753,Zach Charbonnet,RB,1.6,0,1
2023,15,4,736744257179770880,DAL,Dallas Cowboys,DEF,0.25,0,1
2023,15,4,736744257179770880,5850,Josh Jacobs,RB,0,0,1
2023,15,5,716698629934481408,10859,Sam LaPorta,TE,28.6,1,1
2023,15,5,716698629934481408,5927,Terry McLaurin,WR,26.6,1,1
2023,15,5,716698629934481408,8150,Kyren Williams,RB,25.0,1,1
2023,15,5,716698629934481408,CLE,Cleveland Browns,DEF,19.25,1,1
2023,15,5,716698629934481408,4018,Joe Mixon,RB,15.1,1,1
2023,15,5,716698629934481408,5854,Drew Lock,QB,12.12,0,1
2023,15,5,716698629934481408,5119,Jason Sanders,K,12.0,1,1
2023,15,5,716698629934481408,4080,Zay Jones,WR,10.9,0,1
2023,15,5,716698629934481408,8137,George Pickens,WR,7.7,0,1
2023,15,5,716698629934481408,7591,Justin Fields,QB,7.64,1,1
2023,15,5,716698629934481408,9224,Chase Brown,RB,7.1,0,1
2023,15,5,716698629934481408,6803,Brandon Aiyuk,WR,6.7,1,1
2023,15,5,716698629934481408,8112,Drake London,WR,4.4,1,1
2023,15,5,716698629934481408,1426,DeAndre Hopkins,WR,4.1,1,1
2023,15,5,716698629934481408,4950,Christian Kirk,WR,0,0,1
2023,15,5,716698629934481408,7611,Rhamondre Stevenson,RB,0,0,1
2023,15,5,716698629934481408,8154,Brian Robinson,RB,0,0,1
2023,15,6,736740647758938112,8138,James Cook,RB,36.6,1,1
2023,15,6,736740647758938112,4039,Cooper Kupp,WR,27.1,1,1
2023,15,6,736740647758938112,6801,Tee Higgins,WR,22.1,0,1
2023,15,6,736740647758938112,421,Matthew Stafford,QB,20.02,1,1
2023,15,6,736740647758938112,NO,New Orleans Saints,DEF,16.25,1,1
2023,15,6,736740647758938112,5947,Jakobi Meyers,WR,15.68,0,1
2023,15,6,736740647758938112,6768,Tua Tagovailoa,QB,13.96,1,1
2023,15,6,736740647758938112,11292,Tommy DeVito,QB,10.68,0,1
2023,15,6,736740647758938112,5892,David Montgomery,RB,10.2,1,1
2023,15,6,736740647758938112,4983,DJ Moore,WR,9.2,1,1
2023,15,6,736740647758938112,5022,Dallas Goedert,TE,7.1,1,1
2023,15,6,736740647758938112,2374,Tyler Lockett,WR,5.1,0,1
2023,15,6,736740647758938112,4195,Jake Elliott,K,5.0,1,1
2023,15,6,736740647758938112,8155,Breece Hall,RB,2.8,1,1
2023,15,6,736740647758938112,LAC,Los Angeles Chargers,DEF,-1.75,0,1
2023,15,6,736740647758938112,DEN,Denver Broncos,DEF,-4.5,0,1
2023,15,7,735974647736213504,7526,Jaylen Waddle,WR,30.2,0,1
2023,15,7,735974647736213504,6011,Gardner Minshew,QB,20.6,1,1
2023,15,7,735974647736213504,4881,Lamar Jackson,QB,18.54,0,1
2023,15,7,735974647736213504,10222,Jayden Reed,WR,17.2,0,1
2023,15,7,735974647736213504,9488,Jaxon Smith-Njigba,WR,14.8,0,1
2023,15,7,735974647736213504,6819,Michael Pittman,WR,11.8,1,1
2023,15,7,735974647736213504,4199,Aaron Jones,RB,10.9,0,1
2023,15,7,735974647736213504,9226,De'Von Achane,RB,9.2,0,1
2023,15,7,735974647736213504,1466,Travis Kelce,TE,7.8,0,1
2023,15,7,735974647736213504,8143,Jerome Ford,RB,7.1,0,1
2023,15,7,735974647736213504,8159,Desmond Ridder,QB,6.88,0,1
2023,15,7,735974647736213504,7588,Javonte Williams,RB,4.0,0,1
2023,15,7,735974647736213504,WAS,Washington Commanders,DEF,3.25,0,1
2023,15,7,735974647736213504,GB,Green Bay Packers,DEF,1.25,1,1
2023,15,7,735974647736213504,4666,Younghoe Koo,K,1.0,0,1
2023,15,7,735974647736213504,3321,Tyreek Hill,WR,0,0,1
2023,15,8,736803054736822272,4034,Christian McCaffrey,RB,42.7,1,1
2023,15,8,736803054736822272,3163,Jared Goff,QB,31.12,1,1
2023,15,8,736803054736822272,4892,Baker Mayfield,QB,30.04,1,1
2023,15,8,736803054736822272,4033,David Njoku,TE,26.9,1,1
2023,15,8,736803054736822272,IND,Indianapolis Colts,DEF,16.0,1,1
2023,15,8,736803054736822272,2216,Mike Evans,WR,15.7,1,1
2023,15,8,736803054736822272,BUF,Buffalo Bills,DEF,12.25,0,1
2023,15,8,736803054736822272,9754,Quentin Johnston,WR,10.3,0,1
2023,15,8,736803054736822272,7525,DeVonta Smith,WR,10.0,1,1
2023,15,8,736803054736822272,6790,D'Andre Swift,RB,9.5,1,1
2023,15,8,736803054736822272,2747,Jason Myers,K,9.0,1,1
2023,15,8,736803054736822272,4981,Calvin Ridley,WR,8.9,0,1
2023,15,8,736803054736822272,5967,Tony Pollard,RB,7.7,1,1
2023,15,8,736803054736822272,8121,Romeo Doubs,WR,6.0,0,1
2023,15,8,736803054736822272,7066,K.J. Osborn,WR,1.3,0,1
2023,15,8,736803054736822272,2307,Marcus Mariota,QB,0,0,1
2023,15,8,736803054736822272,8167,Christian Watson,WR,0,0,1
2023,15,9,710284244835979264,7547,Amon-Ra St. Brown,WR,24.7,0,1
2023,15,9,710284244835979264,6786,CeeDee Lamb,WR,18.6,0,1
2023,15,9,710284244835979264,5937,Diontae Johnson,WR,16.2,0,1
2023,15,9,710284244835979264,4984,Josh Allen,QB,16.16,0,1
2023,15,9,710284244835979264,5844,T.J. Hockenson,TE,12.3,0,1
2023,15,9,710284244835979264,6845,Zack Moss,RB,12.3,0,1
2023,15,9,710284244835979264,7594,Chuba Hubbard,RB,12.3,0,1
2023,15,9,710284244835979264,9511,Keaton Mitchell,RB,10.8,0,1
2023,15,9,710284244835979264,6783,Jerry Jeudy,WR,10.4,0,1
2023,15,9,710284244835979264,4227,Harrison Butker,K,8.0,0,1
2023,15,9,710284244835979264,PHI,Philadelphia Eagles,DEF,6.5,0,1
2023,15,9,710284244835979264,3294,Dak Prescott,QB,6.06,0,1
2023,15,9,710284244835979264,8146,Garrett Wilson,WR,5.9,0,1
2023,15,9,710284244835979264,NYJ,New York Jets,DEF,4.75,1,1
2023,15,9,710284244835979264,3199,Michael Thomas,WR,0,0,1
2023,15,9,710284244835979264,8205,Isiah Pacheco,RB,0,0,1
2023,15,9,710284244835979264,7538,Zach Wilson,QB,-0.96,1,1
2023,15,10,475399371639222272,9756,Jordan Addison,WR,29.6,1,1
2023,15,10,475399371639222272,4037,Chris Godwin,WR,26.0,0,1
2023,15,10,475399371639222272,8183,Brock Purdy,QB,25.68,1,1
2023,15,10,475399371639222272,9221,Jahmyr Gibbs,RB,25.3,1,1
2023,15,10,475399371639222272,8230,Ty Chandler,RB,25.2,1,1
2023,15,10,475399371639222272,4234,Noah Brown,WR,22.2,0,1
2023,15,10,475399371639222272,HOU,Houston Texans,DEF,13.75,1,1
2023,15,10,475399371639222272,5045,Courtland Sutton,WR,12.1,1,1
2023,15,10,475399371639222272,8228,Jaylen Warren,RB,11.8,0,1
2023,15,10,475399371639222272,2449,Stefon Diggs,WR,8.8,1,1
2023,15,10,475399371639222272,8162,Sam Howell,QB,8.28,1,1
2023,15,10,475399371639222272,1348,Dustin Hopkins,K,8.0,1,1
2023,15,10,475399371639222272,4217,George Kittle,TE,7.4,1,1
2023,15,10,475399371639222272,7553,Kyle Pitts,TE,6.7,0,1
2023,15,10,475399371639222272,8119,Jahan Dotson,WR,2.2,0,1
2023,15,10,475399371639222272,5987,Alexander Mattison,RB,0,0,1
2023,15,10,475399371639222272,9758,C.J. Stroud,QB,0,0,1
2023,16,1,608781531883859968,6794,Justin Jefferson,WR,26.6,1,1
2023,16,1,608781531883859968,6943,Gabe Davis,WR,25.0,0,1
2023,16,1,608781531883859968,5849,Kyler Murray,QB,19.4,1,1
2023,16,1,608781531883859968,4464,Nick Mullens,QB,15.54,1,1
2023,16,1,608781531883859968,6826,Cole Kmet,TE,15.2,1,1
2023,16,1,608781531883859968,7569,Nico Collins,WR,13.8,1,1
2023,16,1,608781531883859968,3225,Tyler Boyd,WR,10.9,0,1
2023,16,1,608781531883859968,6813,Jonathan Taylor,RB,10.3,1,1
2023,16,1,608781531883859968,11533,Brandon Aubrey,K,9.0,1,1
2023,16,1,608781531883859968,4035,Alvin Kamara,RB,8.5,1,1
2023,16,1,608781531883859968,6130,Devin Singletary,RB,8.3,0,1
2023,16,1,608781531883859968,7543,Travis Etienne,RB,6.1,1,1
2023,16,1,608781531883859968,CHI,Chicago Bears,DEF,5.5,1,1
2023,16,1,608781531883859968,4082,Curtis Samuel,WR,3.0,0,1
2023,16,1,608781531883859968,1479,Keenan Allen,WR,0,0,1
2023,16,1,608781531883859968,5848,Marquise Brown,WR,0,0,1
2023,16,1,608781531883859968,9999,Will Levis,QB,0,0,1
2023,16,2,736077599457026048,6804,Jordan Love,QB,23.96,0,1
2023,16,2,736077599457026048,8144,Chris Olave,WR,23.8,1,1
2023,16,2,736077599457026048,3198,Derrick Henry,RB,21.38,1,1
2023,16,2,736077599457026048,9509,Bijan Robinson,RB,19.2,1,1
2023,16,2,736077599457026048,1373,Geno Smith,QB,16.78,1,1
2023,16,2,736077599457026048,4046,Patrick Mahomes,QB,16.2,1,1
2023,16,2,736077599457026048,5846,DK Metcalf,WR,15.6,0,1
2023,16,2,736077599457026048,5859,A.J. Brown,WR,14.0,1,1
2023,16,2,736077599457026048,BAL,Baltimore Ravens,DEF,13.5,0,1
2023,16,2,736077599457026048,10229,Rashee Rice,WR,11.7,1,1
2023,16,2,736077599457026048,4663,Austin Ekeler,RB,11.6,0,1
2023,16,2,736077599457026048,2197,Brandin Cooks,WR,10.3,0,1
2023,16,2,736077599457026048,8130,Trey McBride,TE,9.1,1,1
2023,16,2,736077599457026048,8131,Isaiah Likely,TE,8.6,0,1
2023,16,2,736077599457026048,KC,Kansas City Chiefs,DEF,8.0,1,1
2023,16,2,736077599457026048,6083,Matt Gay,K,4.0,1,1
2023,16,3,737091087440674816,2309,Amari Cooper,WR,54.0,1,1
2023,16,3,737091087440674816,2028,Derek Carr,QB,25.46,1,1
2023,16,3,737091087440674816,4137,James Conner,RB,22.2,1,1
2023,16,3,737091087440674816,9997,Zay Flowers,WR,22.2,1,1
2023,16,3,737091087440674816,4866,Saquon Barkley,RB,19.4,1,1
2023,16,3,737091087440674816,4066,Evan Engram,TE,17.5,1,1
2023,16,3,737091087440674816,6111,Jake Browning,QB,13.9,0,1
2023,16,3,737091087440674816,7528,Najee Harris,RB,13.8,0,1
2023,16,3,737091087440674816,9508,Tyjae Spears,RB,11.7,0,1
2023,16,3,737091087440674816,9500,Josh Downs,WR,9.9,0,1
2023,16,3,737091087440674816,5872,Deebo Samuel,WR,9.4,1,1
2023,16,3,737091087440674816,7523,Trevor Lawrence,QB,8.34,1,1
2023,16,3,737091087440674816,SF,San Francisco 49ers,DEF,3.5,1,1
2023,16,3,737091087440674816,7839,Evan McPherson,K,3.0,1,1
2023,16,3,737091087440674816,10236,Dalton Kincaid,TE,1.7,0,1
2023,16,3,737091087440674816,7564,Ja'Marr Chase,WR,0,0,1
2023,16,4,736744257179770880,9493,Puka Nacua,WR,33.5,1,1
2023,16,4,736744257179770880,19,Joe Flacco,QB,26.32,0,1
2023,16,4,736744257179770880,6904,Jalen Hurts,QB,22.44,1,1
2023,16,4,736744257179770880,1234,Russell Wilson,QB,22.02,1,1
2023,16,4,736744257179770880,3164,Ezekiel Elliott,RB,21.0,1,1
2023,16,4,736744257179770880,8136,Rachaad White,RB,19.7,1,1
2023,16,4,736744257179770880,1264,Justin Tucker,K,16.0,1,1
2023,16,4,736744257179770880,1689,Adam Thielen,WR,15.4,0,1
2023,16,4,736744257179770880,2749,Raheem Mostert,RB,12.0,1,1
2023,16,4,736744257179770880,8110,Jake Ferguson,TE,8.5,1,1
2023,16,4,736744257179770880,8151,Kenneth Walker,RB,6.6,0,1
2023,16,4,736744257179770880,2133,Davante Adams,WR,1.4,1,1
2023,16,4,736744257179770880,DAL,Dallas Cowboys,DEF,1.25,0,1
2023,16,4,736744257179770880,CIN,Cincinnati Bengals,DEF,0.75,1,1
2023,16,4,736744257179770880,9753,Zach Charbonnet,RB,0.6,0,1
2023,16,4,736744257179770880,5850,Josh Jacobs,RB,0,0,1
2023,16,5,716698629934481408,8137,George Pickens,WR,38.0,0,1
2023,16,5,716698629934481408,7591,Justin Fields,QB,24.5,1,1
2023,16,5,716698629934481408,5119,Jason Sanders,K,22.0,1,1
2023,16,5,716698629934481408,6803,Brandon Aiyuk,WR,17.8,1,1
2023,16,5,716698629934481408,8150,Kyren Williams,RB,16.9,1,1
2023,16,5,716698629934481408,CLE,Cleveland Browns,DEF,11.75,1,1
2023,16,5,716698629934481408,4018,Joe Mixon,RB,9.0,1,1
2023,16,5,716698629934481408,5927,Terry McLaurin,WR,8.0,1,1
2023,16,5,716698629934481408,8112,Drake London,WR,6.9,1,1
2023,16,5,716698629934481408,10859,Sam LaPorta,TE,4.8,1,1
2023,16,5,716698629934481408,9224,Chase Brown,RB,4.4,0,1
2023,16,5,716698629934481408,1426,DeAndre Hopkins,WR,4.0,1,1
2023,16,5,716698629934481408,4080,Zay Jones,WR,0,0,1
2023,16,5,716698629934481408,4950,Christian Kirk,WR,0,0,1
2023,16,5,716698629934481408,5854,Drew Lock,QB,0,0,1
2023,16,5,716698629934481408,7611,Rhamondre Stevenson,RB,0,0,1
2023,16,5,716698629934481408,8154,Brian Robinson,RB,0,0,1
2023,16,6,736740647758938112,8155,Breece Hall,RB,43.1,1,1
2023,16,6,736740647758938112,6801,Tee Higgins,WR,27.0,1,1
2023,16,6,736740647758938112,421,Matthew Stafford,QB,20.72,0,1
2023,16,6,736740647758938112,4195,Jake Elliott,K,17.0,1,1
2023,16,6,736740647758938112,2374,Tyler Lockett,WR,16.1,0,1
2023,16,6,736740647758938112,5892,David Montgomery,RB,14.9,1,1
2023,16,6,736740647758938112,6768,Tua Tagovailoa,QB,14.52,1,1
2023,16,6,736740647758938112,5022,Dallas Goedert,TE,14.1,1,1
2023,16,6,736740647758938112,4039,Cooper Kupp,WR,10.9,1,1
2023,16,6,736740647758938112,DEN,Denver Broncos,DEF,10.5,1,1
2023,16,6,736740647758938112,5947,Jakobi Meyers,WR,7.2,0,1
2023,16,6,736740647758938112,4983,DJ Moore,WR,4.8,1,1
2023,16,6,736740647758938112,8138,James Cook,RB,4.0,1,1
2023,16,6,736740647758938112,11292,Tommy DeVito,QB,2.7,0,1
2023,16,6,736740647758938112,515,Rob Gronkowski,TE,0,0,1
2023,16,7,735974647736213504,4881,Lamar Jackson,QB,22.58,1,1
2023,16,7,735974647736213504,4666,Younghoe Koo,K,19.0,1,1
2023,16,7,735974647736213504,3321,Tyreek Hill,WR,18.9,1,1
2023,16,7,735974647736213504,4199,Aaron Jones,RB,15.0,1,1
2023,16,7,735974647736213504,2711,Taylor Heinicke,QB,13.16,1,1
2023,16,7,735974647736213504,9488,Jaxon Smith-Njigba,WR,12.1,0,1
2023,16,7,735974647736213504,7588,Javonte Williams,RB,10.9,1,1
2023,16,7,735974647736213504,9486,Dontayvion Wicks,WR,10.9,0,1
2023,16,7,735974647736213504,7670,Joshua Palmer,WR,9.7,0,1
2023,16,7,735974647736213504,1466,Travis Kelce,TE,9.4,1,1
2023,16,7,735974647736213504,8143,Jerome Ford,RB,9.3,0,1
2023,16,7,735974647736213504,6011,Gardner Minshew,QB,9.14,0,1
2023,16,7,735974647736213504,7526,Jaylen Waddle,WR,6.2,1,1
2023,16,7,735974647736213504,9226,De'Von Achane,RB,4.1,1,1
2023,16,7,735974647736213504,GB,Green Bay Packers,DEF,1.5,1,1
2023,16,7,735974647736213504,10222,Jayden Reed,WR,0,0,1
2023,16,7,735974647736213504,6819,Michael Pittman,WR,0,0,1
2023,16,8,736803054736822272,2216,Mike Evans,WR,27.6,1,1
2023,16,8,736803054736822272,4981,Calvin Ridley,WR,25.8,1,1
2023,16,8,736803054736822272,4034,Christian McCaffrey,RB,25.6,1,1
2023,16,8,736803054736822272,7066,K.J. Osborn,WR,20.5,0,1
2023,16,8,736803054736822272,4892,Baker Mayfield,QB,20.32,1,1
2023,16,8,736803054736822272,7525,DeVonta Smith,WR,17.9,1,1
2023,16,8,736803054736822272,8121,Romeo Doubs,WR,16.9,0,1
2023,16,8,736803054736822272,4033,David Njoku,TE,16.4,1,1
2023,16,8,736803054736822272,6790,D'Andre Swift,RB,15.2,0,1
2023,16,8,736803054736822272,3163,Jared Goff,QB,14.78,1,1
2023,16,8,736803054736822272,2747,Jason Myers,K,8.0,1,1
2023,16,8,736803054736822272,BUF,Buffalo Bills,DEF,6.25,1,1
2023,16,8,736803054736822272,5967,Tony Pollard,RB,5.3,1,1
2023,16,8,736803054736822272,9754,Quentin Johnston,WR,5.0,0,1
2023,16,8,736803054736822272,8167,Christian Watson,WR,0,0,1
2023,16,8,736803054736822272,IND,Indianapolis Colts,DEF,-2.25,0,1
2023,16,9,710284244835979264,7547,Amon-Ra St. Brown,WR,29.1,1,1
2023,16,9,710284244835979264,6786,CeeDee Lamb,WR,26.2,1,1
2023,16,9,710284244835979264,4984,Josh Allen,QB,25.98,1,1
2023,16,9,710284244835979264,3294,Dak Prescott,QB,18.62,1,1
2023,16,9,710284244835979264,8146,Garrett Wilson,WR,15.8,1,1
2023,16,9,710284244835979264,NYJ,New York Jets,DEF,12.25,1,1
2023,16,9,710284244835979264,7594,Chuba Hubbard,RB,12.1,1,1
2023,16,9,710284244835979264,8205,Isiah Pacheco,RB,10.6,1,1
2023,16,9,710284244835979264,5844,T.J. Hockenson,TE,9.8,1,1
2023,16,9,710284244835979264,PHI,Philadelphia Eagles,DEF,9.25,0,1
2023,16,9,710284244835979264,6820,Clyde Edwards-Helaire,RB,7.8,0,1
2023,16,9,710284244835979264,6783,Jerry Jeudy,WR,7.4,0,1
2023,16,9,710284244835979264,5937,Diontae Johnson,WR,3.5,0,1
2023,16,9,710284244835979264,3199,Michael Thomas,WR,0,0,1
2023,16,9,710284244835979264,6845,Zack Moss,RB,0,0,1
2023,16,9,710284244835979264,7538,Zach Wilson,QB,0,0,1
2023,16,9,710284244835979264,4227,Harrison Butker,K,-1.0,1,1
2023,16,10,475399371639222272,9221,Jahmyr Gibbs,RB,24.0,1,1
2023,16,10,475399371639222272,4217,George Kittle,TE,20.1,1,1
2023,16,10,475399371639222272,4037,Chris Godwin,WR,13.9,0,1
2023,16,10,475399371639222272,8228,Jaylen Warren,RB,10.4,0,1
2023,16,10,475399371639222272,2449,Stefon Diggs,WR,7.9,1,1
2023,16,10,475399371639222272,8230,Ty Chandler,RB,7.7,1,1
2023,16,10,475399371639222272,4234,Noah Brown,WR,6.8,0,1
2023,16,10,475399371639222272,HOU,Houston Texans,DEF,6.25,1,1
2023,16,10,475399371639222272,8119,Jahan Dotson,WR,5.1,0,1
2023,16,10,475399371639222272,8183,Brock Purdy,QB,2.4,1,1
2023,16,10,475399371639222272,1348,Dustin Hopkins,K,2.0,1,1
2023,16,10,475399371639222272,9756,Jordan Addison,WR,1.2,1,1
2023,16,10,475399371639222272,5045,Courtland Sutton,WR,0,1,1
2023,16,10,475399371639222272,9758,C.J. Stroud,QB,0,0,1
2023,16,10,475399371639222272,5987,Alexander Mattison,RB,-0.1,0,1
2023,16,10,475399371639222272,8162,Sam Howell,QB,-1.76,1,1
2023,17,1,608781531883859968,7543,Travis Etienne,RB,27.8,1,1
2023,17,1,608781531883859968,5849,Kyler Murray,QB,23.18,1,1
2023,17,1,608781531883859968,JAX,Jacksonville Jaguars,DEF,20.5,1,1
2023,17,1,608781531883859968,827,Tyrod Taylor,QB,19.26,0,1
2023,17,1,608781531883859968,6813,Jonathan Taylor,RB,16.4,1,1
2023,17,1,608781531883859968,7569,Nico Collins,WR,14.7,1,1
2023,17,1,608781531883859968,6130,Devin Singletary,RB,11.6,0,1
2023,17,1,608781531883859968,11533,Brandon Aubrey,K,11.0,1,1
2023,17,1,608781531883859968,6794,Justin Jefferson,WR,10.9,1,1
2023,17,1,608781531883859968,2505,Darren Waller,TE,10.1,0,1
2023,17,1,608781531883859968,4035,Alvin Kamara,RB,6.9,1,1
2023,17,1,608781531883859968,8676,Rashid Shaheed,WR,3.4,0,1
2023,17,1,608781531883859968,1479,Keenan Allen,WR,0,0,1
2023,17,1,608781531883859968,559,Tim Tebow,TE,0,0,1
2023,17,1,608781531883859968,6826,Cole Kmet,TE,0,1,1
2023,17,1,608781531883859968,9231,Jaren Hall,QB,-0.92,1,1
2023,17,2,736077599457026048,6804,Jordan Love,QB,28.44,0,1
2023,17,2,736077599457026048,10229,Rashee Rice,WR,18.2,1,1
2023,17,2,736077599457026048,8131,Isaiah Likely,TE,18.2,0,1
2023,17,2,736077599457026048,2197,Brandin Cooks,WR,17.0,0,1
2023,17,2,736077599457026048,1373,Geno Smith,QB,16.9,1,1
2023,17,2,736077599457026048,5846,DK Metcalf,WR,16.1,0,1
2023,17,2,736077599457026048,4046,Patrick Mahomes,QB,12.0,1,1
2023,17,2,736077599457026048,6083,Matt Gay,K,12.0,1,1
2023,17,2,736077599457026048,KC,Kansas City Chiefs,DEF,11.0,1,1
2023,17,2,736077599457026048,8130,Trey McBride,TE,10.8,1,1
2023,17,2,736077599457026048,9509,Bijan Robinson,RB,10.6,1,1
2023,17,2,736077599457026048,5859,A.J. Brown,WR,9.3,1,1
2023,17,2,736077599457026048,8144,Chris Olave,WR,5.6,1,1
2023,17,2,736077599457026048,3198,Derrick Henry,RB,4.2,1,1
2023,17,2,736077599457026048,4663,Austin Ekeler,RB,4.0,0,1
2023,17,2,736077599457026048,184,Adrian Peterson,RB,0,0,1
2023,17,3,737091087440674816,4137,James Conner,RB,26.8,1,1
2023,17,3,737091087440674816,7528,Najee Harris,RB,24.7,0,1
2023,17,3,737091087440674816,9997,Zay Flowers,WR,21.6,1,1
2023,17,3,737091087440674816,6111,Jake Browning,QB,21.08,0,1
2023,17,3,737091087440674816,5872,Deebo Samuel,WR,18.2,1,1
2023,17,3,737091087440674816,2028,Derek Carr,QB,15.58,1,1
2023,17,3,737091087440674816,10236,Dalton Kincaid,TE,12.7,0,1
2023,17,3,737091087440674816,SF,San Francisco 49ers,DEF,12.25,1,1
2023,17,3,737091087440674816,4066,Evan Engram,TE,12.0,1,1
2023,17,3,737091087440674816,4866,Saquon Barkley,RB,8.8,1,1
2023,17,3,737091087440674816,9500,Josh Downs,WR,7.3,0,1
2023,17,3,737091087440674816,7564,Ja'Marr Chase,WR,7.1,0,1
2023,17,3,737091087440674816,9508,Tyjae Spears,RB,6.9,0,1
2023,17,3,737091087440674816,7839,Evan McPherson,K,5.0,1,1
2023,17,3,737091087440674816,2309,Amari Cooper,WR,0,1,1
2023,17,3,737091087440674816,7523,Trevor Lawrence,QB,0,1,1
2023,17,4,736744257179770880,2133,Davante Adams,WR,38.1,1,1
2023,17,4,736744257179770880,19,Joe Flacco,QB,21.66,0,1
2023,17,4,736744257179770880,9493,Puka Nacua,WR,19.2,1,1
2023,17,4,736744257179770880,6904,Jalen Hurts,QB,19.18,1,1
2023,17,4,736744257179770880,8151,Kenneth Walker,RB,15.5,0,1
2023,17,4,736744257179770880,3164,Ezekiel Elliott,RB,11.5,1,1
2023,17,4,736744257179770880,1689,Adam Thielen,WR,9.8,0,1
2023,17,4,736744257179770880,9753,Zach Charbonnet,RB,9.1,0,1
2023,17,4,736744257179770880,8136,Rachaad White,RB,8.6,1,1
2023,17,4,736744257179770880,1264,Justin Tucker,K,8.0,1,1
2023,17,4,736744257179770880,8110,Jake Ferguson,TE,7.3,1,1
2023,17,4,736744257179770880,DAL,Dallas Cowboys,DEF,5.25,0,1
2023,17,4,736744257179770880,CIN,Cincinnati Bengals,DEF,3.0,1,1
2023,17,4,736744257179770880,1234,Russell Wilson,QB,0,1,1
2023,17,4,736744257179770880,2749,Raheem Mostert,RB,0,1,1
2023,17,4,736744257179770880,5850,Josh Jacobs,RB,0,0,1
2023,17,5,716698629934481408,8150,Kyren Williams,RB,30.1,1,1
2023,17,5,716698629934481408,6803,Brandon Aiyuk,WR,24.9,1,1
2023,17,5,716698629934481408,7591,Justin Fields,QB,24.22,1,1
2023,17,5,716698629934481408,8137,George Pickens,WR,19.6,0,1
2023,17,5,716698629934481408,4018,Joe Mixon,RB,18.7,1,1
2023,17,5,716698629934481408,5927,Terry McLaurin,WR,16.1,1,1
2023,17,5,716698629934481408,CLE,Cleveland Browns,DEF,16.0,1,1
2023,17,5,716698629934481408,10859,Sam LaPorta,TE,15.4,1,1
2023,17,5,716698629934481408,1426,DeAndre Hopkins,WR,14.2,1,1
2023,17,5,716698629934481408,8154,Brian Robinson,RB,11.6,0,1
2023,17,5,716698629934481408,8112,Drake London,WR,9.6,1,1
2023,17,5,716698629934481408,5119,Jason Sanders,K,7.0,1,1
2023,17,5,716698629934481408,9224,Chase Brown,RB,4.8,0,1
2023,17,5,716698629934481408,4080,Zay Jones,WR,0,0,1
2023,17,5,716698629934481408,4950,Christian Kirk,WR,0,0,1
2023,17,5,716698629934481408,5854,Drew Lock,QB,0,0,1
2023,17,5,716698629934481408,7611,Rhamondre Stevenson,RB,0,0,1
2023,17,6,736740647758938112,4983,DJ Moore,WR,31.4,1,1
2023,17,6,736740647758938112,8155,Breece Hall,RB,27.6,1,1
2023,17,6,736740647758938112,5022,Dallas Goedert,TE,15.7,1,1
2023,17,6,736740647758938112,6768,Tua Tagovailoa,QB,14.88,1,1
2023,17,6,736740647758938112,4039,Cooper Kupp,WR,12.7,1,1
2023,17,6,736740647758938112,421,Matthew Stafford,QB,12.58,1,1
2023,17,6,736740647758938112,5892,David Montgomery,RB,12.5,0,1
2023,17,6,736740647758938112,5947,Jakobi Meyers,WR,11.6,0,1
2023,17,6,736740647758938112,DEN,Denver Broncos,DEF,9.75,1,1
2023,17,6,736740647758938112,4195,Jake Elliott,K,8.0,1,1
2023,17,6,736740647758938112,8138,James Cook,RB,5.4,1,1
2023,17,6,736740647758938112,6801,Tee Higgins,WR,2.9,1,1
2023,17,6,736740647758938112,2374,Tyler Lockett,WR,2.0,0,1
2023,17,6,736740647758938112,11292,Tommy DeVito,QB,0,0,1
2023,17,6,736740647758938112,515,Rob Gronkowski,TE,0,0,1
2023,17,7,735974647736213504,4881,Lamar Jackson,QB,37.34,1,1
2023,17,7,735974647736213504,8143,Jerome Ford,RB,27.6,0,1
2023,17,7,735974647736213504,10222,Jayden Reed,WR,26.9,1,1
2023,17,7,735974647736213504,9226,De'Von Achane,RB,24.2,1,1
2023,17,7,735974647736213504,8139,Zamir White,RB,15.6,0,1
2023,17,7,735974647736213504,4199,Aaron Jones,RB,14.5,1,1
2023,17,7,735974647736213504,6011,Gardner Minshew,QB,14.26,0,1
2023,17,7,735974647736213504,3321,Tyreek Hill,WR,13.6,1,1
2023,17,7,735974647736213504,CHI,Chicago Bears,DEF,13.0,1,1
2023,17,7,735974647736213504,6819,Michael Pittman,WR,9.6,1,1
2023,17,7,735974647736213504,10937,Jake Moody,K,9.0,1,1
2023,17,7,735974647736213504,7588,Javonte Williams,RB,8.8,1,1
2023,17,7,735974647736213504,LAR,Los Angeles Rams,DEF,8.5,0,1
2023,17,7,735974647736213504,9488,Jaxon Smith-Njigba,WR,8.2,0,1
2023,17,7,735974647736213504,1466,Travis Kelce,TE,4.6,1,1
2023,17,7,735974647736213504,7526,Jaylen Waddle,WR,0,0,1
2023,17,7,735974647736213504,9486,Dontayvion Wicks,WR,0,0,1
2023,17,8,736803054736822272,BUF,Buffalo Bills,DEF,19.75,1,1
2023,17,8,736803054736822272,4033,David Njoku,TE,17.9,1,1
2023,17,8,736803054736822272,4892,Baker Mayfield,QB,16.26,1,1
2023,17,8,736803054736822272,4034,Christian McCaffrey,RB,13.1,1,1
2023,17,8,736803054736822272,2747,Jason Myers,K,13.0,1,1
2023,17,8,736803054736822272,3163,Jared Goff,QB,10.84,1,1
2023,17,8,736803054736822272,2216,Mike Evans,WR,10.0,1,1
2023,17,8,736803054736822272,4981,Calvin Ridley,WR,7.9,1,1
2023,17,8,736803054736822272,6790,D'Andre Swift,RB,7.6,1,1
2023,17,8,736803054736822272,7525,DeVonta Smith,WR,6.0,1,1
2023,17,8,736803054736822272,5967,Tony Pollard,RB,5.9,0,1
2023,17,8,736803054736822272,9754,Quentin Johnston,WR,5.9,0,1
2023,17,8,736803054736822272,8121,Romeo Doubs,WR,5.8,0,1
2023,17,8,736803054736822272,IND,Indianapolis Colts,DEF,2.0,0,1
2023,17,8,736803054736822272,7066,K.J. Osborn,WR,0,0,1
2023,17,8,736803054736822272,8167,Christian Watson,WR,0,0,1
2023,17,9,710284244835979264,6786,CeeDee Lamb,WR,42.7,1,1
2023,17,9,710284244835979264,8205,Isiah Pacheco,RB,30.0,1,1
2023,17,9,710284244835979264,4227,Harrison Butker,K,24.0,1,1
2023,17,9,710284244835979264,7547,Amon-Ra St. Brown,WR,22.1,1,1
2023,17,9,710284244835979264,3294,Dak Prescott,QB,20.8,1,1
2023,17,9,710284244835979264,4984,Josh Allen,QB,19.16,1,1
2023,17,9,710284244835979264,7594,Chuba Hubbard,RB,11.1,1,1
2023,17,9,710284244835979264,NYJ,New York Jets,DEF,10.75,0,1
2023,17,9,710284244835979264,5937,Diontae Johnson,WR,10.6,0,1
2023,17,9,710284244835979264,8146,Garrett Wilson,WR,9.9,1,1
2023,17,9,710284244835979264,6783,Jerry Jeudy,WR,8.4,0,1
2023,17,9,710284244835979264,PHI,Philadelphia Eagles,DEF,2.25,1,1
2023,17,9,710284244835979264,7553,Kyle Pitts,TE,1.5,1,1
2023,17,9,710284244835979264,5844,T.J. Hockenson,TE,0,0,1
2023,17,9,710284244835979264,6820,Clyde Edwards-Helaire,RB,0,0,1
2023,17,9,710284244835979264,6845,Zack Moss,RB,0,0,1
2023,17,10,475399371639222272,HOU,Houston Texans,DEF,23.5,1,1
2023,17,10,475399371639222272,8228,Jaylen Warren,RB,19.8,1,1
2023,17,10,475399371639222272,4037,Chris Godwin,WR,17.6,0,1
2023,17,10,475399371639222272,8183,Brock Purdy,QB,17.6,1,1
2023,17,10,475399371639222272,9758,C.J. Stroud,QB,12.92,1,1
2023,17,10,475399371639222272,8230,Ty Chandler,RB,9.4,1,1
2023,17,10,475399371639222272,7042,Tyler Bass,K,9.0,1,1
2023,17,10,475399371639222272,2449,Stefon Diggs,WR,7.1,1,1
2023,17,10,475399371639222272,8162,Sam Howell,QB,6.66,0,1
2023,17,10,475399371639222272,4217,George Kittle,TE,5.9,1,1
2023,17,10,475399371639222272,9756,Jordan Addison,WR,5.8,1,1
2023,17,10,475399371639222272,9221,Jahmyr Gibbs,RB,5.3,1,1
2023,17,10,475399371639222272,5987,Alexander Mattison,RB,5.0,0,1
2023,17,10,475399371639222272,4234,Noah Brown,WR,1.8,0,1
2023,17,10,475399371639222272,5045,Courtland Sutton,WR,0,0,1
2023,17,10,475399371639222272,8119,Jahan Dotson,WR,0,0,1
2023,18,1,608781531883859968,6794,Justin Jefferson,WR,36.5,1,1
2023,18,1,608781531883859968,7569,Nico Collins,WR,36.5,1,1
2023,18,1,608781531883859968,6813,Jonathan Taylor,RB,28.6,1,1
2023,18,1,608781531883859968,5849,Kyler Murray,QB,17.78,1,1
2023,18,1,608781531883859968,827,Tyrod Taylor,QB,16.68,1,1
2023,18,1,608781531883859968,8676,Rashid Shaheed,WR,15.5,0,1
2023,18,1,608781531883859968,7543,Travis Etienne,RB,13.7,1,1
2023,18,1,608781531883859968,6130,Devin Singletary,RB,13.5,0,1
2023,18,1,608781531883859968,2505,Darren Waller,TE,9.5,1,1
2023,18,1,608781531883859968,6826,Cole Kmet,TE,7.1,0,1
2023,18,1,608781531883859968,11533,Brandon Aubrey,K,4.0,1,1
2023,18,1,608781531883859968,JAX,Jacksonville Jaguars,DEF,4.0,1,1
2023,18,1,608781531883859968,1479,Keenan Allen,WR,0,0,1
2023,18,1,608781531883859968,4035,Alvin Kamara,RB,0,1,1
2023,18,1,608781531883859968,559,Tim Tebow,TE,0,0,1
2023,18,1,608781531883859968,9231,Jaren Hall,QB,0,0,1
2023,18,2,736077599457026048,9509,Bijan Robinson,RB,28.1,1,1
2023,18,2,736077599457026048,3198,Derrick Henry,RB,21.8,1,1
2023,18,2,736077599457026048,1373,Geno Smith,QB,20.36,1,1
2023,18,2,736077599457026048,6804,Jordan Love,QB,19.04,0,1
2023,18,2,736077599457026048,2197,Brandin Cooks,WR,16.2,0,1
2023,18,2,736077599457026048,KC,Kansas City Chiefs,DEF,15.25,1,1
2023,18,2,736077599457026048,8144,Chris Olave,WR,14.6,1,1
2023,18,2,736077599457026048,8130,Trey McBride,TE,12.4,1,1
2023,18,2,736077599457026048,BAL,Baltimore Ravens,DEF,12.25,0,1
2023,18,2,736077599457026048,8131,Isaiah Likely,TE,11.1,0,1
2023,18,2,736077599457026048,4663,Austin Ekeler,RB,10.9,0,1
2023,18,2,736077599457026048,6083,Matt Gay,K,9.0,1,1
2023,18,2,736077599457026048,5846,DK Metcalf,WR,2.0,0,1
2023,18,2,736077599457026048,10229,Rashee Rice,WR,0,1,1
2023,18,2,736077599457026048,4046,Patrick Mahomes,QB,0,1,1
2023,18,2,736077599457026048,5859,A.J. Brown,WR,-0.1,1,1
2023,18,3,737091087440674816,4137,James Conner,RB,30.9,1,1
2023,18,3,737091087440674816,2028,Derek Carr,QB,26.16,1,1
2023,18,3,737091087440674816,7528,Najee Harris,RB,24.8,0,1
2023,18,3,737091087440674816,4066,Evan Engram,TE,23.9,1,1
2023,18,3,737091087440674816,4866,Saquon Barkley,RB,23.7,1,1
2023,18,3,737091087440674816,9508,Tyjae Spears,RB,21.6,0,1
2023,18,3,737091087440674816,7523,Trevor Lawrence,QB,17.7,1,1
2023,18,3,737091087440674816,6111,Jake Browning,QB,17.04,0,1
2023,18,3,737091087440674816,10236,Dalton Kincaid,TE,15.4,0,1
2023,18,3,737091087440674816,7839,Evan McPherson,K,8.0,1,1
2023,18,3,737091087440674816,9500,Josh Downs,WR,7.8,0,1
2023,18,3,737091087440674816,SF,San Francisco 49ers,DEF,6.5,1,1
2023,18,3,737091087440674816,7564,Ja'Marr Chase,WR,5.9,0,1
2023,18,3,737091087440674816,5872,Deebo Samuel,WR,5.2,1,1
2023,18,3,737091087440674816,2309,Amari Cooper,WR,0,1,1
2023,18,3,737091087440674816,9997,Zay Flowers,WR,0,1,1
2023,18,4,736744257179770880,DAL,Dallas Cowboys,DEF,18.5,0,1
2023,18,4,736744257179770880,2133,Davante Adams,WR,15.6,1,1
2023,18,4,736744257179770880,9493,Puka Nacua,WR,14.1,1,1
2023,18,4,736744257179770880,8136,Rachaad White,RB,13.3,1,1
2023,18,4,736744257179770880,3164,Ezekiel Elliott,RB,13.1,1,1
2023,18,4,736744257179770880,8110,Jake Ferguson,TE,12.9,1,1
2023,18,4,736744257179770880,CIN,Cincinnati Bengals,DEF,11.25,1,1
2023,18,4,736744257179770880,8151,Kenneth Walker,RB,9.1,0,1
2023,18,4,736744257179770880,9753,Zach Charbonnet,RB,8.0,0,1
2023,18,4,736744257179770880,1264,Justin Tucker,K,4.0,1,1
2023,18,4,736744257179770880,1689,Adam Thielen,WR,3.2,0,1
2023,18,4,736744257179770880,6904,Jalen Hurts,QB,0.6,1,1
2023,18,4,736744257179770880,1234,Russell Wilson,QB,0,1,1
2023,18,4,736744257179770880,19,Joe Flacco,QB,0,0,1
2023,18,4,736744257179770880,2749,Raheem Mostert,RB,0,1,1
2023,18,4,736744257179770880,5850,Josh Jacobs,RB,0,0,1
2023,18,5,716698629934481408,4018,Joe Mixon,RB,25.2,1,1
2023,18,5,716698629934481408,1426,DeAndre Hopkins,WR,17.6,1,1
2023,18,5,716698629934481408,10859,Sam LaPorta,TE,13.9,1,1
2023,18,5,716698629934481408,5927,Terry McLaurin,WR,11.6,1,1
2023,18,5,716698629934481408,4080,Zay Jones,WR,10.7,0,1
2023,18,5,716698629934481408,8154,Brian Robinson,RB,10.5,0,1
2023,18,5,716698629934481408,7591,Justin Fields,QB,8.62,1,1
2023,18,5,716698629934481408,8112,Drake London,WR,8.1,1,1
2023,18,5,716698629934481408,9224,Chase Brown,RB,6.3,0,1
2023,18,5,716698629934481408,CLE,Cleveland Browns,DEF,6.25,1,1
2023,18,5,716698629934481408,6803,Brandon Aiyuk,WR,5.5,1,1
2023,18,5,716698629934481408,5119,Jason Sanders,K,2.0,1,1
2023,18,5,716698629934481408,8137,George Pickens,WR,0.3,0,1
2023,18,5,716698629934481408,4950,Christian Kirk,WR,0,0,1
2023,18,5,716698629934481408,7611,Rhamondre Stevenson,RB,0,0,1
2023,18,5,716698629934481408,8150,Kyren Williams,RB,0,1,1
2023,18,6,736740647758938112,8155,Breece Hall,RB,31.0,1,1
2023,18,6,736740647758938112,5947,Jakobi Meyers,WR,21.6,0,1
2023,18,6,736740647758938112,2374,Tyler Lockett,WR,17.1,0,1
2023,18,6,736740647758938112,4983,DJ Moore,WR,10.4,1,1
2023,18,6,736740647758938112,5892,David Montgomery,RB,10.0,0,1
2023,18,6,736740647758938112,8138,James Cook,RB,8.2,1,1
2023,18,6,736740647758938112,6768,Tua Tagovailoa,QB,7.62,1,1
2023,18,6,736740647758938112,4195,Jake Elliott,K,4.0,1,1
2023,18,6,736740647758938112,DEN,Denver Broncos,DEF,3.25,1,1
2023,18,6,736740647758938112,5022,Dallas Goedert,TE,1.4,1,1
2023,18,6,736740647758938112,11292,Tommy DeVito,QB,0.56,0,1
2023,18,6,736740647758938112,4039,Cooper Kupp,WR,0,1,1
2023,18,6,736740647758938112,421,Matthew Stafford,QB,0,1,1
2023,18,6,736740647758938112,515,Rob Gronkowski,TE,0,0,1
2023,18,6,736740647758938112,6801,Tee Higgins,WR,0,1,1
2023,18,7,735974647736213504,9486,Dontayvion Wicks,WR,24.1,0,1
2023,18,7,735974647736213504,3321,Tyreek Hill,WR,21.2,1,1
2023,18,7,735974647736213504,7588,Javonte Williams,RB,20.5,1,1
2023,18,7,735974647736213504,4199,Aaron Jones,RB,19.6,1,1
2023,18,7,735974647736213504,10222,Jayden Reed,WR,15.7,1,1
2023,18,7,735974647736213504,8139,Zamir White,RB,13.6,0,1
2023,18,7,735974647736213504,9226,De'Von Achane,RB,13.1,1,1
2023,18,7,735974647736213504,6011,Gardner Minshew,QB,8.54,0,1
2023,18,7,735974647736213504,6819,Michael Pittman,WR,7.4,1,1
2023,18,7,735974647736213504,LAR,Los Angeles Rams,DEF,6.25,0,1
2023,18,7,735974647736213504,8143,Jerome Ford,RB,5.2,0,1
2023,18,7,735974647736213504,9488,Jaxon Smith-Njigba,WR,4.4,0,1
2023,18,7,735974647736213504,CHI,Chicago Bears,DEF,0.75,1,1
2023,18,7,735974647736213504,1466,Travis Kelce,TE,0,1,1
2023,18,7,735974647736213504,4881,Lamar Jackson,QB,0,1,1
2023,18,7,735974647736213504,7526,Jaylen Waddle,WR,0,0,1
2023,18,7,735974647736213504,10937,Jake Moody,K,-2.0,1,1
2023,18,8,736803054736822272,4981,Calvin Ridley,WR,24.6,1,1
2023,18,8,736803054736822272,3163,Jared Goff,QB,21.8,1,1
2023,18,8,736803054736822272,5967,Tony Pollard,RB,16.6,0,1
2023,18,8,736803054736822272,BUF,Buffalo Bills,DEF,15.25,1,1
2023,18,8,736803054736822272,2747,Jason Myers,K,7.0,1,1
2023,18,8,736803054736822272,4892,Baker Mayfield,QB,6.18,1,1
2023,18,8,736803054736822272,2216,Mike Evans,WR,5.2,1,1
2023,18,8,736803054736822272,IND,Indianapolis Colts,DEF,4.5,0,1
2023,18,8,736803054736822272,9754,Quentin Johnston,WR,4.3,0,1
2023,18,8,736803054736822272,7066,K.J. Osborn,WR,2.9,0,1
2023,18,8,736803054736822272,4033,David Njoku,TE,0,1,1
2023,18,8,736803054736822272,4034,Christian McCaffrey,RB,0,1,1
2023,18,8,736803054736822272,6790,D'Andre Swift,RB,0,1,1
2023,18,8,736803054736822272,7525,DeVonta Smith,WR,0,1,1
2023,18,8,736803054736822272,8121,Romeo Doubs,WR,0,0,1
2023,18,8,736803054736822272,8167,Christian Watson,WR,0,0,1
2023,18,9,710284244835979264,6786,CeeDee Lamb,WR,35.5,1,1
2023,18,9,710284244835979264,7547,Amon-Ra St. Brown,WR,29.4,1,1
2023,18,9,710284244835979264,3294,Dak Prescott,QB,25.66,1,1
2023,18,9,710284244835979264,4984,Josh Allen,QB,23.56,1,1
2023,18,9,710284244835979264,NYJ,New York Jets,DEF,22.75,0,1
2023,18,9,710284244835979264,5937,Diontae Johnson,WR,20.4,0,1
2023,18,9,710284244835979264,6783,Jerry Jeudy,WR,16.9,0,1
2023,18,9,710284244835979264,7594,Chuba Hubbard,RB,11.2,1,1
2023,18,9,710284244835979264,4227,Harrison Butker,K,8.0,1,1
2023,18,9,710284244835979264,8146,Garrett Wilson,WR,5.4,1,1
2023,18,9,710284244835979264,7553,Kyle Pitts,TE,4.7,1,1
2023,18,9,710284244835979264,6845,Zack Moss,RB,3.0,0,1
2023,18,9,710284244835979264,6820,Clyde Edwards-Helaire,RB,2.0,0,1
2023,18,9,710284244835979264,PHI,Philadelphia Eagles,DEF,1.5,1,1
2023,18,9,710284244835979264,5844,T.J. Hockenson,TE,0,0,1
2023,18,9,710284244835979264,8205,Isiah Pacheco,RB,0,1,1
2023,18,10,475399371639222272,9758,C.J. Stroud,QB,21.56,1,1
2023,18,10,475399371639222272,9756,Jordan Addison,WR,16.2,1,1
2023,18,10,475399371639222272,2449,Stefon Diggs,WR,15.7,1,1
2023,18,10,475399371639222272,4037,Chris Godwin,WR,11.5,0,1
2023,18,10,475399371639222272,8230,Ty Chandler,RB,10.9,1,1
2023,18,10,475399371639222272,9221,Jahmyr Gibbs,RB,9.0,1,1
2023,18,10,475399371639222272,8162,Sam Howell,QB,7.42,0,1
2023,18,10,475399371639222272,8228,Jaylen Warren,RB,7.0,1,1
2023,18,10,475399371639222272,HOU,Houston Texans,DEF,4.75,1,1
2023,18,10,475399371639222272,5987,Alexander Mattison,RB,3.9,0,1
2023,18,10,475399371639222272,8119,Jahan Dotson,WR,3.7,0,1
2023,18,10,475399371639222272,7042,Tyler Bass,K,3.0,1,1
2023,18,10,475399371639222272,5045,Courtland Sutton,WR,1.2,0,1
2023,18,10,475399371639222272,4217,George Kittle,TE,0,1,1
2023,18,10,475399371639222272,4234,Noah Brown,WR,0,0,1
2023,18,10,475399371639222272,8183,Brock Purdy,QB,0,1,1
