season,week,roster_id,user_id,player_id,player_name,position,points,started,is_playoff
2021,1,1,608781531883859968,1689,Adam Thielen,WR,30.2,1,0
2021,1,1,608781531883859968,536,Antonio Brown,WR,23.7,1,0
2021,1,1,608781531883859968,7564,Ja'Marr Chase,WR,21.9,0,0
2021,1,1,608781531883859968,6813,Jonathan Taylor,RB,17.6,1,0
2021,1,1,608781531883859968,4984,Josh Allen,QB,15.2,1,0
2021,1,1,608781531883859968,6783,Jerry Jeudy,WR,13.2,1,0
2021,1,1,608781531883859968,1049,Ryan Tannehill,QB,11.18,1,0
2021,1,1,608781531883859968,7042,Tyler Bass,K,11.0,1,0
2021,1,1,608781531883859968,3969,Leonard Fournette,RB,10.9,0,0
2021,1,1,608781531883859968,6945,Antonio Gibson,RB,10.8,1,0
2021,1,1,608781531883859968,4089,Gerald Everett,TE,10.0,0,0
2021,1,1,608781531883859968,SF,San Francisco 49ers,DEF,10.0,1,0
2021,1,1,608781531883859968,7553,Kyle Pitts,TE,7.1,1,0
2021,1,1,608781531883859968,7565,Terrace Marshall,WR,5.6,0,0
2021,1,1,608781531883859968,7610,Trey Lance,QB,4.4,0,0
2021,1,1,608781531883859968,7596,Elijah Moore,WR,0.7,0,0
2021,1,1,608781531883859968,3157,William Fuller,WR,0,0,0
2021,1,1,608781531883859968,6938,Cam Akers,RB,0,0,0
2021,1,1,608781531883859968,7593,Trey Sermon,RB,0,0,0
2021,1,2,736077599457026048,5872,Deebo Samuel,WR,32.9,0,0
2021,1,2,736077599457026048,4046,Patrick Mahomes,QB,32.78,1,0
2021,1,2,736077599457026048,5844,T.J. Hockenson,TE,25.7,1,0
2021,1,2,736077599457026048,4149,Jamaal Williams,RB,25.0,0,0
2021,1,2,736077599457026048,6786,CeeDee Lamb,WR,23.4,1,0
2021,1,2,736077599457026048,5870,Daniel Jones,QB,20.38,0,0
2021,1,2,736077599457026048,5859,A.J. Brown,WR,14.9,1,0
2021,1,2,736077599457026048,DEN,Denver Broncos,DEF,12.0,1,0
2021,1,2,736077599457026048,367,Jared Cook,TE,10.6,0,0
2021,1,2,736077599457026048,1266,Greg Zuerlein,K,9.0,1,0
2021,1,2,736077599457026048,3225,Tyler Boyd,WR,6.2,0,0
2021,1,2,736077599457026048,6819,Michael Pittman,WR,5.9,0,0
2021,1,2,736077599457026048,7528,Najee Harris,RB,5.9,1,0
2021,1,2,736077599457026048,7588,Javonte Williams,RB,5.1,0,0
2021,1,2,736077599457026048,24,Matt Ryan,QB,4.86,1,0
2021,1,2,736077599457026048,4866,Saquon Barkley,RB,3.7,1,0
2021,1,2,736077599457026048,2749,Raheem Mostert,RB,2.0,1,0
2021,1,2,736077599457026048,4962,Sony Michel,RB,0.2,0,0
2021,1,3,737091087440674816,3163,Jared Goff,QB,27.92,0,0
2021,1,3,737091087440674816,1234,Russell Wilson,QB,25.56,1,0
2021,1,3,737091087440674816,4068,Mike Williams,WR,22.2,0,0
2021,1,3,737091087440674816,4029,Dalvin Cook,RB,20.4,1,0
2021,1,3,737091087440674816,7525,DeVonta Smith,WR,19.1,0,0
2021,1,3,737091087440674816,6151,Miles Sanders,RB,17.3,1,0
2021,1,3,737091087440674816,2449,Stefon Diggs,WR,15.9,1,0
2021,1,3,737091087440674816,5000,Chase Edmonds,RB,14.6,1,0
2021,1,3,737091087440674816,6814,Laviska Shenault,WR,12.9,0,0
2021,1,3,737091087440674816,2319,DeVante Parker,WR,12.1,0,0
2021,1,3,737091087440674816,2251,Logan Thomas,TE,12.0,0,0
2021,1,3,737091087440674816,4892,Baker Mayfield,QB,11.64,1,0
2021,1,3,737091087440674816,1992,Allen Robinson,WR,9.5,1,0
2021,1,3,737091087440674816,5967,Tony Pollard,RB,8.3,0,0
2021,1,3,737091087440674816,4666,Younghoe Koo,K,6.0,1,0
2021,1,3,737091087440674816,WAS,Washington Commanders,DEF,5.5,1,0
2021,1,3,737091087440674816,5012,Mark Andrews,TE,5.0,1,0
2021,1,3,737091087440674816,7571,Rashod Bateman,WR,0,0,0
2021,1,4,736744257179770880,6904,Jalen Hurts,QB,27.76,1,0
2021,1,4,736744257179770880,1825,Jarvis Landry,WR,19.4,0,0
2021,1,4,736744257179770880,2197,Brandin Cooks,WR,18.2,0,0
2021,1,4,736744257179770880,4098,Kareem Hunt,RB,17.1,1,0
2021,1,4,736744257179770880,5022,Dallas Goedert,TE,14.2,1,0
2021,1,4,736744257179770880,5347,Nyheim Miller-Hines,RB,14.2,0,0
2021,1,4,736744257179770880,6797,Justin Herbert,QB,12.88,1,0
2021,1,4,736744257179770880,1352,Robert Woods,WR,12.4,1,0
2021,1,4,736744257179770880,4663,Austin Ekeler,RB,11.7,1,0
2021,1,4,736744257179770880,1264,Justin Tucker,K,11.0,1,0
2021,1,4,736744257179770880,3198,Derrick Henry,RB,10.7,1,0
2021,1,4,736744257179770880,6886,Chase Claypool,WR,10.0,0,0
2021,1,4,736744257179770880,6826,Cole Kmet,TE,9.2,0,0
2021,1,4,736744257179770880,6130,Devin Singletary,RB,9.0,0,0
2021,1,4,736744257179770880,5170,Phillip Lindsay,RB,8.5,0,0
2021,1,4,736744257179770880,7591,Justin Fields,QB,6.7,0,0
2021,1,4,736744257179770880,IND,Indianapolis Colts,DEF,6.5,1,0
2021,1,4,736744257179770880,2216,Mike Evans,WR,5.4,1,0
2021,1,5,716698629934481408,4034,Christian McCaffrey,RB,27.7,1,0
2021,1,5,716698629934481408,3294,Dak Prescott,QB,27.42,1,0
2021,1,5,716698629934481408,4988,Nick Chubb,RB,22.1,1,0
2021,1,5,716698629934481408,1166,Kirk Cousins,QB,21.04,1,0
2021,1,5,716698629934481408,1479,Keenan Allen,WR,18.0,1,0
2021,1,5,716698629934481408,4951,DJ Chark,WR,17.6,0,0
2021,1,5,716698629934481408,5850,Josh Jacobs,RB,17.0,1,0
2021,1,5,716698629934481408,4983,DJ Moore,WR,15.4,0,0
2021,1,5,716698629934481408,7527,Mac Jones,QB,14.24,0,0
2021,1,5,716698629934481408,1144,Cole Beasley,WR,14.0,0,0
2021,1,5,716698629934481408,5857,Noah Fant,TE,12.2,1,0
2021,1,5,716698629934481408,5927,Terry McLaurin,WR,10.2,1,0
2021,1,5,716698629934481408,BUF,Buffalo Bills,DEF,7.0,1,0
2021,1,5,716698629934481408,6789,Henry Ruggs,WR,6.6,0,0
2021,1,5,716698629934481408,3214,Hunter Henry,TE,6.1,0,0
2021,1,5,716698629934481408,7062,Rodrigo Blankenship,K,4.0,1,0
2021,1,5,716698629934481408,7607,Michael Carter,RB,3.0,0,0
2021,1,5,716698629934481408,6989,Marquez Callaway,WR,2.4,0,0
2021,1,6,736740647758938112,3321,Tyreek Hill,WR,38.1,1,0
2021,1,6,736740647758938112,515,Rob Gronkowski,TE,29.0,0,0
2021,1,6,736740647758938112,4039,Cooper Kupp,WR,24.8,1,0
2021,1,6,736740647758938112,2320,Melvin Gordon,RB,21.8,1,0
2021,1,6,736740647758938112,5892,David Montgomery,RB,18.8,0,0
2021,1,6,736740647758938112,1067,Marvin Jones,WR,18.7,0,0
2021,1,6,736740647758938112,4943,Sam Darnold,QB,18.56,1,0
2021,1,6,736740647758938112,3161,Carson Wentz,QB,17.34,0,0
2021,1,6,736740647758938112,5980,Myles Gaskin,RB,12.6,1,0
2021,1,6,736740647758938112,3242,Kenyan Drake,RB,12.0,0,0
2021,1,6,736740647758938112,4217,George Kittle,TE,11.8,1,0
2021,1,6,736740647758938112,LAR,Los Angeles Rams,DEF,11.0,1,0
2021,1,6,736740647758938112,4227,Harrison Butker,K,10.0,1,0
2021,1,6,736740647758938112,4040,JuJu Smith-Schuster,WR,9.2,1,0
2021,1,6,736740647758938112,1339,Zach Ertz,TE,5.4,0,0
2021,1,6,736740647758938112,830,A.J. Green,WR,4.5,0,0
2021,1,6,736740647758938112,96,Aaron Rodgers,QB,0.82,1,0
2021,1,6,736740647758938112,2078,Odell Beckham,WR,0,0,0
2021,1,7,735974647736213504,2306,Jameis Winston,QB,29.62,0,0
2021,1,7,735974647736213504,1426,DeAndre Hopkins,WR,26.3,1,0
2021,1,7,735974647736213504,1466,Travis Kelce,TE,25.6,1,0
2021,1,7,735974647736213504,6790,D'Andre Swift,RB,24.4,0,0
2021,1,7,735974647736213504,PIT,Pittsburgh Steelers,DEF,19.5,0,0
2021,1,7,735974647736213504,7523,Trevor Lawrence,QB,19.08,1,0
2021,1,7,735974647736213504,7098,Ty'Son Williams,RB,18.4,1,0
2021,1,7,735974647736213504,7526,Jaylen Waddle,WR,16.1,0,0
2021,1,7,735974647736213504,4881,Lamar Jackson,QB,15.5,1,0
2021,1,7,735974647736213504,CAR,Carolina Panthers,DEF,15.0,1,0
2021,1,7,735974647736213504,5937,Diontae Johnson,WR,14.6,1,0
2021,1,7,735974647736213504,5095,Daniel Carlson,K,11.0,1,0
2021,1,7,735974647736213504,6820,Clyde Edwards-Helaire,RB,10.2,1,0
2021,1,7,735974647736213504,6828,AJ Dillon,RB,3.6,0,0
2021,1,7,735974647736213504,7594,Chuba Hubbard,RB,2.4,0,0
2021,1,7,735974647736213504,3199,Michael Thomas,WR,0,0,0
2021,1,7,735974647736213504,4082,Curtis Samuel,WR,0,0,0
2021,1,7,735974647736213504,6803,Brandon Aiyuk,WR,0,1,0
2021,1,8,736803054736822272,2374,Tyler Lockett,WR,27.0,1,0
2021,1,8,736803054736822272,4036,Corey Davis,WR,26.7,0,0
2021,1,8,736803054736822272,2505,Darren Waller,TE,26.5,1,0
2021,1,8,736803054736822272,421,Matthew Stafford,QB,23.84,1,0
2021,1,8,736803054736822272,2028,Derek Carr,QB,23.0,0,0
2021,1,8,736803054736822272,4273,Chris Carson,RB,12.7,1,0
2021,1,8,736803054736822272,6794,Justin Jefferson,WR,12.54,1,0
2021,1,8,736803054736822272,5890,Damien Harris,RB,11.7,0,0
2021,1,8,736803054736822272,4131,Kenny Golladay,WR,10.4,0,0
2021,1,8,736803054736822272,947,Julio Jones,WR,5.9,1,0
2021,1,8,736803054736822272,5086,Marquez Valdes-Scantling,WR,4.7,0,0
2021,1,8,736803054736822272,4199,Aaron Jones,RB,4.2,1,0
2021,1,8,736803054736822272,59,Mason Crosby,K,3.0,1,0
2021,1,8,736803054736822272,TB,Tampa Bay Buccaneers,DEF,1.0,1,0
2021,1,8,736803054736822272,3664,J.D. McKissic,RB,0.8,0,0
2021,1,8,736803054736822272,1408,Le'Veon Bell,RB,0,0,0
2021,1,8,736803054736822272,4993,Mike Gesicki,TE,0,0,0
2021,1,8,736803054736822272,333,Ryan Fitzpatrick,QB,-0.78,1,0
2021,1,9,710284244835979264,2309,Amari Cooper,WR,38.9,1,0
2021,1,9,710284244835979264,5849,Kyler Murray,QB,32.56,1,0
2021,1,9,710284244835979264,4018,Joe Mixon,RB,25.0,1,0
2021,1,9,710284244835979264,5846,DK Metcalf,WR,16.0,1,0
2021,1,9,710284244835979264,5916,Darrell Henderson,RB,15.7,0,0
2021,1,9,710284244835979264,7538,Zach Wilson,QB,14.32,0,0
2021,1,9,710284244835979264,3423,Robbie Chosen,WR,13.7,1,0
2021,1,9,710284244835979264,3271,Tyler Higbee,TE,11.8,1,0
2021,1,9,710284244835979264,2133,Davante Adams,WR,10.6,1,0
2021,1,9,710284244835979264,2431,Mike Davis,RB,10.2,0,0
2021,1,9,710284244835979264,138,Ben Roethlisberger,QB,10.02,0,0
2021,1,9,710284244835979264,1476,Latavius Murray,RB,8.8,0,0
2021,1,9,710284244835979264,5038,Michael Gallup,WR,7.6,0,0
2021,1,9,710284244835979264,6955,James Robinson,RB,7.4,1,0
2021,1,9,710284244835979264,5119,Jason Sanders,K,6.0,1,0
2021,1,9,710284244835979264,7547,Amon-Ra St. Brown,WR,4.3,0,0
2021,1,9,710284244835979264,BAL,Baltimore Ravens,DEF,4.0,1,0
2021,1,9,710284244835979264,5110,Russell Gage,WR,0,0,0
2021,1,9,710284244835979264,5052,Ronald Jones,RB,-0.6,0,0
2021,1,10,475399371639222272,167,Tom Brady,QB,27.66,1,0
2021,1,10,475399371639222272,4037,Chris Godwin,WR,23.5,1,0
2021,1,10,475399371639222272,4035,Alvin Kamara,RB,18.1,1,0
2021,1,10,475399371639222272,6770,Joe Burrow,QB,16.14,1,0
2021,1,10,475399371639222272,6801,Tee Higgins,WR,15.8,0,0
2021,1,10,475399371639222272,6768,Tua Tagovailoa,QB,15.18,0,0
2021,1,10,475399371639222272,4981,Calvin Ridley,WR,10.1,1,0
2021,1,10,475399371639222272,4144,Jonnu Smith,TE,8.8,0,0
2021,1,10,475399371639222272,7090,Darnell Mooney,WR,7.6,0,0
2021,1,10,475399371639222272,391,Ryan Succop,K,7.0,1,0
2021,1,10,475399371639222272,3164,Ezekiel Elliott,RB,5.9,1,0
2021,1,10,475399371639222272,4137,James Conner,RB,5.3,0,0
2021,1,10,475399371639222272,5917,Mecole Hardman,WR,4.9,0,0
2021,1,10,475399371639222272,4602,Robert Tonyan,TE,2.8,1,0
2021,1,10,475399371639222272,5045,Courtland Sutton,WR,2.4,1,0
2021,1,10,475399371639222272,CLE,Cleveland Browns,DEF,2.0,1,0
2021,1,10,475399371639222272,5248,Gus Edwards,RB,0,0,0
2021,1,10,475399371639222272,6845,Zack Moss,RB,0,0,0
2021,2,1,608781531883859968,1848,James White,RB,18.5,0,0
2021,2,1,608781531883859968,4984,Josh Allen,QB,16.16,1,0
2021,2,1,608781531883859968,1689,Adam Thielen,WR,14.9,1,0
2021,2,1,608781531883859968,1049,Ryan Tannehill,QB,13.58,1,0
2021,2,1,608781531883859968,7564,Ja'Marr Chase,WR,13.4,1,0
2021,2,1,608781531883859968,7553,Kyle Pitts,TE,12.3,1,0
2021,2,1,608781531883859968,3969,Leonard Fournette,RB,10.6,0,0
2021,2,1,608781531883859968,6945,Antonio Gibson,RB,9.3,1,0
2021,2,1,608781531883859968,GB,Green Bay Packers,DEF,8.0,1,0
2021,2,1,608781531883859968,5947,Jakobi Meyers,WR,7.8,0,0
2021,2,1,608781531883859968,6813,Jonathan Taylor,RB,6.3,1,0
2021,2,1,608781531883859968,7042,Tyler Bass,K,4.0,1,0
2021,2,1,608781531883859968,536,Antonio Brown,WR,2.7,1,0
2021,2,1,608781531883859968,4089,Gerald Everett,TE,1.3,0,0
2021,2,1,608781531883859968,7593,Trey Sermon,RB,0.8,0,0
2021,2,1,608781531883859968,2410,Jamison Crowder,WR,0,0,0
2021,2,1,608781531883859968,3157,William Fuller,WR,0,0,0
2021,2,1,608781531883859968,6783,Jerry Jeudy,WR,0,0,0
2021,2,1,608781531883859968,6938,Cam Akers,RB,0,0,0
2021,2,1,608781531883859968,7610,Trey Lance,QB,0,0,0
2021,2,2,736077599457026048,4046,Patrick Mahomes,QB,24.02,1,0
2021,2,2,736077599457026048,5844,T.J. Hockenson,TE,20.6,1,0
2021,2,2,736077599457026048,6819,Michael Pittman,WR,20.3,0,0
2021,2,2,736077599457026048,2152,Teddy Bridgewater,QB,20.22,1,0
2021,2,2,736077599457026048,7528,Najee Harris,RB,19.1,1,0
2021,2,2,736077599457026048,6786,CeeDee Lamb,WR,17.4,1,0
2021,2,2,736077599457026048,24,Matt Ryan,QB,16.3,0,0
2021,2,2,736077599457026048,5872,Deebo Samuel,WR,16.1,1,0
2021,2,2,736077599457026048,DEN,Denver Broncos,DEF,15.0,1,0
2021,2,2,736077599457026048,3225,Tyler Boyd,WR,14.3,0,0
2021,2,2,736077599457026048,4866,Saquon Barkley,RB,8.9,0,0
2021,2,2,736077599457026048,7588,Javonte Williams,RB,8.4,1,0
2021,2,2,736077599457026048,5859,A.J. Brown,WR,7.3,1,0
2021,2,2,736077599457026048,4149,Jamaal Williams,RB,6.7,0,0
2021,2,2,736077599457026048,49,Robbie Gould,K,6.0,1,0
2021,2,2,736077599457026048,367,Jared Cook,TE,5.8,0,0
2021,2,2,736077599457026048,4962,Sony Michel,RB,4.6,0,0
2021,2,2,736077599457026048,3209,Devontae Booker,RB,2.1,0,0
2021,2,2,736077599457026048,2749,Raheem Mostert,RB,0,0,0
2021,2,3,737091087440674816,5967,Tony Pollard,RB,23.0,0,0
2021,2,3,737091087440674816,4068,Mike Williams,WR,22.1,0,0
2021,2,3,737091087440674816,1234,Russell Wilson,QB,21.82,1,0
2021,2,3,737091087440674816,3163,Jared Goff,QB,17.44,0,0
2021,2,3,737091087440674816,4029,Dalvin Cook,RB,16.8,1,0
2021,2,3,737091087440674816,2449,Stefon Diggs,WR,16.0,1,0
2021,2,3,737091087440674816,4892,Baker Mayfield,QB,15.52,1,0
2021,2,3,737091087440674816,5000,Chase Edmonds,RB,12.5,1,0
2021,2,3,737091087440674816,5012,Mark Andrews,TE,10.7,1,0
2021,2,3,737091087440674816,1992,Allen Robinson,WR,10.4,1,0
2021,2,3,737091087440674816,2251,Logan Thomas,TE,9.5,0,0
2021,2,3,737091087440674816,2319,DeVante Parker,WR,9.2,0,0
2021,2,3,737091087440674816,6151,Miles Sanders,RB,6.9,1,0
2021,2,3,737091087440674816,4666,Younghoe Koo,K,5.0,1,0
2021,2,3,737091087440674816,WAS,Washington Commanders,DEF,4.5,1,0
2021,2,3,737091087440674816,7525,DeVonta Smith,WR,3.6,0,0
2021,2,3,737091087440674816,6814,Laviska Shenault,WR,1.7,0,0
2021,2,3,737091087440674816,7571,Rashod Bateman,WR,0,0,0
2021,2,4,736744257179770880,3198,Derrick Henry,RB,48.7,1,0
2021,2,4,736744257179770880,2216,Mike Evans,WR,24.5,1,0
2021,2,4,736744257179770880,2197,Brandin Cooks,WR,22.8,0,0
2021,2,4,736744257179770880,4663,Austin Ekeler,RB,22.5,1,0
2021,2,4,736744257179770880,6904,Jalen Hurts,QB,19.8,1,0
2021,2,4,736744257179770880,6130,Devin Singletary,RB,16.1,0,0
2021,2,4,736744257179770880,IND,Indianapolis Colts,DEF,14.5,1,0
2021,2,4,736744257179770880,6797,Justin Herbert,QB,14.22,1,0
2021,2,4,736744257179770880,1352,Robert Woods,WR,12.0,1,0
2021,2,4,736744257179770880,6886,Chase Claypool,WR,9.7,0,0
2021,2,4,736744257179770880,5170,Phillip Lindsay,RB,9.4,0,0
2021,2,4,736744257179770880,1264,Justin Tucker,K,7.0,1,0
2021,2,4,736744257179770880,4098,Kareem Hunt,RB,6.3,1,0
2021,2,4,736744257179770880,5022,Dallas Goedert,TE,4.4,1,0
2021,2,4,736744257179770880,5347,Nyheim Miller-Hines,RB,3.2,0,0
2021,2,4,736744257179770880,1825,Jarvis Landry,WR,1.9,0,0
2021,2,4,736744257179770880,7591,Justin Fields,QB,1.5,0,0
2021,2,4,736744257179770880,6826,Cole Kmet,TE,1.0,0,0
2021,2,5,716698629934481408,5927,Terry McLaurin,WR,27.7,1,0
2021,2,5,716698629934481408,BUF,Buffalo Bills,DEF,26.5,1,0
2021,2,5,716698629934481408,4034,Christian McCaffrey,RB,24.7,1,0
2021,2,5,716698629934481408,1166,Kirk Cousins,QB,23.76,1,0
2021,2,5,716698629934481408,6789,Henry Ruggs,WR,23.5,0,0
2021,2,5,716698629934481408,4983,DJ Moore,WR,21.9,0,0
2021,2,5,716698629934481408,4988,Nick Chubb,RB,16.8,1,0
2021,2,5,716698629934481408,1479,Keenan Allen,WR,14.8,1,0
2021,2,5,716698629934481408,5857,Noah Fant,TE,13.3,1,0
2021,2,5,716698629934481408,7062,Rodrigo Blankenship,K,12.0,1,0
2021,2,5,716698629934481408,7607,Michael Carter,RB,10.8,0,0
2021,2,5,716698629934481408,1144,Cole Beasley,WR,7.6,0,0
2021,2,5,716698629934481408,3214,Hunter Henry,TE,6.2,0,0
2021,2,5,716698629934481408,3294,Dak Prescott,QB,5.48,1,0
2021,2,5,716698629934481408,7527,Mac Jones,QB,4.94,0,0
2021,2,5,716698629934481408,4951,DJ Chark,WR,2.9,1,0
2021,2,5,716698629934481408,6989,Marquez Callaway,WR,2.8,0,0
2021,2,5,716698629934481408,5850,Josh Jacobs,RB,0,0,0
2021,2,6,736740647758938112,4039,Cooper Kupp,WR,36.8,1,0
2021,2,6,736740647758938112,96,Aaron Rodgers,QB,25.3,1,0
2021,2,6,736740647758938112,515,Rob Gronkowski,TE,19.9,0,0
2021,2,6,736740647758938112,1067,Marvin Jones,WR,17.5,0,0
2021,2,6,736740647758938112,4943,Sam Darnold,QB,17.4,1,0
2021,2,6,736740647758938112,4040,JuJu Smith-Schuster,WR,16.4,0,0
2021,2,6,736740647758938112,3161,Carson Wentz,QB,16.08,0,0
2021,2,6,736740647758938112,830,A.J. Green,WR,13.4,0,0
2021,2,6,736740647758938112,5892,David Montgomery,RB,10.9,1,0
2021,2,6,736740647758938112,3242,Kenyan Drake,RB,10.5,1,0
2021,2,6,736740647758938112,LAR,Los Angeles Rams,DEF,9.5,1,0
2021,2,6,736740647758938112,2320,Melvin Gordon,RB,8.9,0,0
2021,2,6,736740647758938112,5980,Myles Gaskin,RB,8.6,1,0
2021,2,6,736740647758938112,1817,Sammy Watkins,WR,8.4,0,0
2021,2,6,736740647758938112,3321,Tyreek Hill,WR,5.9,1,0
2021,2,6,736740647758938112,4227,Harrison Butker,K,5.0,1,0
2021,2,6,736740647758938112,4217,George Kittle,TE,4.7,1,0
2021,2,6,736740647758938112,1339,Zach Ertz,TE,1.6,0,0
2021,2,6,736740647758938112,2078,Odell Beckham,WR,0,0,0
2021,2,7,735974647736213504,4881,Lamar Jackson,QB,31.76,1,0
2021,2,7,735974647736213504,1466,Travis Kelce,TE,23.9,1,0
2021,2,7,735974647736213504,5848,Marquise Brown,WR,23.3,0,0
2021,2,7,735974647736213504,5937,Diontae Johnson,WR,19.5,1,0
2021,2,7,735974647736213504,5095,Daniel Carlson,K,17.0,0,0
2021,2,7,735974647736213504,1426,DeAndre Hopkins,WR,15.4,1,0
2021,2,7,735974647736213504,6790,D'Andre Swift,RB,11.8,1,0
2021,2,7,735974647736213504,7098,Ty'Son Williams,RB,10.3,0,0
2021,2,7,735974647736213504,4950,Christian Kirk,WR,9.5,1,0
2021,2,7,735974647736213504,6083,Matt Gay,K,9.0,1,0
2021,2,7,735974647736213504,7526,Jaylen Waddle,WR,8.8,0,0
2021,2,7,735974647736213504,2306,Jameis Winston,QB,6.34,1,0
2021,2,7,735974647736213504,7523,Trevor Lawrence,QB,6.32,0,0
2021,2,7,735974647736213504,6828,AJ Dillon,RB,3.6,0,0
2021,2,7,735974647736213504,6820,Clyde Edwards-Helaire,RB,2.6,1,0
2021,2,7,735974647736213504,6798,Jalen Reagor,WR,2.5,0,0
2021,2,7,735974647736213504,PIT,Pittsburgh Steelers,DEF,2.0,1,0
2021,2,7,735974647736213504,6803,Brandon Aiyuk,WR,1.6,0,0
2021,2,7,735974647736213504,3199,Michael Thomas,WR,0,0,0
2021,2,7,735974647736213504,4082,Curtis Samuel,WR,0,0,0
2021,2,8,736803054736822272,4199,Aaron Jones,RB,41.5,1,0
2021,2,8,736803054736822272,2374,Tyler Lockett,WR,32.8,1,0
2021,2,8,736803054736822272,TB,Tampa Bay Buccaneers,DEF,22.0,1,0
2021,2,8,736803054736822272,2028,Derek Carr,QB,21.68,0,0
2021,2,8,736803054736822272,3664,J.D. McKissic,RB,20.3,0,0
2021,2,8,736803054736822272,2711,Taylor Heinicke,QB,20.04,1,0
2021,2,8,736803054736822272,947,Julio Jones,WR,18.8,1,0
2021,2,8,736803054736822272,6794,Justin Jefferson,WR,18.5,1,0
2021,2,8,736803054736822272,421,Matthew Stafford,QB,16.72,1,0
2021,2,8,736803054736822272,4273,Chris Carson,RB,15.1,1,0
2021,2,8,736803054736822272,5890,Damien Harris,RB,13.4,0,0
2021,2,8,736803054736822272,2505,Darren Waller,TE,11.5,1,0
2021,2,8,736803054736822272,4993,Mike Gesicki,TE,7.1,0,0
2021,2,8,736803054736822272,4131,Kenny Golladay,WR,6.8,0,0
2021,2,8,736803054736822272,59,Mason Crosby,K,5.0,1,0
2021,2,8,736803054736822272,4036,Corey Davis,WR,2.8,0,0
2021,2,8,736803054736822272,1408,Le'Veon Bell,RB,0,0,0
2021,2,8,736803054736822272,333,Ryan Fitzpatrick,QB,0,0,0
2021,2,8,736803054736822272,5086,Marquez Valdes-Scantling,WR,0,0,0
2021,2,9,710284244835979264,5849,Kyler Murray,QB,33.1,1,0
2021,2,9,710284244835979264,NE,New England Patriots,DEF,21.5,1,0
2021,2,9,710284244835979264,2133,Davante Adams,WR,20.1,1,0
2021,2,9,710284244835979264,5916,Darrell Henderson,RB,17.2,1,0
2021,2,9,710284244835979264,2431,Mike Davis,RB,13.3,0,0
2021,2,9,710284244835979264,138,Ben Roethlisberger,QB,12.3,1,0
2021,2,9,710284244835979264,5846,DK Metcalf,WR,11.3,1,0
2021,2,9,710284244835979264,6955,James Robinson,RB,9.4,0,0
2021,2,9,710284244835979264,4018,Joe Mixon,RB,8.1,1,0
2021,2,9,710284244835979264,5110,Russell Gage,WR,7.8,0,0
2021,2,9,710284244835979264,3423,Robbie Chosen,WR,6.8,0,0
2021,2,9,710284244835979264,2309,Amari Cooper,WR,5.4,1,0
2021,2,9,710284244835979264,7547,Amon-Ra St. Brown,WR,4.8,0,0
2021,2,9,710284244835979264,BAL,Baltimore Ravens,DEF,3.0,0,0
2021,2,9,710284244835979264,3271,Tyler Higbee,TE,1.8,1,0
2021,2,9,710284244835979264,7538,Zach Wilson,QB,0.3,0,0
2021,2,9,710284244835979264,5038,Michael Gallup,WR,0,0,0
2021,2,9,710284244835979264,5119,Jason Sanders,K,0,1,0
2021,2,10,475399371639222272,167,Tom Brady,QB,28.14,1,0
2021,2,10,475399371639222272,5045,Courtland Sutton,WR,24.9,0,0
2021,2,10,475399371639222272,4981,Calvin Ridley,WR,19.3,1,0
2021,2,10,475399371639222272,3164,Ezekiel Elliott,RB,17.7,1,0
2021,2,10,475399371639222272,4037,Chris Godwin,WR,16.2,1,0
2021,2,10,475399371639222272,6801,Tee Higgins,WR,16.0,1,0
2021,2,10,475399371639222272,6845,Zack Moss,RB,15.4,0,0
2021,2,10,475399371639222272,4602,Robert Tonyan,TE,14.2,1,0
2021,2,10,475399371639222272,7090,Darnell Mooney,WR,12.6,0,0
2021,2,10,475399371639222272,5917,Mecole Hardman,WR,10.5,0,0
2021,2,10,475399371639222272,CLE,Cleveland Browns,DEF,8.0,1,0
2021,2,10,475399371639222272,6770,Joe Burrow,QB,7.78,1,0
2021,2,10,475399371639222272,7561,Elijah Mitchell,RB,7.3,0,0
2021,2,10,475399371639222272,4035,Alvin Kamara,RB,7.0,1,0
2021,2,10,475399371639222272,4144,Jonnu Smith,TE,6.8,0,0
2021,2,10,475399371639222272,391,Ryan Succop,K,5.0,1,0
2021,2,10,475399371639222272,4137,James Conner,RB,2.6,0,0
2021,2,10,475399371639222272,5248,Gus Edwards,RB,0,0,0
2021,2,10,475399371639222272,6768,Tua Tagovailoa,QB,-0.48,0,0
2021,3,1,608781531883859968,4984,Josh Allen,QB,37.72,1,0
2021,3,1,608781531883859968,5987,Alexander Mattison,RB,23.1,1,0
2021,3,1,608781531883859968,7564,Ja'Marr Chase,WR,22.5,1,0
2021,3,1,608781531883859968,1049,Ryan Tannehill,QB,20.98,1,0
2021,3,1,608781531883859968,5947,Jakobi Meyers,WR,18.4,0,0
2021,3,1,608781531883859968,6945,Antonio Gibson,RB,18.4,1,0
2021,3,1,608781531883859968,1689,Adam Thielen,WR,17.0,1,0
2021,3,1,608781531883859968,CAR,Carolina Panthers,DEF,14.5,1,0
2021,3,1,608781531883859968,7042,Tyler Bass,K,14.0,1,0
2021,3,1,608781531883859968,7593,Trey Sermon,RB,11.4,0,0
2021,3,1,608781531883859968,6814,Laviska Shenault,WR,8.8,0,0
2021,3,1,608781531883859968,6813,Jonathan Taylor,RB,8.2,1,0
2021,3,1,608781531883859968,3157,William Fuller,WR,7.0,0,0
2021,3,1,608781531883859968,3969,Leonard Fournette,RB,6.4,0,0
2021,3,1,608781531883859968,7610,Trey Lance,QB,6.1,0,0
2021,3,1,608781531883859968,7553,Kyle Pitts,TE,5.5,1,0
2021,3,1,608781531883859968,1848,James White,RB,0.6,0,0
2021,3,1,608781531883859968,536,Antonio Brown,WR,0,0,0
2021,3,1,608781531883859968,6783,Jerry Jeudy,WR,0,0,0
2021,3,1,608781531883859968,6938,Cam Akers,RB,0,0,0
2021,3,2,736077599457026048,7528,Najee Harris,RB,28.2,1,0
2021,3,2,736077599457026048,DEN,Denver Broncos,DEF,24.5,1,0
2021,3,2,736077599457026048,4046,Patrick Mahomes,QB,22.4,1,0
2021,3,2,736077599457026048,4866,Saquon Barkley,RB,21.4,1,0
2021,3,2,736077599457026048,4149,Jamaal Williams,RB,14.7,0,0
2021,3,2,736077599457026048,24,Matt Ryan,QB,14.62,0,0
2021,3,2,736077599457026048,3225,Tyler Boyd,WR,13.6,0,0
2021,3,2,736077599457026048,6819,Michael Pittman,WR,13.3,0,0
2021,3,2,736077599457026048,7588,Javonte Williams,RB,13.2,0,0
2021,3,2,736077599457026048,4962,Sony Michel,RB,10.9,0,0
2021,3,2,736077599457026048,2152,Teddy Bridgewater,QB,10.8,1,0
2021,3,2,736077599457026048,5872,Deebo Samuel,WR,10.2,1,0
2021,3,2,736077599457026048,6786,CeeDee Lamb,WR,9.5,1,0
2021,3,2,736077599457026048,650,Nick Folk,K,8.0,1,0
2021,3,2,736077599457026048,367,Jared Cook,TE,4.7,0,0
2021,3,2,736077599457026048,3200,Sterling Shepard,WR,3.6,0,0
2021,3,2,736077599457026048,5844,T.J. Hockenson,TE,3.0,1,0
2021,3,2,736077599457026048,5859,A.J. Brown,WR,0.3,1,0
2021,3,2,736077599457026048,2749,Raheem Mostert,RB,0,0,0
2021,3,3,737091087440674816,4068,Mike Williams,WR,33.2,1,0
2021,3,3,737091087440674816,1535,Cordarrelle Patterson,RB,16.2,0,0
2021,3,3,737091087440674816,5012,Mark Andrews,TE,15.9,1,0
2021,3,3,737091087440674816,1234,Russell Wilson,QB,15.62,1,0
2021,3,3,737091087440674816,5000,Chase Edmonds,RB,14.5,1,0
2021,3,3,737091087440674816,4892,Baker Mayfield,QB,14.44,1,0
2021,3,3,737091087440674816,2251,Logan Thomas,TE,12.2,0,0
2021,3,3,737091087440674816,2449,Stefon Diggs,WR,12.2,1,0
2021,3,3,737091087440674816,6151,Miles Sanders,RB,8.5,1,0
2021,3,3,737091087440674816,2319,DeVante Parker,WR,8.2,0,0
2021,3,3,737091087440674816,3163,Jared Goff,QB,8.08,0,0
2021,3,3,737091087440674816,5967,Tony Pollard,RB,7.5,0,0
2021,3,3,737091087440674816,4666,Younghoe Koo,K,6.0,1,0
2021,3,3,737091087440674816,7525,DeVonta Smith,WR,5.8,0,0
2021,3,3,737091087440674816,1992,Allen Robinson,WR,4.7,1,0
2021,3,3,737091087440674816,4029,Dalvin Cook,RB,0,0,0
2021,3,3,737091087440674816,7571,Rashod Bateman,WR,0,0,0
2021,3,3,737091087440674816,WAS,Washington Commanders,DEF,-4.5,1,0
2021,3,4,736744257179770880,6797,Justin Herbert,QB,30.84,1,0
2021,3,4,736744257179770880,4098,Kareem Hunt,RB,27.5,0,0
2021,3,4,736744257179770880,4663,Austin Ekeler,RB,22.7,1,0
2021,3,4,736744257179770880,2197,Brandin Cooks,WR,20.7,0,0
2021,3,4,736744257179770880,6904,Jalen Hurts,QB,20.04,1,0
2021,3,4,736744257179770880,3198,Derrick Henry,RB,19.4,1,0
2021,3,4,736744257179770880,5347,Nyheim Miller-Hines,RB,18.9,0,0
2021,3,4,736744257179770880,2216,Mike Evans,WR,18.6,1,0
2021,3,4,736744257179770880,6886,Chase Claypool,WR,18.6,1,0
2021,3,4,736744257179770880,1264,Justin Tucker,K,16.0,1,0
2021,3,4,736744257179770880,IND,Indianapolis Colts,DEF,9.5,1,0
2021,3,4,736744257179770880,5022,Dallas Goedert,TE,8.6,1,0
2021,3,4,736744257179770880,1352,Robert Woods,WR,6.8,1,0
2021,3,4,736744257179770880,6130,Devin Singletary,RB,3.6,0,0
2021,3,4,736744257179770880,6826,Cole Kmet,TE,2.1,0,0
2021,3,4,736744257179770880,5170,Phillip Lindsay,RB,0.5,0,0
2021,3,4,736744257179770880,1825,Jarvis Landry,WR,0,0,0
2021,3,4,736744257179770880,7591,Justin Fields,QB,-0.58,0,0
2021,3,5,716698629934481408,1166,Kirk Cousins,QB,24.12,1,0
2021,3,5,716698629934481408,1144,Cole Beasley,WR,20.8,0,0
2021,3,5,716698629934481408,4983,DJ Moore,WR,20.5,1,0
2021,3,5,716698629934481408,1479,Keenan Allen,WR,19.0,1,0
2021,3,5,716698629934481408,3294,Dak Prescott,QB,17.12,1,0
2021,3,5,716698629934481408,6989,Marquez Callaway,WR,14.1,0,0
2021,3,5,716698629934481408,4951,DJ Chark,WR,13.9,0,0
2021,3,5,716698629934481408,6789,Henry Ruggs,WR,12.5,0,0
2021,3,5,716698629934481408,BUF,Buffalo Bills,DEF,12.5,1,0
2021,3,5,716698629934481408,7527,Mac Jones,QB,11.1,0,0
2021,3,5,716698629934481408,5927,Terry McLaurin,WR,10.2,1,0
2021,3,5,716698629934481408,7062,Rodrigo Blankenship,K,10.0,1,0
2021,3,5,716698629934481408,3214,Hunter Henry,TE,8.6,0,0
2021,3,5,716698629934481408,4988,Nick Chubb,RB,8.4,1,0
2021,3,5,716698629934481408,4034,Christian McCaffrey,RB,6.0,1,0
2021,3,5,716698629934481408,7607,Michael Carter,RB,4.9,0,0
2021,3,5,716698629934481408,5857,Noah Fant,TE,3.5,1,0
2021,3,5,716698629934481408,5850,Josh Jacobs,RB,0,0,0
2021,3,6,736740647758938112,4039,Cooper Kupp,WR,30.6,1,0
2021,3,6,736740647758938112,4943,Sam Darnold,QB,21.76,1,0
2021,3,6,736740647758938112,96,Aaron Rodgers,QB,18.54,1,0
2021,3,6,736740647758938112,4217,George Kittle,TE,17.1,1,0
2021,3,6,736740647758938112,830,A.J. Green,WR,16.2,0,0
2021,3,6,736740647758938112,2320,Melvin Gordon,RB,15.1,0,0
2021,3,6,736740647758938112,2078,Odell Beckham,WR,13.7,0,0
2021,3,6,736740647758938112,1067,Marvin Jones,WR,12.2,0,0
2021,3,6,736740647758938112,1817,Sammy Watkins,WR,10.8,0,0
2021,3,6,736740647758938112,5980,Myles Gaskin,RB,10.4,0,0
2021,3,6,736740647758938112,3321,Tyreek Hill,WR,9.7,1,0
2021,3,6,736740647758938112,515,Rob Gronkowski,TE,9.5,0,0
2021,3,6,736740647758938112,3242,Kenyan Drake,RB,8.7,1,0
2021,3,6,736740647758938112,5892,David Montgomery,RB,7.5,1,0
2021,3,6,736740647758938112,3161,Carson Wentz,QB,6.76,0,0
2021,3,6,736740647758938112,4227,Harrison Butker,K,6.0,1,0
2021,3,6,736740647758938112,4040,JuJu Smith-Schuster,WR,5.5,1,0
2021,3,6,736740647758938112,LAR,Los Angeles Rams,DEF,5.0,1,0
2021,3,7,735974647736213504,6790,D'Andre Swift,RB,23.7,1,0
2021,3,7,735974647736213504,1466,Travis Kelce,TE,17.4,1,0
2021,3,7,735974647736213504,6820,Clyde Edwards-Helaire,RB,16.9,1,0
2021,3,7,735974647736213504,7526,Jaylen Waddle,WR,16.8,0,0
2021,3,7,735974647736213504,4881,Lamar Jackson,QB,16.28,1,0
2021,3,7,735974647736213504,6803,Brandon Aiyuk,WR,14.5,0,0
2021,3,7,735974647736213504,2306,Jameis Winston,QB,12.02,0,0
2021,3,7,735974647736213504,5095,Daniel Carlson,K,12.0,1,0
2021,3,7,735974647736213504,6798,Jalen Reagor,WR,10.3,0,0
2021,3,7,735974647736213504,5848,Marquise Brown,WR,8.3,1,0
2021,3,7,735974647736213504,PIT,Pittsburgh Steelers,DEF,7.0,1,0
2021,3,7,735974647736213504,7523,Trevor Lawrence,QB,5.96,1,0
2021,3,7,735974647736213504,1426,DeAndre Hopkins,WR,5.1,1,0
2021,3,7,735974647736213504,6828,AJ Dillon,RB,4.6,0,0
2021,3,7,735974647736213504,7098,Ty'Son Williams,RB,2.2,1,0
2021,3,7,735974647736213504,7601,Rondale Moore,WR,1.4,0,0
2021,3,7,735974647736213504,3199,Michael Thomas,WR,0,0,0
2021,3,7,735974647736213504,4082,Curtis Samuel,WR,0,0,0
2021,3,7,735974647736213504,5284,Jeff Wilson,RB,0,0,0
2021,3,7,735974647736213504,5937,Diontae Johnson,WR,0,0,0
2021,3,8,736803054736822272,421,Matthew Stafford,QB,29.52,1,0
2021,3,8,736803054736822272,6794,Justin Jefferson,WR,26.8,1,0
2021,3,8,736803054736822272,ARI,Arizona Cardinals,DEF,24.5,1,0
2021,3,8,736803054736822272,2711,Taylor Heinicke,QB,20.88,0,0
2021,3,8,736803054736822272,2028,Derek Carr,QB,20.24,1,0
2021,3,8,736803054736822272,4993,Mike Gesicki,TE,18.6,0,0
2021,3,8,736803054736822272,4199,Aaron Jones,RB,16.6,1,0
2021,3,8,736803054736822272,4273,Chris Carson,RB,16.2,1,0
2021,3,8,736803054736822272,59,Mason Crosby,K,16.0,1,0
2021,3,8,736803054736822272,5086,Marquez Valdes-Scantling,WR,14.9,0,0
2021,3,8,736803054736822272,2505,Darren Waller,TE,10.4,1,0
2021,3,8,736803054736822272,4131,Kenny Golladay,WR,10.4,0,0
2021,3,8,736803054736822272,4036,Corey Davis,WR,9.1,0,0
2021,3,8,736803054736822272,947,Julio Jones,WR,7.7,1,0
2021,3,8,736803054736822272,2374,Tyler Lockett,WR,7.1,1,0
2021,3,8,736803054736822272,3664,J.D. McKissic,RB,5.8,0,0
2021,3,8,736803054736822272,5890,Damien Harris,RB,3.1,0,0
2021,3,8,736803054736822272,TB,Tampa Bay Buccaneers,DEF,0.5,0,0
2021,3,8,736803054736822272,333,Ryan Fitzpatrick,QB,0,0,0
2021,3,9,710284244835979264,2133,Davante Adams,WR,31.2,1,0
2021,3,9,710284244835979264,6955,James Robinson,RB,24.4,0,0
2021,3,9,710284244835979264,5846,DK Metcalf,WR,22.7,1,0
2021,3,9,710284244835979264,5849,Kyler Murray,QB,19.04,1,0
2021,3,9,710284244835979264,3271,Tyler Higbee,TE,14.0,1,0
2021,3,9,710284244835979264,6870,Bryan Edwards,WR,11.9,0,0
2021,3,9,710284244835979264,138,Ben Roethlisberger,QB,11.72,1,0
2021,3,9,710284244835979264,2431,Mike Davis,RB,11.0,1,0
2021,3,9,710284244835979264,4018,Joe Mixon,RB,10.4,1,0
2021,3,9,710284244835979264,5119,Jason Sanders,K,10.0,0,0
2021,3,9,710284244835979264,NE,New England Patriots,DEF,8.0,0,0
2021,3,9,710284244835979264,BAL,Baltimore Ravens,DEF,7.5,1,0
2021,3,9,710284244835979264,17,Matt Prater,K,6.0,1,0
2021,3,9,710284244835979264,2309,Amari Cooper,WR,5.6,1,0
2021,3,9,710284244835979264,3423,Robbie Chosen,WR,1.8,0,0
2021,3,9,710284244835979264,7538,Zach Wilson,QB,0.1,0,0
2021,3,9,710284244835979264,5038,Michael Gallup,WR,0,0,0
2021,3,9,710284244835979264,5110,Russell Gage,WR,0,0,0
2021,3,9,710284244835979264,5916,Darrell Henderson,RB,0,0,0
2021,3,9,710284244835979264,827,Tyrod Taylor,QB,0,0,0
2021,3,10,475399371639222272,167,Tom Brady,QB,27.68,1,0
2021,3,10,475399371639222272,3164,Ezekiel Elliott,RB,26.6,1,0
2021,3,10,475399371639222272,CLE,Cleveland Browns,DEF,23.5,1,0
2021,3,10,475399371639222272,4035,Alvin Kamara,RB,20.8,1,0
2021,3,10,475399371639222272,4037,Chris Godwin,WR,19.6,1,0
2021,3,10,475399371639222272,4137,James Conner,RB,18.3,0,0
2021,3,10,475399371639222272,6845,Zack Moss,RB,18.1,0,0
2021,3,10,475399371639222272,6770,Joe Burrow,QB,17.58,0,0
2021,3,10,475399371639222272,4981,Calvin Ridley,WR,14.1,1,0
2021,3,10,475399371639222272,5870,Daniel Jones,QB,13.54,1,0
2021,3,10,475399371639222272,5917,Mecole Hardman,WR,12.5,0,0
2021,3,10,475399371639222272,5045,Courtland Sutton,WR,8.7,1,0
2021,3,10,475399371639222272,1266,Greg Zuerlein,K,4.0,1,0
2021,3,10,475399371639222272,7090,Darnell Mooney,WR,1.9,0,0
2021,3,10,475399371639222272,4602,Robert Tonyan,TE,1.6,1,0
2021,3,10,475399371639222272,4144,Jonnu Smith,TE,1.4,0,0
2021,3,10,475399371639222272,5248,Gus Edwards,RB,0,0,0
2021,3,10,475399371639222272,6801,Tee Higgins,WR,0,0,0
2021,3,10,475399371639222272,7561,Elijah Mitchell,RB,0,0,0
2021,4,1,608781531883859968,6813,Jonathan Taylor,RB,20.4,1,0
2021,4,1,608781531883859968,7610,Trey Lance,QB,19.88,0,0
2021,4,1,608781531883859968,4984,Josh Allen,QB,18.52,1,0
2021,4,1,608781531883859968,6814,Laviska Shenault,WR,17.0,0,0
2021,4,1,608781531883859968,3969,Leonard Fournette,RB,16.8,0,0
2021,4,1,608781531883859968,5947,Jakobi Meyers,WR,16.8,1,0
2021,4,1,608781531883859968,7042,Tyler Bass,K,16.0,1,0
2021,4,1,608781531883859968,1049,Ryan Tannehill,QB,15.82,1,0
2021,4,1,608781531883859968,6945,Antonio Gibson,RB,15.5,1,0
2021,4,1,608781531883859968,7564,Ja'Marr Chase,WR,13.7,1,0
2021,4,1,608781531883859968,536,Antonio Brown,WR,13.3,0,0
2021,4,1,608781531883859968,7553,Kyle Pitts,TE,9.0,1,0
2021,4,1,608781531883859968,7593,Trey Sermon,RB,8.9,0,0
2021,4,1,608781531883859968,TEN,Tennessee Titans,DEF,8.0,1,0
2021,4,1,608781531883859968,1689,Adam Thielen,WR,7.6,1,0
2021,4,1,608781531883859968,5987,Alexander Mattison,RB,2.0,0,0
2021,4,1,608781531883859968,3157,William Fuller,WR,1.6,0,0
2021,4,1,608781531883859968,1244,Josh Gordon,WR,0,0,0
2021,4,1,608781531883859968,6783,Jerry Jeudy,WR,0,0,0
2021,4,1,608781531883859968,6938,Cam Akers,RB,0,0,0
2021,4,2,736077599457026048,5872,Deebo Samuel,WR,36.7,1,0
2021,4,2,736077599457026048,4046,Patrick Mahomes,QB,31.22,1,0
2021,4,2,736077599457026048,4866,Saquon Barkley,RB,29.6,1,0
2021,4,2,736077599457026048,24,Matt Ryan,QB,29.02,0,0
2021,4,2,736077599457026048,7528,Najee Harris,RB,21.1,1,0
2021,4,2,736077599457026048,3225,Tyler Boyd,WR,20.8,0,0
2021,4,2,736077599457026048,367,Jared Cook,TE,19.0,0,0
2021,4,2,736077599457026048,6819,Michael Pittman,WR,11.9,1,0
2021,4,2,736077599457026048,7588,Javonte Williams,RB,8.9,0,0
2021,4,2,736077599457026048,5844,T.J. Hockenson,TE,8.2,1,0
2021,4,2,736077599457026048,6083,Matt Gay,K,8.0,1,0
2021,4,2,736077599457026048,4149,Jamaal Williams,RB,6.6,0,0
2021,4,2,736077599457026048,2152,Teddy Bridgewater,QB,5.8,1,0
2021,4,2,736077599457026048,DEN,Denver Broncos,DEF,3.5,1,0
2021,4,2,736077599457026048,6786,CeeDee Lamb,WR,3.3,1,0
2021,4,2,736077599457026048,2749,Raheem Mostert,RB,0,0,0
2021,4,2,736077599457026048,3200,Sterling Shepard,WR,0,0,0
2021,4,2,736077599457026048,5859,A.J. Brown,WR,0,0,0
2021,4,2,736077599457026048,4962,Sony Michel,RB,-0.9,0,0
2021,4,3,737091087440674816,1535,Cordarrelle Patterson,RB,34.6,0,0
2021,4,3,737091087440674816,1234,Russell Wilson,QB,20.06,1,0
2021,4,3,737091087440674816,7525,DeVonta Smith,WR,19.2,0,0
2021,4,3,737091087440674816,5000,Chase Edmonds,RB,17.9,0,0
2021,4,3,737091087440674816,2319,DeVante Parker,WR,17.7,0,0
2021,4,3,737091087440674816,2449,Stefon Diggs,WR,17.4,1,0
2021,4,3,737091087440674816,3163,Jared Goff,QB,13.76,0,0
2021,4,3,737091087440674816,5012,Mark Andrews,TE,11.7,1,0
2021,4,3,737091087440674816,1992,Allen Robinson,WR,9.3,1,0
2021,4,3,737091087440674816,WAS,Washington Commanders,DEF,9.0,1,0
2021,4,3,737091087440674816,4892,Baker Mayfield,QB,7.8,1,0
2021,4,3,737091087440674816,6151,Miles Sanders,RB,7.7,1,0
2021,4,3,737091087440674816,5967,Tony Pollard,RB,6.7,0,0
2021,4,3,737091087440674816,4029,Dalvin Cook,RB,6.4,1,0
2021,4,3,737091087440674816,4666,Younghoe Koo,K,6.0,1,0
2021,4,3,737091087440674816,4068,Mike Williams,WR,2.1,1,0
2021,4,3,737091087440674816,2251,Logan Thomas,TE,0,0,0
2021,4,3,737091087440674816,7571,Rashod Bateman,WR,0,0,0
2021,4,4,736744257179770880,4663,Austin Ekeler,RB,29.5,1,0
2021,4,4,736744257179770880,6904,Jalen Hurts,QB,26.18,1,0
2021,4,4,736744257179770880,3198,Derrick Henry,RB,25.7,1,0
2021,4,4,736744257179770880,6797,Justin Herbert,QB,20.78,1,0
2021,4,4,736744257179770880,4098,Kareem Hunt,RB,16.6,0,0
2021,4,4,736744257179770880,5022,Dallas Goedert,TE,15.6,1,0
2021,4,4,736744257179770880,1352,Robert Woods,WR,14.8,0,0
2021,4,4,736744257179770880,2216,Mike Evans,WR,14.5,1,0
2021,4,4,736744257179770880,538,Emmanuel Sanders,WR,13.1,1,0
2021,4,4,736744257179770880,1264,Justin Tucker,K,13.0,1,0
2021,4,4,736744257179770880,IND,Indianapolis Colts,DEF,12.5,1,0
2021,4,4,736744257179770880,2197,Brandin Cooks,WR,9.7,1,0
2021,4,4,736744257179770880,6130,Devin Singletary,RB,8.6,0,0
2021,4,4,736744257179770880,7591,Justin Fields,QB,5.76,0,0
2021,4,4,736744257179770880,6826,Cole Kmet,TE,1.6,0,0
2021,4,4,736744257179770880,5347,Nyheim Miller-Hines,RB,1.1,0,0
2021,4,4,736744257179770880,1825,Jarvis Landry,WR,0,0,0
2021,4,4,736744257179770880,6886,Chase Claypool,WR,0,0,0
2021,4,5,716698629934481408,4983,DJ Moore,WR,31.9,1,0
2021,4,5,716698629934481408,5927,Terry McLaurin,WR,30.3,1,0
2021,4,5,716698629934481408,BUF,Buffalo Bills,DEF,30.0,1,0
2021,4,5,716698629934481408,3294,Dak Prescott,QB,27.02,1,0
2021,4,5,716698629934481408,5857,Noah Fant,TE,16.6,1,0
2021,4,5,716698629934481408,7527,Mac Jones,QB,15.4,0,0
2021,4,5,716698629934481408,4988,Nick Chubb,RB,11.5,1,0
2021,4,5,716698629934481408,5850,Josh Jacobs,RB,10.7,1,0
2021,4,5,716698629934481408,1479,Keenan Allen,WR,10.6,1,0
2021,4,5,716698629934481408,7062,Rodrigo Blankenship,K,10.0,1,0
2021,4,5,716698629934481408,6989,Marquez Callaway,WR,9.4,0,0
2021,4,5,716698629934481408,1166,Kirk Cousins,QB,9.12,1,0
2021,4,5,716698629934481408,6789,Henry Ruggs,WR,9.0,0,0
2021,4,5,716698629934481408,4351,Tim Patrick,WR,6.9,0,0
2021,4,5,716698629934481408,1144,Cole Beasley,WR,3.6,0,0
2021,4,5,716698629934481408,3594,Peyton Barber,RB,0,0,0
2021,4,5,716698629934481408,4034,Christian McCaffrey,RB,0,0,0
2021,4,5,716698629934481408,4951,DJ Chark,WR,0,0,0
2021,4,6,736740647758938112,3321,Tyreek Hill,WR,47.6,1,0
2021,4,6,736740647758938112,4943,Sam Darnold,QB,29.54,1,0
2021,4,6,736740647758938112,96,Aaron Rodgers,QB,22.62,1,0
2021,4,6,736740647758938112,5892,David Montgomery,RB,22.6,1,0
2021,4,6,736740647758938112,830,A.J. Green,WR,17.7,0,0
2021,4,6,736740647758938112,4039,Cooper Kupp,WR,11.4,1,0
2021,4,6,736740647758938112,7594,Chuba Hubbard,RB,9.1,1,0
2021,4,6,736740647758938112,1817,Sammy Watkins,WR,8.9,0,0
2021,4,6,736740647758938112,2320,Melvin Gordon,RB,8.7,0,0
2021,4,6,736740647758938112,4217,George Kittle,TE,8.0,1,0
2021,4,6,736740647758938112,4227,Harrison Butker,K,6.0,1,0
2021,4,6,736740647758938112,1067,Marvin Jones,WR,5.4,1,0
2021,4,6,736740647758938112,2078,Odell Beckham,WR,5.1,0,0
2021,4,6,736740647758938112,4040,JuJu Smith-Schuster,WR,3.1,0,0
2021,4,6,736740647758938112,5980,Myles Gaskin,RB,0.3,0,0
2021,4,6,736740647758938112,3242,Kenyan Drake,RB,0.2,0,0
2021,4,6,736740647758938112,515,Rob Gronkowski,TE,0,0,0
2021,4,6,736740647758938112,LAR,Los Angeles Rams,DEF,-1.0,1,0
2021,4,7,735974647736213504,5937,Diontae Johnson,WR,24.2,1,0
2021,4,7,735974647736213504,6820,Clyde Edwards-Helaire,RB,19.4,1,0
2021,4,7,735974647736213504,5848,Marquise Brown,WR,19.1,0,0
2021,4,7,735974647736213504,4881,Lamar Jackson,QB,17.94,1,0
2021,4,7,735974647736213504,7523,Trevor Lawrence,QB,17.26,0,0
2021,4,7,735974647736213504,2306,Jameis Winston,QB,13.04,1,0
2021,4,7,735974647736213504,1426,DeAndre Hopkins,WR,10.7,1,0
2021,4,7,735974647736213504,6828,AJ Dillon,RB,10.7,0,0
2021,4,7,735974647736213504,6790,D'Andre Swift,RB,8.9,1,0
2021,4,7,735974647736213504,PIT,Pittsburgh Steelers,DEF,7.5,0,0
2021,4,7,735974647736213504,7601,Rondale Moore,WR,6.7,0,0
2021,4,7,735974647736213504,1466,Travis Kelce,TE,6.3,1,0
2021,4,7,735974647736213504,7526,Jaylen Waddle,WR,6.3,0,0
2021,4,7,735974647736213504,4082,Curtis Samuel,WR,5.9,0,0
2021,4,7,735974647736213504,6803,Brandon Aiyuk,WR,2.5,1,0
2021,4,7,735974647736213504,NO,New Orleans Saints,DEF,2.5,1,0
2021,4,7,735974647736213504,5095,Daniel Carlson,K,1.0,1,0
2021,4,7,735974647736213504,3199,Michael Thomas,WR,0,0,0
2021,4,7,735974647736213504,5284,Jeff Wilson,RB,0,0,0
2021,4,7,735974647736213504,7098,Ty'Son Williams,RB,0,0,0
2021,4,8,736803054736822272,2711,Taylor Heinicke,QB,27.4,0,0
2021,4,8,736803054736822272,4036,Corey Davis,WR,21.1,0,0
2021,4,8,736803054736822272,6794,Justin Jefferson,WR,20.4,1,0
2021,4,8,736803054736822272,421,Matthew Stafford,QB,19.8,1,0
2021,4,8,736803054736822272,4131,Kenny Golladay,WR,17.6,0,0
2021,4,8,736803054736822272,3664,J.D. McKissic,RB,16.9,1,0
2021,4,8,736803054736822272,4993,Mike Gesicki,TE,16.7,0,0
2021,4,8,736803054736822272,2505,Darren Waller,TE,15.0,1,0
2021,4,8,736803054736822272,TB,Tampa Bay Buccaneers,DEF,14.0,1,0
2021,4,8,736803054736822272,2028,Derek Carr,QB,11.44,1,0
2021,4,8,736803054736822272,4199,Aaron Jones,RB,10.9,1,0
2021,4,8,736803054736822272,59,Mason Crosby,K,9.0,1,0
2021,4,8,736803054736822272,2374,Tyler Lockett,WR,6.4,1,0
2021,4,8,736803054736822272,ARI,Arizona Cardinals,DEF,5.0,0,0
2021,4,8,736803054736822272,5890,Damien Harris,RB,4.6,0,0
2021,4,8,736803054736822272,4273,Chris Carson,RB,4.1,1,0
2021,4,8,736803054736822272,333,Ryan Fitzpatrick,QB,0,0,0
2021,4,8,736803054736822272,5086,Marquez Valdes-Scantling,WR,0,0,0
2021,4,8,736803054736822272,947,Julio Jones,WR,0,0,0
2021,4,9,710284244835979264,5849,Kyler Murray,QB,21.12,1,0
2021,4,9,710284244835979264,6955,James Robinson,RB,20.6,1,0
2021,4,9,710284244835979264,5916,Darrell Henderson,RB,16.6,0,0
2021,4,9,710284244835979264,5846,DK Metcalf,WR,16.5,1,0
2021,4,9,710284244835979264,7538,Zach Wilson,QB,16.18,0,0
2021,4,9,710284244835979264,2309,Amari Cooper,WR,15.9,1,0
2021,4,9,710284244835979264,BAL,Baltimore Ravens,DEF,15.5,1,0
2021,4,9,710284244835979264,17,Matt Prater,K,15.0,1,0
2021,4,9,710284244835979264,4018,Joe Mixon,RB,13.7,1,0
2021,4,9,710284244835979264,2133,Davante Adams,WR,12.4,1,0
2021,4,9,710284244835979264,2431,Mike Davis,RB,10.6,0,0
2021,4,9,710284244835979264,3423,Robbie Chosen,WR,9.9,0,0
2021,4,9,710284244835979264,138,Ben Roethlisberger,QB,8.78,1,0
2021,4,9,710284244835979264,3271,Tyler Higbee,TE,7.6,1,0
2021,4,9,710284244835979264,5119,Jason Sanders,K,5.0,0,0
2021,4,9,710284244835979264,NE,New England Patriots,DEF,4.0,0,0
2021,4,9,710284244835979264,6870,Bryan Edwards,WR,1.4,0,0
2021,4,9,710284244835979264,5038,Michael Gallup,WR,0,0,0
2021,4,9,710284244835979264,5110,Russell Gage,WR,0,0,0
2021,4,9,710284244835979264,827,Tyrod Taylor,QB,0,0,0
2021,4,10,475399371639222272,5870,Daniel Jones,QB,28.28,0,0
2021,4,10,475399371639222272,6770,Joe Burrow,QB,22.32,1,0
2021,4,10,475399371639222272,3164,Ezekiel Elliott,RB,20.3,1,0
2021,4,10,475399371639222272,4137,James Conner,RB,19.6,0,0
2021,4,10,475399371639222272,7090,Darnell Mooney,WR,18.5,0,0
2021,4,10,475399371639222272,4981,Calvin Ridley,WR,15.0,1,0
2021,4,10,475399371639222272,CLE,Cleveland Browns,DEF,13.0,0,0
2021,4,10,475399371639222272,6845,Zack Moss,RB,12.1,0,0
2021,4,10,475399371639222272,4035,Alvin Kamara,RB,12.0,1,0
2021,4,10,475399371639222272,167,Tom Brady,QB,10.56,1,0
2021,4,10,475399371639222272,4144,Jonnu Smith,TE,10.4,0,0
2021,4,10,475399371639222272,4037,Chris Godwin,WR,8.5,1,0
2021,4,10,475399371639222272,5045,Courtland Sutton,WR,7.7,1,0
2021,4,10,475399371639222272,5917,Mecole Hardman,WR,6.1,0,0
2021,4,10,475399371639222272,1266,Greg Zuerlein,K,6.0,1,0
2021,4,10,475399371639222272,CIN,Cincinnati Bengals,DEF,5.0,1,0
2021,4,10,475399371639222272,4602,Robert Tonyan,TE,2.8,1,0
2021,4,10,475399371639222272,5248,Gus Edwards,RB,0,0,0
2021,4,10,475399371639222272,6801,Tee Higgins,WR,0,0,0
2021,4,10,475399371639222272,7561,Elijah Mitchell,RB,0,0,0
2021,5,1,608781531883859968,4984,Josh Allen,QB,36.5,1,0
2021,5,1,608781531883859968,6813,Jonathan Taylor,RB,32.9,1,0
2021,5,1,608781531883859968,536,Antonio Brown,WR,32.4,0,0
2021,5,1,608781531883859968,7564,Ja'Marr Chase,WR,28.9,1,0
2021,5,1,608781531883859968,7553,Kyle Pitts,TE,26.9,1,0
2021,5,1,608781531883859968,5987,Alexander Mattison,RB,26.3,1,0
2021,5,1,608781531883859968,6945,Antonio Gibson,RB,21.2,0,0
2021,5,1,608781531883859968,3969,Leonard Fournette,RB,21.0,1,0
2021,5,1,608781531883859968,7610,Trey Lance,QB,13.58,1,0
2021,5,1,608781531883859968,MIN,Minnesota Vikings,DEF,13.5,1,0
2021,5,1,608781531883859968,1049,Ryan Tannehill,QB,12.48,0,0
2021,5,1,608781531883859968,5947,Jakobi Meyers,WR,9.6,0,0
2021,5,1,608781531883859968,7042,Tyler Bass,K,8.0,1,0
2021,5,1,608781531883859968,6814,Laviska Shenault,WR,6.8,0,0
2021,5,1,608781531883859968,1689,Adam Thielen,WR,6.0,1,0
2021,5,1,608781531883859968,1244,Josh Gordon,WR,2.1,0,0
2021,5,1,608781531883859968,7537,Jaret Patterson,RB,1.3,0,0
2021,5,1,608781531883859968,7593,Trey Sermon,RB,0.7,0,0
2021,5,1,608781531883859968,6783,Jerry Jeudy,WR,0,0,0
2021,5,1,608781531883859968,6938,Cam Akers,RB,0,0,0
2021,5,2,736077599457026048,7528,Najee Harris,RB,22.2,1,0
2021,5,2,736077599457026048,24,Matt Ryan,QB,22.08,1,0
2021,5,2,736077599457026048,6819,Michael Pittman,WR,20.9,0,0
2021,5,2,736077599457026048,6786,CeeDee Lamb,WR,18.8,1,0
2021,5,2,736077599457026048,4046,Patrick Mahomes,QB,18.48,1,0
2021,5,2,736077599457026048,2152,Teddy Bridgewater,QB,17.62,0,0
2021,5,2,736077599457026048,5872,Deebo Samuel,WR,16.1,1,0
2021,5,2,736077599457026048,CAR,Carolina Panthers,DEF,14.0,1,0
2021,5,2,736077599457026048,5001,Dalton Schultz,TE,13.9,0,0
2021,5,2,736077599457026048,7588,Javonte Williams,RB,11.6,0,0
2021,5,2,736077599457026048,3327,Alex Collins,RB,9.2,0,0
2021,5,2,736077599457026048,4149,Jamaal Williams,RB,8.5,0,0
2021,5,2,736077599457026048,6083,Matt Gay,K,8.0,1,0
2021,5,2,736077599457026048,5859,A.J. Brown,WR,6.8,1,0
2021,5,2,736077599457026048,3225,Tyler Boyd,WR,6.4,0,0
2021,5,2,736077599457026048,5844,T.J. Hockenson,TE,4.2,1,0
2021,5,2,736077599457026048,4866,Saquon Barkley,RB,0.9,1,0
2021,5,2,736077599457026048,2749,Raheem Mostert,RB,0,0,0
2021,5,2,736077599457026048,3200,Sterling Shepard,WR,0,0,0
2021,5,3,737091087440674816,5012,Mark Andrews,TE,41.7,1,0
2021,5,3,737091087440674816,4068,Mike Williams,WR,37.5,1,0
2021,5,3,737091087440674816,4892,Baker Mayfield,QB,21.5,1,0
2021,5,3,737091087440674816,1535,Cordarrelle Patterson,RB,18.4,1,0
2021,5,3,737091087440674816,7525,DeVonta Smith,WR,14.7,0,0
2021,5,3,737091087440674816,4666,Younghoe Koo,K,11.0,1,0
2021,5,3,737091087440674816,6151,Miles Sanders,RB,10.1,0,0
2021,5,3,737091087440674816,2449,Stefon Diggs,WR,8.9,1,0
2021,5,3,737091087440674816,WAS,Washington Commanders,DEF,8.5,0,0
2021,5,3,737091087440674816,1234,Russell Wilson,QB,8.08,1,0
2021,5,3,737091087440674816,LV,Las Vegas Raiders,DEF,8.0,1,0
2021,5,3,737091087440674816,1992,Allen Robinson,WR,7.2,1,0
2021,5,3,737091087440674816,5000,Chase Edmonds,RB,4.4,1,0
2021,5,3,737091087440674816,3163,Jared Goff,QB,4.12,0,0
2021,5,3,737091087440674816,2251,Logan Thomas,TE,0,0,0
2021,5,3,737091087440674816,2319,DeVante Parker,WR,0,0,0
2021,5,3,737091087440674816,4029,Dalvin Cook,RB,0,0,0
2021,5,3,737091087440674816,7571,Rashod Bateman,WR,0,0,0
2021,5,4,736744257179770880,6797,Justin Herbert,QB,42.32,1,0
2021,5,4,736744257179770880,4663,Austin Ekeler,RB,31.9,1,0
2021,5,4,736744257179770880,3198,Derrick Henry,RB,31.0,1,0
2021,5,4,736744257179770880,2216,Mike Evans,WR,29.3,1,0
2021,5,4,736744257179770880,1352,Robert Woods,WR,27.0,1,0
2021,5,4,736744257179770880,4098,Kareem Hunt,RB,25.9,1,0
2021,5,4,736744257179770880,6886,Chase Claypool,WR,24.0,0,0
2021,5,4,736744257179770880,6904,Jalen Hurts,QB,20.92,1,0
2021,5,4,736744257179770880,538,Emmanuel Sanders,WR,20.4,0,0
2021,5,4,736744257179770880,7591,Justin Fields,QB,6.84,0,0
2021,5,4,736744257179770880,2197,Brandin Cooks,WR,5.3,0,0
2021,5,4,736744257179770880,5022,Dallas Goedert,TE,4.8,1,0
2021,5,4,736744257179770880,6826,Cole Kmet,TE,4.2,0,0
2021,5,4,736744257179770880,6130,Devin Singletary,RB,3.3,0,0
2021,5,4,736744257179770880,1264,Justin Tucker,K,3.0,1,0
2021,5,4,736744257179770880,IND,Indianapolis Colts,DEF,2.0,1,0
2021,5,4,736744257179770880,5347,Nyheim Miller-Hines,RB,1.8,0,0
2021,5,4,736744257179770880,1825,Jarvis Landry,WR,0,0,0
2021,5,5,716698629934481408,4988,Nick Chubb,RB,25.0,1,0
2021,5,5,716698629934481408,6989,Marquez Callaway,WR,24.5,0,0
2021,5,5,716698629934481408,3294,Dak Prescott,QB,19.68,1,0
2021,5,5,716698629934481408,BUF,Buffalo Bills,DEF,18.5,0,0
2021,5,5,716698629934481408,5850,Josh Jacobs,RB,16.7,1,0
2021,5,5,716698629934481408,4351,Tim Patrick,WR,15.9,0,0
2021,5,5,716698629934481408,1479,Keenan Allen,WR,13.5,1,0
2021,5,5,716698629934481408,DAL,Dallas Cowboys,DEF,13.0,1,0
2021,5,5,716698629934481408,1166,Kirk Cousins,QB,12.9,1,0
2021,5,5,716698629934481408,7527,Mac Jones,QB,11.04,0,0
2021,5,5,716698629934481408,391,Ryan Succop,K,10.0,1,0
2021,5,5,716698629934481408,4983,DJ Moore,WR,8.8,1,0
2021,5,5,716698629934481408,5927,Terry McLaurin,WR,8.6,1,0
2021,5,5,716698629934481408,6789,Henry Ruggs,WR,8.1,0,0
2021,5,5,716698629934481408,5857,Noah Fant,TE,5.0,1,0
2021,5,5,716698629934481408,7062,Rodrigo Blankenship,K,5.0,0,0
2021,5,5,716698629934481408,1144,Cole Beasley,WR,1.5,0,0
2021,5,5,716698629934481408,4034,Christian McCaffrey,RB,0,0,0
2021,5,5,716698629934481408,4951,DJ Chark,WR,0,0,0
2021,5,6,736740647758938112,96,Aaron Rodgers,QB,19.26,1,0
2021,5,6,736740647758938112,7594,Chuba Hubbard,RB,18.4,1,0
2021,5,6,736740647758938112,4147,Samaje Perine,RB,18.3,0,0
2021,5,6,736740647758938112,4039,Cooper Kupp,WR,16.2,1,0
2021,5,6,736740647758938112,3321,Tyreek Hill,WR,14.8,1,0
2021,5,6,736740647758938112,4227,Harrison Butker,K,10.0,1,0
2021,5,6,736740647758938112,LAR,Los Angeles Rams,DEF,9.0,1,0
2021,5,6,736740647758938112,2320,Melvin Gordon,RB,6.3,0,0
2021,5,6,736740647758938112,1817,Sammy Watkins,WR,5.5,0,0
2021,5,6,736740647758938112,1476,Latavius Murray,RB,5.0,1,0
2021,5,6,736740647758938112,4943,Sam Darnold,QB,4.58,1,0
2021,5,6,736740647758938112,2078,Odell Beckham,WR,4.0,0,0
2021,5,6,736740647758938112,1067,Marvin Jones,WR,3.5,1,0
2021,5,6,736740647758938112,830,A.J. Green,WR,2.3,0,0
2021,5,6,736740647758938112,2214,Cameron Brate,TE,2.2,1,0
2021,5,6,736740647758938112,3242,Kenyan Drake,RB,1.1,0,0
2021,5,6,736740647758938112,4040,JuJu Smith-Schuster,WR,0.6,0,0
2021,5,6,736740647758938112,4217,George Kittle,TE,0,0,0
2021,5,6,736740647758938112,515,Rob Gronkowski,TE,0,0,0
2021,5,6,736740647758938112,5892,David Montgomery,RB,0,0,0
2021,5,7,735974647736213504,4881,Lamar Jackson,QB,42.38,1,0
2021,5,7,735974647736213504,5848,Marquise Brown,WR,33.5,1,0
2021,5,7,735974647736213504,2306,Jameis Winston,QB,24.76,0,0
2021,5,7,735974647736213504,6790,D'Andre Swift,RB,22.4,1,0
2021,5,7,735974647736213504,7523,Trevor Lawrence,QB,20.72,1,0
2021,5,7,735974647736213504,1426,DeAndre Hopkins,WR,20.7,1,0
2021,5,7,735974647736213504,6828,AJ Dillon,RB,17.9,0,0
2021,5,7,735974647736213504,1466,Travis Kelce,TE,17.7,1,0
2021,5,7,735974647736213504,1833,Damien Williams,RB,16.4,1,0
2021,5,7,735974647736213504,5937,Diontae Johnson,WR,16.2,1,0
2021,5,7,735974647736213504,NO,New Orleans Saints,DEF,8.0,1,0
2021,5,7,735974647736213504,PIT,Pittsburgh Steelers,DEF,7.0,0,0
2021,5,7,735974647736213504,DEN,Denver Broncos,DEF,6.0,0,0
2021,5,7,735974647736213504,7526,Jaylen Waddle,WR,5.3,0,0
2021,5,7,735974647736213504,6803,Brandon Aiyuk,WR,5.2,0,0
2021,5,7,735974647736213504,6820,Clyde Edwards-Helaire,RB,3.4,0,0
2021,5,7,735974647736213504,5095,Daniel Carlson,K,3.0,1,0
2021,5,7,735974647736213504,4082,Curtis Samuel,WR,0.8,0,0
2021,5,7,735974647736213504,3199,Michael Thomas,WR,0,0,0
2021,5,7,735974647736213504,5284,Jeff Wilson,RB,0,0,0
2021,5,8,736803054736822272,6794,Justin Jefferson,WR,19.4,1,0
2021,5,8,736803054736822272,421,Matthew Stafford,QB,16.5,1,0
2021,5,8,736803054736822272,4199,Aaron Jones,RB,14.9,1,0
2021,5,8,736803054736822272,5967,Tony Pollard,RB,13.3,0,0
2021,5,8,736803054736822272,59,Mason Crosby,K,12.0,1,0
2021,5,8,736803054736822272,TB,Tampa Bay Buccaneers,DEF,12.0,1,0
2021,5,8,736803054736822272,2374,Tyler Lockett,WR,10.7,1,0
2021,5,8,736803054736822272,ARI,Arizona Cardinals,DEF,10.5,0,0
2021,5,8,736803054736822272,5890,Damien Harris,RB,9.8,1,0
2021,5,8,736803054736822272,2711,Taylor Heinicke,QB,8.92,1,0
2021,5,8,736803054736822272,2505,Darren Waller,TE,8.5,1,0
2021,5,8,736803054736822272,4036,Corey Davis,WR,8.5,1,0
2021,5,8,736803054736822272,4993,Mike Gesicki,TE,8.3,0,0
2021,5,8,736803054736822272,2028,Derek Carr,QB,5.74,0,0
2021,5,8,736803054736822272,3664,J.D. McKissic,RB,1.7,0,0
2021,5,8,736803054736822272,333,Ryan Fitzpatrick,QB,0,0,0
2021,5,8,736803054736822272,4131,Kenny Golladay,WR,0,0,0
2021,5,8,736803054736822272,4273,Chris Carson,RB,0,0,0
2021,5,8,736803054736822272,5086,Marquez Valdes-Scantling,WR,0,0,0
2021,5,8,736803054736822272,947,Julio Jones,WR,0,0,0
2021,5,9,710284244835979264,2133,Davante Adams,WR,39.6,1,0
2021,5,9,710284244835979264,5846,DK Metcalf,WR,26.8,1,0
2021,5,9,710284244835979264,5906,Dawson Knox,TE,21.7,0,0
2021,5,9,710284244835979264,6955,James Robinson,RB,21.7,1,0
2021,5,9,710284244835979264,5916,Darrell Henderson,RB,16.9,1,0
2021,5,9,710284244835979264,138,Ben Roethlisberger,QB,15.52,0,0
2021,5,9,710284244835979264,2309,Amari Cooper,WR,15.0,1,0
2021,5,9,710284244835979264,2431,Mike Davis,RB,12.1,0,0
2021,5,9,710284244835979264,5849,Kyler Murray,QB,10.66,1,0
2021,5,9,710284244835979264,4018,Joe Mixon,RB,10.5,0,0
2021,5,9,710284244835979264,3271,Tyler Higbee,TE,9.4,1,0
2021,5,9,710284244835979264,NE,New England Patriots,DEF,8.0,1,0
2021,5,9,710284244835979264,7538,Zach Wilson,QB,6.98,1,0
2021,5,9,710284244835979264,3423,Robbie Chosen,WR,5.0,0,0
2021,5,9,710284244835979264,5119,Jason Sanders,K,5.0,0,0
2021,5,9,710284244835979264,BAL,Baltimore Ravens,DEF,4.5,0,0
2021,5,9,710284244835979264,6870,Bryan Edwards,WR,4.2,0,0
2021,5,9,710284244835979264,17,Matt Prater,K,4.0,1,0
2021,5,9,710284244835979264,5038,Michael Gallup,WR,0,0,0
2021,5,9,710284244835979264,827,Tyrod Taylor,QB,0,0,0
2021,5,10,475399371639222272,167,Tom Brady,QB,38.24,1,0
2021,5,10,475399371639222272,4035,Alvin Kamara,RB,29.2,1,0
2021,5,10,475399371639222272,3164,Ezekiel Elliott,RB,25.2,1,0
2021,5,10,475399371639222272,5045,Courtland Sutton,WR,25.0,1,0
2021,5,10,475399371639222272,6770,Joe Burrow,QB,17.34,1,0
2021,5,10,475399371639222272,5917,Mecole Hardman,WR,16.6,0,0
2021,5,10,475399371639222272,1266,Greg Zuerlein,K,14.0,1,0
2021,5,10,475399371639222272,4037,Chris Godwin,WR,14.0,1,0
2021,5,10,475399371639222272,CHI,Chicago Bears,DEF,13.5,1,0
2021,5,10,475399371639222272,6845,Zack Moss,RB,12.2,0,0
2021,5,10,475399371639222272,4137,James Conner,RB,10.7,0,0
2021,5,10,475399371639222272,6801,Tee Higgins,WR,10.2,1,0
2021,5,10,475399371639222272,7561,Elijah Mitchell,RB,8.2,0,0
2021,5,10,475399371639222272,7090,Darnell Mooney,WR,6.5,0,0
2021,5,10,475399371639222272,4144,Jonnu Smith,TE,5.2,0,0
2021,5,10,475399371639222272,5870,Daniel Jones,QB,4.82,0,0
2021,5,10,475399371639222272,367,Jared Cook,TE,3.9,1,0
2021,5,10,475399371639222272,4981,Calvin Ridley,WR,0,0,0
2021,5,10,475399371639222272,5248,Gus Edwards,RB,0,0,0
2021,6,1,608781531883859968,3969,Leonard Fournette,RB,30.7,0,0
2021,6,1,608781531883859968,1689,Adam Thielen,WR,29.8,1,0
2021,6,1,608781531883859968,6813,Jonathan Taylor,RB,28.8,1,0
2021,6,1,608781531883859968,4984,Josh Allen,QB,27.72,1,0
2021,6,1,608781531883859968,536,Antonio Brown,WR,24.3,0,0
2021,6,1,608781531883859968,7608,Khalil Herbert,RB,19.2,0,0
2021,6,1,608781531883859968,3327,Alex Collins,RB,16.8,0,0
2021,6,1,608781531883859968,4531,Ricky Seals-Jones,TE,15.8,1,0
2021,6,1,608781531883859968,7564,Ja'Marr Chase,WR,13.7,1,0
2021,6,1,608781531883859968,7042,Tyler Bass,K,13.0,1,0
2021,6,1,608781531883859968,1049,Ryan Tannehill,QB,12.94,1,0
2021,6,1,608781531883859968,CIN,Cincinnati Bengals,DEF,12.0,1,0
2021,6,1,608781531883859968,5947,Jakobi Meyers,WR,11.4,1,0
2021,6,1,608781531883859968,7606,Kadarius Toney,WR,6.6,0,0
2021,6,1,608781531883859968,6945,Antonio Gibson,RB,4.4,1,0
2021,6,1,608781531883859968,5987,Alexander Mattison,RB,1.0,0,0
2021,6,1,608781531883859968,1837,Jimmy Garoppolo,QB,0,0,0
2021,6,1,608781531883859968,6783,Jerry Jeudy,WR,0,0,0
2021,6,1,608781531883859968,6938,Cam Akers,RB,0,0,0
2021,6,1,608781531883859968,7553,Kyle Pitts,TE,0,0,0
2021,6,2,736077599457026048,6786,CeeDee Lamb,WR,36.1,1,0
2021,6,2,736077599457026048,7528,Najee Harris,RB,24.7,1,0
2021,6,2,736077599457026048,4046,Patrick Mahomes,QB,20.98,1,0
2021,6,2,736077599457026048,3200,Sterling Shepard,WR,17.6,0,0
2021,6,2,736077599457026048,2152,Teddy Bridgewater,QB,16.26,1,0
2021,6,2,736077599457026048,5859,A.J. Brown,WR,16.1,0,0
2021,6,2,736077599457026048,5844,T.J. Hockenson,TE,15.4,1,0
2021,6,2,736077599457026048,5001,Dalton Schultz,TE,12.9,0,0
2021,6,2,736077599457026048,GB,Green Bay Packers,DEF,10.5,1,0
2021,6,2,736077599457026048,7588,Javonte Williams,RB,9.8,1,0
2021,6,2,736077599457026048,6083,Matt Gay,K,8.0,1,0
2021,6,2,736077599457026048,5955,Hunter Renfrow,WR,6.6,1,0
2021,6,2,736077599457026048,6819,Michael Pittman,WR,5.8,1,0
2021,6,2,736077599457026048,4149,Jamaal Williams,RB,1.9,0,0
2021,6,2,736077599457026048,3225,Tyler Boyd,WR,1.7,0,0
2021,6,2,736077599457026048,24,Matt Ryan,QB,0,0,0
2021,6,2,736077599457026048,2749,Raheem Mostert,RB,0,0,0
2021,6,2,736077599457026048,4866,Saquon Barkley,RB,0,0,0
2021,6,2,736077599457026048,5872,Deebo Samuel,WR,0,0,0
2021,6,3,737091087440674816,2449,Stefon Diggs,WR,23.9,1,0
2021,6,3,737091087440674816,4029,Dalvin Cook,RB,21.3,1,0
2021,6,3,737091087440674816,5012,Mark Andrews,TE,17.8,1,0
2021,6,3,737091087440674816,3161,Carson Wentz,QB,16.02,1,0
2021,6,3,737091087440674816,LV,Las Vegas Raiders,DEF,14.0,1,0
2021,6,3,737091087440674816,4892,Baker Mayfield,QB,9.66,1,0
2021,6,3,737091087440674816,1992,Allen Robinson,WR,9.3,0,0
2021,6,3,737091087440674816,6151,Miles Sanders,RB,8.6,0,0
2021,6,3,737091087440674816,5000,Chase Edmonds,RB,8.0,1,0
2021,6,3,737091087440674816,WAS,Washington Commanders,DEF,7.0,0,0
2021,6,3,737091087440674816,7571,Rashod Bateman,WR,6.9,0,0
2021,6,3,737091087440674816,1433,Brandon McManus,K,6.0,1,0
2021,6,3,737091087440674816,7525,DeVonta Smith,WR,5.1,1,0
2021,6,3,737091087440674816,4068,Mike Williams,WR,4.7,1,0
2021,6,3,737091087440674816,5980,Myles Gaskin,RB,2.4,0,0
2021,6,3,737091087440674816,1234,Russell Wilson,QB,0,0,0
2021,6,3,737091087440674816,1535,Cordarrelle Patterson,RB,0,0,0
2021,6,3,737091087440674816,2319,DeVante Parker,WR,0,0,0
2021,6,3,737091087440674816,4666,Younghoe Koo,K,0,0,0
2021,6,4,736744257179770880,3198,Derrick Henry,RB,36.6,1,0
2021,6,4,736744257179770880,6904,Jalen Hurts,QB,24.0,1,0
2021,6,4,736744257179770880,2197,Brandin Cooks,WR,17.9,0,0
2021,6,4,736744257179770880,IND,Indianapolis Colts,DEF,17.5,1,0
2021,6,4,736744257179770880,538,Emmanuel Sanders,WR,14.1,0,0
2021,6,4,736744257179770880,1339,Zach Ertz,TE,12.9,1,0
2021,6,4,736744257179770880,1264,Justin Tucker,K,12.0,1,0
2021,6,4,736744257179770880,7591,Justin Fields,QB,11.26,0,0
2021,6,4,736744257179770880,1352,Robert Woods,WR,11.1,1,0
2021,6,4,736744257179770880,4098,Kareem Hunt,RB,10.8,1,0
2021,6,4,736744257179770880,3214,Hunter Henry,TE,10.5,0,0
2021,6,4,736744257179770880,6797,Justin Herbert,QB,10.0,1,0
2021,6,4,736744257179770880,4663,Austin Ekeler,RB,9.5,1,0
2021,6,4,736744257179770880,6130,Devin Singletary,RB,9.3,0,0
2021,6,4,736744257179770880,2216,Mike Evans,WR,4.7,1,0
2021,6,4,736744257179770880,6886,Chase Claypool,WR,3.7,0,0
2021,6,4,736744257179770880,5347,Nyheim Miller-Hines,RB,3.2,0,0
2021,6,4,736744257179770880,1825,Jarvis Landry,WR,0,0,0
2021,6,4,736744257179770880,5022,Dallas Goedert,TE,0,0,0
2021,6,5,716698629934481408,3294,Dak Prescott,QB,28.3,1,0
2021,6,5,716698629934481408,1166,Kirk Cousins,QB,28.02,1,0
2021,6,5,716698629934481408,5857,Noah Fant,TE,24.7,1,0
2021,6,5,716698629934481408,1144,Cole Beasley,WR,21.8,0,0
2021,6,5,716698629934481408,6789,Henry Ruggs,WR,18.7,0,0
2021,6,5,716698629934481408,5850,Josh Jacobs,RB,15.2,1,0
2021,6,5,716698629934481408,7527,Mac Jones,QB,13.76,0,0
2021,6,5,716698629934481408,7594,Chuba Hubbard,RB,13.5,1,0
2021,6,5,716698629934481408,4351,Tim Patrick,WR,13.2,0,0
2021,6,5,716698629934481408,6814,Laviska Shenault,WR,11.4,0,0
2021,6,5,716698629934481408,4983,DJ Moore,WR,10.9,1,0
2021,6,5,716698629934481408,1479,Keenan Allen,WR,10.0,1,0
2021,6,5,716698629934481408,5927,Terry McLaurin,WR,6.8,1,0
2021,6,5,716698629934481408,391,Ryan Succop,K,4.0,1,0
2021,6,5,716698629934481408,BUF,Buffalo Bills,DEF,2.5,1,0
2021,6,5,716698629934481408,CLE,Cleveland Browns,DEF,2.0,0,0
2021,6,5,716698629934481408,4034,Christian McCaffrey,RB,0,0,0
2021,6,5,716698629934481408,4988,Nick Chubb,RB,0,0,0
2021,6,5,716698629934481408,7062,Rodrigo Blankenship,K,0,0,0
2021,6,6,736740647758938112,4039,Cooper Kupp,WR,34.0,1,0
2021,6,6,736740647758938112,5549,Darrel Williams,RB,23.9,1,0
2021,6,6,736740647758938112,1067,Marvin Jones,WR,23.0,1,0
2021,6,6,736740647758938112,3321,Tyreek Hill,WR,22.6,1,0
2021,6,6,736740647758938112,LAR,Los Angeles Rams,DEF,22.5,1,0
2021,6,6,736740647758938112,96,Aaron Rodgers,QB,22.2,1,0
2021,6,6,736740647758938112,6768,Tua Tagovailoa,QB,21.86,0,0
2021,6,6,736740647758938112,3242,Kenyan Drake,RB,21.3,0,0
2021,6,6,736740647758938112,830,A.J. Green,WR,18.9,0,0
2021,6,6,736740647758938112,1476,Latavius Murray,RB,13.6,0,0
2021,6,6,736740647758938112,4943,Sam Darnold,QB,13.08,1,0
2021,6,6,736740647758938112,2078,Odell Beckham,WR,12.9,0,0
2021,6,6,736740647758938112,2320,Melvin Gordon,RB,10.3,1,0
2021,6,6,736740647758938112,4227,Harrison Butker,K,9.0,1,0
2021,6,6,736740647758938112,7601,Rondale Moore,WR,5.6,0,0
2021,6,6,736740647758938112,4066,Evan Engram,TE,5.4,1,0
2021,6,6,736740647758938112,7567,Kenny Gainwell,RB,1.1,0,0
2021,6,6,736740647758938112,1817,Sammy Watkins,WR,0,0,0
2021,6,6,736740647758938112,4217,George Kittle,TE,0,0,0
2021,6,6,736740647758938112,515,Rob Gronkowski,TE,0,0,0
2021,6,6,736740647758938112,5892,David Montgomery,RB,0,0,0
2021,6,7,735974647736213504,7526,Jaylen Waddle,WR,29.0,0,0
2021,6,7,735974647736213504,1426,DeAndre Hopkins,WR,20.5,1,0
2021,6,7,735974647736213504,5937,Diontae Johnson,WR,18.6,1,0
2021,6,7,735974647736213504,1466,Travis Kelce,TE,17.9,1,0
2021,6,7,735974647736213504,6790,D'Andre Swift,RB,17.7,1,0
2021,6,7,735974647736213504,PIT,Pittsburgh Steelers,DEF,15.5,1,0
2021,6,7,735974647736213504,7523,Trevor Lawrence,QB,15.36,1,0
2021,6,7,735974647736213504,3209,Devontae Booker,RB,10.9,1,0
2021,6,7,735974647736213504,4881,Lamar Jackson,QB,10.28,1,0
2021,6,7,735974647736213504,5848,Marquise Brown,WR,6.5,1,0
2021,6,7,735974647736213504,6828,AJ Dillon,RB,5.9,0,0
2021,6,7,735974647736213504,DEN,Denver Broncos,DEF,1.5,0,0
2021,6,7,735974647736213504,4152,Marlon Mack,RB,1.2,0,0
2021,6,7,735974647736213504,4195,Jake Elliott,K,1.0,1,0
2021,6,7,735974647736213504,1833,Damien Williams,RB,0,0,0
2021,6,7,735974647736213504,2306,Jameis Winston,QB,0,0,0
2021,6,7,735974647736213504,3199,Michael Thomas,WR,0,0,0
2021,6,7,735974647736213504,6803,Brandon Aiyuk,WR,0,0,0
2021,6,7,735974647736213504,6820,Clyde Edwards-Helaire,RB,0,0,0
2021,6,7,735974647736213504,NO,New Orleans Saints,DEF,0,0,0
2021,6,8,736803054736822272,421,Matthew Stafford,QB,23.24,1,0
2021,6,8,736803054736822272,4199,Aaron Jones,RB,21.0,1,0
2021,6,8,736803054736822272,2028,Derek Carr,QB,19.54,0,0
2021,6,8,736803054736822272,4993,Mike Gesicki,TE,19.5,0,0
2021,6,8,736803054736822272,3664,J.D. McKissic,RB,19.0,0,0
2021,6,8,736803054736822272,ARI,Arizona Cardinals,DEF,18.0,0,0
2021,6,8,736803054736822272,5890,Damien Harris,RB,17.8,0,0
2021,6,8,736803054736822272,6794,Justin Jefferson,WR,14.0,1,0
2021,6,8,736803054736822272,2505,Darren Waller,TE,10.9,1,0
2021,6,8,736803054736822272,TB,Tampa Bay Buccaneers,DEF,9.5,1,0
2021,6,8,736803054736822272,5967,Tony Pollard,RB,9.3,1,0
2021,6,8,736803054736822272,2711,Taylor Heinicke,QB,9.28,1,0
2021,6,8,736803054736822272,947,Julio Jones,WR,8.9,1,0
2021,6,8,736803054736822272,59,Mason Crosby,K,6.0,1,0
2021,6,8,736803054736822272,2374,Tyler Lockett,WR,5.5,1,0
2021,6,8,736803054736822272,333,Ryan Fitzpatrick,QB,0,0,0
2021,6,8,736803054736822272,4036,Corey Davis,WR,0,0,0
2021,6,8,736803054736822272,4131,Kenny Golladay,WR,0,0,0
2021,6,8,736803054736822272,4273,Chris Carson,RB,0,0,0
2021,6,8,736803054736822272,5086,Marquez Valdes-Scantling,WR,0,0,0
2021,6,9,710284244835979264,4018,Joe Mixon,RB,25.3,1,0
2021,6,9,710284244835979264,5916,Darrell Henderson,RB,24.7,1,0
2021,6,9,710284244835979264,5849,Kyler Murray,QB,20.76,1,0
2021,6,9,710284244835979264,6955,James Robinson,RB,19.1,1,0
2021,6,9,710284244835979264,BAL,Baltimore Ravens,DEF,15.5,0,0
2021,6,9,710284244835979264,17,Matt Prater,K,15.0,1,0
2021,6,9,710284244835979264,2133,Davante Adams,WR,12.9,1,0
2021,6,9,710284244835979264,138,Ben Roethlisberger,QB,10.86,0,0
2021,6,9,710284244835979264,5846,DK Metcalf,WR,10.8,1,0
2021,6,9,710284244835979264,2309,Amari Cooper,WR,10.5,1,0
2021,6,9,710284244835979264,3423,Robbie Chosen,WR,10.1,0,0
2021,6,9,710284244835979264,6870,Bryan Edwards,WR,8.7,0,0
2021,6,9,710284244835979264,3271,Tyler Higbee,TE,8.6,0,0
2021,6,9,710284244835979264,5906,Dawson Knox,TE,7.5,1,0
2021,6,9,710284244835979264,JAX,Jacksonville Jaguars,DEF,3.5,1,0
2021,6,9,710284244835979264,NE,New England Patriots,DEF,1.5,0,0
2021,6,9,710284244835979264,2431,Mike Davis,RB,0,0,0
2021,6,9,710284244835979264,5038,Michael Gallup,WR,0,0,0
2021,6,9,710284244835979264,7538,Zach Wilson,QB,0,0,0
2021,6,9,710284244835979264,827,Tyrod Taylor,QB,0,0,0
2021,6,10,475399371639222272,5045,Courtland Sutton,WR,23.4,1,0
2021,6,10,475399371639222272,6770,Joe Burrow,QB,21.84,1,0
2021,6,10,475399371639222272,3164,Ezekiel Elliott,RB,18.9,1,0
2021,6,10,475399371639222272,167,Tom Brady,QB,18.48,1,0
2021,6,10,475399371639222272,7090,Darnell Mooney,WR,15.5,0,0
2021,6,10,475399371639222272,367,Jared Cook,TE,12.5,1,0
2021,6,10,475399371639222272,1266,Greg Zuerlein,K,12.0,1,0
2021,6,10,475399371639222272,4037,Chris Godwin,WR,9.3,1,0
2021,6,10,475399371639222272,5917,Mecole Hardman,WR,8.8,0,0
2021,6,10,475399371639222272,4137,James Conner,RB,8.1,1,0
2021,6,10,475399371639222272,6801,Tee Higgins,WR,7.4,1,0
2021,6,10,475399371639222272,CHI,Chicago Bears,DEF,5.5,1,0
2021,6,10,475399371639222272,6845,Zack Moss,RB,4.9,0,0
2021,6,10,475399371639222272,4144,Jonnu Smith,TE,1.9,0,0
2021,6,10,475399371639222272,5870,Daniel Jones,QB,1.58,0,0
2021,6,10,475399371639222272,4035,Alvin Kamara,RB,0,0,0
2021,6,10,475399371639222272,4981,Calvin Ridley,WR,0,0,0
2021,6,10,475399371639222272,5248,Gus Edwards,RB,0,0,0
2021,6,10,475399371639222272,7561,Elijah Mitchell,RB,0,0,0
2021,7,1,608781531883859968,7564,Ja'Marr Chase,WR,36.1,1,0
2021,7,1,608781531883859968,7553,Kyle Pitts,TE,23.3,1,0
2021,7,1,608781531883859968,1049,Ryan Tannehill,QB,18.9,1,0
2021,7,1,608781531883859968,3969,Leonard Fournette,RB,17.0,1,0
2021,7,1,608781531883859968,6813,Jonathan Taylor,RB,17.0,1,0
2021,7,1,608781531883859968,4531,Ricky Seals-Jones,TE,11.1,1,0
2021,7,1,608781531883859968,5947,Jakobi Meyers,WR,9.4,1,0
2021,7,1,608781531883859968,6945,Antonio Gibson,RB,6.6,1,0
2021,7,1,608781531883859968,7609,Demetric Felton,RB,6.4,0,0
2021,7,1,608781531883859968,CAR,Carolina Panthers,DEF,5.0,1,0
2021,7,1,608781531883859968,2747,Jason Myers,K,4.0,1,0
2021,7,1,608781531883859968,1689,Adam Thielen,WR,0,0,0
2021,7,1,608781531883859968,4017,Deshaun Watson,QB,0,0,0
2021,7,1,608781531883859968,4984,Josh Allen,QB,0,0,0
2021,7,1,608781531883859968,536,Antonio Brown,WR,0,0,0
2021,7,1,608781531883859968,5987,Alexander Mattison,RB,0,0,0
2021,7,1,608781531883859968,6783,Jerry Jeudy,WR,0,0,0
2021,7,1,608781531883859968,6938,Cam Akers,RB,0,0,0
2021,7,1,608781531883859968,7042,Tyler Bass,K,0,0,0
2021,7,1,608781531883859968,7606,Kadarius Toney,WR,0,0,0
2021,7,2,736077599457026048,5859,A.J. Brown,WR,27.3,1,0
2021,7,2,736077599457026048,6694,D'Ernest Johnson,RB,24.8,1,0
2021,7,2,736077599457026048,5872,Deebo Samuel,WR,21.0,1,0
2021,7,2,736077599457026048,6819,Michael Pittman,WR,20.5,1,0
2021,7,2,736077599457026048,24,Matt Ryan,QB,17.44,1,0
2021,7,2,736077599457026048,7588,Javonte Williams,RB,17.2,0,0
2021,7,2,736077599457026048,2168,Devonta Freeman,RB,12.9,1,0
2021,7,2,736077599457026048,5955,Hunter Renfrow,WR,12.8,0,0
2021,7,2,736077599457026048,2152,Teddy Bridgewater,QB,12.78,0,0
2021,7,2,736077599457026048,SF,San Francisco 49ers,DEF,12.0,1,0
2021,7,2,736077599457026048,5844,T.J. Hockenson,TE,10.8,1,0
2021,7,2,736077599457026048,6083,Matt Gay,K,9.0,1,0
2021,7,2,736077599457026048,956,Mark Ingram,RB,5.7,0,0
2021,7,2,736077599457026048,4046,Patrick Mahomes,QB,4.74,1,0
2021,7,2,736077599457026048,2749,Raheem Mostert,RB,0,0,0
2021,7,2,736077599457026048,3200,Sterling Shepard,WR,0,0,0
2021,7,2,736077599457026048,4866,Saquon Barkley,RB,0,0,0
2021,7,2,736077599457026048,5001,Dalton Schultz,TE,0,0,0
2021,7,2,736077599457026048,6786,CeeDee Lamb,WR,0,0,0
2021,7,2,736077599457026048,7528,Najee Harris,RB,0,0,0
2021,7,3,737091087440674816,3161,Carson Wentz,QB,18.8,1,0
2021,7,3,737091087440674816,5980,Myles Gaskin,RB,17.7,0,0
2021,7,3,737091087440674816,1535,Cordarrelle Patterson,RB,14.1,1,0
2021,7,3,737091087440674816,4666,Younghoe Koo,K,12.0,1,0
2021,7,3,737091087440674816,7525,DeVonta Smith,WR,11.1,1,0
2021,7,3,737091087440674816,7571,Rashod Bateman,WR,11.0,0,0
2021,7,3,737091087440674816,5000,Chase Edmonds,RB,10.0,1,0
2021,7,3,737091087440674816,LV,Las Vegas Raiders,DEF,9.5,1,0
2021,7,3,737091087440674816,1373,Geno Smith,QB,9.38,1,0
2021,7,3,737091087440674816,5012,Mark Andrews,TE,6.8,1,0
2021,7,3,737091087440674816,6151,Miles Sanders,RB,3.7,1,0
2021,7,3,737091087440674816,1992,Allen Robinson,WR,3.6,1,0
2021,7,3,737091087440674816,1110,T.Y. Hilton,WR,0,0,0
2021,7,3,737091087440674816,1234,Russell Wilson,QB,0,0,0
2021,7,3,737091087440674816,2319,DeVante Parker,WR,0,0,0
2021,7,3,737091087440674816,2449,Stefon Diggs,WR,0,0,0
2021,7,3,737091087440674816,4029,Dalvin Cook,RB,0,0,0
2021,7,3,737091087440674816,4068,Mike Williams,WR,0,0,0
2021,7,3,737091087440674816,4892,Baker Mayfield,QB,0,0,0
2021,7,4,736744257179770880,2216,Mike Evans,WR,31.6,1,0
2021,7,4,736744257179770880,6904,Jalen Hurts,QB,22.54,1,0
2021,7,4,736744257179770880,7608,Khalil Herbert,RB,18.3,1,0
2021,7,4,736744257179770880,IND,Indianapolis Colts,DEF,18.0,1,0
2021,7,4,736744257179770880,3198,Derrick Henry,RB,16.4,1,0
2021,7,4,736744257179770880,1339,Zach Ertz,TE,16.0,0,0
2021,7,4,736744257179770880,1352,Robert Woods,WR,15.0,1,0
2021,7,4,736744257179770880,3214,Hunter Henry,TE,10.3,1,0
2021,7,4,736744257179770880,1825,Jarvis Landry,WR,8.7,0,0
2021,7,4,736744257179770880,2197,Brandin Cooks,WR,7.1,1,0
2021,7,4,736744257179770880,1264,Justin Tucker,K,6.0,1,0
2021,7,4,736744257179770880,5347,Nyheim Miller-Hines,RB,2.2,0,0
2021,7,4,736744257179770880,4098,Kareem Hunt,RB,0,0,0
2021,7,4,736744257179770880,4663,Austin Ekeler,RB,0,0,0
2021,7,4,736744257179770880,538,Emmanuel Sanders,WR,0,0,0
2021,7,4,736744257179770880,6130,Devin Singletary,RB,0,0,0
2021,7,4,736744257179770880,6797,Justin Herbert,QB,0,0,0
2021,7,4,736744257179770880,6886,Chase Claypool,WR,0,0,0
2021,7,4,736744257179770880,7591,Justin Fields,QB,-1.84,1,0
2021,7,5,716698629934481408,5927,Terry McLaurin,WR,25.2,1,0
2021,7,5,716698629934481408,7527,Mac Jones,QB,21.68,1,0
2021,7,5,716698629934481408,5850,Josh Jacobs,RB,15.8,1,0
2021,7,5,716698629934481408,4983,DJ Moore,WR,13.3,1,0
2021,7,5,716698629934481408,CLE,Cleveland Browns,DEF,10.0,1,0
2021,7,5,716698629934481408,7594,Chuba Hubbard,RB,9.6,1,0
2021,7,5,716698629934481408,5857,Noah Fant,TE,8.9,1,0
2021,7,5,716698629934481408,6789,Henry Ruggs,WR,7.1,1,0
2021,7,5,716698629934481408,391,Ryan Succop,K,7.0,1,0
2021,7,5,716698629934481408,4351,Tim Patrick,WR,3.6,1,0
2021,7,5,716698629934481408,4985,Rashaad Penny,RB,0.9,0,0
2021,7,5,716698629934481408,1144,Cole Beasley,WR,0,0,0
2021,7,5,716698629934481408,1166,Kirk Cousins,QB,0,0,0
2021,7,5,716698629934481408,1479,Keenan Allen,WR,0,0,0
2021,7,5,716698629934481408,3294,Dak Prescott,QB,0,0,0
2021,7,5,716698629934481408,4034,Christian McCaffrey,RB,0,0,0
2021,7,5,716698629934481408,4988,Nick Chubb,RB,0,0,0
2021,7,5,716698629934481408,6814,Laviska Shenault,WR,0,0,0
2021,7,5,716698629934481408,7062,Rodrigo Blankenship,K,0,0,0
2021,7,5,716698629934481408,BUF,Buffalo Bills,DEF,0,0,0
2021,7,6,736740647758938112,4039,Cooper Kupp,WR,37.6,1,0
2021,7,6,736740647758938112,6768,Tua Tagovailoa,QB,26.54,0,0
2021,7,6,736740647758938112,96,Aaron Rodgers,QB,23.66,1,0
2021,7,6,736740647758938112,3242,Kenyan Drake,RB,16.9,1,0
2021,7,6,736740647758938112,4602,Robert Tonyan,TE,16.3,1,0
2021,7,6,736740647758938112,3321,Tyreek Hill,WR,12.7,1,0
2021,7,6,736740647758938112,2320,Melvin Gordon,RB,11.2,0,0
2021,7,6,736740647758938112,830,A.J. Green,WR,9.6,1,0
2021,7,6,736740647758938112,5549,Darrel Williams,RB,8.0,1,0
2021,7,6,736740647758938112,LAR,Los Angeles Rams,DEF,6.5,1,0
2021,7,6,736740647758938112,6989,Marquez Callaway,WR,6.2,0,0
2021,7,6,736740647758938112,2078,Odell Beckham,WR,4.3,0,0
2021,7,6,736740647758938112,4227,Harrison Butker,K,3.0,1,0
2021,7,6,736740647758938112,4943,Sam Darnold,QB,0.98,1,0
2021,7,6,736740647758938112,1067,Marvin Jones,WR,0,0,0
2021,7,6,736740647758938112,1476,Latavius Murray,RB,0,0,0
2021,7,6,736740647758938112,1817,Sammy Watkins,WR,0,0,0
2021,7,6,736740647758938112,4217,George Kittle,TE,0,0,0
2021,7,6,736740647758938112,515,Rob Gronkowski,TE,0,0,0
2021,7,6,736740647758938112,5892,David Montgomery,RB,0,0,0
2021,7,7,735974647736213504,6790,D'Andre Swift,RB,29.4,1,0
2021,7,7,735974647736213504,4881,Lamar Jackson,QB,20.58,1,0
2021,7,7,735974647736213504,5848,Marquise Brown,WR,19.0,1,0
2021,7,7,735974647736213504,1426,DeAndre Hopkins,WR,18.3,1,0
2021,7,7,735974647736213504,7607,Michael Carter,RB,16.4,0,0
2021,7,7,735974647736213504,7526,Jaylen Waddle,WR,15.3,1,0
2021,7,7,735974647736213504,2306,Jameis Winston,QB,14.88,1,0
2021,7,7,735974647736213504,3209,Devontae Booker,RB,14.6,1,0
2021,7,7,735974647736213504,1466,Travis Kelce,TE,13.5,1,0
2021,7,7,735974647736213504,650,Nick Folk,K,13.0,1,0
2021,7,7,735974647736213504,NO,New Orleans Saints,DEF,12.5,1,0
2021,7,7,735974647736213504,6803,Brandon Aiyuk,WR,1.9,0,0
2021,7,7,735974647736213504,1833,Damien Williams,RB,1.8,0,0
2021,7,7,735974647736213504,4152,Marlon Mack,RB,0.4,0,0
2021,7,7,735974647736213504,3199,Michael Thomas,WR,0,0,0
2021,7,7,735974647736213504,5272,Greg Joseph,K,0,0,0
2021,7,7,735974647736213504,5937,Diontae Johnson,WR,0,0,0
2021,7,7,735974647736213504,6820,Clyde Edwards-Helaire,RB,0,0,0
2021,7,7,735974647736213504,7523,Trevor Lawrence,QB,0,0,0
2021,7,7,735974647736213504,PIT,Pittsburgh Steelers,DEF,0,0,0
2021,7,7,735974647736213504,6828,AJ Dillon,RB,-1.2,0,0
2021,7,8,736803054736822272,421,Matthew Stafford,QB,27.16,1,0
2021,7,8,736803054736822272,TB,Tampa Bay Buccaneers,DEF,27.0,0,0
2021,7,8,736803054736822272,5890,Damien Harris,RB,25.3,1,0
2021,7,8,736803054736822272,4993,Mike Gesicki,TE,21.5,1,0
2021,7,8,736803054736822272,2028,Derek Carr,QB,19.52,1,0
2021,7,8,736803054736822272,ARI,Arizona Cardinals,DEF,18.5,1,0
2021,7,8,736803054736822272,2711,Taylor Heinicke,QB,17.72,0,0
2021,7,8,736803054736822272,4036,Corey Davis,WR,14.7,1,0
2021,7,8,736803054736822272,3664,J.D. McKissic,RB,9.6,0,0
2021,7,8,736803054736822272,4199,Aaron Jones,RB,8.9,1,0
2021,7,8,736803054736822272,947,Julio Jones,WR,5.8,1,0
2021,7,8,736803054736822272,59,Mason Crosby,K,5.0,1,0
2021,7,8,736803054736822272,2374,Tyler Lockett,WR,3.2,0,0
2021,7,8,736803054736822272,2214,Cameron Brate,TE,0,1,0
2021,7,8,736803054736822272,2505,Darren Waller,TE,0,0,0
2021,7,8,736803054736822272,333,Ryan Fitzpatrick,QB,0,0,0
2021,7,8,736803054736822272,4131,Kenny Golladay,WR,0,0,0
2021,7,8,736803054736822272,4273,Chris Carson,RB,0,0,0
2021,7,8,736803054736822272,5086,Marquez Valdes-Scantling,WR,0,0,0
2021,7,8,736803054736822272,6794,Justin Jefferson,WR,0,0,0
2021,7,9,710284244835979264,2133,Davante Adams,WR,19.6,1,0
2021,7,9,710284244835979264,5849,Kyler Murray,QB,19.44,1,0
2021,7,9,710284244835979264,5846,DK Metcalf,WR,18.6,1,0
2021,7,9,710284244835979264,NE,New England Patriots,DEF,16.5,1,0
2021,7,9,710284244835979264,4950,Christian Kirk,WR,15.0,1,0
2021,7,9,710284244835979264,6870,Bryan Edwards,WR,13.3,0,0
2021,7,9,710284244835979264,4018,Joe Mixon,RB,11.9,1,0
2021,7,9,710284244835979264,3271,Tyler Higbee,TE,9.6,1,0
2021,7,9,710284244835979264,5916,Darrell Henderson,RB,9.4,1,0
2021,7,9,710284244835979264,17,Matt Prater,K,7.0,1,0
2021,7,9,710284244835979264,3423,Robbie Chosen,WR,4.4,0,0
2021,7,9,710284244835979264,7538,Zach Wilson,QB,1.54,0,0
2021,7,9,710284244835979264,2431,Mike Davis,RB,1.0,1,0
2021,7,9,710284244835979264,2309,Amari Cooper,WR,0,0,0
2021,7,9,710284244835979264,5038,Michael Gallup,WR,0,0,0
2021,7,9,710284244835979264,5906,Dawson Knox,TE,0,0,0
2021,7,9,710284244835979264,6955,James Robinson,RB,0,0,0
2021,7,9,710284244835979264,827,Tyrod Taylor,QB,0,0,0
2021,7,9,710284244835979264,BAL,Baltimore Ravens,DEF,-1.5,0,0
2021,7,10,475399371639222272,4035,Alvin Kamara,RB,33.9,1,0
2021,7,10,475399371639222272,6770,Joe Burrow,QB,27.14,1,0
2021,7,10,475399371639222272,4037,Chris Godwin,WR,25.1,1,0
2021,7,10,475399371639222272,167,Tom Brady,QB,24.44,1,0
2021,7,10,475399371639222272,GB,Green Bay Packers,DEF,17.0,1,0
2021,7,10,475399371639222272,7561,Elijah Mitchell,RB,16.7,0,0
2021,7,10,475399371639222272,6801,Tee Higgins,WR,13.2,0,0
2021,7,10,475399371639222272,4981,Calvin Ridley,WR,12.6,1,0
2021,7,10,475399371639222272,4137,James Conner,RB,12.4,1,0
2021,7,10,475399371639222272,5045,Courtland Sutton,WR,11.8,1,0
2021,7,10,475399371639222272,5095,Daniel Carlson,K,8.0,1,0
2021,7,10,475399371639222272,4144,Jonnu Smith,TE,7.7,1,0
2021,7,10,475399371639222272,7090,Darnell Mooney,WR,5.9,0,0
2021,7,10,475399371639222272,5917,Mecole Hardman,WR,4.8,0,0
2021,7,10,475399371639222272,1266,Greg Zuerlein,K,0,0,0
2021,7,10,475399371639222272,2251,Logan Thomas,TE,0,0,0
2021,7,10,475399371639222272,3164,Ezekiel Elliott,RB,0,0,0
2021,7,10,475399371639222272,367,Jared Cook,TE,0,0,0
2021,7,10,475399371639222272,5248,Gus Edwards,RB,0,0,0
2021,7,10,475399371639222272,6845,Zack Moss,RB,0,0,0
2021,8,1,608781531883859968,4984,Josh Allen,QB,28.96,1,0
2021,8,1,608781531883859968,6813,Jonathan Taylor,RB,21.2,1,0
2021,8,1,608781531883859968,DEN,Denver Broncos,DEF,20.5,1,0
2021,8,1,608781531883859968,1689,Adam Thielen,WR,19.8,1,0
2021,8,1,608781531883859968,1049,Ryan Tannehill,QB,19.7,1,0
2021,8,1,608781531883859968,5122,Boston Scott,RB,18.0,0,0
2021,8,1,608781531883859968,7564,Ja'Marr Chase,WR,13.1,1,0
2021,8,1,608781531883859968,IND,Indianapolis Colts,DEF,10.5,0,0
2021,8,1,608781531883859968,7042,Tyler Bass,K,10.0,1,0
2021,8,1,608781531883859968,5947,Jakobi Meyers,WR,9.6,0,0
2021,8,1,608781531883859968,6945,Antonio Gibson,RB,8.4,0,0
2021,8,1,608781531883859968,6783,Jerry Jeudy,WR,7.9,1,0
2021,8,1,608781531883859968,7606,Kadarius Toney,WR,7.36,0,0
2021,8,1,608781531883859968,3969,Leonard Fournette,RB,7.3,1,0
2021,8,1,608781531883859968,7553,Kyle Pitts,TE,3.3,1,0
2021,8,1,608781531883859968,5987,Alexander Mattison,RB,2.0,0,0
2021,8,1,608781531883859968,184,Adrian Peterson,RB,0,0,0
2021,8,1,608781531883859968,536,Antonio Brown,WR,0,0,0
2021,8,1,608781531883859968,6938,Cam Akers,RB,0,0,0
2021,8,1,608781531883859968,7045,Joshua Kelley,RB,0,0,0
2021,8,2,736077599457026048,5859,A.J. Brown,WR,32.5,1,0
2021,8,2,736077599457026048,6819,Michael Pittman,WR,30.6,0,0
2021,8,2,736077599457026048,5872,Deebo Samuel,WR,23.1,1,0
2021,8,2,736077599457026048,7528,Najee Harris,RB,21.0,1,0
2021,8,2,736077599457026048,5844,T.J. Hockenson,TE,18.9,1,0
2021,8,2,736077599457026048,6786,CeeDee Lamb,WR,17.2,1,0
2021,8,2,736077599457026048,4046,Patrick Mahomes,QB,12.5,1,0
2021,8,2,736077599457026048,2152,Teddy Bridgewater,QB,10.62,1,0
2021,8,2,736077599457026048,6694,D'Ernest Johnson,RB,9.9,0,0
2021,8,2,736077599457026048,SF,San Francisco 49ers,DEF,9.0,1,0
2021,8,2,736077599457026048,6083,Matt Gay,K,8.0,1,0
2021,8,2,736077599457026048,7588,Javonte Williams,RB,6.8,1,0
2021,8,2,736077599457026048,3200,Sterling Shepard,WR,6.5,0,0
2021,8,2,736077599457026048,1992,Allen Robinson,WR,5.1,0,0
2021,8,2,736077599457026048,24,Matt Ryan,QB,3.64,0,0
2021,8,2,736077599457026048,5001,Dalton Schultz,TE,3.1,0,0
2021,8,2,736077599457026048,7567,Kenny Gainwell,RB,2.7,0,0
2021,8,2,736077599457026048,2749,Raheem Mostert,RB,0,0,0
2021,8,2,736077599457026048,4866,Saquon Barkley,RB,0,0,0
2021,8,2,736077599457026048,5955,Hunter Renfrow,WR,0,0,0
2021,8,3,737091087440674816,1535,Cordarrelle Patterson,RB,18.2,1,0
2021,8,3,737091087440674816,3161,Carson Wentz,QB,17.34,1,0
2021,8,3,737091087440674816,5000,Chase Edmonds,RB,15.9,1,0
2021,8,3,737091087440674816,2449,Stefon Diggs,WR,15.0,1,0
2021,8,3,737091087440674816,138,Ben Roethlisberger,QB,13.64,1,0
2021,8,3,737091087440674816,5022,Dallas Goedert,TE,13.2,1,0
2021,8,3,737091087440674816,7596,Elijah Moore,WR,13.1,0,0
2021,8,3,737091087440674816,4666,Younghoe Koo,K,9.0,1,0
2021,8,3,737091087440674816,5980,Myles Gaskin,RB,8.5,0,0
2021,8,3,737091087440674816,4029,Dalvin Cook,RB,7.8,1,0
2021,8,3,737091087440674816,4892,Baker Mayfield,QB,7.5,0,0
2021,8,3,737091087440674816,LAC,Los Angeles Chargers,DEF,6.0,1,0
2021,8,3,737091087440674816,4068,Mike Williams,WR,3.9,1,0
2021,8,3,737091087440674816,1110,T.Y. Hilton,WR,3.6,0,0
2021,8,3,737091087440674816,7525,DeVonta Smith,WR,2.5,0,0
2021,8,3,737091087440674816,1234,Russell Wilson,QB,0,0,0
2021,8,3,737091087440674816,5012,Mark Andrews,TE,0,0,0
2021,8,3,737091087440674816,6151,Miles Sanders,RB,0,0,0
2021,8,3,737091087440674816,7571,Rashod Bateman,WR,0,0,0
2021,8,4,736744257179770880,4663,Austin Ekeler,RB,24.4,1,0
2021,8,4,736744257179770880,7591,Justin Fields,QB,21.3,0,0
2021,8,4,736744257179770880,1352,Robert Woods,WR,20.7,1,0
2021,8,4,736744257179770880,2197,Brandin Cooks,WR,20.3,0,0
2021,8,4,736744257179770880,4195,Jake Elliott,K,16.0,1,0
2021,8,4,736744257179770880,2216,Mike Evans,WR,12.8,1,0
2021,8,4,736744257179770880,6797,Justin Herbert,QB,12.32,1,0
2021,8,4,736744257179770880,6904,Jalen Hurts,QB,11.22,1,0
2021,8,4,736744257179770880,6886,Chase Claypool,WR,10.1,0,0
2021,8,4,736744257179770880,7608,Khalil Herbert,RB,8.8,0,0
2021,8,4,736744257179770880,1339,Zach Ertz,TE,8.2,0,0
2021,8,4,736744257179770880,3198,Derrick Henry,RB,5.8,1,0
2021,8,4,736744257179770880,CIN,Cincinnati Bengals,DEF,5.5,1,0
2021,8,4,736744257179770880,3214,Hunter Henry,TE,4.3,1,0
2021,8,4,736744257179770880,6130,Devin Singletary,RB,3.9,0,0
2021,8,4,736744257179770880,1264,Justin Tucker,K,0,0,0
2021,8,4,736744257179770880,4098,Kareem Hunt,RB,0,0,0
2021,8,4,736744257179770880,538,Emmanuel Sanders,WR,0,1,0
2021,8,5,716698629934481408,1144,Cole Beasley,WR,21.0,0,0
2021,8,5,716698629934481408,1479,Keenan Allen,WR,19.7,1,0
2021,8,5,716698629934481408,BUF,Buffalo Bills,DEF,17.5,1,0
2021,8,5,716698629934481408,7594,Chuba Hubbard,RB,14.1,1,0
2021,8,5,716698629934481408,1166,Kirk Cousins,QB,11.66,1,0
2021,8,5,716698629934481408,7527,Mac Jones,QB,11.18,0,0
2021,8,5,716698629934481408,4983,DJ Moore,WR,9.9,1,0
2021,8,5,716698629934481408,4351,Tim Patrick,WR,9.4,0,0
2021,8,5,716698629934481408,4988,Nick Chubb,RB,7.9,1,0
2021,8,5,716698629934481408,5927,Terry McLaurin,WR,6.5,1,0
2021,8,5,716698629934481408,CLE,Cleveland Browns,DEF,6.5,0,0
2021,8,5,716698629934481408,6814,Laviska Shenault,WR,4.1,0,0
2021,8,5,716698629934481408,391,Ryan Succop,K,3.0,1,0
2021,8,5,716698629934481408,5857,Noah Fant,TE,2.8,1,0
2021,8,5,716698629934481408,2391,David Johnson,RB,1.3,0,0
2021,8,5,716698629934481408,3294,Dak Prescott,QB,0,0,0
2021,8,5,716698629934481408,4034,Christian McCaffrey,RB,0,0,0
2021,8,5,716698629934481408,5850,Josh Jacobs,RB,0,0,0
2021,8,5,716698629934481408,6149,Darius Slayton,WR,0,1,0
2021,8,5,716698629934481408,6789,Henry Ruggs,WR,0,0,0
2021,8,5,716698629934481408,7062,Rodrigo Blankenship,K,0,0,0
2021,8,6,736740647758938112,3321,Tyreek Hill,WR,27.4,1,0
2021,8,6,736740647758938112,4039,Cooper Kupp,WR,24.5,1,0
2021,8,6,736740647758938112,2320,Melvin Gordon,RB,19.2,1,0
2021,8,6,736740647758938112,5549,Darrel Williams,RB,17.0,1,0
2021,8,6,736740647758938112,96,Aaron Rodgers,QB,15.16,1,0
2021,8,6,736740647758938112,6768,Tua Tagovailoa,QB,13.2,1,0
2021,8,6,736740647758938112,LAR,Los Angeles Rams,DEF,12.5,1,0
2021,8,6,736740647758938112,4943,Sam Darnold,QB,11.76,0,0
2021,8,6,736740647758938112,1825,Jarvis Landry,WR,10.0,0,0
2021,8,6,736740647758938112,830,A.J. Green,WR,10.0,0,0
2021,8,6,736740647758938112,1067,Marvin Jones,WR,8.5,1,0
2021,8,6,736740647758938112,4227,Harrison Butker,K,8.0,1,0
2021,8,6,736740647758938112,4602,Robert Tonyan,TE,7.9,1,0
2021,8,6,736740647758938112,6989,Marquez Callaway,WR,6.0,0,0
2021,8,6,736740647758938112,5967,Tony Pollard,RB,3.7,0,0
2021,8,6,736740647758938112,2078,Odell Beckham,WR,1.6,0,0
2021,8,6,736740647758938112,3242,Kenyan Drake,RB,0,0,0
2021,8,6,736740647758938112,4217,George Kittle,TE,0,0,0
2021,8,6,736740647758938112,515,Rob Gronkowski,TE,0,0,0
2021,8,6,736740647758938112,5892,David Montgomery,RB,0,0,0
2021,8,7,735974647736213504,7607,Michael Carter,RB,32.2,1,0
2021,8,7,735974647736213504,3209,Devontae Booker,RB,17.5,0,0
2021,8,7,735974647736213504,5937,Diontae Johnson,WR,15.8,1,0
2021,8,7,735974647736213504,NO,New Orleans Saints,DEF,15.5,0,0
2021,8,7,735974647736213504,PIT,Pittsburgh Steelers,DEF,14.5,1,0
2021,8,7,735974647736213504,7523,Trevor Lawrence,QB,12.62,1,0
2021,8,7,735974647736213504,5272,Greg Joseph,K,12.0,1,0
2021,8,7,735974647736213504,6803,Brandon Aiyuk,WR,10.5,0,0
2021,8,7,735974647736213504,2306,Jameis Winston,QB,10.24,1,0
2021,8,7,735974647736213504,1426,DeAndre Hopkins,WR,8.6,1,0
2021,8,7,735974647736213504,6790,D'Andre Swift,RB,8.1,1,0
2021,8,7,735974647736213504,6828,AJ Dillon,RB,7.8,0,0
2021,8,7,735974647736213504,7526,Jaylen Waddle,WR,6.9,1,0
2021,8,7,735974647736213504,1466,Travis Kelce,TE,4.7,1,0
2021,8,7,735974647736213504,3199,Michael Thomas,WR,0,0,0
2021,8,7,735974647736213504,4082,Curtis Samuel,WR,0,0,0
2021,8,7,735974647736213504,4152,Marlon Mack,RB,0,0,0
2021,8,7,735974647736213504,4881,Lamar Jackson,QB,0,0,0
2021,8,7,735974647736213504,5848,Marquise Brown,WR,0,0,0
2021,8,7,735974647736213504,6820,Clyde Edwards-Helaire,RB,0,0,0
2021,8,8,736803054736822272,2374,Tyler Lockett,WR,26.2,0,0
2021,8,8,736803054736822272,421,Matthew Stafford,QB,24.2,1,0
2021,8,8,736803054736822272,4199,Aaron Jones,RB,24.0,1,0
2021,8,8,736803054736822272,3225,Tyler Boyd,WR,19.74,1,0
2021,8,8,736803054736822272,3664,J.D. McKissic,RB,17.3,0,0
2021,8,8,736803054736822272,928,Randall Cobb,WR,16.5,1,0
2021,8,8,736803054736822272,5890,Damien Harris,RB,14.0,1,0
2021,8,8,736803054736822272,4993,Mike Gesicki,TE,9.8,1,0
2021,8,8,736803054736822272,2711,Taylor Heinicke,QB,7.3,1,0
2021,8,8,736803054736822272,59,Mason Crosby,K,6.0,1,0
2021,8,8,736803054736822272,ARI,Arizona Cardinals,DEF,6.0,1,0
2021,8,8,736803054736822272,6794,Justin Jefferson,WR,4.1,1,0
2021,8,8,736803054736822272,TB,Tampa Bay Buccaneers,DEF,2.0,0,0
2021,8,8,736803054736822272,2028,Derek Carr,QB,0,0,0
2021,8,8,736803054736822272,2505,Darren Waller,TE,0,0,0
2021,8,8,736803054736822272,4036,Corey Davis,WR,0,0,0
2021,8,8,736803054736822272,4131,Kenny Golladay,WR,0,0,0
2021,8,8,736803054736822272,4273,Chris Carson,RB,0,0,0
2021,8,8,736803054736822272,5086,Marquez Valdes-Scantling,WR,0,0,0
2021,8,8,736803054736822272,947,Julio Jones,WR,0,0,0
2021,8,9,710284244835979264,2309,Amari Cooper,WR,25.2,1,0
2021,8,9,710284244835979264,4018,Joe Mixon,RB,25.1,1,0
2021,8,9,710284244835979264,5846,DK Metcalf,WR,22.3,1,0
2021,8,9,710284244835979264,5916,Darrell Henderson,RB,22.3,1,0
2021,8,9,710284244835979264,NE,New England Patriots,DEF,15.5,0,0
2021,8,9,710284244835979264,5870,Daniel Jones,QB,13.58,1,0
2021,8,9,710284244835979264,2431,Mike Davis,RB,11.6,0,0
2021,8,9,710284244835979264,4950,Christian Kirk,WR,8.6,0,0
2021,8,9,710284244835979264,5849,Kyler Murray,QB,7.06,1,0
2021,8,9,710284244835979264,3271,Tyler Higbee,TE,5.5,1,0
2021,8,9,710284244835979264,6955,James Robinson,RB,4.9,1,0
2021,8,9,710284244835979264,17,Matt Prater,K,3.0,1,0
2021,8,9,710284244835979264,2133,Davante Adams,WR,0,0,0
2021,8,9,710284244835979264,3423,Robbie Chosen,WR,0,0,0
2021,8,9,710284244835979264,5038,Michael Gallup,WR,0,0,0
2021,8,9,710284244835979264,5906,Dawson Knox,TE,0,0,0
2021,8,9,710284244835979264,7538,Zach Wilson,QB,0,0,0
2021,8,9,710284244835979264,827,Tyrod Taylor,QB,0,0,0
2021,8,9,710284244835979264,BAL,Baltimore Ravens,DEF,0,0,0
2021,8,9,710284244835979264,CHI,Chicago Bears,DEF,-3.0,1,0
2021,8,10,475399371639222272,4037,Chris Godwin,WR,28.0,1,0
2021,8,10,475399371639222272,167,Tom Brady,QB,24.2,1,0
2021,8,10,475399371639222272,7561,Elijah Mitchell,RB,19.7,0,0
2021,8,10,475399371639222272,6770,Joe Burrow,QB,17.76,1,0
2021,8,10,475399371639222272,4035,Alvin Kamara,RB,16.6,1,0
2021,8,10,475399371639222272,SEA,Seattle Seahawks,DEF,16.0,1,0
2021,8,10,475399371639222272,4137,James Conner,RB,14.2,0,0
2021,8,10,475399371639222272,6801,Tee Higgins,WR,13.7,0,0
2021,8,10,475399371639222272,7090,Darnell Mooney,WR,12.4,0,0
2021,8,10,475399371639222272,6845,Zack Moss,RB,11.8,0,0
2021,8,10,475399371639222272,3164,Ezekiel Elliott,RB,11.3,1,0
2021,8,10,475399371639222272,5917,Mecole Hardman,WR,11.3,0,0
2021,8,10,475399371639222272,GB,Green Bay Packers,DEF,9.5,0,0
2021,8,10,475399371639222272,1266,Greg Zuerlein,K,7.0,1,0
2021,8,10,475399371639222272,5045,Courtland Sutton,WR,6.0,1,0
2021,8,10,475399371639222272,367,Jared Cook,TE,4.5,1,0
2021,8,10,475399371639222272,2251,Logan Thomas,TE,0,0,0
2021,8,10,475399371639222272,4981,Calvin Ridley,WR,0,1,0
2021,8,10,475399371639222272,5248,Gus Edwards,RB,0,0,0
2021,9,1,608781531883859968,6813,Jonathan Taylor,RB,34.0,1,0
2021,9,1,608781531883859968,5980,Myles Gaskin,RB,15.7,1,0
2021,9,1,608781531883859968,6783,Jerry Jeudy,WR,12.9,0,0
2021,9,1,608781531883859968,1049,Ryan Tannehill,QB,12.52,1,0
2021,9,1,608781531883859968,184,Adrian Peterson,RB,9.6,0,0
2021,9,1,608781531883859968,DEN,Denver Broncos,DEF,9.5,0,0
2021,9,1,608781531883859968,7553,Kyle Pitts,TE,9.2,1,0
2021,9,1,608781531883859968,7564,Ja'Marr Chase,WR,8.9,1,0
2021,9,1,608781531883859968,1689,Adam Thielen,WR,8.6,1,0
2021,9,1,608781531883859968,4984,Josh Allen,QB,8.06,1,0
2021,9,1,608781531883859968,7042,Tyler Bass,K,7.0,1,0
2021,9,1,608781531883859968,IND,Indianapolis Colts,DEF,5.0,1,0
2021,9,1,608781531883859968,5947,Jakobi Meyers,WR,1.8,0,0
2021,9,1,608781531883859968,5987,Alexander Mattison,RB,1.3,0,0
2021,9,1,608781531883859968,7606,Kadarius Toney,WR,1.2,1,0
2021,9,1,608781531883859968,3969,Leonard Fournette,RB,0,0,0
2021,9,1,608781531883859968,536,Antonio Brown,WR,0,0,0
2021,9,1,608781531883859968,6870,Bryan Edwards,WR,0,0,0
2021,9,1,608781531883859968,6938,Cam Akers,RB,0,0,0
2021,9,1,608781531883859968,6945,Antonio Gibson,RB,0,0,0
2021,9,2,736077599457026048,24,Matt Ryan,QB,27.52,0,0
2021,9,2,736077599457026048,MIA,Miami Dolphins,DEF,22.0,1,0
2021,9,2,736077599457026048,5347,Nyheim Miller-Hines,RB,20.8,0,0
2021,9,2,736077599457026048,2152,Teddy Bridgewater,QB,19.86,0,0
2021,9,2,736077599457026048,5955,Hunter Renfrow,WR,16.9,0,0
2021,9,2,736077599457026048,7528,Najee Harris,RB,16.8,1,0
2021,9,2,736077599457026048,6819,Michael Pittman,WR,16.4,1,0
2021,9,2,736077599457026048,6083,Matt Gay,K,12.0,1,0
2021,9,2,736077599457026048,5872,Deebo Samuel,WR,11.3,1,0
2021,9,2,736077599457026048,7588,Javonte Williams,RB,11.1,1,0
2021,9,2,736077599457026048,4046,Patrick Mahomes,QB,9.94,1,0
2021,9,2,736077599457026048,5001,Dalton Schultz,TE,9.4,1,0
2021,9,2,736077599457026048,5859,A.J. Brown,WR,9.2,1,0
2021,9,2,736077599457026048,6786,CeeDee Lamb,WR,4.3,1,0
2021,9,2,736077599457026048,6753,Derrick Gore,RB,2.9,0,0
2021,9,2,736077599457026048,2319,DeVante Parker,WR,0,0,0
2021,9,2,736077599457026048,2749,Raheem Mostert,RB,0,0,0
2021,9,2,736077599457026048,4866,Saquon Barkley,RB,0,0,0
2021,9,2,736077599457026048,5844,T.J. Hockenson,TE,0,0,0
2021,9,3,737091087440674816,7596,Elijah Moore,WR,27.4,0,0
2021,9,3,737091087440674816,3161,Carson Wentz,QB,23.68,1,0
2021,9,3,737091087440674816,7525,DeVonta Smith,WR,22.6,0,0
2021,9,3,737091087440674816,1535,Cordarrelle Patterson,RB,18.6,1,0
2021,9,3,737091087440674816,4892,Baker Mayfield,QB,15.72,0,0
2021,9,3,737091087440674816,4029,Dalvin Cook,RB,15.2,1,0
2021,9,3,737091087440674816,2449,Stefon Diggs,WR,14.5,1,0
2021,9,3,737091087440674816,138,Ben Roethlisberger,QB,14.2,1,0
2021,9,3,737091087440674816,7571,Rashod Bateman,WR,10.2,0,0
2021,9,3,737091087440674816,5012,Mark Andrews,TE,9.4,1,0
2021,9,3,737091087440674816,4666,Younghoe Koo,K,9.0,1,0
2021,9,3,737091087440674816,4068,Mike Williams,WR,7.8,1,0
2021,9,3,737091087440674816,5022,Dallas Goedert,TE,7.3,0,0
2021,9,3,737091087440674816,4219,Jeremy McNichols,RB,6.5,0,0
2021,9,3,737091087440674816,LAC,Los Angeles Chargers,DEF,4.0,1,0
2021,9,3,737091087440674816,5000,Chase Edmonds,RB,0.3,1,0
2021,9,3,737091087440674816,1110,T.Y. Hilton,WR,0,0,0
2021,9,3,737091087440674816,1234,Russell Wilson,QB,0,0,0
2021,9,3,737091087440674816,6151,Miles Sanders,RB,0,0,0
2021,9,4,736744257179770880,6797,Justin Herbert,QB,32.14,1,0
2021,9,4,736744257179770880,1352,Robert Woods,WR,17.4,1,0
2021,9,4,736744257179770880,7591,Justin Fields,QB,16.64,0,0
2021,9,4,736744257179770880,6904,Jalen Hurts,QB,16.18,1,0
2021,9,4,736744257179770880,6130,Devin Singletary,RB,12.9,0,0
2021,9,4,736744257179770880,2197,Brandin Cooks,WR,11.6,1,0
2021,9,4,736744257179770880,4663,Austin Ekeler,RB,11.2,1,0
2021,9,4,736744257179770880,538,Emmanuel Sanders,WR,10.5,0,0
2021,9,4,736744257179770880,1264,Justin Tucker,K,10.0,1,0
2021,9,4,736744257179770880,3214,Hunter Henry,TE,9.9,1,0
2021,9,4,736744257179770880,6886,Chase Claypool,WR,7.3,1,0
2021,9,4,736744257179770880,6853,Van Jefferson,WR,7.1,0,0
2021,9,4,736744257179770880,6814,Laviska Shenault,WR,6.0,0,0
2021,9,4,736744257179770880,1339,Zach Ertz,TE,5.7,0,0
2021,9,4,736744257179770880,7608,Khalil Herbert,RB,1.3,1,0
2021,9,4,736744257179770880,CIN,Cincinnati Bengals,DEF,1.0,1,0
2021,9,4,736744257179770880,2216,Mike Evans,WR,0,0,0
2021,9,4,736744257179770880,3198,Derrick Henry,RB,0,0,0
2021,9,4,736744257179770880,4098,Kareem Hunt,RB,0,0,0
2021,9,5,716698629934481408,4988,Nick Chubb,RB,30.3,1,0
2021,9,5,716698629934481408,1479,Keenan Allen,WR,22.4,1,0
2021,9,5,716698629934481408,1166,Kirk Cousins,QB,21.58,1,0
2021,9,5,716698629934481408,CLE,Cleveland Browns,DEF,21.5,0,0
2021,9,5,716698629934481408,4351,Tim Patrick,WR,18.5,0,0
2021,9,5,716698629934481408,3294,Dak Prescott,QB,17.88,1,0
2021,9,5,716698629934481408,4034,Christian McCaffrey,RB,13.6,1,0
2021,9,5,716698629934481408,5850,Josh Jacobs,RB,13.5,1,0
2021,9,5,716698629934481408,BUF,Buffalo Bills,DEF,13.5,1,0
2021,9,5,716698629934481408,1144,Cole Beasley,WR,11.3,0,0
2021,9,5,716698629934481408,4741,Dan Arnold,TE,10.0,1,0
2021,9,5,716698629934481408,5230,Michael Badgley,K,9.0,1,0
2021,9,5,716698629934481408,4983,DJ Moore,WR,7.6,1,0
2021,9,5,716698629934481408,2391,David Johnson,RB,7.0,0,0
2021,9,5,716698629934481408,7527,Mac Jones,QB,4.96,0,0
2021,9,5,716698629934481408,7594,Chuba Hubbard,RB,4.6,0,0
2021,9,5,716698629934481408,5857,Noah Fant,TE,0,0,0
2021,9,5,716698629934481408,5927,Terry McLaurin,WR,0,0,0
2021,9,5,716698629934481408,6149,Darius Slayton,WR,0,0,0
2021,9,5,716698629934481408,7062,Rodrigo Blankenship,K,0,0,0
2021,9,6,736740647758938112,4039,Cooper Kupp,WR,20.5,1,0
2021,9,6,736740647758938112,4217,George Kittle,TE,20.1,0,0
2021,9,6,736740647758938112,2320,Melvin Gordon,RB,17.5,0,0
2021,9,6,736740647758938112,3242,Kenyan Drake,RB,16.0,1,0
2021,9,6,736740647758938112,4066,Evan Engram,TE,12.8,1,0
2021,9,6,736740647758938112,5549,Darrel Williams,RB,10.7,1,0
2021,9,6,736740647758938112,LAR,Los Angeles Rams,DEF,10.5,1,0
2021,9,6,736740647758938112,5892,David Montgomery,RB,10.0,0,0
2021,9,6,736740647758938112,4227,Harrison Butker,K,9.0,1,0
2021,9,6,736740647758938112,3321,Tyreek Hill,WR,7.3,1,0
2021,9,6,736740647758938112,5967,Tony Pollard,RB,5.3,0,0
2021,9,6,736740647758938112,1067,Marvin Jones,WR,5.1,0,0
2021,9,6,736740647758938112,1825,Jarvis Landry,WR,3.1,1,0
2021,9,6,736740647758938112,4381,Taysom Hill,TE,1.72,0,0
2021,9,6,736740647758938112,4943,Sam Darnold,QB,0.28,1,0
2021,9,6,736740647758938112,2078,Odell Beckham,WR,0,0,0
2021,9,6,736740647758938112,515,Rob Gronkowski,TE,0,0,0
2021,9,6,736740647758938112,6768,Tua Tagovailoa,QB,0,1,0
2021,9,6,736740647758938112,830,A.J. Green,WR,0,0,0
2021,9,6,736740647758938112,96,Aaron Rodgers,QB,0,0,0
2021,9,7,735974647736213504,4881,Lamar Jackson,QB,29.64,1,0
2021,9,7,735974647736213504,5848,Marquise Brown,WR,20.6,1,0
2021,9,7,735974647736213504,6803,Brandon Aiyuk,WR,18.7,0,0
2021,9,7,735974647736213504,1466,Travis Kelce,TE,17.8,1,0
2021,9,7,735974647736213504,7526,Jaylen Waddle,WR,16.3,1,0
2021,9,7,735974647736213504,3209,Devontae Booker,RB,15.2,1,0
2021,9,7,735974647736213504,6828,AJ Dillon,RB,13.0,0,0
2021,9,7,735974647736213504,5937,Diontae Johnson,WR,11.7,1,0
2021,9,7,735974647736213504,1992,Allen Robinson,WR,10.8,0,0
2021,9,7,735974647736213504,6804,Jordan Love,QB,10.4,1,0
2021,9,7,735974647736213504,7607,Michael Carter,RB,9.6,1,0
2021,9,7,735974647736213504,PIT,Pittsburgh Steelers,DEF,8.0,1,0
2021,9,7,735974647736213504,7601,Rondale Moore,WR,7.5,0,0
2021,9,7,735974647736213504,NO,New Orleans Saints,DEF,6.0,0,0
2021,9,7,735974647736213504,650,Nick Folk,K,5.0,1,0
2021,9,7,735974647736213504,7523,Trevor Lawrence,QB,4.12,0,0
2021,9,7,735974647736213504,1426,DeAndre Hopkins,WR,0,0,0
2021,9,7,735974647736213504,6790,D'Andre Swift,RB,0,0,0
2021,9,7,735974647736213504,6820,Clyde Edwards-Helaire,RB,0,0,0
2021,9,8,736803054736822272,6794,Justin Jefferson,WR,18.0,1,0
2021,9,8,736803054736822272,ARI,Arizona Cardinals,DEF,16.5,1,0
2021,9,8,736803054736822272,2505,Darren Waller,TE,16.2,1,0
2021,9,8,736803054736822272,421,Matthew Stafford,QB,11.06,1,0
2021,9,8,736803054736822272,2028,Derek Carr,QB,10.34,1,0
2021,9,8,736803054736822272,5890,Damien Harris,RB,10.3,1,0
2021,9,8,736803054736822272,4993,Mike Gesicki,TE,9.4,1,0
2021,9,8,736803054736822272,928,Randall Cobb,WR,8.0,0,0
2021,9,8,736803054736822272,947,Julio Jones,WR,7.5,1,0
2021,9,8,736803054736822272,4199,Aaron Jones,RB,5.3,1,0
2021,9,8,736803054736822272,4131,Kenny Golladay,WR,4.8,0,0
2021,9,8,736803054736822272,5086,Marquez Valdes-Scantling,WR,3.9,0,0
2021,9,8,736803054736822272,3225,Tyler Boyd,WR,2.1,0,0
2021,9,8,736803054736822272,2374,Tyler Lockett,WR,0,0,0
2021,9,8,736803054736822272,2711,Taylor Heinicke,QB,0,0,0
2021,9,8,736803054736822272,3664,J.D. McKissic,RB,0,0,0
2021,9,8,736803054736822272,4036,Corey Davis,WR,0,0,0
2021,9,8,736803054736822272,4273,Chris Carson,RB,0,0,0
2021,9,8,736803054736822272,TB,Tampa Bay Buccaneers,DEF,0,0,0
2021,9,8,736803054736822272,59,Mason Crosby,K,-1.0,1,0
2021,9,9,710284244835979264,4018,Joe Mixon,RB,28.0,1,0
2021,9,9,710284244835979264,NE,New England Patriots,DEF,25.5,1,0
2021,9,9,710284244835979264,4950,Christian Kirk,WR,16.42,1,0
2021,9,9,710284244835979264,2133,Davante Adams,WR,10.2,1,0
2021,9,9,710284244835979264,3271,Tyler Higbee,TE,10.1,1,0
2021,9,9,710284244835979264,5916,Darrell Henderson,RB,8.8,1,0
2021,9,9,710284244835979264,5870,Daniel Jones,QB,7.1,1,0
2021,9,9,710284244835979264,17,Matt Prater,K,7.0,1,0
2021,9,9,710284244835979264,2309,Amari Cooper,WR,5.7,1,0
2021,9,9,710284244835979264,827,Tyrod Taylor,QB,3.4,1,0
2021,9,9,710284244835979264,BAL,Baltimore Ravens,DEF,2.5,0,0
2021,9,9,710284244835979264,2431,Mike Davis,RB,1.8,0,0
2021,9,9,710284244835979264,3423,Robbie Chosen,WR,1.2,0,0
2021,9,9,710284244835979264,5038,Michael Gallup,WR,0,0,0
2021,9,9,710284244835979264,5846,DK Metcalf,WR,0,0,0
2021,9,9,710284244835979264,5849,Kyler Murray,QB,0,0,0
2021,9,9,710284244835979264,5906,Dawson Knox,TE,0,0,0
2021,9,9,710284244835979264,6955,James Robinson,RB,0,0,0
2021,9,9,710284244835979264,7538,Zach Wilson,QB,0,0,0
2021,9,10,475399371639222272,4137,James Conner,RB,39.3,0,0
2021,9,10,475399371639222272,7090,Darnell Mooney,WR,20.6,0,0
2021,9,10,475399371639222272,4035,Alvin Kamara,RB,20.4,1,0
2021,9,10,475399371639222272,1837,Jimmy Garoppolo,QB,17.34,1,0
2021,9,10,475399371639222272,6801,Tee Higgins,WR,13.8,1,0
2021,9,10,475399371639222272,7561,Elijah Mitchell,RB,12.9,0,0
2021,9,10,475399371639222272,3164,Ezekiel Elliott,RB,12.6,1,0
2021,9,10,475399371639222272,367,Jared Cook,TE,10.8,1,0
2021,9,10,475399371639222272,GB,Green Bay Packers,DEF,10.0,0,0
2021,9,10,475399371639222272,6845,Zack Moss,RB,4.4,1,0
2021,9,10,475399371639222272,6770,Joe Burrow,QB,4.38,1,0
2021,9,10,475399371639222272,5917,Mecole Hardman,WR,4.0,0,0
2021,9,10,475399371639222272,5045,Courtland Sutton,WR,3.9,1,0
2021,9,10,475399371639222272,DAL,Dallas Cowboys,DEF,3.5,1,0
2021,9,10,475399371639222272,1266,Greg Zuerlein,K,0,1,0
2021,9,10,475399371639222272,167,Tom Brady,QB,0,0,0
2021,9,10,475399371639222272,2251,Logan Thomas,TE,0,0,0
2021,9,10,475399371639222272,4037,Chris Godwin,WR,0,0,0
2021,9,10,475399371639222272,4981,Calvin Ridley,WR,0,0,0
2021,9,10,475399371639222272,5248,Gus Edwards,RB,0,0,0
2021,10,1,608781531883859968,6813,Jonathan Taylor,RB,24.6,1,0
2021,10,1,608781531883859968,IND,Indianapolis Colts,DEF,20.5,1,0
2021,10,1,608781531883859968,SF,San Francisco 49ers,DEF,20.5,0,0
2021,10,1,608781531883859968,4984,Josh Allen,QB,19.94,1,0
2021,10,1,608781531883859968,3969,Leonard Fournette,RB,17.2,1,0
2021,10,1,608781531883859968,1049,Ryan Tannehill,QB,16.62,1,0
2021,10,1,608781531883859968,5947,Jakobi Meyers,WR,14.9,0,0
2021,10,1,608781531883859968,6819,Michael Pittman,WR,12.1,1,0
2021,10,1,608781531883859968,1689,Adam Thielen,WR,11.5,1,0
2021,10,1,608781531883859968,6783,Jerry Jeudy,WR,10.1,1,0
2021,10,1,608781531883859968,7553,Kyle Pitts,TE,10.0,1,0
2021,10,1,608781531883859968,7042,Tyler Bass,K,9.0,1,0
2021,10,1,608781531883859968,NO,New Orleans Saints,DEF,7.0,0,0
2021,10,1,608781531883859968,5980,Myles Gaskin,RB,5.5,0,0
2021,10,1,608781531883859968,5987,Alexander Mattison,RB,5.0,0,0
2021,10,1,608781531883859968,184,Adrian Peterson,RB,3.0,0,0
2021,10,1,608781531883859968,5284,Jeff Wilson,RB,2.8,0,0
2021,10,1,608781531883859968,7564,Ja'Marr Chase,WR,0,0,0
2021,10,1,608781531883859968,7606,Kadarius Toney,WR,0,0,0
2021,10,2,736077599457026048,4046,Patrick Mahomes,QB,37.74,1,0
2021,10,2,736077599457026048,5872,Deebo Samuel,WR,30.3,1,0
2021,10,2,736077599457026048,6786,CeeDee Lamb,WR,28.6,1,0
2021,10,2,736077599457026048,6945,Antonio Gibson,RB,21.8,0,0
2021,10,2,736077599457026048,956,Mark Ingram,RB,20.8,1,0
2021,10,2,736077599457026048,5955,Hunter Renfrow,WR,17.6,0,0
2021,10,2,736077599457026048,7528,Najee Harris,RB,17.3,1,0
2021,10,2,736077599457026048,1034,Brandon Bolden,RB,10.0,0,0
2021,10,2,736077599457026048,2152,Teddy Bridgewater,QB,8.54,0,0
2021,10,2,736077599457026048,TEN,Tennessee Titans,DEF,8.0,1,0
2021,10,2,736077599457026048,7588,Javonte Williams,RB,6.9,0,0
2021,10,2,736077599457026048,6083,Matt Gay,K,4.0,1,0
2021,10,2,736077599457026048,5859,A.J. Brown,WR,3.3,1,0
2021,10,2,736077599457026048,5001,Dalton Schultz,TE,2.4,0,0
2021,10,2,736077599457026048,2319,DeVante Parker,WR,0,0,0
2021,10,2,736077599457026048,4066,Evan Engram,TE,0,0,0
2021,10,2,736077599457026048,4866,Saquon Barkley,RB,0,0,0
2021,10,2,736077599457026048,536,Antonio Brown,WR,0,0,0
2021,10,2,736077599457026048,5844,T.J. Hockenson,TE,0,1,0
2021,10,2,736077599457026048,6938,Cam Akers,RB,0,0,0
2021,10,2,736077599457026048,24,Matt Ryan,QB,-1.32,1,0
2021,10,3,737091087440674816,2449,Stefon Diggs,WR,30.2,1,0
2021,10,3,737091087440674816,7525,DeVonta Smith,WR,22.6,1,0
2021,10,3,737091087440674816,4029,Dalvin Cook,RB,20.8,1,0
2021,10,3,737091087440674816,5012,Mark Andrews,TE,18.3,1,0
2021,10,3,737091087440674816,7571,Rashod Bateman,WR,14.0,0,0
2021,10,3,737091087440674816,7596,Elijah Moore,WR,13.4,0,0
2021,10,3,737091087440674816,4068,Mike Williams,WR,7.3,1,0
2021,10,3,737091087440674816,LAC,Los Angeles Chargers,DEF,7.0,1,0
2021,10,3,737091087440674816,3161,Carson Wentz,QB,6.6,1,0
2021,10,3,737091087440674816,1535,Cordarrelle Patterson,RB,4.9,1,0
2021,10,3,737091087440674816,5022,Dallas Goedert,TE,4.8,0,0
2021,10,3,737091087440674816,1234,Russell Wilson,QB,4.14,1,0
2021,10,3,737091087440674816,4666,Younghoe Koo,K,3.0,1,0
2021,10,3,737091087440674816,4892,Baker Mayfield,QB,2.92,0,0
2021,10,3,737091087440674816,4219,Jeremy McNichols,RB,1.8,0,0
2021,10,3,737091087440674816,1110,T.Y. Hilton,WR,1.5,0,0
2021,10,3,737091087440674816,5000,Chase Edmonds,RB,0,0,0
2021,10,3,737091087440674816,6151,Miles Sanders,RB,0,0,0
2021,10,3,737091087440674816,7608,Khalil Herbert,RB,0,0,0
2021,10,4,736744257179770880,3214,Hunter Henry,TE,19.7,0,0
2021,10,4,736744257179770880,6904,Jalen Hurts,QB,16.62,1,0
2021,10,4,736744257179770880,4663,Austin Ekeler,RB,14.9,1,0
2021,10,4,736744257179770880,2216,Mike Evans,WR,14.2,1,0
2021,10,4,736744257179770880,6797,Justin Herbert,QB,11.0,1,0
2021,10,4,736744257179770880,6130,Devin Singletary,RB,10.9,1,0
2021,10,4,736744257179770880,1339,Zach Ertz,TE,8.6,1,0
2021,10,4,736744257179770880,6853,Van Jefferson,WR,8.4,0,0
2021,10,4,736744257179770880,DEN,Denver Broncos,DEF,7.5,1,0
2021,10,4,736744257179770880,538,Emmanuel Sanders,WR,7.1,1,0
2021,10,4,736744257179770880,6814,Laviska Shenault,WR,5.1,0,0
2021,10,4,736744257179770880,2410,Jamison Crowder,WR,5.0,0,0
2021,10,4,736744257179770880,1264,Justin Tucker,K,4.0,1,0
2021,10,4,736744257179770880,2197,Brandin Cooks,WR,0,0,0
2021,10,4,736744257179770880,3198,Derrick Henry,RB,0,0,0
2021,10,4,736744257179770880,4098,Kareem Hunt,RB,0,0,0
2021,10,4,736744257179770880,5110,Russell Gage,WR,0,1,0
2021,10,4,736744257179770880,6886,Chase Claypool,WR,0,0,0
2021,10,4,736744257179770880,7591,Justin Fields,QB,0,0,0
2021,10,5,716698629934481408,3294,Dak Prescott,QB,26.34,1,0
2021,10,5,716698629934481408,4034,Christian McCaffrey,RB,26.1,1,0
2021,10,5,716698629934481408,7527,Mac Jones,QB,18.92,0,0
2021,10,5,716698629934481408,1479,Keenan Allen,WR,17.8,1,0
2021,10,5,716698629934481408,1166,Kirk Cousins,QB,16.96,1,0
2021,10,5,716698629934481408,BUF,Buffalo Bills,DEF,15.0,1,0
2021,10,5,716698629934481408,5927,Terry McLaurin,WR,11.9,1,0
2021,10,5,716698629934481408,5230,Michael Badgley,K,11.0,1,0
2021,10,5,716698629934481408,5857,Noah Fant,TE,10.9,1,0
2021,10,5,716698629934481408,7594,Chuba Hubbard,RB,8.7,0,0
2021,10,5,716698629934481408,5850,Josh Jacobs,RB,8.6,1,0
2021,10,5,716698629934481408,3306,Jordan Howard,RB,8.3,0,0
2021,10,5,716698629934481408,4983,DJ Moore,WR,6.4,1,0
2021,10,5,716698629934481408,4351,Tim Patrick,WR,4.4,0,0
2021,10,5,716698629934481408,1144,Cole Beasley,WR,3.5,0,0
2021,10,5,716698629934481408,6824,Donovan Peoples-Jones,WR,2.6,0,0
2021,10,5,716698629934481408,6951,Eno Benjamin,RB,2.2,0,0
2021,10,5,716698629934481408,4988,Nick Chubb,RB,0,0,0
2021,10,5,716698629934481408,7062,Rodrigo Blankenship,K,0,0,0
2021,10,5,716698629934481408,CLE,Cleveland Browns,DEF,-3.5,0,0
2021,10,6,736740647758938112,5549,Darrel Williams,RB,29.4,1,0
2021,10,6,736740647758938112,3321,Tyreek Hill,WR,26.5,1,0
2021,10,6,736740647758938112,4039,Cooper Kupp,WR,23.2,1,0
2021,10,6,736740647758938112,CAR,Carolina Panthers,DEF,18.5,0,0
2021,10,6,736740647758938112,4217,George Kittle,TE,16.0,1,0
2021,10,6,736740647758938112,5967,Tony Pollard,RB,15.8,0,0
2021,10,6,736740647758938112,4227,Harrison Butker,K,11.0,1,0
2021,10,6,736740647758938112,6768,Tua Tagovailoa,QB,10.82,0,0
2021,10,6,736740647758938112,2320,Melvin Gordon,RB,9.3,0,0
2021,10,6,736740647758938112,96,Aaron Rodgers,QB,8.98,1,0
2021,10,6,736740647758938112,1825,Jarvis Landry,WR,6.6,1,0
2021,10,6,736740647758938112,3327,Alex Collins,RB,5.9,1,0
2021,10,6,736740647758938112,1067,Marvin Jones,WR,5.5,1,0
2021,10,6,736740647758938112,3242,Kenyan Drake,RB,5.1,0,0
2021,10,6,736740647758938112,2078,Odell Beckham,WR,3.8,0,0
2021,10,6,736740647758938112,LAR,Los Angeles Rams,DEF,3.5,1,0
2021,10,6,736740647758938112,830,A.J. Green,WR,1.4,0,0
2021,10,6,736740647758938112,515,Rob Gronkowski,TE,0,0,0
2021,10,6,736740647758938112,5892,David Montgomery,RB,0,0,0
2021,10,7,735974647736213504,6828,AJ Dillon,RB,26.8,0,0
2021,10,7,735974647736213504,6694,D'Ernest Johnson,RB,21.7,1,0
2021,10,7,735974647736213504,PHI,Philadelphia Eagles,DEF,21.0,0,0
2021,10,7,735974647736213504,1466,Travis Kelce,TE,19.9,1,0
2021,10,7,735974647736213504,7607,Michael Carter,RB,18.2,0,0
2021,10,7,735974647736213504,6790,D'Andre Swift,RB,16.5,1,0
2021,10,7,735974647736213504,4881,Lamar Jackson,QB,13.92,1,0
2021,10,7,735974647736213504,5937,Diontae Johnson,WR,13.3,1,0
2021,10,7,735974647736213504,954,Cam Newton,QB,11.72,0,0
2021,10,7,735974647736213504,7526,Jaylen Waddle,WR,10.1,1,0
2021,10,7,735974647736213504,PIT,Pittsburgh Steelers,DEF,10.0,1,0
2021,10,7,735974647736213504,650,Nick Folk,K,9.0,1,0
2021,10,7,735974647736213504,5848,Marquise Brown,WR,8.7,1,0
2021,10,7,735974647736213504,7523,Trevor Lawrence,QB,7.28,1,0
2021,10,7,735974647736213504,6803,Brandon Aiyuk,WR,5.6,0,0
2021,10,7,735974647736213504,1426,DeAndre Hopkins,WR,0,0,0
2021,10,7,735974647736213504,1992,Allen Robinson,WR,0,0,0
2021,10,7,735974647736213504,3209,Devontae Booker,RB,0,0,0
2021,10,7,735974647736213504,6820,Clyde Edwards-Helaire,RB,0,0,0
2021,10,8,736803054736822272,6794,Justin Jefferson,WR,22.9,1,0
2021,10,8,736803054736822272,2028,Derek Carr,QB,17.74,1,0
2021,10,8,736803054736822272,2711,Taylor Heinicke,QB,13.74,0,0
2021,10,8,736803054736822272,4199,Aaron Jones,RB,12.6,1,0
2021,10,8,736803054736822272,4036,Corey Davis,WR,12.3,0,0
2021,10,8,736803054736822272,TB,Tampa Bay Buccaneers,DEF,10.0,0,0
2021,10,8,736803054736822272,421,Matthew Stafford,QB,9.32,1,0
2021,10,8,736803054736822272,3664,J.D. McKissic,RB,7.9,1,0
2021,10,8,736803054736822272,ARI,Arizona Cardinals,DEF,6.5,1,0
2021,10,8,736803054736822272,2505,Darren Waller,TE,6.4,1,0
2021,10,8,736803054736822272,928,Randall Cobb,WR,5.1,0,0
2021,10,8,736803054736822272,2374,Tyler Lockett,WR,4.3,1,0
2021,10,8,736803054736822272,59,Mason Crosby,K,4.0,1,0
2021,10,8,736803054736822272,3225,Tyler Boyd,WR,0,0,0
2021,10,8,736803054736822272,4131,Kenny Golladay,WR,0,0,0
2021,10,8,736803054736822272,4273,Chris Carson,RB,0,0,0
2021,10,8,736803054736822272,4993,Mike Gesicki,TE,0,1,0
2021,10,8,736803054736822272,5890,Damien Harris,RB,0,0,0
2021,10,8,736803054736822272,947,Julio Jones,WR,0,0,0
2021,10,9,710284244835979264,6955,James Robinson,RB,18.4,1,0
2021,10,9,710284244835979264,NE,New England Patriots,DEF,16.5,0,0
2021,10,9,710284244835979264,2133,Davante Adams,WR,14.8,1,0
2021,10,9,710284244835979264,4950,Christian Kirk,WR,12.8,0,0
2021,10,9,710284244835979264,3271,Tyler Higbee,TE,11.0,0,0
2021,10,9,710284244835979264,BAL,Baltimore Ravens,DEF,10.0,1,0
2021,10,9,710284244835979264,2309,Amari Cooper,WR,9.1,1,0
2021,10,9,710284244835979264,5916,Darrell Henderson,RB,8.1,1,0
2021,10,9,710284244835979264,5038,Michael Gallup,WR,7.2,0,0
2021,10,9,710284244835979264,7600,Pat Freiermuth,TE,6.1,0,0
2021,10,9,710284244835979264,5846,DK Metcalf,WR,5.6,1,0
2021,10,9,710284244835979264,17,Matt Prater,K,5.0,1,0
2021,10,9,710284244835979264,5906,Dawson Knox,TE,2.7,1,0
2021,10,9,710284244835979264,2431,Mike Davis,RB,1.8,0,0
2021,10,9,710284244835979264,5089,Mike White,QB,1.54,1,0
2021,10,9,710284244835979264,4018,Joe Mixon,RB,0,0,0
2021,10,9,710284244835979264,5849,Kyler Murray,QB,0,0,0
2021,10,9,710284244835979264,5870,Daniel Jones,QB,0,0,0
2021,10,9,710284244835979264,533,Colt McCoy,QB,-0.82,1,0
2021,10,10,475399371639222272,DAL,Dallas Cowboys,DEF,29.5,1,0
2021,10,10,475399371639222272,GB,Green Bay Packers,DEF,21.5,0,0
2021,10,10,475399371639222272,3164,Ezekiel Elliott,RB,20.76,1,0
2021,10,10,475399371639222272,4137,James Conner,RB,15.4,1,0
2021,10,10,475399371639222272,1837,Jimmy Garoppolo,QB,14.88,1,0
2021,10,10,475399371639222272,167,Tom Brady,QB,13.0,1,0
2021,10,10,475399371639222272,4037,Chris Godwin,WR,12.7,1,0
2021,10,10,475399371639222272,7561,Elijah Mitchell,RB,9.1,1,0
2021,10,10,475399371639222272,6845,Zack Moss,RB,8.7,0,0
2021,10,10,475399371639222272,5917,Mecole Hardman,WR,5.0,0,0
2021,10,10,475399371639222272,5045,Courtland Sutton,WR,4.9,1,0
2021,10,10,475399371639222272,367,Jared Cook,TE,2.0,1,0
2021,10,10,475399371639222272,5095,Daniel Carlson,K,2.0,1,0
2021,10,10,475399371639222272,2251,Logan Thomas,TE,0,0,0
2021,10,10,475399371639222272,4035,Alvin Kamara,RB,0,0,0
2021,10,10,475399371639222272,4981,Calvin Ridley,WR,0,0,0
2021,10,10,475399371639222272,5248,Gus Edwards,RB,0,0,0
2021,10,10,475399371639222272,6770,Joe Burrow,QB,0,0,0
2021,10,10,475399371639222272,6801,Tee Higgins,WR,0,0,0
2021,10,10,475399371639222272,7090,Darnell Mooney,WR,0,0,0
2021,11,1,608781531883859968,6813,Jonathan Taylor,RB,53.4,1,0
2021,11,1,608781531883859968,1689,Adam Thielen,WR,22.2,1,0
2021,11,1,608781531883859968,2711,Taylor Heinicke,QB,20.64,0,0
2021,11,1,608781531883859968,5980,Myles Gaskin,RB,18.6,0,0
2021,11,1,608781531883859968,SF,San Francisco 49ers,DEF,15.0,1,0
2021,11,1,608781531883859968,4984,Josh Allen,QB,14.66,1,0
2021,11,1,608781531883859968,3969,Leonard Fournette,RB,13.4,1,0
2021,11,1,608781531883859968,7564,Ja'Marr Chase,WR,13.0,1,0
2021,11,1,608781531883859968,IND,Indianapolis Colts,DEF,12.5,0,0
2021,11,1,608781531883859968,7606,Kadarius Toney,WR,11.0,0,0
2021,11,1,608781531883859968,5947,Jakobi Meyers,WR,7.9,0,0
2021,11,1,608781531883859968,1049,Ryan Tannehill,QB,6.72,1,0
2021,11,1,608781531883859968,7553,Kyle Pitts,TE,5.9,1,0
2021,11,1,608781531883859968,5284,Jeff Wilson,RB,5.8,1,0
2021,11,1,608781531883859968,6819,Michael Pittman,WR,4.3,0,0
2021,11,1,608781531883859968,5987,Alexander Mattison,RB,0.5,0,0
2021,11,1,608781531883859968,6783,Jerry Jeudy,WR,0,0,0
2021,11,1,608781531883859968,7042,Tyler Bass,K,-1.0,1,0
2021,11,2,736077599457026048,7528,Najee Harris,RB,16.9,1,0
2021,11,2,736077599457026048,5872,Deebo Samuel,WR,16.4,1,0
2021,11,2,736077599457026048,956,Mark Ingram,RB,15.3,1,0
2021,11,2,736077599457026048,1837,Jimmy Garoppolo,QB,14.64,1,0
2021,11,2,736077599457026048,391,Ryan Succop,K,13.0,1,0
2021,11,2,736077599457026048,4866,Saquon Barkley,RB,11.6,0,0
2021,11,2,736077599457026048,5001,Dalton Schultz,TE,11.3,1,0
2021,11,2,736077599457026048,5844,T.J. Hockenson,TE,11.1,0,0
2021,11,2,736077599457026048,5859,A.J. Brown,WR,9.8,1,0
2021,11,2,736077599457026048,5955,Hunter Renfrow,WR,7.5,0,0
2021,11,2,736077599457026048,6945,Antonio Gibson,RB,7.5,0,0
2021,11,2,736077599457026048,TEN,Tennessee Titans,DEF,7.0,1,0
2021,11,2,736077599457026048,4046,Patrick Mahomes,QB,6.0,1,0
2021,11,2,736077599457026048,6786,CeeDee Lamb,WR,4.4,1,0
2021,11,2,736077599457026048,24,Matt Ryan,QB,0.12,0,0
2021,11,2,736077599457026048,2152,Teddy Bridgewater,QB,0,0,0
2021,11,2,736077599457026048,536,Antonio Brown,WR,0,0,0
2021,11,2,736077599457026048,6083,Matt Gay,K,0,0,0
2021,11,2,736077599457026048,6938,Cam Akers,RB,0,0,0
2021,11,2,736077599457026048,7588,Javonte Williams,RB,0,0,0
2021,11,3,737091087440674816,7596,Elijah Moore,WR,30.6,0,0
2021,11,3,737091087440674816,4029,Dalvin Cook,RB,22.5,1,0
2021,11,3,737091087440674816,4068,Mike Williams,WR,21.7,1,0
2021,11,3,737091087440674816,2449,Stefon Diggs,WR,18.3,1,0
2021,11,3,737091087440674816,5012,Mark Andrews,TE,15.3,1,0
2021,11,3,737091087440674816,5022,Dallas Goedert,TE,11.2,0,0
2021,11,3,737091087440674816,7525,DeVonta Smith,WR,10.1,1,0
2021,11,3,737091087440674816,3161,Carson Wentz,QB,9.04,0,0
2021,11,3,737091087440674816,4892,Baker Mayfield,QB,7.44,1,0
2021,11,3,737091087440674816,6151,Miles Sanders,RB,7.4,0,0
2021,11,3,737091087440674816,7571,Rashod Bateman,WR,5.9,0,0
2021,11,3,737091087440674816,1110,T.Y. Hilton,WR,4.6,0,0
2021,11,3,737091087440674816,1234,Russell Wilson,QB,4.48,1,0
2021,11,3,737091087440674816,LAC,Los Angeles Chargers,DEF,2.5,1,0
2021,11,3,737091087440674816,1535,Cordarrelle Patterson,RB,0,0,0
2021,11,3,737091087440674816,4219,Jeremy McNichols,RB,0,0,0
2021,11,3,737091087440674816,5000,Chase Edmonds,RB,0,0,0
2021,11,3,737091087440674816,7608,Khalil Herbert,RB,0,0,0
2021,11,3,737091087440674816,4150,Wayne Gallman,RB,-0.3,1,0
2021,11,3,737091087440674816,4666,Younghoe Koo,K,-1.0,1,0
2021,11,4,736744257179770880,4663,Austin Ekeler,RB,41.5,1,0
2021,11,4,736744257179770880,6797,Justin Herbert,QB,33.78,1,0
2021,11,4,736744257179770880,6904,Jalen Hurts,QB,29.28,1,0
2021,11,4,736744257179770880,1339,Zach Ertz,TE,28.8,0,0
2021,11,4,736744257179770880,2216,Mike Evans,WR,20.3,1,0
2021,11,4,736744257179770880,2168,Devonta Freeman,RB,20.0,0,0
2021,11,4,736744257179770880,6886,Chase Claypool,WR,14.4,1,0
2021,11,4,736744257179770880,1264,Justin Tucker,K,11.0,1,0
2021,11,4,736744257179770880,5110,Russell Gage,WR,9.9,0,0
2021,11,4,736744257179770880,6814,Laviska Shenault,WR,8.0,0,0
2021,11,4,736744257179770880,6130,Devin Singletary,RB,7.3,0,0
2021,11,4,736744257179770880,538,Emmanuel Sanders,WR,5.6,0,0
2021,11,4,736744257179770880,4111,D'Onta Foreman,RB,5.0,1,0
2021,11,4,736744257179770880,WAS,Washington Commanders,DEF,5.0,1,0
2021,11,4,736744257179770880,3214,Hunter Henry,TE,4.5,1,0
2021,11,4,736744257179770880,2197,Brandin Cooks,WR,3.8,1,0
2021,11,4,736744257179770880,5347,Nyheim Miller-Hines,RB,3.1,0,0
2021,11,4,736744257179770880,7591,Justin Fields,QB,2.46,0,0
2021,11,4,736744257179770880,3198,Derrick Henry,RB,0,0,0
2021,11,4,736744257179770880,4098,Kareem Hunt,RB,0,0,0
2021,11,4,736744257179770880,6853,Van Jefferson,WR,0,0,0
2021,11,5,716698629934481408,4034,Christian McCaffrey,RB,24.9,1,0
2021,11,5,716698629934481408,1166,Kirk Cousins,QB,23.24,1,0
2021,11,5,716698629934481408,4988,Nick Chubb,RB,22.4,1,0
2021,11,5,716698629934481408,5927,Terry McLaurin,WR,21.3,1,0
2021,11,5,716698629934481408,1479,Keenan Allen,WR,20.2,1,0
2021,11,5,716698629934481408,4983,DJ Moore,WR,16.0,1,0
2021,11,5,716698629934481408,CLE,Cleveland Browns,DEF,12.0,1,0
2021,11,5,716698629934481408,5850,Josh Jacobs,RB,11.1,0,0
2021,11,5,716698629934481408,5230,Michael Badgley,K,11.0,1,0
2021,11,5,716698629934481408,7527,Mac Jones,QB,8.88,0,0
2021,11,5,716698629934481408,1144,Cole Beasley,WR,6.3,0,0
2021,11,5,716698629934481408,4351,Tim Patrick,WR,0,0,0
2021,11,5,716698629934481408,4741,Dan Arnold,TE,0,1,0
2021,11,5,716698629934481408,5857,Noah Fant,TE,0,0,0
2021,11,5,716698629934481408,6824,Donovan Peoples-Jones,WR,0,0,0
2021,11,5,716698629934481408,7062,Rodrigo Blankenship,K,0,0,0
2021,11,5,716698629934481408,7594,Chuba Hubbard,RB,0,0,0
2021,11,5,716698629934481408,3294,Dak Prescott,QB,-0.36,1,0
2021,11,5,716698629934481408,BUF,Buffalo Bills,DEF,-3.0,0,0
2021,11,6,736740647758938112,96,Aaron Rodgers,QB,31.5,1,0
2021,11,6,736740647758938112,138,Ben Roethlisberger,QB,20.92,0,0
2021,11,6,736740647758938112,3321,Tyreek Hill,WR,20.0,1,0
2021,11,6,736740647758938112,6768,Tua Tagovailoa,QB,18.02,1,0
2021,11,6,736740647758938112,1825,Jarvis Landry,WR,14.2,1,0
2021,11,6,736740647758938112,4217,George Kittle,TE,13.4,1,0
2021,11,6,736740647758938112,515,Rob Gronkowski,TE,13.1,0,0
2021,11,6,736740647758938112,830,A.J. Green,WR,11.8,1,0
2021,11,6,736740647758938112,5967,Tony Pollard,RB,9.0,0,0
2021,11,6,736740647758938112,CAR,Carolina Panthers,DEF,9.0,1,0
2021,11,6,736740647758938112,5892,David Montgomery,RB,7.7,1,0
2021,11,6,736740647758938112,4227,Harrison Butker,K,7.0,1,0
2021,11,6,736740647758938112,5549,Darrel Williams,RB,3.6,1,0
2021,11,6,736740647758938112,3242,Kenyan Drake,RB,2.9,0,0
2021,11,6,736740647758938112,2078,Odell Beckham,WR,0,0,0
2021,11,6,736740647758938112,2320,Melvin Gordon,RB,0,0,0
2021,11,6,736740647758938112,4039,Cooper Kupp,WR,0,0,0
2021,11,6,736740647758938112,LAR,Los Angeles Rams,DEF,0,0,0
2021,11,7,735974647736213504,954,Cam Newton,QB,25.66,1,0
2021,11,7,735974647736213504,6790,D'Andre Swift,RB,23.6,1,0
2021,11,7,735974647736213504,5937,Diontae Johnson,WR,23.1,1,0
2021,11,7,735974647736213504,6803,Brandon Aiyuk,WR,21.5,0,0
2021,11,7,735974647736213504,7526,Jaylen Waddle,WR,20.6,1,0
2021,11,7,735974647736213504,1466,Travis Kelce,TE,18.8,1,0
2021,11,7,735974647736213504,6828,AJ Dillon,RB,15.7,1,0
2021,11,7,735974647736213504,6820,Clyde Edwards-Helaire,RB,15.6,0,0
2021,11,7,735974647736213504,PHI,Philadelphia Eagles,DEF,15.5,1,0
2021,11,7,735974647736213504,650,Nick Folk,K,15.0,1,0
2021,11,7,735974647736213504,7607,Michael Carter,RB,7.5,1,0
2021,11,7,735974647736213504,7523,Trevor Lawrence,QB,7.12,1,0
2021,11,7,735974647736213504,3209,Devontae Booker,RB,3.0,0,0
2021,11,7,735974647736213504,6694,D'Ernest Johnson,RB,2.6,0,0
2021,11,7,735974647736213504,1426,DeAndre Hopkins,WR,0,0,0
2021,11,7,735974647736213504,1992,Allen Robinson,WR,0,0,0
2021,11,7,735974647736213504,4881,Lamar Jackson,QB,0,0,0
2021,11,7,735974647736213504,5848,Marquise Brown,WR,0,0,0
2021,11,7,735974647736213504,PIT,Pittsburgh Steelers,DEF,0,0,0
2021,11,8,736803054736822272,6794,Justin Jefferson,WR,37.2,1,0
2021,11,8,736803054736822272,2549,Trevor Siemian,QB,24.16,1,0
2021,11,8,736803054736822272,2505,Darren Waller,TE,18.6,1,0
2021,11,8,736803054736822272,TB,Tampa Bay Buccaneers,DEF,17.0,1,0
2021,11,8,736803054736822272,2374,Tyler Lockett,WR,15.5,1,0
2021,11,8,736803054736822272,ARI,Arizona Cardinals,DEF,12.0,0,0
2021,11,8,736803054736822272,1266,Greg Zuerlein,K,10.0,1,0
2021,11,8,736803054736822272,4993,Mike Gesicki,TE,10.0,1,0
2021,11,8,736803054736822272,2028,Derek Carr,QB,7.6,1,0
2021,11,8,736803054736822272,5890,Damien Harris,RB,7.5,1,0
2021,11,8,736803054736822272,4036,Corey Davis,WR,6.5,0,0
2021,11,8,736803054736822272,3664,J.D. McKissic,RB,6.0,1,0
2021,11,8,736803054736822272,928,Randall Cobb,WR,2.5,0,0
2021,11,8,736803054736822272,4131,Kenny Golladay,WR,2.2,0,0
2021,11,8,736803054736822272,4199,Aaron Jones,RB,0,0,0
2021,11,8,736803054736822272,421,Matthew Stafford,QB,0,0,0
2021,11,8,736803054736822272,4273,Chris Carson,RB,0,0,0
2021,11,8,736803054736822272,947,Julio Jones,WR,0,0,0
2021,11,9,710284244835979264,NE,New England Patriots,DEF,33.5,1,0
2021,11,9,710284244835979264,2133,Davante Adams,WR,30.5,1,0
2021,11,9,710284244835979264,4018,Joe Mixon,RB,24.3,1,0
2021,11,9,710284244835979264,533,Colt McCoy,QB,19.42,0,0
2021,11,9,710284244835979264,5906,Dawson Knox,TE,14.0,1,0
2021,11,9,710284244835979264,BAL,Baltimore Ravens,DEF,12.0,0,0
2021,11,9,710284244835979264,6955,James Robinson,RB,11.8,1,0
2021,11,9,710284244835979264,7600,Pat Freiermuth,TE,11.1,0,0
2021,11,9,710284244835979264,5038,Michael Gallup,WR,9.4,1,0
2021,11,9,710284244835979264,5846,DK Metcalf,WR,7.1,1,0
2021,11,9,710284244835979264,5870,Daniel Jones,QB,6.68,1,0
2021,11,9,710284244835979264,2431,Mike Davis,RB,5.1,0,0
2021,11,9,710284244835979264,4950,Christian Kirk,WR,4.5,1,0
2021,11,9,710284244835979264,17,Matt Prater,K,4.0,1,0
2021,11,9,710284244835979264,2309,Amari Cooper,WR,0,0,0
2021,11,9,710284244835979264,3271,Tyler Higbee,TE,0,0,0
2021,11,9,710284244835979264,5849,Kyler Murray,QB,0,0,0
2021,11,9,710284244835979264,5916,Darrell Henderson,RB,0,0,0
2021,11,10,475399371639222272,7090,Darnell Mooney,WR,24.1,1,0
2021,11,10,475399371639222272,4137,James Conner,RB,20.9,1,0
2021,11,10,475399371639222272,167,Tom Brady,QB,19.78,1,0
2021,11,10,475399371639222272,4037,Chris Godwin,WR,19.2,1,0
2021,11,10,475399371639222272,3164,Ezekiel Elliott,RB,12.8,1,0
2021,11,10,475399371639222272,DAL,Dallas Cowboys,DEF,11.0,0,0
2021,11,10,475399371639222272,7611,Rhamondre Stevenson,RB,8.5,0,0
2021,11,10,475399371639222272,5095,Daniel Carlson,K,8.0,1,0
2021,11,10,475399371639222272,6770,Joe Burrow,QB,7.52,1,0
2021,11,10,475399371639222272,MIA,Miami Dolphins,DEF,7.5,1,0
2021,11,10,475399371639222272,367,Jared Cook,TE,5.8,1,0
2021,11,10,475399371639222272,5917,Mecole Hardman,WR,4.5,0,0
2021,11,10,475399371639222272,6801,Tee Higgins,WR,3.5,1,0
2021,11,10,475399371639222272,6845,Zack Moss,RB,0.5,0,0
2021,11,10,475399371639222272,2251,Logan Thomas,TE,0,0,0
2021,11,10,475399371639222272,4035,Alvin Kamara,RB,0,0,0
2021,11,10,475399371639222272,4981,Calvin Ridley,WR,0,0,0
2021,11,10,475399371639222272,5045,Courtland Sutton,WR,0,0,0
2021,11,10,475399371639222272,5248,Gus Edwards,RB,0,0,0
2021,11,10,475399371639222272,7561,Elijah Mitchell,RB,0,0,0
2021,12,1,608781531883859968,3969,Leonard Fournette,RB,44.1,1,0
2021,12,1,608781531883859968,4984,Josh Allen,QB,25.7,1,0
2021,12,1,608781531883859968,1689,Adam Thielen,WR,23.2,1,0
2021,12,1,608781531883859968,6813,Jonathan Taylor,RB,19.7,1,0
2021,12,1,608781531883859968,5980,Myles Gaskin,RB,19.2,0,0
2021,12,1,608781531883859968,2711,Taylor Heinicke,QB,11.22,1,0
2021,12,1,608781531883859968,SF,San Francisco 49ers,DEF,10.0,1,0
2021,12,1,608781531883859968,6819,Michael Pittman,WR,9.3,1,0
2021,12,1,608781531883859968,7042,Tyler Bass,K,7.0,1,0
2021,12,1,608781531883859968,7564,Ja'Marr Chase,WR,6.9,1,0
2021,12,1,608781531883859968,1049,Ryan Tannehill,QB,6.12,0,0
2021,12,1,608781531883859968,IND,Indianapolis Colts,DEF,6.0,0,0
2021,12,1,608781531883859968,7553,Kyle Pitts,TE,4.6,1,0
2021,12,1,608781531883859968,6783,Jerry Jeudy,WR,4.5,0,0
2021,12,1,608781531883859968,3327,Alex Collins,RB,1.7,0,0
2021,12,1,608781531883859968,5284,Jeff Wilson,RB,1.7,0,0
2021,12,1,608781531883859968,642,Golden Tate,WR,0,0,0
2021,12,1,608781531883859968,7606,Kadarius Toney,WR,0,0,0
2021,12,2,736077599457026048,6945,Antonio Gibson,RB,23.6,1,0
2021,12,2,736077599457026048,5955,Hunter Renfrow,WR,21.6,0,0
2021,12,2,736077599457026048,5872,Deebo Samuel,WR,20.8,1,0
2021,12,2,736077599457026048,7588,Javonte Williams,RB,20.1,0,0
2021,12,2,736077599457026048,2152,Teddy Bridgewater,QB,16.16,1,0
2021,12,2,736077599457026048,5001,Dalton Schultz,TE,15.6,1,0
2021,12,2,736077599457026048,5947,Jakobi Meyers,WR,14.8,1,0
2021,12,2,736077599457026048,5844,T.J. Hockenson,TE,12.5,0,0
2021,12,2,736077599457026048,HOU,Houston Texans,DEF,12.0,1,0
2021,12,2,736077599457026048,1837,Jimmy Garoppolo,QB,10.2,1,0
2021,12,2,736077599457026048,4866,Saquon Barkley,RB,9.3,1,0
2021,12,2,736077599457026048,2378,Tevin Coleman,RB,9.0,0,0
2021,12,2,736077599457026048,6083,Matt Gay,K,8.0,1,0
2021,12,2,736077599457026048,7528,Najee Harris,RB,6.7,1,0
2021,12,2,736077599457026048,4046,Patrick Mahomes,QB,0,0,0
2021,12,2,736077599457026048,536,Antonio Brown,WR,0,0,0
2021,12,2,736077599457026048,5859,A.J. Brown,WR,0,0,0
2021,12,2,736077599457026048,6786,CeeDee Lamb,WR,0,0,0
2021,12,2,736077599457026048,6938,Cam Akers,RB,0,0,0
2021,12,2,736077599457026048,956,Mark Ingram,RB,0,0,0
2021,12,3,737091087440674816,1535,Cordarrelle Patterson,RB,27.5,1,0
2021,12,3,737091087440674816,2449,Stefon Diggs,WR,20.4,1,0
2021,12,3,737091087440674816,3161,Carson Wentz,QB,19.34,1,0
2021,12,3,737091087440674816,1234,Russell Wilson,QB,18.48,1,0
2021,12,3,737091087440674816,5012,Mark Andrews,TE,16.5,1,0
2021,12,3,737091087440674816,4029,Dalvin Cook,RB,14.3,1,0
2021,12,3,737091087440674816,1110,T.Y. Hilton,WR,12.8,0,0
2021,12,3,737091087440674816,4892,Baker Mayfield,QB,11.28,0,0
2021,12,3,737091087440674816,7596,Elijah Moore,WR,9.3,1,0
2021,12,3,737091087440674816,4068,Mike Williams,WR,7.9,0,0
2021,12,3,737091087440674816,6151,Miles Sanders,RB,7.4,1,0
2021,12,3,737091087440674816,7571,Rashod Bateman,WR,7.1,0,0
2021,12,3,737091087440674816,LAC,Los Angeles Chargers,DEF,6.5,1,0
2021,12,3,737091087440674816,7525,DeVonta Smith,WR,4.2,0,0
2021,12,3,737091087440674816,4666,Younghoe Koo,K,3.0,1,0
2021,12,3,737091087440674816,4150,Wayne Gallman,RB,1.9,0,0
2021,12,3,737091087440674816,5022,Dallas Goedert,TE,1.0,0,0
2021,12,3,737091087440674816,7608,Khalil Herbert,RB,0.9,0,0
2021,12,3,737091087440674816,4219,Jeremy McNichols,RB,0,0,0
2021,12,3,737091087440674816,5000,Chase Edmonds,RB,0,0,0
2021,12,4,736744257179770880,4663,Austin Ekeler,RB,21.9,1,0
2021,12,4,736744257179770880,6853,Van Jefferson,WR,19.3,0,0
2021,12,4,736744257179770880,6797,Justin Herbert,QB,18.72,1,0
2021,12,4,736744257179770880,4089,Gerald Everett,TE,14.7,0,0
2021,12,4,736744257179770880,2197,Brandin Cooks,WR,13.5,1,0
2021,12,4,736744257179770880,1264,Justin Tucker,K,13.0,1,0
2021,12,4,736744257179770880,WAS,Washington Commanders,DEF,12.0,1,0
2021,12,4,736744257179770880,6886,Chase Claypool,WR,11.2,1,0
2021,12,4,736744257179770880,4111,D'Onta Foreman,RB,10.2,0,0
2021,12,4,736744257179770880,6814,Laviska Shenault,WR,8.3,0,0
2021,12,4,736744257179770880,2168,Devonta Freeman,RB,7.0,1,0
2021,12,4,736744257179770880,6904,Jalen Hurts,QB,6.36,1,0
2021,12,4,736744257179770880,538,Emmanuel Sanders,WR,5.8,0,0
2021,12,4,736744257179770880,6130,Devin Singletary,RB,5.8,0,0
2021,12,4,736744257179770880,2216,Mike Evans,WR,4.6,1,0
2021,12,4,736744257179770880,5347,Nyheim Miller-Hines,RB,3.9,0,0
2021,12,4,736744257179770880,3214,Hunter Henry,TE,3.6,1,0
2021,12,4,736744257179770880,4098,Kareem Hunt,RB,2.0,0,0
2021,12,4,736744257179770880,1339,Zach Ertz,TE,0,0,0
2021,12,4,736744257179770880,3198,Derrick Henry,RB,0,0,0
2021,12,4,736744257179770880,7591,Justin Fields,QB,0,0,0
2021,12,5,716698629934481408,3294,Dak Prescott,QB,25.3,1,0
2021,12,5,716698629934481408,7527,Mac Jones,QB,20.5,0,0
2021,12,5,716698629934481408,5536,Dontrell Hilliard,RB,19.3,0,0
2021,12,5,716698629934481408,5850,Josh Jacobs,RB,19.2,0,0
2021,12,5,716698629934481408,BUF,Buffalo Bills,DEF,16.5,1,0
2021,12,5,716698629934481408,1479,Keenan Allen,WR,15.5,1,0
2021,12,5,716698629934481408,1166,Kirk Cousins,QB,15.02,1,0
2021,12,5,716698629934481408,4983,DJ Moore,WR,14.3,1,0
2021,12,5,716698629934481408,CLE,Cleveland Browns,DEF,13.5,0,0
2021,12,5,716698629934481408,1144,Cole Beasley,WR,9.6,0,0
2021,12,5,716698629934481408,5927,Terry McLaurin,WR,9.1,1,0
2021,12,5,716698629934481408,5230,Michael Badgley,K,8.0,1,0
2021,12,5,716698629934481408,4988,Nick Chubb,RB,5.9,1,0
2021,12,5,716698629934481408,4351,Tim Patrick,WR,4.6,0,0
2021,12,5,716698629934481408,5857,Noah Fant,TE,4.2,1,0
2021,12,5,716698629934481408,4034,Christian McCaffrey,RB,3.5,1,0
2021,12,5,716698629934481408,4741,Dan Arnold,TE,1.9,0,0
2021,12,5,716698629934481408,7594,Chuba Hubbard,RB,0.6,0,0
2021,12,5,716698629934481408,7062,Rodrigo Blankenship,K,0,0,0
2021,12,6,736740647758938112,96,Aaron Rodgers,QB,26.28,1,0
2021,12,6,736740647758938112,2078,Odell Beckham,WR,20.1,1,0
2021,12,6,736740647758938112,515,Rob Gronkowski,TE,19.3,1,0
2021,12,6,736740647758938112,4039,Cooper Kupp,WR,18.6,1,0
2021,12,6,736740647758938112,5967,Tony Pollard,RB,16.8,0,0
2021,12,6,736740647758938112,1825,Jarvis Landry,WR,14.6,0,0
2021,12,6,736740647758938112,6768,Tua Tagovailoa,QB,10.7,0,0
2021,12,6,736740647758938112,5892,David Montgomery,RB,10.4,1,0
2021,12,6,736740647758938112,2020,Cairo Santos,K,10.0,1,0
2021,12,6,736740647758938112,2320,Melvin Gordon,RB,9.8,1,0
2021,12,6,736740647758938112,2391,David Johnson,RB,7.5,0,0
2021,12,6,736740647758938112,CAR,Carolina Panthers,DEF,6.5,1,0
2021,12,6,736740647758938112,138,Ben Roethlisberger,QB,6.02,1,0
2021,12,6,736740647758938112,LAR,Los Angeles Rams,DEF,3.5,0,0
2021,12,6,736740647758938112,4217,George Kittle,TE,2.3,1,0
2021,12,6,736740647758938112,3321,Tyreek Hill,WR,0,0,0
2021,12,6,736740647758938112,4227,Harrison Butker,K,0,0,0
2021,12,7,735974647736213504,7526,Jaylen Waddle,WR,28.7,1,0
2021,12,7,735974647736213504,650,Nick Folk,K,20.0,1,0
2021,12,7,735974647736213504,6828,AJ Dillon,RB,20.0,1,0
2021,12,7,735974647736213504,5937,Diontae Johnson,WR,18.5,1,0
2021,12,7,735974647736213504,5848,Marquise Brown,WR,13.1,0,0
2021,12,7,735974647736213504,6803,Brandon Aiyuk,WR,12.5,1,0
2021,12,7,735974647736213504,827,Tyrod Taylor,QB,11.82,0,0
2021,12,7,735974647736213504,PHI,Philadelphia Eagles,DEF,9.5,1,0
2021,12,7,735974647736213504,4881,Lamar Jackson,QB,8.4,1,0
2021,12,7,735974647736213504,954,Cam Newton,QB,5.68,1,0
2021,12,7,735974647736213504,3209,Devontae Booker,RB,3.7,0,0
2021,12,7,735974647736213504,5133,Tyler Conklin,TE,3.5,1,0
2021,12,7,735974647736213504,6790,D'Andre Swift,RB,2.9,1,0
2021,12,7,735974647736213504,PIT,Pittsburgh Steelers,DEF,1.5,0,0
2021,12,7,735974647736213504,1426,DeAndre Hopkins,WR,0,0,0
2021,12,7,735974647736213504,1466,Travis Kelce,TE,0,0,0
2021,12,7,735974647736213504,1992,Allen Robinson,WR,0,0,0
2021,12,7,735974647736213504,6694,D'Ernest Johnson,RB,0,0,0
2021,12,7,735974647736213504,6820,Clyde Edwards-Helaire,RB,0,0,0
2021,12,7,735974647736213504,7607,Michael Carter,RB,0,0,0
2021,12,8,736803054736822272,3664,J.D. McKissic,RB,22.6,0,0
2021,12,8,736803054736822272,421,Matthew Stafford,QB,20.98,1,0
2021,12,8,736803054736822272,2028,Derek Carr,QB,18.52,1,0
2021,12,8,736803054736822272,928,Randall Cobb,WR,17.5,0,0
2021,12,8,736803054736822272,TB,Tampa Bay Buccaneers,DEF,15.5,0,0
2021,12,8,736803054736822272,6794,Justin Jefferson,WR,13.26,1,0
2021,12,8,736803054736822272,5122,Boston Scott,RB,13.2,1,0
2021,12,8,736803054736822272,2374,Tyler Lockett,WR,12.6,1,0
2021,12,8,736803054736822272,5890,Damien Harris,RB,12.2,1,0
2021,12,8,736803054736822272,CHI,Chicago Bears,DEF,11.0,1,0
2021,12,8,736803054736822272,4131,Kenny Golladay,WR,8.0,0,0
2021,12,8,736803054736822272,2549,Trevor Siemian,QB,7.82,0,0
2021,12,8,736803054736822272,1266,Greg Zuerlein,K,6.0,1,0
2021,12,8,736803054736822272,2505,Darren Waller,TE,5.3,1,0
2021,12,8,736803054736822272,4993,Mike Gesicki,TE,4.7,1,0
2021,12,8,736803054736822272,4199,Aaron Jones,RB,2.3,0,0
2021,12,8,736803054736822272,4036,Corey Davis,WR,0,0,0
2021,12,8,736803054736822272,4273,Chris Carson,RB,0,0,0
2021,12,8,736803054736822272,947,Julio Jones,WR,0,0,0
2021,12,8,736803054736822272,ARI,Arizona Cardinals,DEF,0,0,0
2021,12,9,710284244835979264,4018,Joe Mixon,RB,32.3,1,0
2021,12,9,710284244835979264,NE,New England Patriots,DEF,21.5,1,0
2021,12,9,710284244835979264,2133,Davante Adams,WR,18.4,1,0
2021,12,9,710284244835979264,5906,Dawson Knox,TE,18.2,0,0
2021,12,9,710284244835979264,5916,Darrell Henderson,RB,17.3,1,0
2021,12,9,710284244835979264,BAL,Baltimore Ravens,DEF,16.0,0,0
2021,12,9,710284244835979264,5038,Michael Gallup,WR,15.6,1,0
2021,12,9,710284244835979264,7600,Pat Freiermuth,TE,14.0,0,0
2021,12,9,710284244835979264,6955,James Robinson,RB,12.5,1,0
2021,12,9,710284244835979264,24,Matt Ryan,QB,9.7,1,0
2021,12,9,710284244835979264,2431,Mike Davis,RB,7.1,0,0
2021,12,9,710284244835979264,1945,Chris Boswell,K,5.0,1,0
2021,12,9,710284244835979264,5846,DK Metcalf,WR,2.3,1,0
2021,12,9,710284244835979264,3271,Tyler Higbee,TE,1.3,1,0
2021,12,9,710284244835979264,17,Matt Prater,K,0,0,0
2021,12,9,710284244835979264,2309,Amari Cooper,WR,0,0,0
2021,12,9,710284244835979264,4950,Christian Kirk,WR,0,0,0
2021,12,9,710284244835979264,5849,Kyler Murray,QB,0,0,0
2021,12,10,475399371639222272,MIA,Miami Dolphins,DEF,28.5,0,0
2021,12,10,475399371639222272,7561,Elijah Mitchell,RB,27.8,1,0
2021,12,10,475399371639222272,6801,Tee Higgins,WR,23.4,1,0
2021,12,10,475399371639222272,5095,Daniel Carlson,K,21.0,1,0
2021,12,10,475399371639222272,7090,Darnell Mooney,WR,17.5,1,0
2021,12,10,475399371639222272,3164,Ezekiel Elliott,RB,16.9,1,0
2021,12,10,475399371639222272,6770,Joe Burrow,QB,15.4,1,0
2021,12,10,475399371639222272,167,Tom Brady,QB,10.74,1,0
2021,12,10,475399371639222272,367,Jared Cook,TE,10.5,0,0
2021,12,10,475399371639222272,2251,Logan Thomas,TE,6.1,1,0
2021,12,10,475399371639222272,4037,Chris Godwin,WR,4.7,1,0
2021,12,10,475399371639222272,7611,Rhamondre Stevenson,RB,4.6,0,0
2021,12,10,475399371639222272,DAL,Dallas Cowboys,DEF,4.5,1,0
2021,12,10,475399371639222272,5045,Courtland Sutton,WR,3.7,0,0
2021,12,10,475399371639222272,4035,Alvin Kamara,RB,0,0,0
2021,12,10,475399371639222272,4137,James Conner,RB,0,0,0
2021,12,10,475399371639222272,4981,Calvin Ridley,WR,0,0,0
2021,12,10,475399371639222272,5917,Mecole Hardman,WR,0,0,0
2021,12,10,475399371639222272,6845,Zack Moss,RB,0,0,0
2021,13,1,608781531883859968,6794,Justin Jefferson,WR,35.6,1,0
2021,13,1,608781531883859968,IND,Indianapolis Colts,DEF,25.0,1,0
2021,13,1,608781531883859968,6813,Jonathan Taylor,RB,24.3,1,0
2021,13,1,608781531883859968,3969,Leonard Fournette,RB,22.2,1,0
2021,13,1,608781531883859968,6819,Michael Pittman,WR,17.0,1,0
2021,13,1,608781531883859968,SF,San Francisco 49ers,DEF,16.5,0,0
2021,13,1,608781531883859968,2711,Taylor Heinicke,QB,14.34,1,0
2021,13,1,608781531883859968,6783,Jerry Jeudy,WR,11.7,0,0
2021,13,1,608781531883859968,2319,DeVante Parker,WR,11.2,0,0
2021,13,1,608781531883859968,4984,Josh Allen,QB,10.7,1,0
2021,13,1,608781531883859968,7564,Ja'Marr Chase,WR,10.2,1,0
2021,13,1,608781531883859968,7553,Kyle Pitts,TE,8.8,1,0
2021,13,1,608781531883859968,6826,Cole Kmet,TE,7.1,0,0
2021,13,1,608781531883859968,7042,Tyler Bass,K,3.0,1,0
2021,13,1,608781531883859968,5052,Ronald Jones,RB,1.2,0,0
2021,13,1,608781531883859968,4454,Kendrick Bourne,WR,0.3,0,0
2021,13,1,608781531883859968,1049,Ryan Tannehill,QB,0,0,0
2021,13,1,608781531883859968,2359,Ameer Abdullah,RB,0,0,0
2021,13,1,608781531883859968,536,Antonio Brown,WR,0,0,0
2021,13,1,608781531883859968,7606,Kadarius Toney,WR,0,0,0
2021,13,2,736077599457026048,7588,Javonte Williams,RB,28.8,1,0
2021,13,2,736077599457026048,6945,Antonio Gibson,RB,22.1,1,0
2021,13,2,736077599457026048,4962,Sony Michel,RB,21.9,0,0
2021,13,2,736077599457026048,5987,Alexander Mattison,RB,21.4,1,0
2021,13,2,736077599457026048,5955,Hunter Renfrow,WR,19.2,1,0
2021,13,2,736077599457026048,6786,CeeDee Lamb,WR,19.2,1,0
2021,13,2,736077599457026048,7528,Najee Harris,RB,15.7,1,0
2021,13,2,736077599457026048,1837,Jimmy Garoppolo,QB,15.46,0,0
2021,13,2,736077599457026048,6083,Matt Gay,K,15.0,1,0
2021,13,2,736077599457026048,5844,T.J. Hockenson,TE,14.9,1,0
2021,13,2,736077599457026048,4866,Saquon Barkley,RB,13.4,0,0
2021,13,2,736077599457026048,4046,Patrick Mahomes,QB,12.06,1,0
2021,13,2,736077599457026048,2152,Teddy Bridgewater,QB,11.48,0,0
2021,13,2,736077599457026048,MIN,Minnesota Vikings,DEF,10.5,1,0
2021,13,2,736077599457026048,5001,Dalton Schultz,TE,9.3,0,0
2021,13,2,736077599457026048,956,Mark Ingram,RB,3.6,0,0
2021,13,2,736077599457026048,5859,A.J. Brown,WR,0,0,0
2021,13,2,736077599457026048,5872,Deebo Samuel,WR,0,0,0
2021,13,2,736077599457026048,5947,Jakobi Meyers,WR,0,0,0
2021,13,2,736077599457026048,6938,Cam Akers,RB,0,0,0
2021,13,3,737091087440674816,5022,Dallas Goedert,TE,28.5,0,0
2021,13,3,737091087440674816,LAC,Los Angeles Chargers,DEF,24.5,1,0
2021,13,3,737091087440674816,7596,Elijah Moore,WR,20.6,1,0
2021,13,3,737091087440674816,6151,Miles Sanders,RB,17.2,1,0
2021,13,3,737091087440674816,4068,Mike Williams,WR,16.0,1,0
2021,13,3,737091087440674816,1234,Russell Wilson,QB,14.24,1,0
2021,13,3,737091087440674816,1535,Cordarrelle Patterson,RB,12.6,1,0
2021,13,3,737091087440674816,3161,Carson Wentz,QB,10.62,1,0
2021,13,3,737091087440674816,2449,Stefon Diggs,WR,9.1,1,0
2021,13,3,737091087440674816,5012,Mark Andrews,TE,9.0,1,0
2021,13,3,737091087440674816,4666,Younghoe Koo,K,5.0,1,0
2021,13,3,737091087440674816,1110,T.Y. Hilton,WR,4.2,0,0
2021,13,3,737091087440674816,7608,Khalil Herbert,RB,3.7,0,0
2021,13,3,737091087440674816,6130,Devin Singletary,RB,3.6,0,0
2021,13,3,737091087440674816,7525,DeVonta Smith,WR,3.5,0,0
2021,13,3,737091087440674816,4029,Dalvin Cook,RB,0,0,0
2021,13,3,737091087440674816,4892,Baker Mayfield,QB,0,0,0
2021,13,3,737091087440674816,5000,Chase Edmonds,RB,0,0,0
2021,13,3,737091087440674816,7571,Rashod Bateman,WR,0,0,0
2021,13,4,736744257179770880,6797,Justin Herbert,QB,23.78,1,0
2021,13,4,736744257179770880,2168,Devonta Freeman,RB,20.7,1,0
2021,13,4,736744257179770880,4663,Austin Ekeler,RB,17.4,1,0
2021,13,4,736744257179770880,2216,Mike Evans,WR,16.9,1,0
2021,13,4,736744257179770880,6853,Van Jefferson,WR,16.1,1,0
2021,13,4,736744257179770880,829,Andy Dalton,QB,10.76,1,0
2021,13,4,736744257179770880,5347,Nyheim Miller-Hines,RB,8.6,0,0
2021,13,4,736744257179770880,2197,Brandin Cooks,WR,8.4,1,0
2021,13,4,736744257179770880,NYG,New York Giants,DEF,8.0,1,0
2021,13,4,736744257179770880,6886,Chase Claypool,WR,7.4,0,0
2021,13,4,736744257179770880,1264,Justin Tucker,K,7.0,1,0
2021,13,4,736744257179770880,538,Emmanuel Sanders,WR,5.2,0,0
2021,13,4,736744257179770880,1339,Zach Ertz,TE,2.0,1,0
2021,13,4,736744257179770880,3198,Derrick Henry,RB,0,0,0
2021,13,4,736744257179770880,3214,Hunter Henry,TE,0,0,0
2021,13,4,736744257179770880,4098,Kareem Hunt,RB,0,0,0
2021,13,4,736744257179770880,4111,D'Onta Foreman,RB,0,0,0
2021,13,4,736744257179770880,6904,Jalen Hurts,QB,0,0,0
2021,13,4,736744257179770880,7591,Justin Fields,QB,0,0,0
2021,13,5,716698629934481408,5850,Josh Jacobs,RB,24.0,1,0
2021,13,5,716698629934481408,1479,Keenan Allen,WR,22.4,1,0
2021,13,5,716698629934481408,1166,Kirk Cousins,QB,19.2,1,0
2021,13,5,716698629934481408,KC,Kansas City Chiefs,DEF,17.5,1,0
2021,13,5,716698629934481408,3294,Dak Prescott,QB,11.22,1,0
2021,13,5,716698629934481408,5857,Noah Fant,TE,7.3,1,0
2021,13,5,716698629934481408,BUF,Buffalo Bills,DEF,7.0,0,0
2021,13,5,716698629934481408,5230,Michael Badgley,K,6.0,1,0
2021,13,5,716698629934481408,5927,Terry McLaurin,WR,5.2,1,0
2021,13,5,716698629934481408,1144,Cole Beasley,WR,2.1,1,0
2021,13,5,716698629934481408,4351,Tim Patrick,WR,1.9,0,0
2021,13,5,716698629934481408,3242,Kenyan Drake,RB,1.8,0,0
2021,13,5,716698629934481408,4455,Matt Breida,RB,1.8,1,0
2021,13,5,716698629934481408,4983,DJ Moore,WR,0,0,0
2021,13,5,716698629934481408,4988,Nick Chubb,RB,0,0,0
2021,13,5,716698629934481408,5536,Dontrell Hilliard,RB,0,0,0
2021,13,5,716698629934481408,7594,Chuba Hubbard,RB,0,0,0
2021,13,5,716698629934481408,7527,Mac Jones,QB,-0.54,0,0
2021,13,6,736740647758938112,4217,George Kittle,TE,39.6,1,0
2021,13,6,736740647758938112,5892,David Montgomery,RB,28.1,1,0
2021,13,6,736740647758938112,4039,Cooper Kupp,WR,26.9,1,0
2021,13,6,736740647758938112,515,Rob Gronkowski,TE,21.8,1,0
2021,13,6,736740647758938112,138,Ben Roethlisberger,QB,18.84,1,0
2021,13,6,736740647758938112,LAR,Los Angeles Rams,DEF,17.5,1,0
2021,13,6,736740647758938112,5967,Tony Pollard,RB,16.4,0,0
2021,13,6,736740647758938112,4227,Harrison Butker,K,12.0,1,0
2021,13,6,736740647758938112,2078,Odell Beckham,WR,10.8,1,0
2021,13,6,736740647758938112,DEN,Denver Broncos,DEF,8.0,0,0
2021,13,6,736740647758938112,7523,Trevor Lawrence,QB,4.8,0,0
2021,13,6,736740647758938112,3321,Tyreek Hill,WR,4.2,1,0
2021,13,6,736740647758938112,6955,James Robinson,RB,2.5,1,0
2021,13,6,736740647758938112,1825,Jarvis Landry,WR,0,0,0
2021,13,6,736740647758938112,2320,Melvin Gordon,RB,0,0,0
2021,13,6,736740647758938112,2391,David Johnson,RB,0,0,0
2021,13,6,736740647758938112,4157,Tarik Cohen,RB,0,0,0
2021,13,6,736740647758938112,96,Aaron Rodgers,QB,0,0,0
2021,13,7,735974647736213504,5937,Diontae Johnson,WR,30.5,1,0
2021,13,7,735974647736213504,7526,Jaylen Waddle,WR,18.0,1,0
2021,13,7,735974647736213504,4881,Lamar Jackson,QB,13.12,1,0
2021,13,7,735974647736213504,1426,DeAndre Hopkins,WR,11.2,0,0
2021,13,7,735974647736213504,6820,Clyde Edwards-Helaire,RB,11.2,1,0
2021,13,7,735974647736213504,5848,Marquise Brown,WR,10.5,1,0
2021,13,7,735974647736213504,5272,Greg Joseph,K,10.0,1,0
2021,13,7,735974647736213504,3209,Devontae Booker,RB,9.4,0,0
2021,13,7,735974647736213504,PHI,Philadelphia Eagles,DEF,9.0,1,0
2021,13,7,735974647736213504,6803,Brandon Aiyuk,WR,8.5,0,0
2021,13,7,735974647736213504,4149,Jamaal Williams,RB,8.0,1,0
2021,13,7,735974647736213504,1466,Travis Kelce,TE,5.7,1,0
2021,13,7,735974647736213504,6039,Ty Johnson,RB,3.5,0,0
2021,13,7,735974647736213504,827,Tyrod Taylor,QB,0.3,1,0
2021,13,7,735974647736213504,1992,Allen Robinson,WR,0,0,0
2021,13,7,735974647736213504,6790,D'Andre Swift,RB,0,0,0
2021,13,7,735974647736213504,6828,AJ Dillon,RB,0,0,0
2021,13,7,735974647736213504,7607,Michael Carter,RB,0,0,0
2021,13,7,735974647736213504,954,Cam Newton,QB,0,0,0
2021,13,7,735974647736213504,GB,Green Bay Packers,DEF,0,0,0
2021,13,8,736803054736822272,421,Matthew Stafford,QB,24.0,1,0
2021,13,8,736803054736822272,2374,Tyler Lockett,WR,19.8,1,0
2021,13,8,736803054736822272,4381,Taysom Hill,TE,19.66,1,0
2021,13,8,736803054736822272,5890,Damien Harris,RB,18.1,1,0
2021,13,8,736803054736822272,TB,Tampa Bay Buccaneers,DEF,14.5,1,0
2021,13,8,736803054736822272,ARI,Arizona Cardinals,DEF,14.0,0,0
2021,13,8,736803054736822272,3225,Tyler Boyd,WR,13.5,1,0
2021,13,8,736803054736822272,2028,Derek Carr,QB,11.86,0,0
2021,13,8,736803054736822272,4993,Mike Gesicki,TE,11.6,1,0
2021,13,8,736803054736822272,5980,Myles Gaskin,RB,6.9,1,0
2021,13,8,736803054736822272,4131,Kenny Golladay,WR,6.7,0,0
2021,13,8,736803054736822272,7839,Evan McPherson,K,4.0,1,0
2021,13,8,736803054736822272,4036,Corey Davis,WR,3.5,0,0
2021,13,8,736803054736822272,1689,Adam Thielen,WR,1.0,1,0
2021,13,8,736803054736822272,2505,Darren Waller,TE,0,0,0
2021,13,8,736803054736822272,3664,J.D. McKissic,RB,0,0,0
2021,13,8,736803054736822272,4199,Aaron Jones,RB,0,0,0
2021,13,8,736803054736822272,928,Randall Cobb,WR,0,0,0
2021,13,8,736803054736822272,947,Julio Jones,WR,0,0,0
2021,13,9,710284244835979264,5849,Kyler Murray,QB,28.32,1,0
2021,13,9,710284244835979264,6768,Tua Tagovailoa,QB,17.36,1,0
2021,13,9,710284244835979264,2431,Mike Davis,RB,16.9,0,0
2021,13,9,710284244835979264,5038,Michael Gallup,WR,14.6,1,0
2021,13,9,710284244835979264,NE,New England Patriots,DEF,12.0,0,0
2021,13,9,710284244835979264,5846,DK Metcalf,WR,11.0,1,0
2021,13,9,710284244835979264,3271,Tyler Higbee,TE,9.8,0,0
2021,13,9,710284244835979264,4018,Joe Mixon,RB,9.4,1,0
2021,13,9,710284244835979264,17,Matt Prater,K,9.0,0,0
2021,13,9,710284244835979264,7600,Pat Freiermuth,TE,7.6,1,0
2021,13,9,710284244835979264,24,Matt Ryan,QB,7.08,0,0
2021,13,9,710284244835979264,2309,Amari Cooper,WR,6.1,1,0
2021,13,9,710284244835979264,391,Ryan Succop,K,5.0,1,0
2021,13,9,710284244835979264,BAL,Baltimore Ravens,DEF,5.0,1,0
2021,13,9,710284244835979264,5906,Dawson Knox,TE,3.4,0,0
2021,13,9,710284244835979264,4950,Christian Kirk,WR,1.4,0,0
2021,13,9,710284244835979264,2133,Davante Adams,WR,0,0,0
2021,13,9,710284244835979264,5916,Darrell Henderson,RB,0,1,0
2021,13,10,475399371639222272,4037,Chris Godwin,WR,30.2,1,0
2021,13,10,475399371639222272,167,Tom Brady,QB,29.12,1,0
2021,13,10,475399371639222272,6801,Tee Higgins,WR,28.8,1,0
2021,13,10,475399371639222272,4137,James Conner,RB,19.1,1,0
2021,13,10,475399371639222272,DAL,Dallas Cowboys,DEF,19.0,0,0
2021,13,10,475399371639222272,7561,Elijah Mitchell,RB,17.4,1,0
2021,13,10,475399371639222272,2251,Logan Thomas,TE,13.8,1,0
2021,13,10,475399371639222272,6770,Joe Burrow,QB,13.6,1,0
2021,13,10,475399371639222272,MIA,Miami Dolphins,DEF,13.5,1,0
2021,13,10,475399371639222272,5095,Daniel Carlson,K,11.0,1,0
2021,13,10,475399371639222272,2378,Tevin Coleman,RB,10.7,0,0
2021,13,10,475399371639222272,7611,Rhamondre Stevenson,RB,7.8,0,0
2021,13,10,475399371639222272,7090,Darnell Mooney,WR,7.7,0,0
2021,13,10,475399371639222272,3164,Ezekiel Elliott,RB,6.7,1,0
2021,13,10,475399371639222272,367,Jared Cook,TE,5.9,0,0
2021,13,10,475399371639222272,5045,Courtland Sutton,WR,3.5,0,0
2021,13,10,475399371639222272,5917,Mecole Hardman,WR,2.2,0,0
2021,13,10,475399371639222272,4035,Alvin Kamara,RB,0,0,0
2021,13,10,475399371639222272,4981,Calvin Ridley,WR,0,0,0
2021,14,1,608781531883859968,4984,Josh Allen,QB,34.22,0,1
2021,14,1,608781531883859968,7564,Ja'Marr Chase,WR,25.3,1,1
2021,14,1,608781531883859968,3969,Leonard Fournette,RB,23.2,0,1
2021,14,1,608781531883859968,6794,Justin Jefferson,WR,20.5,1,1
2021,14,1,608781531883859968,1049,Ryan Tannehill,QB,14.54,1,1
2021,14,1,608781531883859968,7553,Kyle Pitts,TE,11.1,0,1
2021,14,1,608781531883859968,SF,San Francisco 49ers,DEF,10.0,1,1
2021,14,1,608781531883859968,6039,Ty Johnson,RB,9.7,1,1
2021,14,1,608781531883859968,6783,Jerry Jeudy,WR,9.7,1,1
2021,14,1,608781531883859968,7042,Tyler Bass,K,9.0,1,1
2021,14,1,608781531883859968,2711,Taylor Heinicke,QB,5.68,1,1
2021,14,1,608781531883859968,4531,Ricky Seals-Jones,TE,1.8,1,1
2021,14,1,608781531883859968,5052,Ronald Jones,RB,0.8,1,1
2021,14,1,608781531883859968,5220,Godwin Igwebuike,RB,0.5,0,1
2021,14,1,608781531883859968,2319,DeVante Parker,WR,0,0,1
2021,14,1,608781531883859968,536,Antonio Brown,WR,0,0,1
2021,14,1,608781531883859968,6813,Jonathan Taylor,RB,0,0,1
2021,14,1,608781531883859968,6819,Michael Pittman,WR,0,0,1
2021,14,1,608781531883859968,7606,Kadarius Toney,WR,0,0,1
2021,14,1,608781531883859968,IND,Indianapolis Colts,DEF,0,0,1
2021,14,2,736077599457026048,5955,Hunter Renfrow,WR,28.7,0,1
2021,14,2,736077599457026048,7528,Najee Harris,RB,25.4,1,1
2021,14,2,736077599457026048,7588,Javonte Williams,RB,21.3,1,1
2021,14,2,736077599457026048,4866,Saquon Barkley,RB,18.5,1,1
2021,14,2,736077599457026048,4046,Patrick Mahomes,QB,17.82,1,1
2021,14,2,736077599457026048,1837,Jimmy Garoppolo,QB,17.14,0,1
2021,14,2,736077599457026048,2152,Teddy Bridgewater,QB,14.66,0,1
2021,14,2,736077599457026048,6786,CeeDee Lamb,WR,14.6,1,1
2021,14,2,736077599457026048,6083,Matt Gay,K,14.0,1,1
2021,14,2,736077599457026048,5872,Deebo Samuel,WR,12.9,1,1
2021,14,2,736077599457026048,NO,New Orleans Saints,DEF,12.5,1,1
2021,14,2,736077599457026048,MIN,Minnesota Vikings,DEF,10.5,0,1
2021,14,2,736077599457026048,4962,Sony Michel,RB,7.9,0,1
2021,14,2,736077599457026048,6945,Antonio Gibson,RB,4.1,1,1
2021,14,2,736077599457026048,TB,Tampa Bay Buccaneers,DEF,3.5,0,1
2021,14,2,736077599457026048,5987,Alexander Mattison,RB,2.7,0,1
2021,14,2,736077599457026048,5001,Dalton Schultz,TE,1.4,1,1
2021,14,2,736077599457026048,5844,T.J. Hockenson,TE,0,0,1
2021,14,2,736077599457026048,5859,A.J. Brown,WR,0,0,1
2021,14,2,736077599457026048,5947,Jakobi Meyers,WR,0,0,1
2021,14,2,736077599457026048,6938,Cam Akers,RB,0,0,1
2021,14,3,737091087440674816,4029,Dalvin Cook,RB,37.2,1,1
2021,14,3,737091087440674816,5012,Mark Andrews,TE,28.5,1,1
2021,14,3,737091087440674816,1234,Russell Wilson,QB,20.2,1,1
2021,14,3,737091087440674816,7571,Rashod Bateman,WR,17.3,0,1
2021,14,3,737091087440674816,4892,Baker Mayfield,QB,15.0,1,1
2021,14,3,737091087440674816,6130,Devin Singletary,RB,14.9,0,1
2021,14,3,737091087440674816,2449,Stefon Diggs,WR,14.4,1,1
2021,14,3,737091087440674816,1535,Cordarrelle Patterson,RB,13.9,1,1
2021,14,3,737091087440674816,4068,Mike Williams,WR,12.1,1,1
2021,14,3,737091087440674816,4666,Younghoe Koo,K,12.0,1,1
2021,14,3,737091087440674816,LAC,Los Angeles Chargers,DEF,11.0,1,1
2021,14,3,737091087440674816,7496,Nick Westbrook-Ikhine,WR,6.1,1,1
2021,14,3,737091087440674816,1110,T.Y. Hilton,WR,0,0,1
2021,14,3,737091087440674816,3161,Carson Wentz,QB,0,0,1
2021,14,3,737091087440674816,5000,Chase Edmonds,RB,0,0,1
2021,14,3,737091087440674816,5022,Dallas Goedert,TE,0,0,1
2021,14,3,737091087440674816,6151,Miles Sanders,RB,0,0,1
2021,14,3,737091087440674816,7525,DeVonta Smith,WR,0,0,1
2021,14,3,737091087440674816,7596,Elijah Moore,WR,0,0,1
2021,14,4,736744257179770880,6797,Justin Herbert,QB,23.9,1,1
2021,14,4,736744257179770880,2216,Mike Evans,WR,21.1,1,1
2021,14,4,736744257179770880,2197,Brandin Cooks,WR,18.1,0,1
2021,14,4,736744257179770880,6886,Chase Claypool,WR,17.5,1,1
2021,14,4,736744257179770880,7591,Justin Fields,QB,17.36,1,1
2021,14,4,736744257179770880,4663,Austin Ekeler,RB,16.4,1,1
2021,14,4,736744257179770880,6853,Van Jefferson,WR,15.8,1,1
2021,14,4,736744257179770880,1264,Justin Tucker,K,15.0,1,1
2021,14,4,736744257179770880,4111,D'Onta Foreman,RB,14.2,0,1
2021,14,4,736744257179770880,2168,Devonta Freeman,RB,12.2,1,1
2021,14,4,736744257179770880,3163,Jared Goff,QB,10.6,0,1
2021,14,4,736744257179770880,1339,Zach Ertz,TE,9.2,1,1
2021,14,4,736744257179770880,CAR,Carolina Panthers,DEF,5.5,1,1
2021,14,4,736744257179770880,4098,Kareem Hunt,RB,3.8,0,1
2021,14,4,736744257179770880,538,Emmanuel Sanders,WR,3.5,0,1
2021,14,4,736744257179770880,3198,Derrick Henry,RB,0,0,1
2021,14,4,736744257179770880,3214,Hunter Henry,TE,0,0,1
2021,14,4,736744257179770880,5347,Nyheim Miller-Hines,RB,0,0,1
2021,14,4,736744257179770880,6904,Jalen Hurts,QB,0,0,1
2021,14,5,716698629934481408,KC,Kansas City Chiefs,DEF,31.0,1,1
2021,14,5,716698629934481408,1144,Cole Beasley,WR,15.4,0,1
2021,14,5,716698629934481408,4983,DJ Moore,WR,14.4,1,1
2021,14,5,716698629934481408,1166,Kirk Cousins,QB,14.04,1,1
2021,14,5,716698629934481408,1348,Dustin Hopkins,K,13.0,1,1
2021,14,5,716698629934481408,5850,Josh Jacobs,RB,10.0,1,1
2021,14,5,716698629934481408,4988,Nick Chubb,RB,9.5,1,1
2021,14,5,716698629934481408,7594,Chuba Hubbard,RB,9.3,1,1
2021,14,5,716698629934481408,5857,Noah Fant,TE,9.1,1,1
2021,14,5,716698629934481408,3294,Dak Prescott,QB,6.94,1,1
2021,14,5,716698629934481408,4351,Tim Patrick,WR,4.1,0,1
2021,14,5,716698629934481408,5536,Dontrell Hilliard,RB,1.3,0,1
2021,14,5,716698629934481408,4455,Matt Breida,RB,1.2,0,1
2021,14,5,716698629934481408,BUF,Buffalo Bills,DEF,0.5,0,1
2021,14,5,716698629934481408,1479,Keenan Allen,WR,0,0,1
2021,14,5,716698629934481408,5927,Terry McLaurin,WR,0,1,1
2021,14,5,716698629934481408,7527,Mac Jones,QB,0,0,1
2021,14,6,736740647758938112,4217,George Kittle,TE,34.1,1,1
2021,14,6,736740647758938112,4039,Cooper Kupp,WR,31.3,1,1
2021,14,6,736740647758938112,96,Aaron Rodgers,QB,27.64,1,1
2021,14,6,736740647758938112,2320,Melvin Gordon,RB,23.1,0,1
2021,14,6,736740647758938112,138,Ben Roethlisberger,QB,21.82,1,1
2021,14,6,736740647758938112,2078,Odell Beckham,WR,19.7,0,1
2021,14,6,736740647758938112,1825,Jarvis Landry,WR,15.1,0,1
2021,14,6,736740647758938112,5892,David Montgomery,RB,14.1,1,1
2021,14,6,736740647758938112,4227,Harrison Butker,K,14.0,1,1
2021,14,6,736740647758938112,DEN,Denver Broncos,DEF,13.5,1,1
2021,14,6,736740647758938112,3321,Tyreek Hill,WR,11.6,1,1
2021,14,6,736740647758938112,515,Rob Gronkowski,TE,11.2,1,1
2021,14,6,736740647758938112,4171,Josh Reynolds,WR,8.2,0,1
2021,14,6,736740647758938112,LAR,Los Angeles Rams,DEF,7.5,0,1
2021,14,6,736740647758938112,SEA,Seattle Seahawks,DEF,7.5,0,1
2021,14,6,736740647758938112,3200,Sterling Shepard,WR,4.7,0,1
2021,14,6,736740647758938112,6955,James Robinson,RB,0.4,1,1
2021,14,6,736740647758938112,2391,David Johnson,RB,0,0,1
2021,14,6,736740647758938112,5870,Daniel Jones,QB,0,0,1
2021,14,6,736740647758938112,5967,Tony Pollard,RB,0,0,1
2021,14,6,736740647758938112,7523,Trevor Lawrence,QB,-0.46,0,1
2021,14,7,735974647736213504,6820,Clyde Edwards-Helaire,RB,19.2,1,1
2021,14,7,735974647736213504,GB,Green Bay Packers,DEF,19.0,1,1
2021,14,7,735974647736213504,6803,Brandon Aiyuk,WR,18.6,0,1
2021,14,7,735974647736213504,5937,Diontae Johnson,WR,15.3,1,1
2021,14,7,735974647736213504,954,Cam Newton,QB,12.32,1,1
2021,14,7,735974647736213504,5272,Greg Joseph,K,11.0,1,1
2021,14,7,735974647736213504,1426,DeAndre Hopkins,WR,10.4,1,1
2021,14,7,735974647736213504,7538,Zach Wilson,QB,9.88,0,1
2021,14,7,735974647736213504,5848,Marquise Brown,WR,9.1,1,1
2021,14,7,735974647736213504,6828,AJ Dillon,RB,7.1,1,1
2021,14,7,735974647736213504,1466,Travis Kelce,TE,5.7,1,1
2021,14,7,735974647736213504,2410,Jamison Crowder,WR,4.9,0,1
2021,14,7,735974647736213504,1992,Allen Robinson,WR,3.4,0,1
2021,14,7,735974647736213504,4881,Lamar Jackson,QB,0.68,1,1
2021,14,7,735974647736213504,4149,Jamaal Williams,RB,0,0,1
2021,14,7,735974647736213504,6790,D'Andre Swift,RB,0,0,1
2021,14,7,735974647736213504,7526,Jaylen Waddle,WR,0,0,1
2021,14,7,735974647736213504,7599,Jermar Jefferson,RB,0,0,1
2021,14,7,735974647736213504,7607,Michael Carter,RB,0,0,1
2021,14,7,735974647736213504,PHI,Philadelphia Eagles,DEF,0,0,1
2021,14,8,736803054736822272,2374,Tyler Lockett,WR,28.2,1,1
2021,14,8,736803054736822272,TEN,Tennessee Titans,DEF,25.0,1,1
2021,14,8,736803054736822272,4381,Taysom Hill,TE,22.8,1,1
2021,14,8,736803054736822272,4199,Aaron Jones,RB,21.5,1,1
2021,14,8,736803054736822272,421,Matthew Stafford,QB,20.98,1,1
2021,14,8,736803054736822272,7066,K.J. Osborn,WR,18.3,0,1
2021,14,8,736803054736822272,5549,Darrel Williams,RB,12.9,1,1
2021,14,8,736803054736822272,7839,Evan McPherson,K,11.0,1,1
2021,14,8,736803054736822272,4089,Gerald Everett,TE,10.8,1,1
2021,14,8,736803054736822272,3225,Tyler Boyd,WR,9.3,0,1
2021,14,8,736803054736822272,2028,Derek Carr,QB,9.02,0,1
2021,14,8,736803054736822272,947,Julio Jones,WR,7.3,1,1
2021,14,8,736803054736822272,5086,Marquez Valdes-Scantling,WR,5.0,1,1
2021,14,8,736803054736822272,ARI,Arizona Cardinals,DEF,4.5,0,1
2021,14,8,736803054736822272,1689,Adam Thielen,WR,0,0,1
2021,14,8,736803054736822272,2505,Darren Waller,TE,0,0,1
2021,14,8,736803054736822272,3664,J.D. McKissic,RB,0,0,1
2021,14,8,736803054736822272,4993,Mike Gesicki,TE,0,0,1
2021,14,8,736803054736822272,5890,Damien Harris,RB,0,0,1
2021,14,8,736803054736822272,5980,Myles Gaskin,RB,0,0,1
2021,14,9,710284244835979264,2133,Davante Adams,WR,34.1,1,1
2021,14,9,710284244835979264,5906,Dawson Knox,TE,19.0,0,1
2021,14,9,710284244835979264,2309,Amari Cooper,WR,16.1,1,1
2021,14,9,710284244835979264,17,Matt Prater,K,16.0,1,1
2021,14,9,710284244835979264,5849,Kyler Murray,QB,14.92,1,1
2021,14,9,710284244835979264,24,Matt Ryan,QB,11.9,1,1
2021,14,9,710284244835979264,4950,Christian Kirk,WR,11.6,0,1
2021,14,9,710284244835979264,7600,Pat Freiermuth,TE,11.2,1,1
2021,14,9,710284244835979264,5038,Michael Gallup,WR,11.0,0,1
2021,14,9,710284244835979264,5110,Russell Gage,WR,10.4,0,1
2021,14,9,710284244835979264,4018,Joe Mixon,RB,8.8,1,1
2021,14,9,710284244835979264,5846,DK Metcalf,WR,8.3,1,1
2021,14,9,710284244835979264,BAL,Baltimore Ravens,DEF,7.5,1,1
2021,14,9,710284244835979264,5284,Jeff Wilson,RB,5.6,1,1
2021,14,9,710284244835979264,3271,Tyler Higbee,TE,0,0,1
2021,14,9,710284244835979264,5916,Darrell Henderson,RB,0,0,1
2021,14,9,710284244835979264,6768,Tua Tagovailoa,QB,0,0,1
2021,14,9,710284244835979264,NE,New England Patriots,DEF,0,0,1
2021,14,10,475399371639222272,4137,James Conner,RB,33.5,1,1
2021,14,10,475399371639222272,167,Tom Brady,QB,29.62,1,1
2021,14,10,475399371639222272,DAL,Dallas Cowboys,DEF,29.5,1,1
2021,14,10,475399371639222272,4035,Alvin Kamara,RB,24.5,1,1
2021,14,10,475399371639222272,4037,Chris Godwin,WR,20.5,1,1
2021,14,10,475399371639222272,6770,Joe Burrow,QB,19.22,1,1
2021,14,10,475399371639222272,6801,Tee Higgins,WR,16.4,1,1
2021,14,10,475399371639222272,3164,Ezekiel Elliott,RB,9.0,1,1
2021,14,10,475399371639222272,367,Jared Cook,TE,8.8,0,1
2021,14,10,475399371639222272,5133,Tyler Conklin,TE,4.0,1,1
2021,14,10,475399371639222272,4131,Kenny Golladay,WR,3.5,0,1
2021,14,10,475399371639222272,7090,Darnell Mooney,WR,2.9,0,1
2021,14,10,475399371639222272,5095,Daniel Carlson,K,2.0,1,1
2021,14,10,475399371639222272,5045,Courtland Sutton,WR,1.9,0,1
2021,14,10,475399371639222272,2378,Tevin Coleman,RB,0,0,1
2021,14,10,475399371639222272,4981,Calvin Ridley,WR,0,0,1
2021,14,10,475399371639222272,7561,Elijah Mitchell,RB,0,0,1
2021,14,10,475399371639222272,7611,Rhamondre Stevenson,RB,0,0,1
2021,14,10,475399371639222272,MIA,Miami Dolphins,DEF,0,0,1
2021,15,1,608781531883859968,6813,Jonathan Taylor,RB,24.0,1,1
2021,15,1,608781531883859968,7547,Amon-Ra St. Brown,WR,23.5,0,1
2021,15,1,608781531883859968,4984,Josh Allen,QB,17.8,1,1
2021,15,1,608781531883859968,IND,Indianapolis Colts,DEF,17.5,0,1
2021,15,1,608781531883859968,2319,DeVante Parker,WR,16.8,0,1
2021,15,1,608781531883859968,2359,Ameer Abdullah,RB,15.5,0,1
2021,15,1,608781531883859968,6794,Justin Jefferson,WR,14.7,1,1
2021,15,1,608781531883859968,3969,Leonard Fournette,RB,13.7,1,1
2021,15,1,608781531883859968,SF,San Francisco 49ers,DEF,13.5,1,1
2021,15,1,608781531883859968,7553,Kyle Pitts,TE,11.7,1,1
2021,15,1,608781531883859968,5052,Ronald Jones,RB,9.1,0,1
2021,15,1,608781531883859968,7042,Tyler Bass,K,7.0,1,1
2021,15,1,608781531883859968,1049,Ryan Tannehill,QB,6.92,1,1
2021,15,1,608781531883859968,4985,Rashaad Penny,RB,6.4,0,1
2021,15,1,608781531883859968,6819,Michael Pittman,WR,1.7,1,1
2021,15,1,608781531883859968,7564,Ja'Marr Chase,WR,1.3,1,1
2021,15,1,608781531883859968,536,Antonio Brown,WR,0,0,1
2021,15,1,608781531883859968,6011,Gardner Minshew,QB,0,0,1
2021,15,1,608781531883859968,6783,Jerry Jeudy,WR,0,0,1
2021,15,1,608781531883859968,7606,Kadarius Toney,WR,0,0,1
2021,15,2,736077599457026048,4046,Patrick Mahomes,QB,30.6,1,1
2021,15,2,736077599457026048,NO,New Orleans Saints,DEF,22.5,0,1
2021,15,2,736077599457026048,5001,Dalton Schultz,TE,20.7,1,1
2021,15,2,736077599457026048,5872,Deebo Samuel,WR,18.9,1,1
2021,15,2,736077599457026048,6945,Antonio Gibson,RB,18.5,1,1
2021,15,2,736077599457026048,4962,Sony Michel,RB,13.5,0,1
2021,15,2,736077599457026048,TB,Tampa Bay Buccaneers,DEF,13.0,1,1
2021,15,2,736077599457026048,1837,Jimmy Garoppolo,QB,12.8,1,1
2021,15,2,736077599457026048,7588,Javonte Williams,RB,12.1,0,1
2021,15,2,736077599457026048,5947,Jakobi Meyers,WR,11.3,0,1
2021,15,2,736077599457026048,6786,CeeDee Lamb,WR,11.0,1,1
2021,15,2,736077599457026048,6083,Matt Gay,K,10.0,1,1
2021,15,2,736077599457026048,4866,Saquon Barkley,RB,9.4,0,1
2021,15,2,736077599457026048,7528,Najee Harris,RB,4.6,1,1
2021,15,2,736077599457026048,5955,Hunter Renfrow,WR,4.2,1,1
2021,15,2,736077599457026048,2152,Teddy Bridgewater,QB,3.92,0,1
2021,15,2,736077599457026048,5844,T.J. Hockenson,TE,0,0,1
2021,15,2,736077599457026048,5859,A.J. Brown,WR,0,0,1
2021,15,2,736077599457026048,5987,Alexander Mattison,RB,0,0,1
2021,15,2,736077599457026048,6938,Cam Akers,RB,0,0,1
2021,15,3,737091087440674816,5012,Mark Andrews,TE,35.6,1,1
2021,15,3,737091087440674816,5022,Dallas Goedert,TE,20.5,0,1
2021,15,3,737091087440674816,6130,Devin Singletary,RB,16.6,0,1
2021,15,3,737091087440674816,6151,Miles Sanders,RB,16.6,1,1
2021,15,3,737091087440674816,2449,Stefon Diggs,WR,13.5,1,1
2021,15,3,737091087440674816,4029,Dalvin Cook,RB,11.1,1,1
2021,15,3,737091087440674816,4666,Younghoe Koo,K,8.0,1,1
2021,15,3,737091087440674816,4068,Mike Williams,WR,7.9,1,1
2021,15,3,737091087440674816,7496,Nick Westbrook-Ikhine,WR,7.2,0,1
2021,15,3,737091087440674816,7525,DeVonta Smith,WR,7.0,0,1
2021,15,3,737091087440674816,3161,Carson Wentz,QB,5.48,1,1
2021,15,3,737091087440674816,5000,Chase Edmonds,RB,5.3,0,1
2021,15,3,737091087440674816,1535,Cordarrelle Patterson,RB,4.3,1,1
2021,15,3,737091087440674816,LAC,Los Angeles Chargers,DEF,3.5,1,1
2021,15,3,737091087440674816,1110,T.Y. Hilton,WR,2.9,0,1
2021,15,3,737091087440674816,1234,Russell Wilson,QB,2.74,1,1
2021,15,3,737091087440674816,7571,Rashod Bateman,WR,1.5,0,1
2021,15,3,737091087440674816,4892,Baker Mayfield,QB,0,0,1
2021,15,3,737091087440674816,7596,Elijah Moore,WR,0,0,1
2021,15,4,736744257179770880,2197,Brandin Cooks,WR,29.2,1,1
2021,15,4,736744257179770880,3214,Hunter Henry,TE,25.7,0,1
2021,15,4,736744257179770880,6904,Jalen Hurts,QB,25.14,1,1
2021,15,4,736744257179770880,6797,Justin Herbert,QB,23.04,0,1
2021,15,4,736744257179770880,4663,Austin Ekeler,RB,18.2,0,1
2021,15,4,736744257179770880,4111,D'Onta Foreman,RB,15.5,1,1
2021,15,4,736744257179770880,7591,Justin Fields,QB,14.9,1,1
2021,15,4,736744257179770880,1339,Zach Ertz,TE,13.4,1,1
2021,15,4,736744257179770880,4089,Gerald Everett,TE,10.0,0,1
2021,15,4,736744257179770880,5347,Nyheim Miller-Hines,RB,7.8,0,1
2021,15,4,736744257179770880,1264,Justin Tucker,K,6.0,1,1
2021,15,4,736744257179770880,LV,Las Vegas Raiders,DEF,6.0,1,1
2021,15,4,736744257179770880,6853,Van Jefferson,WR,5.3,1,1
2021,15,4,736744257179770880,2168,Devonta Freeman,RB,3.4,1,1
2021,15,4,736744257179770880,2216,Mike Evans,WR,2.4,1,1
2021,15,4,736744257179770880,6886,Chase Claypool,WR,1.9,0,1
2021,15,4,736744257179770880,3198,Derrick Henry,RB,0,0,1
2021,15,4,736744257179770880,4098,Kareem Hunt,RB,0,0,1
2021,15,4,736744257179770880,5127,Kyle Allen,QB,0,0,1
2021,15,4,736744257179770880,538,Emmanuel Sanders,WR,0,0,1
2021,15,5,716698629934481408,1479,Keenan Allen,WR,19.8,1,1
2021,15,5,716698629934481408,7527,Mac Jones,QB,17.16,0,1
2021,15,5,716698629934481408,4988,Nick Chubb,RB,16.3,1,1
2021,15,5,716698629934481408,4351,Tim Patrick,WR,13.2,0,1
2021,15,5,716698629934481408,4983,DJ Moore,WR,12.8,0,1
2021,15,5,716698629934481408,5850,Josh Jacobs,RB,12.4,1,1
2021,15,5,716698629934481408,BUF,Buffalo Bills,DEF,11.5,1,1
2021,15,5,716698629934481408,5857,Noah Fant,TE,10.7,1,1
2021,15,5,716698629934481408,5536,Dontrell Hilliard,RB,9.9,0,1
2021,15,5,716698629934481408,3294,Dak Prescott,QB,9.58,1,1
2021,15,5,716698629934481408,1144,Cole Beasley,WR,7.5,1,1
2021,15,5,716698629934481408,1166,Kirk Cousins,QB,7.48,1,1
2021,15,5,716698629934481408,5927,Terry McLaurin,WR,7.1,1,1
2021,15,5,716698629934481408,7594,Chuba Hubbard,RB,5.1,0,1
2021,15,5,716698629934481408,1348,Dustin Hopkins,K,4.0,1,1
2021,15,5,716698629934481408,KC,Kansas City Chiefs,DEF,3.0,0,1
2021,15,5,716698629934481408,4455,Matt Breida,RB,0.1,0,1
2021,15,6,736740647758938112,4039,Cooper Kupp,WR,34.7,1,1
2021,15,6,736740647758938112,3321,Tyreek Hill,WR,32.8,1,1
2021,15,6,736740647758938112,96,Aaron Rodgers,QB,22.32,1,1
2021,15,6,736740647758938112,4171,Josh Reynolds,WR,18.8,0,1
2021,15,6,736740647758938112,6955,James Robinson,RB,17.8,1,1
2021,15,6,736740647758938112,4217,George Kittle,TE,15.3,1,1
2021,15,6,736740647758938112,LAR,Los Angeles Rams,DEF,13.5,1,1
2021,15,6,736740647758938112,5892,David Montgomery,RB,11.3,1,1
2021,15,6,736740647758938112,5967,Tony Pollard,RB,10.7,0,1
2021,15,6,736740647758938112,138,Ben Roethlisberger,QB,10.42,1,1
2021,15,6,736740647758938112,830,A.J. Green,WR,10.4,0,1
2021,15,6,736740647758938112,SEA,Seattle Seahawks,DEF,10.0,0,1
2021,15,6,736740647758938112,4227,Harrison Butker,K,8.0,1,1
2021,15,6,736740647758938112,2320,Melvin Gordon,RB,7.1,0,1
2021,15,6,736740647758938112,515,Rob Gronkowski,TE,4.9,1,1
2021,15,6,736740647758938112,2391,David Johnson,RB,3.7,0,1
2021,15,6,736740647758938112,3200,Sterling Shepard,WR,3.5,0,1
2021,15,6,736740647758938112,2078,Odell Beckham,WR,1.7,0,1
2021,15,6,736740647758938112,1825,Jarvis Landry,WR,0,0,1
2021,15,6,736740647758938112,5870,Daniel Jones,QB,0,0,1
2021,15,7,735974647736213504,1466,Travis Kelce,TE,41.1,1,1
2021,15,7,735974647736213504,7083,Tyler Huntley,QB,35.9,1,1
2021,15,7,735974647736213504,5284,Jeff Wilson,RB,19.9,0,1
2021,15,7,735974647736213504,954,Cam Newton,QB,19.34,0,1
2021,15,7,735974647736213504,5848,Marquise Brown,WR,14.3,1,1
2021,15,7,735974647736213504,6828,AJ Dillon,RB,10.5,1,1
2021,15,7,735974647736213504,5937,Diontae Johnson,WR,9.8,1,1
2021,15,7,735974647736213504,PHI,Philadelphia Eagles,DEF,9.5,1,1
2021,15,7,735974647736213504,2410,Jamison Crowder,WR,9.0,0,1
2021,15,7,735974647736213504,6820,Clyde Edwards-Helaire,RB,9.0,1,1
2021,15,7,735974647736213504,5272,Greg Joseph,K,5.0,0,1
2021,15,7,735974647736213504,650,Nick Folk,K,5.0,1,1
2021,15,7,735974647736213504,6803,Brandon Aiyuk,WR,4.6,1,1
2021,15,7,735974647736213504,7601,Rondale Moore,WR,4.0,0,1
2021,15,7,735974647736213504,7607,Michael Carter,RB,3.0,1,1
2021,15,7,735974647736213504,GB,Green Bay Packers,DEF,1.5,0,1
2021,15,7,735974647736213504,4149,Jamaal Williams,RB,0,0,1
2021,15,7,735974647736213504,4881,Lamar Jackson,QB,0,0,1
2021,15,7,735974647736213504,6790,D'Andre Swift,RB,0,0,1
2021,15,7,735974647736213504,7526,Jaylen Waddle,WR,0,0,1
2021,15,8,736803054736822272,3225,Tyler Boyd,WR,21.6,0,1
2021,15,8,736803054736822272,4199,Aaron Jones,RB,15.0,1,1
2021,15,8,736803054736822272,421,Matthew Stafford,QB,13.46,1,1
2021,15,8,736803054736822272,TEN,Tennessee Titans,DEF,9.5,0,1
2021,15,8,736803054736822272,4993,Mike Gesicki,TE,9.3,1,1
2021,15,8,736803054736822272,2028,Derek Carr,QB,8.64,0,1
2021,15,8,736803054736822272,4381,Taysom Hill,TE,8.46,1,1
2021,15,8,736803054736822272,1266,Greg Zuerlein,K,8.0,1,1
2021,15,8,736803054736822272,ARI,Arizona Cardinals,DEF,7.0,1,1
2021,15,8,736803054736822272,5980,Myles Gaskin,RB,5.4,1,1
2021,15,8,736803054736822272,7066,K.J. Osborn,WR,5.1,1,1
2021,15,8,736803054736822272,5549,Darrel Williams,RB,1.2,1,1
2021,15,8,736803054736822272,1689,Adam Thielen,WR,0,0,1
2021,15,8,736803054736822272,2374,Tyler Lockett,WR,0,0,1
2021,15,8,736803054736822272,2505,Darren Waller,TE,0,0,1
2021,15,8,736803054736822272,3664,J.D. McKissic,RB,0,0,1
2021,15,8,736803054736822272,5890,Damien Harris,RB,0,0,1
2021,15,8,736803054736822272,947,Julio Jones,WR,0,1,1
2021,15,9,710284244835979264,4950,Christian Kirk,WR,24.4,0,1
2021,15,9,710284244835979264,MIN,Minnesota Vikings,DEF,19.0,1,1
2021,15,9,710284244835979264,2133,Davante Adams,WR,16.4,1,1
2021,15,9,710284244835979264,6768,Tua Tagovailoa,QB,12.24,1,1
2021,15,9,710284244835979264,24,Matt Ryan,QB,11.94,0,1
2021,15,9,710284244835979264,5846,DK Metcalf,WR,11.2,1,1
2021,15,9,710284244835979264,5849,Kyler Murray,QB,10.58,1,1
2021,15,9,710284244835979264,5906,Dawson Knox,TE,7.8,1,1
2021,15,9,710284244835979264,7600,Pat Freiermuth,TE,7.7,0,1
2021,15,9,710284244835979264,4018,Joe Mixon,RB,7.0,1,1
2021,15,9,710284244835979264,5038,Michael Gallup,WR,6.2,0,1
2021,15,9,710284244835979264,17,Matt Prater,K,6.0,1,1
2021,15,9,710284244835979264,NE,New England Patriots,DEF,6.0,0,1
2021,15,9,710284244835979264,BAL,Baltimore Ravens,DEF,5.5,0,1
2021,15,9,710284244835979264,5916,Darrell Henderson,RB,4.7,1,1
2021,15,9,710284244835979264,2309,Amari Cooper,WR,2.8,1,1
2021,15,9,710284244835979264,5046,Royce Freeman,RB,0.8,0,1
2021,15,9,710284244835979264,3271,Tyler Higbee,TE,0,0,1
2021,15,10,475399371639222272,DAL,Dallas Cowboys,DEF,19.0,0,1
2021,15,10,475399371639222272,3164,Ezekiel Elliott,RB,16.2,1,1
2021,15,10,475399371639222272,MIA,Miami Dolphins,DEF,15.0,1,1
2021,15,10,475399371639222272,7090,Darnell Mooney,WR,11.6,0,1
2021,15,10,475399371639222272,6770,Joe Burrow,QB,11.28,1,1
2021,15,10,475399371639222272,4037,Chris Godwin,WR,10.9,1,1
2021,15,10,475399371639222272,4137,James Conner,RB,9.0,1,1
2021,15,10,475399371639222272,4131,Kenny Golladay,WR,8.3,0,1
2021,15,10,475399371639222272,367,Jared Cook,TE,6.2,0,1
2021,15,10,475399371639222272,4035,Alvin Kamara,RB,5.1,1,1
2021,15,10,475399371639222272,2378,Tevin Coleman,RB,5.0,0,1
2021,15,10,475399371639222272,6801,Tee Higgins,WR,4.3,1,1
2021,15,10,475399371639222272,7611,Rhamondre Stevenson,RB,4.0,0,1
2021,15,10,475399371639222272,167,Tom Brady,QB,3.26,1,1
2021,15,10,475399371639222272,5045,Courtland Sutton,WR,3.2,0,1
2021,15,10,475399371639222272,5133,Tyler Conklin,TE,1.7,1,1
2021,15,10,475399371639222272,4981,Calvin Ridley,WR,0,0,1
2021,15,10,475399371639222272,7561,Elijah Mitchell,RB,0,0,1
2021,15,10,475399371639222272,391,Ryan Succop,K,-1.0,1,1
2021,16,1,608781531883859968,4984,Josh Allen,QB,31.46,1,1
2021,16,1,608781531883859968,7547,Amon-Ra St. Brown,WR,26.0,1,1
2021,16,1,608781531883859968,536,Antonio Brown,WR,20.1,1,1
2021,16,1,608781531883859968,6794,Justin Jefferson,WR,19.6,1,1
2021,16,1,608781531883859968,4985,Rashaad Penny,RB,19.5,0,1
2021,16,1,608781531883859968,7564,Ja'Marr Chase,WR,19.5,1,1
2021,16,1,608781531883859968,6819,Michael Pittman,WR,16.5,0,1
2021,16,1,608781531883859968,7553,Kyle Pitts,TE,16.2,1,1
2021,16,1,608781531883859968,5052,Ronald Jones,RB,16.1,1,1
2021,16,1,608781531883859968,1049,Ryan Tannehill,QB,12.56,0,1
2021,16,1,608781531883859968,6813,Jonathan Taylor,RB,10.8,1,1
2021,16,1,608781531883859968,6783,Jerry Jeudy,WR,9.0,0,1
2021,16,1,608781531883859968,7042,Tyler Bass,K,9.0,1,1
2021,16,1,608781531883859968,SF,San Francisco 49ers,DEF,8.5,1,1
2021,16,1,608781531883859968,IND,Indianapolis Colts,DEF,4.5,0,1
2021,16,1,608781531883859968,2359,Ameer Abdullah,RB,3.9,0,1
2021,16,1,608781531883859968,2319,DeVante Parker,WR,0,0,1
2021,16,1,608781531883859968,3969,Leonard Fournette,RB,0,0,1
2021,16,2,736077599457026048,5859,A.J. Brown,WR,31.5,0,1
2021,16,2,736077599457026048,5872,Deebo Samuel,WR,26.1,1,1
2021,16,2,736077599457026048,5001,Dalton Schultz,TE,22.2,1,1
2021,16,2,736077599457026048,TB,Tampa Bay Buccaneers,DEF,21.5,1,1
2021,16,2,736077599457026048,4962,Sony Michel,RB,20.5,0,1
2021,16,2,736077599457026048,4046,Patrick Mahomes,QB,20.32,1,1
2021,16,2,736077599457026048,5987,Alexander Mattison,RB,16.0,0,1
2021,16,2,736077599457026048,7528,Najee Harris,RB,16.0,1,1
2021,16,2,736077599457026048,6945,Antonio Gibson,RB,13.8,1,1
2021,16,2,736077599457026048,5955,Hunter Renfrow,WR,13.0,1,1
2021,16,2,736077599457026048,1837,Jimmy Garoppolo,QB,12.68,1,1
2021,16,2,736077599457026048,6083,Matt Gay,K,12.0,1,1
2021,16,2,736077599457026048,5947,Jakobi Meyers,WR,11.9,0,1
2021,16,2,736077599457026048,NO,New Orleans Saints,DEF,11.5,0,1
2021,16,2,736077599457026048,6786,CeeDee Lamb,WR,10.4,1,1
2021,16,2,736077599457026048,7588,Javonte Williams,RB,10.0,0,1
2021,16,2,736077599457026048,4866,Saquon Barkley,RB,3.8,0,1
2021,16,2,736077599457026048,2152,Teddy Bridgewater,QB,0,0,1
2021,16,2,736077599457026048,5844,T.J. Hockenson,TE,0,0,1
2021,16,2,736077599457026048,6938,Cam Akers,RB,0,0,1
2021,16,3,737091087440674816,5000,Chase Edmonds,RB,26.7,0,1
2021,16,3,737091087440674816,5012,Mark Andrews,TE,26.5,1,1
2021,16,3,737091087440674816,2449,Stefon Diggs,WR,21.5,1,1
2021,16,3,737091087440674816,7525,DeVonta Smith,WR,19.0,0,1
2021,16,3,737091087440674816,6130,Devin Singletary,RB,18.8,0,1
2021,16,3,737091087440674816,3161,Carson Wentz,QB,16.4,1,1
2021,16,3,737091087440674816,1234,Russell Wilson,QB,15.54,1,1
2021,16,3,737091087440674816,1110,T.Y. Hilton,WR,15.1,0,1
2021,16,3,737091087440674816,7571,Rashod Bateman,WR,12.6,0,1
2021,16,3,737091087440674816,4666,Younghoe Koo,K,11.0,1,1
2021,16,3,737091087440674816,1535,Cordarrelle Patterson,RB,8.3,1,1
2021,16,3,737091087440674816,4892,Baker Mayfield,QB,7.48,0,1
2021,16,3,737091087440674816,6151,Miles Sanders,RB,5.8,1,1
2021,16,3,737091087440674816,7496,Nick Westbrook-Ikhine,WR,5.8,0,1
2021,16,3,737091087440674816,5022,Dallas Goedert,TE,4.8,0,1
2021,16,3,737091087440674816,4029,Dalvin Cook,RB,0,1,1
2021,16,3,737091087440674816,4068,Mike Williams,WR,0,1,1
2021,16,3,737091087440674816,7596,Elijah Moore,WR,0,0,1
2021,16,3,737091087440674816,LAC,Los Angeles Chargers,DEF,-3.5,1,1
2021,16,4,736744257179770880,5131,Justin Jackson,RB,34.2,1,1
2021,16,4,736744257179770880,6797,Justin Herbert,QB,16.94,1,1
2021,16,4,736744257179770880,6904,Jalen Hurts,QB,15.16,1,1
2021,16,4,736744257179770880,1339,Zach Ertz,TE,13.4,1,1
2021,16,4,736744257179770880,NYJ,New York Jets,DEF,12.0,1,1
2021,16,4,736744257179770880,LV,Las Vegas Raiders,DEF,10.5,0,1
2021,16,4,736744257179770880,2168,Devonta Freeman,RB,10.0,1,1
2021,16,4,736744257179770880,6886,Chase Claypool,WR,8.1,0,1
2021,16,4,736744257179770880,4111,D'Onta Foreman,RB,7.7,1,1
2021,16,4,736744257179770880,5110,Russell Gage,WR,5.9,1,1
2021,16,4,736744257179770880,1264,Justin Tucker,K,3.0,1,1
2021,16,4,736744257179770880,5347,Nyheim Miller-Hines,RB,2.8,0,1
2021,16,4,736744257179770880,3214,Hunter Henry,TE,1.9,0,1
2021,16,4,736744257179770880,6853,Van Jefferson,WR,1.6,1,1
2021,16,4,736744257179770880,2197,Brandin Cooks,WR,0,0,1
2021,16,4,736744257179770880,2216,Mike Evans,WR,0,0,1
2021,16,4,736744257179770880,3198,Derrick Henry,RB,0,0,1
2021,16,4,736744257179770880,4098,Kareem Hunt,RB,0,0,1
2021,16,4,736744257179770880,4663,Austin Ekeler,RB,0,0,1
2021,16,4,736744257179770880,7591,Justin Fields,QB,0,0,1
2021,16,5,716698629934481408,3294,Dak Prescott,QB,29.3,1,1
2021,16,5,716698629934481408,4988,Nick Chubb,RB,27.4,1,1
2021,16,5,716698629934481408,KC,Kansas City Chiefs,DEF,15.0,0,1
2021,16,5,716698629934481408,1166,Kirk Cousins,QB,12.3,1,1
2021,16,5,716698629934481408,1348,Dustin Hopkins,K,12.0,1,1
2021,16,5,716698629934481408,5850,Josh Jacobs,RB,11.4,1,1
2021,16,5,716698629934481408,4983,DJ Moore,WR,10.5,0,1
2021,16,5,716698629934481408,BUF,Buffalo Bills,DEF,9.0,1,1
2021,16,5,716698629934481408,1479,Keenan Allen,WR,7.5,1,1
2021,16,5,716698629934481408,5927,Terry McLaurin,WR,7.0,1,1
2021,16,5,716698629934481408,5857,Noah Fant,TE,6.0,1,1
2021,16,5,716698629934481408,4351,Tim Patrick,WR,3.8,0,1
2021,16,5,716698629934481408,7527,Mac Jones,QB,3.6,0,1
2021,16,5,716698629934481408,5536,Dontrell Hilliard,RB,3.4,0,1
2021,16,5,716698629934481408,7594,Chuba Hubbard,RB,0.9,0,1
2021,16,5,716698629934481408,1144,Cole Beasley,WR,0,1,1
2021,16,5,716698629934481408,4455,Matt Breida,RB,0,0,1
2021,16,6,736740647758938112,5892,David Montgomery,RB,23.6,1,1
2021,16,6,736740647758938112,4039,Cooper Kupp,WR,21.3,1,1
2021,16,6,736740647758938112,96,Aaron Rodgers,QB,19.98,1,1
2021,16,6,736740647758938112,LAR,Los Angeles Rams,DEF,14.5,0,1
2021,16,6,736740647758938112,2078,Odell Beckham,WR,13.7,0,1
2021,16,6,736740647758938112,1825,Jarvis Landry,WR,9.5,0,1
2021,16,6,736740647758938112,4195,Jake Elliott,K,9.0,1,1
2021,16,6,736740647758938112,SEA,Seattle Seahawks,DEF,7.5,1,1
2021,16,6,736740647758938112,5967,Tony Pollard,RB,7.0,0,1
2021,16,6,736740647758938112,4171,Josh Reynolds,WR,5.6,0,1
2021,16,6,736740647758938112,138,Ben Roethlisberger,QB,5.36,1,1
2021,16,6,736740647758938112,830,A.J. Green,WR,4.3,0,1
2021,16,6,736740647758938112,4217,George Kittle,TE,4.1,1,1
2021,16,6,736740647758938112,3321,Tyreek Hill,WR,3.9,1,1
2021,16,6,736740647758938112,515,Rob Gronkowski,TE,3.3,1,1
2021,16,6,736740647758938112,2320,Melvin Gordon,RB,1.0,0,1
2021,16,6,736740647758938112,6955,James Robinson,RB,1.0,1,1
2021,16,6,736740647758938112,2391,David Johnson,RB,0,0,1
2021,16,6,736740647758938112,4227,Harrison Butker,K,0,0,1
2021,16,7,735974647736213504,7526,Jaylen Waddle,WR,25.2,1,1
2021,16,7,735974647736213504,PHI,Philadelphia Eagles,DEF,23.5,1,1
2021,16,7,735974647736213504,260,Josh Johnson,QB,17.16,1,1
2021,16,7,735974647736213504,5937,Diontae Johnson,WR,15.1,1,1
2021,16,7,735974647736213504,5284,Jeff Wilson,RB,14.7,1,1
2021,16,7,735974647736213504,7607,Michael Carter,RB,14.4,1,1
2021,16,7,735974647736213504,6803,Brandon Aiyuk,WR,14.0,0,1
2021,16,7,735974647736213504,GB,Green Bay Packers,DEF,12.0,0,1
2021,16,7,735974647736213504,6820,Clyde Edwards-Helaire,RB,10.1,1,1
2021,16,7,735974647736213504,5848,Marquise Brown,WR,9.4,1,1
2021,16,7,735974647736213504,2460,C.J. Uzomah,TE,8.6,1,1
2021,16,7,735974647736213504,6828,AJ Dillon,RB,8.6,0,1
2021,16,7,735974647736213504,4149,Jamaal Williams,RB,7.7,0,1
2021,16,7,735974647736213504,5095,Daniel Carlson,K,6.0,1,1
2021,16,7,735974647736213504,954,Cam Newton,QB,3.14,0,1
2021,16,7,735974647736213504,1466,Travis Kelce,TE,0,0,1
2021,16,7,735974647736213504,4881,Lamar Jackson,QB,0,0,1
2021,16,7,735974647736213504,6790,D'Andre Swift,RB,0,0,1
2021,16,7,735974647736213504,6943,Gabe Davis,WR,0,0,1
2021,16,8,736803054736822272,5890,Damien Harris,RB,28.3,0,1
2021,16,8,736803054736822272,3225,Tyler Boyd,WR,18.5,0,1
2021,16,8,736803054736822272,7066,K.J. Osborn,WR,17.8,0,1
2021,16,8,736803054736822272,4199,Aaron Jones,RB,13.7,1,1
2021,16,8,736803054736822272,5549,Darrel Williams,RB,11.5,0,1
2021,16,8,736803054736822272,TEN,Tennessee Titans,DEF,10.5,1,1
2021,16,8,736803054736822272,1266,Greg Zuerlein,K,8.0,1,1
2021,16,8,736803054736822272,2028,Derek Carr,QB,7.54,1,1
2021,16,8,736803054736822272,1689,Adam Thielen,WR,7.0,1,1
2021,16,8,736803054736822272,2374,Tyler Lockett,WR,6.0,1,1
2021,16,8,736803054736822272,421,Matthew Stafford,QB,5.68,1,1
2021,16,8,736803054736822272,ARI,Arizona Cardinals,DEF,5.5,0,1
2021,16,8,736803054736822272,4993,Mike Gesicki,TE,5.2,1,1
2021,16,8,736803054736822272,5980,Myles Gaskin,RB,2.6,1,1
2021,16,8,736803054736822272,947,Julio Jones,WR,1.7,1,1
2021,16,8,736803054736822272,2505,Darren Waller,TE,0,0,1
2021,16,8,736803054736822272,3664,J.D. McKissic,RB,0,0,1
2021,16,8,736803054736822272,4381,Taysom Hill,TE,0,0,1
2021,16,9,710284244835979264,2133,Davante Adams,WR,33.4,1,1
2021,16,9,710284244835979264,4018,Joe Mixon,RB,31.5,1,1
2021,16,9,710284244835979264,2309,Amari Cooper,WR,21.5,1,1
2021,16,9,710284244835979264,5849,Kyler Murray,QB,20.4,1,1
2021,16,9,710284244835979264,5846,DK Metcalf,WR,12.1,1,1
2021,16,9,710284244835979264,4950,Christian Kirk,WR,11.8,0,1
2021,16,9,710284244835979264,24,Matt Ryan,QB,11.6,1,1
2021,16,9,710284244835979264,3271,Tyler Higbee,TE,9.1,0,1
2021,16,9,710284244835979264,5906,Dawson Knox,TE,9.1,1,1
2021,16,9,710284244835979264,6768,Tua Tagovailoa,QB,8.02,0,1
2021,16,9,710284244835979264,5038,Michael Gallup,WR,7.3,0,1
2021,16,9,710284244835979264,MIN,Minnesota Vikings,DEF,7.0,0,1
2021,16,9,710284244835979264,5046,Royce Freeman,RB,3.4,0,1
2021,16,9,710284244835979264,5916,Darrell Henderson,RB,1.7,1,1
2021,16,9,710284244835979264,17,Matt Prater,K,1.0,1,1
2021,16,9,710284244835979264,7600,Pat Freiermuth,TE,0,0,1
2021,16,9,710284244835979264,NE,New England Patriots,DEF,-2.0,1,1
2021,16,9,710284244835979264,BAL,Baltimore Ravens,DEF,-5.0,0,1
2021,16,10,475399371639222272,6801,Tee Higgins,WR,43.4,1,1
2021,16,10,475399371639222272,6770,Joe Burrow,QB,38.1,1,1
2021,16,10,475399371639222272,MIA,Miami Dolphins,DEF,30.5,0,1
2021,16,10,475399371639222272,DAL,Dallas Cowboys,DEF,29.5,1,1
2021,16,10,475399371639222272,3164,Ezekiel Elliott,RB,17.2,1,1
2021,16,10,475399371639222272,391,Ryan Succop,K,16.0,1,1
2021,16,10,475399371639222272,167,Tom Brady,QB,14.38,1,1
2021,16,10,475399371639222272,7090,Darnell Mooney,WR,10.9,1,1
2021,16,10,475399371639222272,367,Jared Cook,TE,9.4,0,1
2021,16,10,475399371639222272,5133,Tyler Conklin,TE,8.4,1,1
2021,16,10,475399371639222272,4035,Alvin Kamara,RB,7.9,1,1
2021,16,10,475399371639222272,5045,Courtland Sutton,WR,7.3,0,1
2021,16,10,475399371639222272,2378,Tevin Coleman,RB,7.1,0,1
2021,16,10,475399371639222272,4131,Kenny Golladay,WR,5.2,0,1
2021,16,10,475399371639222272,4037,Chris Godwin,WR,0,0,1
2021,16,10,475399371639222272,4137,James Conner,RB,0,1,1
2021,16,10,475399371639222272,4981,Calvin Ridley,WR,0,0,1
2021,16,10,475399371639222272,7561,Elijah Mitchell,RB,0,0,1
2021,16,10,475399371639222272,7611,Rhamondre Stevenson,RB,0,0,1
2021,17,1,608781531883859968,7564,Ja'Marr Chase,WR,59.6,1,1
2021,17,1,608781531883859968,7547,Amon-Ra St. Brown,WR,35.4,0,1
2021,17,1,608781531883859968,4985,Rashaad Penny,RB,32.5,0,1
2021,17,1,608781531883859968,4984,Josh Allen,QB,20.9,1,1
2021,17,1,608781531883859968,7610,Trey Lance,QB,18.56,1,1
2021,17,1,608781531883859968,6813,Jonathan Taylor,RB,18.4,1,1
2021,17,1,608781531883859968,SF,San Francisco 49ers,DEF,16.5,1,1
2021,17,1,608781531883859968,1049,Ryan Tannehill,QB,12.0,0,1
2021,17,1,608781531883859968,6794,Justin Jefferson,WR,11.8,1,1
2021,17,1,608781531883859968,6819,Michael Pittman,WR,10.7,0,1
2021,17,1,608781531883859968,IND,Indianapolis Colts,DEF,10.5,0,1
2021,17,1,608781531883859968,2359,Ameer Abdullah,RB,9.2,0,1
2021,17,1,608781531883859968,7553,Kyle Pitts,TE,8.9,1,1
2021,17,1,608781531883859968,2319,DeVante Parker,WR,8.6,0,1
2021,17,1,608781531883859968,536,Antonio Brown,WR,5.6,1,1
2021,17,1,608781531883859968,5052,Ronald Jones,RB,3.7,1,1
2021,17,1,608781531883859968,7042,Tyler Bass,K,3.0,1,1
2021,17,1,608781531883859968,3969,Leonard Fournette,RB,0,0,1
2021,17,1,608781531883859968,6783,Jerry Jeudy,WR,0,0,1
2021,17,2,736077599457026048,7528,Najee Harris,RB,29.6,1,1
2021,17,2,736077599457026048,NO,New Orleans Saints,DEF,22.0,0,1
2021,17,2,736077599457026048,4046,Patrick Mahomes,QB,21.36,1,1
2021,17,2,736077599457026048,5947,Jakobi Meyers,WR,21.3,0,1
2021,17,2,736077599457026048,5955,Hunter Renfrow,WR,20.6,1,1
2021,17,2,736077599457026048,4962,Sony Michel,RB,18.9,0,1
2021,17,2,736077599457026048,5872,Deebo Samuel,WR,17.2,1,1
2021,17,2,736077599457026048,5001,Dalton Schultz,TE,11.4,1,1
2021,17,2,736077599457026048,4866,Saquon Barkley,RB,10.2,0,1
2021,17,2,736077599457026048,6786,CeeDee Lamb,WR,8.1,1,1
2021,17,2,736077599457026048,5859,A.J. Brown,WR,6.1,0,1
2021,17,2,736077599457026048,TB,Tampa Bay Buccaneers,DEF,6.0,1,1
2021,17,2,736077599457026048,5987,Alexander Mattison,RB,5.3,0,1
2021,17,2,736077599457026048,7588,Javonte Williams,RB,4.2,0,1
2021,17,2,736077599457026048,6083,Matt Gay,K,1.0,1,1
2021,17,2,736077599457026048,1837,Jimmy Garoppolo,QB,0,1,1
2021,17,2,736077599457026048,2152,Teddy Bridgewater,QB,0,0,1
2021,17,2,736077599457026048,5844,T.J. Hockenson,TE,0,0,1
2021,17,2,736077599457026048,6938,Cam Akers,RB,0,0,1
2021,17,2,736077599457026048,6945,Antonio Gibson,RB,0,1,1
2021,17,3,737091087440674816,1234,Russell Wilson,QB,27.34,1,1
2021,17,3,737091087440674816,6130,Devin Singletary,RB,23.0,0,1
2021,17,3,737091087440674816,4068,Mike Williams,WR,15.3,1,1
2021,17,3,737091087440674816,LAC,Los Angeles Chargers,DEF,15.0,1,1
2021,17,3,737091087440674816,5012,Mark Andrews,TE,14.9,1,1
2021,17,3,737091087440674816,5000,Chase Edmonds,RB,13.2,0,1
2021,17,3,737091087440674816,5022,Dallas Goedert,TE,13.1,0,1
2021,17,3,737091087440674816,7571,Rashod Bateman,WR,12.8,0,1
2021,17,3,737091087440674816,1110,T.Y. Hilton,WR,11.5,0,1
2021,17,3,737091087440674816,3161,Carson Wentz,QB,10.42,1,1
2021,17,3,737091087440674816,2449,Stefon Diggs,WR,9.7,1,1
2021,17,3,737091087440674816,4892,Baker Mayfield,QB,8.5,0,1
2021,17,3,737091087440674816,7525,DeVonta Smith,WR,8.4,0,1
2021,17,3,737091087440674816,1535,Cordarrelle Patterson,RB,7.2,1,1
2021,17,3,737091087440674816,4666,Younghoe Koo,K,7.0,1,1
2021,17,3,737091087440674816,4029,Dalvin Cook,RB,4.3,1,1
2021,17,3,737091087440674816,6151,Miles Sanders,RB,0,1,1
2021,17,3,737091087440674816,7496,Nick Westbrook-Ikhine,WR,0,0,1
2021,17,3,737091087440674816,7596,Elijah Moore,WR,0,0,1
2021,17,4,736744257179770880,4663,Austin Ekeler,RB,20.2,1,1
2021,17,4,736744257179770880,2197,Brandin Cooks,WR,19.6,1,1
2021,17,4,736744257179770880,4111,D'Onta Foreman,RB,19.2,1,1
2021,17,4,736744257179770880,6797,Justin Herbert,QB,17.68,1,1
2021,17,4,736744257179770880,1264,Justin Tucker,K,15.0,1,1
2021,17,4,736744257179770880,2216,Mike Evans,WR,14.7,0,1
2021,17,4,736744257179770880,6904,Jalen Hurts,QB,12.46,1,1
2021,17,4,736744257179770880,1339,Zach Ertz,TE,11.1,1,1
2021,17,4,736744257179770880,6853,Van Jefferson,WR,10.3,1,1
2021,17,4,736744257179770880,CLE,Cleveland Browns,DEF,9.5,1,1
2021,17,4,736744257179770880,5131,Justin Jackson,RB,9.1,0,1
2021,17,4,736744257179770880,2168,Devonta Freeman,RB,8.7,0,1
2021,17,4,736744257179770880,5110,Russell Gage,WR,8.0,0,1
2021,17,4,736744257179770880,3214,Hunter Henry,TE,6.7,0,1
2021,17,4,736744257179770880,5347,Nyheim Miller-Hines,RB,5.8,1,1
2021,17,4,736744257179770880,6886,Chase Claypool,WR,4.7,0,1
2021,17,4,736744257179770880,3198,Derrick Henry,RB,0,0,1
2021,17,4,736744257179770880,4098,Kareem Hunt,RB,0,0,1
2021,17,4,736744257179770880,7591,Justin Fields,QB,0,0,1
2021,17,5,716698629934481408,7527,Mac Jones,QB,22.28,0,1
2021,17,5,716698629934481408,5857,Noah Fant,TE,21.2,1,1
2021,17,5,716698629934481408,3294,Dak Prescott,QB,20.54,1,1
2021,17,5,716698629934481408,5850,Josh Jacobs,RB,18.0,1,1
2021,17,5,716698629934481408,5536,Dontrell Hilliard,RB,16.8,0,1
2021,17,5,716698629934481408,BUF,Buffalo Bills,DEF,16.0,1,1
2021,17,5,716698629934481408,7594,Chuba Hubbard,RB,15.8,0,1
2021,17,5,716698629934481408,1479,Keenan Allen,WR,14.4,1,1
2021,17,5,716698629934481408,5927,Terry McLaurin,WR,13.1,1,1
2021,17,5,716698629934481408,1348,Dustin Hopkins,K,9.0,1,1
2021,17,5,716698629934481408,1144,Cole Beasley,WR,6.2,1,1
2021,17,5,716698629934481408,4983,DJ Moore,WR,5.9,0,1
2021,17,5,716698629934481408,4988,Nick Chubb,RB,5.8,1,1
2021,17,5,716698629934481408,KC,Kansas City Chiefs,DEF,1.5,0,1
2021,17,5,716698629934481408,1166,Kirk Cousins,QB,0,1,1
2021,17,5,716698629934481408,4351,Tim Patrick,WR,0,0,1
2021,17,5,716698629934481408,4455,Matt Breida,RB,0,0,1
2021,17,6,736740647758938112,CHI,Chicago Bears,DEF,28.5,1,1
2021,17,6,736740647758938112,4039,Cooper Kupp,WR,21.5,1,1
2021,17,6,736740647758938112,96,Aaron Rodgers,QB,20.82,1,1
2021,17,6,736740647758938112,5892,David Montgomery,RB,20.1,1,1
2021,17,6,736740647758938112,515,Rob Gronkowski,TE,18.5,1,1
2021,17,6,736740647758938112,LAR,Los Angeles Rams,DEF,17.0,0,1
2021,17,6,736740647758938112,2078,Odell Beckham,WR,14.9,0,1
2021,17,6,736740647758938112,830,A.J. Green,WR,10.4,0,1
2021,17,6,736740647758938112,2320,Melvin Gordon,RB,10.2,0,1
2021,17,6,736740647758938112,3321,Tyreek Hill,WR,10.2,1,1
2021,17,6,736740647758938112,1825,Jarvis Landry,WR,8.9,0,1
2021,17,6,736740647758938112,5967,Tony Pollard,RB,8.8,1,1
2021,17,6,736740647758938112,650,Nick Folk,K,8.0,1,1
2021,17,6,736740647758938112,4227,Harrison Butker,K,7.0,0,1
2021,17,6,736740647758938112,SEA,Seattle Seahawks,DEF,7.0,0,1
2021,17,6,736740647758938112,138,Ben Roethlisberger,QB,4.82,1,1
2021,17,6,736740647758938112,4217,George Kittle,TE,4.5,1,1
2021,17,6,736740647758938112,2391,David Johnson,RB,0,0,1
2021,17,7,735974647736213504,6828,AJ Dillon,RB,22.3,0,1
2021,17,7,735974647736213504,5937,Diontae Johnson,WR,17.1,1,1
2021,17,7,735974647736213504,1466,Travis Kelce,TE,13.4,0,1
2021,17,7,735974647736213504,4149,Jamaal Williams,RB,13.4,0,1
2021,17,7,735974647736213504,5095,Daniel Carlson,K,13.0,0,1
2021,17,7,735974647736213504,6803,Brandon Aiyuk,WR,12.4,0,1
2021,17,7,735974647736213504,GB,Green Bay Packers,DEF,12.0,0,1
2021,17,7,735974647736213504,PHI,Philadelphia Eagles,DEF,8.5,0,1
2021,17,7,735974647736213504,7526,Jaylen Waddle,WR,7.7,1,1
2021,17,7,735974647736213504,7607,Michael Carter,RB,7.3,0,1
2021,17,7,735974647736213504,2460,C.J. Uzomah,TE,7.2,0,1
2021,17,7,735974647736213504,6943,Gabe Davis,WR,7.0,0,1
2021,17,7,735974647736213504,6790,D'Andre Swift,RB,5.9,1,1
2021,17,7,735974647736213504,5848,Marquise Brown,WR,3.8,0,1
2021,17,7,735974647736213504,954,Cam Newton,QB,0.5,0,1
2021,17,7,735974647736213504,260,Josh Johnson,QB,0,0,1
2021,17,7,735974647736213504,4881,Lamar Jackson,QB,0,0,1
2021,17,7,735974647736213504,5284,Jeff Wilson,RB,0,0,1
2021,17,7,735974647736213504,6820,Clyde Edwards-Helaire,RB,0,0,1
2021,17,8,736803054736822272,5549,Darrel Williams,RB,25.7,0,1
2021,17,8,736803054736822272,TEN,Tennessee Titans,DEF,20.0,1,1
2021,17,8,736803054736822272,5890,Damien Harris,RB,17.7,0,1
2021,17,8,736803054736822272,4381,Taysom Hill,TE,16.38,0,1
2021,17,8,736803054736822272,4199,Aaron Jones,RB,15.6,1,1
2021,17,8,736803054736822272,421,Matthew Stafford,QB,14.26,1,1
2021,17,8,736803054736822272,7066,K.J. Osborn,WR,14.0,0,1
2021,17,8,736803054736822272,3225,Tyler Boyd,WR,13.6,0,1
2021,17,8,736803054736822272,2374,Tyler Lockett,WR,12.1,1,1
2021,17,8,736803054736822272,2028,Derek Carr,QB,9.2,1,1
2021,17,8,736803054736822272,4993,Mike Gesicki,TE,9.1,1,1
2021,17,8,736803054736822272,ARI,Arizona Cardinals,DEF,8.5,0,1
2021,17,8,736803054736822272,5980,Myles Gaskin,RB,2.3,1,1
2021,17,8,736803054736822272,1266,Greg Zuerlein,K,1.0,1,1
2021,17,8,736803054736822272,1689,Adam Thielen,WR,0,1,1
2021,17,8,736803054736822272,2505,Darren Waller,TE,0,0,1
2021,17,8,736803054736822272,3664,J.D. McKissic,RB,0,0,1
2021,17,8,736803054736822272,947,Julio Jones,WR,0,1,1
2021,17,9,710284244835979264,5846,DK Metcalf,WR,30.9,1,1
2021,17,9,710284244835979264,2133,Davante Adams,WR,30.6,1,1
2021,17,9,710284244835979264,5849,Kyler Murray,QB,22.92,1,1
2021,17,9,710284244835979264,BAL,Baltimore Ravens,DEF,16.5,0,1
2021,17,9,710284244835979264,NE,New England Patriots,DEF,16.5,1,1
2021,17,9,710284244835979264,4018,Joe Mixon,RB,15.6,1,1
2021,17,9,710284244835979264,17,Matt Prater,K,15.0,1,1
2021,17,9,710284244835979264,4950,Christian Kirk,WR,13.9,0,1
2021,17,9,710284244835979264,3271,Tyler Higbee,TE,12.9,0,1
2021,17,9,710284244835979264,5038,Michael Gallup,WR,12.6,0,1
2021,17,9,710284244835979264,2309,Amari Cooper,WR,10.8,1,1
2021,17,9,710284244835979264,7600,Pat Freiermuth,TE,7.2,0,1
2021,17,9,710284244835979264,24,Matt Ryan,QB,4.08,1,1
2021,17,9,710284244835979264,5046,Royce Freeman,RB,2.5,0,1
2021,17,9,710284244835979264,6768,Tua Tagovailoa,QB,0.3,0,1
2021,17,9,710284244835979264,5906,Dawson Knox,TE,0,1,1
2021,17,9,710284244835979264,5916,Darrell Henderson,RB,0,1,1
2021,17,9,710284244835979264,MIN,Minnesota Vikings,DEF,-5.5,0,1
2021,17,10,475399371639222272,6770,Joe Burrow,QB,34.34,1,1
2021,17,10,475399371639222272,167,Tom Brady,QB,27.4,1,1
2021,17,10,475399371639222272,7611,Rhamondre Stevenson,RB,22.7,0,1
2021,17,10,475399371639222272,4035,Alvin Kamara,RB,21.0,1,1
2021,17,10,475399371639222272,7561,Elijah Mitchell,RB,21.0,1,1
2021,17,10,475399371639222272,7090,Darnell Mooney,WR,19.9,1,1
2021,17,10,475399371639222272,5133,Tyler Conklin,TE,9.7,1,1
2021,17,10,475399371639222272,6801,Tee Higgins,WR,9.2,1,1
2021,17,10,475399371639222272,5045,Courtland Sutton,WR,9.0,0,1
2021,17,10,475399371639222272,391,Ryan Succop,K,8.0,1,1
2021,17,10,475399371639222272,3164,Ezekiel Elliott,RB,4.0,1,1
2021,17,10,475399371639222272,MIA,Miami Dolphins,DEF,3.5,0,1
2021,17,10,475399371639222272,DAL,Dallas Cowboys,DEF,3.0,1,1
2021,17,10,475399371639222272,2378,Tevin Coleman,RB,0,0,1
2021,17,10,475399371639222272,367,Jared Cook,TE,0,0,1
2021,17,10,475399371639222272,4037,Chris Godwin,WR,0,0,1
2021,17,10,475399371639222272,4131,Kenny Golladay,WR,0,0,1
2021,17,10,475399371639222272,4137,James Conner,RB,0,0,1
2021,17,10,475399371639222272,4981,Calvin Ridley,WR,0,0,1
2021,18,1,608781531883859968,1049,Ryan Tannehill,QB,26.78,1,1
2021,18,1,608781531883859968,7547,Amon-Ra St. Brown,WR,26.1,1,1
2021,18,1,608781531883859968,4985,Rashaad Penny,RB,26.0,1,1
2021,18,1,608781531883859968,4984,Josh Allen,QB,23.86,1,1
2021,18,1,608781531883859968,6794,Justin Jefferson,WR,22.1,1,1
2021,18,1,608781531883859968,6819,Michael Pittman,WR,20.4,0,1
2021,18,1,608781531883859968,2359,Ameer Abdullah,RB,17.2,0,1
2021,18,1,608781531883859968,SF,San Francisco 49ers,DEF,13.0,0,1
2021,18,1,608781531883859968,6813,Jonathan Taylor,RB,12.5,1,1
2021,18,1,608781531883859968,7042,Tyler Bass,K,10.0,1,1
2021,18,1,608781531883859968,6783,Jerry Jeudy,WR,5.0,0,1
2021,18,1,608781531883859968,7564,Ja'Marr Chase,WR,4.6,1,1
2021,18,1,608781531883859968,IND,Indianapolis Colts,DEF,4.0,1,1
2021,18,1,608781531883859968,2319,DeVante Parker,WR,3.2,0,1
2021,18,1,608781531883859968,7553,Kyle Pitts,TE,2.8,1,1
2021,18,1,608781531883859968,3969,Leonard Fournette,RB,0,0,1
2021,18,1,608781531883859968,5052,Ronald Jones,RB,0,0,1
2021,18,1,608781531883859968,7610,Trey Lance,QB,0,0,1
2021,18,2,736077599457026048,5872,Deebo Samuel,WR,28.96,1,1
2021,18,2,736077599457026048,4046,Patrick Mahomes,QB,26.2,1,1
2021,18,2,736077599457026048,6945,Antonio Gibson,RB,22.1,1,1
2021,18,2,736077599457026048,5001,Dalton Schultz,TE,17.1,1,1
2021,18,2,736077599457026048,NO,New Orleans Saints,DEF,17.0,0,1
2021,18,2,736077599457026048,5955,Hunter Renfrow,WR,16.9,1,1
2021,18,2,736077599457026048,5859,A.J. Brown,WR,16.8,0,1
2021,18,2,736077599457026048,TB,Tampa Bay Buccaneers,DEF,11.0,1,1
2021,18,2,736077599457026048,1837,Jimmy Garoppolo,QB,10.24,1,1
2021,18,2,736077599457026048,7528,Najee Harris,RB,9.5,1,1
2021,18,2,736077599457026048,5947,Jakobi Meyers,WR,9.0,0,1
2021,18,2,736077599457026048,7588,Javonte Williams,RB,8.4,0,1
2021,18,2,736077599457026048,4866,Saquon Barkley,RB,7.9,0,1
2021,18,2,736077599457026048,6083,Matt Gay,K,7.0,1,1
2021,18,2,736077599457026048,6786,CeeDee Lamb,WR,6.5,1,1
2021,18,2,736077599457026048,4962,Sony Michel,RB,5.9,0,1
2021,18,2,736077599457026048,6938,Cam Akers,RB,4.3,0,1
2021,18,2,736077599457026048,5987,Alexander Mattison,RB,3.1,0,1
2021,18,2,736077599457026048,2152,Teddy Bridgewater,QB,0,0,1
2021,18,2,736077599457026048,5844,T.J. Hockenson,TE,0,0,1
2021,18,3,737091087440674816,4068,Mike Williams,WR,26.9,1,1
2021,18,3,737091087440674816,6130,Devin Singletary,RB,25.2,0,1
2021,18,3,737091087440674816,1234,Russell Wilson,QB,23.52,1,1
2021,18,3,737091087440674816,2449,Stefon Diggs,WR,23.1,1,1
2021,18,3,737091087440674816,7496,Nick Westbrook-Ikhine,WR,17.8,0,1
2021,18,3,737091087440674816,5012,Mark Andrews,TE,16.5,1,1
2021,18,3,737091087440674816,4666,Younghoe Koo,K,11.0,1,1
2021,18,3,737091087440674816,4029,Dalvin Cook,RB,9.2,1,1
2021,18,3,737091087440674816,3161,Carson Wentz,QB,8.1,1,1
2021,18,3,737091087440674816,7525,DeVonta Smith,WR,7.1,0,1
2021,18,3,737091087440674816,1110,T.Y. Hilton,WR,5.9,0,1
2021,18,3,737091087440674816,7571,Rashod Bateman,WR,4.2,0,1
2021,18,3,737091087440674816,LAC,Los Angeles Chargers,DEF,4.0,1,1
2021,18,3,737091087440674816,1535,Cordarrelle Patterson,RB,2.2,1,1
2021,18,3,737091087440674816,4892,Baker Mayfield,QB,0,0,1
2021,18,3,737091087440674816,5000,Chase Edmonds,RB,0,0,1
2021,18,3,737091087440674816,5022,Dallas Goedert,TE,0,0,1
2021,18,3,737091087440674816,6151,Miles Sanders,RB,0,1,1
2021,18,3,737091087440674816,7596,Elijah Moore,WR,0,0,1
2021,18,4,736744257179770880,4663,Austin Ekeler,RB,28.9,1,1
2021,18,4,736744257179770880,5110,Russell Gage,WR,27.6,0,1
2021,18,4,736744257179770880,2216,Mike Evans,WR,26.9,0,1
2021,18,4,736744257179770880,6797,Justin Herbert,QB,26.42,1,1
2021,18,4,736744257179770880,6886,Chase Claypool,WR,18.0,0,1
2021,18,4,736744257179770880,1339,Zach Ertz,TE,15.4,1,1
2021,18,4,736744257179770880,CLE,Cleveland Browns,DEF,14.5,1,1
2021,18,4,736744257179770880,3214,Hunter Henry,TE,13.6,0,1
2021,18,4,736744257179770880,4111,D'Onta Foreman,RB,8.4,1,1
2021,18,4,736744257179770880,1264,Justin Tucker,K,8.0,1,1
2021,18,4,736744257179770880,2197,Brandin Cooks,WR,5.6,1,1
2021,18,4,736744257179770880,6853,Van Jefferson,WR,5.1,1,1
2021,18,4,736744257179770880,2168,Devonta Freeman,RB,4.7,0,1
2021,18,4,736744257179770880,5347,Nyheim Miller-Hines,RB,2.9,1,1
2021,18,4,736744257179770880,5131,Justin Jackson,RB,2.0,0,1
2021,18,4,736744257179770880,3198,Derrick Henry,RB,0,0,1
2021,18,4,736744257179770880,4098,Kareem Hunt,RB,0,0,1
2021,18,4,736744257179770880,6904,Jalen Hurts,QB,0,1,1
2021,18,4,736744257179770880,7591,Justin Fields,QB,0,0,1
2021,18,5,716698629934481408,3294,Dak Prescott,QB,31.3,1,1
2021,18,5,716698629934481408,BUF,Buffalo Bills,DEF,25.0,1,1
2021,18,5,716698629934481408,5850,Josh Jacobs,RB,22.4,1,1
2021,18,5,716698629934481408,1166,Kirk Cousins,QB,19.4,1,1
2021,18,5,716698629934481408,4983,DJ Moore,WR,17.0,0,1
2021,18,5,716698629934481408,4351,Tim Patrick,WR,15.5,0,1
2021,18,5,716698629934481408,7594,Chuba Hubbard,RB,13.6,0,1
2021,18,5,716698629934481408,5927,Terry McLaurin,WR,13.3,1,1
2021,18,5,716698629934481408,KC,Kansas City Chiefs,DEF,12.0,0,1
2021,18,5,716698629934481408,1479,Keenan Allen,WR,11.2,1,1
2021,18,5,716698629934481408,7527,Mac Jones,QB,9.84,0,1
2021,18,5,716698629934481408,4988,Nick Chubb,RB,7.0,1,1
2021,18,5,716698629934481408,5536,Dontrell Hilliard,RB,6.8,0,1
2021,18,5,716698629934481408,1144,Cole Beasley,WR,6.1,1,1
2021,18,5,716698629934481408,1348,Dustin Hopkins,K,6.0,1,1
2021,18,5,716698629934481408,5857,Noah Fant,TE,2.6,1,1
2021,18,5,716698629934481408,4455,Matt Breida,RB,0,0,1
2021,18,6,736740647758938112,4039,Cooper Kupp,WR,26.6,1,1
2021,18,6,736740647758938112,515,Rob Gronkowski,TE,20.7,1,1
2021,18,6,736740647758938112,1825,Jarvis Landry,WR,19.5,0,1
2021,18,6,736740647758938112,2320,Melvin Gordon,RB,16.6,0,1
2021,18,6,736740647758938112,96,Aaron Rodgers,QB,12.72,1,1
2021,18,6,736740647758938112,138,Ben Roethlisberger,QB,11.36,1,1
2021,18,6,736740647758938112,SEA,Seattle Seahawks,DEF,11.0,0,1
2021,18,6,736740647758938112,4227,Harrison Butker,K,10.0,0,1
2021,18,6,736740647758938112,5892,David Montgomery,RB,9.9,1,1
2021,18,6,736740647758938112,CHI,Chicago Bears,DEF,8.5,1,1
2021,18,6,736740647758938112,LAR,Los Angeles Rams,DEF,8.5,0,1
2021,18,6,736740647758938112,650,Nick Folk,K,7.0,1,1
2021,18,6,736740647758938112,2391,David Johnson,RB,6.6,0,1
2021,18,6,736740647758938112,830,A.J. Green,WR,6.3,0,1
2021,18,6,736740647758938112,4217,George Kittle,TE,6.0,1,1
2021,18,6,736740647758938112,2078,Odell Beckham,WR,3.8,0,1
2021,18,6,736740647758938112,3321,Tyreek Hill,WR,1.2,1,1
2021,18,6,736740647758938112,5967,Tony Pollard,RB,0,1,1
2021,18,7,735974647736213504,5095,Daniel Carlson,K,21.0,1,1
2021,18,7,735974647736213504,6803,Brandon Aiyuk,WR,16.7,0,1
2021,18,7,735974647736213504,6790,D'Andre Swift,RB,14.6,0,1
2021,18,7,735974647736213504,7526,Jaylen Waddle,WR,13.7,1,1
2021,18,7,735974647736213504,1466,Travis Kelce,TE,13.4,0,1
2021,18,7,735974647736213504,5937,Diontae Johnson,WR,12.1,1,1
2021,18,7,735974647736213504,6828,AJ Dillon,RB,7.7,0,1
2021,18,7,735974647736213504,6943,Gabe Davis,WR,6.9,0,1
2021,18,7,735974647736213504,4149,Jamaal Williams,RB,6.2,0,1
2021,18,7,735974647736213504,5848,Marquise Brown,WR,5.7,1,1
2021,18,7,735974647736213504,7607,Michael Carter,RB,1.9,1,1
2021,18,7,735974647736213504,2460,C.J. Uzomah,TE,0,1,1
2021,18,7,735974647736213504,260,Josh Johnson,QB,0,1,1
2021,18,7,735974647736213504,4881,Lamar Jackson,QB,0,0,1
2021,18,7,735974647736213504,5284,Jeff Wilson,RB,0,1,1
2021,18,7,735974647736213504,6820,Clyde Edwards-Helaire,RB,0,1,1
2021,18,7,735974647736213504,954,Cam Newton,QB,0,0,1
2021,18,7,735974647736213504,GB,Green Bay Packers,DEF,-3.0,0,1
2021,18,7,735974647736213504,PHI,Philadelphia Eagles,DEF,-4.5,1,1
2021,18,8,736803054736822272,2374,Tyler Lockett,WR,27.0,1,1
2021,18,8,736803054736822272,5890,Damien Harris,RB,17.3,0,1
2021,18,8,736803054736822272,947,Julio Jones,WR,16.8,1,1
2021,18,8,736803054736822272,421,Matthew Stafford,QB,15.02,1,1
2021,18,8,736803054736822272,2028,Derek Carr,QB,12.84,1,1
2021,18,8,736803054736822272,4381,Taysom Hill,TE,10.08,0,1
2021,18,8,736803054736822272,7066,K.J. Osborn,WR,9.1,0,1
2021,18,8,736803054736822272,1266,Greg Zuerlein,K,9.0,1,1
2021,18,8,736803054736822272,5549,Darrel Williams,RB,7.7,0,1
2021,18,8,736803054736822272,ARI,Arizona Cardinals,DEF,7.0,0,1
2021,18,8,736803054736822272,2505,Darren Waller,TE,4.2,0,1
2021,18,8,736803054736822272,4993,Mike Gesicki,TE,4.2,1,1
2021,18,8,736803054736822272,5980,Myles Gaskin,RB,4.0,1,1
2021,18,8,736803054736822272,TEN,Tennessee Titans,DEF,4.0,1,1
2021,18,8,736803054736822272,1689,Adam Thielen,WR,0,1,1
2021,18,8,736803054736822272,3225,Tyler Boyd,WR,0,0,1
2021,18,8,736803054736822272,3664,J.D. McKissic,RB,0,0,1
2021,18,8,736803054736822272,4199,Aaron Jones,RB,0,1,1
2021,18,9,710284244835979264,3271,Tyler Higbee,TE,23.5,0,1
2021,18,9,710284244835979264,MIN,Minnesota Vikings,DEF,19.0,0,1
2021,18,9,710284244835979264,5849,Kyler Murray,QB,15.1,1,1
2021,18,9,710284244835979264,17,Matt Prater,K,13.0,1,1
2021,18,9,710284244835979264,2309,Amari Cooper,WR,12.9,1,1
2021,18,9,710284244835979264,6768,Tua Tagovailoa,QB,11.66,0,1
2021,18,9,710284244835979264,2133,Davante Adams,WR,11.5,1,1
2021,18,9,710284244835979264,7600,Pat Freiermuth,TE,11.3,0,1
2021,18,9,710284244835979264,5846,DK Metcalf,WR,10.8,1,1
2021,18,9,710284244835979264,BAL,Baltimore Ravens,DEF,8.5,0,1
2021,18,9,710284244835979264,24,Matt Ryan,QB,8.34,1,1
2021,18,9,710284244835979264,5906,Dawson Knox,TE,8.3,1,1
2021,18,9,710284244835979264,4950,Christian Kirk,WR,6.3,0,1
2021,18,9,710284244835979264,NE,New England Patriots,DEF,5.5,1,1
2021,18,9,710284244835979264,4018,Joe Mixon,RB,0,1,1
2021,18,9,710284244835979264,5038,Michael Gallup,WR,0,0,1
2021,18,9,710284244835979264,5046,Royce Freeman,RB,0,0,1
2021,18,9,710284244835979264,5916,Darrell Henderson,RB,0,1,1
2021,18,10,475399371639222272,4137,James Conner,RB,27.3,0,1
2021,18,10,475399371639222272,167,Tom Brady,QB,25.04,1,1
2021,18,10,475399371639222272,7090,Darnell Mooney,WR,24.6,1,1
2021,18,10,475399371639222272,MIA,Miami Dolphins,DEF,21.0,0,1
2021,18,10,475399371639222272,4035,Alvin Kamara,RB,18.2,1,1
2021,18,10,475399371639222272,367,Jared Cook,TE,12.0,0,1
2021,18,10,475399371639222272,391,Ryan Succop,K,11.0,1,1
2021,18,10,475399371639222272,3164,Ezekiel Elliott,RB,10.0,1,1
2021,18,10,475399371639222272,7561,Elijah Mitchell,RB,8.5,1,1
2021,18,10,475399371639222272,DAL,Dallas Cowboys,DEF,8.0,1,1
2021,18,10,475399371639222272,4131,Kenny Golladay,WR,5.2,0,1
2021,18,10,475399371639222272,7611,Rhamondre Stevenson,RB,4.6,0,1
2021,18,10,475399371639222272,5045,Courtland Sutton,WR,2.94,0,1
2021,18,10,475399371639222272,5133,Tyler Conklin,TE,2.6,1,1
2021,18,10,475399371639222272,2378,Tevin Coleman,RB,0.6,0,1
2021,18,10,475399371639222272,4037,Chris Godwin,WR,0,0,1
2021,18,10,475399371639222272,4981,Calvin Ridley,WR,0,0,1
2021,18,10,475399371639222272,6770,Joe Burrow,QB,0,1,1
2021,18,10,475399371639222272,6801,Tee Higgins,WR,0,1,1
