season,transaction_id,week,type,status,created_ms,created_date,roster_id,manager,action,player_id,player_name,position,faab_bid
2023,1007528387286945792,1,waiver,complete,1694575995802,2023-09-12,9,brockhusk,add,5995,Justice Hill,RB,15
2023,1007528387286945792,1,waiver,complete,1694575995802,2023-09-12,9,brockhusk,drop,5890,Damien Harris,RB,
2023,1007528256680550400,1,waiver,failed,1694575964663,2023-09-12,9,brockhusk,add,9493,Puka Nacua,WR,25
2023,1007528256680550400,1,waiver,failed,1694575964663,2023-09-12,9,brockhusk,drop,5890,Damien Harris,RB,
2023,1007497474248855552,1,trade,complete,1694568625559,2023-09-12,7,KingTowsk,add,8183,Brock Purdy,QB,
2023,1007497474248855552,1,trade,complete,1694568625559,2023-09-12,10,cc5597,add,9488,Jaxon Smith-Njigba,WR,
2023,1007497474248855552,1,trade,complete,1694568625559,2023-09-12,10,cc5597,add,9758,C.J. Stroud,QB,
2023,1007497474248855552,1,trade,complete,1694568625559,2023-09-12,10,cc5597,drop,8183,Brock Purdy,QB,
2023,1007497474248855552,1,trade,complete,1694568625559,2023-09-12,7,KingTowsk,drop,9488,Jaxon Smith-Njigba,WR,
2023,1007497474248855552,1,trade,complete,1694568625559,2023-09-12,7,KingTowsk,drop,9758,C.J. Stroud,QB,
2023,1007478533479776256,1,waiver,failed,1694564109728,2023-09-12,1,bgreenblatt,add,9493,Puka Nacua,WR,25
2023,1007478533479776256,1,waiver,failed,1694564109728,2023-09-12,1,bgreenblatt,drop,9482,Michael Mayer,TE,
2023,1007466813539659776,1,waiver,failed,1694561315477,2023-09-12,1,bgreenblatt,add,5995,Justice Hill,RB,0
2023,1007466813539659776,1,waiver,failed,1694561315477,2023-09-12,1,bgreenblatt,drop,6945,Antonio Gibson,RB,
2023,1007442444771815424,1,waiver,failed,1694555505510,2023-09-12,7,KingTowsk,add,8188,Tyquan Thornton,WR,0
2023,1007442444771815424,1,waiver,failed,1694555505510,2023-09-12,7,KingTowsk,drop,4029,Dalvin Cook,RB,
2023,1007442417521418240,1,waiver,failed,1694555499013,2023-09-12,7,KingTowsk,add,8188,Tyquan Thornton,WR,0
2023,1007442000699867136,1,waiver,complete,1694555399635,2023-09-12,7,KingTowsk,add,9493,Puka Nacua,WR,41
2023,1007440132867252224,1,waiver,failed,1694554954309,2023-09-12,7,KingTowsk,add,4454,Kendrick Bourne,WR,0
2023,1007440132867252224,1,waiver,failed,1694554954309,2023-09-12,7,KingTowsk,drop,4029,Dalvin Cook,RB,
2023,1007439581853151232,1,waiver,failed,1694554822937,2023-09-12,7,KingTowsk,add,5947,Jakobi Meyers,WR,6
2023,1007439581853151232,1,waiver,failed,1694554822937,2023-09-12,7,KingTowsk,drop,4029,Dalvin Cook,RB,
2023,1007376623923998720,1,waiver,complete,1694539812597,2023-09-12,6,JSanDusky69,add,4080,Zay Jones,WR,0
2023,1007376584539570176,1,waiver,failed,1694539803207,2023-09-12,6,JSanDusky69,add,2749,Raheem Mostert,RB,0
2023,1007376485541416960,1,waiver,failed,1694539779604,2023-09-12,6,JSanDusky69,add,7567,Kenny Gainwell,RB,0
2023,1007376263469682688,1,free_agent,complete,1694539726658,2023-09-12,6,JSanDusky69,drop,7551,Deon Jackson,RB,
2023,1007367780007604224,1,waiver,failed,1694537704043,2023-09-12,7,KingTowsk,add,7922,Riley Patterson,K,0
2023,1007367780007604224,1,waiver,failed,1694537704043,2023-09-12,7,KingTowsk,drop,4666,Younghoe Koo,K,
2023,1007367712449929216,1,waiver,complete,1694537687936,2023-09-12,7,KingTowsk,add,6083,Matt Gay,K,0
2023,1007367712449929216,1,waiver,complete,1694537687936,2023-09-12,7,KingTowsk,drop,4666,Younghoe Koo,K,
2023,1007367453060534272,1,waiver,failed,1694537626092,2023-09-12,7,KingTowsk,add,TB,Tampa Bay Buccaneers,DEF,0
2023,1007367453060534272,1,waiver,failed,1694537626092,2023-09-12,7,KingTowsk,drop,ATL,Atlanta Falcons,DEF,
2023,1007367320471236608,1,waiver,failed,1694537594481,2023-09-12,7,KingTowsk,add,NYG,New York Giants,DEF,0
2023,1007367320471236608,1,waiver,failed,1694537594481,2023-09-12,7,KingTowsk,drop,ATL,Atlanta Falcons,DEF,
2023,1007367280734441472,1,waiver,complete,1694537585007,2023-09-12,7,KingTowsk,add,DEN,Denver Broncos,DEF,5
2023,1007367280734441472,1,waiver,complete,1694537585007,2023-09-12,7,KingTowsk,drop,ATL,Atlanta Falcons,DEF,
2023,1007349362852192256,1,free_agent,complete,1694533313051,2023-09-12,7,KingTowsk,drop,96,Aaron Rodgers,QB,
2023,1007330168075595776,1,waiver,complete,1694528736659,2023-09-12,1,bgreenblatt,add,7045,Joshua Kelley,RB,0
2023,1007330168075595776,1,waiver,complete,1694528736659,2023-09-12,1,bgreenblatt,drop,6945,Antonio Gibson,RB,
2023,1007305988968947712,1,waiver,failed,1694522971911,2023-09-12,4,jdrobny,add,9493,Puka Nacua,WR,23
2023,1007305988968947712,1,waiver,failed,1694522971911,2023-09-12,4,jdrobny,drop,2078,Odell Beckham,WR,
2023,1007305051133530112,1,free_agent,complete,1694522748314,2023-09-12,7,KingTowsk,drop,7828,Noah Gray,TE,
2023,1007130816751120384,1,waiver,failed,1694481207600,2023-09-11,8,TylerWicks,add,9493,Puka Nacua,WR,30
2023,1007130816751120384,1,waiver,failed,1694481207600,2023-09-11,8,TylerWicks,drop,5848,Marquise Brown,WR,
2023,1007130609066020864,1,waiver,complete,1694481158084,2023-09-11,8,TylerWicks,add,7567,Kenny Gainwell,RB,25
2023,1007130609066020864,1,waiver,complete,1694481158084,2023-09-11,8,TylerWicks,drop,4985,Rashaad Penny,RB,
2023,1006978774619004928,1,waiver,complete,1694444957931,2023-09-11,1,bgreenblatt,add,NYG,New York Giants,DEF,2
2023,1006978774619004928,1,waiver,complete,1694444957931,2023-09-11,1,bgreenblatt,drop,WAS,Washington Commanders,DEF,
2023,1006976220661190656,1,waiver,complete,1694444349020,2023-09-11,1,bgreenblatt,add,5947,Jakobi Meyers,WR,0
2023,1006976220661190656,1,waiver,complete,1694444349020,2023-09-11,1,bgreenblatt,drop,8131,Isaiah Likely,TE,
2023,1006959566262755328,1,waiver,complete,1694440378302,2023-09-11,5,kaufmannc,add,4973,Hayden Hurst,TE,5
2023,1006959566262755328,1,waiver,complete,1694440378302,2023-09-11,5,kaufmannc,drop,5001,Dalton Schultz,TE,
2023,1006949038261911552,1,waiver,complete,1694437868231,2023-09-11,1,bgreenblatt,add,7569,Nico Collins,WR,10
2023,1006949038261911552,1,waiver,complete,1694437868231,2023-09-11,1,bgreenblatt,drop,9482,Michael Mayer,TE,
2023,1006638981112569856,1,free_agent,complete,1694363944846,2023-09-10,4,jdrobny,drop,5185,Allen Lazard,WR,
2023,1006638147533058048,1,commissioner,complete,1694363746105,2023-09-10,4,jdrobny,add,3271,Tyler Higbee,TE,
2023,1006631335181590528,1,free_agent,complete,1694362121914,2023-09-10,7,KingTowsk,add,ATL,Atlanta Falcons,DEF,
2023,1006631335181590528,1,free_agent,complete,1694362121914,2023-09-10,7,KingTowsk,drop,PIT,Pittsburgh Steelers,DEF,
2023,1006627752063651840,1,waiver,complete,1694361267632,2023-09-10,10,cc5597,add,5119,Jason Sanders,K,0
2023,1006627752063651840,1,waiver,complete,1694361267632,2023-09-10,10,cc5597,drop,3271,Tyler Higbee,TE,
2023,1006626622948700160,1,waiver,complete,1694360998430,2023-09-10,1,bgreenblatt,add,8131,Isaiah Likely,TE,5
2023,1006626622948700160,1,waiver,complete,1694360998430,2023-09-10,1,bgreenblatt,drop,8148,Jameson Williams,WR,
2023,1006560621334216704,1,waiver,failed,1694345262419,2023-09-10,1,bgreenblatt,add,8131,Isaiah Likely,TE,0
2023,1006560621334216704,1,waiver,failed,1694345262419,2023-09-10,1,bgreenblatt,drop,8148,Jameson Williams,WR,
2023,1005657595178762240,1,commissioner,complete,1694129964206,2023-09-07,7,KingTowsk,add,7828,Noah Gray,TE,
2023,1005257853135036416,1,waiver,complete,1694034658276,2023-09-06,10,cc5597,add,3271,Tyler Higbee,TE,1
2023,1005257853135036416,1,waiver,complete,1694034658276,2023-09-06,10,cc5597,drop,7606,Kadarius Toney,WR,
2023,1004859872887861248,1,waiver,complete,1693939772391,2023-09-05,6,JSanDusky69,add,7551,Deon Jackson,RB,0
2023,1004839687665659904,1,waiver,complete,1693934959859,2023-09-05,8,TylerWicks,add,2747,Jason Myers,K,1
2023,1004839687665659904,1,waiver,complete,1693934959859,2023-09-05,8,TylerWicks,drop,3225,Tyler Boyd,WR,
2023,1004468420445806592,1,free_agent,complete,1693846442856,2023-09-04,6,JSanDusky69,add,NO,New Orleans Saints,DEF,
2023,1004468420445806592,1,free_agent,complete,1693846442856,2023-09-04,6,JSanDusky69,drop,MIA,Miami Dolphins,DEF,
2023,1004268427571175424,1,free_agent,complete,1693798760839,2023-09-03,1,bgreenblatt,add,WAS,Washington Commanders,DEF,
2023,987020059165880320,1,free_agent,complete,1689686429352,2023-07-18,7,KingTowsk,drop,7922,Riley Patterson,K,
2023,987020031907098624,1,free_agent,complete,1689686422853,2023-07-18,7,KingTowsk,drop,536,Antonio Brown,WR,
2023,987017661454315520,1,trade,complete,1689685857693,2023-07-18,7,KingTowsk,add,4950,Christian Kirk,WR,
2023,987017661454315520,1,trade,complete,1689685857693,2023-07-18,3,MaxSirianni,drop,4950,Christian Kirk,WR,
2023,986852839748091904,1,trade,complete,1689646561136,2023-07-17,7,KingTowsk,add,6803,Brandon Aiyuk,WR,
2023,986852839748091904,1,trade,complete,1689646561136,2023-07-17,1,bgreenblatt,drop,6803,Brandon Aiyuk,WR,
2023,1010047838822195200,2,waiver,complete,1695176679857,2023-09-19,8,TylerWicks,add,3214,Hunter Henry,TE,10
2023,1010047838822195200,2,waiver,complete,1695176679857,2023-09-19,8,TylerWicks,drop,7600,Pat Freiermuth,TE,
2023,1009953769435541504,2,waiver,complete,1695154251968,2023-09-19,4,jdrobny,add,8143,Jerome Ford,RB,76
2023,1009953769435541504,2,waiver,complete,1695154251968,2023-09-19,4,jdrobny,drop,2078,Odell Beckham,WR,
2023,1009936346967875584,2,waiver,failed,1695150098128,2023-09-19,7,KingTowsk,add,8143,Jerome Ford,RB,51
2023,1009936346967875584,2,waiver,failed,1695150098128,2023-09-19,7,KingTowsk,drop,9225,Tank Bigsby,RB,
2023,1009936203182981120,2,waiver,complete,1695150063847,2023-09-19,7,KingTowsk,add,8159,Desmond Ridder,QB,2
2023,1009936203182981120,2,waiver,complete,1695150063847,2023-09-19,7,KingTowsk,drop,7527,Mac Jones,QB,
2023,1009935679733710848,2,free_agent,complete,1695149939047,2023-09-19,7,KingTowsk,drop,5248,Gus Edwards,RB,
2023,1009935463211278336,2,waiver,complete,1695149887424,2023-09-19,7,KingTowsk,add,CLE,Cleveland Browns,DEF,0
2023,1009935463211278336,2,waiver,complete,1695149887424,2023-09-19,7,KingTowsk,drop,DEN,Denver Broncos,DEF,
2023,1009935231035576320,2,waiver,failed,1695149832069,2023-09-19,7,KingTowsk,add,10937,Jake Moody,K,0
2023,1009935231035576320,2,waiver,failed,1695149832069,2023-09-19,7,KingTowsk,drop,6083,Matt Gay,K,
2023,1009935142254751744,2,waiver,complete,1695149810902,2023-09-19,7,KingTowsk,add,1433,Brandon McManus,K,1
2023,1009935142254751744,2,waiver,complete,1695149810902,2023-09-19,7,KingTowsk,drop,6083,Matt Gay,K,
2023,1009932645838553088,2,waiver,failed,1695149215710,2023-09-19,7,KingTowsk,add,KC,Kansas City Chiefs,DEF,0
2023,1009932645838553088,2,waiver,failed,1695149215710,2023-09-19,7,KingTowsk,drop,DEN,Denver Broncos,DEF,
2023,1009932479492419584,2,waiver,failed,1695149176050,2023-09-19,7,KingTowsk,add,MIA,Miami Dolphins,DEF,0
2023,1009932479492419584,2,waiver,failed,1695149176050,2023-09-19,7,KingTowsk,drop,DEN,Denver Broncos,DEF,
2023,1009932360206352384,2,waiver,failed,1695149147610,2023-09-19,7,KingTowsk,add,JAX,Jacksonville Jaguars,DEF,1
2023,1009932360206352384,2,waiver,failed,1695149147610,2023-09-19,7,KingTowsk,drop,DEN,Denver Broncos,DEF,
2023,1009891341259669504,2,waiver,complete,1695139367931,2023-09-19,8,TylerWicks,add,11533,Brandon Aubrey,K,0
2023,1009891341259669504,2,waiver,complete,1695139367931,2023-09-19,8,TylerWicks,drop,2747,Jason Myers,K,
2023,1009887979571269632,2,waiver,complete,1695138566442,2023-09-19,9,brockhusk,add,4666,Younghoe Koo,K,3
2023,1009887979571269632,2,waiver,complete,1695138566442,2023-09-19,9,brockhusk,drop,503,Graham Gano,K,
2023,1009887752441298944,2,waiver,failed,1695138512290,2023-09-19,9,brockhusk,add,4455,Matt Breida,RB,20
2023,1009887612359774208,2,waiver,failed,1695138478892,2023-09-19,9,brockhusk,add,8143,Jerome Ford,RB,75
2023,1009884639126794240,2,waiver,failed,1695137770018,2023-09-19,3,MaxSirianni,add,8143,Jerome Ford,RB,13
2023,1009884639126794240,2,waiver,failed,1695137770018,2023-09-19,3,MaxSirianni,drop,8132,Tyler Allgeier,RB,
2023,1009684072081793024,2,waiver,complete,1695089951108,2023-09-18,1,bgreenblatt,add,JAX,Jacksonville Jaguars,DEF,2
2023,1009684072081793024,2,waiver,complete,1695089951108,2023-09-18,1,bgreenblatt,drop,NYG,New York Giants,DEF,
2023,1009576093529100288,2,waiver,complete,1695064207015,2023-09-18,6,JSanDusky69,add,2161,Jerick McKinnon,RB,0
2023,1009576093529100288,2,waiver,complete,1695064207015,2023-09-18,6,JSanDusky69,drop,4080,Zay Jones,WR,
2023,1009501204197572608,2,waiver,complete,1695046352007,2023-09-18,1,bgreenblatt,add,5848,Marquise Brown,WR,0
2023,1009501204197572608,2,waiver,complete,1695046352007,2023-09-18,1,bgreenblatt,drop,9481,Luke Musgrave,TE,
2023,1009292525301624832,2,waiver,complete,1694996599081,2023-09-17,1,bgreenblatt,add,10937,Jake Moody,K,0
2023,1009292525301624832,2,waiver,complete,1694996599081,2023-09-17,1,bgreenblatt,drop,4227,Harrison Butker,K,
2023,1009179788784926720,2,free_agent,complete,1694969720601,2023-09-17,7,KingTowsk,add,5248,Gus Edwards,RB,
2023,1009165084964450304,2,waiver,complete,1694966214937,2023-09-17,10,cc5597,add,6845,Zack Moss,RB,0
2023,1009150518607855616,2,waiver,complete,1694962742047,2023-09-17,1,bgreenblatt,add,10235,Roschon Johnson,RB,0
2023,1009150518607855616,2,waiver,complete,1694962742047,2023-09-17,1,bgreenblatt,drop,8135,Treylon Burks,WR,
2023,1008874073162960896,2,waiver,complete,1694896832316,2023-09-16,1,bgreenblatt,add,9481,Luke Musgrave,TE,0
2023,1008874073162960896,2,waiver,complete,1694896832316,2023-09-16,1,bgreenblatt,drop,5848,Marquise Brown,WR,
2023,1008579312309673984,2,waiver,failed,1694826555853,2023-09-15,1,bgreenblatt,add,9481,Luke Musgrave,TE,0
2023,1008579312309673984,2,waiver,failed,1694826555853,2023-09-15,1,bgreenblatt,drop,5947,Jakobi Meyers,WR,
2023,1008501357562642432,2,free_agent,complete,1694807969993,2023-09-15,10,cc5597,drop,6853,Van Jefferson,WR,
2023,1008442977787686912,2,waiver,complete,1694794051170,2023-09-15,1,bgreenblatt,add,5848,Marquise Brown,WR,0
2023,1008442977787686912,2,waiver,complete,1694794051170,2023-09-15,1,bgreenblatt,drop,5947,Jakobi Meyers,WR,
2023,1008162260805685248,2,waiver,complete,1694727123026,2023-09-14,6,JSanDusky69,add,4029,Dalvin Cook,RB,7
2023,1008162260805685248,2,waiver,complete,1694727123026,2023-09-14,6,JSanDusky69,drop,6806,J.K. Dobbins,RB,
2023,1007783140120756224,2,waiver,complete,1694636733611,2023-09-13,8,TylerWicks,add,4454,Kendrick Bourne,WR,8
2023,1007783140120756224,2,waiver,complete,1694636733611,2023-09-13,8,TylerWicks,drop,5848,Marquise Brown,WR,
2023,1007705208329175040,2,waiver,failed,1694618153224,2023-09-13,7,KingTowsk,add,5947,Jakobi Meyers,WR,3
2023,1007701777975812096,2,waiver,complete,1694617335364,2023-09-13,5,kaufmannc,add,8150,Kyren Williams,RB,13
2023,1007701777975812096,2,waiver,complete,1694617335364,2023-09-13,5,kaufmannc,drop,9497,Jalin Hyatt,WR,
2023,1007701493543284736,2,waiver,complete,1694617267550,2023-09-13,7,KingTowsk,add,2749,Raheem Mostert,RB,8
2023,1007701493543284736,2,waiver,complete,1694617267550,2023-09-13,7,KingTowsk,drop,4029,Dalvin Cook,RB,
2023,1007699727187607552,2,waiver,complete,1694616846418,2023-09-13,7,KingTowsk,add,7527,Mac Jones,QB,4
2023,1012545052586967040,3,waiver,failed,1695772062015,2023-09-26,7,KingTowsk,add,9226,De'Von Achane,RB,42
2023,1012545052586967040,3,waiver,failed,1695772062015,2023-09-26,7,KingTowsk,drop,CLE,Cleveland Browns,DEF,
2023,1012544914044862464,3,waiver,complete,1695772028984,2023-09-26,7,KingTowsk,add,3451,Ka'imi Fairbairn,K,0
2023,1012544914044862464,3,waiver,complete,1695772028984,2023-09-26,7,KingTowsk,drop,1433,Brandon McManus,K,
2023,1012540712526626816,3,free_agent,complete,1695771027264,2023-09-26,5,kaufmannc,drop,1339,Zach Ertz,TE,
2023,1012535695711346688,3,waiver,complete,1695769831162,2023-09-26,1,bgreenblatt,add,9481,Luke Musgrave,TE,0
2023,1012535695711346688,3,waiver,complete,1695769831162,2023-09-26,1,bgreenblatt,drop,4033,David Njoku,TE,
2023,1012534483301625856,3,trade,complete,1695769542101,2023-09-26,5,kaufmannc,add,1466,Travis Kelce,TE,
2023,1012534483301625856,3,trade,complete,1695769542101,2023-09-26,7,KingTowsk,add,3321,Tyreek Hill,WR,
2023,1012534483301625856,3,trade,complete,1695769542101,2023-09-26,5,kaufmannc,add,6803,Brandon Aiyuk,WR,
2023,1012534483301625856,3,trade,complete,1695769542101,2023-09-26,7,KingTowsk,drop,1466,Travis Kelce,TE,
2023,1012534483301625856,3,trade,complete,1695769542101,2023-09-26,5,kaufmannc,drop,3321,Tyreek Hill,WR,
2023,1012534483301625856,3,trade,complete,1695769542101,2023-09-26,7,KingTowsk,drop,6803,Brandon Aiyuk,WR,
2023,1012446779473817600,3,waiver,failed,1695748631879,2023-09-26,3,MaxSirianni,add,9502,Tank Dell,WR,5
2023,1012446733881737216,3,waiver,failed,1695748621009,2023-09-26,3,MaxSirianni,add,9226,De'Von Achane,RB,5
2023,1012430766644498432,3,waiver,complete,1695744814123,2023-09-26,9,brockhusk,add,CIN,Cincinnati Bengals,DEF,7
2023,1012430766644498432,3,waiver,complete,1695744814123,2023-09-26,9,brockhusk,drop,5995,Justice Hill,RB,
2023,1012430725657821184,3,waiver,complete,1695744804351,2023-09-26,10,cc5597,add,MIN,Minnesota Vikings,DEF,1
2023,1012430725657821184,3,waiver,complete,1695744804351,2023-09-26,10,cc5597,drop,NE,New England Patriots,DEF,
2023,1012430659253571584,3,waiver,failed,1695744788519,2023-09-26,9,brockhusk,add,9226,De'Von Achane,RB,17
2023,1012430659253571584,3,waiver,failed,1695744788519,2023-09-26,9,brockhusk,drop,5995,Justice Hill,RB,
2023,1012430580513984512,3,waiver,failed,1695744769746,2023-09-26,9,brockhusk,add,9502,Tank Dell,WR,31
2023,1012430580513984512,3,waiver,failed,1695744769746,2023-09-26,9,brockhusk,drop,4040,JuJu Smith-Schuster,WR,
2023,1012378719631073280,3,waiver,failed,1695732405148,2023-09-26,2,Erjohnson14,add,9502,Tank Dell,WR,35
2023,1012097142481158144,3,waiver,complete,1695665271924,2023-09-25,1,bgreenblatt,add,4179,Joshua Dobbs,QB,8
2023,1012097142481158144,3,waiver,complete,1695665271924,2023-09-25,1,bgreenblatt,drop,7045,Joshua Kelley,RB,
2023,1012093036127449088,3,waiver,failed,1695664292893,2023-09-25,1,bgreenblatt,add,9502,Tank Dell,WR,16
2023,1012093036127449088,3,waiver,failed,1695664292893,2023-09-25,1,bgreenblatt,drop,JAX,Jacksonville Jaguars,DEF,
2023,1012052460145324032,3,waiver,failed,1695654618825,2023-09-25,6,JSanDusky69,add,2078,Odell Beckham,WR,0
2023,1012052460145324032,3,waiver,failed,1695654618825,2023-09-25,6,JSanDusky69,drop,7090,Darnell Mooney,WR,
2023,1012052229592850432,3,waiver,complete,1695654563857,2023-09-25,6,JSanDusky69,add,9226,De'Von Achane,RB,51
2023,1012052229592850432,3,waiver,complete,1695654563857,2023-09-25,6,JSanDusky69,drop,7090,Darnell Mooney,WR,
2023,1011752393027063808,3,free_agent,complete,1695583077249,2023-09-24,1,bgreenblatt,add,PIT,Pittsburgh Steelers,DEF,
2023,1011752393027063808,3,free_agent,complete,1695583077249,2023-09-24,1,bgreenblatt,drop,10235,Roschon Johnson,RB,
2023,1011499958819766272,3,waiver,complete,1695522892244,2023-09-23,10,cc5597,add,5248,Gus Edwards,RB,0
2023,1011499958819766272,3,waiver,complete,1695522892244,2023-09-23,10,cc5597,drop,4149,Jamaal Williams,RB,
2023,1011037260545908736,3,waiver,complete,1695412576379,2023-09-22,7,KingTowsk,add,CLE,Cleveland Browns,DEF,0
2023,1011037260545908736,3,waiver,complete,1695412576379,2023-09-22,7,KingTowsk,drop,9225,Tank Bigsby,RB,
2023,1010723848456732672,3,free_agent,complete,1695337853115,2023-09-21,7,KingTowsk,add,KC,Kansas City Chiefs,DEF,
2023,1010723848456732672,3,free_agent,complete,1695337853115,2023-09-21,7,KingTowsk,drop,CLE,Cleveland Browns,DEF,
2023,1010722496779354112,3,free_agent,complete,1695337530849,2023-09-21,7,KingTowsk,add,5947,Jakobi Meyers,WR,
2023,1010347994367066112,3,waiver,complete,1695248242516,2023-09-20,1,bgreenblatt,add,7600,Pat Freiermuth,TE,0
2023,1010347994367066112,3,waiver,complete,1695248242516,2023-09-20,1,bgreenblatt,drop,5937,Diontae Johnson,WR,
2023,1010251841147355136,3,waiver,failed,1695225317802,2023-09-20,7,KingTowsk,add,TEN,Tennessee Titans,DEF,0
2023,1010251841147355136,3,waiver,failed,1695225317802,2023-09-20,7,KingTowsk,drop,DEN,Denver Broncos,DEF,
2023,1010251509763350528,3,waiver,failed,1695225238793,2023-09-20,7,KingTowsk,add,5272,Greg Joseph,K,0
2023,1010251509763350528,3,waiver,failed,1695225238793,2023-09-20,7,KingTowsk,drop,6083,Matt Gay,K,
2023,1010239495704264704,3,waiver,complete,1695222374419,2023-09-20,9,brockhusk,add,4098,Kareem Hunt,RB,25
2023,1010236326311989248,3,waiver,complete,1695221618777,2023-09-20,2,Erjohnson14,add,8228,Jaylen Warren,RB,6
2023,1010236326311989248,3,waiver,complete,1695221618777,2023-09-20,2,Erjohnson14,drop,4147,Samaje Perine,RB,
2023,1010232599635181568,3,waiver,complete,1695220730268,2023-09-20,8,TylerWicks,add,4892,Baker Mayfield,QB,15
2023,1010232599635181568,3,waiver,complete,1695220730268,2023-09-20,8,TylerWicks,drop,4454,Kendrick Bourne,WR,
2023,1010229714285338624,3,waiver,failed,1695220042347,2023-09-20,3,MaxSirianni,add,4098,Kareem Hunt,RB,16
2023,1010229714285338624,3,waiver,failed,1695220042347,2023-09-20,3,MaxSirianni,drop,6828,AJ Dillon,RB,
2023,1010218509776932864,3,waiver,complete,1695217370984,2023-09-20,2,Erjohnson14,add,8259,Cameron Dicker,K,0
2023,1010218509776932864,3,waiver,complete,1695217370984,2023-09-20,2,Erjohnson14,drop,5095,Daniel Carlson,K,
2023,1010202453293256704,3,waiver,failed,1695213542820,2023-09-20,5,kaufmannc,add,3214,Hunter Henry,TE,4
2023,1010202453293256704,3,waiver,failed,1695213542820,2023-09-20,5,kaufmannc,drop,4973,Hayden Hurst,TE,
2023,1010199995288494080,3,waiver,failed,1695212956786,2023-09-20,1,bgreenblatt,add,8143,Jerome Ford,RB,38
2023,1010199995288494080,3,waiver,failed,1695212956786,2023-09-20,1,bgreenblatt,drop,5937,Diontae Johnson,WR,
2023,1010187631520559104,3,waiver,complete,1695210009034,2023-09-20,5,kaufmannc,add,1339,Zach Ertz,TE,2
2023,1010187631520559104,3,waiver,complete,1695210009034,2023-09-20,5,kaufmannc,drop,4973,Hayden Hurst,TE,
2023,1015117533969502208,4,waiver,failed,1696385389371,2023-10-03,9,brockhusk,add,10232,Michael Wilson,WR,13
2023,1015117533969502208,4,waiver,failed,1696385389371,2023-10-03,9,brockhusk,drop,4040,JuJu Smith-Schuster,WR,
2023,1015117177738956800,4,waiver,complete,1696385304439,2023-10-03,9,brockhusk,add,11439,Jaleel McLaughlin,RB,13
2023,1015117177738956800,4,waiver,complete,1696385304439,2023-10-03,9,brockhusk,drop,4040,JuJu Smith-Schuster,WR,
2023,1015081506974330880,4,waiver,failed,1696376799866,2023-10-03,7,KingTowsk,add,17,Matt Prater,K,0
2023,1015081506974330880,4,waiver,failed,1696376799866,2023-10-03,7,KingTowsk,drop,3451,Ka'imi Fairbairn,K,
2023,1015081476964171776,4,waiver,failed,1696376792711,2023-10-03,7,KingTowsk,add,5095,Daniel Carlson,K,0
2023,1015081476964171776,4,waiver,failed,1696376792711,2023-10-03,7,KingTowsk,drop,3451,Ka'imi Fairbairn,K,
2023,1015081436782673920,4,waiver,complete,1696376783131,2023-10-03,7,KingTowsk,add,7922,Riley Patterson,K,2
2023,1015081436782673920,4,waiver,complete,1696376783131,2023-10-03,7,KingTowsk,drop,3451,Ka'imi Fairbairn,K,
2023,1015078881956642816,4,waiver,complete,1696376174013,2023-10-03,5,kaufmannc,add,10232,Michael Wilson,WR,17
2023,1015078881956642816,4,waiver,complete,1696376174013,2023-10-03,5,kaufmannc,drop,8168,Skyy Moore,WR,
2023,1015033316547858432,4,waiver,failed,1696365310373,2023-10-03,9,brockhusk,add,DET,Detroit Lions,DEF,3
2023,1015033316547858432,4,waiver,failed,1696365310373,2023-10-03,9,brockhusk,drop,CIN,Cincinnati Bengals,DEF,
2023,1015019093541474304,4,waiver,failed,1696361919344,2023-10-03,6,JSanDusky69,add,DET,Detroit Lions,DEF,0
2023,1015019093541474304,4,waiver,failed,1696361919344,2023-10-03,6,JSanDusky69,drop,NO,New Orleans Saints,DEF,
2023,1015019054840582144,4,waiver,complete,1696361910117,2023-10-03,6,JSanDusky69,add,MIA,Miami Dolphins,DEF,5
2023,1015019054840582144,4,waiver,complete,1696361910117,2023-10-03,6,JSanDusky69,drop,NO,New Orleans Saints,DEF,
2023,1014973168076935168,4,waiver,failed,1696350969860,2023-10-03,2,Erjohnson14,add,DET,Detroit Lions,DEF,4
2023,1014957172104450048,4,free_agent,complete,1696347156123,2023-10-03,10,cc5597,drop,7045,Joshua Kelley,RB,
2023,1014954329301716992,4,waiver,failed,1696346478346,2023-10-03,7,KingTowsk,add,MIA,Miami Dolphins,DEF,0
2023,1014954329301716992,4,waiver,failed,1696346478346,2023-10-03,7,KingTowsk,drop,CLE,Cleveland Browns,DEF,
2023,1014954283479019520,4,waiver,failed,1696346467421,2023-10-03,7,KingTowsk,add,NE,New England Patriots,DEF,0
2023,1014954283479019520,4,waiver,failed,1696346467421,2023-10-03,7,KingTowsk,drop,CLE,Cleveland Browns,DEF,
2023,1014954220413403136,4,waiver,failed,1696346452385,2023-10-03,7,KingTowsk,add,DET,Detroit Lions,DEF,0
2023,1014954220413403136,4,waiver,failed,1696346452385,2023-10-03,7,KingTowsk,drop,CLE,Cleveland Browns,DEF,
2023,1014954178252230656,4,waiver,complete,1696346442333,2023-10-03,7,KingTowsk,add,WAS,Washington Commanders,DEF,0
2023,1014954178252230656,4,waiver,complete,1696346442333,2023-10-03,7,KingTowsk,drop,CLE,Cleveland Browns,DEF,
2023,1014952534651322368,4,waiver,failed,1696346050468,2023-10-03,1,bgreenblatt,add,DET,Detroit Lions,DEF,3
2023,1014952534651322368,4,waiver,failed,1696346050468,2023-10-03,1,bgreenblatt,drop,PIT,Pittsburgh Steelers,DEF,
2023,1014950977510166528,4,waiver,failed,1696345679216,2023-10-03,2,Erjohnson14,add,7922,Riley Patterson,K,1
2023,1014950977510166528,4,waiver,failed,1696345679216,2023-10-03,2,Erjohnson14,drop,8259,Cameron Dicker,K,
2023,1014949381235101696,4,free_agent,complete,1696345298635,2023-10-03,2,Erjohnson14,drop,4068,Mike Williams,WR,
2023,1014916143477338112,4,waiver,complete,1696337374136,2023-10-03,6,JSanDusky69,add,1339,Zach Ertz,TE,0
2023,1014916143477338112,4,waiver,complete,1696337374136,2023-10-03,6,JSanDusky69,drop,2161,Jerick McKinnon,RB,
2023,1014900823018598400,4,waiver,complete,1696333721454,2023-10-03,3,MaxSirianni,add,7538,Zach Wilson,QB,5
2023,1014532883924529152,4,waiver,complete,1696245997938,2023-10-02,1,bgreenblatt,add,8148,Jameson Williams,WR,8
2023,1014532883924529152,4,waiver,complete,1696245997938,2023-10-02,1,bgreenblatt,drop,7596,Elijah Moore,WR,
2023,1014289381722660864,4,free_agent,complete,1696187942489,2023-10-01,10,cc5597,add,7045,Joshua Kelley,RB,
2023,1014010540475187200,4,waiver,complete,1696121461555,2023-09-30,1,bgreenblatt,add,8110,Jake Ferguson,TE,0
2023,1014010540475187200,4,waiver,complete,1696121461555,2023-09-30,1,bgreenblatt,drop,9481,Luke Musgrave,TE,
2023,1013924511437209600,4,waiver,complete,1696100950634,2023-09-30,9,brockhusk,add,4227,Harrison Butker,K,0
2023,1013924511437209600,4,waiver,complete,1696100950634,2023-09-30,9,brockhusk,drop,4666,Younghoe Koo,K,
2023,1013268702281834496,4,free_agent,complete,1695944593547,2023-09-28,1,bgreenblatt,add,10235,Roschon Johnson,RB,
2023,1013268702281834496,4,free_agent,complete,1695944593547,2023-09-28,1,bgreenblatt,drop,7600,Pat Freiermuth,TE,
2023,1013193569667993600,4,free_agent,complete,1695926680536,2023-09-28,10,cc5597,drop,5248,Gus Edwards,RB,
2023,1012796524398600192,4,waiver,complete,1695832017567,2023-09-27,6,JSanDusky69,add,2078,Odell Beckham,WR,0
2023,1012796524398600192,4,waiver,complete,1695832017567,2023-09-27,6,JSanDusky69,drop,6826,Cole Kmet,TE,
2023,1012775750627340288,4,waiver,failed,1695827064714,2023-09-27,7,KingTowsk,add,1945,Chris Boswell,K,0
2023,1012775750627340288,4,waiver,failed,1695827064714,2023-09-27,7,KingTowsk,drop,1433,Brandon McManus,K,
2023,1012773926285508608,4,waiver,failed,1695826629757,2023-09-27,7,KingTowsk,add,9502,Tank Dell,WR,14
2023,1012773926285508608,4,waiver,failed,1695826629757,2023-09-27,7,KingTowsk,drop,8159,Desmond Ridder,QB,
2023,1012773892475281408,4,waiver,failed,1695826621696,2023-09-27,7,KingTowsk,add,9502,Tank Dell,WR,14
2023,1012773892475281408,4,waiver,failed,1695826621696,2023-09-27,7,KingTowsk,drop,CLE,Cleveland Browns,DEF,
2023,1012773862485975040,4,waiver,failed,1695826614546,2023-09-27,7,KingTowsk,add,7670,Joshua Palmer,WR,0
2023,1012773862485975040,4,waiver,failed,1695826614546,2023-09-27,7,KingTowsk,drop,8159,Desmond Ridder,QB,
2023,1012765412926283776,4,waiver,complete,1695824600014,2023-09-27,2,Erjohnson14,add,7562,Tutu Atwell,WR,11
2023,1012755170448551936,4,waiver,failed,1695822158017,2023-09-27,1,bgreenblatt,add,7562,Tutu Atwell,WR,11
2023,1012755170448551936,4,waiver,failed,1695822158017,2023-09-27,1,bgreenblatt,drop,4033,David Njoku,TE,
2023,1012755089158717440,4,waiver,complete,1695822138636,2023-09-27,1,bgreenblatt,add,7670,Joshua Palmer,WR,10
2023,1012755089158717440,4,waiver,complete,1695822138636,2023-09-27,1,bgreenblatt,drop,JAX,Jacksonville Jaguars,DEF,
2023,1012732301614141440,4,waiver,complete,1695816705662,2023-09-27,4,jdrobny,add,9502,Tank Dell,WR,49
2023,1012732301614141440,4,waiver,complete,1695816705662,2023-09-27,4,jdrobny,drop,1837,Jimmy Garoppolo,QB,
2023,1012732216515952640,4,waiver,failed,1695816685373,2023-09-27,4,jdrobny,add,9226,De'Von Achane,RB,49
2023,1012732216515952640,4,waiver,failed,1695816685373,2023-09-27,4,jdrobny,drop,1837,Jimmy Garoppolo,QB,
2023,1017724520108535808,5,waiver,failed,1697006943302,2023-10-11,6,JSanDusky69,add,11199,Emari Demercado,RB,0
2023,1017724382560591872,5,waiver,failed,1697006910508,2023-10-11,6,JSanDusky69,add,2078,Odell Beckham,WR,0
2023,1017724232643534848,5,waiver,complete,1697006874765,2023-10-11,6,JSanDusky69,add,7066,K.J. Osborn,WR,1
2023,1017660047620456448,5,waiver,failed,1696991571863,2023-10-10,2,Erjohnson14,add,9508,Tyjae Spears,RB,5
2023,1017660047620456448,5,waiver,failed,1696991571863,2023-10-10,2,Erjohnson14,drop,7608,Khalil Herbert,RB,
2023,1017653418032185344,5,free_agent,complete,1696989991246,2023-10-10,2,Erjohnson14,drop,3225,Tyler Boyd,WR,
2023,1017639358247075840,5,waiver,complete,1696986639132,2023-10-10,10,cc5597,add,NO,New Orleans Saints,DEF,6
2023,1017639358247075840,5,waiver,complete,1696986639132,2023-10-10,10,cc5597,drop,DET,Detroit Lions,DEF,
2023,1017625241046069248,5,waiver,complete,1696983273329,2023-10-10,7,KingTowsk,add,KC,Kansas City Chiefs,DEF,7
2023,1017624714321178624,5,waiver,failed,1696983147748,2023-10-10,5,kaufmannc,add,KC,Kansas City Chiefs,DEF,9
2023,1017622109239017472,5,trade,complete,1696982526648,2023-10-10,2,Erjohnson14,add,4046,Patrick Mahomes,QB,
2023,1017622109239017472,5,trade,complete,1696982526648,2023-10-10,4,jdrobny,add,6904,Jalen Hurts,QB,
2023,1017622109239017472,5,trade,complete,1696982526648,2023-10-10,2,Erjohnson14,add,7525,DeVonta Smith,WR,
2023,1017622109239017472,5,trade,complete,1696982526648,2023-10-10,2,Erjohnson14,add,BAL,Baltimore Ravens,DEF,
2023,1017622109239017472,5,trade,complete,1696982526648,2023-10-10,4,jdrobny,add,DAL,Dallas Cowboys,DEF,
2023,1017622109239017472,5,trade,complete,1696982526648,2023-10-10,4,jdrobny,drop,4046,Patrick Mahomes,QB,
2023,1017622109239017472,5,trade,complete,1696982526648,2023-10-10,2,Erjohnson14,drop,6904,Jalen Hurts,QB,
2023,1017622109239017472,5,trade,complete,1696982526648,2023-10-10,4,jdrobny,drop,7525,DeVonta Smith,WR,
2023,1017622109239017472,5,trade,complete,1696982526648,2023-10-10,4,jdrobny,drop,BAL,Baltimore Ravens,DEF,
2023,1017622109239017472,5,trade,complete,1696982526648,2023-10-10,2,Erjohnson14,drop,DAL,Dallas Cowboys,DEF,
2023,1017620861001605120,5,waiver,failed,1696982229045,2023-10-10,9,brockhusk,add,11199,Emari Demercado,RB,26
2023,1017620861001605120,5,waiver,failed,1696982229045,2023-10-10,9,brockhusk,drop,4098,Kareem Hunt,RB,
2023,1017609613715378176,5,trade,complete,1696979547483,2023-10-10,6,JSanDusky69,add,10235,Roschon Johnson,RB,
2023,1017609613715378176,5,trade,complete,1696979547483,2023-10-10,6,JSanDusky69,add,4983,DJ Moore,WR,
2023,1017609613715378176,5,trade,complete,1696979547483,2023-10-10,1,bgreenblatt,add,6794,Justin Jefferson,WR,
2023,1017609613715378176,5,trade,complete,1696979547483,2023-10-10,1,bgreenblatt,add,6813,Jonathan Taylor,RB,
2023,1017609613715378176,5,trade,complete,1696979547483,2023-10-10,1,bgreenblatt,drop,10235,Roschon Johnson,RB,
2023,1017609613715378176,5,trade,complete,1696979547483,2023-10-10,1,bgreenblatt,drop,4983,DJ Moore,WR,
2023,1017609613715378176,5,trade,complete,1696979547483,2023-10-10,6,JSanDusky69,drop,6794,Justin Jefferson,WR,
2023,1017609613715378176,5,trade,complete,1696979547483,2023-10-10,6,JSanDusky69,drop,6813,Jonathan Taylor,RB,
2023,1017589642612260864,5,free_agent,complete,1696974786001,2023-10-10,7,KingTowsk,drop,2359,Ameer Abdullah,RB,
2023,1017589587012567040,5,free_agent,complete,1696974772745,2023-10-10,7,KingTowsk,drop,TEN,Tennessee Titans,DEF,
2023,1017586104184217600,5,trade,complete,1696973942374,2023-10-10,10,cc5597,add,1166,Kirk Cousins,QB,
2023,1017586104184217600,5,trade,complete,1696973942374,2023-10-10,10,cc5597,add,2449,Stefon Diggs,WR,
2023,1017586104184217600,5,trade,complete,1696973942374,2023-10-10,7,KingTowsk,add,4881,Lamar Jackson,QB,
2023,1017586104184217600,5,trade,complete,1696973942374,2023-10-10,7,KingTowsk,add,5119,Jason Sanders,K,
2023,1017586104184217600,5,trade,complete,1696973942374,2023-10-10,10,cc5597,add,7922,Riley Patterson,K,
2023,1017586104184217600,5,trade,complete,1696973942374,2023-10-10,10,cc5597,add,8183,Brock Purdy,QB,
2023,1017586104184217600,5,trade,complete,1696973942374,2023-10-10,7,KingTowsk,add,9221,Jahmyr Gibbs,RB,
2023,1017586104184217600,5,trade,complete,1696973942374,2023-10-10,7,KingTowsk,add,9229,Anthony Richardson,QB,
2023,1017586104184217600,5,trade,complete,1696973942374,2023-10-10,7,KingTowsk,add,9488,Jaxon Smith-Njigba,WR,
2023,1017586104184217600,5,trade,complete,1696973942374,2023-10-10,7,KingTowsk,drop,1166,Kirk Cousins,QB,
2023,1017586104184217600,5,trade,complete,1696973942374,2023-10-10,7,KingTowsk,drop,2449,Stefon Diggs,WR,
2023,1017586104184217600,5,trade,complete,1696973942374,2023-10-10,10,cc5597,drop,4881,Lamar Jackson,QB,
2023,1017586104184217600,5,trade,complete,1696973942374,2023-10-10,10,cc5597,drop,5119,Jason Sanders,K,
2023,1017586104184217600,5,trade,complete,1696973942374,2023-10-10,7,KingTowsk,drop,7922,Riley Patterson,K,
2023,1017586104184217600,5,trade,complete,1696973942374,2023-10-10,7,KingTowsk,drop,8183,Brock Purdy,QB,
2023,1017586104184217600,5,trade,complete,1696973942374,2023-10-10,10,cc5597,drop,9221,Jahmyr Gibbs,RB,
2023,1017586104184217600,5,trade,complete,1696973942374,2023-10-10,10,cc5597,drop,9229,Anthony Richardson,QB,
2023,1017586104184217600,5,trade,complete,1696973942374,2023-10-10,10,cc5597,drop,9488,Jaxon Smith-Njigba,WR,
2023,1017548755396132864,5,waiver,complete,1696965037729,2023-10-10,2,Erjohnson14,add,5284,Jeff Wilson,RB,21
2023,1017548755396132864,5,waiver,complete,1696965037729,2023-10-10,2,Erjohnson14,drop,7608,Khalil Herbert,RB,
2023,1017546683367899136,5,free_agent,complete,1696964543719,2023-10-10,2,Erjohnson14,drop,7562,Tutu Atwell,WR,
2023,1017520487045439488,5,waiver,complete,1696958298029,2023-10-10,3,MaxSirianni,add,11199,Emari Demercado,RB,52
2023,1017520487045439488,5,waiver,complete,1696958298029,2023-10-10,3,MaxSirianni,drop,6828,AJ Dillon,RB,
2023,1017477572285898752,5,waiver,failed,1696948066353,2023-10-10,9,brockhusk,add,KC,Kansas City Chiefs,DEF,2
2023,1017477572285898752,5,waiver,failed,1696948066353,2023-10-10,9,brockhusk,drop,CIN,Cincinnati Bengals,DEF,
2023,1017251159884660736,5,free_agent,complete,1696894085430,2023-10-09,7,KingTowsk,add,2359,Ameer Abdullah,RB,
2023,1016595146521075712,5,waiver,complete,1696737679656,2023-10-07,7,KingTowsk,add,TEN,Tennessee Titans,DEF,0
2023,1016595146521075712,5,waiver,complete,1696737679656,2023-10-07,7,KingTowsk,drop,NO,New Orleans Saints,DEF,
2023,1016593341401735168,5,waiver,complete,1696737249282,2023-10-07,10,cc5597,add,7594,Chuba Hubbard,RB,0
2023,1015862154840473600,5,free_agent,complete,1696562920821,2023-10-05,6,JSanDusky69,drop,2078,Odell Beckham,WR,
2023,1015823323764326400,5,free_agent,complete,1696553662771,2023-10-05,1,bgreenblatt,add,4455,Matt Breida,RB,
2023,1015823323764326400,5,free_agent,complete,1696553662771,2023-10-05,1,bgreenblatt,drop,7594,Chuba Hubbard,RB,
2023,1015767770937507840,5,free_agent,complete,1696540417945,2023-10-05,7,KingTowsk,drop,8126,Wan'Dale Robinson,WR,
2023,1015759550487617536,5,trade,complete,1696538458037,2023-10-05,4,jdrobny,add,2749,Raheem Mostert,RB,
2023,1015759550487617536,5,trade,complete,1696538458037,2023-10-05,7,KingTowsk,add,6819,Michael Pittman,WR,
2023,1015759550487617536,5,trade,complete,1696538458037,2023-10-05,7,KingTowsk,add,8143,Jerome Ford,RB,
2023,1015759550487617536,5,trade,complete,1696538458037,2023-10-05,4,jdrobny,add,9493,Puka Nacua,WR,
2023,1015759550487617536,5,trade,complete,1696538458037,2023-10-05,7,KingTowsk,add,9502,Tank Dell,WR,
2023,1015759550487617536,5,trade,complete,1696538458037,2023-10-05,7,KingTowsk,drop,2749,Raheem Mostert,RB,
2023,1015759550487617536,5,trade,complete,1696538458037,2023-10-05,4,jdrobny,drop,6819,Michael Pittman,WR,
2023,1015759550487617536,5,trade,complete,1696538458037,2023-10-05,4,jdrobny,drop,8143,Jerome Ford,RB,
2023,1015759550487617536,5,trade,complete,1696538458037,2023-10-05,7,KingTowsk,drop,9493,Puka Nacua,WR,
2023,1015759550487617536,5,trade,complete,1696538458037,2023-10-05,4,jdrobny,drop,9502,Tank Dell,WR,
2023,1015702489020055552,5,free_agent,complete,1696524853523,2023-10-05,4,jdrobny,add,6945,Antonio Gibson,RB,
2023,1015702489020055552,5,free_agent,complete,1696524853523,2023-10-05,4,jdrobny,drop,3271,Tyler Higbee,TE,
2023,1015699565168320512,5,waiver,complete,1696524156422,2023-10-05,7,KingTowsk,add,NO,New Orleans Saints,DEF,1
2023,1015699565168320512,5,waiver,complete,1696524156422,2023-10-05,7,KingTowsk,drop,TEN,Tennessee Titans,DEF,
2023,1015699499240472576,5,free_agent,complete,1696524140704,2023-10-05,7,KingTowsk,add,TEN,Tennessee Titans,DEF,
2023,1015699499240472576,5,free_agent,complete,1696524140704,2023-10-05,7,KingTowsk,drop,WAS,Washington Commanders,DEF,
2023,1015692701632643072,5,free_agent,complete,1696522520028,2023-10-05,1,bgreenblatt,add,7594,Chuba Hubbard,RB,
2023,1015692701632643072,5,free_agent,complete,1696522520028,2023-10-05,1,bgreenblatt,drop,PIT,Pittsburgh Steelers,DEF,
2023,1015683873553891328,5,waiver,failed,1696520415250,2023-10-05,5,kaufmannc,add,7594,Chuba Hubbard,RB,1
2023,1015473812122521600,5,waiver,complete,1696470332702,2023-10-04,5,kaufmannc,add,5248,Gus Edwards,RB,1
2023,1015369113885032449,5,free_agent,complete,1696445370697,2023-10-04,3,MaxSirianni,drop,8160,Kenny Pickett,QB,
2023,1015335539249106944,5,waiver,complete,1696437365880,2023-10-04,2,Erjohnson14,add,3225,Tyler Boyd,WR,0
2023,1015335463424512000,5,waiver,complete,1696437347802,2023-10-04,2,Erjohnson14,add,4958,Brett Maher,K,1
2023,1015335463424512000,5,waiver,complete,1696437347802,2023-10-04,2,Erjohnson14,drop,8259,Cameron Dicker,K,
2023,1015334646459514880,5,waiver,failed,1696437153022,2023-10-04,4,jdrobny,add,5248,Gus Edwards,RB,0
2023,1015334646459514880,5,waiver,failed,1696437153022,2023-10-04,4,jdrobny,drop,3271,Tyler Higbee,TE,
2023,1015328719486959616,5,waiver,complete,1696435739922,2023-10-04,1,bgreenblatt,add,NE,New England Patriots,DEF,3
2023,1015311766208335872,5,waiver,complete,1696431697945,2023-10-04,10,cc5597,add,DET,Detroit Lions,DEF,5
2023,1015311766208335872,5,waiver,complete,1696431697945,2023-10-04,10,cc5597,drop,MIN,Minnesota Vikings,DEF,
2023,1015305982441791488,5,waiver,failed,1696430318988,2023-10-04,5,kaufmannc,add,DET,Detroit Lions,DEF,3
2023,1015302079348404224,5,waiver,failed,1696429388418,2023-10-04,7,KingTowsk,add,8148,Jameson Williams,WR,0
2023,1015302079348404224,5,waiver,failed,1696429388418,2023-10-04,7,KingTowsk,drop,KC,Kansas City Chiefs,DEF,
2023,1015301950667091968,5,waiver,complete,1696429357738,2023-10-04,7,KingTowsk,add,8126,Wan'Dale Robinson,WR,0
2023,1015301950667091968,5,waiver,complete,1696429357738,2023-10-04,7,KingTowsk,drop,KC,Kansas City Chiefs,DEF,
2023,1015299811806957568,5,waiver,failed,1696428847794,2023-10-04,1,bgreenblatt,add,7553,Kyle Pitts,TE,0
2023,1015299761626345472,5,waiver,complete,1696428835830,2023-10-04,6,JSanDusky69,add,7553,Kyle Pitts,TE,11
2023,1015299761626345472,5,waiver,complete,1696428835830,2023-10-04,6,JSanDusky69,drop,4029,Dalvin Cook,RB,
2023,1015298053839863808,5,free_agent,complete,1696428428662,2023-10-04,5,kaufmannc,drop,7553,Kyle Pitts,TE,
2023,1015297873598038016,5,free_agent,complete,1696428385689,2023-10-04,5,kaufmannc,drop,6938,Cam Akers,RB,
2023,1015296486646689792,5,trade,complete,1696428055014,2023-10-04,1,bgreenblatt,add,6797,Justin Herbert,QB,
2023,1015296486646689792,5,trade,complete,1696428055014,2023-10-04,5,kaufmannc,add,7591,Justin Fields,QB,
2023,1015296486646689792,5,trade,complete,1696428055014,2023-10-04,5,kaufmannc,add,7611,Rhamondre Stevenson,RB,
2023,1015296486646689792,5,trade,complete,1696428055014,2023-10-04,5,kaufmannc,drop,6797,Justin Herbert,QB,
2023,1015296486646689792,5,trade,complete,1696428055014,2023-10-04,1,bgreenblatt,drop,7591,Justin Fields,QB,
2023,1015296486646689792,5,trade,complete,1696428055014,2023-10-04,1,bgreenblatt,drop,7611,Rhamondre Stevenson,RB,
2023,1020218602244382720,6,waiver,failed,1697601578821,2023-10-17,9,brockhusk,add,CLE,Cleveland Browns,DEF,3
2023,1020218602244382720,6,waiver,failed,1697601578821,2023-10-17,9,brockhusk,drop,ATL,Atlanta Falcons,DEF,
2023,1020145344958599168,6,waiver,complete,1697584112923,2023-10-17,1,bgreenblatt,add,2251,Logan Thomas,TE,5
2023,1020145344958599168,6,waiver,complete,1697584112923,2023-10-17,1,bgreenblatt,drop,6826,Cole Kmet,TE,
2023,1020145122261979136,6,waiver,failed,1697584059828,2023-10-17,1,bgreenblatt,add,CLE,Cleveland Browns,DEF,5
2023,1020145122261979136,6,waiver,failed,1697584059828,2023-10-17,1,bgreenblatt,drop,LV,Las Vegas Raiders,DEF,
2023,1020032829389996032,6,waiver,complete,1697557287121,2023-10-17,2,Erjohnson14,add,4082,Curtis Samuel,WR,0
2023,1020031695237660672,6,waiver,complete,1697557016718,2023-10-17,3,MaxSirianni,add,5095,Daniel Carlson,K,0
2023,1020031695237660672,6,waiver,complete,1697557016718,2023-10-17,3,MaxSirianni,drop,8132,Tyler Allgeier,RB,
2023,1020031423295664128,6,waiver,failed,1697556951882,2023-10-17,3,MaxSirianni,add,9222,Zach Evans,RB,10
2023,1020031423295664128,6,waiver,failed,1697556951882,2023-10-17,3,MaxSirianni,drop,11199,Emari Demercado,RB,
2023,1020026114573463552,6,waiver,failed,1697555686184,2023-10-17,6,JSanDusky69,add,11439,Jaleel McLaughlin,RB,3
2023,1020026114573463552,6,waiver,failed,1697555686184,2023-10-17,6,JSanDusky69,drop,7066,K.J. Osborn,WR,
2023,1020025944406335488,6,waiver,failed,1697555645613,2023-10-17,6,JSanDusky69,add,9222,Zach Evans,RB,5
2023,1020025944406335488,6,waiver,failed,1697555645613,2023-10-17,6,JSanDusky69,drop,7066,K.J. Osborn,WR,
2023,1020025764919488512,6,waiver,failed,1697555602820,2023-10-17,6,JSanDusky69,add,CHI,Chicago Bears,DEF,0
2023,1020025764919488512,6,waiver,failed,1697555602820,2023-10-17,6,JSanDusky69,drop,1339,Zach Ertz,TE,
2023,1020025672011472896,6,waiver,failed,1697555580669,2023-10-17,6,JSanDusky69,add,CLE,Cleveland Browns,DEF,2
2023,1020025672011472896,6,waiver,failed,1697555580669,2023-10-17,6,JSanDusky69,drop,1339,Zach Ertz,TE,
2023,1020025606790086656,6,waiver,complete,1697555565119,2023-10-17,6,JSanDusky69,add,LAR,Los Angeles Rams,DEF,2
2023,1020025606790086656,6,waiver,complete,1697555565119,2023-10-17,6,JSanDusky69,drop,1339,Zach Ertz,TE,
2023,1020010911991414784,6,free_agent,complete,1697552061606,2023-10-17,2,Erjohnson14,drop,2251,Logan Thomas,TE,
2023,1019823507595051008,6,waiver,complete,1697507380916,2023-10-16,1,bgreenblatt,add,3969,Leonard Fournette,RB,0
2023,1019823507595051008,6,waiver,complete,1697507380916,2023-10-16,1,bgreenblatt,drop,7594,Chuba Hubbard,RB,
2023,1019803405822525440,6,waiver,complete,1697502588280,2023-10-16,6,JSanDusky69,add,4098,Kareem Hunt,RB,17
2023,1019803405822525440,6,waiver,complete,1697502588280,2023-10-16,6,JSanDusky69,drop,7066,K.J. Osborn,WR,
2023,1019322476897210368,6,free_agent,complete,1697387925889,2023-10-15,10,cc5597,add,5937,Diontae Johnson,WR,
2023,1019320068347498496,6,free_agent,complete,1697387351647,2023-10-15,9,brockhusk,add,4111,D'Onta Foreman,RB,
2023,1019320068347498496,6,free_agent,complete,1697387351647,2023-10-15,9,brockhusk,drop,11439,Jaleel McLaughlin,RB,
2023,1018600060776464384,6,waiver,complete,1697215688464,2023-10-13,1,bgreenblatt,add,7594,Chuba Hubbard,RB,5
2023,1018600060776464384,6,waiver,complete,1697215688464,2023-10-13,1,bgreenblatt,drop,8110,Jake Ferguson,TE,
2023,1018311152448655360,6,free_agent,complete,1697146807351,2023-10-12,9,brockhusk,add,ATL,Atlanta Falcons,DEF,
2023,1018311152448655360,6,free_agent,complete,1697146807351,2023-10-12,9,brockhusk,drop,JAX,Jacksonville Jaguars,DEF,
2023,1018297866483224576,6,free_agent,complete,1697143639730,2023-10-12,9,brockhusk,add,JAX,Jacksonville Jaguars,DEF,
2023,1018297866483224576,6,free_agent,complete,1697143639730,2023-10-12,9,brockhusk,drop,CIN,Cincinnati Bengals,DEF,
2023,1018276429311594496,6,free_agent,complete,1697138528710,2023-10-12,4,jdrobny,add,7596,Elijah Moore,WR,
2023,1017949424879779840,6,trade,complete,1697060564778,2023-10-11,7,KingTowsk,add,7526,Jaylen Waddle,WR,
2023,1017949424879779840,6,trade,complete,1697060564778,2023-10-11,10,cc5597,add,9221,Jahmyr Gibbs,RB,
2023,1017949424879779840,6,trade,complete,1697060564778,2023-10-11,10,cc5597,drop,7526,Jaylen Waddle,WR,
2023,1017949424879779840,6,trade,complete,1697060564778,2023-10-11,7,KingTowsk,drop,9221,Jahmyr Gibbs,RB,
2023,1017914134152806400,6,waiver,failed,1697052150813,2023-10-11,5,kaufmannc,add,8221,Keaontay Ingram,RB,21
2023,1017914134152806400,6,waiver,failed,1697052150813,2023-10-11,5,kaufmannc,drop,1837,Jimmy Garoppolo,QB,
2023,1017907492820557824,6,waiver,complete,1697050567396,2023-10-11,2,Erjohnson14,add,2251,Logan Thomas,TE,3
2023,1017904385369784320,6,waiver,failed,1697049826522,2023-10-11,3,MaxSirianni,add,8221,Keaontay Ingram,RB,13
2023,1017904385369784320,6,waiver,failed,1697049826522,2023-10-11,3,MaxSirianni,drop,8132,Tyler Allgeier,RB,
2023,1017902650098122752,6,waiver,complete,1697049412801,2023-10-11,9,brockhusk,add,8221,Keaontay Ingram,RB,22
2023,1017902650098122752,6,waiver,complete,1697049412801,2023-10-11,9,brockhusk,drop,4098,Kareem Hunt,RB,
2023,1017865431719202816,6,waiver,complete,1697040539248,2023-10-11,1,bgreenblatt,add,6826,Cole Kmet,TE,5
2023,1017865431719202816,6,waiver,complete,1697040539248,2023-10-11,1,bgreenblatt,drop,4455,Matt Breida,RB,
2023,1017865056106688512,6,waiver,complete,1697040449695,2023-10-11,1,bgreenblatt,add,LV,Las Vegas Raiders,DEF,2
2023,1017865056106688512,6,waiver,complete,1697040449695,2023-10-11,1,bgreenblatt,drop,NE,New England Patriots,DEF,
2023,1017862845607862272,6,waiver,failed,1697039922671,2023-10-11,10,cc5597,add,11199,Emari Demercado,RB,16
2023,1017862845607862272,6,waiver,failed,1697039922671,2023-10-11,10,cc5597,drop,7594,Chuba Hubbard,RB,
2023,1017856566348996608,6,waiver,complete,1697038425579,2023-10-11,3,MaxSirianni,add,6011,Gardner Minshew,QB,6
2023,1017856566348996608,6,waiver,complete,1697038425579,2023-10-11,3,MaxSirianni,drop,7538,Zach Wilson,QB,
2023,1017855666314203136,6,waiver,complete,1697038210994,2023-10-11,3,MaxSirianni,add,9508,Tyjae Spears,RB,3
2023,1017847713464954880,6,waiver,complete,1697036314887,2023-10-11,10,cc5597,add,4171,Josh Reynolds,WR,1
2023,1017847713464954880,6,waiver,complete,1697036314887,2023-10-11,10,cc5597,drop,7594,Chuba Hubbard,RB,
2023,1017842063435481088,6,waiver,failed,1697034967815,2023-10-11,7,KingTowsk,add,CHI,Chicago Bears,DEF,0
2023,1017841607179165696,6,waiver,failed,1697034859035,2023-10-11,7,KingTowsk,add,JAX,Jacksonville Jaguars,DEF,0
2023,1017841530427543552,6,waiver,failed,1697034840736,2023-10-11,7,KingTowsk,add,MIN,Minnesota Vikings,DEF,0
2023,1017817473434980352,6,waiver,failed,1697029105102,2023-10-11,4,jdrobny,add,7066,K.J. Osborn,WR,0
2023,1017817473434980352,6,waiver,failed,1697029105102,2023-10-11,4,jdrobny,drop,6945,Antonio Gibson,RB,
2023,1017810379575029760,6,waiver,failed,1697027413794,2023-10-11,5,kaufmannc,add,5284,Jeff Wilson,RB,14
2023,1017810379575029760,6,waiver,failed,1697027413794,2023-10-11,5,kaufmannc,drop,10232,Michael Wilson,WR,
2023,1017810201111531520,6,waiver,complete,1697027371245,2023-10-11,5,kaufmannc,add,1837,Jimmy Garoppolo,QB,2
2023,1017810201111531520,6,waiver,complete,1697027371245,2023-10-11,5,kaufmannc,drop,5248,Gus Edwards,RB,
2023,1022740770849210368,7,waiver,failed,1698202910676,2023-10-24,6,JSanDusky69,add,PIT,Pittsburgh Steelers,DEF,0
2023,1022739862899777536,7,waiver,complete,1698202694204,2023-10-24,6,JSanDusky69,add,5248,Gus Edwards,RB,1
2023,1022739793886732288,7,waiver,failed,1698202677750,2023-10-24,6,JSanDusky69,add,4454,Kendrick Bourne,WR,0
2023,1022739719760850944,7,waiver,failed,1698202660077,2023-10-24,6,JSanDusky69,add,9500,Josh Downs,WR,0
2023,1022739637963517952,7,waiver,complete,1698202640575,2023-10-24,6,JSanDusky69,add,11199,Emari Demercado,RB,0
2023,1022739094897508352,7,free_agent,complete,1698202511098,2023-10-24,6,JSanDusky69,drop,LAR,Los Angeles Rams,DEF,
2023,1022605571876405248,7,waiver,complete,1698170676729,2023-10-24,3,MaxSirianni,add,9500,Josh Downs,WR,6
2023,1022605571876405248,7,waiver,complete,1698170676729,2023-10-24,3,MaxSirianni,drop,7562,Tutu Atwell,WR,
2023,1022547828360429568,7,free_agent,complete,1698156909602,2023-10-24,6,JSanDusky69,drop,5046,Royce Freeman,RB,
2023,1022538514413498368,7,waiver,failed,1698154688984,2023-10-24,7,KingTowsk,add,JAX,Jacksonville Jaguars,DEF,0
2023,1022538514413498368,7,waiver,failed,1698154688984,2023-10-24,7,KingTowsk,drop,SEA,Seattle Seahawks,DEF,
2023,1022538426924539904,7,waiver,complete,1698154668125,2023-10-24,7,KingTowsk,add,PHI,Philadelphia Eagles,DEF,3
2023,1022538426924539904,7,waiver,complete,1698154668125,2023-10-24,7,KingTowsk,drop,SEA,Seattle Seahawks,DEF,
2023,1022527374442754048,7,waiver,failed,1698152033008,2023-10-24,2,Erjohnson14,add,11533,Brandon Aubrey,K,6
2023,1022527374442754048,7,waiver,failed,1698152033008,2023-10-24,2,Erjohnson14,drop,4958,Brett Maher,K,
2023,1022438541567086592,7,waiver,complete,1698130853600,2023-10-24,1,bgreenblatt,add,PIT,Pittsburgh Steelers,DEF,0
2023,1022438541567086592,7,waiver,complete,1698130853600,2023-10-24,1,bgreenblatt,drop,LV,Las Vegas Raiders,DEF,
2023,1022348057058861056,7,waiver,complete,1698109280412,2023-10-23,1,bgreenblatt,add,11533,Brandon Aubrey,K,8
2023,1022348057058861056,7,waiver,complete,1698109280412,2023-10-23,1,bgreenblatt,drop,10937,Jake Moody,K,
2023,1021903261932158976,7,free_agent,complete,1698003232990,2023-10-22,2,Erjohnson14,add,5916,Darrell Henderson,RB,
2023,1021883823669530624,7,waiver,failed,1697998598547,2023-10-22,1,bgreenblatt,add,9500,Josh Downs,WR,0
2023,1021883823669530624,7,waiver,failed,1697998598547,2023-10-22,1,bgreenblatt,drop,7670,Joshua Palmer,WR,
2023,1021883120947265536,7,free_agent,complete,1697998431005,2023-10-22,3,MaxSirianni,add,7562,Tutu Atwell,WR,
2023,1021882468045541376,7,waiver,failed,1697998275341,2023-10-22,3,MaxSirianni,add,9500,Josh Downs,WR,0
2023,1021810630803767296,7,waiver,complete,1697981148008,2023-10-22,1,bgreenblatt,add,KC,Kansas City Chiefs,DEF,0
2023,1021810240628539392,7,free_agent,complete,1697981054983,2023-10-22,5,kaufmannc,drop,1837,Jimmy Garoppolo,QB,
2023,1021809960725983232,7,trade,complete,1697980988249,2023-10-22,5,kaufmannc,add,4179,Joshua Dobbs,QB,
2023,1021809960725983232,7,trade,complete,1697980988249,2023-10-22,1,bgreenblatt,drop,4179,Joshua Dobbs,QB,
2023,1021798271381098496,7,waiver,complete,1697978201292,2023-10-22,6,JSanDusky69,add,5046,Royce Freeman,RB,0
2023,1021798271381098496,7,waiver,complete,1697978201292,2023-10-22,6,JSanDusky69,drop,9222,Zach Evans,RB,
2023,1021502742507950080,7,waiver,complete,1697907741718,2023-10-21,10,cc5597,add,7066,K.J. Osborn,WR,0
2023,1021252614731677696,7,free_agent,complete,1697848106609,2023-10-20,2,Erjohnson14,drop,4082,Curtis Samuel,WR,
2023,1021176702866677760,7,trade,complete,1697830007810,2023-10-20,10,cc5597,add,10235,Roschon Johnson,RB,
2023,1021176702866677760,7,trade,complete,1697830007810,2023-10-20,6,JSanDusky69,add,9222,Zach Evans,RB,
2023,1021176702866677760,7,trade,complete,1697830007810,2023-10-20,6,JSanDusky69,drop,10235,Roschon Johnson,RB,
2023,1021176702866677760,7,trade,complete,1697830007810,2023-10-20,10,cc5597,drop,9222,Zach Evans,RB,
2023,1020937870145720320,7,free_agent,complete,1697773065652,2023-10-19,8,TylerWicks,add,2747,Jason Myers,K,
2023,1020937870145720320,7,free_agent,complete,1697773065652,2023-10-19,8,TylerWicks,drop,11533,Brandon Aubrey,K,
2023,1020937627052249088,7,free_agent,complete,1697773007694,2023-10-19,8,TylerWicks,add,4033,David Njoku,TE,
2023,1020937627052249088,7,free_agent,complete,1697773007694,2023-10-19,8,TylerWicks,drop,7567,Kenny Gainwell,RB,
2023,1020839059662393344,7,free_agent,complete,1697749507397,2023-10-19,10,cc5597,drop,8119,Jahan Dotson,WR,
2023,1020694915585593344,7,waiver,complete,1697715140771,2023-10-19,3,MaxSirianni,add,8160,Kenny Pickett,QB,0
2023,1020694915585593344,7,waiver,complete,1697715140771,2023-10-19,3,MaxSirianni,drop,6011,Gardner Minshew,QB,
2023,1020518684420354048,7,waiver,complete,1697673123987,2023-10-18,1,bgreenblatt,add,9482,Michael Mayer,TE,0
2023,1020518684420354048,7,waiver,complete,1697673123987,2023-10-18,1,bgreenblatt,drop,3969,Leonard Fournette,RB,
2023,1020429475370057728,7,free_agent,complete,1697651854892,2023-10-18,3,MaxSirianni,drop,11199,Emari Demercado,RB,
2023,1020411212586196992,7,waiver,complete,1697647500705,2023-10-18,9,brockhusk,add,6659,Craig Reynolds,RB,6
2023,1020409851752562688,7,free_agent,complete,1697647176257,2023-10-18,9,brockhusk,drop,4988,Nick Chubb,RB,
2023,1020400152982528000,7,waiver,complete,1697644863890,2023-10-18,5,kaufmannc,add,CLE,Cleveland Browns,DEF,13
2023,1020400152982528000,7,waiver,complete,1697644863890,2023-10-18,5,kaufmannc,drop,PHI,Philadelphia Eagles,DEF,
2023,1020399518338187264,7,waiver,complete,1697644712579,2023-10-18,7,KingTowsk,add,10229,Rashee Rice,WR,9
2023,1020399469780725760,7,waiver,complete,1697644701002,2023-10-18,7,KingTowsk,add,5001,Dalton Schultz,TE,0
2023,1020399363895537664,7,waiver,failed,1697644675757,2023-10-18,7,KingTowsk,add,CLE,Cleveland Browns,DEF,0
2023,1020399300687265792,7,waiver,failed,1697644660687,2023-10-18,7,KingTowsk,add,WAS,Washington Commanders,DEF,0
2023,1020399242600419328,7,waiver,failed,1697644646838,2023-10-18,7,KingTowsk,add,1348,Dustin Hopkins,K,0
2023,1020399091844497408,7,waiver,complete,1697644610895,2023-10-18,7,KingTowsk,add,SEA,Seattle Seahawks,DEF,6
2023,1020399091844497408,7,waiver,complete,1697644610895,2023-10-18,7,KingTowsk,drop,KC,Kansas City Chiefs,DEF,
2023,1020398976215891968,7,free_agent,complete,1697644583327,2023-10-18,5,kaufmannc,drop,10232,Michael Wilson,WR,
2023,1020397844802437120,7,trade,complete,1697644313577,2023-10-18,5,kaufmannc,add,10859,Sam LaPorta,TE,
2023,1020397844802437120,7,trade,complete,1697644313577,2023-10-18,7,KingTowsk,add,1466,Travis Kelce,TE,
2023,1020397844802437120,7,trade,complete,1697644313577,2023-10-18,5,kaufmannc,add,4950,Christian Kirk,WR,
2023,1020397844802437120,7,trade,complete,1697644313577,2023-10-18,7,KingTowsk,add,7588,Javonte Williams,RB,
2023,1020397844802437120,7,trade,complete,1697644313577,2023-10-18,5,kaufmannc,add,8112,Drake London,WR,
2023,1020397844802437120,7,trade,complete,1697644313577,2023-10-18,7,KingTowsk,drop,10859,Sam LaPorta,TE,
2023,1020397844802437120,7,trade,complete,1697644313577,2023-10-18,5,kaufmannc,drop,1466,Travis Kelce,TE,
2023,1020397844802437120,7,trade,complete,1697644313577,2023-10-18,7,KingTowsk,drop,4950,Christian Kirk,WR,
2023,1020397844802437120,7,trade,complete,1697644313577,2023-10-18,5,kaufmannc,drop,7588,Javonte Williams,RB,
2023,1020397844802437120,7,trade,complete,1697644313577,2023-10-18,7,KingTowsk,drop,8112,Drake London,WR,
2023,1020393837857947648,7,free_agent,complete,1697643358247,2023-10-18,7,KingTowsk,drop,9229,Anthony Richardson,QB,
2023,1020392478584745984,7,waiver,complete,1697643034171,2023-10-18,10,cc5597,add,9222,Zach Evans,RB,11
2023,1020392478584745984,7,waiver,complete,1697643034171,2023-10-18,10,cc5597,drop,4171,Josh Reynolds,WR,
2023,1020371616204713984,7,waiver,failed,1697638060192,2023-10-18,2,Erjohnson14,add,CLE,Cleveland Browns,DEF,6
2023,1020371616204713984,7,waiver,failed,1697638060192,2023-10-18,2,Erjohnson14,drop,BAL,Baltimore Ravens,DEF,
2023,1020345826419359744,7,waiver,complete,1697631911428,2023-10-18,4,jdrobny,add,WAS,Washington Commanders,DEF,0
2023,1020345781838073856,7,waiver,failed,1697631900799,2023-10-18,4,jdrobny,add,CLE,Cleveland Browns,DEF,0
2023,1020345763156672512,7,waiver,failed,1697631896345,2023-10-18,4,jdrobny,add,LAR,Los Angeles Rams,DEF,0
2023,1025253919926165504,8,waiver,complete,1698802092108,2023-10-31,3,MaxSirianni,add,MIN,Minnesota Vikings,DEF,0
2023,1025253919926165504,8,waiver,complete,1698802092108,2023-10-31,3,MaxSirianni,drop,5095,Daniel Carlson,K,
2023,1025252628923564032,8,waiver,complete,1698801784309,2023-10-31,3,MaxSirianni,add,9999,Will Levis,QB,7
2023,1025252628923564032,8,waiver,complete,1698801784309,2023-10-31,3,MaxSirianni,drop,8160,Kenny Pickett,QB,
2023,1025232077106528256,8,free_agent,complete,1698796884374,2023-10-31,9,brockhusk,drop,8221,Keaontay Ingram,RB,
2023,1025221853226340352,8,trade,complete,1698794446811,2023-10-31,9,brockhusk,add,1837,Jimmy Garoppolo,QB,
2023,1025221853226340352,8,trade,complete,1698794446811,2023-10-31,9,brockhusk,add,5937,Diontae Johnson,WR,
2023,1025221853226340352,8,trade,complete,1698794446811,2023-10-31,10,cc5597,add,6151,Miles Sanders,RB,
2023,1025221853226340352,8,trade,complete,1698794446811,2023-10-31,10,cc5597,add,6804,Jordan Love,QB,
2023,1025221853226340352,8,trade,complete,1698794446811,2023-10-31,9,brockhusk,add,6845,Zack Moss,RB,
2023,1025221853226340352,8,trade,complete,1698794446811,2023-10-31,10,cc5597,drop,1837,Jimmy Garoppolo,QB,
2023,1025221853226340352,8,trade,complete,1698794446811,2023-10-31,10,cc5597,drop,5937,Diontae Johnson,WR,
2023,1025221853226340352,8,trade,complete,1698794446811,2023-10-31,9,brockhusk,drop,6151,Miles Sanders,RB,
2023,1025221853226340352,8,trade,complete,1698794446811,2023-10-31,9,brockhusk,drop,6804,Jordan Love,QB,
2023,1025221853226340352,8,trade,complete,1698794446811,2023-10-31,10,cc5597,drop,6845,Zack Moss,RB,
2023,1025111805271678976,8,waiver,complete,1698768209334,2023-10-31,6,JSanDusky69,add,LV,Las Vegas Raiders,DEF,0
2023,1025111805271678976,8,waiver,complete,1698768209334,2023-10-31,6,JSanDusky69,drop,MIA,Miami Dolphins,DEF,
2023,1025085173311856640,8,waiver,complete,1698761859780,2023-10-31,1,bgreenblatt,add,3969,Leonard Fournette,RB,12
2023,1025084264586506240,8,free_agent,complete,1698761643124,2023-10-31,10,cc5597,drop,1166,Kirk Cousins,QB,
2023,1025061396955938816,8,trade,complete,1698756191055,2023-10-31,10,cc5597,add,1837,Jimmy Garoppolo,QB,
2023,1025061396955938816,8,trade,complete,1698756191055,2023-10-31,1,bgreenblatt,drop,1837,Jimmy Garoppolo,QB,
2023,1025050523247943680,8,waiver,complete,1698753598561,2023-10-31,5,kaufmannc,add,8110,Jake Ferguson,TE,14
2023,1024794688085123072,8,free_agent,complete,1698692602705,2023-10-30,1,bgreenblatt,add,1837,Jimmy Garoppolo,QB,
2023,1024794688085123072,8,free_agent,complete,1698692602705,2023-10-30,1,bgreenblatt,drop,9482,Michael Mayer,TE,
2023,1024495822215798784,8,waiver,complete,1698621347529,2023-10-29,1,bgreenblatt,add,10235,Roschon Johnson,RB,0
2023,1024495822215798784,8,waiver,complete,1698621347529,2023-10-29,1,bgreenblatt,drop,8148,Jameson Williams,WR,
2023,1024445099801169920,8,waiver,failed,1698609254363,2023-10-29,4,jdrobny,add,9999,Will Levis,QB,0
2023,1024445099801169920,8,waiver,failed,1698609254363,2023-10-29,4,jdrobny,drop,WAS,Washington Commanders,DEF,
2023,1024403349963251712,8,free_agent,complete,1698599300426,2023-10-29,10,cc5597,add,1348,Dustin Hopkins,K,
2023,1024403349963251712,8,free_agent,complete,1698599300426,2023-10-29,10,cc5597,drop,5119,Jason Sanders,K,
2023,1024392778408763392,8,free_agent,complete,1698596779971,2023-10-29,7,KingTowsk,add,7922,Riley Patterson,K,
2023,1024392778408763392,8,free_agent,complete,1698596779971,2023-10-29,7,KingTowsk,drop,5001,Dalton Schultz,TE,
2023,1024053100442714112,8,waiver,complete,1698515794433,2023-10-28,10,cc5597,add,5119,Jason Sanders,K,0
2023,1024053100442714112,8,waiver,complete,1698515794433,2023-10-28,10,cc5597,drop,10235,Roschon Johnson,RB,
2023,1022983298894610432,8,free_agent,complete,1698260733868,2023-10-25,10,cc5597,drop,7922,Riley Patterson,K,
2023,1022973754864910336,8,free_agent,complete,1698258458394,2023-10-25,10,cc5597,drop,7066,K.J. Osborn,WR,
2023,1022958331142557696,8,waiver,complete,1698254781092,2023-10-25,2,Erjohnson14,add,10229,Rashee Rice,WR,5
2023,1022950062890094592,8,trade,complete,1698252809787,2023-10-25,2,Erjohnson14,add,4663,Austin Ekeler,RB,
2023,1022950062890094592,8,trade,complete,1698252809787,2023-10-25,10,cc5597,add,9509,Bijan Robinson,RB,
2023,1022950062890094592,8,trade,complete,1698252809787,2023-10-25,10,cc5597,add,9756,Jordan Addison,WR,
2023,1022950062890094592,8,trade,complete,1698252809787,2023-10-25,10,cc5597,drop,4663,Austin Ekeler,RB,
2023,1022950062890094592,8,trade,complete,1698252809787,2023-10-25,2,Erjohnson14,drop,9509,Bijan Robinson,RB,
2023,1022950062890094592,8,trade,complete,1698252809787,2023-10-25,2,Erjohnson14,drop,9756,Jordan Addison,WR,
2023,1022949036640256000,8,free_agent,complete,1698252565110,2023-10-25,9,brockhusk,drop,6659,Craig Reynolds,RB,
2023,1022932217203486720,8,waiver,complete,1698248555043,2023-10-25,2,Erjohnson14,add,8259,Cameron Dicker,K,2
2023,1022932217203486720,8,waiver,complete,1698248555043,2023-10-25,2,Erjohnson14,drop,4958,Brett Maher,K,
2023,1022928445805887488,8,waiver,complete,1698247655872,2023-10-25,7,KingTowsk,add,6011,Gardner Minshew,QB,2
2023,1022928445805887488,8,waiver,complete,1698247655872,2023-10-25,7,KingTowsk,drop,10229,Rashee Rice,WR,
2023,1022925543353696256,8,free_agent,complete,1698246963874,2023-10-25,7,KingTowsk,drop,5119,Jason Sanders,K,
2023,1022892574895448064,8,waiver,complete,1698239103581,2023-10-25,5,kaufmannc,add,4666,Younghoe Koo,K,0
2023,1022892574895448064,8,waiver,complete,1698239103581,2023-10-25,5,kaufmannc,drop,7042,Tyler Bass,K,
2023,1022892500954062848,8,waiver,failed,1698239085952,2023-10-25,5,kaufmannc,add,11533,Brandon Aubrey,K,3
2023,1022892500954062848,8,waiver,failed,1698239085952,2023-10-25,5,kaufmannc,drop,7042,Tyler Bass,K,
2023,1022891829651390464,8,free_agent,complete,1698238925901,2023-10-25,2,Erjohnson14,drop,5284,Jeff Wilson,RB,
2023,1027769222300094464,9,waiver,complete,1699401786926,2023-11-07,9,brockhusk,add,7042,Tyler Bass,K,0
2023,1027769222300094464,9,waiver,complete,1699401786926,2023-11-07,9,brockhusk,drop,ATL,Atlanta Falcons,DEF,
2023,1027768917680340992,9,waiver,complete,1699401714299,2023-11-07,9,brockhusk,add,9511,Keaton Mitchell,RB,16
2023,1027768917680340992,9,waiver,complete,1699401714299,2023-11-07,9,brockhusk,drop,7538,Zach Wilson,QB,
2023,1027749538934636544,9,free_agent,complete,1699397094046,2023-11-07,2,Erjohnson14,drop,2505,Darren Waller,TE,
2023,1027657660948103168,9,free_agent,complete,1699375188627,2023-11-07,5,kaufmannc,drop,5870,Daniel Jones,QB,
2023,1027655914305835008,9,waiver,complete,1699374772195,2023-11-07,10,cc5597,add,7608,Khalil Herbert,RB,16
2023,1027655914305835008,9,waiver,complete,1699374772195,2023-11-07,10,cc5597,drop,6151,Miles Sanders,RB,
2023,1027644349863043072,9,waiver,failed,1699372015017,2023-11-07,7,KingTowsk,add,5001,Dalton Schultz,TE,4
2023,1027644349863043072,9,waiver,failed,1699372015017,2023-11-07,7,KingTowsk,drop,6011,Gardner Minshew,QB,
2023,1027594567442317312,9,free_agent,complete,1699360145963,2023-11-07,1,bgreenblatt,drop,7527,Mac Jones,QB,
2023,1027274698335309824,9,waiver,complete,1699283883225,2023-11-06,9,brockhusk,add,7538,Zach Wilson,QB,0
2023,1027274698335309824,9,waiver,complete,1699283883225,2023-11-06,9,brockhusk,drop,5127,Kyle Allen,QB,
2023,1027051325680484352,9,free_agent,complete,1699230627034,2023-11-05,9,brockhusk,add,5127,Kyle Allen,QB,
2023,1027051325680484352,9,free_agent,complete,1699230627034,2023-11-05,9,brockhusk,drop,7538,Zach Wilson,QB,
2023,1027027585785626624,9,free_agent,complete,1699224967002,2023-11-05,9,brockhusk,add,7538,Zach Wilson,QB,
2023,1027027585785626624,9,free_agent,complete,1699224967002,2023-11-05,9,brockhusk,drop,1837,Jimmy Garoppolo,QB,
2023,1026966566476734464,9,waiver,complete,1699210418865,2023-11-05,1,bgreenblatt,add,6826,Cole Kmet,TE,11
2023,1026966566476734464,9,waiver,complete,1699210418865,2023-11-05,1,bgreenblatt,drop,10235,Roschon Johnson,RB,
2023,1026962256883580928,9,free_agent,complete,1699209391378,2023-11-05,1,bgreenblatt,add,CIN,Cincinnati Bengals,DEF,
2023,1026962256883580928,9,free_agent,complete,1699209391378,2023-11-05,1,bgreenblatt,drop,7670,Joshua Palmer,WR,
2023,1026603249941565440,9,waiver,complete,1699123797453,2023-11-04,1,bgreenblatt,add,7527,Mac Jones,QB,0
2023,1026603249941565440,9,waiver,complete,1699123797453,2023-11-04,1,bgreenblatt,drop,KC,Kansas City Chiefs,DEF,
2023,1026557138669289472,9,waiver,complete,1699112803669,2023-11-04,6,JSanDusky69,add,8119,Jahan Dotson,WR,0
2023,1026260193933344768,9,free_agent,complete,1699042006527,2023-11-03,6,JSanDusky69,drop,11199,Emari Demercado,RB,
2023,1025899432258125824,9,free_agent,complete,1698955994241,2023-11-02,2,Erjohnson14,add,7594,Chuba Hubbard,RB,
2023,1025480025635827712,9,waiver,complete,1698855999910,2023-11-01,4,jdrobny,add,10866,Aidan O'Connell,QB,0
2023,1025480025635827712,9,waiver,complete,1698855999910,2023-11-01,4,jdrobny,drop,WAS,Washington Commanders,DEF,
2023,1025478246080634880,9,waiver,complete,1698855575631,2023-11-01,10,cc5597,add,4381,Taysom Hill,TE,0
2023,1025472401020325888,9,waiver,complete,1698854182060,2023-11-01,7,KingTowsk,add,2711,Taylor Heinicke,QB,11
2023,1025472401020325888,9,waiver,complete,1698854182060,2023-11-01,7,KingTowsk,drop,8159,Desmond Ridder,QB,
2023,1025469995674980352,9,waiver,failed,1698853608581,2023-11-01,1,bgreenblatt,add,2711,Taylor Heinicke,QB,0
2023,1025469995674980352,9,waiver,failed,1698853608581,2023-11-01,1,bgreenblatt,drop,KC,Kansas City Chiefs,DEF,
2023,1025459639464435713,9,waiver,complete,1698851139468,2023-11-01,2,Erjohnson14,add,8130,Trey McBride,TE,16
2023,1025459639464435713,9,waiver,complete,1698851139468,2023-11-01,2,Erjohnson14,drop,5916,Darrell Henderson,RB,
2023,1025454340632412160,9,waiver,complete,1698849876128,2023-11-01,8,TylerWicks,add,8676,Rashid Shaheed,WR,5
2023,1025454340632412160,9,waiver,complete,1698849876128,2023-11-01,8,TylerWicks,drop,2197,Brandin Cooks,WR,
2023,1025453881796497408,9,waiver,complete,1698849766733,2023-11-01,8,TylerWicks,add,7066,K.J. Osborn,WR,20
2023,1025453881796497408,9,waiver,complete,1698849766733,2023-11-01,8,TylerWicks,drop,3214,Hunter Henry,TE,
2023,1025447228170678272,9,waiver,failed,1698848180385,2023-11-01,7,KingTowsk,add,NE,New England Patriots,DEF,0
2023,1025447228170678272,9,waiver,failed,1698848180385,2023-11-01,7,KingTowsk,drop,PHI,Philadelphia Eagles,DEF,
2023,1025447170255822848,9,waiver,failed,1698848166577,2023-11-01,7,KingTowsk,add,GB,Green Bay Packers,DEF,0
2023,1025447170255822848,9,waiver,failed,1698848166577,2023-11-01,7,KingTowsk,drop,PHI,Philadelphia Eagles,DEF,
2023,1025447023732019200,9,waiver,complete,1698848131643,2023-11-01,7,KingTowsk,add,LAC,Los Angeles Chargers,DEF,6
2023,1025447023732019200,9,waiver,complete,1698848131643,2023-11-01,7,KingTowsk,drop,PHI,Philadelphia Eagles,DEF,
2023,1025445493620498432,9,waiver,failed,1698847766836,2023-11-01,7,KingTowsk,add,5189,Eddy Pineiro,K,0
2023,1025445493620498432,9,waiver,failed,1698847766836,2023-11-01,7,KingTowsk,drop,7922,Riley Patterson,K,
2023,1025445420023062528,9,waiver,complete,1698847749289,2023-11-01,7,KingTowsk,add,6083,Matt Gay,K,2
2023,1025445420023062528,9,waiver,complete,1698847749289,2023-11-01,7,KingTowsk,drop,7922,Riley Patterson,K,
2023,1030350290307989504,10,waiver,complete,1700017161493,2023-11-14,5,kaufmannc,add,1433,Brandon McManus,K,0
2023,1030350290307989504,10,waiver,complete,1700017161493,2023-11-14,5,kaufmannc,drop,SEA,Seattle Seahawks,DEF,
2023,1030244538536816640,10,waiver,complete,1699991948306,2023-11-14,7,KingTowsk,add,5119,Jason Sanders,K,1
2023,1030244538536816640,10,waiver,complete,1699991948306,2023-11-14,7,KingTowsk,drop,5095,Daniel Carlson,K,
2023,1030244409612369920,10,waiver,failed,1699991917568,2023-11-14,7,KingTowsk,add,LAC,Los Angeles Chargers,DEF,0
2023,1030244409612369920,10,waiver,failed,1699991917568,2023-11-14,7,KingTowsk,drop,CHI,Chicago Bears,DEF,
2023,1030244365035319296,10,waiver,failed,1699991906940,2023-11-14,7,KingTowsk,add,DET,Detroit Lions,DEF,0
2023,1030244365035319296,10,waiver,failed,1699991906940,2023-11-14,7,KingTowsk,drop,CHI,Chicago Bears,DEF,
2023,1030244176761409536,10,waiver,complete,1699991862052,2023-11-14,7,KingTowsk,add,WAS,Washington Commanders,DEF,10
2023,1030244176761409536,10,waiver,complete,1699991862052,2023-11-14,7,KingTowsk,drop,CHI,Chicago Bears,DEF,
2023,1030226029740163072,10,waiver,complete,1699987535465,2023-11-14,10,cc5597,add,4234,Noah Brown,WR,31
2023,1030226029740163072,10,waiver,complete,1699987535465,2023-11-14,10,cc5597,drop,NO,New Orleans Saints,DEF,
2023,1030143648962273280,10,free_agent,complete,1699967894357,2023-11-14,1,bgreenblatt,drop,2251,Logan Thomas,TE,
2023,1030019342056587264,10,waiver,failed,1699938257281,2023-11-13,6,JSanDusky69,add,MIN,Minnesota Vikings,DEF,0
2023,1030019342056587264,10,waiver,failed,1699938257281,2023-11-13,6,JSanDusky69,drop,LV,Las Vegas Raiders,DEF,
2023,1030019254827671552,10,waiver,complete,1699938236484,2023-11-13,6,JSanDusky69,add,DET,Detroit Lions,DEF,6
2023,1030019254827671552,10,waiver,complete,1699938236484,2023-11-13,6,JSanDusky69,drop,LV,Las Vegas Raiders,DEF,
2023,1030019186984669184,10,waiver,failed,1699938220309,2023-11-13,6,JSanDusky69,add,WAS,Washington Commanders,DEF,5
2023,1030019186984669184,10,waiver,failed,1699938220309,2023-11-13,6,JSanDusky69,drop,LV,Las Vegas Raiders,DEF,
2023,1029487694616952832,10,free_agent,complete,1699811502654,2023-11-12,6,JSanDusky69,add,7922,Riley Patterson,K,
2023,1029487607908106240,10,free_agent,complete,1699811481981,2023-11-12,6,JSanDusky69,drop,4098,Kareem Hunt,RB,
2023,1029438646237233152,10,free_agent,complete,1699799808609,2023-11-12,3,MaxSirianni,drop,MIN,Minnesota Vikings,DEF,
2023,1028800257934680064,10,waiver,complete,1699647604977,2023-11-10,1,bgreenblatt,add,6130,Devin Singletary,RB,0
2023,1028533577455206400,10,free_agent,complete,1699584023396,2023-11-09,1,bgreenblatt,add,MIA,Miami Dolphins,DEF,
2023,1028533577455206400,10,free_agent,complete,1699584023396,2023-11-09,1,bgreenblatt,drop,CIN,Cincinnati Bengals,DEF,
2023,1028355345405554688,10,waiver,complete,1699541529564,2023-11-09,4,jdrobny,add,3225,Tyler Boyd,WR,0
2023,1028355345405554688,10,waiver,complete,1699541529564,2023-11-09,4,jdrobny,drop,7596,Elijah Moore,WR,
2023,1028091236181250048,10,waiver,complete,1699478561018,2023-11-08,5,kaufmannc,add,SEA,Seattle Seahawks,DEF,0
2023,1028060662544642048,10,waiver,complete,1699471271695,2023-11-08,10,cc5597,add,JAX,Jacksonville Jaguars,DEF,0
2023,1028015996520513536,10,waiver,complete,1699460622485,2023-11-08,7,KingTowsk,add,3214,Hunter Henry,TE,0
2023,1028015996520513536,10,waiver,complete,1699460622485,2023-11-08,7,KingTowsk,drop,6011,Gardner Minshew,QB,
2023,1028015894301147136,10,waiver,failed,1699460598114,2023-11-08,7,KingTowsk,add,6826,Cole Kmet,TE,0
2023,1028015894301147136,10,waiver,failed,1699460598114,2023-11-08,7,KingTowsk,drop,6011,Gardner Minshew,QB,
2023,1028014946413563904,10,waiver,failed,1699460372120,2023-11-08,7,KingTowsk,add,10955,Chad Ryland,K,0
2023,1028014946413563904,10,waiver,failed,1699460372120,2023-11-08,7,KingTowsk,drop,6083,Matt Gay,K,
2023,1028014874758062080,10,waiver,complete,1699460355036,2023-11-08,7,KingTowsk,add,5095,Daniel Carlson,K,0
2023,1028014874758062080,10,waiver,complete,1699460355036,2023-11-08,7,KingTowsk,drop,6083,Matt Gay,K,
2023,1028014507085430784,10,waiver,failed,1699460267376,2023-11-08,7,KingTowsk,add,SEA,Seattle Seahawks,DEF,0
2023,1028014507085430784,10,waiver,failed,1699460267376,2023-11-08,7,KingTowsk,drop,LAC,Los Angeles Chargers,DEF,
2023,1028014416652075008,10,waiver,failed,1699460245815,2023-11-08,7,KingTowsk,add,TEN,Tennessee Titans,DEF,0
2023,1028014416652075008,10,waiver,failed,1699460245815,2023-11-08,7,KingTowsk,drop,LAC,Los Angeles Chargers,DEF,
2023,1028014364189634560,10,waiver,complete,1699460233307,2023-11-08,7,KingTowsk,add,CHI,Chicago Bears,DEF,1
2023,1028014364189634560,10,waiver,complete,1699460233307,2023-11-08,7,KingTowsk,drop,LAC,Los Angeles Chargers,DEF,
2023,1028000570117931008,10,waiver,complete,1699456944544,2023-11-08,2,Erjohnson14,add,5001,Dalton Schultz,TE,18
2023,1028000570117931008,10,waiver,complete,1699456944544,2023-11-08,2,Erjohnson14,drop,8129,Dameon Pierce,RB,
2023,1032716584600629248,11,trade,complete,1700581330016,2023-11-21,6,JSanDusky69,add,5947,Jakobi Meyers,WR,
2023,1032716584600629248,11,trade,complete,1700581330016,2023-11-21,6,JSanDusky69,add,8138,James Cook,RB,
2023,1032716584600629248,11,trade,complete,1700581330016,2023-11-21,7,KingTowsk,add,9226,De'Von Achane,RB,
2023,1032716584600629248,11,trade,complete,1700581330016,2023-11-21,7,KingTowsk,drop,5947,Jakobi Meyers,WR,
2023,1032716584600629248,11,trade,complete,1700581330016,2023-11-21,7,KingTowsk,drop,8138,James Cook,RB,
2023,1032716584600629248,11,trade,complete,1700581330016,2023-11-21,6,JSanDusky69,drop,9226,De'Von Achane,RB,
2023,1032701902519201792,11,trade,complete,1700577829535,2023-11-21,3,MaxSirianni,add,4866,Saquon Barkley,RB,
2023,1032701902519201792,11,trade,complete,1700577829535,2023-11-21,3,MaxSirianni,add,7523,Trevor Lawrence,QB,
2023,1032701902519201792,11,trade,complete,1700577829535,2023-11-21,1,bgreenblatt,add,7543,Travis Etienne,RB,
2023,1032701902519201792,11,trade,complete,1700577829535,2023-11-21,1,bgreenblatt,add,9999,Will Levis,QB,
2023,1032701902519201792,11,trade,complete,1700577829535,2023-11-21,1,bgreenblatt,drop,4866,Saquon Barkley,RB,
2023,1032701902519201792,11,trade,complete,1700577829535,2023-11-21,1,bgreenblatt,drop,7523,Trevor Lawrence,QB,
2023,1032701902519201792,11,trade,complete,1700577829535,2023-11-21,3,MaxSirianni,drop,7543,Travis Etienne,RB,
2023,1032701902519201792,11,trade,complete,1700577829535,2023-11-21,3,MaxSirianni,drop,9999,Will Levis,QB,
2023,1032699927207526400,11,waiver,complete,1700577358584,2023-11-21,2,Erjohnson14,add,KC,Kansas City Chiefs,DEF,18
2023,1032699927207526400,11,waiver,complete,1700577358584,2023-11-21,2,Erjohnson14,drop,7594,Chuba Hubbard,RB,
2023,1032698717154918400,11,free_agent,complete,1700577070085,2023-11-21,6,JSanDusky69,drop,7922,Riley Patterson,K,
2023,1032695682953506816,11,waiver,complete,1700576346675,2023-11-21,3,MaxSirianni,add,6111,Jake Browning,QB,2
2023,1032695682953506816,11,waiver,complete,1700576346675,2023-11-21,3,MaxSirianni,drop,6770,Joe Burrow,QB,
2023,1032418123858706432,11,waiver,complete,1700510171430,2023-11-20,1,bgreenblatt,add,5012,Mark Andrews,TE,9
2023,1032418123858706432,11,waiver,complete,1700510171430,2023-11-20,1,bgreenblatt,drop,3969,Leonard Fournette,RB,
2023,1032405771411079168,11,free_agent,complete,1700507226377,2023-11-20,10,cc5597,drop,6943,Gabe Davis,WR,
2023,1032189353138941952,11,waiver,complete,1700455628240,2023-11-19,6,JSanDusky69,add,4098,Kareem Hunt,RB,0
2023,1032189246494609408,11,waiver,complete,1700455602814,2023-11-19,6,JSanDusky69,add,2078,Odell Beckham,WR,0
2023,1032188098836398080,11,free_agent,complete,1700455329191,2023-11-19,6,JSanDusky69,drop,9228,Bryce Young,QB,
2023,1032063911836745728,11,free_agent,complete,1700425720703,2023-11-19,6,JSanDusky69,drop,8119,Jahan Dotson,WR,
2023,1032017648579739648,11,free_agent,complete,1700414690683,2023-11-19,7,KingTowsk,drop,2711,Taylor Heinicke,QB,
2023,1031980278052438016,11,waiver,complete,1700405780855,2023-11-19,7,KingTowsk,add,8159,Desmond Ridder,QB,0
2023,1031980278052438016,11,waiver,complete,1700405780855,2023-11-19,7,KingTowsk,drop,10235,Roschon Johnson,RB,
2023,1031108875271528448,11,waiver,complete,1700198022242,2023-11-16,4,jdrobny,add,7553,Kyle Pitts,TE,0
2023,1031108875271528448,11,waiver,complete,1700198022242,2023-11-16,4,jdrobny,drop,5012,Mark Andrews,TE,
2023,1030928358441304064,11,free_agent,complete,1700154983676,2023-11-16,9,brockhusk,add,LAC,Los Angeles Chargers,DEF,
2023,1030928358441304064,11,free_agent,complete,1700154983676,2023-11-16,9,brockhusk,drop,7042,Tyler Bass,K,
2023,1030906723315318784,11,waiver,complete,1700149825460,2023-11-16,8,TylerWicks,add,10862,Dorian Thompson-Robinson,QB,0
2023,1030906723315318784,11,waiver,complete,1700149825460,2023-11-16,8,TylerWicks,drop,4335,P.J. Walker,QB,
2023,1030573712199876608,11,waiver,complete,1700070429423,2023-11-15,2,Erjohnson14,add,2197,Brandin Cooks,WR,0
2023,1030571737232015360,11,waiver,complete,1700069958554,2023-11-15,6,JSanDusky69,add,2251,Logan Thomas,TE,0
2023,1030571737232015360,11,waiver,complete,1700069958554,2023-11-15,6,JSanDusky69,drop,7553,Kyle Pitts,TE,
2023,1030569326509637632,11,free_agent,complete,1700069383793,2023-11-15,8,TylerWicks,drop,8676,Rashid Shaheed,WR,
2023,1030563769006571520,11,trade,complete,1700068058781,2023-11-15,8,TylerWicks,add,2216,Mike Evans,WR,
2023,1030563769006571520,11,trade,complete,1700068058781,2023-11-15,2,Erjohnson14,add,5859,A.J. Brown,WR,
2023,1030563769006571520,11,trade,complete,1700068058781,2023-11-15,8,TylerWicks,add,7525,DeVonta Smith,WR,
2023,1030563769006571520,11,trade,complete,1700068058781,2023-11-15,2,Erjohnson14,drop,2216,Mike Evans,WR,
2023,1030563769006571520,11,trade,complete,1700068058781,2023-11-15,8,TylerWicks,drop,5859,A.J. Brown,WR,
2023,1030563769006571520,11,trade,complete,1700068058781,2023-11-15,2,Erjohnson14,drop,7525,DeVonta Smith,WR,
2023,1030536661362384896,11,waiver,complete,1700061595815,2023-11-15,7,KingTowsk,add,10235,Roschon Johnson,RB,0
2023,1030536661362384896,11,waiver,complete,1700061595815,2023-11-15,7,KingTowsk,drop,3214,Hunter Henry,TE,
2023,1030536577707024384,11,waiver,failed,1700061575870,2023-11-15,7,KingTowsk,add,8230,Ty Chandler,RB,0
2023,1030536577707024384,11,waiver,failed,1700061575870,2023-11-15,7,KingTowsk,drop,3214,Hunter Henry,TE,
2023,1030536445523558400,11,waiver,failed,1700061544355,2023-11-15,9,brockhusk,add,WAS,Washington Commanders,DEF,1
2023,1030536445523558400,11,waiver,failed,1700061544355,2023-11-15,9,brockhusk,drop,7042,Tyler Bass,K,
2023,1030536108041523200,11,waiver,failed,1700061463893,2023-11-15,7,KingTowsk,add,10235,Roschon Johnson,RB,0
2023,1030536044351004672,11,waiver,complete,1700061448708,2023-11-15,7,KingTowsk,add,8230,Ty Chandler,RB,0
2023,1030535228055527424,11,waiver,failed,1700061254088,2023-11-15,7,KingTowsk,add,KC,Kansas City Chiefs,DEF,0
2023,1030535228055527424,11,waiver,failed,1700061254088,2023-11-15,7,KingTowsk,drop,CHI,Chicago Bears,DEF,
2023,1030516195339894784,11,waiver,complete,1700056716335,2023-11-15,8,TylerWicks,add,4335,P.J. Walker,QB,3
2023,1030516195339894784,11,waiver,complete,1700056716335,2023-11-15,8,TylerWicks,drop,4017,Deshaun Watson,QB,
2023,1035412268466417664,12,waiver,complete,1701224031133,2023-11-28,7,KingTowsk,add,4089,Gerald Everett,TE,0
2023,1035412268466417664,12,waiver,complete,1701224031133,2023-11-28,7,KingTowsk,drop,8230,Ty Chandler,RB,
2023,1035411025471815680,12,free_agent,complete,1701223734780,2023-11-28,7,KingTowsk,drop,NE,New England Patriots,DEF,
2023,1035391718868291584,12,waiver,failed,1701219131727,2023-11-28,9,brockhusk,add,7600,Pat Freiermuth,TE,1
2023,1035375868689993728,12,waiver,failed,1701215352751,2023-11-28,4,jdrobny,add,6083,Matt Gay,K,0
2023,1035375821889859584,12,waiver,failed,1701215341592,2023-11-28,4,jdrobny,add,7922,Riley Patterson,K,0
2023,1035375794757009408,12,waiver,failed,1701215335123,2023-11-28,4,jdrobny,add,5119,Jason Sanders,K,0
2023,1035372565369511936,12,waiver,complete,1701214565177,2023-11-28,9,brockhusk,add,TB,Tampa Bay Buccaneers,DEF,2
2023,1035372565369511936,12,waiver,complete,1701214565177,2023-11-28,9,brockhusk,drop,TEN,Tennessee Titans,DEF,
2023,1035372509048410112,12,waiver,complete,1701214551749,2023-11-28,9,brockhusk,add,8160,Kenny Pickett,QB,0
2023,1035329282354065408,12,waiver,failed,1701204245702,2023-11-28,10,cc5597,add,8119,Jahan Dotson,WR,26
2023,1035312657676496896,12,waiver,failed,1701200282071,2023-11-28,2,Erjohnson14,add,5119,Jason Sanders,K,0
2023,1035312657676496896,12,waiver,failed,1701200282071,2023-11-28,2,Erjohnson14,drop,8259,Cameron Dicker,K,
2023,1035269158449074176,12,waiver,complete,1701189911046,2023-11-28,5,kaufmannc,add,5119,Jason Sanders,K,3
2023,1035269158449074176,12,waiver,complete,1701189911046,2023-11-28,5,kaufmannc,drop,4666,Younghoe Koo,K,
2023,1035268432058572800,12,waiver,complete,1701189737861,2023-11-28,5,kaufmannc,add,8159,Desmond Ridder,QB,0
2023,1035268432058572800,12,waiver,complete,1701189737861,2023-11-28,5,kaufmannc,drop,8110,Jake Ferguson,TE,
2023,1035263242895036416,12,waiver,complete,1701188500668,2023-11-28,10,cc5597,add,8119,Jahan Dotson,WR,26
2023,1035254329780920320,12,waiver,complete,1701186375616,2023-11-28,6,JSanDusky69,add,LAC,Los Angeles Chargers,DEF,0
2023,1035254329780920320,12,waiver,complete,1701186375616,2023-11-28,6,JSanDusky69,drop,DET,Detroit Lions,DEF,
2023,1035254244347060224,12,waiver,failed,1701186355247,2023-11-28,6,JSanDusky69,add,TB,Tampa Bay Buccaneers,DEF,2
2023,1035254244347060224,12,waiver,failed,1701186355247,2023-11-28,6,JSanDusky69,drop,DET,Detroit Lions,DEF,
2023,1035086831409004544,12,waiver,complete,1701146440892,2023-11-27,1,bgreenblatt,add,7600,Pat Freiermuth,TE,5
2023,1035086831409004544,12,waiver,complete,1701146440892,2023-11-27,1,bgreenblatt,drop,8131,Isaiah Likely,TE,
2023,1034523935389507584,12,waiver,complete,1701012236023,2023-11-26,7,KingTowsk,add,ATL,Atlanta Falcons,DEF,0
2023,1034523935389507584,12,waiver,complete,1701012236023,2023-11-26,7,KingTowsk,drop,6421,Jalen Guyton,WR,
2023,1033598130505359360,12,free_agent,complete,1700791506938,2023-11-23,9,brockhusk,add,TEN,Tennessee Titans,DEF,
2023,1033598130505359360,12,free_agent,complete,1700791506938,2023-11-23,9,brockhusk,drop,LAC,Los Angeles Chargers,DEF,
2023,1033408969869578240,12,waiver,failed,1700746407528,2023-11-23,7,KingTowsk,add,10222,Jayden Reed,WR,0
2023,1033408940870107136,12,waiver,complete,1700746400614,2023-11-23,7,KingTowsk,add,6943,Gabe Davis,WR,0
2023,1033133313180999680,12,waiver,complete,1700680685852,2023-11-22,7,KingTowsk,add,1433,Brandon McManus,K,0
2023,1033133313180999680,12,waiver,complete,1700680685852,2023-11-22,7,KingTowsk,drop,5119,Jason Sanders,K,
2023,1033102211854749696,12,waiver,complete,1700673270718,2023-11-22,1,bgreenblatt,add,8131,Isaiah Likely,TE,5
2023,1033092266392436736,12,trade,complete,1700670899535,2023-11-22,2,Erjohnson14,add,6804,Jordan Love,QB,
2023,1033092266392436736,12,trade,complete,1700670899535,2023-11-22,10,cc5597,add,8162,Sam Howell,QB,
2023,1033092266392436736,12,trade,complete,1700670899535,2023-11-22,10,cc5597,add,8228,Jaylen Warren,RB,
2023,1033092266392436736,12,trade,complete,1700670899535,2023-11-22,2,Erjohnson14,add,9509,Bijan Robinson,RB,
2023,1033092266392436736,12,trade,complete,1700670899535,2023-11-22,10,cc5597,drop,6804,Jordan Love,QB,
2023,1033092266392436736,12,trade,complete,1700670899535,2023-11-22,2,Erjohnson14,drop,8162,Sam Howell,QB,
2023,1033092266392436736,12,trade,complete,1700670899535,2023-11-22,2,Erjohnson14,drop,8228,Jaylen Warren,RB,
2023,1033092266392436736,12,trade,complete,1700670899535,2023-11-22,10,cc5597,drop,9509,Bijan Robinson,RB,
2023,1033061878794117120,12,free_agent,complete,1700663654567,2023-11-22,5,kaufmannc,drop,1433,Brandon McManus,K,
2023,1033056289070477312,12,waiver,failed,1700662321873,2023-11-22,7,KingTowsk,add,8131,Isaiah Likely,TE,0
2023,1033056102423953408,12,waiver,failed,1700662277373,2023-11-22,7,KingTowsk,add,8148,Jameson Williams,WR,0
2023,1033056059923050496,12,waiver,complete,1700662267240,2023-11-22,7,KingTowsk,add,6421,Jalen Guyton,WR,0
2023,1033056007506800640,12,waiver,failed,1700662254743,2023-11-22,7,KingTowsk,add,10222,Jayden Reed,WR,0
2023,1033055452529049600,12,waiver,complete,1700662122426,2023-11-22,7,KingTowsk,add,6011,Gardner Minshew,QB,2
2023,1033055452529049600,12,waiver,complete,1700662122426,2023-11-22,7,KingTowsk,drop,8159,Desmond Ridder,QB,
2023,1033054740919234560,12,waiver,failed,1700661952765,2023-11-22,7,KingTowsk,add,KC,Kansas City Chiefs,DEF,0
2023,1033054740919234560,12,waiver,failed,1700661952765,2023-11-22,7,KingTowsk,drop,WAS,Washington Commanders,DEF,
2023,1033054692647055360,12,waiver,failed,1700661941256,2023-11-22,7,KingTowsk,add,CIN,Cincinnati Bengals,DEF,0
2023,1033054692647055360,12,waiver,failed,1700661941256,2023-11-22,7,KingTowsk,drop,WAS,Washington Commanders,DEF,
2023,1033054620903464960,12,waiver,failed,1700661924151,2023-11-22,7,KingTowsk,add,TEN,Tennessee Titans,DEF,0
2023,1033054620903464960,12,waiver,failed,1700661924151,2023-11-22,7,KingTowsk,drop,WAS,Washington Commanders,DEF,
2023,1033054569519038464,12,waiver,failed,1700661911900,2023-11-22,7,KingTowsk,add,DEN,Denver Broncos,DEF,1
2023,1033054569519038464,12,waiver,failed,1700661911900,2023-11-22,7,KingTowsk,drop,WAS,Washington Commanders,DEF,
2023,1033054502972248064,12,waiver,complete,1700661896034,2023-11-22,7,KingTowsk,add,NE,New England Patriots,DEF,3
2023,1033054502972248064,12,waiver,complete,1700661896034,2023-11-22,7,KingTowsk,drop,WAS,Washington Commanders,DEF,
2023,1037984313733689344,13,waiver,complete,1701837254511,2023-12-05,10,cc5597,add,HOU,Houston Texans,DEF,20
2023,1037984313733689344,13,waiver,complete,1701837254511,2023-12-05,10,cc5597,drop,LAR,Los Angeles Rams,DEF,
2023,1037956855416459264,13,waiver,failed,1701830707938,2023-12-05,9,brockhusk,add,HOU,Houston Texans,DEF,4
2023,1037956855416459264,13,waiver,failed,1701830707938,2023-12-05,9,brockhusk,drop,TB,Tampa Bay Buccaneers,DEF,
2023,1037884805205041152,13,waiver,complete,1701813529829,2023-12-05,2,Erjohnson14,add,4381,Taysom Hill,TE,3
2023,1037884805205041152,13,waiver,complete,1701813529829,2023-12-05,2,Erjohnson14,drop,5001,Dalton Schultz,TE,
2023,1037819727021854720,13,waiver,complete,1701798013981,2023-12-05,2,Erjohnson14,add,6083,Matt Gay,K,2
2023,1037819727021854720,13,waiver,complete,1701798013981,2023-12-05,2,Erjohnson14,drop,8259,Cameron Dicker,K,
2023,1037818914677276672,13,free_agent,complete,1701797820303,2023-12-05,7,KingTowsk,drop,9502,Tank Dell,WR,
2023,1037818832749936640,13,free_agent,complete,1701797800770,2023-12-05,7,KingTowsk,drop,ATL,Atlanta Falcons,DEF,
2023,1037784100108582912,13,free_agent,complete,1701789519863,2023-12-05,5,kaufmannc,drop,8159,Desmond Ridder,QB,
2023,1037773292825821184,13,free_agent,complete,1701786943206,2023-12-05,2,Erjohnson14,drop,10222,Jayden Reed,WR,
2023,1037087990323052544,13,free_agent,complete,1701623554357,2023-12-03,9,brockhusk,add,8111,Cade Otton,TE,
2023,1037087990323052544,13,free_agent,complete,1701623554357,2023-12-03,9,brockhusk,drop,4111,D'Onta Foreman,RB,
2023,1037070925134548992,13,waiver,complete,1701619485699,2023-12-03,4,jdrobny,add,7568,Brevin Jordan,TE,0
2023,1037070925134548992,13,waiver,complete,1701619485699,2023-12-03,4,jdrobny,drop,7553,Kyle Pitts,TE,
2023,1037066059544764416,13,waiver,complete,1701618325652,2023-12-03,7,KingTowsk,add,8148,Jameson Williams,WR,0
2023,1037066059544764416,13,waiver,complete,1701618325652,2023-12-03,7,KingTowsk,drop,96,Aaron Rodgers,QB,
2023,1036683894554333184,13,waiver,complete,1701527210418,2023-12-02,2,Erjohnson14,add,10222,Jayden Reed,WR,0
2023,1036330580100775936,13,waiver,complete,1701442973688,2023-12-01,4,jdrobny,add,8110,Jake Ferguson,TE,0
2023,1036330580100775936,13,waiver,complete,1701442973688,2023-12-01,4,jdrobny,drop,3225,Tyler Boyd,WR,
2023,1036003925725372416,13,free_agent,complete,1701365093216,2023-11-30,7,KingTowsk,add,GB,Green Bay Packers,DEF,
2023,1035989688248688640,13,waiver,complete,1701361698737,2023-11-30,10,cc5597,add,LAR,Los Angeles Rams,DEF,2
2023,1035989688248688640,13,waiver,complete,1701361698737,2023-11-30,10,cc5597,drop,4381,Taysom Hill,TE,
2023,1035984565485158400,13,waiver,complete,1701360477375,2023-11-30,8,TylerWicks,add,IND,Indianapolis Colts,DEF,0
2023,1035984565485158400,13,waiver,complete,1701360477375,2023-11-30,8,TylerWicks,drop,10862,Dorian Thompson-Robinson,QB,
2023,1035654632611221504,13,waiver,complete,1701281815248,2023-11-29,4,jdrobny,add,7922,Riley Patterson,K,0
2023,1035654632611221504,13,waiver,complete,1701281815248,2023-11-29,4,jdrobny,drop,6945,Antonio Gibson,RB,
2023,1035654590026301440,13,free_agent,complete,1701281805095,2023-11-29,10,cc5597,drop,7608,Khalil Herbert,RB,
2023,1035646292237901824,13,waiver,complete,1701279826748,2023-11-29,7,KingTowsk,add,96,Aaron Rodgers,QB,0
2023,1035646292237901824,13,waiver,complete,1701279826748,2023-11-29,7,KingTowsk,drop,4089,Gerald Everett,TE,
2023,1035585065373421568,13,waiver,complete,1701265229126,2023-11-29,6,JSanDusky69,add,NO,New Orleans Saints,DEF,0
2023,1035584863090327552,13,free_agent,complete,1701265180898,2023-11-29,6,JSanDusky69,drop,4098,Kareem Hunt,RB,
2023,1035584640829964288,13,free_agent,complete,1701265127907,2023-11-29,6,JSanDusky69,drop,2078,Odell Beckham,WR,
2023,1040510750147637248,14,waiver,failed,1702439603891,2023-12-12,4,jdrobny,add,ATL,Atlanta Falcons,DEF,0
2023,1040510750147637248,14,waiver,failed,1702439603891,2023-12-12,4,jdrobny,drop,NE,New England Patriots,DEF,
2023,1040372335594807296,14,waiver,failed,1702406603290,2023-12-12,7,KingTowsk,add,DEN,Denver Broncos,DEF,0
2023,1040372335594807296,14,waiver,failed,1702406603290,2023-12-12,7,KingTowsk,drop,8148,Jameson Williams,WR,
2023,1040358771916206080,14,waiver,complete,1702403369457,2023-12-12,4,jdrobny,add,CIN,Cincinnati Bengals,DEF,0
2023,1040358771916206080,14,waiver,complete,1702403369457,2023-12-12,4,jdrobny,drop,NE,New England Patriots,DEF,
2023,1040358709924302848,14,waiver,complete,1702403354677,2023-12-12,4,jdrobny,add,19,Joe Flacco,QB,0
2023,1040324774083424256,14,waiver,complete,1702395263742,2023-12-12,6,JSanDusky69,add,11292,Tommy DeVito,QB,1
2023,1040324774083424256,14,waiver,complete,1702395263742,2023-12-12,6,JSanDusky69,drop,5248,Gus Edwards,RB,
2023,1040324599860551680,14,waiver,complete,1702395222204,2023-12-12,6,JSanDusky69,add,DEN,Denver Broncos,DEF,8
2023,1040324599860551680,14,waiver,complete,1702395222204,2023-12-12,6,JSanDusky69,drop,2251,Logan Thomas,TE,
2023,1040324151711453184,14,free_agent,complete,1702395115357,2023-12-12,2,Erjohnson14,drop,6820,Clyde Edwards-Helaire,RB,
2023,1040290975567925248,14,free_agent,complete,1702387205548,2023-12-12,4,jdrobny,drop,10866,Aidan O'Connell,QB,
2023,1040235892738428928,14,waiver,complete,1702374072778,2023-12-12,1,bgreenblatt,add,2078,Odell Beckham,WR,5
2023,1040235762156916736,14,free_agent,complete,1702374041645,2023-12-12,1,bgreenblatt,drop,5012,Mark Andrews,TE,
2023,1039677431285780481,14,free_agent,complete,1702240925192,2023-12-10,2,Erjohnson14,add,6820,Clyde Edwards-Helaire,RB,
2023,1039677351761776640,14,free_agent,complete,1702240906232,2023-12-10,2,Erjohnson14,drop,4381,Taysom Hill,TE,
2023,1039624954150621184,14,free_agent,complete,1702228413668,2023-12-10,2,Erjohnson14,add,8131,Isaiah Likely,TE,
2023,1038937345216815104,14,waiver,complete,1702064474923,2023-12-08,1,bgreenblatt,add,2161,Jerick McKinnon,RB,10
2023,1038937345216815104,14,waiver,complete,1702064474923,2023-12-08,1,bgreenblatt,drop,7600,Pat Freiermuth,TE,
2023,1038897682703888384,14,waiver,complete,1702055018643,2023-12-08,5,kaufmannc,add,4080,Zay Jones,WR,1
2023,1038552327847759872,14,free_agent,complete,1701972679629,2023-12-07,9,brockhusk,add,7594,Chuba Hubbard,RB,
2023,1038552327847759872,14,free_agent,complete,1701972679629,2023-12-07,9,brockhusk,drop,7596,Elijah Moore,WR,
2023,1038551965799632896,14,free_agent,complete,1701972593310,2023-12-07,9,brockhusk,add,PHI,Philadelphia Eagles,DEF,
2023,1038551965799632896,14,free_agent,complete,1701972593310,2023-12-07,9,brockhusk,drop,TB,Tampa Bay Buccaneers,DEF,
2023,1038551659917430784,14,free_agent,complete,1701972520382,2023-12-07,9,brockhusk,add,7596,Elijah Moore,WR,
2023,1038551659917430784,14,free_agent,complete,1701972520382,2023-12-07,9,brockhusk,drop,8111,Cade Otton,TE,
2023,1038482490425700352,14,waiver,complete,1701956029090,2023-12-07,7,KingTowsk,add,8159,Desmond Ridder,QB,9
2023,1038183013445918720,14,waiver,complete,1701884628214,2023-12-06,9,brockhusk,add,7538,Zach Wilson,QB,1
2023,1038183013445918720,14,waiver,complete,1701884628214,2023-12-06,9,brockhusk,drop,8160,Kenny Pickett,QB,
2023,1038174059386740736,14,waiver,complete,1701882493400,2023-12-06,4,jdrobny,add,3164,Ezekiel Elliott,RB,0
2023,1038173923374022656,14,waiver,complete,1701882460972,2023-12-06,4,jdrobny,add,NE,New England Patriots,DEF,0
2023,1038173672873213952,14,free_agent,complete,1701882401248,2023-12-06,4,jdrobny,drop,7922,Riley Patterson,K,
2023,1038173633836826624,14,free_agent,complete,1701882391941,2023-12-06,4,jdrobny,drop,7568,Brevin Jordan,TE,
2023,1038164067560697856,14,waiver,complete,1701880111163,2023-12-06,7,KingTowsk,add,4666,Younghoe Koo,K,0
2023,1038164067560697856,14,waiver,complete,1701880111163,2023-12-06,7,KingTowsk,drop,1433,Brandon McManus,K,
2023,1038163886194712576,14,waiver,failed,1701880067922,2023-12-06,7,KingTowsk,add,HOU,Houston Texans,DEF,8
2023,1042901530237587456,15,waiver,failed,1703009610283,2023-12-19,7,KingTowsk,add,5001,Dalton Schultz,TE,0
2023,1042901530237587456,15,waiver,failed,1703009610283,2023-12-19,7,KingTowsk,drop,WAS,Washington Commanders,DEF,
2023,1042900467686170624,15,waiver,complete,1703009356951,2023-12-19,7,KingTowsk,add,2711,Taylor Heinicke,QB,9
2023,1042875504501538816,15,free_agent,complete,1703003405264,2023-12-19,7,KingTowsk,drop,8159,Desmond Ridder,QB,
2023,1042830687683846144,15,waiver,failed,1702992720102,2023-12-19,1,bgreenblatt,add,2711,Taylor Heinicke,QB,5
2023,1042830687683846144,15,waiver,failed,1702992720102,2023-12-19,1,bgreenblatt,drop,9999,Will Levis,QB,
2023,1042691892749766656,15,free_agent,complete,1702959628811,2023-12-18,1,bgreenblatt,drop,2078,Odell Beckham,WR,
2023,1042345119808757760,15,waiver,complete,1702876951699,2023-12-17,9,brockhusk,add,6820,Clyde Edwards-Helaire,RB,6
2023,1042345119808757760,15,waiver,complete,1702876951699,2023-12-17,9,brockhusk,drop,9511,Keaton Mitchell,RB,
2023,1042175612905033728,15,free_agent,complete,1702836538104,2023-12-17,5,kaufmannc,add,5854,Drew Lock,QB,
2023,1042170753262784512,15,free_agent,complete,1702835379475,2023-12-17,8,TylerWicks,add,2307,Marcus Mariota,QB,
2023,1041917133720444928,15,waiver,complete,1702774911864,2023-12-16,7,KingTowsk,add,10222,Jayden Reed,WR,0
2023,1041917133720444928,15,waiver,complete,1702774911864,2023-12-16,7,KingTowsk,drop,6943,Gabe Davis,WR,
2023,1041456088849211392,15,waiver,complete,1702664990201,2023-12-15,1,bgreenblatt,add,6945,Antonio Gibson,RB,0
2023,1041456088849211392,15,waiver,complete,1702664990201,2023-12-15,1,bgreenblatt,drop,7670,Joshua Palmer,WR,
2023,1041431730328084480,15,waiver,complete,1702659182677,2023-12-15,10,cc5597,add,7553,Kyle Pitts,TE,0
2023,1041405642562424832,15,free_agent,complete,1702652962869,2023-12-15,6,JSanDusky69,drop,LAC,Los Angeles Chargers,DEF,
2023,1041194770326065152,15,free_agent,complete,1702602687010,2023-12-14,10,cc5597,drop,JAX,Jacksonville Jaguars,DEF,
2023,1041194208834588672,15,free_agent,complete,1702602553140,2023-12-14,10,cc5597,add,8230,Ty Chandler,RB,
2023,1040800376993292288,15,waiver,complete,1702508656312,2023-12-13,1,bgreenblatt,add,7670,Joshua Palmer,WR,0
2023,1040800376993292288,15,waiver,complete,1702508656312,2023-12-13,1,bgreenblatt,drop,PIT,Pittsburgh Steelers,DEF,
2023,1040800309574057984,15,waiver,complete,1702508640238,2023-12-13,1,bgreenblatt,add,4464,Nick Mullens,QB,0
2023,1040800236597231616,15,free_agent,complete,1702508622839,2023-12-13,1,bgreenblatt,drop,6797,Justin Herbert,QB,
2023,1040719092669337600,15,waiver,complete,1702489276619,2023-12-13,7,KingTowsk,add,WAS,Washington Commanders,DEF,0
2023,1040719092669337600,15,waiver,complete,1702489276619,2023-12-13,7,KingTowsk,drop,8148,Jameson Williams,WR,
2023,1040667451509436416,15,waiver,failed,1702476964407,2023-12-13,1,bgreenblatt,add,7670,Joshua Palmer,WR,0
2023,1040667385348468736,15,waiver,failed,1702476948633,2023-12-13,1,bgreenblatt,add,19,Joe Flacco,QB,0
2023,1040667385348468736,15,waiver,failed,1702476948633,2023-12-13,1,bgreenblatt,drop,9999,Will Levis,QB,
2023,1040666323417669632,15,waiver,complete,1702476695449,2023-12-13,5,kaufmannc,add,9224,Chase Brown,RB,0
2023,1040666096480636928,15,free_agent,complete,1702476641343,2023-12-13,5,kaufmannc,drop,4179,Joshua Dobbs,QB,
2023,1045573433297399808,16,waiver,failed,1703646641614,2023-12-26,1,bgreenblatt,add,LAR,Los Angeles Rams,DEF,0
2023,1045573433297399808,16,waiver,failed,1703646641614,2023-12-26,1,bgreenblatt,drop,6943,Gabe Davis,WR,
2023,1045573089062617088,16,waiver,complete,1703646559542,2023-12-26,1,bgreenblatt,add,5001,Dalton Schultz,TE,0
2023,1045573089062617088,16,waiver,complete,1703646559542,2023-12-26,1,bgreenblatt,drop,4082,Curtis Samuel,WR,
2023,1045479122862149632,16,waiver,failed,1703624156254,2023-12-26,7,KingTowsk,add,ATL,Atlanta Falcons,DEF,10
2023,1045479122862149632,16,waiver,failed,1703624156254,2023-12-26,7,KingTowsk,drop,GB,Green Bay Packers,DEF,
2023,1045478988925370368,16,waiver,complete,1703624124321,2023-12-26,7,KingTowsk,add,LAR,Los Angeles Rams,DEF,10
2023,1045478988925370368,16,waiver,complete,1703624124321,2023-12-26,7,KingTowsk,drop,GB,Green Bay Packers,DEF,
2023,1045478947422601216,16,waiver,failed,1703624114426,2023-12-26,7,KingTowsk,add,JAX,Jacksonville Jaguars,DEF,10
2023,1045478947422601216,16,waiver,failed,1703624114426,2023-12-26,7,KingTowsk,drop,GB,Green Bay Packers,DEF,
2023,1045478305132003328,16,free_agent,complete,1703623961293,2023-12-26,7,KingTowsk,drop,7670,Joshua Palmer,WR,
2023,1044428141781389312,16,waiver,complete,1703373582838,2023-12-23,7,KingTowsk,add,9486,Dontayvion Wicks,WR,0
2023,1044377126356897792,16,waiver,failed,1703361419813,2023-12-23,1,bgreenblatt,add,9486,Dontayvion Wicks,WR,0
2023,1044377126356897792,16,waiver,failed,1703361419813,2023-12-23,1,bgreenblatt,drop,6943,Gabe Davis,WR,
2023,1043695047918567424,16,free_agent,complete,1703198799641,2023-12-21,1,bgreenblatt,add,4082,Curtis Samuel,WR,
2023,1043307929363075072,16,waiver,complete,1703106503385,2023-12-20,1,bgreenblatt,add,6943,Gabe Davis,WR,0
2023,1043307929363075072,16,waiver,complete,1703106503385,2023-12-20,1,bgreenblatt,drop,MIA,Miami Dolphins,DEF,
2023,1043307316210409472,16,waiver,complete,1703106357198,2023-12-20,1,bgreenblatt,add,3225,Tyler Boyd,WR,0
2023,1043307316210409472,16,waiver,complete,1703106357198,2023-12-20,1,bgreenblatt,drop,6945,Antonio Gibson,RB,
2023,1043241716809170944,16,waiver,complete,1703090717082,2023-12-20,7,KingTowsk,add,7670,Joshua Palmer,WR,0
2023,1043241716809170944,16,waiver,complete,1703090717082,2023-12-20,7,KingTowsk,drop,WAS,Washington Commanders,DEF,
2023,1043241686228500480,16,waiver,failed,1703090709791,2023-12-20,7,KingTowsk,add,7670,Joshua Palmer,WR,0
2023,1043241301086547968,16,waiver,failed,1703090617966,2023-12-20,7,KingTowsk,add,7593,Trey Sermon,RB,0
2023,1043241301086547968,16,waiver,failed,1703090617966,2023-12-20,7,KingTowsk,drop,WAS,Washington Commanders,DEF,
2023,1043225644345147392,16,free_agent,complete,1703086885108,2023-12-20,8,TylerWicks,drop,2307,Marcus Mariota,QB,
2023,1043221607168163840,16,free_agent,complete,1703085922570,2023-12-20,6,JSanDusky69,drop,NO,New Orleans Saints,DEF,
2023,1043221206075330560,16,waiver,complete,1703085826942,2023-12-20,6,JSanDusky69,add,515,Rob Gronkowski,TE,0
2023,1043216004769202176,16,free_agent,complete,1703084586854,2023-12-20,10,cc5597,drop,7553,Kyle Pitts,TE,
2023,1043202853298462720,16,waiver,complete,1703081451299,2023-12-20,1,bgreenblatt,add,CHI,Chicago Bears,DEF,0
2023,1043202853298462720,16,waiver,complete,1703081451299,2023-12-20,1,bgreenblatt,drop,2161,Jerick McKinnon,RB,
2023,1047233063039762432,17,free_agent,complete,1704042328179,2023-12-31,1,bgreenblatt,add,9231,Jaren Hall,QB,
2023,1047233063039762432,17,free_agent,complete,1704042328179,2023-12-31,1,bgreenblatt,drop,3257,Jacoby Brissett,QB,
2023,1047220204789014528,17,waiver,complete,1704039262533,2023-12-31,7,KingTowsk,add,10937,Jake Moody,K,0
2023,1047220204789014528,17,waiver,complete,1704039262533,2023-12-31,7,KingTowsk,drop,5095,Daniel Carlson,K,
2023,1046980064539893760,17,waiver,complete,1703982008636,2023-12-30,7,KingTowsk,add,8139,Zamir White,RB,0
2023,1046506512769798144,17,waiver,complete,1703869105096,2023-12-29,1,bgreenblatt,add,2505,Darren Waller,TE,0
2023,1046506512769798144,17,waiver,complete,1703869105096,2023-12-29,1,bgreenblatt,drop,5001,Dalton Schultz,TE,
2023,1046506117406384128,17,waiver,complete,1703869010834,2023-12-29,1,bgreenblatt,add,8676,Rashid Shaheed,WR,0
2023,1046506061219315712,17,free_agent,complete,1703868997438,2023-12-29,1,bgreenblatt,drop,5848,Marquise Brown,WR,
2023,1046229437756522496,17,waiver,complete,1703803045265,2023-12-28,7,KingTowsk,add,CHI,Chicago Bears,DEF,0
2023,1046229437756522496,17,waiver,complete,1703803045265,2023-12-28,7,KingTowsk,drop,536,Antonio Brown,WR,
2023,1046227942533054464,17,free_agent,complete,1703802688776,2023-12-28,2,Erjohnson14,add,184,Adrian Peterson,RB,
2023,1046227942533054464,17,free_agent,complete,1703802688776,2023-12-28,2,Erjohnson14,drop,BAL,Baltimore Ravens,DEF,
2023,1046213476013654016,17,free_agent,complete,1703799239689,2023-12-28,1,bgreenblatt,add,559,Tim Tebow,TE,
2023,1046213476013654016,17,free_agent,complete,1703799239689,2023-12-28,1,bgreenblatt,drop,CHI,Chicago Bears,DEF,
2023,1046202820929601536,17,free_agent,complete,1703796699319,2023-12-28,9,brockhusk,drop,3199,Michael Thomas,WR,
2023,1046202591316623360,17,free_agent,complete,1703796644575,2023-12-28,9,brockhusk,add,7553,Kyle Pitts,TE,
2023,1046202591316623360,17,free_agent,complete,1703796644575,2023-12-28,9,brockhusk,drop,7538,Zach Wilson,QB,
2023,1046170039348436992,17,free_agent,complete,1703788883581,2023-12-28,1,bgreenblatt,add,827,Tyrod Taylor,QB,
2023,1046169571163455488,17,free_agent,complete,1703788771957,2023-12-28,1,bgreenblatt,drop,4464,Nick Mullens,QB,
2023,1046150665203957760,17,free_agent,complete,1703784264425,2023-12-28,1,bgreenblatt,add,3257,Jacoby Brissett,QB,
2023,1046150665203957760,17,free_agent,complete,1703784264425,2023-12-28,1,bgreenblatt,drop,9999,Will Levis,QB,
2023,1045815741527932928,17,waiver,complete,1703704412398,2023-12-27,10,cc5597,add,7042,Tyler Bass,K,0
2023,1045815741527932928,17,waiver,complete,1703704412398,2023-12-27,10,cc5597,drop,1348,Dustin Hopkins,K,
2023,1045815141553537024,17,waiver,complete,1703704269353,2023-12-27,7,KingTowsk,add,536,Antonio Brown,WR,0
2023,1045815141553537024,17,waiver,complete,1703704269353,2023-12-27,7,KingTowsk,drop,2711,Taylor Heinicke,QB,
2023,1045771614551404544,17,waiver,complete,1703693891707,2023-12-27,7,KingTowsk,add,5095,Daniel Carlson,K,0
2023,1045771614551404544,17,waiver,complete,1703693891707,2023-12-27,7,KingTowsk,drop,4666,Younghoe Koo,K,
2023,1045771218886000640,17,waiver,failed,1703693797373,2023-12-27,7,KingTowsk,add,JAX,Jacksonville Jaguars,DEF,0
2023,1045771218886000640,17,waiver,failed,1703693797373,2023-12-27,7,KingTowsk,drop,2711,Taylor Heinicke,QB,
2023,1045771186996699136,17,waiver,failed,1703693789770,2023-12-27,7,KingTowsk,add,LAR,Los Angeles Rams,DEF,0
2023,1045771186996699136,17,waiver,failed,1703693789770,2023-12-27,7,KingTowsk,drop,2711,Taylor Heinicke,QB,
2023,1045703448400019456,17,waiver,complete,1703677639630,2023-12-27,1,bgreenblatt,add,JAX,Jacksonville Jaguars,DEF,5
2023,1045703448400019456,17,waiver,complete,1703677639630,2023-12-27,1,bgreenblatt,drop,6943,Gabe Davis,WR,
2023,1045703259727413248,17,free_agent,complete,1703677594647,2023-12-27,1,bgreenblatt,drop,3225,Tyler Boyd,WR,
