season,transaction_id,week,type,status,created_ms,created_date,roster_id,manager,action,player_id,player_name,position,faab_bid
2022,875525289927749632,1,waiver,complete,1663104004893,2022-09-13,3,MaxSirianni,add,4951,DJ Chark,WR,3
2022,875525289927749632,1,waiver,complete,1663104004893,2022-09-13,3,MaxSirianni,drop,5890,Damien Harris,RB,
2022,875524131414843392,1,free_agent,complete,1663103728682,2022-09-13,7,KingTowsk,drop,6126,Irv Smith,TE,
2022,875482101884067840,1,waiver,complete,1663093708061,2022-09-13,10,cc5597,add,2307,Marcus Mariota,QB,11
2022,875482101884067840,1,waiver,complete,1663093708061,2022-09-13,10,cc5597,drop,7538,Zach Wilson,QB,
2022,875423700965658624,1,waiver,complete,1663079784197,2022-09-13,9,brockhusk,add,5284,Jeff Wilson,RB,25
2022,875423700965658624,1,waiver,complete,1663079784197,2022-09-13,9,brockhusk,drop,7600,Pat Freiermuth,TE,
2022,875405211336871936,1,waiver,failed,1663075375926,2022-09-13,5,kaufmannc,add,4082,Curtis Samuel,WR,15
2022,875056273173966848,1,waiver,complete,1662992182585,2022-09-12,5,kaufmannc,add,6955,James Robinson,RB,40
2022,875031777486495744,1,waiver,complete,1662986342358,2022-09-12,8,TylerWicks,add,4089,Gerald Everett,TE,20
2022,875031777486495744,1,waiver,complete,1662986342358,2022-09-12,8,TylerWicks,drop,4993,Mike Gesicki,TE,
2022,875019751309631488,1,waiver,complete,1662983475094,2022-09-12,8,TylerWicks,add,1825,Jarvis Landry,WR,35
2022,875019751309631488,1,waiver,complete,1662983475094,2022-09-12,8,TylerWicks,drop,5086,Marquez Valdes-Scantling,WR,
2022,874808532565336064,1,waiver,complete,1662933116621,2022-09-11,1,bgreenblatt,add,CLE,Cleveland Browns,DEF,1
2022,874808532565336064,1,waiver,complete,1662933116621,2022-09-11,1,bgreenblatt,drop,NO,New Orleans Saints,DEF,
2022,874721746987798528,1,commissioner,complete,1662912425327,2022-09-11,7,KingTowsk,add,6126,Irv Smith,TE,
2022,874714654948216832,1,waiver,complete,1662910734453,2022-09-11,10,cc5597,add,947,Julio Jones,WR,11
2022,872332797824667648,1,waiver,complete,1662342855462,2022-09-04,1,bgreenblatt,add,NO,New Orleans Saints,DEF,1
2022,861057101949173760,1,trade,complete,1659654520073,2022-08-04,7,KingTowsk,add,6819,Michael Pittman,WR,
2022,861057101949173760,1,trade,complete,1659654520073,2022-08-04,1,bgreenblatt,drop,6819,Michael Pittman,WR,
2022,837115572734009344,1,free_agent,complete,1653946414696,2022-05-30,1,bgreenblatt,drop,2359,Ameer Abdullah,RB,
2022,837115549078097920,1,free_agent,complete,1653946409056,2022-05-30,1,bgreenblatt,drop,SF,San Francisco 49ers,DEF,
2022,808881854966063104,1,free_agent,complete,1647214971823,2022-03-13,10,cc5597,drop,4981,Calvin Ridley,WR,
2022,878089962875244544,2,waiver,failed,1663715470573,2022-09-20,7,KingTowsk,add,NYG,New York Giants,DEF,1
2022,878089962875244544,2,waiver,failed,1663715470573,2022-09-20,7,KingTowsk,drop,4381,Taysom Hill,TE,
2022,878089856151330816,2,waiver,complete,1663715445128,2022-09-20,7,KingTowsk,add,PHI,Philadelphia Eagles,DEF,26
2022,878089856151330816,2,waiver,complete,1663715445128,2022-09-20,7,KingTowsk,drop,4381,Taysom Hill,TE,
2022,878000886067269632,2,waiver,complete,1663694233007,2022-09-20,9,brockhusk,add,19,Joe Flacco,QB,3
2022,877942918185385984,2,waiver,complete,1663680412387,2022-09-20,5,kaufmannc,add,5970,Greg Dortch,WR,2
2022,877942918185385984,2,waiver,complete,1663680412387,2022-09-20,5,kaufmannc,drop,1352,Robert Woods,WR,
2022,877661132054294528,2,free_agent,complete,1663613229338,2022-09-19,2,Erjohnson14,drop,956,Mark Ingram,RB,
2022,877655125295063040,2,waiver,complete,1663611797215,2022-09-19,5,kaufmannc,add,3271,Tyler Higbee,TE,5
2022,877655125295063040,2,waiver,complete,1663611797215,2022-09-19,5,kaufmannc,drop,5844,T.J. Hockenson,TE,
2022,877627028915122176,2,waiver,complete,1663605098516,2022-09-19,1,bgreenblatt,add,8119,Jahan Dotson,WR,15
2022,877627028915122176,2,waiver,complete,1663605098516,2022-09-19,1,bgreenblatt,drop,8136,Rachaad White,RB,
2022,877269171506302976,2,free_agent,complete,1663519778661,2022-09-18,7,KingTowsk,add,4381,Taysom Hill,TE,
2022,877269171506302976,2,free_agent,complete,1663519778661,2022-09-18,7,KingTowsk,drop,7090,Darnell Mooney,WR,
2022,877266907777208320,2,free_agent,complete,1663519238946,2022-09-18,7,KingTowsk,add,4082,Curtis Samuel,WR,
2022,877094536462147584,2,waiver,complete,1663478142422,2022-09-18,2,Erjohnson14,add,956,Mark Ingram,RB,1
2022,876200682884104192,2,waiver,complete,1663265031122,2022-09-15,10,cc5597,add,7600,Pat Freiermuth,TE,5
2022,876200682884104192,2,waiver,complete,1663265031122,2022-09-15,10,cc5597,drop,6826,Cole Kmet,TE,
2022,875881041926406144,2,waiver,complete,1663188822779,2022-09-14,1,bgreenblatt,add,8136,Rachaad White,RB,1
2022,875881041926406144,2,waiver,complete,1663188822779,2022-09-14,1,bgreenblatt,drop,7606,Kadarius Toney,WR,
2022,875874751808159744,2,waiver,complete,1663187323098,2022-09-14,8,TylerWicks,add,3225,Tyler Boyd,WR,1
2022,875842673075023872,2,waiver,complete,1663179674932,2022-09-14,5,kaufmannc,add,4195,Jake Elliott,K,1
2022,875842673075023872,2,waiver,complete,1663179674932,2022-09-14,5,kaufmannc,drop,4227,Harrison Butker,K,
2022,875766470968283136,2,waiver,failed,1663161506934,2022-09-14,5,kaufmannc,add,5284,Jeff Wilson,RB,25
2022,880658479810076672,3,waiver,failed,1664327852731,2022-09-27,7,KingTowsk,add,IND,Indianapolis Colts,DEF,1
2022,880658479810076672,3,waiver,failed,1664327852731,2022-09-27,7,KingTowsk,drop,BAL,Baltimore Ravens,DEF,
2022,880658425485500416,3,waiver,complete,1664327839779,2022-09-27,7,KingTowsk,add,NYG,New York Giants,DEF,1
2022,880658425485500416,3,waiver,complete,1664327839779,2022-09-27,7,KingTowsk,drop,BAL,Baltimore Ravens,DEF,
2022,880658100422807552,3,waiver,failed,1664327762278,2022-09-27,7,KingTowsk,add,5987,Alexander Mattison,RB,3
2022,880658100422807552,3,waiver,failed,1664327762278,2022-09-27,7,KingTowsk,drop,6945,Antonio Gibson,RB,
2022,880658052087681024,3,waiver,complete,1664327750754,2022-09-27,7,KingTowsk,add,7608,Khalil Herbert,RB,9
2022,880658052087681024,3,waiver,complete,1664327750754,2022-09-27,7,KingTowsk,drop,6945,Antonio Gibson,RB,
2022,880591618531758080,3,waiver,complete,1664311911760,2022-09-27,7,KingTowsk,add,1373,Geno Smith,QB,2
2022,880591618531758080,3,waiver,complete,1664311911760,2022-09-27,7,KingTowsk,drop,5870,Daniel Jones,QB,
2022,880591377455603712,3,waiver,failed,1664311854283,2022-09-27,7,KingTowsk,add,GB,Green Bay Packers,DEF,6
2022,880591377455603712,3,waiver,failed,1664311854283,2022-09-27,7,KingTowsk,drop,BAL,Baltimore Ravens,DEF,
2022,880555749254946816,3,waiver,complete,1664303359858,2022-09-27,4,jdrobny,add,4080,Zay Jones,WR,24
2022,880555749254946816,3,waiver,complete,1664303359858,2022-09-27,4,jdrobny,drop,8168,Skyy Moore,WR,
2022,880545183752769536,3,waiver,complete,1664300840846,2022-09-27,5,kaufmannc,add,4666,Younghoe Koo,K,1
2022,880545183752769536,3,waiver,complete,1664300840846,2022-09-27,5,kaufmannc,drop,4195,Jake Elliott,K,
2022,880486156876783616,3,waiver,complete,1664286767742,2022-09-27,2,Erjohnson14,add,GB,Green Bay Packers,DEF,7
2022,880486156876783616,3,waiver,complete,1664286767742,2022-09-27,2,Erjohnson14,drop,NO,New Orleans Saints,DEF,
2022,880470499908718592,3,waiver,failed,1664283034830,2022-09-27,3,MaxSirianni,add,7608,Khalil Herbert,RB,20
2022,880470466954137600,3,waiver,complete,1664283026973,2022-09-27,3,MaxSirianni,add,5987,Alexander Mattison,RB,20
2022,880298729847283712,3,waiver,failed,1664242081656,2022-09-26,2,Erjohnson14,add,4666,Younghoe Koo,K,1
2022,880298729847283712,3,waiver,failed,1664242081656,2022-09-26,2,Erjohnson14,drop,6083,Matt Gay,K,
2022,880150977796370432,3,waiver,failed,1664206854822,2022-09-26,1,bgreenblatt,add,GB,Green Bay Packers,DEF,6
2022,880150977796370432,3,waiver,failed,1664206854822,2022-09-26,1,bgreenblatt,drop,CLE,Cleveland Browns,DEF,
2022,879854233057656832,3,waiver,complete,1664136105363,2022-09-25,1,bgreenblatt,add,7611,Rhamondre Stevenson,RB,11
2022,879854233057656832,3,waiver,complete,1664136105363,2022-09-25,1,bgreenblatt,drop,8151,Kenneth Walker,RB,
2022,879469335327014912,3,waiver,complete,1664044338593,2022-09-24,2,Erjohnson14,add,4066,Evan Engram,TE,1
2022,879152597230227456,3,waiver,failed,1663968822346,2022-09-23,6,JSanDusky69,add,3664,J.D. McKissic,RB,1
2022,879152597230227456,3,waiver,failed,1663968822346,2022-09-23,6,JSanDusky69,drop,7611,Rhamondre Stevenson,RB,
2022,879152407223922688,3,waiver,complete,1663968777045,2022-09-23,6,JSanDusky69,add,5890,Damien Harris,RB,3
2022,879152407223922688,3,waiver,complete,1663968777045,2022-09-23,6,JSanDusky69,drop,7611,Rhamondre Stevenson,RB,
2022,878703610677215232,3,waiver,failed,1663861775610,2022-09-22,2,Erjohnson14,add,CIN,Cincinnati Bengals,DEF,1
2022,878703610677215232,3,waiver,failed,1663861775610,2022-09-22,2,Erjohnson14,drop,DEN,Denver Broncos,DEF,
2022,878354483472891904,3,waiver,complete,1663778537198,2022-09-21,2,Erjohnson14,add,NO,New Orleans Saints,DEF,2
2022,878354483472891904,3,waiver,complete,1663778537198,2022-09-21,2,Erjohnson14,drop,DEN,Denver Broncos,DEF,
2022,878350632057339904,3,waiver,complete,1663777618949,2022-09-21,4,jdrobny,add,CHI,Chicago Bears,DEF,1
2022,878350632057339904,3,waiver,complete,1663777618949,2022-09-21,4,jdrobny,drop,IND,Indianapolis Colts,DEF,
2022,878346972803833856,3,free_agent,complete,1663776746515,2022-09-21,7,KingTowsk,drop,8167,Christian Watson,WR,
2022,878346918273646592,3,waiver,complete,1663776733514,2022-09-21,3,MaxSirianni,add,5844,T.J. Hockenson,TE,5
2022,878346918273646592,3,waiver,complete,1663776733514,2022-09-21,3,MaxSirianni,drop,4951,DJ Chark,WR,
2022,878297139036561408,3,waiver,failed,1663764865219,2022-09-21,3,MaxSirianni,add,3271,Tyler Higbee,TE,1
2022,878297139036561408,3,waiver,failed,1663764865219,2022-09-21,3,MaxSirianni,drop,4951,DJ Chark,WR,
2022,878277502844563456,3,waiver,failed,1663760183586,2022-09-21,5,kaufmannc,add,8119,Jahan Dotson,WR,2
2022,878277502844563456,3,waiver,failed,1663760183586,2022-09-21,5,kaufmannc,drop,1352,Robert Woods,WR,
2022,883166546003042304,4,waiver,failed,1664925822309,2022-10-04,7,KingTowsk,add,8132,Tyler Allgeier,RB,1
2022,883166546003042304,4,waiver,failed,1664925822309,2022-10-04,7,KingTowsk,drop,NYG,New York Giants,DEF,
2022,883166503032274944,4,waiver,complete,1664925812064,2022-10-04,7,KingTowsk,add,2749,Raheem Mostert,RB,21
2022,883166503032274944,4,waiver,complete,1664925812064,2022-10-04,7,KingTowsk,drop,NYG,New York Giants,DEF,
2022,883166006422577152,4,waiver,failed,1664925693663,2022-10-04,7,KingTowsk,add,8126,Wan'Dale Robinson,WR,1
2022,883166006422577152,4,waiver,failed,1664925693663,2022-10-04,7,KingTowsk,drop,8135,Treylon Burks,WR,
2022,883165942027411456,4,waiver,complete,1664925678310,2022-10-04,7,KingTowsk,add,7606,Kadarius Toney,WR,1
2022,883165942027411456,4,waiver,complete,1664925678310,2022-10-04,7,KingTowsk,drop,8135,Treylon Burks,WR,
2022,883164362058375168,4,waiver,failed,1664925301616,2022-10-04,7,KingTowsk,add,TEN,Tennessee Titans,DEF,1
2022,883164362058375168,4,waiver,failed,1664925301616,2022-10-04,7,KingTowsk,drop,NYG,New York Giants,DEF,
2022,883164232986828800,4,waiver,failed,1664925270843,2022-10-04,7,KingTowsk,add,MIA,Miami Dolphins,DEF,1
2022,883164232986828800,4,waiver,failed,1664925270843,2022-10-04,7,KingTowsk,drop,NYG,New York Giants,DEF,
2022,883164203907883008,4,waiver,failed,1664925263910,2022-10-04,7,KingTowsk,add,JAX,Jacksonville Jaguars,DEF,1
2022,883164203907883008,4,waiver,failed,1664925263910,2022-10-04,7,KingTowsk,drop,NYG,New York Giants,DEF,
2022,883107708335751168,4,waiver,complete,1664911794316,2022-10-04,2,Erjohnson14,add,4033,David Njoku,TE,6
2022,883061400354955264,4,waiver,complete,1664900753633,2022-10-04,10,cc5597,add,2152,Teddy Bridgewater,QB,5
2022,883061400354955264,4,waiver,complete,1664900753633,2022-10-04,10,cc5597,drop,2307,Marcus Mariota,QB,
2022,883052562302115840,4,waiver,failed,1664898646477,2022-10-04,2,Erjohnson14,add,2749,Raheem Mostert,RB,16
2022,883012875139129344,4,waiver,complete,1664889184320,2022-10-04,4,jdrobny,add,MIA,Miami Dolphins,DEF,1
2022,883012875139129344,4,waiver,complete,1664889184320,2022-10-04,4,jdrobny,drop,PIT,Pittsburgh Steelers,DEF,
2022,883011655699750912,4,waiver,complete,1664888893583,2022-10-04,3,MaxSirianni,add,JAX,Jacksonville Jaguars,DEF,1
2022,883011655699750912,4,waiver,complete,1664888893583,2022-10-04,3,MaxSirianni,drop,4381,Taysom Hill,TE,
2022,882289663648743424,4,waiver,complete,1664716757264,2022-10-02,7,KingTowsk,add,8154,Brian Robinson,RB,1
2022,881733785455087616,4,waiver,complete,1664584225575,2022-09-30,1,bgreenblatt,add,MIN,Minnesota Vikings,DEF,2
2022,881733785455087616,4,waiver,complete,1664584225575,2022-09-30,1,bgreenblatt,drop,CLE,Cleveland Browns,DEF,
2022,881661814126153728,4,waiver,complete,1664567066273,2022-09-30,1,bgreenblatt,add,5038,Michael Gallup,WR,1
2022,881661814126153728,4,waiver,complete,1664567066273,2022-09-30,1,bgreenblatt,drop,8119,Jahan Dotson,WR,
2022,881573417038692352,4,waiver,complete,1664545990765,2022-09-30,3,MaxSirianni,add,4381,Taysom Hill,TE,5
2022,881573417038692352,4,waiver,complete,1664545990765,2022-09-30,3,MaxSirianni,drop,5001,Dalton Schultz,TE,
2022,881323061440544768,4,free_agent,complete,1664486301339,2022-09-29,8,TylerWicks,drop,3225,Tyler Boyd,WR,
2022,881209015064182784,4,trade,complete,1664459110564,2022-09-29,2,Erjohnson14,add,167,Tom Brady,QB,
2022,881209015064182784,4,trade,complete,1664459110564,2022-09-29,7,KingTowsk,add,3161,Carson Wentz,QB,
2022,881209015064182784,4,trade,complete,1664459110564,2022-09-29,7,KingTowsk,add,4037,Chris Godwin,WR,
2022,881209015064182784,4,trade,complete,1664459110564,2022-09-29,2,Erjohnson14,add,7571,Rashod Bateman,WR,
2022,881209015064182784,4,trade,complete,1664459110564,2022-09-29,7,KingTowsk,drop,167,Tom Brady,QB,
2022,881209015064182784,4,trade,complete,1664459110564,2022-09-29,2,Erjohnson14,drop,3161,Carson Wentz,QB,
2022,881209015064182784,4,trade,complete,1664459110564,2022-09-29,2,Erjohnson14,drop,4037,Chris Godwin,WR,
2022,881209015064182784,4,trade,complete,1664459110564,2022-09-29,7,KingTowsk,drop,7571,Rashod Bateman,WR,
2022,880929270959218688,4,waiver,complete,1664392414372,2022-09-28,10,cc5597,add,6945,Antonio Gibson,RB,1
2022,880929270959218688,4,waiver,complete,1664392414372,2022-09-28,10,cc5597,drop,7567,Kenny Gainwell,RB,
2022,880894875795746816,4,waiver,complete,1664384213926,2022-09-28,4,jdrobny,add,PIT,Pittsburgh Steelers,DEF,1
2022,880894875795746816,4,waiver,complete,1664384213926,2022-09-28,4,jdrobny,drop,CHI,Chicago Bears,DEF,
2022,880883851277418496,4,free_agent,complete,1664381585476,2022-09-28,3,MaxSirianni,drop,8138,James Cook,RB,
2022,880883458665488384,4,waiver,failed,1664381491870,2022-09-28,1,bgreenblatt,add,PIT,Pittsburgh Steelers,DEF,1
2022,880883458665488384,4,waiver,failed,1664381491870,2022-09-28,1,bgreenblatt,drop,CLE,Cleveland Browns,DEF,
2022,880859560196358144,4,waiver,complete,1664375794031,2022-09-28,9,brockhusk,add,7538,Zach Wilson,QB,10
2022,880859560196358144,4,waiver,complete,1664375794031,2022-09-28,9,brockhusk,drop,19,Joe Flacco,QB,
2022,880819579247681536,4,free_agent,complete,1664366261830,2022-09-28,2,Erjohnson14,drop,4066,Evan Engram,TE,
2022,885711386074869760,5,waiver,failed,1665532559463,2022-10-11,7,KingTowsk,add,5947,Jakobi Meyers,WR,11
2022,885711258568110080,5,free_agent,complete,1665532529063,2022-10-11,7,KingTowsk,drop,7606,Kadarius Toney,WR,
2022,885653043298021376,5,waiver,complete,1665518649461,2022-10-11,10,cc5597,add,2307,Marcus Mariota,QB,2
2022,885653043298021376,5,waiver,complete,1665518649461,2022-10-11,10,cc5597,drop,2152,Teddy Bridgewater,QB,
2022,885640585724456960,5,waiver,failed,1665515679344,2022-10-11,10,cc5597,add,4381,Taysom Hill,TE,11
2022,885640585724456960,5,waiver,failed,1665515679344,2022-10-11,10,cc5597,drop,5133,Tyler Conklin,TE,
2022,885637177453891584,5,waiver,failed,1665514866749,2022-10-11,10,cc5597,add,8151,Kenneth Walker,RB,41
2022,885637177453891584,5,waiver,failed,1665514866749,2022-10-11,10,cc5597,drop,4985,Rashaad Penny,RB,
2022,885589774638063616,5,waiver,failed,1665503565037,2022-10-11,10,cc5597,add,503,Graham Gano,K,1
2022,885589774638063616,5,waiver,failed,1665503565037,2022-10-11,10,cc5597,drop,7042,Tyler Bass,K,
2022,885585656225759232,5,waiver,complete,1665502583131,2022-10-11,6,JSanDusky69,add,5870,Daniel Jones,QB,11
2022,885585656225759232,5,waiver,complete,1665502583131,2022-10-11,6,JSanDusky69,drop,4892,Baker Mayfield,QB,
2022,885585571970895872,5,waiver,failed,1665502563043,2022-10-11,6,JSanDusky69,add,8151,Kenneth Walker,RB,31
2022,885585571970895872,5,waiver,failed,1665502563043,2022-10-11,6,JSanDusky69,drop,5890,Damien Harris,RB,
2022,885553357014814720,5,waiver,failed,1665494882399,2022-10-11,2,Erjohnson14,add,503,Graham Gano,K,0
2022,885553357014814720,5,waiver,failed,1665494882399,2022-10-11,2,Erjohnson14,drop,6083,Matt Gay,K,
2022,885547250070249472,5,waiver,failed,1665493426390,2022-10-11,7,KingTowsk,add,8151,Kenneth Walker,RB,53
2022,885547250070249472,5,waiver,failed,1665493426390,2022-10-11,7,KingTowsk,drop,TEN,Tennessee Titans,DEF,
2022,885543337564798976,5,waiver,failed,1665492493576,2022-10-11,4,jdrobny,add,5947,Jakobi Meyers,WR,18
2022,885543337564798976,5,waiver,failed,1665492493576,2022-10-11,4,jdrobny,drop,4080,Zay Jones,WR,
2022,885543168840683520,5,waiver,complete,1665492453349,2022-10-11,4,jdrobny,add,WAS,Washington Commanders,DEF,2
2022,885543168840683520,5,waiver,complete,1665492453349,2022-10-11,4,jdrobny,drop,MIA,Miami Dolphins,DEF,
2022,885508983929200640,5,waiver,complete,1665484303031,2022-10-11,3,MaxSirianni,add,4973,Hayden Hurst,TE,2
2022,885508983929200640,5,waiver,complete,1665484303031,2022-10-11,3,MaxSirianni,drop,8132,Tyler Allgeier,RB,
2022,885442280004349952,5,waiver,complete,1665468399576,2022-10-11,9,brockhusk,add,503,Graham Gano,K,1
2022,885442280004349952,5,waiver,complete,1665468399576,2022-10-11,9,brockhusk,drop,8259,Cameron Dicker,K,
2022,885441816592322560,5,waiver,complete,1665468289090,2022-10-11,9,brockhusk,add,4381,Taysom Hill,TE,25
2022,885441816592322560,5,waiver,complete,1665468289090,2022-10-11,9,brockhusk,drop,6938,Cam Akers,RB,
2022,885441560291020800,5,waiver,failed,1665468227983,2022-10-11,9,brockhusk,add,8151,Kenneth Walker,RB,30
2022,885441560291020800,5,waiver,failed,1665468227983,2022-10-11,9,brockhusk,drop,6938,Cam Akers,RB,
2022,885430652613517312,5,waiver,failed,1665465627390,2022-10-11,10,cc5597,add,5870,Daniel Jones,QB,2
2022,885430652613517312,5,waiver,failed,1665465627390,2022-10-11,10,cc5597,drop,2152,Teddy Bridgewater,QB,
2022,885296076696113152,5,waiver,complete,1665433541991,2022-10-10,1,bgreenblatt,add,8136,Rachaad White,RB,2
2022,885280001421971456,5,free_agent,complete,1665429709347,2022-10-10,5,kaufmannc,drop,5970,Greg Dortch,WR,
2022,885279554216845312,5,trade,complete,1665429602725,2022-10-10,8,TylerWicks,add,5846,DK Metcalf,WR,
2022,885279554216845312,5,trade,complete,1665429602725,2022-10-10,2,Erjohnson14,add,6151,Miles Sanders,RB,
2022,885279554216845312,5,trade,complete,1665429602725,2022-10-10,2,Erjohnson14,drop,5846,DK Metcalf,WR,
2022,885279554216845312,5,trade,complete,1665429602725,2022-10-10,8,TylerWicks,drop,6151,Miles Sanders,RB,
2022,885236764825120768,5,trade,complete,1665419400939,2022-10-10,5,kaufmannc,add,1426,DeAndre Hopkins,WR,
2022,885236764825120768,5,trade,complete,1665419400939,2022-10-10,1,bgreenblatt,add,2216,Mike Evans,WR,
2022,885236764825120768,5,trade,complete,1665419400939,2022-10-10,5,kaufmannc,add,7543,Travis Etienne,RB,
2022,885236764825120768,5,trade,complete,1665419400939,2022-10-10,1,bgreenblatt,drop,1426,DeAndre Hopkins,WR,
2022,885236764825120768,5,trade,complete,1665419400939,2022-10-10,5,kaufmannc,drop,2216,Mike Evans,WR,
2022,885236764825120768,5,trade,complete,1665419400939,2022-10-10,1,bgreenblatt,drop,7543,Travis Etienne,RB,
2022,885215596088844288,5,waiver,complete,1665414353919,2022-10-10,2,Erjohnson14,add,8151,Kenneth Walker,RB,99
2022,885215596088844288,5,waiver,complete,1665414353919,2022-10-10,2,Erjohnson14,drop,5916,Darrell Henderson,RB,
2022,884986651561271296,5,waiver,failed,1665359769290,2022-10-09,1,bgreenblatt,add,5870,Daniel Jones,QB,6
2022,884986651561271296,5,waiver,failed,1665359769290,2022-10-09,1,bgreenblatt,drop,1049,Ryan Tannehill,QB,
2022,884913638597861376,5,waiver,complete,1665342361643,2022-10-09,1,bgreenblatt,add,5947,Jakobi Meyers,WR,21
2022,884913638597861376,5,waiver,complete,1665342361643,2022-10-09,1,bgreenblatt,drop,7596,Elijah Moore,WR,
2022,884880795993686016,5,free_agent,complete,1665334531356,2022-10-09,7,KingTowsk,add,TEN,Tennessee Titans,DEF,
2022,884880795993686016,5,free_agent,complete,1665334531356,2022-10-09,7,KingTowsk,drop,7608,Khalil Herbert,RB,
2022,884654161768185856,5,waiver,complete,1665280497546,2022-10-08,9,brockhusk,add,8259,Cameron Dicker,K,1
2022,884654161768185856,5,waiver,complete,1665280497546,2022-10-08,9,brockhusk,drop,4227,Harrison Butker,K,
2022,884506202938433536,5,waiver,complete,1665245221412,2022-10-08,8,TylerWicks,add,5086,Marquez Valdes-Scantling,WR,1
2022,883907662801620992,5,waiver,complete,1665102518323,2022-10-06,2,Erjohnson14,add,5987,Alexander Mattison,RB,5
2022,883893090065604608,5,free_agent,complete,1665099043912,2022-10-06,9,brockhusk,drop,5906,Dawson Knox,TE,
2022,883816838876889088,5,trade,complete,1665080864212,2022-10-06,9,brockhusk,add,4033,David Njoku,TE,
2022,883816838876889088,5,trade,complete,1665080864212,2022-10-06,2,Erjohnson14,add,5937,Diontae Johnson,WR,
2022,883816838876889088,5,trade,complete,1665080864212,2022-10-06,9,brockhusk,add,6943,Gabe Davis,WR,
2022,883816838876889088,5,trade,complete,1665080864212,2022-10-06,2,Erjohnson14,drop,4033,David Njoku,TE,
2022,883816838876889088,5,trade,complete,1665080864212,2022-10-06,9,brockhusk,drop,5937,Diontae Johnson,WR,
2022,883816838876889088,5,trade,complete,1665080864212,2022-10-06,2,Erjohnson14,drop,6943,Gabe Davis,WR,
2022,883499778275790848,5,waiver,complete,1665005271074,2022-10-05,10,cc5597,add,5133,Tyler Conklin,TE,1
2022,883499778275790848,5,waiver,complete,1665005271074,2022-10-05,10,cc5597,drop,947,Julio Jones,WR,
2022,883428105728135168,5,waiver,complete,1664988183007,2022-10-05,9,brockhusk,add,4227,Harrison Butker,K,2
2022,883428105728135168,5,waiver,complete,1664988183007,2022-10-05,9,brockhusk,drop,17,Matt Prater,K,
2022,883421642330824704,5,waiver,complete,1664986642013,2022-10-05,3,MaxSirianni,add,8132,Tyler Allgeier,RB,5
2022,883421642330824704,5,waiver,complete,1664986642013,2022-10-05,3,MaxSirianni,drop,5987,Alexander Mattison,RB,
2022,883371967015899136,5,waiver,failed,1664974798495,2022-10-05,6,JSanDusky69,add,2749,Raheem Mostert,RB,1
2022,883371907372789760,5,waiver,failed,1664974784275,2022-10-05,6,JSanDusky69,add,2152,Teddy Bridgewater,QB,1
2022,883371593659912192,5,waiver,complete,1664974709480,2022-10-05,6,JSanDusky69,add,1352,Robert Woods,WR,1
2022,888182846014070784,6,waiver,failed,1666121801430,2022-10-18,10,cc5597,add,4958,Brett Maher,K,0
2022,888182846014070784,6,waiver,failed,1666121801430,2022-10-18,10,cc5597,drop,7042,Tyler Bass,K,
2022,888180133024952320,6,waiver,complete,1666121154603,2022-10-18,7,KingTowsk,add,8157,Bailey Zappe,QB,0
2022,888180133024952320,6,waiver,complete,1666121154603,2022-10-18,7,KingTowsk,drop,3161,Carson Wentz,QB,
2022,888179824462790656,6,waiver,failed,1666121081036,2022-10-18,7,KingTowsk,add,2307,Marcus Mariota,QB,19
2022,888179824462790656,6,waiver,failed,1666121081036,2022-10-18,7,KingTowsk,drop,3161,Carson Wentz,QB,
2022,888178054592245760,6,waiver,failed,1666120659066,2022-10-18,7,KingTowsk,add,KC,Kansas City Chiefs,DEF,0
2022,888178054592245760,6,waiver,failed,1666120659066,2022-10-18,7,KingTowsk,drop,6951,Eno Benjamin,RB,
2022,888177998115811328,6,waiver,failed,1666120645601,2022-10-18,7,KingTowsk,add,LV,Las Vegas Raiders,DEF,0
2022,888177998115811328,6,waiver,failed,1666120645601,2022-10-18,7,KingTowsk,drop,6951,Eno Benjamin,RB,
2022,888177953387798528,6,waiver,failed,1666120634937,2022-10-18,7,KingTowsk,add,CIN,Cincinnati Bengals,DEF,0
2022,888177953387798528,6,waiver,failed,1666120634937,2022-10-18,7,KingTowsk,drop,6951,Eno Benjamin,RB,
2022,888177896554975232,6,waiver,failed,1666120621387,2022-10-18,7,KingTowsk,add,TEN,Tennessee Titans,DEF,0
2022,888177896554975232,6,waiver,failed,1666120621387,2022-10-18,7,KingTowsk,drop,6951,Eno Benjamin,RB,
2022,888177836949839872,6,waiver,complete,1666120607176,2022-10-18,7,KingTowsk,add,NYJ,New York Jets,DEF,0
2022,888177836949839872,6,waiver,complete,1666120607176,2022-10-18,7,KingTowsk,drop,6951,Eno Benjamin,RB,
2022,888177778070261760,6,waiver,failed,1666120593138,2022-10-18,7,KingTowsk,add,MIA,Miami Dolphins,DEF,0
2022,888177778070261760,6,waiver,failed,1666120593138,2022-10-18,7,KingTowsk,drop,6951,Eno Benjamin,RB,
2022,888177409936113664,6,waiver,failed,1666120505368,2022-10-18,7,KingTowsk,add,DEN,Denver Broncos,DEF,0
2022,888177409936113664,6,waiver,failed,1666120505368,2022-10-18,7,KingTowsk,drop,6951,Eno Benjamin,RB,
2022,888177160639184896,6,waiver,failed,1666120445931,2022-10-18,7,KingTowsk,add,NE,New England Patriots,DEF,3
2022,888177160639184896,6,waiver,failed,1666120445931,2022-10-18,7,KingTowsk,drop,6951,Eno Benjamin,RB,
2022,888151525522960384,6,waiver,complete,1666114334043,2022-10-18,2,Erjohnson14,add,4958,Brett Maher,K,0
2022,888138974600933376,6,waiver,complete,1666111341670,2022-10-18,6,JSanDusky69,add,MIA,Miami Dolphins,DEF,0
2022,888138974600933376,6,waiver,complete,1666111341670,2022-10-18,6,JSanDusky69,drop,5870,Daniel Jones,QB,
2022,888118605844324352,6,waiver,failed,1666106485380,2022-10-18,6,JSanDusky69,add,NE,New England Patriots,DEF,1
2022,888118605844324352,6,waiver,failed,1666106485380,2022-10-18,6,JSanDusky69,drop,5870,Daniel Jones,QB,
2022,888101487077863424,6,waiver,failed,1666102403948,2022-10-18,2,Erjohnson14,add,NE,New England Patriots,DEF,1
2022,888101487077863424,6,waiver,failed,1666102403948,2022-10-18,2,Erjohnson14,drop,GB,Green Bay Packers,DEF,
2022,888101218310991872,6,free_agent,complete,1666102339869,2022-10-18,2,Erjohnson14,drop,6083,Matt Gay,K,
2022,888090465470304256,6,waiver,complete,1666099776192,2022-10-18,5,kaufmannc,add,4602,Robert Tonyan,TE,4
2022,888090465470304256,6,waiver,complete,1666099776192,2022-10-18,5,kaufmannc,drop,7527,Mac Jones,QB,
2022,887837821841481728,6,waiver,complete,1666039541257,2022-10-17,1,bgreenblatt,add,7601,Rondale Moore,WR,0
2022,887837821841481728,6,waiver,complete,1666039541257,2022-10-17,1,bgreenblatt,drop,4227,Harrison Butker,K,
2022,887781473724452864,6,free_agent,complete,1666026106819,2022-10-17,4,jdrobny,add,4171,Josh Reynolds,WR,
2022,887781473724452864,6,free_agent,complete,1666026106819,2022-10-17,4,jdrobny,drop,5347,Nyheim Miller-Hines,RB,
2022,887510471338012672,6,waiver,failed,1665961494815,2022-10-16,1,bgreenblatt,add,NE,New England Patriots,DEF,3
2022,887510471338012672,6,waiver,failed,1665961494815,2022-10-16,1,bgreenblatt,drop,MIN,Minnesota Vikings,DEF,
2022,887413824599576576,6,free_agent,complete,1665938452437,2022-10-16,7,KingTowsk,add,6951,Eno Benjamin,RB,
2022,887413824599576576,6,free_agent,complete,1665938452437,2022-10-16,7,KingTowsk,drop,8168,Skyy Moore,WR,
2022,887055240091090944,6,waiver,complete,1665852959228,2022-10-15,4,jdrobny,add,3225,Tyler Boyd,WR,2
2022,887019103481806848,6,waiver,complete,1665844343589,2022-10-15,2,Erjohnson14,add,8142,Alec Pierce,WR,0
2022,887018846161416192,6,waiver,failed,1665844282239,2022-10-15,2,Erjohnson14,add,5916,Darrell Henderson,RB,0
2022,887018799310942208,6,free_agent,complete,1665844271069,2022-10-15,2,Erjohnson14,drop,7588,Javonte Williams,RB,
2022,886823033308999680,6,waiver,complete,1665797596817,2022-10-14,10,cc5597,add,6126,Irv Smith,TE,0
2022,886823033308999680,6,waiver,complete,1665797596817,2022-10-14,10,cc5597,drop,5133,Tyler Conklin,TE,
2022,886751153885822976,6,waiver,complete,1665780459427,2022-10-14,1,bgreenblatt,add,5916,Darrell Henderson,RB,5
2022,886751153885822976,6,waiver,complete,1665780459427,2022-10-14,1,bgreenblatt,drop,5038,Michael Gallup,WR,
2022,886389085562929152,6,waiver,complete,1665694135612,2022-10-13,4,jdrobny,add,BAL,Baltimore Ravens,DEF,0
2022,886389056198832128,6,free_agent,complete,1665694128611,2022-10-13,4,jdrobny,drop,WAS,Washington Commanders,DEF,
2022,886365717484756992,6,waiver,complete,1665688564228,2022-10-13,7,KingTowsk,add,7606,Kadarius Toney,WR,0
2022,886365717484756992,6,waiver,complete,1665688564228,2022-10-13,7,KingTowsk,drop,8126,Wan'Dale Robinson,WR,
2022,886361924466614272,6,waiver,complete,1665687659902,2022-10-13,10,cc5597,add,3257,Jacoby Brissett,QB,0
2022,886361924466614272,6,waiver,complete,1665687659902,2022-10-13,10,cc5597,drop,2307,Marcus Mariota,QB,
2022,886361139150327808,6,waiver,complete,1665687472668,2022-10-13,10,cc5597,add,4197,Isaiah McKenzie,WR,2
2022,886361139150327808,6,waiver,complete,1665687472668,2022-10-13,10,cc5597,drop,6945,Antonio Gibson,RB,
2022,886341127262015488,6,free_agent,complete,1665682701462,2022-10-13,9,brockhusk,drop,7610,Trey Lance,QB,
2022,886327547754065920,6,waiver,complete,1665679463855,2022-10-13,6,JSanDusky69,add,6938,Cam Akers,RB,1
2022,886327547754065920,6,waiver,complete,1665679463855,2022-10-13,6,JSanDusky69,drop,1352,Robert Woods,WR,
2022,886260969083527168,6,waiver,complete,1665663590263,2022-10-13,1,bgreenblatt,add,4227,Harrison Butker,K,0
2022,886260969083527168,6,waiver,complete,1665663590263,2022-10-13,1,bgreenblatt,drop,1049,Ryan Tannehill,QB,
2022,885980135495532544,6,waiver,complete,1665596634318,2022-10-12,7,KingTowsk,add,8168,Skyy Moore,WR,0
2022,885980135495532544,6,waiver,complete,1665596634318,2022-10-12,7,KingTowsk,drop,TEN,Tennessee Titans,DEF,
2022,885979059698536448,6,waiver,failed,1665596377828,2022-10-12,7,KingTowsk,add,7601,Rondale Moore,WR,0
2022,885979059698536448,6,waiver,failed,1665596377828,2022-10-12,7,KingTowsk,drop,TEN,Tennessee Titans,DEF,
2022,885965442299211776,6,waiver,failed,1665593131187,2022-10-12,10,cc5597,add,4066,Evan Engram,TE,0
2022,885965442299211776,6,waiver,failed,1665593131187,2022-10-12,10,cc5597,drop,5133,Tyler Conklin,TE,
2022,885960148219428864,6,waiver,complete,1665591868980,2022-10-12,10,cc5597,add,7608,Khalil Herbert,RB,1
2022,885960148219428864,6,waiver,complete,1665591868980,2022-10-12,10,cc5597,drop,4985,Rashaad Penny,RB,
2022,885958421998948352,6,waiver,complete,1665591457417,2022-10-12,7,KingTowsk,add,8126,Wan'Dale Robinson,WR,0
2022,885955926178484224,6,waiver,complete,1665590862367,2022-10-12,2,Erjohnson14,add,4066,Evan Engram,TE,0
2022,885955926178484224,6,waiver,complete,1665590862367,2022-10-12,2,Erjohnson14,drop,5987,Alexander Mattison,RB,
2022,885916025705779200,6,waiver,failed,1665581349353,2022-10-12,2,Erjohnson14,add,4381,Taysom Hill,TE,1
2022,885916025705779200,6,waiver,failed,1665581349353,2022-10-12,2,Erjohnson14,drop,5987,Alexander Mattison,RB,
2022,885912892401377280,6,waiver,failed,1665580602315,2022-10-12,2,Erjohnson14,add,4973,Hayden Hurst,TE,0
2022,885912892401377280,6,waiver,failed,1665580602315,2022-10-12,2,Erjohnson14,drop,5987,Alexander Mattison,RB,
2022,890859038496256000,7,waiver,complete,1666759855439,2022-10-25,10,cc5597,add,5248,Gus Edwards,RB,36
2022,890859038496256000,7,waiver,complete,1666759855439,2022-10-25,10,cc5597,drop,4197,Isaiah McKenzie,WR,
2022,890796346670735360,7,waiver,complete,1666744908543,2022-10-25,1,bgreenblatt,add,2306,Jameis Winston,QB,15
2022,890796346670735360,7,waiver,complete,1666744908543,2022-10-25,1,bgreenblatt,drop,2078,Odell Beckham,WR,
2022,890794710594347008,7,waiver,complete,1666744518472,2022-10-25,1,bgreenblatt,add,6126,Irv Smith,TE,3
2022,890771040492642304,7,waiver,complete,1666738875080,2022-10-25,8,TylerWicks,add,4993,Mike Gesicki,TE,0
2022,890771040492642304,7,waiver,complete,1666738875080,2022-10-25,8,TylerWicks,drop,NE,New England Patriots,DEF,
2022,890765061235486720,7,waiver,complete,1666737449514,2022-10-25,2,Erjohnson14,add,IND,Indianapolis Colts,DEF,0
2022,890765061235486720,7,waiver,complete,1666737449514,2022-10-25,2,Erjohnson14,drop,GB,Green Bay Packers,DEF,
2022,890762713259790336,7,trade,complete,1666736889713,2022-10-25,1,bgreenblatt,add,1992,Allen Robinson,WR,
2022,890762713259790336,7,trade,complete,1666736889713,2022-10-25,8,TylerWicks,add,3969,Leonard Fournette,RB,
2022,890762713259790336,7,trade,complete,1666736889713,2022-10-25,8,TylerWicks,add,5916,Darrell Henderson,RB,
2022,890762713259790336,7,trade,complete,1666736889713,2022-10-25,8,TylerWicks,add,5947,Jakobi Meyers,WR,
2022,890762713259790336,7,trade,complete,1666736889713,2022-10-25,1,bgreenblatt,add,6813,Jonathan Taylor,RB,
2022,890762713259790336,7,trade,complete,1666736889713,2022-10-25,8,TylerWicks,drop,1992,Allen Robinson,WR,
2022,890762713259790336,7,trade,complete,1666736889713,2022-10-25,1,bgreenblatt,drop,3969,Leonard Fournette,RB,
2022,890762713259790336,7,trade,complete,1666736889713,2022-10-25,1,bgreenblatt,drop,5916,Darrell Henderson,RB,
2022,890762713259790336,7,trade,complete,1666736889713,2022-10-25,1,bgreenblatt,drop,5947,Jakobi Meyers,WR,
2022,890762713259790336,7,trade,complete,1666736889713,2022-10-25,8,TylerWicks,drop,6813,Jonathan Taylor,RB,
2022,890742456600375296,7,waiver,complete,1666732060149,2022-10-25,6,JSanDusky69,add,4227,Harrison Butker,K,4
2022,890742456600375296,7,waiver,complete,1666732060149,2022-10-25,6,JSanDusky69,drop,1433,Brandon McManus,K,
2022,890698761788104704,7,waiver,failed,1666721642494,2022-10-25,10,cc5597,add,6083,Matt Gay,K,1
2022,890698761788104704,7,waiver,failed,1666721642494,2022-10-25,10,cc5597,drop,3467,Taylor Bertolet,K,
2022,890698713763500032,7,waiver,complete,1666721631044,2022-10-25,10,cc5597,add,7042,Tyler Bass,K,2
2022,890698713763500032,7,waiver,complete,1666721631044,2022-10-25,10,cc5597,drop,3467,Taylor Bertolet,K,
2022,890697788034498560,7,free_agent,complete,1666721410333,2022-10-25,10,cc5597,drop,8155,Breece Hall,RB,
2022,890694975682199552,7,waiver,complete,1666720739816,2022-10-25,9,brockhusk,add,5906,Dawson Knox,TE,0
2022,890694975682199552,7,waiver,complete,1666720739816,2022-10-25,9,brockhusk,drop,LV,Las Vegas Raiders,DEF,
2022,890670483220312064,7,waiver,failed,1666714900358,2022-10-25,7,KingTowsk,add,2306,Jameis Winston,QB,9
2022,890670483220312064,7,waiver,failed,1666714900358,2022-10-25,7,KingTowsk,drop,7585,Davis Mills,QB,
2022,890670276956913664,7,waiver,failed,1666714851181,2022-10-25,7,KingTowsk,add,5272,Greg Joseph,K,0
2022,890670276956913664,7,waiver,failed,1666714851181,2022-10-25,7,KingTowsk,drop,650,Nick Folk,K,
2022,890670212142342144,7,waiver,failed,1666714835728,2022-10-25,7,KingTowsk,add,6650,Chase McLaughlin,K,0
2022,890670212142342144,7,waiver,failed,1666714835728,2022-10-25,7,KingTowsk,drop,650,Nick Folk,K,
2022,890670092218753024,7,waiver,complete,1666714807136,2022-10-25,7,KingTowsk,add,5119,Jason Sanders,K,0
2022,890670092218753024,7,waiver,complete,1666714807136,2022-10-25,7,KingTowsk,drop,650,Nick Folk,K,
2022,890670034551250944,7,waiver,failed,1666714793387,2022-10-25,7,KingTowsk,add,7042,Tyler Bass,K,0
2022,890670034551250944,7,waiver,failed,1666714793387,2022-10-25,7,KingTowsk,drop,650,Nick Folk,K,
2022,890669975583600640,7,waiver,failed,1666714779328,2022-10-25,7,KingTowsk,add,6083,Matt Gay,K,0
2022,890669975583600640,7,waiver,failed,1666714779328,2022-10-25,7,KingTowsk,drop,650,Nick Folk,K,
2022,890642521511051264,7,waiver,complete,1666708233767,2022-10-25,8,TylerWicks,add,2711,Taylor Heinicke,QB,3
2022,890642521511051264,7,waiver,complete,1666708233767,2022-10-25,8,TylerWicks,drop,24,Matt Ryan,QB,
2022,890621089959653376,7,waiver,failed,1666703124087,2022-10-25,3,MaxSirianni,add,2306,Jameis Winston,QB,0
2022,890621089959653376,7,waiver,failed,1666703124087,2022-10-25,3,MaxSirianni,drop,2307,Marcus Mariota,QB,
2022,890621024062857216,7,waiver,failed,1666703108376,2022-10-25,3,MaxSirianni,add,5248,Gus Edwards,RB,0
2022,890621024062857216,7,waiver,failed,1666703108376,2022-10-25,3,MaxSirianni,drop,LAC,Los Angeles Chargers,DEF,
2022,890619451861561344,7,free_agent,complete,1666702733534,2022-10-25,2,Erjohnson14,drop,7527,Mac Jones,QB,
2022,890613602506280960,7,waiver,complete,1666701338939,2022-10-25,5,kaufmannc,add,5917,Mecole Hardman,WR,0
2022,890613602506280960,7,waiver,complete,1666701338939,2022-10-25,5,kaufmannc,drop,4602,Robert Tonyan,TE,
2022,890597749349883904,7,waiver,complete,1666697559252,2022-10-25,1,bgreenblatt,add,TEN,Tennessee Titans,DEF,0
2022,890597749349883904,7,waiver,complete,1666697559252,2022-10-25,1,bgreenblatt,drop,CIN,Cincinnati Bengals,DEF,
2022,890432834597593088,7,trade,complete,1666658240511,2022-10-24,7,KingTowsk,add,2133,Davante Adams,WR,
2022,890432834597593088,7,trade,complete,1666658240511,2022-10-24,10,cc5597,add,3164,Ezekiel Elliott,RB,
2022,890432834597593088,7,trade,complete,1666658240511,2022-10-24,10,cc5597,add,7526,Jaylen Waddle,WR,
2022,890432834597593088,7,trade,complete,1666658240511,2022-10-24,10,cc5597,drop,2133,Davante Adams,WR,
2022,890432834597593088,7,trade,complete,1666658240511,2022-10-24,7,KingTowsk,drop,3164,Ezekiel Elliott,RB,
2022,890432834597593088,7,trade,complete,1666658240511,2022-10-24,7,KingTowsk,drop,7526,Jaylen Waddle,WR,
2022,890112071801745408,7,waiver,failed,1666581764701,2022-10-23,5,kaufmannc,add,5248,Gus Edwards,RB,5
2022,890112071801745408,7,waiver,failed,1666581764701,2022-10-23,5,kaufmannc,drop,3242,Kenyan Drake,RB,
2022,889948806517886976,7,free_agent,complete,1666542839224,2022-10-23,7,KingTowsk,add,7585,Davis Mills,QB,
2022,889948765212360704,7,free_agent,complete,1666542829376,2022-10-23,7,KingTowsk,drop,7606,Kadarius Toney,WR,
2022,889912731262750720,7,waiver,complete,1666534238213,2022-10-23,2,Erjohnson14,add,7527,Mac Jones,QB,0
2022,889611602243153920,7,waiver,complete,1666462443460,2022-10-22,10,cc5597,add,1049,Ryan Tannehill,QB,0
2022,889611602243153920,7,waiver,complete,1666462443460,2022-10-22,10,cc5597,drop,3257,Jacoby Brissett,QB,
2022,889591197885337600,7,waiver,complete,1666457578682,2022-10-22,1,bgreenblatt,add,CIN,Cincinnati Bengals,DEF,0
2022,889591197885337600,7,waiver,complete,1666457578682,2022-10-22,1,bgreenblatt,drop,DEN,Denver Broncos,DEF,
2022,889309741405569024,7,waiver,complete,1666390474228,2022-10-21,7,KingTowsk,add,8126,Wan'Dale Robinson,WR,0
2022,889292868110647296,7,trade,complete,1666386451321,2022-10-21,9,brockhusk,add,6820,Clyde Edwards-Helaire,RB,
2022,889292868110647296,7,trade,complete,1666386451321,2022-10-21,4,jdrobny,add,7525,DeVonta Smith,WR,
2022,889292868110647296,7,trade,complete,1666386451321,2022-10-21,4,jdrobny,drop,6820,Clyde Edwards-Helaire,RB,
2022,889292868110647296,7,trade,complete,1666386451321,2022-10-21,9,brockhusk,drop,7525,DeVonta Smith,WR,
2022,889292021804859392,7,waiver,complete,1666386249546,2022-10-21,9,brockhusk,add,4111,D'Onta Foreman,RB,3
2022,889292021804859392,7,waiver,complete,1666386249546,2022-10-21,9,brockhusk,drop,5284,Jeff Wilson,RB,
2022,889266851111292928,7,waiver,complete,1666380248385,2022-10-21,3,MaxSirianni,add,7594,Chuba Hubbard,RB,11
2022,889266851111292928,7,waiver,complete,1666380248385,2022-10-21,3,MaxSirianni,drop,4973,Hayden Hurst,TE,
2022,889266833658900480,7,waiver,complete,1666380244224,2022-10-21,5,kaufmannc,add,3242,Kenyan Drake,RB,5
2022,889266295915311104,7,free_agent,complete,1666380116016,2022-10-21,5,kaufmannc,drop,6806,J.K. Dobbins,RB,
2022,889219332524208128,7,waiver,complete,1666368919071,2022-10-21,6,JSanDusky69,add,8142,Alec Pierce,WR,0
2022,889219332524208128,7,waiver,complete,1666368919071,2022-10-21,6,JSanDusky69,drop,LAR,Los Angeles Rams,DEF,
2022,889212131231551488,7,waiver,complete,1666367202149,2022-10-21,2,Erjohnson14,add,4066,Evan Engram,TE,0
2022,889212131231551488,7,waiver,complete,1666367202149,2022-10-21,2,Erjohnson14,drop,8142,Alec Pierce,WR,
2022,889150664905834496,7,waiver,complete,1666352547435,2022-10-21,1,bgreenblatt,add,2078,Odell Beckham,WR,0
2022,889150664905834496,7,waiver,complete,1666352547435,2022-10-21,1,bgreenblatt,drop,7601,Rondale Moore,WR,
2022,888903185790603264,7,waiver,complete,1666293543816,2022-10-20,10,cc5597,add,5001,Dalton Schultz,TE,1
2022,888903185790603264,7,waiver,complete,1666293543816,2022-10-20,10,cc5597,drop,6126,Irv Smith,TE,
2022,888862796006350848,7,waiver,failed,1666283914141,2022-10-20,6,JSanDusky69,add,5870,Daniel Jones,QB,0
2022,888862796006350848,7,waiver,failed,1666283914141,2022-10-20,6,JSanDusky69,drop,LAR,Los Angeles Rams,DEF,
2022,888647154762305536,7,waiver,complete,1666232501262,2022-10-19,9,brockhusk,add,LV,Las Vegas Raiders,DEF,3
2022,888647154762305536,7,waiver,complete,1666232501262,2022-10-19,9,brockhusk,drop,4381,Taysom Hill,TE,
2022,888647024315183104,7,waiver,complete,1666232470161,2022-10-19,9,brockhusk,add,5870,Daniel Jones,QB,3
2022,888647024315183104,7,waiver,complete,1666232470161,2022-10-19,9,brockhusk,drop,7538,Zach Wilson,QB,
2022,888559557297979392,7,waiver,failed,1666211616399,2022-10-19,10,cc5597,add,5870,Daniel Jones,QB,3
2022,888559557297979392,7,waiver,failed,1666211616399,2022-10-19,10,cc5597,drop,3257,Jacoby Brissett,QB,
2022,888521231064879104,7,waiver,complete,1666202478713,2022-10-19,10,cc5597,add,3467,Taylor Bertolet,K,0
2022,888521231064879104,7,waiver,complete,1666202478713,2022-10-19,10,cc5597,drop,7042,Tyler Bass,K,
2022,888505145154166784,7,waiver,complete,1666198643533,2022-10-19,7,KingTowsk,add,650,Nick Folk,K,0
2022,888505145154166784,7,waiver,complete,1666198643533,2022-10-19,7,KingTowsk,drop,8157,Bailey Zappe,QB,
2022,888504033357438976,7,waiver,failed,1666198378460,2022-10-19,2,Erjohnson14,add,DEN,Denver Broncos,DEF,0
2022,888504033357438976,7,waiver,failed,1666198378460,2022-10-19,2,Erjohnson14,drop,GB,Green Bay Packers,DEF,
2022,888494916567855104,7,waiver,complete,1666196204848,2022-10-19,1,bgreenblatt,add,DEN,Denver Broncos,DEF,0
2022,888494916567855104,7,waiver,complete,1666196204848,2022-10-19,1,bgreenblatt,drop,MIN,Minnesota Vikings,DEF,
2022,888453272049106944,7,free_agent,complete,1666186276021,2022-10-19,4,jdrobny,drop,4080,Zay Jones,WR,
2022,888452761245798400,7,free_agent,complete,1666186154236,2022-10-19,2,Erjohnson14,drop,4066,Evan Engram,TE,
2022,888435922402795520,7,waiver,complete,1666182139543,2022-10-19,8,TylerWicks,add,NE,New England Patriots,DEF,5
2022,888435922402795520,7,waiver,complete,1666182139543,2022-10-19,8,TylerWicks,drop,5086,Marquez Valdes-Scantling,WR,
2022,888434931620057088,7,waiver,complete,1666181903322,2022-10-19,3,MaxSirianni,add,2307,Marcus Mariota,QB,20
2022,888434931620057088,7,waiver,complete,1666181903322,2022-10-19,3,MaxSirianni,drop,2306,Jameis Winston,QB,
2022,888433997804490752,7,free_agent,complete,1666181680683,2022-10-19,8,TylerWicks,drop,1825,Jarvis Landry,WR,
2022,888433690257059840,7,free_agent,complete,1666181607358,2022-10-19,7,KingTowsk,drop,5272,Greg Joseph,K,
2022,893336782291251200,8,waiver,complete,1667350595594,2022-11-01,6,JSanDusky69,add,4066,Evan Engram,TE,5
2022,893294188727451648,8,waiver,complete,1667340440497,2022-11-01,9,brockhusk,add,1049,Ryan Tannehill,QB,6
2022,893294188727451648,8,waiver,complete,1667340440497,2022-11-01,9,brockhusk,drop,5870,Daniel Jones,QB,
2022,893294054438391808,8,waiver,complete,1667340408480,2022-11-01,9,brockhusk,add,CIN,Cincinnati Bengals,DEF,3
2022,893294054438391808,8,waiver,complete,1667340408480,2022-11-01,9,brockhusk,drop,1352,Robert Woods,WR,
2022,893293936632889344,8,waiver,complete,1667340380393,2022-11-01,9,brockhusk,add,17,Matt Prater,K,1
2022,893293936632889344,8,waiver,complete,1667340380393,2022-11-01,9,brockhusk,drop,503,Graham Gano,K,
2022,893288505151782912,8,waiver,complete,1667339085427,2022-11-01,7,KingTowsk,add,8131,Isaiah Likely,TE,0
2022,893288505151782912,8,waiver,complete,1667339085427,2022-11-01,7,KingTowsk,drop,5119,Jason Sanders,K,
2022,893286846610853888,8,waiver,complete,1667338690000,2022-11-01,7,KingTowsk,add,8205,Isiah Pacheco,RB,2
2022,893286846610853888,8,waiver,complete,1667338690000,2022-11-01,7,KingTowsk,drop,8154,Brian Robinson,RB,
2022,893286400953479168,8,waiver,failed,1667338583747,2022-11-01,7,KingTowsk,add,7601,Rondale Moore,WR,3
2022,893286400953479168,8,waiver,failed,1667338583747,2022-11-01,7,KingTowsk,drop,7090,Darnell Mooney,WR,
2022,893285605965213696,8,waiver,failed,1667338394207,2022-11-01,7,KingTowsk,add,5272,Greg Joseph,K,0
2022,893285605965213696,8,waiver,failed,1667338394207,2022-11-01,7,KingTowsk,drop,5119,Jason Sanders,K,
2022,893285561803141120,8,waiver,failed,1667338383678,2022-11-01,7,KingTowsk,add,59,Mason Crosby,K,0
2022,893285561803141120,8,waiver,failed,1667338383678,2022-11-01,7,KingTowsk,drop,5119,Jason Sanders,K,
2022,893280860009385984,8,waiver,failed,1667337262683,2022-11-01,2,Erjohnson14,add,CIN,Cincinnati Bengals,DEF,0
2022,893280860009385984,8,waiver,failed,1667337262683,2022-11-01,2,Erjohnson14,drop,IND,Indianapolis Colts,DEF,
2022,893271768259981312,8,free_agent,complete,1667335095041,2022-11-01,6,JSanDusky69,drop,6083,Matt Gay,K,
2022,893252740732837888,8,waiver,failed,1667330558525,2022-11-01,2,Erjohnson14,add,7601,Rondale Moore,WR,1
2022,893252740732837888,8,waiver,failed,1667330558525,2022-11-01,2,Erjohnson14,drop,7571,Rashod Bateman,WR,
2022,893252628652462080,8,waiver,complete,1667330531803,2022-11-01,2,Erjohnson14,add,6945,Antonio Gibson,RB,0
2022,893252628652462080,8,waiver,complete,1667330531803,2022-11-01,2,Erjohnson14,drop,5890,Damien Harris,RB,
2022,893250126712557568,8,waiver,failed,1667329935294,2022-11-01,9,brockhusk,add,4335,P.J. Walker,QB,5
2022,893250126712557568,8,waiver,failed,1667329935294,2022-11-01,9,brockhusk,drop,5870,Daniel Jones,QB,
2022,893170871160725504,8,waiver,complete,1667311039298,2022-11-01,3,MaxSirianni,add,7601,Rondale Moore,WR,6
2022,893170871160725504,8,waiver,complete,1667311039298,2022-11-01,3,MaxSirianni,drop,7594,Chuba Hubbard,RB,
2022,893170197337485312,8,waiver,complete,1667310878646,2022-11-01,3,MaxSirianni,add,8132,Tyler Allgeier,RB,9
2022,893170197337485312,8,waiver,complete,1667310878646,2022-11-01,3,MaxSirianni,drop,4973,Hayden Hurst,TE,
2022,893149998274109440,8,waiver,failed,1667306062814,2022-11-01,1,bgreenblatt,add,MIN,Minnesota Vikings,DEF,0
2022,893149998274109440,8,waiver,failed,1667306062814,2022-11-01,1,bgreenblatt,drop,TEN,Tennessee Titans,DEF,
2022,893149953164390400,8,waiver,complete,1667306052059,2022-11-01,1,bgreenblatt,add,KC,Kansas City Chiefs,DEF,0
2022,893149953164390400,8,waiver,complete,1667306052059,2022-11-01,1,bgreenblatt,drop,TEN,Tennessee Titans,DEF,
2022,893149864920477696,8,waiver,failed,1667306031020,2022-11-01,1,bgreenblatt,add,6847,Devin Duvernay,WR,0
2022,893149864920477696,8,waiver,failed,1667306031020,2022-11-01,1,bgreenblatt,drop,6126,Irv Smith,TE,
2022,892958068873609216,8,waiver,complete,1667260303279,2022-10-31,2,Erjohnson14,add,6847,Devin Duvernay,WR,1
2022,892958068873609216,8,waiver,complete,1667260303279,2022-10-31,2,Erjohnson14,drop,7571,Rashod Bateman,WR,
2022,892857018707419136,8,waiver,failed,1667236211042,2022-10-31,1,bgreenblatt,add,7601,Rondale Moore,WR,0
2022,892857018707419136,8,waiver,failed,1667236211042,2022-10-31,1,bgreenblatt,drop,6126,Irv Smith,TE,
2022,892856988961480704,8,free_agent,complete,1667236203950,2022-10-31,1,bgreenblatt,add,7670,Joshua Palmer,WR,
2022,892856988961480704,8,free_agent,complete,1667236203950,2022-10-31,1,bgreenblatt,drop,8161,Malik Willis,QB,
2022,892479743311044608,8,free_agent,complete,1667146261578,2022-10-30,2,Erjohnson14,add,8195,Ronnie Rivers,RB,
2022,892479743311044608,8,free_agent,complete,1667146261578,2022-10-30,2,Erjohnson14,drop,5038,Michael Gallup,WR,
2022,892219863727357952,8,waiver,complete,1667084301457,2022-10-29,1,bgreenblatt,add,8161,Malik Willis,QB,0
2022,892219863727357952,8,waiver,complete,1667084301457,2022-10-29,1,bgreenblatt,drop,2306,Jameis Winston,QB,
2022,892143305788481536,8,waiver,complete,1667066048622,2022-10-29,2,Erjohnson14,add,5038,Michael Gallup,WR,0
2022,891890705541271552,8,waiver,complete,1667005824030,2022-10-28,10,cc5597,add,6951,Eno Benjamin,RB,1
2022,891890705541271552,8,waiver,complete,1667005824030,2022-10-28,10,cc5597,drop,1049,Ryan Tannehill,QB,
2022,891825522022260736,8,waiver,failed,1666990283068,2022-10-28,2,Erjohnson14,add,6951,Eno Benjamin,RB,0
2022,891800862559969280,8,waiver,complete,1666984403794,2022-10-28,6,JSanDusky69,add,5347,Nyheim Miller-Hines,RB,0
2022,891710781568393216,8,waiver,complete,1666962926812,2022-10-28,7,KingTowsk,add,7090,Darnell Mooney,WR,0
2022,891710781568393216,8,waiver,complete,1666962926812,2022-10-28,7,KingTowsk,drop,NYJ,New York Jets,DEF,
2022,891639163307438080,8,waiver,complete,1666945851688,2022-10-28,6,JSanDusky69,add,6083,Matt Gay,K,0
2022,891639163307438080,8,waiver,complete,1666945851688,2022-10-28,6,JSanDusky69,drop,8142,Alec Pierce,WR,
2022,891638843957305344,8,free_agent,complete,1666945775549,2022-10-28,6,JSanDusky69,drop,4066,Evan Engram,TE,
2022,891597336525082624,8,waiver,failed,1666935879406,2022-10-28,9,brockhusk,add,7606,Kadarius Toney,WR,10
2022,891597336525082624,8,waiver,failed,1666935879406,2022-10-28,9,brockhusk,drop,1352,Robert Woods,WR,
2022,891507688377749504,8,waiver,failed,1666914505622,2022-10-27,7,KingTowsk,add,7090,Darnell Mooney,WR,0
2022,891507688377749504,8,waiver,failed,1666914505622,2022-10-27,7,KingTowsk,drop,7585,Davis Mills,QB,
2022,891507213540548608,8,waiver,complete,1666914392412,2022-10-27,7,KingTowsk,add,829,Andy Dalton,QB,0
2022,891507213540548608,8,waiver,complete,1666914392412,2022-10-27,7,KingTowsk,drop,7585,Davis Mills,QB,
2022,891466269478735872,8,waiver,complete,1666904630587,2022-10-27,1,bgreenblatt,add,6126,Irv Smith,TE,0
2022,891466269478735872,8,waiver,complete,1666904630587,2022-10-27,1,bgreenblatt,drop,8131,Isaiah Likely,TE,
2022,891463137940373504,8,free_agent,complete,1666903883970,2022-10-27,8,TylerWicks,drop,5955,Hunter Renfrow,WR,
2022,891415810961338368,8,waiver,complete,1666892600340,2022-10-27,10,cc5597,add,NE,New England Patriots,DEF,0
2022,891415810961338368,8,waiver,complete,1666892600340,2022-10-27,10,cc5597,drop,TB,Tampa Bay Buccaneers,DEF,
2022,891403319548006400,8,waiver,complete,1666889622154,2022-10-27,1,bgreenblatt,add,7606,Kadarius Toney,WR,27
2022,891403319548006400,8,waiver,complete,1666889622154,2022-10-27,1,bgreenblatt,drop,1992,Allen Robinson,WR,
2022,891398471297744896,8,waiver,failed,1666888466241,2022-10-27,7,KingTowsk,add,7606,Kadarius Toney,WR,9
2022,891398471297744896,8,waiver,failed,1666888466241,2022-10-27,7,KingTowsk,drop,NYJ,New York Jets,DEF,
2022,891365192754372608,8,waiver,complete,1666880532018,2022-10-27,1,bgreenblatt,add,8131,Isaiah Likely,TE,0
2022,891365192754372608,8,waiver,complete,1666880532018,2022-10-27,1,bgreenblatt,drop,6126,Irv Smith,TE,
2022,891186009788915712,8,waiver,failed,1666837811470,2022-10-26,9,brockhusk,add,4973,Hayden Hurst,TE,0
2022,891186009788915712,8,waiver,failed,1666837811470,2022-10-26,9,brockhusk,drop,5906,Dawson Knox,TE,
2022,891185721535504384,8,waiver,complete,1666837742745,2022-10-26,9,brockhusk,add,1352,Robert Woods,WR,0
2022,891176278676467712,8,waiver,complete,1666835491392,2022-10-26,2,Erjohnson14,add,2747,Jason Myers,K,0
2022,891176278676467712,8,waiver,complete,1666835491392,2022-10-26,2,Erjohnson14,drop,4958,Brett Maher,K,
2022,891096990874906624,8,waiver,complete,1666816587707,2022-10-26,3,MaxSirianni,add,4973,Hayden Hurst,TE,0
2022,891096990874906624,8,waiver,complete,1666816587707,2022-10-26,3,MaxSirianni,drop,LAC,Los Angeles Chargers,DEF,
2022,891065268426727424,8,trade,complete,1666809024486,2022-10-26,6,JSanDusky69,add,4066,Evan Engram,TE,
2022,891065268426727424,8,trade,complete,1666809024486,2022-10-26,2,Erjohnson14,add,5022,Dallas Goedert,TE,
2022,891065268426727424,8,trade,complete,1666809024486,2022-10-26,2,Erjohnson14,add,5890,Damien Harris,RB,
2022,891065268426727424,8,trade,complete,1666809024486,2022-10-26,6,JSanDusky69,add,6151,Miles Sanders,RB,
2022,891065268426727424,8,trade,complete,1666809024486,2022-10-26,2,Erjohnson14,drop,4066,Evan Engram,TE,
2022,891065268426727424,8,trade,complete,1666809024486,2022-10-26,6,JSanDusky69,drop,5022,Dallas Goedert,TE,
2022,891065268426727424,8,trade,complete,1666809024486,2022-10-26,6,JSanDusky69,drop,5890,Damien Harris,RB,
2022,891065268426727424,8,trade,complete,1666809024486,2022-10-26,2,Erjohnson14,drop,6151,Miles Sanders,RB,
2022,891029012888195072,8,waiver,failed,1666800380492,2022-10-26,2,Erjohnson14,add,NE,New England Patriots,DEF,0
2022,891029012888195072,8,waiver,failed,1666800380492,2022-10-26,2,Erjohnson14,drop,IND,Indianapolis Colts,DEF,
2022,891026830180659200,8,waiver,failed,1666799860094,2022-10-26,7,KingTowsk,add,4993,Mike Gesicki,TE,0
2022,891026830180659200,8,waiver,failed,1666799860094,2022-10-26,7,KingTowsk,drop,NYJ,New York Jets,DEF,
2022,890980422547361792,8,waiver,failed,1666788795652,2022-10-26,2,Erjohnson14,add,DEN,Denver Broncos,DEF,0
2022,890980422547361792,8,waiver,failed,1666788795652,2022-10-26,2,Erjohnson14,drop,GB,Green Bay Packers,DEF,
2022,890963811417403392,8,waiver,failed,1666784835250,2022-10-26,7,KingTowsk,add,5248,Gus Edwards,RB,10
2022,890963811417403392,8,waiver,failed,1666784835250,2022-10-26,7,KingTowsk,drop,NYJ,New York Jets,DEF,
2022,895889991425761280,9,waiver,complete,1667959328088,2022-11-08,2,Erjohnson14,add,5917,Mecole Hardman,WR,0
2022,895889991425761280,9,waiver,complete,1667959328088,2022-11-08,2,Erjohnson14,drop,4066,Evan Engram,TE,
2022,895889925105438720,9,waiver,failed,1667959312276,2022-11-08,2,Erjohnson14,add,5284,Jeff Wilson,RB,11
2022,895889925105438720,9,waiver,failed,1667959312276,2022-11-08,2,Erjohnson14,drop,4066,Evan Engram,TE,
2022,895799934635376640,9,waiver,complete,1667937856876,2022-11-08,4,jdrobny,add,7565,Terrace Marshall,WR,3
2022,895799692934524928,9,waiver,failed,1667937799250,2022-11-08,4,jdrobny,add,5284,Jeff Wilson,RB,17
2022,895797762854281216,9,waiver,complete,1667937339083,2022-11-08,7,KingTowsk,add,5284,Jeff Wilson,RB,21
2022,895797762854281216,9,waiver,complete,1667937339083,2022-11-08,7,KingTowsk,drop,4381,Taysom Hill,TE,
2022,895797243750510592,9,waiver,complete,1667937215319,2022-11-08,7,KingTowsk,add,503,Graham Gano,K,1
2022,895797243750510592,9,waiver,complete,1667937215319,2022-11-08,7,KingTowsk,drop,6083,Matt Gay,K,
2022,895707196707708928,9,waiver,complete,1667915746431,2022-11-08,4,jdrobny,add,650,Nick Folk,K,4
2022,895707196707708928,9,waiver,complete,1667915746431,2022-11-08,4,jdrobny,drop,7839,Evan McPherson,K,
2022,895706920890134528,9,waiver,complete,1667915680671,2022-11-08,2,Erjohnson14,add,TEN,Tennessee Titans,DEF,1
2022,895706920890134528,9,waiver,complete,1667915680671,2022-11-08,2,Erjohnson14,drop,TB,Tampa Bay Buccaneers,DEF,
2022,895706687686725632,9,free_agent,complete,1667915625071,2022-11-08,2,Erjohnson14,drop,6847,Devin Duvernay,WR,
2022,895703451601059840,9,waiver,complete,1667914853528,2022-11-08,3,MaxSirianni,add,ARI,Arizona Cardinals,DEF,0
2022,895703451601059840,9,waiver,complete,1667914853528,2022-11-08,3,MaxSirianni,drop,JAX,Jacksonville Jaguars,DEF,
2022,895703126240518144,9,waiver,failed,1667914775956,2022-11-08,3,MaxSirianni,add,503,Graham Gano,K,0
2022,895703126240518144,9,waiver,failed,1667914775956,2022-11-08,3,MaxSirianni,drop,8154,Brian Robinson,RB,
2022,895692503968301056,9,waiver,complete,1667912243409,2022-11-08,6,JSanDusky69,add,NYG,New York Giants,DEF,5
2022,895692503968301056,9,waiver,complete,1667912243409,2022-11-08,6,JSanDusky69,drop,MIA,Miami Dolphins,DEF,
2022,895142473964445696,9,free_agent,complete,1667781106037,2022-11-06,7,KingTowsk,add,8205,Isiah Pacheco,RB,
2022,895031743319621632,9,free_agent,complete,1667754705794,2022-11-06,9,brockhusk,add,5985,Foster Moreau,TE,
2022,895031743319621632,9,free_agent,complete,1667754705794,2022-11-06,9,brockhusk,drop,5906,Dawson Knox,TE,
2022,895031223657938944,9,free_agent,complete,1667754581897,2022-11-06,9,brockhusk,add,7538,Zach Wilson,QB,
2022,895031223657938944,9,free_agent,complete,1667754581897,2022-11-06,9,brockhusk,drop,1049,Ryan Tannehill,QB,
2022,895025577034297344,9,waiver,complete,1667753235637,2022-11-06,3,MaxSirianni,add,8154,Brian Robinson,RB,0
2022,895025577034297344,9,waiver,complete,1667753235637,2022-11-06,3,MaxSirianni,drop,8132,Tyler Allgeier,RB,
2022,895010899407319040,9,waiver,complete,1667749736218,2022-11-06,1,bgreenblatt,add,5870,Daniel Jones,QB,0
2022,895010899407319040,9,waiver,complete,1667749736218,2022-11-06,1,bgreenblatt,drop,8136,Rachaad White,RB,
2022,894279929037103104,9,waiver,complete,1667575459301,2022-11-04,2,Erjohnson14,add,7090,Darnell Mooney,WR,0
2022,894279929037103104,9,waiver,complete,1667575459301,2022-11-04,2,Erjohnson14,drop,8195,Ronnie Rivers,RB,
2022,893991946337796096,9,waiver,complete,1667506798875,2022-11-03,7,KingTowsk,add,6083,Matt Gay,K,0
2022,893991946337796096,9,waiver,complete,1667506798875,2022-11-03,7,KingTowsk,drop,5133,Tyler Conklin,TE,
2022,893983822260092928,9,free_agent,complete,1667504861944,2022-11-03,4,jdrobny,drop,3199,Michael Thomas,WR,
2022,893927179908587520,9,waiver,complete,1667491357355,2022-11-03,7,KingTowsk,add,4381,Taysom Hill,TE,0
2022,893927179908587520,9,waiver,complete,1667491357355,2022-11-03,7,KingTowsk,drop,8205,Isiah Pacheco,RB,
2022,893622205546762240,9,waiver,complete,1667418645801,2022-11-02,1,bgreenblatt,add,7551,Deon Jackson,RB,2
2022,893622205546762240,9,waiver,complete,1667418645801,2022-11-02,1,bgreenblatt,drop,6126,Irv Smith,TE,
2022,893601249537228800,9,trade,complete,1667413649499,2022-11-02,6,JSanDusky69,add,2505,Darren Waller,TE,
2022,893601249537228800,9,trade,complete,1667413649499,2022-11-02,2,Erjohnson14,add,4066,Evan Engram,TE,
2022,893601249537228800,9,trade,complete,1667413649499,2022-11-02,2,Erjohnson14,drop,2505,Darren Waller,TE,
2022,893601249537228800,9,trade,complete,1667413649499,2022-11-02,6,JSanDusky69,drop,4066,Evan Engram,TE,
2022,893588348319686656,9,free_agent,complete,1667410573609,2022-11-02,4,jdrobny,drop,4171,Josh Reynolds,WR,
2022,893584711589699584,9,waiver,complete,1667409706545,2022-11-02,7,KingTowsk,add,5133,Tyler Conklin,TE,0
2022,893584711589699584,9,waiver,complete,1667409706545,2022-11-02,7,KingTowsk,drop,7090,Darnell Mooney,WR,
2022,893581194884009984,9,waiver,failed,1667408868098,2022-11-02,7,KingTowsk,add,59,Mason Crosby,K,0
2022,893581194884009984,9,waiver,failed,1667408868098,2022-11-02,7,KingTowsk,drop,7090,Darnell Mooney,WR,
2022,893570643222847488,9,free_agent,complete,1667406352385,2022-11-02,6,JSanDusky69,drop,6938,Cam Akers,RB,
2022,893567292766633984,9,waiver,complete,1667405553574,2022-11-02,10,cc5597,add,4973,Hayden Hurst,TE,0
2022,893567292766633984,9,waiver,complete,1667405553574,2022-11-02,10,cc5597,drop,5001,Dalton Schultz,TE,
2022,893567130665156608,9,trade,complete,1667405514926,2022-11-02,4,jdrobny,add,8131,Isaiah Likely,TE,
2022,893567130665156608,9,trade,complete,1667405514926,2022-11-02,7,KingTowsk,drop,8131,Isaiah Likely,TE,
2022,893550494977740800,9,waiver,failed,1667401548669,2022-11-02,10,cc5597,add,1049,Ryan Tannehill,QB,0
2022,893550494977740800,9,waiver,failed,1667401548669,2022-11-02,10,cc5597,drop,5000,Chase Edmonds,RB,
2022,893550464334168064,9,waiver,complete,1667401541363,2022-11-02,10,cc5597,add,7527,Mac Jones,QB,1
2022,893550464334168064,9,waiver,complete,1667401541363,2022-11-02,10,cc5597,drop,5000,Chase Edmonds,RB,
2022,893550214093443072,9,waiver,failed,1667401481701,2022-11-02,10,cc5597,add,4066,Evan Engram,TE,1
2022,893550214093443072,9,waiver,failed,1667401481701,2022-11-02,10,cc5597,drop,6951,Eno Benjamin,RB,
2022,893543080807010304,9,waiver,complete,1667399780993,2022-11-02,2,Erjohnson14,add,TB,Tampa Bay Buccaneers,DEF,0
2022,893543080807010304,9,waiver,complete,1667399780993,2022-11-02,2,Erjohnson14,drop,IND,Indianapolis Colts,DEF,
2022,893542513456283648,9,waiver,failed,1667399645726,2022-11-02,2,Erjohnson14,add,8132,Tyler Allgeier,RB,0
2022,893542513456283648,9,waiver,failed,1667399645726,2022-11-02,2,Erjohnson14,drop,8195,Ronnie Rivers,RB,
2022,893541923485421568,9,waiver,failed,1667399505066,2022-11-02,2,Erjohnson14,add,KC,Kansas City Chiefs,DEF,0
2022,893541923485421568,9,waiver,failed,1667399505066,2022-11-02,2,Erjohnson14,drop,IND,Indianapolis Colts,DEF,
2022,893518130964635648,9,waiver,complete,1667393832487,2022-11-02,5,kaufmannc,add,MIN,Minnesota Vikings,DEF,0
2022,893518130964635648,9,waiver,complete,1667393832487,2022-11-02,5,kaufmannc,drop,5917,Mecole Hardman,WR,
2022,893518080171552768,9,waiver,failed,1667393820377,2022-11-02,5,kaufmannc,add,CIN,Cincinnati Bengals,DEF,2
2022,893518080171552768,9,waiver,failed,1667393820377,2022-11-02,5,kaufmannc,drop,5917,Mecole Hardman,WR,
2022,898503225672732672,10,waiver,failed,1668582371684,2022-11-16,10,cc5597,add,2197,Brandin Cooks,WR,1
2022,898503225672732672,10,waiver,failed,1668582371684,2022-11-16,10,cc5597,drop,6951,Eno Benjamin,RB,
2022,898372798924480512,10,waiver,complete,1668551275524,2022-11-15,10,cc5597,add,2078,Odell Beckham,WR,2
2022,898372798924480512,10,waiver,complete,1668551275524,2022-11-15,10,cc5597,drop,7608,Khalil Herbert,RB,
2022,898365561455861760,10,waiver,failed,1668549549977,2022-11-15,5,kaufmannc,add,4958,Brett Maher,K,2
2022,898365561455861760,10,waiver,failed,1668549549977,2022-11-15,5,kaufmannc,drop,4666,Younghoe Koo,K,
2022,898363296170844160,10,waiver,complete,1668549009891,2022-11-15,10,cc5597,add,6806,J.K. Dobbins,RB,0
2022,898363296170844160,10,waiver,complete,1668549009891,2022-11-15,10,cc5597,drop,3257,Jacoby Brissett,QB,
2022,898361915930198016,10,free_agent,complete,1668548680816,2022-11-15,10,cc5597,drop,LV,Las Vegas Raiders,DEF,
2022,898308186405400576,10,waiver,failed,1668535870699,2022-11-15,8,TylerWicks,add,8167,Christian Watson,WR,5
2022,898308186405400576,10,waiver,failed,1668535870699,2022-11-15,8,TylerWicks,drop,391,Ryan Succop,K,
2022,898288716508971008,10,free_agent,complete,1668531228714,2022-11-15,2,Erjohnson14,drop,5917,Mecole Hardman,WR,
2022,898282460184563712,10,waiver,complete,1668529737090,2022-11-15,5,kaufmannc,add,7839,Evan McPherson,K,2
2022,898282460184563712,10,waiver,complete,1668529737090,2022-11-15,5,kaufmannc,drop,4666,Younghoe Koo,K,
2022,898276772804743168,10,waiver,complete,1668528381113,2022-11-15,6,JSanDusky69,add,1992,Allen Robinson,WR,2
2022,898276772804743168,10,waiver,complete,1668528381113,2022-11-15,6,JSanDusky69,drop,2320,Melvin Gordon,RB,
2022,898276525382881280,10,waiver,complete,1668528322123,2022-11-15,6,JSanDusky69,add,7585,Davis Mills,QB,0
2022,898276439835779072,10,waiver,complete,1668528301727,2022-11-15,6,JSanDusky69,add,7553,Kyle Pitts,TE,11
2022,898276439835779072,10,waiver,complete,1668528301727,2022-11-15,6,JSanDusky69,drop,NYG,New York Giants,DEF,
2022,898276252543238144,10,free_agent,complete,1668528257073,2022-11-15,6,JSanDusky69,drop,1339,Zach Ertz,TE,
2022,898254623763263488,10,waiver,failed,1668523100370,2022-11-15,1,bgreenblatt,add,1992,Allen Robinson,WR,0
2022,898254623763263488,10,waiver,failed,1668523100370,2022-11-15,1,bgreenblatt,drop,7670,Joshua Palmer,WR,
2022,898076247639748608,10,waiver,complete,1668480572188,2022-11-14,1,bgreenblatt,add,WAS,Washington Commanders,DEF,3
2022,898076247639748608,10,waiver,complete,1668480572188,2022-11-14,1,bgreenblatt,drop,KC,Kansas City Chiefs,DEF,
2022,897901686021087232,10,waiver,complete,1668438953455,2022-11-14,4,jdrobny,add,2197,Brandin Cooks,WR,21
2022,897901686021087232,10,waiver,complete,1668438953455,2022-11-14,4,jdrobny,drop,LAR,Los Angeles Rams,DEF,
2022,897561345728851968,10,waiver,complete,1668357810006,2022-11-13,9,brockhusk,add,5001,Dalton Schultz,TE,0
2022,897558733427851264,10,waiver,complete,1668357187185,2022-11-13,2,Erjohnson14,add,NO,New Orleans Saints,DEF,0
2022,897558733427851264,10,waiver,complete,1668357187185,2022-11-13,2,Erjohnson14,drop,TEN,Tennessee Titans,DEF,
2022,897539355265703936,10,waiver,failed,1668352567071,2022-11-13,3,MaxSirianni,add,8259,Cameron Dicker,K,0
2022,897525106686054400,10,waiver,complete,1668349169945,2022-11-13,3,MaxSirianni,add,3678,Wil Lutz,K,1
2022,897518619180187648,10,waiver,complete,1668347623203,2022-11-13,8,TylerWicks,add,49,Robbie Gould,K,3
2022,897518619180187648,10,waiver,complete,1668347623203,2022-11-13,8,TylerWicks,drop,8132,Tyler Allgeier,RB,
2022,897204787756716032,10,waiver,failed,1668272799961,2022-11-12,3,MaxSirianni,add,49,Robbie Gould,K,2
2022,896939519465734144,10,waiver,complete,1668209555072,2022-11-11,2,Erjohnson14,add,8150,Kyren Williams,RB,0
2022,896865500112637952,10,waiver,complete,1668191907483,2022-11-11,4,jdrobny,add,4195,Jake Elliott,K,2
2022,896865500112637952,10,waiver,complete,1668191907483,2022-11-11,4,jdrobny,drop,2197,Brandin Cooks,WR,
2022,896853628479193088,10,waiver,complete,1668189077065,2022-11-11,6,JSanDusky69,add,6824,Donovan Peoples-Jones,WR,0
2022,896843914743762944,10,waiver,complete,1668186761130,2022-11-11,4,jdrobny,add,LAR,Los Angeles Rams,DEF,0
2022,896843914743762944,10,waiver,complete,1668186761130,2022-11-11,4,jdrobny,drop,7565,Terrace Marshall,WR,
2022,896842415271489536,10,waiver,failed,1668186403628,2022-11-11,3,MaxSirianni,add,4195,Jake Elliott,K,1
2022,896552833367851008,10,waiver,complete,1668117361922,2022-11-10,4,jdrobny,add,6826,Cole Kmet,TE,6
2022,896550388000583680,10,waiver,failed,1668116778901,2022-11-10,4,jdrobny,add,5985,Foster Moreau,TE,0
2022,896550306857500672,10,free_agent,complete,1668116759555,2022-11-10,4,jdrobny,drop,7553,Kyle Pitts,TE,
2022,896474963815718912,10,waiver,complete,1668098796374,2022-11-10,8,TylerWicks,add,8172,Greg Dulcich,TE,2
2022,896474963815718912,10,waiver,complete,1668098796374,2022-11-10,8,TylerWicks,drop,4993,Mike Gesicki,TE,
2022,896183811816194048,10,waiver,complete,1668029380328,2022-11-09,1,bgreenblatt,add,8136,Rachaad White,RB,0
2022,896183811816194048,10,waiver,complete,1668029380328,2022-11-09,1,bgreenblatt,drop,7551,Deon Jackson,RB,
2022,896132184585519104,10,waiver,complete,1668017071437,2022-11-09,8,TylerWicks,add,8132,Tyler Allgeier,RB,2
2022,896123456494845952,10,waiver,complete,1668014990498,2022-11-09,9,brockhusk,add,6083,Matt Gay,K,2
2022,896123456494845952,10,waiver,complete,1668014990498,2022-11-09,9,brockhusk,drop,17,Matt Prater,K,
2022,896120096794230784,10,free_agent,complete,1668014189483,2022-11-09,9,brockhusk,drop,CIN,Cincinnati Bengals,DEF,
2022,896120035154739200,10,free_agent,complete,1668014174787,2022-11-09,9,brockhusk,drop,5985,Foster Moreau,TE,
2022,896119095362519040,10,waiver,failed,1668013950723,2022-11-09,3,MaxSirianni,add,6083,Matt Gay,K,1
2022,896114319572680704,10,waiver,complete,1668012812086,2022-11-09,4,jdrobny,add,5038,Michael Gallup,WR,7
2022,896111201178763264,10,free_agent,complete,1668012068603,2022-11-09,5,kaufmannc,drop,MIN,Minnesota Vikings,DEF,
2022,896109022317543424,10,waiver,complete,1668011549122,2022-11-09,10,cc5597,add,3257,Jacoby Brissett,QB,0
2022,896109022317543424,10,waiver,complete,1668011549122,2022-11-09,10,cc5597,drop,7527,Mac Jones,QB,
2022,896108437807894528,10,waiver,failed,1668011409764,2022-11-09,10,cc5597,add,NO,New Orleans Saints,DEF,0
2022,896108437807894528,10,waiver,failed,1668011409764,2022-11-09,10,cc5597,drop,4973,Hayden Hurst,TE,
2022,896108294656307200,10,waiver,failed,1668011375634,2022-11-09,10,cc5597,add,NYG,New York Giants,DEF,0
2022,896108294656307200,10,waiver,failed,1668011375634,2022-11-09,10,cc5597,drop,4973,Hayden Hurst,TE,
2022,896108192113840128,10,waiver,complete,1668011351186,2022-11-09,10,cc5597,add,LV,Las Vegas Raiders,DEF,0
2022,896108192113840128,10,waiver,complete,1668011351186,2022-11-09,10,cc5597,drop,4973,Hayden Hurst,TE,
2022,901004626428645376,11,waiver,failed,1669178752098,2022-11-22,2,Erjohnson14,add,5906,Dawson Knox,TE,9
2022,901004626428645376,11,waiver,failed,1669178752098,2022-11-22,2,Erjohnson14,drop,5985,Foster Moreau,TE,
2022,900907670398214144,11,waiver,failed,1669155635979,2022-11-22,7,KingTowsk,add,6528,Joey Slye,K,0
2022,900907645173694464,11,waiver,failed,1669155629965,2022-11-22,7,KingTowsk,add,6650,Chase McLaughlin,K,0
2022,900907536436375552,11,waiver,failed,1669155604040,2022-11-22,7,KingTowsk,add,17,Matt Prater,K,0
2022,900907422036869120,11,waiver,failed,1669155576765,2022-11-22,7,KingTowsk,add,503,Graham Gano,K,0
2022,900907386569859072,11,waiver,failed,1669155568309,2022-11-22,7,KingTowsk,add,391,Ryan Succop,K,0
2022,900907333235097600,11,waiver,failed,1669155555593,2022-11-22,7,KingTowsk,add,1433,Brandon McManus,K,0
2022,900907333235097600,11,waiver,failed,1669155555593,2022-11-22,7,KingTowsk,drop,2020,Cairo Santos,K,
2022,900907101055004672,11,waiver,complete,1669155500237,2022-11-22,7,KingTowsk,add,5119,Jason Sanders,K,1
2022,900907101055004672,11,waiver,complete,1669155500237,2022-11-22,7,KingTowsk,drop,2020,Cairo Santos,K,
2022,900907012920098816,11,waiver,failed,1669155479224,2022-11-22,7,KingTowsk,add,IND,Indianapolis Colts,DEF,0
2022,900906852651659264,11,waiver,failed,1669155441013,2022-11-22,7,KingTowsk,add,CAR,Carolina Panthers,DEF,0
2022,900906771357757440,11,waiver,failed,1669155421631,2022-11-22,7,KingTowsk,add,TB,Tampa Bay Buccaneers,DEF,0
2022,900906658824454144,11,waiver,failed,1669155394801,2022-11-22,7,KingTowsk,add,NYJ,New York Jets,DEF,0
2022,900906639182512128,11,waiver,complete,1669155390118,2022-11-22,7,KingTowsk,add,MIA,Miami Dolphins,DEF,1
2022,900906560048594944,11,waiver,failed,1669155371251,2022-11-22,7,KingTowsk,add,KC,Kansas City Chiefs,DEF,3
2022,900905962217549824,11,free_agent,complete,1669155228717,2022-11-22,7,KingTowsk,drop,8126,Wan'Dale Robinson,WR,
2022,900856727690600448,11,waiver,failed,1669143490291,2022-11-22,2,Erjohnson14,add,NYJ,New York Jets,DEF,0
2022,900856727690600448,11,waiver,failed,1669143490291,2022-11-22,2,Erjohnson14,drop,NO,New Orleans Saints,DEF,
2022,900856702063431680,11,waiver,complete,1669143484181,2022-11-22,2,Erjohnson14,add,KC,Kansas City Chiefs,DEF,5
2022,900856702063431680,11,waiver,complete,1669143484181,2022-11-22,2,Erjohnson14,drop,NO,New Orleans Saints,DEF,
2022,900821224056410112,11,waiver,complete,1669135025565,2022-11-22,9,brockhusk,add,1049,Ryan Tannehill,QB,5
2022,900821224056410112,11,waiver,complete,1669135025565,2022-11-22,9,brockhusk,drop,7538,Zach Wilson,QB,
2022,900821075729121280,11,waiver,complete,1669134990201,2022-11-22,9,brockhusk,add,1476,Latavius Murray,RB,15
2022,900821075729121280,11,waiver,complete,1669134990201,2022-11-22,9,brockhusk,drop,6820,Clyde Edwards-Helaire,RB,
2022,900793521777385472,11,waiver,complete,1669128420827,2022-11-22,6,JSanDusky69,add,5906,Dawson Knox,TE,11
2022,900793464772550656,11,waiver,failed,1669128407236,2022-11-22,3,MaxSirianni,add,1476,Latavius Murray,RB,5
2022,900793023573741568,11,waiver,complete,1669128302046,2022-11-22,6,JSanDusky69,add,4147,Samaje Perine,RB,16
2022,900792941981872128,11,free_agent,complete,1669128282593,2022-11-22,6,JSanDusky69,drop,7585,Davis Mills,QB,
2022,900792331056328704,11,free_agent,complete,1669128136937,2022-11-22,6,JSanDusky69,drop,7553,Kyle Pitts,TE,
2022,900259366040002560,11,waiver,complete,1669001068175,2022-11-20,1,bgreenblatt,add,8135,Treylon Burks,WR,10
2022,900259366040002560,11,waiver,complete,1669001068175,2022-11-20,1,bgreenblatt,drop,7606,Kadarius Toney,WR,
2022,900109827144130560,11,free_agent,complete,1668965415324,2022-11-20,10,cc5597,add,5880,Parris Campbell,WR,
2022,900109827144130560,11,free_agent,complete,1668965415324,2022-11-20,10,cc5597,drop,6951,Eno Benjamin,RB,
2022,900107918182162432,11,free_agent,complete,1668964960192,2022-11-20,2,Erjohnson14,add,5985,Foster Moreau,TE,
2022,900107918182162432,11,free_agent,complete,1668964960192,2022-11-20,2,Erjohnson14,drop,4973,Hayden Hurst,TE,
2022,900056973343842304,11,waiver,complete,1668952813996,2022-11-20,8,TylerWicks,add,5086,Marquez Valdes-Scantling,WR,3
2022,900056973343842304,11,waiver,complete,1668952813996,2022-11-20,8,TylerWicks,drop,391,Ryan Succop,K,
2022,899079932129517568,11,waiver,complete,1668719869218,2022-11-17,10,cc5597,add,5890,Damien Harris,RB,0
2022,898735576210173952,11,waiver,complete,1668637768369,2022-11-16,6,JSanDusky69,add,DEN,Denver Broncos,DEF,0
2022,898735576210173952,11,waiver,complete,1668637768369,2022-11-16,6,JSanDusky69,drop,5347,Nyheim Miller-Hines,RB,
2022,898675676717195264,11,waiver,complete,1668623487217,2022-11-16,2,Erjohnson14,add,8130,Trey McBride,TE,0
2022,898663255831216128,11,waiver,complete,1668620525847,2022-11-16,9,brockhusk,add,4666,Younghoe Koo,K,1
2022,898663255831216128,11,waiver,complete,1668620525847,2022-11-16,9,brockhusk,drop,6083,Matt Gay,K,
2022,898645675812937728,11,waiver,failed,1668616334444,2022-11-16,7,KingTowsk,add,6528,Joey Slye,K,0
2022,898645675812937728,11,waiver,failed,1668616334444,2022-11-16,7,KingTowsk,drop,503,Graham Gano,K,
2022,898645555767693312,11,waiver,failed,1668616305823,2022-11-16,7,KingTowsk,add,4958,Brett Maher,K,0
2022,898645555767693312,11,waiver,failed,1668616305823,2022-11-16,7,KingTowsk,drop,503,Graham Gano,K,
2022,898645361827241984,11,waiver,complete,1668616259584,2022-11-16,7,KingTowsk,add,2020,Cairo Santos,K,0
2022,898645361827241984,11,waiver,complete,1668616259584,2022-11-16,7,KingTowsk,drop,503,Graham Gano,K,
2022,898641089492488192,11,waiver,complete,1668615240980,2022-11-16,2,Erjohnson14,add,4958,Brett Maher,K,1
2022,898641089492488192,11,waiver,complete,1668615240980,2022-11-16,2,Erjohnson14,drop,2747,Jason Myers,K,
2022,898640873439588352,11,waiver,failed,1668615189469,2022-11-16,2,Erjohnson14,add,8130,Trey McBride,TE,1
2022,898640873439588352,11,waiver,failed,1668615189469,2022-11-16,2,Erjohnson14,drop,8150,Kyren Williams,RB,
2022,898640838182268928,11,waiver,failed,1668615181063,2022-11-16,2,Erjohnson14,add,7553,Kyle Pitts,TE,5
2022,898640838182268928,11,waiver,failed,1668615181063,2022-11-16,2,Erjohnson14,drop,8150,Kyren Williams,RB,
2022,898637986705629184,11,waiver,complete,1668614501218,2022-11-16,7,KingTowsk,add,8167,Christian Watson,WR,21
2022,898637986705629184,11,waiver,complete,1668614501218,2022-11-16,7,KingTowsk,drop,6828,AJ Dillon,RB,
2022,898636370833293312,11,waiver,complete,1668614115964,2022-11-16,2,Erjohnson14,add,4973,Hayden Hurst,TE,2
2022,898636370833293312,11,waiver,complete,1668614115964,2022-11-16,2,Erjohnson14,drop,8150,Kyren Williams,RB,
2022,898606658018746368,11,free_agent,complete,1668607031877,2022-11-16,4,jdrobny,drop,4195,Jake Elliott,K,
2022,898601216966307840,11,waiver,complete,1668605734629,2022-11-16,3,MaxSirianni,add,CIN,Cincinnati Bengals,DEF,3
2022,898601125111013376,11,free_agent,complete,1668605712729,2022-11-16,3,MaxSirianni,drop,3678,Wil Lutz,K,
2022,898600963693223936,11,free_agent,complete,1668605674244,2022-11-16,3,MaxSirianni,drop,ARI,Arizona Cardinals,DEF,
2022,903558638080430080,12,waiver,failed,1669787675927,2022-11-29,10,cc5597,add,TB,Tampa Bay Buccaneers,DEF,3
2022,903558638080430080,12,waiver,failed,1669787675927,2022-11-29,10,cc5597,drop,5890,Damien Harris,RB,
2022,903558594312884224,12,waiver,complete,1669787665492,2022-11-29,10,cc5597,add,SEA,Seattle Seahawks,DEF,5
2022,903558594312884224,12,waiver,complete,1669787665492,2022-11-29,10,cc5597,drop,5890,Damien Harris,RB,
2022,903515803721465856,12,waiver,complete,1669777463420,2022-11-29,6,JSanDusky69,add,8150,Kyren Williams,RB,4
2022,903515765976846336,12,waiver,complete,1669777454421,2022-11-29,6,JSanDusky69,add,6828,AJ Dillon,RB,0
2022,903468421268881408,12,waiver,complete,1669766166563,2022-11-29,7,KingTowsk,add,TEN,Tennessee Titans,DEF,0
2022,903468421268881408,12,waiver,complete,1669766166563,2022-11-29,7,KingTowsk,drop,MIA,Miami Dolphins,DEF,
2022,903467607573872640,12,waiver,failed,1669765972563,2022-11-29,7,KingTowsk,add,5089,Mike White,QB,1
2022,903467607573872640,12,waiver,failed,1669765972563,2022-11-29,7,KingTowsk,drop,829,Andy Dalton,QB,
2022,903467044853596160,12,waiver,failed,1669765838400,2022-11-29,7,KingTowsk,add,391,Ryan Succop,K,0
2022,903467044853596160,12,waiver,failed,1669765838400,2022-11-29,7,KingTowsk,drop,5119,Jason Sanders,K,
2022,903466995025088512,12,waiver,failed,1669765826520,2022-11-29,7,KingTowsk,add,7922,Riley Patterson,K,0
2022,903466995025088512,12,waiver,failed,1669765826520,2022-11-29,7,KingTowsk,drop,5119,Jason Sanders,K,
2022,903466668377112576,12,waiver,complete,1669765748641,2022-11-29,7,KingTowsk,add,8258,Cade York,K,0
2022,903466668377112576,12,waiver,complete,1669765748641,2022-11-29,7,KingTowsk,drop,5119,Jason Sanders,K,
2022,903432715465084928,12,waiver,complete,1669757653636,2022-11-29,2,Erjohnson14,add,8408,Jordan Mason,RB,0
2022,903412689118863360,12,waiver,complete,1669752878983,2022-11-29,2,Erjohnson14,add,5906,Dawson Knox,TE,1
2022,903412689118863360,12,waiver,complete,1669752878983,2022-11-29,2,Erjohnson14,drop,4066,Evan Engram,TE,
2022,903331973978796032,12,free_agent,complete,1669733634994,2022-11-29,5,kaufmannc,drop,3242,Kenyan Drake,RB,
2022,903330718670012416,12,waiver,failed,1669733335705,2022-11-29,5,kaufmannc,add,4080,Zay Jones,WR,7
2022,903330059463766016,12,waiver,complete,1669733178539,2022-11-29,5,kaufmannc,add,6996,JaMycal Hasty,RB,5
2022,903330059463766016,12,waiver,complete,1669733178539,2022-11-29,5,kaufmannc,drop,7561,Elijah Mitchell,RB,
2022,903324317008568320,12,waiver,failed,1669731809430,2022-11-29,2,Erjohnson14,add,SEA,Seattle Seahawks,DEF,1
2022,903324317008568320,12,waiver,failed,1669731809430,2022-11-29,2,Erjohnson14,drop,8130,Trey McBride,TE,
2022,903146494411550720,12,trade,complete,1669689413219,2022-11-28,1,bgreenblatt,add,2449,Stefon Diggs,WR,
2022,903146494411550720,12,trade,complete,1669689413219,2022-11-28,5,kaufmannc,add,5870,Daniel Jones,QB,
2022,903146494411550720,12,trade,complete,1669689413219,2022-11-28,5,kaufmannc,add,7564,Ja'Marr Chase,WR,
2022,903146494411550720,12,trade,complete,1669689413219,2022-11-28,5,kaufmannc,drop,2449,Stefon Diggs,WR,
2022,903146494411550720,12,trade,complete,1669689413219,2022-11-28,1,bgreenblatt,drop,5870,Daniel Jones,QB,
2022,903146494411550720,12,trade,complete,1669689413219,2022-11-28,1,bgreenblatt,drop,7564,Ja'Marr Chase,WR,
2022,903083524356329472,12,waiver,complete,1669674399988,2022-11-28,2,Erjohnson14,add,2747,Jason Myers,K,0
2022,903083524356329472,12,waiver,complete,1669674399988,2022-11-28,2,Erjohnson14,drop,4958,Brett Maher,K,
2022,903067376663277568,12,free_agent,complete,1669670550078,2022-11-28,2,Erjohnson14,drop,7090,Darnell Mooney,WR,
2022,903034262868078592,12,free_agent,complete,1669662655134,2022-11-28,6,JSanDusky69,drop,4039,Cooper Kupp,WR,
2022,903034084635500544,12,waiver,failed,1669662612640,2022-11-28,6,JSanDusky69,add,CLE,Cleveland Browns,DEF,0
2022,903034084635500544,12,waiver,failed,1669662612640,2022-11-28,6,JSanDusky69,drop,DEN,Denver Broncos,DEF,
2022,903033971544473600,12,waiver,complete,1669662585677,2022-11-28,6,JSanDusky69,add,MIN,Minnesota Vikings,DEF,0
2022,903033971544473600,12,waiver,complete,1669662585677,2022-11-28,6,JSanDusky69,drop,DEN,Denver Broncos,DEF,
2022,902968106387906560,12,free_agent,complete,1669646882200,2022-11-28,6,JSanDusky69,drop,1992,Allen Robinson,WR,
2022,902841539645071360,12,waiver,failed,1669616706337,2022-11-28,9,brockhusk,add,5089,Mike White,QB,3
2022,902841539645071360,12,waiver,failed,1669616706337,2022-11-28,9,brockhusk,drop,1049,Ryan Tannehill,QB,
2022,902787302098206720,12,waiver,complete,1669603775098,2022-11-27,1,bgreenblatt,add,CLE,Cleveland Browns,DEF,0
2022,902787302098206720,12,waiver,complete,1669603775098,2022-11-27,1,bgreenblatt,drop,WAS,Washington Commanders,DEF,
2022,902680331403145216,12,waiver,complete,1669578271297,2022-11-27,2,Erjohnson14,add,5089,Mike White,QB,21
2022,902680331403145216,12,waiver,complete,1669578271297,2022-11-27,2,Erjohnson14,drop,1234,Russell Wilson,QB,
2022,902632747649642496,12,waiver,failed,1669566926446,2022-11-27,5,kaufmannc,add,4381,Taysom Hill,TE,0
2022,902632747649642496,12,waiver,failed,1669566926446,2022-11-27,5,kaufmannc,drop,6955,James Robinson,RB,
2022,902632378194251776,12,waiver,failed,1669566838361,2022-11-27,5,kaufmannc,add,2251,Logan Thomas,TE,0
2022,902632378194251776,12,waiver,failed,1669566838361,2022-11-27,5,kaufmannc,drop,6955,James Robinson,RB,
2022,902632286682677248,12,waiver,failed,1669566816543,2022-11-27,5,kaufmannc,add,4993,Mike Gesicki,TE,0
2022,902632286682677248,12,waiver,failed,1669566816543,2022-11-27,5,kaufmannc,drop,6955,James Robinson,RB,
2022,902631826009972736,12,waiver,complete,1669566706710,2022-11-27,8,TylerWicks,add,2161,Jerick McKinnon,RB,0
2022,902624541409550336,12,waiver,complete,1669564969926,2022-11-27,5,kaufmannc,add,5985,Foster Moreau,TE,0
2022,902624541409550336,12,waiver,complete,1669564969926,2022-11-27,5,kaufmannc,drop,6955,James Robinson,RB,
2022,902302085201313792,12,waiver,complete,1669488090375,2022-11-26,9,brockhusk,add,8259,Cameron Dicker,K,0
2022,902302085201313792,12,waiver,complete,1669488090375,2022-11-26,9,brockhusk,drop,4666,Younghoe Koo,K,
2022,901595501580521472,12,waiver,complete,1669319627712,2022-11-24,6,JSanDusky69,add,4973,Hayden Hurst,TE,0
2022,901595501580521472,12,waiver,complete,1669319627712,2022-11-24,6,JSanDusky69,drop,5906,Dawson Knox,TE,
2022,901187258961645568,12,waiver,complete,1669222295087,2022-11-23,2,Erjohnson14,add,4066,Evan Engram,TE,0
2022,901187258961645568,12,waiver,complete,1669222295087,2022-11-23,2,Erjohnson14,drop,5985,Foster Moreau,TE,
2022,901183663910383616,12,waiver,failed,1669221437960,2022-11-23,8,TylerWicks,add,1476,Latavius Murray,RB,15
2022,901183663910383616,12,waiver,failed,1669221437960,2022-11-23,8,TylerWicks,drop,5916,Darrell Henderson,RB,
2022,901183580473012224,12,free_agent,complete,1669221418067,2022-11-23,3,MaxSirianni,drop,7601,Rondale Moore,WR,
2022,901183513716469760,12,free_agent,complete,1669221402151,2022-11-23,8,TylerWicks,drop,5086,Marquez Valdes-Scantling,WR,
2022,906080990764707840,13,waiver,complete,1670389051671,2022-12-06,8,TylerWicks,add,8138,James Cook,RB,10
2022,906079805429182464,13,waiver,complete,1670388769064,2022-12-06,8,TylerWicks,add,6149,Darius Slayton,WR,10
2022,905961469181796352,13,waiver,complete,1670360555504,2022-12-06,10,cc5597,add,6828,AJ Dillon,RB,16
2022,905961469181796352,13,waiver,complete,1670360555504,2022-12-06,10,cc5597,drop,5248,Gus Edwards,RB,
2022,905919358549909504,13,waiver,failed,1670350515547,2022-12-06,7,KingTowsk,add,LAR,Los Angeles Rams,DEF,0
2022,905919358549909504,13,waiver,failed,1670350515547,2022-12-06,7,KingTowsk,drop,WAS,Washington Commanders,DEF,
2022,905919115913613312,13,waiver,failed,1670350457698,2022-12-06,7,KingTowsk,add,1266,Greg Zuerlein,K,0
2022,905919115913613312,13,waiver,failed,1670350457698,2022-12-06,7,KingTowsk,drop,8258,Cade York,K,
2022,905919018647810048,13,waiver,complete,1670350434508,2022-12-06,7,KingTowsk,add,4958,Brett Maher,K,1
2022,905919018647810048,13,waiver,complete,1670350434508,2022-12-06,7,KingTowsk,drop,8258,Cade York,K,
2022,905918742226374656,13,waiver,complete,1670350368604,2022-12-06,7,KingTowsk,add,TEN,Tennessee Titans,DEF,1
2022,905918742226374656,13,waiver,complete,1670350368604,2022-12-06,7,KingTowsk,drop,WAS,Washington Commanders,DEF,
2022,905917103381729280,13,waiver,failed,1670349977873,2022-12-06,6,JSanDusky69,add,TEN,Tennessee Titans,DEF,0
2022,905917031780638720,13,waiver,complete,1670349960802,2022-12-06,6,JSanDusky69,add,LV,Las Vegas Raiders,DEF,1
2022,905916709158924288,13,free_agent,complete,1670349883883,2022-12-06,6,JSanDusky69,drop,MIN,Minnesota Vikings,DEF,
2022,905852440677629952,13,waiver,complete,1670334561083,2022-12-06,2,Erjohnson14,add,4066,Evan Engram,TE,3
2022,905852440677629952,13,waiver,complete,1670334561083,2022-12-06,2,Erjohnson14,drop,5906,Dawson Knox,TE,
2022,905836733172686848,13,free_agent,complete,1670330816122,2022-12-06,6,JSanDusky69,drop,8150,Kyren Williams,RB,
2022,905830539217625088,13,waiver,failed,1670329339368,2022-12-06,1,bgreenblatt,add,LV,Las Vegas Raiders,DEF,0
2022,905830539217625088,13,waiver,failed,1670329339368,2022-12-06,1,bgreenblatt,drop,CLE,Cleveland Browns,DEF,
2022,905828309554831360,13,free_agent,complete,1670328807775,2022-12-06,8,TylerWicks,drop,5916,Darrell Henderson,RB,
2022,905205574890373120,13,waiver,complete,1670180336261,2022-12-04,1,bgreenblatt,add,7083,Tyler Huntley,QB,0
2022,905205574890373120,13,waiver,complete,1670180336261,2022-12-04,1,bgreenblatt,drop,8135,Treylon Burks,WR,
2022,905171694892204032,13,waiver,complete,1670172258640,2022-12-04,4,jdrobny,add,4147,Samaje Perine,RB,6
2022,905159301562560512,13,waiver,failed,1670169303840,2022-12-04,2,Erjohnson14,add,4147,Samaje Perine,RB,6
2022,905159301562560512,13,waiver,failed,1670169303840,2022-12-04,2,Erjohnson14,drop,8408,Jordan Mason,RB,
2022,904493362491641856,13,waiver,complete,1670010531593,2022-12-02,6,JSanDusky69,add,2161,Jerick McKinnon,RB,0
2022,904493362491641856,13,waiver,complete,1670010531593,2022-12-02,6,JSanDusky69,drop,6828,AJ Dillon,RB,
2022,904203777161670656,13,waiver,complete,1669941489071,2022-12-01,2,Erjohnson14,add,PIT,Pittsburgh Steelers,DEF,0
2022,904203777161670656,13,waiver,complete,1669941489071,2022-12-01,2,Erjohnson14,drop,8130,Trey McBride,TE,
2022,904132533116223488,13,waiver,complete,1669924503166,2022-12-01,9,brockhusk,add,GB,Green Bay Packers,DEF,3
2022,904132533116223488,13,waiver,complete,1669924503166,2022-12-01,9,brockhusk,drop,4147,Samaje Perine,RB,
2022,904113410479083520,13,waiver,failed,1669919943974,2022-12-01,2,Erjohnson14,add,WAS,Washington Commanders,DEF,0
2022,904113410479083520,13,waiver,failed,1669919943974,2022-12-01,2,Erjohnson14,drop,8130,Trey McBride,TE,
2022,904100547492241408,13,waiver,complete,1669916877199,2022-12-01,7,KingTowsk,add,WAS,Washington Commanders,DEF,0
2022,904100547492241408,13,waiver,complete,1669916877199,2022-12-01,7,KingTowsk,drop,TEN,Tennessee Titans,DEF,
2022,904092683751186432,13,waiver,failed,1669915002337,2022-12-01,1,bgreenblatt,add,PIT,Pittsburgh Steelers,DEF,0
2022,904092683751186432,13,waiver,failed,1669915002337,2022-12-01,1,bgreenblatt,drop,7670,Joshua Palmer,WR,
2022,903773140860403712,13,waiver,complete,1669838817375,2022-11-30,5,kaufmannc,add,4080,Zay Jones,WR,2
2022,903773039978762240,13,free_agent,complete,1669838793323,2022-11-30,5,kaufmannc,drop,421,Matthew Stafford,QB,
2022,903768307310735360,13,waiver,complete,1669837664967,2022-11-30,3,MaxSirianni,add,TB,Tampa Bay Buccaneers,DEF,2
2022,903745596094140416,13,waiver,failed,1669832250191,2022-11-30,9,brockhusk,add,TB,Tampa Bay Buccaneers,DEF,1
2022,903745596094140416,13,waiver,failed,1669832250191,2022-11-30,9,brockhusk,drop,4147,Samaje Perine,RB,
2022,903736597235945472,13,waiver,failed,1669830104696,2022-11-30,2,Erjohnson14,add,TB,Tampa Bay Buccaneers,DEF,0
2022,903736597235945472,13,waiver,failed,1669830104696,2022-11-30,2,Erjohnson14,drop,8130,Trey McBride,TE,
2022,903733306263269376,13,trade,complete,1669829320067,2022-11-30,6,JSanDusky69,add,1049,Ryan Tannehill,QB,
2022,903733306263269376,13,trade,complete,1669829320067,2022-11-30,6,JSanDusky69,add,4111,D'Onta Foreman,RB,
2022,903733306263269376,13,trade,complete,1669829320067,2022-11-30,9,brockhusk,add,4147,Samaje Perine,RB,
2022,903733306263269376,13,trade,complete,1669829320067,2022-11-30,9,brockhusk,add,6151,Miles Sanders,RB,
2022,903733306263269376,13,trade,complete,1669829320067,2022-11-30,9,brockhusk,drop,1049,Ryan Tannehill,QB,
2022,903733306263269376,13,trade,complete,1669829320067,2022-11-30,9,brockhusk,drop,4111,D'Onta Foreman,RB,
2022,903733306263269376,13,trade,complete,1669829320067,2022-11-30,6,JSanDusky69,drop,4147,Samaje Perine,RB,
2022,903733306263269376,13,trade,complete,1669829320067,2022-11-30,6,JSanDusky69,drop,6151,Miles Sanders,RB,
2022,903726186893799424,13,waiver,failed,1669827622677,2022-11-30,6,JSanDusky69,add,2161,Jerick McKinnon,RB,0
2022,903715801398439936,13,waiver,failed,1669825146582,2022-11-30,1,bgreenblatt,add,SEA,Seattle Seahawks,DEF,0
2022,903715801398439936,13,waiver,failed,1669825146582,2022-11-30,1,bgreenblatt,drop,WAS,Washington Commanders,DEF,
2022,903715631826919424,13,waiver,complete,1669825106153,2022-11-30,1,bgreenblatt,add,4039,Cooper Kupp,WR,5
2022,903706821494276096,13,waiver,failed,1669823005606,2022-11-30,8,TylerWicks,add,8150,Kyren Williams,RB,3
2022,903706821494276096,13,waiver,failed,1669823005606,2022-11-30,8,TylerWicks,drop,5916,Darrell Henderson,RB,
2022,903706461945872384,13,free_agent,complete,1669822919883,2022-11-30,8,TylerWicks,drop,2161,Jerick McKinnon,RB,
2022,903681920049799168,13,waiver,failed,1669817068639,2022-11-30,7,KingTowsk,add,8150,Kyren Williams,RB,0
2022,903681920049799168,13,waiver,failed,1669817068639,2022-11-30,7,KingTowsk,drop,4082,Curtis Samuel,WR,
2022,903681768912220160,13,waiver,complete,1669817032605,2022-11-30,7,KingTowsk,add,8122,Zonovan Knight,RB,21
2022,903681768912220160,13,waiver,complete,1669817032605,2022-11-30,7,KingTowsk,drop,4082,Curtis Samuel,WR,
2022,908579732650602496,14,free_agent,complete,1670984798160,2022-12-13,1,bgreenblatt,drop,4039,Cooper Kupp,WR,
2022,908502210093326336,14,waiver,complete,1670966315342,2022-12-13,5,kaufmannc,add,8172,Greg Dulcich,TE,7
2022,908502210093326336,14,waiver,complete,1670966315342,2022-12-13,5,kaufmannc,drop,5985,Foster Moreau,TE,
2022,908472975903412224,14,waiver,complete,1670959345368,2022-12-13,2,Erjohnson14,add,7594,Chuba Hubbard,RB,3
2022,908472975903412224,14,waiver,complete,1670959345368,2022-12-13,2,Erjohnson14,drop,6012,Travis Homer,RB,
2022,908465500365922304,14,free_agent,complete,1670957563061,2022-12-13,6,JSanDusky69,drop,5849,Kyler Murray,QB,
2022,908448562508111872,14,waiver,complete,1670953524761,2022-12-13,2,Erjohnson14,add,7596,Elijah Moore,WR,3
2022,908447945563709440,14,free_agent,complete,1670953377670,2022-12-13,2,Erjohnson14,drop,PIT,Pittsburgh Steelers,DEF,
2022,908415606284591104,14,waiver,complete,1670945667385,2022-12-13,6,JSanDusky69,add,GB,Green Bay Packers,DEF,3
2022,908415606284591104,14,waiver,complete,1670945667385,2022-12-13,6,JSanDusky69,drop,MIN,Minnesota Vikings,DEF,
2022,908398520564981760,14,waiver,complete,1670941593832,2022-12-13,3,MaxSirianni,add,4943,Sam Darnold,QB,5
2022,908398520564981760,14,waiver,complete,1670941593832,2022-12-13,3,MaxSirianni,drop,2307,Marcus Mariota,QB,
2022,908397285963079680,14,free_agent,complete,1670941299480,2022-12-13,8,TylerWicks,drop,8138,James Cook,RB,
2022,908390137002725376,14,waiver,failed,1670939595035,2022-12-13,1,bgreenblatt,add,GB,Green Bay Packers,DEF,0
2022,908390137002725376,14,waiver,failed,1670939595035,2022-12-13,1,bgreenblatt,drop,ARI,Arizona Cardinals,DEF,
2022,907912781142040576,14,free_agent,complete,1670825784529,2022-12-12,9,brockhusk,add,NO,New Orleans Saints,DEF,
2022,907912781142040576,14,free_agent,complete,1670825784529,2022-12-12,9,brockhusk,drop,GB,Green Bay Packers,DEF,
2022,907792594523410432,14,waiver,complete,1670797129806,2022-12-11,1,bgreenblatt,add,8183,Brock Purdy,QB,0
2022,907792594523410432,14,waiver,complete,1670797129806,2022-12-11,1,bgreenblatt,drop,7083,Tyler Huntley,QB,
2022,907715415143325696,14,free_agent,complete,1670778728808,2022-12-11,4,jdrobny,add,7527,Mac Jones,QB,
2022,907715415143325696,14,free_agent,complete,1670778728808,2022-12-11,4,jdrobny,drop,2197,Brandin Cooks,WR,
2022,907677612875554816,14,waiver,complete,1670769716045,2022-12-11,8,TylerWicks,add,4951,DJ Chark,WR,2
2022,907677612875554816,14,waiver,complete,1670769716045,2022-12-11,8,TylerWicks,drop,8172,Greg Dulcich,TE,
2022,907393346140512256,14,free_agent,complete,1670701941574,2022-12-10,10,cc5597,drop,2078,Odell Beckham,WR,
2022,907363228961652736,14,waiver,complete,1670694761079,2022-12-10,6,JSanDusky69,add,MIN,Minnesota Vikings,DEF,0
2022,907363228961652736,14,waiver,complete,1670694761079,2022-12-10,6,JSanDusky69,drop,4973,Hayden Hurst,TE,
2022,906934051020238848,14,waiver,failed,1670592437084,2022-12-09,6,JSanDusky69,add,2214,Cameron Brate,TE,0
2022,906933936607899648,14,waiver,failed,1670592409806,2022-12-09,6,JSanDusky69,add,8210,Chig Okonkwo,TE,0
2022,906398809385562112,14,waiver,complete,1670464825534,2022-12-07,2,Erjohnson14,add,6012,Travis Homer,RB,0
2022,906398809385562112,14,waiver,complete,1670464825534,2022-12-07,2,Erjohnson14,drop,8408,Jordan Mason,RB,
2022,906279137612894208,14,waiver,complete,1670436293561,2022-12-07,6,JSanDusky69,add,5906,Dawson Knox,TE,0
2022,906265466144751616,14,waiver,complete,1670433034028,2022-12-07,1,bgreenblatt,add,ARI,Arizona Cardinals,DEF,0
2022,906265466144751616,14,waiver,complete,1670433034028,2022-12-07,1,bgreenblatt,drop,CLE,Cleveland Browns,DEF,
2022,906242972667019264,14,waiver,failed,1670427671165,2022-12-07,6,JSanDusky69,add,4066,Evan Engram,TE,1
2022,906242972667019264,14,waiver,failed,1670427671165,2022-12-07,6,JSanDusky69,drop,4973,Hayden Hurst,TE,
2022,906235623873171456,14,waiver,failed,1670425919076,2022-12-07,10,cc5597,add,1234,Russell Wilson,QB,5
2022,906235623873171456,14,waiver,failed,1670425919076,2022-12-07,10,cc5597,drop,5880,Parris Campbell,WR,
2022,906235543795597312,14,waiver,complete,1670425899984,2022-12-07,10,cc5597,add,1234,Russell Wilson,QB,5
2022,906235543795597312,14,waiver,complete,1670425899984,2022-12-07,10,cc5597,drop,5880,Parris Campbell,WR,
2022,906224053398974464,14,waiver,failed,1670423160460,2022-12-07,2,Erjohnson14,add,6149,Darius Slayton,WR,3
2022,906224053398974464,14,waiver,failed,1670423160460,2022-12-07,2,Erjohnson14,drop,8408,Jordan Mason,RB,
2022,906207238438645760,14,waiver,failed,1670419151461,2022-12-07,5,kaufmannc,add,8138,James Cook,RB,5
2022,906207238438645760,14,waiver,failed,1670419151461,2022-12-07,5,kaufmannc,drop,6996,JaMycal Hasty,RB,
2022,911035748349194240,15,waiver,complete,1671570357933,2022-12-20,5,kaufmannc,add,6845,Zack Moss,RB,15
2022,911035748349194240,15,waiver,complete,1671570357933,2022-12-20,5,kaufmannc,drop,6996,JaMycal Hasty,RB,
2022,910979326412402688,15,waiver,complete,1671556905895,2022-12-20,7,KingTowsk,add,6011,Gardner Minshew,QB,9
2022,910979326412402688,15,waiver,complete,1671556905895,2022-12-20,7,KingTowsk,drop,829,Andy Dalton,QB,
2022,910964902947274752,15,free_agent,complete,1671553467074,2022-12-20,1,bgreenblatt,drop,6813,Jonathan Taylor,RB,
2022,910893606989328384,15,waiver,complete,1671536468792,2022-12-20,1,bgreenblatt,add,8119,Jahan Dotson,WR,0
2022,910893554761932800,15,waiver,failed,1671536456341,2022-12-20,1,bgreenblatt,add,5045,Courtland Sutton,WR,0
2022,910602936693174272,15,waiver,complete,1671467167593,2022-12-19,4,jdrobny,add,6938,Cam Akers,RB,1
2022,910602936693174272,15,waiver,complete,1671467167593,2022-12-19,4,jdrobny,drop,5045,Courtland Sutton,WR,
2022,910602724495056896,15,waiver,complete,1671467117001,2022-12-19,4,jdrobny,add,8138,James Cook,RB,1
2022,910602724495056896,15,waiver,complete,1671467117001,2022-12-19,4,jdrobny,drop,8135,Treylon Burks,WR,
2022,910341082599309312,15,free_agent,complete,1671404736712,2022-12-18,6,JSanDusky69,drop,533,Colt McCoy,QB,
2022,910299590082084864,15,free_agent,complete,1671394844125,2022-12-18,1,bgreenblatt,drop,5890,Damien Harris,RB,
2022,909828557965438976,15,waiver,failed,1671282541317,2022-12-17,1,bgreenblatt,add,3269,Chris Moore,WR,0
2022,909828557965438976,15,waiver,failed,1671282541317,2022-12-17,1,bgreenblatt,drop,5890,Damien Harris,RB,
2022,909665311178248192,15,waiver,complete,1671243620250,2022-12-16,2,Erjohnson14,add,3269,Chris Moore,WR,0
2022,909665311178248192,15,waiver,complete,1671243620250,2022-12-16,2,Erjohnson14,drop,7596,Elijah Moore,WR,
2022,909576192989376512,15,waiver,complete,1671222372818,2022-12-16,1,bgreenblatt,add,DEN,Denver Broncos,DEF,0
2022,909576192989376512,15,waiver,complete,1671222372818,2022-12-16,1,bgreenblatt,drop,PIT,Pittsburgh Steelers,DEF,
2022,909312499672227840,15,waiver,complete,1671159503432,2022-12-15,1,bgreenblatt,add,5890,Damien Harris,RB,0
2022,909132417011458048,15,waiver,complete,1671116568380,2022-12-15,4,jdrobny,add,8135,Treylon Burks,WR,1
2022,909132417011458048,15,waiver,complete,1671116568380,2022-12-15,4,jdrobny,drop,8131,Isaiah Likely,TE,
2022,908871492593676288,15,waiver,complete,1671054359151,2022-12-14,6,JSanDusky69,add,533,Colt McCoy,QB,0
2022,908805690385240064,15,waiver,complete,1671038670682,2022-12-14,1,bgreenblatt,add,PIT,Pittsburgh Steelers,DEF,0
2022,908805690385240064,15,waiver,complete,1671038670682,2022-12-14,1,bgreenblatt,drop,ARI,Arizona Cardinals,DEF,
2022,908787610678534144,15,waiver,complete,1671034360144,2022-12-14,10,cc5597,add,LAC,Los Angeles Chargers,DEF,0
2022,908787610678534144,15,waiver,complete,1671034360144,2022-12-14,10,cc5597,drop,SEA,Seattle Seahawks,DEF,
2022,908787485176393728,15,waiver,failed,1671034330222,2022-12-14,10,cc5597,add,8172,Greg Dulcich,TE,6
2022,908787485176393728,15,waiver,failed,1671034330222,2022-12-14,10,cc5597,drop,NE,New England Patriots,DEF,
2022,908783111377293312,15,waiver,failed,1671033287427,2022-12-14,2,Erjohnson14,add,5890,Damien Harris,RB,3
2022,908783111377293312,15,waiver,failed,1671033287427,2022-12-14,2,Erjohnson14,drop,6012,Travis Homer,RB,
2022,913548872562294784,16,waiver,complete,1672169533437,2022-12-27,10,cc5597,add,49,Robbie Gould,K,12
2022,913548872562294784,16,waiver,complete,1672169533437,2022-12-27,10,cc5597,drop,7042,Tyler Bass,K,
2022,913542382342242304,16,waiver,complete,1672167986048,2022-12-27,7,KingTowsk,add,536,Antonio Brown,WR,0
2022,913542382342242304,16,waiver,complete,1672167986048,2022-12-27,7,KingTowsk,drop,TEN,Tennessee Titans,DEF,
2022,913542282773651456,16,waiver,failed,1672167962309,2022-12-27,7,KingTowsk,add,8223,Velus Jones,WR,0
2022,913542282773651456,16,waiver,failed,1672167962309,2022-12-27,7,KingTowsk,drop,TEN,Tennessee Titans,DEF,
2022,913538446285725696,16,waiver,complete,1672167047619,2022-12-27,7,KingTowsk,add,7922,Riley Patterson,K,0
2022,913538446285725696,16,waiver,complete,1672167047619,2022-12-27,7,KingTowsk,drop,4958,Brett Maher,K,
2022,912493147983544320,16,waiver,complete,1671917829083,2022-12-24,1,bgreenblatt,add,JAX,Jacksonville Jaguars,DEF,0
2022,912493147983544320,16,waiver,complete,1671917829083,2022-12-24,1,bgreenblatt,drop,4381,Taysom Hill,TE,
2022,912390900310188032,16,waiver,complete,1671893451338,2022-12-24,1,bgreenblatt,add,503,Graham Gano,K,0
2022,912390900310188032,16,waiver,complete,1671893451338,2022-12-24,1,bgreenblatt,drop,5095,Daniel Carlson,K,
2022,912059266989715456,16,waiver,complete,1671814383793,2022-12-23,1,bgreenblatt,add,4381,Taysom Hill,TE,0
2022,911926204834582528,16,waiver,complete,1671782659303,2022-12-23,6,JSanDusky69,add,DET,Detroit Lions,DEF,0
2022,911926037695676416,16,waiver,complete,1671782619454,2022-12-23,6,JSanDusky69,add,7066,K.J. Osborn,WR,0
2022,911925633020706816,16,free_agent,complete,1671782522972,2022-12-23,6,JSanDusky69,drop,GB,Green Bay Packers,DEF,
2022,911925610069475328,16,free_agent,complete,1671782517500,2022-12-23,6,JSanDusky69,drop,1049,Ryan Tannehill,QB,
2022,911696655773249536,16,waiver,complete,1671727930542,2022-12-22,8,TylerWicks,add,5230,Michael Badgley,K,0
2022,911696655773249536,16,waiver,complete,1671727930542,2022-12-22,8,TylerWicks,drop,49,Robbie Gould,K,
2022,911521220135038976,16,waiver,complete,1671686103426,2022-12-21,6,JSanDusky69,add,515,Rob Gronkowski,TE,7
2022,911521220135038976,16,waiver,complete,1671686103426,2022-12-21,6,JSanDusky69,drop,4111,D'Onta Foreman,RB,
2022,911361015663656960,16,free_agent,complete,1671647907704,2022-12-21,5,kaufmannc,drop,8172,Greg Dulcich,TE,
2022,914239653845274624,17,waiver,complete,1672334228529,2022-12-29,4,jdrobny,add,2197,Brandin Cooks,WR,0
2022,914239653845274624,17,waiver,complete,1672334228529,2022-12-29,4,jdrobny,drop,4147,Samaje Perine,RB,
2022,914220021289791488,17,waiver,failed,1672329547763,2022-12-29,7,KingTowsk,add,NYG,New York Giants,DEF,0
2022,914220021289791488,17,waiver,failed,1672329547763,2022-12-29,7,KingTowsk,drop,536,Antonio Brown,WR,
2022,914012119849406464,17,waiver,complete,1672279980197,2022-12-28,10,cc5597,add,8123,Hassan Haskins,RB,0
2022,913949838503469056,17,waiver,complete,1672265131167,2022-12-28,4,jdrobny,add,7045,Joshua Kelley,RB,27
2022,913949838503469056,17,waiver,complete,1672265131167,2022-12-28,4,jdrobny,drop,6826,Cole Kmet,TE,
2022,913946120676700160,17,waiver,complete,1672264244768,2022-12-28,1,bgreenblatt,add,NYG,New York Giants,DEF,0
2022,913946120676700160,17,waiver,complete,1672264244768,2022-12-28,1,bgreenblatt,drop,7670,Joshua Palmer,WR,
2022,913945671999242240,17,free_agent,complete,1672264137795,2022-12-28,1,bgreenblatt,drop,DEN,Denver Broncos,DEF,
2022,913866938336702464,17,waiver,complete,1672245366227,2022-12-28,10,cc5597,add,8155,Breece Hall,RB,0
2022,913866938336702464,17,waiver,complete,1672245366227,2022-12-28,10,cc5597,drop,NE,New England Patriots,DEF,
2022,913866726104879104,17,waiver,complete,1672245315627,2022-12-28,10,cc5597,add,2152,Teddy Bridgewater,QB,5
2022,913866726104879104,17,waiver,complete,1672245315627,2022-12-28,10,cc5597,drop,1234,Russell Wilson,QB,
