season,transaction_id,week,type,status,created_ms,created_date,roster_id,manager,action,player_id,player_name,position,faab_bid
2025,1271335508647096320,1,waiver,complete,1757472514834,2025-09-09,2,Erjohnson14,add,12711,Tyler Loop,K,1
2025,1271335508647096320,1,waiver,complete,1757472514834,2025-09-09,2,Erjohnson14,drop,7839,Evan McPherson,K,
2025,1271313659297030144,1,waiver,complete,1757467305543,2025-09-09,6,JSanDusky69,add,4144,Jonnu Smith,TE,20
2025,1271313659297030144,1,waiver,complete,1757467305543,2025-09-09,6,JSanDusky69,drop,12519,Luther Burden,WR,
2025,1271313153468145664,1,waiver,failed,1757467184944,2025-09-09,6,JSanDusky69,add,5848,Marquise Brown,WR,31
2025,1271313153468145664,1,waiver,failed,1757467184944,2025-09-09,6,JSanDusky69,drop,12519,Luther Burden,WR,
2025,1271305063817555969,1,waiver,failed,1757465256222,2025-09-09,3,MaxSirianni,add,9754,Quentin Johnston,WR,2
2025,1271305063817555969,1,waiver,failed,1757465256222,2025-09-09,3,MaxSirianni,drop,9225,Tank Bigsby,RB,
2025,1271303657408700417,1,waiver,complete,1757464920908,2025-09-09,2,Erjohnson14,add,7002,Juwan Johnson,TE,6
2025,1271303657408700417,1,waiver,complete,1757464920908,2025-09-09,2,Erjohnson14,drop,12499,Elic Ayomanor,WR,
2025,1271215853911695360,1,waiver,complete,1757443986923,2025-09-09,9,brockhusk,add,DAL,Dallas Cowboys,DEF,6
2025,1271215853911695360,1,waiver,complete,1757443986923,2025-09-09,9,brockhusk,drop,NE,New England Patriots,DEF,
2025,1271164112549740544,1,waiver,failed,1757431650821,2025-09-09,7,KingTowsk,add,SEA,Seattle Seahawks,DEF,1
2025,1271164112549740544,1,waiver,failed,1757431650821,2025-09-09,7,KingTowsk,drop,WAS,Washington Commanders,DEF,
2025,1271164034460155904,1,waiver,failed,1757431632202,2025-09-09,7,KingTowsk,add,MIA,Miami Dolphins,DEF,1
2025,1271164034460155904,1,waiver,failed,1757431632202,2025-09-09,7,KingTowsk,drop,WAS,Washington Commanders,DEF,
2025,1271163923021709312,1,waiver,complete,1757431605634,2025-09-09,7,KingTowsk,add,DET,Detroit Lions,DEF,5
2025,1271163923021709312,1,waiver,complete,1757431605634,2025-09-09,7,KingTowsk,drop,WAS,Washington Commanders,DEF,
2025,1271163807489617920,1,waiver,failed,1757431578089,2025-09-09,7,KingTowsk,add,DAL,Dallas Cowboys,DEF,6
2025,1271163807489617920,1,waiver,failed,1757431578089,2025-09-09,7,KingTowsk,drop,WAS,Washington Commanders,DEF,
2025,1271157844678311936,1,waiver,failed,1757430156443,2025-09-09,5,charliekaufmann,add,9504,Kayshon Boutte,WR,9
2025,1271150873472434176,1,waiver,failed,1757428494379,2025-09-09,5,charliekaufmann,add,9754,Quentin Johnston,WR,8
2025,1271150480113803264,1,waiver,failed,1757428400595,2025-09-09,5,charliekaufmann,add,5848,Marquise Brown,WR,21
2025,1271150302791229440,1,free_agent,complete,1757428358317,2025-09-09,5,charliekaufmann,drop,9508,Tyjae Spears,RB,
2025,1271149092956835840,1,waiver,failed,1757428069870,2025-09-09,2,Erjohnson14,add,5848,Marquise Brown,WR,21
2025,1271149092956835840,1,waiver,failed,1757428069870,2025-09-09,2,Erjohnson14,drop,12499,Elic Ayomanor,WR,
2025,1270616962380070912,1,waiver,failed,1757301200055,2025-09-07,4,jdrobny,add,8698,Jake Tonges,TE,16
2025,1270086503925559296,1,waiver,complete,1757174728904,2025-09-06,8,TylerWicks,add,8143,Jerome Ford,RB,0
2025,1270086503925559296,1,waiver,complete,1757174728904,2025-09-06,8,TylerWicks,drop,11626,Xavier Legette,WR,
2025,1269827341731770369,1,waiver,complete,1757112939822,2025-09-05,7,KingTowsk,add,12185,Spencer Shrader,K,0
2025,1269471044159156224,1,free_agent,complete,1757027991860,2025-09-04,2,Erjohnson14,add,12499,Elic Ayomanor,WR,
2025,1269411903617126400,1,free_agent,complete,1757013891656,2025-09-04,1,bgreenblatt,add,12541,Dont'e Thornton,WR,
2025,1269411903617126400,1,free_agent,complete,1757013891656,2025-09-04,1,bgreenblatt,drop,10444,Cedric Tillman,WR,
2025,1268725331779407872,1,waiver,complete,1756850200175,2025-09-02,10,cc5597,add,3214,Hunter Henry,TE,0
2025,1268725331779407872,1,waiver,complete,1756850200175,2025-09-02,10,cc5597,drop,11575,Ray Davis,RB,
2025,1268351847366672384,1,free_agent,complete,1756761154551,2025-09-01,6,JSanDusky69,add,7021,Rico Dowdle,RB,
2025,1268351111106920448,1,free_agent,complete,1756760979013,2025-09-01,9,brockhusk,add,NE,New England Patriots,DEF,
2025,1268351111106920448,1,free_agent,complete,1756760979013,2025-09-01,9,brockhusk,drop,11589,Trey Benson,RB,
2025,1268342127834710017,1,free_agent,complete,1756758837235,2025-09-01,2,Erjohnson14,add,LAR,Los Angeles Rams,DEF,
2025,1268341945462181888,1,free_agent,complete,1756758793753,2025-09-01,2,Erjohnson14,drop,12474,Woody Marks,RB,
2025,1268278579175641088,1,free_agent,complete,1756743686053,2025-09-01,5,charliekaufmann,add,1234,Russell Wilson,QB,
2025,1268234507660570624,1,waiver,complete,1756733178585,2025-09-01,10,cc5597,add,3678,Wil Lutz,K,0
2025,1254958493673201664,1,free_agent,complete,1753567930194,2025-07-26,1,bgreenblatt,drop,6768,Tua Tagovailoa,QB,
2025,1254902397159882752,1,trade,complete,1753554555743,2025-07-26,1,bgreenblatt,add,11565,J.J. McCarthy,QB,
2025,1254902397159882752,1,trade,complete,1753554555743,2025-07-26,10,cc5597,drop,11565,J.J. McCarthy,QB,
2025,1235319961870663680,1,free_agent,complete,1748885739346,2025-06-02,10,cc5597,drop,7553,Kyle Pitts,TE,
2025,1207132631242641408,1,commissioner,complete,1742165356029,2025-03-16,11,Jacktaco98,add,8154,Brian Robinson,RB,
2025,1207132631242641408,1,commissioner,complete,1742165356029,2025-03-16,4,jdrobny,drop,8154,Brian Robinson,RB,
2025,1204126333655846912,1,commissioner,complete,1741448598831,2025-03-08,12,akepple9,add,9224,Chase Brown,RB,
2025,1204126333655846912,1,commissioner,complete,1741448598831,2025-03-08,2,Erjohnson14,drop,9224,Chase Brown,RB,
2025,1273874844391325696,2,waiver,complete,1758077939655,2025-09-16,1,bgreenblatt,add,6111,Jake Browning,QB,85
2025,1273874844391325696,2,waiver,complete,1758077939655,2025-09-16,1,bgreenblatt,drop,9504,Kayshon Boutte,WR,
2025,1273850592019615745,2,waiver,failed,1758072157438,2025-09-16,7,KingTowsk,add,JAX,Jacksonville Jaguars,DEF,0
2025,1273850592019615745,2,waiver,failed,1758072157438,2025-09-16,7,KingTowsk,drop,DET,Detroit Lions,DEF,
2025,1273850542833045504,2,waiver,failed,1758072145711,2025-09-16,7,KingTowsk,add,KC,Kansas City Chiefs,DEF,0
2025,1273850542833045504,2,waiver,failed,1758072145711,2025-09-16,7,KingTowsk,drop,DET,Detroit Lions,DEF,
2025,1273850488231591936,2,waiver,failed,1758072132693,2025-09-16,7,KingTowsk,add,IND,Indianapolis Colts,DEF,0
2025,1273850488231591936,2,waiver,failed,1758072132693,2025-09-16,7,KingTowsk,drop,DET,Detroit Lions,DEF,
2025,1273850456229023744,2,waiver,failed,1758072125063,2025-09-16,7,KingTowsk,add,TB,Tampa Bay Buccaneers,DEF,0
2025,1273850456229023744,2,waiver,failed,1758072125063,2025-09-16,7,KingTowsk,drop,DET,Detroit Lions,DEF,
2025,1273850402210586624,2,waiver,complete,1758072112184,2025-09-16,7,KingTowsk,add,GB,Green Bay Packers,DEF,13
2025,1273850402210586624,2,waiver,complete,1758072112184,2025-09-16,7,KingTowsk,drop,DET,Detroit Lions,DEF,
2025,1273850139370336256,2,waiver,complete,1758072049518,2025-09-16,7,KingTowsk,add,8210,Chig Okonkwo,TE,2
2025,1273850139370336256,2,waiver,complete,1758072049518,2025-09-16,7,KingTowsk,drop,1689,Adam Thielen,WR,
2025,1273846615978811392,2,waiver,complete,1758071209476,2025-09-16,11,Jacktaco98,add,1339,Zach Ertz,TE,16
2025,1273693108504104960,2,waiver,complete,1758034610442,2025-09-16,6,JSanDusky69,add,ATL,Atlanta Falcons,DEF,0
2025,1273693108504104960,2,waiver,complete,1758034610442,2025-09-16,6,JSanDusky69,drop,PIT,Pittsburgh Steelers,DEF,
2025,1273692902953861120,2,waiver,failed,1758034561436,2025-09-16,6,JSanDusky69,add,SEA,Seattle Seahawks,DEF,2
2025,1273692902953861120,2,waiver,failed,1758034561436,2025-09-16,6,JSanDusky69,drop,PIT,Pittsburgh Steelers,DEF,
2025,1273692728525340672,2,waiver,failed,1758034519848,2025-09-16,6,JSanDusky69,add,5095,Daniel Carlson,K,0
2025,1273692728525340672,2,waiver,failed,1758034519848,2025-09-16,6,JSanDusky69,drop,6650,Chase McLaughlin,K,
2025,1273692463344672768,2,waiver,complete,1758034456624,2025-09-16,6,JSanDusky69,add,11627,Troy Franklin,WR,8
2025,1273692463344672768,2,waiver,complete,1758034456624,2025-09-16,6,JSanDusky69,drop,4144,Jonnu Smith,TE,
2025,1273679324133752832,2,waiver,complete,1758031323993,2025-09-16,2,Erjohnson14,add,SEA,Seattle Seahawks,DEF,4
2025,1273679324133752832,2,waiver,complete,1758031323993,2025-09-16,2,Erjohnson14,drop,LAR,Los Angeles Rams,DEF,
2025,1273657480139788288,2,free_agent,complete,1758026115978,2025-09-16,11,Jacktaco98,drop,4663,Austin Ekeler,RB,
2025,1273641214473670656,2,waiver,complete,1758022237942,2025-09-16,3,MaxSirianni,add,7611,Rhamondre Stevenson,RB,5
2025,1273641214473670656,2,waiver,complete,1758022237942,2025-09-16,3,MaxSirianni,drop,9225,Tank Bigsby,RB,
2025,1273494710425485312,2,waiver,complete,1757987308655,2025-09-15,6,JSanDusky69,add,3451,Ka'imi Fairbairn,K,3
2025,1273494710425485312,2,waiver,complete,1757987308655,2025-09-15,6,JSanDusky69,drop,6650,Chase McLaughlin,K,
2025,1273403081991651328,2,waiver,complete,1757965462734,2025-09-15,6,JSanDusky69,add,3161,Carson Wentz,QB,23
2025,1273403081991651328,2,waiver,complete,1757965462734,2025-09-15,6,JSanDusky69,drop,11576,Braelon Allen,RB,
2025,1273347122825007104,2,waiver,failed,1757952121028,2025-09-15,6,JSanDusky69,add,6111,Jake Browning,QB,25
2025,1273347122825007104,2,waiver,failed,1757952121028,2025-09-15,6,JSanDusky69,drop,11576,Braelon Allen,RB,
2025,1272987518576390144,2,free_agent,complete,1757866384694,2025-09-14,2,Erjohnson14,add,12499,Elic Ayomanor,WR,
2025,1272984337087729664,2,waiver,failed,1757865626169,2025-09-14,12,akepple9,add,8210,Chig Okonkwo,TE,0
2025,1272983713268903936,2,waiver,complete,1757865477439,2025-09-14,12,akepple9,add,12506,Harold Fannin,TE,2
2025,1272981557010776064,2,waiver,complete,1757864963347,2025-09-14,12,akepple9,add,17,Matt Prater,K,1
2025,1272979508865011712,2,free_agent,complete,1757864475031,2025-09-14,12,akepple9,drop,4666,Younghoe Koo,K,
2025,1272948404548308992,2,free_agent,complete,1757857059183,2025-09-14,2,Erjohnson14,drop,12547,Kyle Williams,WR,
2025,1271887983502430208,2,waiver,complete,1757604235104,2025-09-11,5,charliekaufmann,add,10444,Cedric Tillman,WR,3
2025,1271532243692556288,2,waiver,failed,1757519420124,2025-09-10,6,JSanDusky69,add,11589,Trey Benson,RB,18
2025,1271532243692556288,2,waiver,failed,1757519420124,2025-09-10,6,JSanDusky69,drop,7021,Rico Dowdle,RB,
2025,1271531555948335104,2,waiver,failed,1757519256153,2025-09-10,6,JSanDusky69,add,9501,DeMario Douglas,WR,0
2025,1271531555948335104,2,waiver,failed,1757519256153,2025-09-10,6,JSanDusky69,drop,12519,Luther Burden,WR,
2025,1271531486918496256,2,waiver,failed,1757519239696,2025-09-10,6,JSanDusky69,add,8121,Romeo Doubs,WR,0
2025,1271531486918496256,2,waiver,failed,1757519239696,2025-09-10,6,JSanDusky69,drop,12519,Luther Burden,WR,
2025,1271531191685636096,2,waiver,complete,1757519169306,2025-09-10,6,JSanDusky69,add,4098,Kareem Hunt,RB,21
2025,1271531191685636096,2,waiver,complete,1757519169306,2025-09-10,6,JSanDusky69,drop,7021,Rico Dowdle,RB,
2025,1271526504064356352,2,waiver,complete,1757518051691,2025-09-10,8,TylerWicks,add,8125,Calvin Austin,WR,15
2025,1271526504064356352,2,waiver,complete,1757518051691,2025-09-10,8,TylerWicks,drop,8143,Jerome Ford,RB,
2025,1271526067844169728,2,waiver,complete,1757517947688,2025-09-10,4,jdrobny,add,9754,Quentin Johnston,WR,31
2025,1271526067844169728,2,waiver,complete,1757517947688,2025-09-10,4,jdrobny,drop,7611,Rhamondre Stevenson,RB,
2025,1271515330857930752,2,waiver,complete,1757515387790,2025-09-10,1,bgreenblatt,add,9504,Kayshon Boutte,WR,10
2025,1271515330857930752,2,waiver,complete,1757515387790,2025-09-10,1,bgreenblatt,drop,12541,Dont'e Thornton,WR,
2025,1271512101512290304,2,waiver,complete,1757514617854,2025-09-10,7,KingTowsk,add,11589,Trey Benson,RB,0
2025,1271512101512290304,2,waiver,complete,1757514617854,2025-09-10,7,KingTowsk,drop,12504,Kaleb Johnson,RB,
2025,1271471419741437952,2,waiver,complete,1757504918565,2025-09-10,4,jdrobny,add,5848,Marquise Brown,WR,31
2025,1276448131818459136,3,waiver,complete,1758691459186,2025-09-24,9,brockhusk,add,6528,Joey Slye,K,4
2025,1276448131818459136,3,waiver,complete,1758691459186,2025-09-24,9,brockhusk,drop,4227,Harrison Butker,K,
2025,1276447667337068544,3,waiver,complete,1758691348445,2025-09-24,9,brockhusk,add,8188,Tyquan Thornton,WR,16
2025,1276447667337068544,3,waiver,complete,1758691348445,2025-09-24,9,brockhusk,drop,12498,Mason Taylor,TE,
2025,1276447603239682048,3,waiver,failed,1758691333163,2025-09-24,9,brockhusk,add,10213,Tre Tucker,WR,12
2025,1276447603239682048,3,waiver,failed,1758691333163,2025-09-24,9,brockhusk,drop,11562,Spencer Rattler,QB,
2025,1276376991221710848,3,waiver,failed,1758674497946,2025-09-23,7,KingTowsk,add,NYJ,New York Jets,DEF,0
2025,1276376991221710848,3,waiver,failed,1758674497946,2025-09-23,7,KingTowsk,drop,12484,Jayden Higgins,WR,
2025,1276376927355023360,3,waiver,failed,1758674482719,2025-09-23,7,KingTowsk,add,NE,New England Patriots,DEF,0
2025,1276376927355023360,3,waiver,failed,1758674482719,2025-09-23,7,KingTowsk,drop,12484,Jayden Higgins,WR,
2025,1276376771385651200,3,waiver,failed,1758674445534,2025-09-23,7,KingTowsk,add,DET,Detroit Lions,DEF,0
2025,1276376771385651200,3,waiver,failed,1758674445534,2025-09-23,7,KingTowsk,drop,12484,Jayden Higgins,WR,
2025,1276376710257836032,3,waiver,complete,1758674430959,2025-09-23,7,KingTowsk,add,LAC,Los Angeles Chargers,DEF,0
2025,1276376710257836032,3,waiver,complete,1758674430959,2025-09-23,7,KingTowsk,drop,12484,Jayden Higgins,WR,
2025,1276376480917495808,3,free_agent,complete,1758674376280,2025-09-23,7,KingTowsk,drop,7042,Tyler Bass,K,
2025,1276371043082047489,3,waiver,failed,1758673079799,2025-09-23,9,brockhusk,add,DET,Detroit Lions,DEF,7
2025,1276371043082047489,3,waiver,failed,1758673079799,2025-09-23,9,brockhusk,drop,DAL,Dallas Cowboys,DEF,
2025,1276273512541077504,3,waiver,failed,1758649826707,2025-09-23,9,brockhusk,add,12497,Tory Horton,WR,11
2025,1276273512541077504,3,waiver,failed,1758649826707,2025-09-23,9,brockhusk,drop,12498,Mason Taylor,TE,
2025,1276271517088378880,3,free_agent,complete,1758649350954,2025-09-23,2,Erjohnson14,drop,7527,Mac Jones,QB,
2025,1276228805903523840,3,trade,complete,1758639167814,2025-09-23,7,KingTowsk,add,11631,Brian Thomas,WR,
2025,1276228805903523840,3,trade,complete,1758639167814,2025-09-23,2,Erjohnson14,add,7564,Ja'Marr Chase,WR,
2025,1276228805903523840,3,trade,complete,1758639167814,2025-09-23,2,Erjohnson14,add,7588,Javonte Williams,RB,
2025,1276228805903523840,3,trade,complete,1758639167814,2025-09-23,7,KingTowsk,add,9488,Jaxon Smith-Njigba,WR,
2025,1276228805903523840,3,trade,complete,1758639167814,2025-09-23,2,Erjohnson14,drop,11631,Brian Thomas,WR,
2025,1276228805903523840,3,trade,complete,1758639167814,2025-09-23,7,KingTowsk,drop,7564,Ja'Marr Chase,WR,
2025,1276228805903523840,3,trade,complete,1758639167814,2025-09-23,7,KingTowsk,drop,7588,Javonte Williams,RB,
2025,1276228805903523840,3,trade,complete,1758639167814,2025-09-23,2,Erjohnson14,drop,9488,Jaxon Smith-Njigba,WR,
2025,1276219432342949888,3,waiver,complete,1758636932983,2025-09-23,2,Erjohnson14,add,12474,Woody Marks,RB,16
2025,1276218263298142208,3,waiver,failed,1758636654260,2025-09-23,1,bgreenblatt,add,12474,Woody Marks,RB,0
2025,1276218263298142208,3,waiver,failed,1758636654260,2025-09-23,1,bgreenblatt,drop,11655,Tyrone Tracy,RB,
2025,1276187231261851648,3,free_agent,complete,1758629255646,2025-09-23,5,charliekaufmann,drop,BAL,Baltimore Ravens,DEF,
2025,1276058207550205952,3,waiver,complete,1758598493996,2025-09-22,6,JSanDusky69,add,11792,Will Reichard,K,4
2025,1276058207550205952,3,waiver,complete,1758598493996,2025-09-22,6,JSanDusky69,drop,3451,Ka'imi Fairbairn,K,
2025,1276057885314383872,3,waiver,failed,1758598417170,2025-09-22,6,JSanDusky69,add,10213,Tre Tucker,WR,0
2025,1276057885314383872,3,waiver,failed,1758598417170,2025-09-22,6,JSanDusky69,drop,6770,Joe Burrow,QB,
2025,1276057817270210560,3,waiver,failed,1758598400947,2025-09-22,6,JSanDusky69,add,5095,Daniel Carlson,K,0
2025,1276057817270210560,3,waiver,failed,1758598400947,2025-09-22,6,JSanDusky69,drop,3451,Ka'imi Fairbairn,K,
2025,1276057688232435713,3,waiver,complete,1758598370181,2025-09-22,6,JSanDusky69,add,NE,New England Patriots,DEF,0
2025,1276057688232435713,3,waiver,complete,1758598370181,2025-09-22,6,JSanDusky69,drop,ATL,Atlanta Falcons,DEF,
2025,1276057643667972096,3,waiver,failed,1758598359556,2025-09-22,6,JSanDusky69,add,LAC,Los Angeles Chargers,DEF,0
2025,1276057643667972096,3,waiver,failed,1758598359556,2025-09-22,6,JSanDusky69,drop,ATL,Atlanta Falcons,DEF,
2025,1276057421567000576,3,waiver,failed,1758598306603,2025-09-22,6,JSanDusky69,add,DET,Detroit Lions,DEF,3
2025,1276057421567000576,3,waiver,failed,1758598306603,2025-09-22,6,JSanDusky69,drop,ATL,Atlanta Falcons,DEF,
2025,1275959883841146880,3,free_agent,complete,1758575051797,2025-09-22,2,Erjohnson14,drop,4137,James Conner,RB,
2025,1275519548417658880,3,waiver,complete,1758470067652,2025-09-21,5,charliekaufmann,add,2307,Marcus Mariota,QB,22
2025,1275519548417658880,3,waiver,complete,1758470067652,2025-09-21,5,charliekaufmann,drop,1234,Russell Wilson,QB,
2025,1275511554766282752,3,waiver,failed,1758468161817,2025-09-21,2,Erjohnson14,add,2307,Marcus Mariota,QB,0
2025,1275511554766282752,3,waiver,failed,1758468161817,2025-09-21,2,Erjohnson14,drop,7527,Mac Jones,QB,
2025,1275205751572303872,3,waiver,failed,1758395252653,2025-09-20,6,JSanDusky69,add,2307,Marcus Mariota,QB,1
2025,1275205751572303872,3,waiver,failed,1758395252653,2025-09-20,6,JSanDusky69,drop,6770,Joe Burrow,QB,
2025,1274540001668915200,3,waiver,complete,1758236525508,2025-09-18,10,cc5597,add,6650,Chase McLaughlin,K,0
2025,1274540001668915200,3,waiver,complete,1758236525508,2025-09-18,10,cc5597,drop,3678,Wil Lutz,K,
2025,1274405621898178560,3,waiver,complete,1758204486873,2025-09-18,2,Erjohnson14,add,7527,Mac Jones,QB,0
2025,1274405621898178560,3,waiver,complete,1758204486873,2025-09-18,2,Erjohnson14,drop,12457,Jaydon Blue,RB,
2025,1274148590482096128,3,free_agent,complete,1758143205808,2025-09-17,5,charliekaufmann,drop,7090,Darnell Mooney,WR,
2025,1274076144777326592,3,waiver,complete,1758125933406,2025-09-17,9,brockhusk,add,IND,Indianapolis Colts,DEF,2
2025,1274071329032667136,3,waiver,failed,1758124785244,2025-09-17,11,Jacktaco98,add,9480,Brenton Strange,TE,1
2025,1274071234845380608,3,waiver,failed,1758124762787,2025-09-17,11,Jacktaco98,add,5857,Noah Fant,TE,1
2025,1274071193816698880,3,waiver,failed,1758124753006,2025-09-17,11,Jacktaco98,add,8210,Chig Okonkwo,TE,1
2025,1274063068946534400,3,waiver,complete,1758122815886,2025-09-17,1,bgreenblatt,add,TB,Tampa Bay Buccaneers,DEF,0
2025,1274063068946534400,3,waiver,complete,1758122815886,2025-09-17,1,bgreenblatt,drop,ARI,Arizona Cardinals,DEF,
2025,1274033930474913792,3,waiver,failed,1758115868733,2025-09-17,10,cc5597,add,1339,Zach Ertz,TE,6
2025,1274033930474913792,3,waiver,failed,1758115868733,2025-09-17,10,cc5597,drop,3214,Hunter Henry,TE,
2025,1278962100340801536,4,waiver,failed,1759290835989,2025-09-30,12,akepple9,add,4227,Harrison Butker,K,2
2025,1278961564203909120,4,free_agent,complete,1759290708164,2025-09-30,12,akepple9,drop,12517,Colston Loveland,TE,
2025,1278935517332795392,4,waiver,failed,1759284498106,2025-09-30,5,charliekaufmann,add,6083,Matt Gay,K,5
2025,1278935517332795392,4,waiver,failed,1759284498106,2025-09-30,5,charliekaufmann,drop,8259,Cameron Dicker,K,
2025,1278935231428063232,4,waiver,complete,1759284429942,2025-09-30,5,charliekaufmann,add,2747,Jason Myers,K,9
2025,1278935231428063232,4,waiver,complete,1759284429942,2025-09-30,5,charliekaufmann,drop,8259,Cameron Dicker,K,
2025,1278929071320883200,4,waiver,complete,1759282961257,2025-09-30,9,brockhusk,add,4227,Harrison Butker,K,3
2025,1278929071320883200,4,waiver,complete,1759282961257,2025-09-30,9,brockhusk,drop,DAL,Dallas Cowboys,DEF,
2025,1278924608468164608,4,waiver,complete,1759281897230,2025-09-30,5,charliekaufmann,add,12503,Isaiah Bond,WR,8
2025,1278924608468164608,4,waiver,complete,1759281897230,2025-09-30,5,charliekaufmann,drop,10444,Cedric Tillman,WR,
2025,1278892645304778752,4,waiver,failed,1759274276618,2025-09-30,1,bgreenblatt,add,12503,Isaiah Bond,WR,0
2025,1278892645304778752,4,waiver,failed,1759274276618,2025-09-30,1,bgreenblatt,drop,4981,Calvin Ridley,WR,
2025,1278857637961666560,4,free_agent,complete,1759265930218,2025-09-30,8,TylerWicks,drop,3321,Tyreek Hill,WR,
2025,1278789992453271552,4,waiver,complete,1759249802271,2025-09-30,1,bgreenblatt,add,KC,Kansas City Chiefs,DEF,0
2025,1278789992453271552,4,waiver,complete,1759249802271,2025-09-30,1,bgreenblatt,drop,PIT,Pittsburgh Steelers,DEF,
2025,1278781497041489920,4,waiver,complete,1759247776808,2025-09-30,1,bgreenblatt,add,12455,Brashard Smith,RB,0
2025,1278781497041489920,4,waiver,complete,1759247776808,2025-09-30,1,bgreenblatt,drop,12493,Oronde Gadsden,TE,
2025,1278743551227748352,4,waiver,failed,1759238729820,2025-09-30,7,KingTowsk,add,12503,Isaiah Bond,WR,0
2025,1278743517308395520,4,waiver,failed,1759238721733,2025-09-30,7,KingTowsk,add,6149,Darius Slayton,WR,0
2025,1278743486312497152,4,waiver,complete,1759238714343,2025-09-30,7,KingTowsk,add,11610,Malik Washington,WR,16
2025,1278738363951611904,4,waiver,failed,1759237493077,2025-09-30,7,KingTowsk,add,CLE,Cleveland Browns,DEF,0
2025,1278738337384890368,4,waiver,failed,1759237486743,2025-09-30,7,KingTowsk,add,NO,New Orleans Saints,DEF,0
2025,1278738256166412288,4,waiver,complete,1759237467379,2025-09-30,7,KingTowsk,add,ARI,Arizona Cardinals,DEF,6
2025,1278737719513595904,4,free_agent,complete,1759237339431,2025-09-30,7,KingTowsk,drop,LAC,Los Angeles Chargers,DEF,
2025,1278735243691438080,4,free_agent,complete,1759236749149,2025-09-30,7,KingTowsk,drop,11632,Malik Nabers,WR,
2025,1278733015278702592,4,waiver,complete,1759236217854,2025-09-30,3,MaxSirianni,add,7567,Kenny Gainwell,RB,11
2025,1278733015278702592,4,waiver,complete,1759236217854,2025-09-30,3,MaxSirianni,drop,7611,Rhamondre Stevenson,RB,
2025,1278731202370486272,4,free_agent,complete,1759235785623,2025-09-30,2,Erjohnson14,drop,3200,Sterling Shepard,WR,
2025,1278729640185171968,4,waiver,failed,1759235413169,2025-09-30,3,MaxSirianni,add,2505,Darren Waller,TE,5
2025,1278729640185171968,4,waiver,failed,1759235413169,2025-09-30,3,MaxSirianni,drop,7611,Rhamondre Stevenson,RB,
2025,1278071106518933505,4,free_agent,complete,1759078406509,2025-09-28,10,cc5597,add,11655,Tyrone Tracy,RB,
2025,1278060422926200832,4,free_agent,complete,1759075859342,2025-09-28,9,brockhusk,add,1433,Brandon McManus,K,
2025,1278060422926200832,4,free_agent,complete,1759075859342,2025-09-28,9,brockhusk,drop,6528,Joey Slye,K,
2025,1278033906758590464,4,waiver,failed,1759069537394,2025-09-28,10,cc5597,add,9500,Josh Downs,WR,0
2025,1277900140916510720,4,waiver,complete,1759037645133,2025-09-28,4,jdrobny,add,9500,Josh Downs,WR,0
2025,1277899595174653952,4,free_agent,complete,1759037515017,2025-09-28,4,jdrobny,drop,4018,Joe Mixon,RB,
2025,1277346495200235520,4,waiver,complete,1758905645708,2025-09-26,2,Erjohnson14,add,3200,Sterling Shepard,WR,0
2025,1277308672258621440,4,waiver,complete,1758896628015,2025-09-26,2,Erjohnson14,add,11586,Blake Corum,RB,0
2025,1277308672258621440,4,waiver,complete,1758896628015,2025-09-26,2,Erjohnson14,drop,7021,Rico Dowdle,RB,
2025,1277104716995657728,4,free_agent,complete,1758848001292,2025-09-25,12,akepple9,add,8121,Romeo Doubs,WR,
2025,1277101681183584256,4,free_agent,complete,1758847277497,2025-09-25,2,Erjohnson14,add,7021,Rico Dowdle,RB,
2025,1277101681183584256,4,free_agent,complete,1758847277497,2025-09-25,2,Erjohnson14,drop,12469,Dylan Sampson,RB,
2025,1277086276960391168,4,free_agent,complete,1758843604844,2025-09-25,12,akepple9,drop,12536,Jaylin Noel,WR,
2025,1277085721798115328,4,free_agent,complete,1758843472483,2025-09-25,1,bgreenblatt,add,PIT,Pittsburgh Steelers,DEF,
2025,1277085721798115328,4,free_agent,complete,1758843472483,2025-09-25,1,bgreenblatt,drop,TB,Tampa Bay Buccaneers,DEF,
2025,1276990543838060544,4,free_agent,complete,1758820780289,2025-09-25,11,Jacktaco98,add,10219,Chris Rodriguez,RB,
2025,1276988771409084416,4,free_agent,complete,1758820357709,2025-09-25,11,Jacktaco98,drop,7528,Najee Harris,RB,
2025,1276665860303392768,4,waiver,complete,1758743369702,2025-09-24,1,bgreenblatt,add,12493,Oronde Gadsden,TE,0
2025,1276665860303392768,4,waiver,complete,1758743369702,2025-09-24,1,bgreenblatt,drop,11655,Tyrone Tracy,RB,
2025,1276570648340107264,4,waiver,failed,1758720669402,2025-09-24,2,Erjohnson14,add,7021,Rico Dowdle,RB,1
2025,1276570567197077504,4,waiver,complete,1758720650055,2025-09-24,10,cc5597,add,10213,Tre Tucker,WR,22
2025,1276570567197077504,4,waiver,complete,1758720650055,2025-09-24,10,cc5597,drop,9500,Josh Downs,WR,
2025,1276570562126168064,4,waiver,failed,1758720648846,2025-09-24,2,Erjohnson14,add,11586,Blake Corum,RB,4
2025,1276570438159339520,4,waiver,failed,1758720619290,2025-09-24,10,cc5597,add,12519,Luther Burden,WR,11
2025,1276570438159339520,4,waiver,failed,1758720619290,2025-09-24,10,cc5597,drop,9500,Josh Downs,WR,
2025,1276542495756419072,4,waiver,failed,1758713957303,2025-09-24,5,charliekaufmann,add,10213,Tre Tucker,WR,15
2025,1276542495756419072,4,waiver,failed,1758713957303,2025-09-24,5,charliekaufmann,drop,2307,Marcus Mariota,QB,
2025,1276542162745425920,4,waiver,complete,1758713877906,2025-09-24,5,charliekaufmann,add,DET,Detroit Lions,DEF,8
2025,1276542101441490944,4,waiver,failed,1758713863290,2025-09-24,5,charliekaufmann,add,NE,New England Patriots,DEF,7
2025,1281502632317325312,5,waiver,failed,1759896546013,2025-10-07,1,bgreenblatt,add,7611,Rhamondre Stevenson,RB,0
2025,1281502632317325312,5,waiver,failed,1759896546013,2025-10-07,1,bgreenblatt,drop,8148,Jameson Williams,WR,
2025,1281502526985768960,5,waiver,complete,1759896520900,2025-10-07,1,bgreenblatt,add,LAR,Los Angeles Rams,DEF,0
2025,1281502526985768960,5,waiver,complete,1759896520900,2025-10-07,1,bgreenblatt,drop,KC,Kansas City Chiefs,DEF,
2025,1281502413282381824,5,waiver,failed,1759896493791,2025-10-07,1,bgreenblatt,add,PIT,Pittsburgh Steelers,DEF,5
2025,1281502413282381824,5,waiver,failed,1759896493791,2025-10-07,1,bgreenblatt,drop,KC,Kansas City Chiefs,DEF,
2025,1281421997733056512,5,waiver,complete,1759877321231,2025-10-07,2,Erjohnson14,add,11597,Theo Johnson,TE,3
2025,1281421997733056512,5,waiver,complete,1759877321231,2025-10-07,2,Erjohnson14,drop,7002,Juwan Johnson,TE,
2025,1281391916524535808,5,waiver,complete,1759870149312,2025-10-07,7,KingTowsk,add,4033,David Njoku,TE,16
2025,1281391813730533376,5,free_agent,complete,1759870124803,2025-10-07,7,KingTowsk,drop,9480,Brenton Strange,TE,
2025,1281325142118510592,5,waiver,complete,1759854229053,2025-10-07,2,Erjohnson14,add,LAC,Los Angeles Chargers,DEF,0
2025,1281325142118510592,5,waiver,complete,1759854229053,2025-10-07,2,Erjohnson14,drop,SEA,Seattle Seahawks,DEF,
2025,1281325091526836224,5,waiver,failed,1759854216990,2025-10-07,2,Erjohnson14,add,PIT,Pittsburgh Steelers,DEF,3
2025,1281325091526836224,5,waiver,failed,1759854216990,2025-10-07,2,Erjohnson14,drop,SEA,Seattle Seahawks,DEF,
2025,1281319634041049088,5,waiver,failed,1759852915824,2025-10-07,7,KingTowsk,add,6083,Matt Gay,K,0
2025,1281319464373088256,5,waiver,complete,1759852875373,2025-10-07,7,KingTowsk,add,12497,Tory Horton,WR,1
2025,1281315154922852352,5,waiver,complete,1759851847919,2025-10-07,2,Erjohnson14,add,6083,Matt Gay,K,1
2025,1281315154922852352,5,waiver,complete,1759851847919,2025-10-07,2,Erjohnson14,drop,12711,Tyler Loop,K,
2025,1281314349142544384,5,waiver,complete,1759851655806,2025-10-07,2,Erjohnson14,add,7611,Rhamondre Stevenson,RB,9
2025,1281312013229785088,5,trade,complete,1759851098882,2025-10-07,2,Erjohnson14,add,12507,Omarion Hampton,RB,
2025,1281312013229785088,5,trade,complete,1759851098882,2025-10-07,6,JSanDusky69,add,6790,D'Andre Swift,RB,
2025,1281312013229785088,5,trade,complete,1759851098882,2025-10-07,2,Erjohnson14,add,7523,Trevor Lawrence,QB,
2025,1281312013229785088,5,trade,complete,1759851098882,2025-10-07,6,JSanDusky69,add,7591,Justin Fields,QB,
2025,1281312013229785088,5,trade,complete,1759851098882,2025-10-07,6,JSanDusky69,drop,12507,Omarion Hampton,RB,
2025,1281312013229785088,5,trade,complete,1759851098882,2025-10-07,2,Erjohnson14,drop,6790,D'Andre Swift,RB,
2025,1281312013229785088,5,trade,complete,1759851098882,2025-10-07,6,JSanDusky69,drop,7523,Trevor Lawrence,QB,
2025,1281312013229785088,5,trade,complete,1759851098882,2025-10-07,2,Erjohnson14,drop,7591,Justin Fields,QB,
2025,1281309147995836416,5,waiver,failed,1759850415756,2025-10-07,3,MaxSirianni,add,PIT,Pittsburgh Steelers,DEF,5
2025,1281309147995836416,5,waiver,failed,1759850415756,2025-10-07,3,MaxSirianni,drop,MIN,Minnesota Vikings,DEF,
2025,1281296423735820288,5,free_agent,complete,1759847382056,2025-10-07,7,KingTowsk,drop,ARI,Arizona Cardinals,DEF,
2025,1281295821547008000,5,free_agent,complete,1759847238484,2025-10-07,7,KingTowsk,drop,12185,Spencer Shrader,K,
2025,1281275849311531008,5,waiver,complete,1759842476732,2025-10-07,5,charliekaufmann,add,PIT,Pittsburgh Steelers,DEF,7
2025,1281275849311531008,5,waiver,complete,1759842476732,2025-10-07,5,charliekaufmann,drop,DET,Detroit Lions,DEF,
2025,1280972577321259008,5,waiver,failed,1759770171054,2025-10-06,6,JSanDusky69,add,7611,Rhamondre Stevenson,RB,5
2025,1280972577321259008,5,waiver,failed,1759770171054,2025-10-06,6,JSanDusky69,drop,CLE,Cleveland Browns,DEF,
2025,1280972265269231616,5,waiver,complete,1759770096656,2025-10-06,6,JSanDusky69,add,4098,Kareem Hunt,RB,1
2025,1280972265269231616,5,waiver,complete,1759770096656,2025-10-06,6,JSanDusky69,drop,CLE,Cleveland Browns,DEF,
2025,1280928706130382848,5,waiver,complete,1759759711347,2025-10-06,6,JSanDusky69,add,5189,Eddy Pineiro,K,0
2025,1280928706130382848,5,waiver,complete,1759759711347,2025-10-06,6,JSanDusky69,drop,11792,Will Reichard,K,
2025,1280928634051252224,5,waiver,failed,1759759694163,2025-10-06,6,JSanDusky69,add,6083,Matt Gay,K,0
2025,1280928634051252224,5,waiver,failed,1759759694163,2025-10-06,6,JSanDusky69,drop,11792,Will Reichard,K,
2025,1280724667681734656,5,waiver,complete,1759711064791,2025-10-05,1,bgreenblatt,add,11647,Kimani Vidal,RB,0
2025,1280724667681734656,5,waiver,complete,1759711064791,2025-10-05,1,bgreenblatt,drop,12455,Brashard Smith,RB,
2025,1280595804947517440,5,free_agent,complete,1759680341521,2025-10-05,6,JSanDusky69,add,2505,Darren Waller,TE,
2025,1280595804947517440,5,free_agent,complete,1759680341521,2025-10-05,6,JSanDusky69,drop,4098,Kareem Hunt,RB,
2025,1280055863918202880,5,waiver,complete,1759551609547,2025-10-03,2,Erjohnson14,add,9757,Kendre Miller,RB,0
2025,1280055863918202880,5,waiver,complete,1759551609547,2025-10-03,2,Erjohnson14,drop,11586,Blake Corum,RB,
2025,1279871744504520704,5,waiver,complete,1759507712058,2025-10-03,8,TylerWicks,add,3451,Ka'imi Fairbairn,K,3
2025,1279673420698615808,5,free_agent,complete,1759460427978,2025-10-02,4,jdrobny,add,5001,Dalton Schultz,TE,
2025,1279673420698615808,5,free_agent,complete,1759460427978,2025-10-02,4,jdrobny,drop,4033,David Njoku,TE,
2025,1279654661262946304,5,waiver,complete,1759455955380,2025-10-02,12,akepple9,add,8259,Cameron Dicker,K,6
2025,1279603375054262272,5,free_agent,complete,1759443727795,2025-10-02,7,KingTowsk,add,9480,Brenton Strange,TE,
2025,1279603375054262272,5,free_agent,complete,1759443727795,2025-10-02,7,KingTowsk,drop,8210,Chig Okonkwo,TE,
2025,1279579804022104064,5,free_agent,complete,1759438108023,2025-10-02,1,bgreenblatt,add,7021,Rico Dowdle,RB,
2025,1279579804022104064,5,free_agent,complete,1759438108023,2025-10-02,1,bgreenblatt,drop,2505,Darren Waller,TE,
2025,1279531220560023552,5,free_agent,complete,1759426524823,2025-10-02,1,bgreenblatt,add,2505,Darren Waller,TE,
2025,1279496222419197952,5,waiver,failed,1759418180616,2025-10-02,8,TylerWicks,add,8259,Cameron Dicker,K,0
2025,1279455810996428800,5,waiver,complete,1759408545783,2025-10-02,5,charliekaufmann,add,7607,Michael Carter,RB,11
2025,1279455810996428800,5,waiver,complete,1759408545783,2025-10-02,5,charliekaufmann,drop,12509,Tre' Harris,WR,
2025,1279422278148304896,5,waiver,failed,1759400550928,2025-10-02,7,KingTowsk,add,7607,Michael Carter,RB,5
2025,1279215836074090496,5,waiver,failed,1759351331303,2025-10-01,2,Erjohnson14,add,7607,Michael Carter,RB,8
2025,1279215836074090496,5,waiver,failed,1759351331303,2025-10-01,2,Erjohnson14,drop,11586,Blake Corum,RB,
2025,1279211774259793920,5,waiver,complete,1759350362890,2025-10-01,5,charliekaufmann,add,3161,Carson Wentz,QB,0
2025,1279211774259793920,5,waiver,complete,1759350362890,2025-10-01,5,charliekaufmann,drop,2307,Marcus Mariota,QB,
2025,1279187669905051648,5,waiver,complete,1759344615965,2025-10-01,7,KingTowsk,add,6149,Darius Slayton,WR,3
2025,1279172441582608384,5,waiver,failed,1759340985249,2025-10-01,7,KingTowsk,add,11199,Emari Demercado,RB,1
2025,1279157164153274368,5,waiver,complete,1759337342827,2025-10-01,9,brockhusk,add,11199,Emari Demercado,RB,11
2025,1279157164153274368,5,waiver,complete,1759337342827,2025-10-01,9,brockhusk,drop,1433,Brandon McManus,K,
2025,1279148961931743232,5,waiver,failed,1759335387264,2025-10-01,2,Erjohnson14,add,8259,Cameron Dicker,K,0
2025,1279148961931743232,5,waiver,failed,1759335387264,2025-10-01,2,Erjohnson14,drop,12711,Tyler Loop,K,
2025,1279141832537681920,5,waiver,failed,1759333687484,2025-10-01,6,JSanDusky69,add,NYG,New York Giants,DEF,1
2025,1279141832537681920,5,waiver,failed,1759333687484,2025-10-01,6,JSanDusky69,drop,6770,Joe Burrow,QB,
2025,1279141662341222400,5,waiver,complete,1759333646907,2025-10-01,6,JSanDusky69,add,12486,Dillon Gabriel,QB,5
2025,1279141662341222400,5,waiver,complete,1759333646907,2025-10-01,6,JSanDusky69,drop,3161,Carson Wentz,QB,
2025,1279141583358291968,5,waiver,failed,1759333628075,2025-10-01,6,JSanDusky69,add,2747,Jason Myers,K,0
2025,1279141583358291968,5,waiver,failed,1759333628075,2025-10-01,6,JSanDusky69,drop,11792,Will Reichard,K,
2025,1279141424171864064,5,waiver,complete,1759333590123,2025-10-01,6,JSanDusky69,add,CLE,Cleveland Browns,DEF,1
2025,1279141424171864064,5,waiver,complete,1759333590123,2025-10-01,6,JSanDusky69,drop,6770,Joe Burrow,QB,
2025,1279141382497247232,5,waiver,failed,1759333580187,2025-10-01,6,JSanDusky69,add,ARI,Arizona Cardinals,DEF,1
2025,1279141382497247232,5,waiver,failed,1759333580187,2025-10-01,6,JSanDusky69,drop,6770,Joe Burrow,QB,
2025,1279131346337271808,5,waiver,failed,1759331187379,2025-10-01,8,TylerWicks,add,2747,Jason Myers,K,2
2025,1279126472149209088,5,waiver,failed,1759330025283,2025-10-01,5,charliekaufmann,add,12486,Dillon Gabriel,QB,3
2025,1279126472149209088,5,waiver,failed,1759330025283,2025-10-01,5,charliekaufmann,drop,2307,Marcus Mariota,QB,
2025,1279125838859620352,5,waiver,failed,1759329874295,2025-10-01,5,charliekaufmann,add,7567,Kenny Gainwell,RB,8
2025,1279125838859620352,5,waiver,failed,1759329874295,2025-10-01,5,charliekaufmann,drop,12509,Tre' Harris,WR,
2025,1279120585229631488,5,free_agent,complete,1759328621731,2025-10-01,1,bgreenblatt,drop,6111,Jake Browning,QB,
2025,1279090908226146304,5,waiver,complete,1759321546183,2025-10-01,8,TylerWicks,add,8167,Christian Watson,WR,0
2025,1279090908226146304,5,waiver,complete,1759321546183,2025-10-01,8,TylerWicks,drop,4950,Christian Kirk,WR,
2025,1279085065971716096,5,waiver,failed,1759320153280,2025-10-01,4,jdrobny,add,ARI,Arizona Cardinals,DEF,3
2025,1279085065971716096,5,waiver,failed,1759320153280,2025-10-01,4,jdrobny,drop,HOU,Houston Texans,DEF,
2025,1283876628216156160,6,waiver,failed,1760462550743,2025-10-14,2,Erjohnson14,add,CLE,Cleveland Browns,DEF,1
2025,1283876628216156160,6,waiver,failed,1760462550743,2025-10-14,2,Erjohnson14,drop,LAC,Los Angeles Chargers,DEF,
2025,1283876601594916864,6,waiver,complete,1760462544396,2025-10-14,2,Erjohnson14,add,SEA,Seattle Seahawks,DEF,2
2025,1283876601594916864,6,waiver,complete,1760462544396,2025-10-14,2,Erjohnson14,drop,LAC,Los Angeles Chargers,DEF,
2025,1283813455752630272,6,free_agent,complete,1760447489254,2025-10-14,3,MaxSirianni,drop,DET,Detroit Lions,DEF,
2025,1283132723795337216,6,free_agent,complete,1760285190107,2025-10-12,2,Erjohnson14,add,8122,Zonovan Knight,RB,
2025,1283132723795337216,6,free_agent,complete,1760285190107,2025-10-12,2,Erjohnson14,drop,11597,Theo Johnson,TE,
2025,1283131672845352960,6,waiver,complete,1760284939542,2025-10-12,10,cc5597,add,4454,Kendrick Bourne,WR,0
2025,1282482660064649216,6,waiver,complete,1760130202837,2025-10-10,7,KingTowsk,add,12457,Jaydon Blue,RB,2
2025,1282482660064649216,6,waiver,complete,1760130202837,2025-10-10,7,KingTowsk,drop,11610,Malik Washington,WR,
2025,1282432493772886016,6,waiver,complete,1760118242261,2025-10-10,7,KingTowsk,add,5230,Michael Badgley,K,0
2025,1282432493772886016,6,waiver,complete,1760118242261,2025-10-10,7,KingTowsk,drop,6528,Joey Slye,K,
2025,1282424401999986688,6,free_agent,complete,1760116313031,2025-10-10,5,charliekaufmann,drop,7527,Mac Jones,QB,
2025,1282350303269646336,6,waiver,complete,1760098646518,2025-10-10,10,cc5597,add,6770,Joe Burrow,QB,0
2025,1282350303269646336,6,waiver,complete,1760098646518,2025-10-10,10,cc5597,drop,4454,Kendrick Bourne,WR,
2025,1282153991332970496,6,free_agent,complete,1760051842104,2025-10-09,10,cc5597,add,9508,Tyjae Spears,RB,
2025,1282153808297734144,6,free_agent,complete,1760051798465,2025-10-09,10,cc5597,add,4454,Kendrick Bourne,WR,
2025,1282153465119776768,6,waiver,failed,1760051716646,2025-10-09,10,cc5597,add,CLE,Cleveland Browns,DEF,1
2025,1282153207950233600,6,waiver,complete,1760051655332,2025-10-09,9,brockhusk,add,KC,Kansas City Chiefs,DEF,0
2025,1282152562992103424,6,free_agent,complete,1760051501562,2025-10-09,5,charliekaufmann,drop,12503,Isaiah Bond,WR,
2025,1282152496155873280,6,free_agent,complete,1760051485627,2025-10-09,5,charliekaufmann,drop,8132,Tyler Allgeier,RB,
2025,1282140322960265216,6,trade,complete,1760048583311,2025-10-09,5,charliekaufmann,add,5967,Tony Pollard,RB,
2025,1282140322960265216,6,trade,complete,1760048583311,2025-10-09,5,charliekaufmann,add,7526,Jaylen Waddle,WR,
2025,1282140322960265216,6,trade,complete,1760048583311,2025-10-09,10,cc5597,add,9509,Bijan Robinson,RB,
2025,1282140322960265216,6,trade,complete,1760048583311,2025-10-09,5,charliekaufmann,add,96,Aaron Rodgers,QB,
2025,1282140322960265216,6,trade,complete,1760048583311,2025-10-09,10,cc5597,drop,5967,Tony Pollard,RB,
2025,1282140322960265216,6,trade,complete,1760048583311,2025-10-09,10,cc5597,drop,7526,Jaylen Waddle,WR,
2025,1282140322960265216,6,trade,complete,1760048583311,2025-10-09,5,charliekaufmann,drop,9509,Bijan Robinson,RB,
2025,1282140322960265216,6,trade,complete,1760048583311,2025-10-09,10,cc5597,drop,96,Aaron Rodgers,QB,
2025,1282052226021343232,6,free_agent,complete,1760027579364,2025-10-09,4,jdrobny,add,LV,Las Vegas Raiders,DEF,
2025,1282052226021343232,6,free_agent,complete,1760027579364,2025-10-09,4,jdrobny,drop,HOU,Houston Texans,DEF,
2025,1282038787374870528,6,trade,complete,1760024375341,2025-10-09,9,brockhusk,add,12527,Ashton Jeanty,RB,
2025,1282038787374870528,6,trade,complete,1760024375341,2025-10-09,5,charliekaufmann,add,12529,TreVeyon Henderson,RB,
2025,1282038787374870528,6,trade,complete,1760024375341,2025-10-09,5,charliekaufmann,add,9756,Jordan Addison,WR,
2025,1282038787374870528,6,trade,complete,1760024375341,2025-10-09,5,charliekaufmann,drop,12527,Ashton Jeanty,RB,
2025,1282038787374870528,6,trade,complete,1760024375341,2025-10-09,9,brockhusk,drop,12529,TreVeyon Henderson,RB,
2025,1282038787374870528,6,trade,complete,1760024375341,2025-10-09,9,brockhusk,drop,9756,Jordan Addison,WR,
2025,1282029107839778816,6,waiver,complete,1760022067560,2025-10-09,9,brockhusk,add,7090,Darnell Mooney,WR,1
2025,1282029107839778816,6,waiver,complete,1760022067560,2025-10-09,9,brockhusk,drop,11199,Emari Demercado,RB,
2025,1281982468630511616,6,waiver,complete,1760010947906,2025-10-09,4,jdrobny,add,8698,Jake Tonges,TE,6
2025,1281982468630511616,6,waiver,complete,1760010947906,2025-10-09,4,jdrobny,drop,5001,Dalton Schultz,TE,
2025,1281766689335148544,6,free_agent,complete,1759959502112,2025-10-08,10,cc5597,drop,11655,Tyrone Tracy,RB,
2025,1281735729017294848,6,waiver,complete,1759952120598,2025-10-08,3,MaxSirianni,add,DET,Detroit Lions,DEF,1
2025,1281735729017294848,6,waiver,complete,1759952120598,2025-10-08,3,MaxSirianni,drop,12495,Ollie Gordon,RB,
2025,1281690236941762560,6,waiver,complete,1759941274442,2025-10-08,7,KingTowsk,add,6528,Joey Slye,K,0
2025,1281690236941762560,6,waiver,complete,1759941274442,2025-10-08,7,KingTowsk,drop,6149,Darius Slayton,WR,
2025,1281660373736378368,6,waiver,complete,1759934154499,2025-10-08,7,KingTowsk,add,8123,Hassan Haskins,RB,0
2025,1281660349451341824,6,waiver,failed,1759934148709,2025-10-08,7,KingTowsk,add,11647,Kimani Vidal,RB,0
2025,1281615247257370624,6,waiver,complete,1759923395508,2025-10-08,5,charliekaufmann,add,7527,Mac Jones,QB,0
2025,1281615247257370624,6,waiver,complete,1759923395508,2025-10-08,5,charliekaufmann,drop,3161,Carson Wentz,QB,
2025,1286537108026064896,7,waiver,complete,1761096858559,2025-10-21,2,Erjohnson14,add,12711,Tyler Loop,K,3
2025,1286536656421146624,7,waiver,failed,1761096750887,2025-10-21,2,Erjohnson14,add,827,Tyrod Taylor,QB,6
2025,1286498715158196224,7,waiver,complete,1761087704986,2025-10-21,3,MaxSirianni,add,827,Tyrod Taylor,QB,11
2025,1286498715158196224,7,waiver,complete,1761087704986,2025-10-21,3,MaxSirianni,drop,1373,Geno Smith,QB,
2025,1286495546810331136,7,waiver,failed,1761086949592,2025-10-21,7,KingTowsk,add,LAC,Los Angeles Chargers,DEF,0
2025,1286495546810331136,7,waiver,failed,1761086949592,2025-10-21,7,KingTowsk,drop,GB,Green Bay Packers,DEF,
2025,1286495505035071488,7,waiver,failed,1761086939632,2025-10-21,7,KingTowsk,add,ATL,Atlanta Falcons,DEF,0
2025,1286495505035071488,7,waiver,failed,1761086939632,2025-10-21,7,KingTowsk,drop,GB,Green Bay Packers,DEF,
2025,1286495437926195200,7,waiver,complete,1761086923633,2025-10-21,7,KingTowsk,add,CIN,Cincinnati Bengals,DEF,0
2025,1286495437926195200,7,waiver,complete,1761086923633,2025-10-21,7,KingTowsk,drop,GB,Green Bay Packers,DEF,
2025,1286494762081226752,7,free_agent,complete,1761086762498,2025-10-21,7,KingTowsk,drop,12519,Luther Burden,WR,
2025,1286494578970497024,7,waiver,complete,1761086718842,2025-10-21,7,KingTowsk,add,11627,Troy Franklin,WR,1
2025,1286494509852545024,7,waiver,failed,1761086702362,2025-10-21,7,KingTowsk,add,8142,Alec Pierce,WR,0
2025,1286494420031537152,7,free_agent,complete,1761086680947,2025-10-21,7,KingTowsk,drop,4033,David Njoku,TE,
2025,1286493383342166016,7,waiver,complete,1761086433783,2025-10-21,7,KingTowsk,add,11626,Xavier Legette,WR,16
2025,1286493337305493504,7,waiver,complete,1761086422805,2025-10-21,7,KingTowsk,add,12485,Tez Johnson,WR,26
2025,1286490823105449984,7,waiver,complete,1761085823374,2025-10-21,2,Erjohnson14,add,ATL,Atlanta Falcons,DEF,2
2025,1286490823105449984,7,waiver,complete,1761085823374,2025-10-21,2,Erjohnson14,drop,11646,Jalen Coker,WR,
2025,1286448765883920384,7,waiver,failed,1761075796151,2025-10-21,6,JSanDusky69,add,12534,Kyle Monangai,RB,0
2025,1286448765883920384,7,waiver,failed,1761075796151,2025-10-21,6,JSanDusky69,drop,4098,Kareem Hunt,RB,
2025,1286430641608491008,7,waiver,failed,1761071474987,2025-10-21,9,brockhusk,add,5001,Dalton Schultz,TE,0
2025,1286430641608491008,7,waiver,failed,1761071474987,2025-10-21,9,brockhusk,drop,9482,Michael Mayer,TE,
2025,1286430493725700096,7,waiver,complete,1761071439728,2025-10-21,9,brockhusk,add,4144,Jonnu Smith,TE,3
2025,1286430493725700096,7,waiver,complete,1761071439728,2025-10-21,9,brockhusk,drop,9482,Michael Mayer,TE,
2025,1286424642063433728,7,waiver,complete,1761070044583,2025-10-21,6,JSanDusky69,add,829,Andy Dalton,QB,1
2025,1286424642063433728,7,waiver,complete,1761070044583,2025-10-21,6,JSanDusky69,drop,7591,Justin Fields,QB,
2025,1286367070790901760,7,waiver,complete,1761056318522,2025-10-21,6,JSanDusky69,add,LAR,Los Angeles Rams,DEF,0
2025,1286367070790901760,7,waiver,complete,1761056318522,2025-10-21,6,JSanDusky69,drop,4098,Kareem Hunt,RB,
2025,1286359359734968320,7,waiver,complete,1761054480063,2025-10-21,5,charliekaufmann,add,12534,Kyle Monangai,RB,9
2025,1286359359734968320,7,waiver,complete,1761054480063,2025-10-21,5,charliekaufmann,drop,7607,Michael Carter,RB,
2025,1286356429980061696,7,waiver,complete,1761053781556,2025-10-21,5,charliekaufmann,add,TB,Tampa Bay Buccaneers,DEF,7
2025,1286356429980061696,7,waiver,complete,1761053781556,2025-10-21,5,charliekaufmann,drop,PIT,Pittsburgh Steelers,DEF,
2025,1286355881163784192,7,free_agent,complete,1761053650707,2025-10-21,2,Erjohnson14,drop,6083,Matt Gay,K,
2025,1286355349183406080,7,free_agent,complete,1761053523873,2025-10-21,11,Jacktaco98,drop,11786,Cam Little,K,
2025,1286355002452881408,7,free_agent,complete,1761053441206,2025-10-21,7,KingTowsk,drop,8123,Hassan Haskins,RB,
2025,1286354882630000640,7,waiver,complete,1761053412638,2025-10-21,1,bgreenblatt,add,12498,Mason Taylor,TE,0
2025,1286354882630000640,7,waiver,complete,1761053412638,2025-10-21,1,bgreenblatt,drop,8148,Jameson Williams,WR,
2025,1286354653335810048,7,waiver,failed,1761053357970,2025-10-21,1,bgreenblatt,add,TB,Tampa Bay Buccaneers,DEF,0
2025,1286354653335810048,7,waiver,failed,1761053357970,2025-10-21,1,bgreenblatt,drop,CLE,Cleveland Browns,DEF,
2025,1286354552374722560,7,waiver,failed,1761053333900,2025-10-21,1,bgreenblatt,add,ATL,Atlanta Falcons,DEF,0
2025,1286354552374722560,7,waiver,failed,1761053333900,2025-10-21,1,bgreenblatt,drop,CLE,Cleveland Browns,DEF,
2025,1286306507914252288,7,waiver,failed,1761041879208,2025-10-21,1,bgreenblatt,add,829,Andy Dalton,QB,0
2025,1286193461824851968,7,free_agent,complete,1761014926920,2025-10-20,1,bgreenblatt,drop,8132,Tyler Allgeier,RB,
2025,1286051392770830336,7,free_agent,complete,1760981055017,2025-10-20,2,Erjohnson14,drop,9757,Kendre Miller,RB,
2025,1286010146610221056,7,waiver,complete,1760971221166,2025-10-20,6,JSanDusky69,add,8142,Alec Pierce,WR,1
2025,1286010146610221056,7,waiver,complete,1760971221166,2025-10-20,6,JSanDusky69,drop,11650,Luke McCaffrey,WR,
2025,1285762133849550848,7,free_agent,complete,1760912090316,2025-10-19,1,bgreenblatt,add,8132,Tyler Allgeier,RB,
2025,1285762133849550848,7,free_agent,complete,1760912090316,2025-10-19,1,bgreenblatt,drop,3269,Chris Moore,WR,
2025,1285663703609401344,7,waiver,complete,1760888622718,2025-10-19,6,JSanDusky69,add,11650,Luke McCaffrey,WR,1
2025,1285663703609401344,7,waiver,complete,1760888622718,2025-10-19,6,JSanDusky69,drop,11627,Troy Franklin,WR,
2025,1285663601440350208,7,waiver,failed,1760888598359,2025-10-19,6,JSanDusky69,add,3269,Chris Moore,WR,0
2025,1285663601440350208,7,waiver,failed,1760888598359,2025-10-19,6,JSanDusky69,drop,11627,Troy Franklin,WR,
2025,1285495661445255168,7,waiver,complete,1760848558345,2025-10-18,1,bgreenblatt,add,3269,Chris Moore,WR,0
2025,1285495661445255168,7,waiver,complete,1760848558345,2025-10-18,1,bgreenblatt,drop,12534,Kyle Monangai,RB,
2025,1285389347188654080,7,waiver,complete,1760823211051,2025-10-18,2,Erjohnson14,add,11646,Jalen Coker,WR,0
2025,1285389347188654080,7,waiver,complete,1760823211051,2025-10-18,2,Erjohnson14,drop,12485,Tez Johnson,WR,
2025,1285365717025193984,7,waiver,failed,1760817577181,2025-10-18,12,akepple9,add,4144,Jonnu Smith,TE,0
2025,1285365717025193984,7,waiver,failed,1760817577181,2025-10-18,12,akepple9,drop,12541,Dont'e Thornton,WR,
2025,1285335657450860544,7,waiver,complete,1760810410420,2025-10-18,6,JSanDusky69,add,3161,Carson Wentz,QB,2
2025,1285335657450860544,7,waiver,complete,1760810410420,2025-10-18,6,JSanDusky69,drop,3257,Jacoby Brissett,QB,
2025,1284967096207282176,7,waiver,complete,1760722538572,2025-10-17,12,akepple9,add,12541,Dont'e Thornton,WR,0
2025,1284967096207282176,7,waiver,complete,1760722538572,2025-10-17,12,akepple9,drop,17,Matt Prater,K,
2025,1284945881463799808,7,waiver,failed,1760717480583,2025-10-17,6,JSanDusky69,add,7527,Mac Jones,QB,0
2025,1284945881463799808,7,waiver,failed,1760717480583,2025-10-17,6,JSanDusky69,drop,12486,Dillon Gabriel,QB,
2025,1284944966245715968,7,waiver,failed,1760717262377,2025-10-17,6,JSanDusky69,add,3161,Carson Wentz,QB,0
2025,1284944966245715968,7,waiver,failed,1760717262377,2025-10-17,6,JSanDusky69,drop,12486,Dillon Gabriel,QB,
2025,1284944820195856384,7,waiver,complete,1760717227556,2025-10-17,6,JSanDusky69,add,3257,Jacoby Brissett,QB,0
2025,1284944820195856384,7,waiver,complete,1760717227556,2025-10-17,6,JSanDusky69,drop,12486,Dillon Gabriel,QB,
2025,1284678593602949120,7,free_agent,complete,1760653754190,2025-10-16,1,bgreenblatt,add,12534,Kyle Monangai,RB,
2025,1284678593602949120,7,free_agent,complete,1760653754190,2025-10-16,1,bgreenblatt,drop,12498,Mason Taylor,TE,
2025,1284675325812305920,7,free_agent,complete,1760652975089,2025-10-16,7,KingTowsk,add,12519,Luther Burden,WR,
2025,1284675325812305920,7,free_agent,complete,1760652975089,2025-10-16,7,KingTowsk,drop,12457,Jaydon Blue,RB,
2025,1284670500643024896,7,free_agent,complete,1760651824678,2025-10-16,2,Erjohnson14,add,12485,Tez Johnson,WR,
2025,1284670500643024896,7,free_agent,complete,1760651824678,2025-10-16,2,Erjohnson14,drop,8122,Zonovan Knight,RB,
2025,1284661119222292480,7,free_agent,complete,1760649587973,2025-10-16,11,Jacktaco98,add,CAR,Carolina Panthers,DEF,
2025,1284661119222292480,7,free_agent,complete,1760649587973,2025-10-16,11,Jacktaco98,drop,SF,San Francisco 49ers,DEF,
2025,1284594348322746368,7,free_agent,complete,1760633668550,2025-10-16,4,jdrobny,add,CHI,Chicago Bears,DEF,
2025,1284594348322746368,7,free_agent,complete,1760633668550,2025-10-16,4,jdrobny,drop,LV,Las Vegas Raiders,DEF,
2025,1284594228378230784,7,free_agent,complete,1760633639954,2025-10-16,4,jdrobny,add,12493,Oronde Gadsden,TE,
2025,1284594228378230784,7,free_agent,complete,1760633639954,2025-10-16,4,jdrobny,drop,8698,Jake Tonges,TE,
2025,1284361528862052352,7,waiver,complete,1760578160065,2025-10-15,1,bgreenblatt,add,CLE,Cleveland Browns,DEF,0
2025,1284361528862052352,7,waiver,complete,1760578160065,2025-10-15,1,bgreenblatt,drop,LAR,Los Angeles Rams,DEF,
2025,1284259470913859584,7,waiver,complete,1760553827554,2025-10-15,7,KingTowsk,add,8111,Cade Otton,TE,2
2025,1284259470913859584,7,waiver,complete,1760553827554,2025-10-15,7,KingTowsk,drop,12497,Tory Horton,WR,
2025,1284197737310453760,7,waiver,complete,1760539109116,2025-10-15,8,TylerWicks,add,9504,Kayshon Boutte,WR,12
2025,1284197737310453760,7,waiver,complete,1760539109116,2025-10-15,8,TylerWicks,drop,8125,Calvin Austin,WR,
2025,1284196749644144640,7,waiver,complete,1760538873639,2025-10-15,8,TylerWicks,add,HOU,Houston Texans,DEF,5
2025,1284187882755489792,7,waiver,complete,1760536759608,2025-10-15,1,bgreenblatt,add,12498,Mason Taylor,TE,0
2025,1284187882755489792,7,waiver,complete,1760536759608,2025-10-15,1,bgreenblatt,drop,12490,Bhayshul Tuten,RB,
2025,1284160090126970880,7,waiver,complete,1760530133328,2025-10-15,9,brockhusk,add,9482,Michael Mayer,TE,7
2025,1284160090126970880,7,waiver,complete,1760530133328,2025-10-15,9,brockhusk,drop,8188,Tyquan Thornton,WR,
2025,1289097043305832448,8,waiver,complete,1761707194690,2025-10-28,11,Jacktaco98,add,4147,Samaje Perine,RB,9
2025,1289097043305832448,8,waiver,complete,1761707194690,2025-10-28,11,Jacktaco98,drop,8154,Brian Robinson,RB,
2025,1289096799633575936,8,waiver,complete,1761707136594,2025-10-28,11,Jacktaco98,add,12540,Chimere Dike,WR,9
2025,1289096799633575936,8,waiver,complete,1761707136594,2025-10-28,11,Jacktaco98,drop,7571,Rashod Bateman,WR,
2025,1289076509608251392,8,waiver,failed,1761702299075,2025-10-28,2,Erjohnson14,add,JAX,Jacksonville Jaguars,DEF,1
2025,1289076487785312257,8,waiver,failed,1761702293873,2025-10-28,2,Erjohnson14,add,LAC,Los Angeles Chargers,DEF,5
2025,1289018198032666624,8,waiver,failed,1761688396513,2025-10-28,4,jdrobny,add,4098,Kareem Hunt,RB,0
2025,1289018069628235776,8,waiver,failed,1761688365899,2025-10-28,4,jdrobny,add,11655,Tyrone Tracy,RB,57
2025,1289012179034464256,8,free_agent,complete,1761686961472,2025-10-28,4,jdrobny,drop,NYJ,New York Jets,DEF,
2025,1289012028425396224,8,free_agent,complete,1761686925563,2025-10-28,4,jdrobny,drop,2216,Mike Evans,WR,
2025,1289008506359267328,8,free_agent,complete,1761686085837,2025-10-28,12,akepple9,drop,4171,Josh Reynolds,WR,
2025,1288976430985662464,8,waiver,complete,1761678438473,2025-10-28,7,KingTowsk,add,JAX,Jacksonville Jaguars,DEF,0
2025,1288976430985662464,8,waiver,complete,1761678438473,2025-10-28,7,KingTowsk,drop,5844,T.J. Hockenson,TE,
2025,1288976404746100736,8,waiver,failed,1761678432216,2025-10-28,7,KingTowsk,add,LAR,Los Angeles Rams,DEF,0
2025,1288976404746100736,8,waiver,failed,1761678432216,2025-10-28,7,KingTowsk,drop,5844,T.J. Hockenson,TE,
2025,1288976354632564736,8,waiver,failed,1761678420268,2025-10-28,7,KingTowsk,add,DET,Detroit Lions,DEF,0
2025,1288976354632564736,8,waiver,failed,1761678420268,2025-10-28,7,KingTowsk,drop,5844,T.J. Hockenson,TE,
2025,1288976319383605248,8,waiver,failed,1761678411865,2025-10-28,7,KingTowsk,add,LAC,Los Angeles Chargers,DEF,0
2025,1288976319383605248,8,waiver,failed,1761678411865,2025-10-28,7,KingTowsk,drop,5844,T.J. Hockenson,TE,
2025,1288975724547424256,8,waiver,failed,1761678270045,2025-10-28,7,KingTowsk,add,6149,Darius Slayton,WR,0
2025,1288975724547424256,8,waiver,failed,1761678270045,2025-10-28,7,KingTowsk,drop,12501,Matthew Golden,WR,
2025,1288975665978146816,8,waiver,complete,1761678256081,2025-10-28,7,KingTowsk,add,6149,Darius Slayton,WR,0
2025,1288975475430916096,8,free_agent,complete,1761678210650,2025-10-28,7,KingTowsk,drop,5230,Michael Badgley,K,
2025,1288975329628545024,8,waiver,complete,1761678175889,2025-10-28,7,KingTowsk,add,12476,Devin Neal,RB,0
2025,1288975151118979072,8,waiver,failed,1761678133329,2025-10-28,7,KingTowsk,add,4147,Samaje Perine,RB,0
2025,1288964590582898688,8,waiver,failed,1761675615500,2025-10-28,6,JSanDusky69,add,CLE,Cleveland Browns,DEF,0
2025,1288964590582898688,8,waiver,failed,1761675615500,2025-10-28,6,JSanDusky69,drop,8142,Alec Pierce,WR,
2025,1288963785641439244,8,waiver,complete,1761675423587,2025-10-28,6,JSanDusky69,add,1373,Geno Smith,QB,1
2025,1288963785641439244,8,waiver,complete,1761675423587,2025-10-28,6,JSanDusky69,drop,8142,Alec Pierce,WR,
2025,1288950827557359616,8,waiver,complete,1761672334140,2025-10-28,2,Erjohnson14,add,DET,Detroit Lions,DEF,5
2025,1288939235646144512,8,waiver,complete,1761669570412,2025-10-28,10,cc5597,add,11655,Tyrone Tracy,RB,76
2025,1288939235646144512,8,waiver,complete,1761669570412,2025-10-28,10,cc5597,drop,4454,Kendrick Bourne,WR,
2025,1288938695449145344,8,waiver,complete,1761669441619,2025-10-28,10,cc5597,add,12545,Tyler Shough,QB,11
2025,1288938695449145344,8,waiver,complete,1761669441619,2025-10-28,10,cc5597,drop,6783,Jerry Jeudy,WR,
2025,1288919713295929344,8,free_agent,complete,1761664915921,2025-10-28,7,KingTowsk,drop,CIN,Cincinnati Bengals,DEF,
2025,1288901450461626368,8,waiver,failed,1761660561723,2025-10-28,6,JSanDusky69,add,DET,Detroit Lions,DEF,1
2025,1288901259499155456,8,waiver,complete,1761660516194,2025-10-28,6,JSanDusky69,add,LAC,Los Angeles Chargers,DEF,1
2025,1288901213051437056,8,waiver,failed,1761660505120,2025-10-28,6,JSanDusky69,add,LAR,Los Angeles Rams,DEF,2
2025,1288900810733809664,8,free_agent,complete,1761660409199,2025-10-28,6,JSanDusky69,drop,3161,Carson Wentz,QB,
2025,1288898416134332416,8,waiver,failed,1761659838282,2025-10-28,7,KingTowsk,add,11655,Tyrone Tracy,RB,16
2025,1288898258843738112,8,waiver,complete,1761659800782,2025-10-28,7,KingTowsk,add,11435,Emanuel Wilson,RB,0
2025,1288898058397966336,8,waiver,failed,1761659752991,2025-10-28,1,bgreenblatt,add,11655,Tyrone Tracy,RB,30
2025,1288898058397966336,8,waiver,failed,1761659752991,2025-10-28,1,bgreenblatt,drop,5001,Dalton Schultz,TE,
2025,1288898055348699136,8,free_agent,complete,1761659752265,2025-10-28,7,KingTowsk,drop,8111,Cade Otton,TE,
2025,1288890556356771840,8,waiver,complete,1761657964366,2025-10-28,3,MaxSirianni,add,2747,Jason Myers,K,1
2025,1288890556356771840,8,waiver,complete,1761657964366,2025-10-28,3,MaxSirianni,drop,827,Tyrod Taylor,QB,
2025,1288880808567787520,8,free_agent,complete,1761655640311,2025-10-28,2,Erjohnson14,drop,ATL,Atlanta Falcons,DEF,
2025,1288874235841769472,8,waiver,failed,1761654073252,2025-10-28,5,charliekaufmann,add,DET,Detroit Lions,DEF,0
2025,1288874235841769472,8,waiver,failed,1761654073252,2025-10-28,5,charliekaufmann,drop,TB,Tampa Bay Buccaneers,DEF,
2025,1288874193944842240,8,waiver,complete,1761654063263,2025-10-28,5,charliekaufmann,add,LAR,Los Angeles Rams,DEF,5
2025,1288874193944842240,8,waiver,complete,1761654063263,2025-10-28,5,charliekaufmann,drop,TB,Tampa Bay Buccaneers,DEF,
2025,1288660919907274752,8,waiver,failed,1761603214769,2025-10-27,6,JSanDusky69,add,11655,Tyrone Tracy,RB,3
2025,1288660919907274752,8,waiver,failed,1761603214769,2025-10-27,6,JSanDusky69,drop,8142,Alec Pierce,WR,
2025,1288611445545668608,8,waiver,failed,1761591419162,2025-10-27,5,charliekaufmann,add,11655,Tyrone Tracy,RB,18
2025,1288611445545668608,8,waiver,failed,1761591419162,2025-10-27,5,charliekaufmann,drop,12534,Kyle Monangai,RB,
2025,1288577106850091008,8,free_agent,complete,1761583232179,2025-10-27,6,JSanDusky69,add,8122,Zonovan Knight,RB,
2025,1288377842467373056,8,free_agent,complete,1761535723848,2025-10-26,7,KingTowsk,drop,11626,Xavier Legette,WR,
2025,1288286180382609408,8,trade,complete,1761513869904,2025-10-26,6,JSanDusky69,add,11560,Caleb Williams,QB,
2025,1288286180382609408,8,trade,complete,1761513869904,2025-10-26,7,KingTowsk,add,11604,Brock Bowers,TE,
2025,1288286180382609408,8,trade,complete,1761513869904,2025-10-26,7,KingTowsk,add,8148,Jameson Williams,WR,
2025,1288286180382609408,8,trade,complete,1761513869904,2025-10-26,7,KingTowsk,drop,11560,Caleb Williams,QB,
2025,1288286180382609408,8,trade,complete,1761513869904,2025-10-26,6,JSanDusky69,drop,11604,Brock Bowers,TE,
2025,1288286180382609408,8,trade,complete,1761513869904,2025-10-26,6,JSanDusky69,drop,8148,Jameson Williams,WR,
2025,1288174811872243712,8,free_agent,complete,1761487317583,2025-10-26,8,TylerWicks,drop,3451,Ka'imi Fairbairn,K,
2025,1288168032744525824,8,waiver,failed,1761485701313,2025-10-26,11,Jacktaco98,add,8125,Calvin Austin,WR,0
2025,1288167950703931392,8,waiver,complete,1761485681753,2025-10-26,11,Jacktaco98,add,8125,Calvin Austin,WR,0
2025,1287811871197372416,8,waiver,complete,1761400785782,2025-10-25,1,bgreenblatt,add,1166,Kirk Cousins,QB,0
2025,1287811871197372416,8,waiver,complete,1761400785782,2025-10-25,1,bgreenblatt,drop,12498,Mason Taylor,TE,
2025,1287485139483377664,8,waiver,complete,1761322886872,2025-10-24,6,JSanDusky69,add,7591,Justin Fields,QB,1
2025,1287485139483377664,8,waiver,complete,1761322886872,2025-10-24,6,JSanDusky69,drop,829,Andy Dalton,QB,
2025,1287448632357814272,8,waiver,complete,1761314182894,2025-10-24,6,JSanDusky69,add,12489,RJ Harvey,RB,1
2025,1287448632357814272,8,waiver,complete,1761314182894,2025-10-24,6,JSanDusky69,drop,8132,Tyler Allgeier,RB,
2025,1287447083342647296,8,waiver,complete,1761313813580,2025-10-24,11,Jacktaco98,add,11610,Malik Washington,WR,1
2025,1287446898982019072,8,free_agent,complete,1761313769625,2025-10-24,11,Jacktaco98,drop,10219,Chris Rodriguez,RB,
2025,1287248423476555776,8,free_agent,complete,1761266449378,2025-10-23,12,akepple9,add,4171,Josh Reynolds,WR,
2025,1287248423476555776,8,free_agent,complete,1761266449378,2025-10-23,12,akepple9,drop,12541,Dont'e Thornton,WR,
2025,1287233170059558912,8,free_agent,complete,1761262812679,2025-10-23,7,KingTowsk,add,11571,Isaiah Davis,RB,
2025,1287233170059558912,8,free_agent,complete,1761262812679,2025-10-23,7,KingTowsk,drop,12489,RJ Harvey,RB,
2025,1287230000138817536,8,free_agent,complete,1761262056912,2025-10-23,11,Jacktaco98,add,SF,San Francisco 49ers,DEF,
2025,1287230000138817536,8,free_agent,complete,1761262056912,2025-10-23,11,Jacktaco98,drop,CAR,Carolina Panthers,DEF,
2025,1287228847296622592,8,free_agent,complete,1761261782053,2025-10-23,4,jdrobny,add,7839,Evan McPherson,K,
2025,1287228847296622592,8,free_agent,complete,1761261782053,2025-10-23,4,jdrobny,drop,11539,Jake Bates,K,
2025,1287228440897945600,8,free_agent,complete,1761261685160,2025-10-23,11,Jacktaco98,add,17,Matt Prater,K,
2025,1287221116586196992,8,free_agent,complete,1761259938908,2025-10-23,9,brockhusk,drop,KC,Kansas City Chiefs,DEF,
2025,1287209366751023104,8,free_agent,complete,1761257137528,2025-10-23,1,bgreenblatt,add,5001,Dalton Schultz,TE,
2025,1287190981870891008,8,free_agent,complete,1761252754231,2025-10-23,4,jdrobny,add,NYJ,New York Jets,DEF,
2025,1287137043301793792,8,waiver,complete,1761239894275,2025-10-23,1,bgreenblatt,add,GB,Green Bay Packers,DEF,0
2025,1287137043301793792,8,waiver,complete,1761239894275,2025-10-23,1,bgreenblatt,drop,CLE,Cleveland Browns,DEF,
2025,1287121359792525312,8,free_agent,complete,1761236155034,2025-10-23,4,jdrobny,drop,CHI,Chicago Bears,DEF,
2025,1287092378645057536,8,waiver,failed,1761229245391,2025-10-23,6,JSanDusky69,add,7591,Justin Fields,QB,4
2025,1287087010263097344,8,waiver,failed,1761227965468,2025-10-23,1,bgreenblatt,add,2307,Marcus Mariota,QB,0
2025,1287087010263097344,8,waiver,failed,1761227965468,2025-10-23,1,bgreenblatt,drop,11565,J.J. McCarthy,QB,
2025,1286946921017020416,8,waiver,complete,1761194565590,2025-10-22,3,MaxSirianni,add,12455,Brashard Smith,RB,5
2025,1286924170063519744,8,waiver,complete,1761189141340,2025-10-22,6,JSanDusky69,add,8148,Jameson Williams,WR,1
2025,1286924170063519744,8,waiver,complete,1761189141340,2025-10-22,6,JSanDusky69,drop,LAR,Los Angeles Rams,DEF,
2025,1286856342350368768,8,waiver,failed,1761172969952,2025-10-22,2,Erjohnson14,add,8148,Jameson Williams,WR,0
2025,1286856342350368768,8,waiver,failed,1761172969952,2025-10-22,2,Erjohnson14,drop,SEA,Seattle Seahawks,DEF,
2025,1286856240223236096,8,waiver,complete,1761172945604,2025-10-22,2,Erjohnson14,add,2307,Marcus Mariota,QB,0
2025,1286770035183845376,8,waiver,complete,1761152392720,2025-10-22,6,JSanDusky69,add,8132,Tyler Allgeier,RB,0
2025,1286769833127460864,8,free_agent,complete,1761152344547,2025-10-22,6,JSanDusky69,drop,2505,Darren Waller,TE,
2025,1286757860641865728,8,waiver,complete,1761149490084,2025-10-22,5,charliekaufmann,add,3678,Wil Lutz,K,0
2025,1286757291739070464,8,free_agent,complete,1761149354446,2025-10-22,5,charliekaufmann,drop,2747,Jason Myers,K,
2025,1291655779220193280,9,waiver,complete,1762317244871,2025-11-04,9,brockhusk,add,6130,Devin Singletary,RB,11
2025,1291655779220193280,9,waiver,complete,1762317244871,2025-11-04,9,brockhusk,drop,7090,Darnell Mooney,WR,
2025,1291655365242400768,9,waiver,complete,1762317146172,2025-11-04,9,brockhusk,add,6650,Chase McLaughlin,K,4
2025,1291655365242400768,9,waiver,complete,1762317146172,2025-11-04,9,brockhusk,drop,4227,Harrison Butker,K,
2025,1291655221562310656,9,waiver,failed,1762317111915,2025-11-04,9,brockhusk,add,11565,J.J. McCarthy,QB,16
2025,1291655221562310656,9,waiver,failed,1762317111915,2025-11-04,9,brockhusk,drop,4144,Jonnu Smith,TE,
2025,1291651021101096960,9,free_agent,complete,1762316110447,2025-11-04,4,jdrobny,drop,7607,Michael Carter,RB,
2025,1291572146622988288,9,waiver,failed,1762297305306,2025-11-04,2,Erjohnson14,add,2307,Marcus Mariota,QB,25
2025,1291572146622988288,9,waiver,failed,1762297305306,2025-11-04,2,Erjohnson14,drop,DET,Detroit Lions,DEF,
2025,1291572106009509888,9,waiver,complete,1762297295623,2025-11-04,2,Erjohnson14,add,11565,J.J. McCarthy,QB,60
2025,1291572106009509888,9,waiver,complete,1762297295623,2025-11-04,2,Erjohnson14,drop,DET,Detroit Lions,DEF,
2025,1291548950796460032,9,waiver,failed,1762291774991,2025-11-04,7,KingTowsk,add,3451,Ka'imi Fairbairn,K,0
2025,1291548950796460032,9,waiver,failed,1762291774991,2025-11-04,7,KingTowsk,drop,11789,Joshua Karty,K,
2025,1291548634646609920,9,waiver,failed,1762291699615,2025-11-04,7,KingTowsk,add,NYJ,New York Jets,DEF,0
2025,1291548634646609920,9,waiver,failed,1762291699615,2025-11-04,7,KingTowsk,drop,JAX,Jacksonville Jaguars,DEF,
2025,1291548556418646016,9,waiver,failed,1762291680964,2025-11-04,7,KingTowsk,add,CAR,Carolina Panthers,DEF,0
2025,1291548556418646016,9,waiver,failed,1762291680964,2025-11-04,7,KingTowsk,drop,JAX,Jacksonville Jaguars,DEF,
2025,1291548526777491456,9,waiver,complete,1762291673897,2025-11-04,7,KingTowsk,add,BAL,Baltimore Ravens,DEF,0
2025,1291548526777491456,9,waiver,complete,1762291673897,2025-11-04,7,KingTowsk,drop,JAX,Jacksonville Jaguars,DEF,
2025,1291548511958999040,9,waiver,failed,1762291670363,2025-11-04,7,KingTowsk,add,BAL,Baltimore Ravens,DEF,8
2025,1291548511958999040,9,waiver,failed,1762291670363,2025-11-04,7,KingTowsk,drop,JAX,Jacksonville Jaguars,DEF,
2025,1291548299458772992,9,waiver,failed,1762291619699,2025-11-04,7,KingTowsk,add,9481,Luke Musgrave,TE,0
2025,1291548299458772992,9,waiver,failed,1762291619699,2025-11-04,7,KingTowsk,drop,12501,Matthew Golden,WR,
2025,1291547925062639616,9,waiver,failed,1762291530436,2025-11-04,7,KingTowsk,add,11565,J.J. McCarthy,QB,16
2025,1291547925062639616,9,waiver,failed,1762291530436,2025-11-04,7,KingTowsk,drop,11435,Emanuel Wilson,RB,
2025,1291547880682708992,9,waiver,complete,1762291519855,2025-11-04,7,KingTowsk,add,2307,Marcus Mariota,QB,16
2025,1291547880682708992,9,waiver,complete,1762291519855,2025-11-04,7,KingTowsk,drop,11435,Emanuel Wilson,RB,
2025,1291547756963315712,9,waiver,failed,1762291490359,2025-11-04,7,KingTowsk,add,9481,Luke Musgrave,TE,2
2025,1291547756963315712,9,waiver,failed,1762291490359,2025-11-04,7,KingTowsk,drop,12501,Matthew Golden,WR,
2025,1291492476539908096,9,waiver,complete,1762278310479,2025-11-04,3,MaxSirianni,add,9481,Luke Musgrave,TE,2
2025,1291492476539908096,9,waiver,complete,1762278310479,2025-11-04,3,MaxSirianni,drop,2747,Jason Myers,K,
2025,1291449896297062400,9,waiver,complete,1762268158558,2025-11-04,6,JSanDusky69,add,CAR,Carolina Panthers,DEF,1
2025,1291449896297062400,9,waiver,complete,1762268158558,2025-11-04,6,JSanDusky69,drop,8122,Zonovan Knight,RB,
2025,1291422348628484096,9,waiver,complete,1762261590682,2025-11-04,1,bgreenblatt,add,3451,Ka'imi Fairbairn,K,0
2025,1291422348628484096,9,waiver,complete,1762261590682,2025-11-04,1,bgreenblatt,drop,LAR,Los Angeles Rams,DEF,
2025,1291422144747565056,9,waiver,failed,1762261542073,2025-11-04,1,bgreenblatt,add,6650,Chase McLaughlin,K,0
2025,1291422144747565056,9,waiver,failed,1762261542073,2025-11-04,1,bgreenblatt,drop,LAR,Los Angeles Rams,DEF,
2025,1290861925718061057,9,free_agent,complete,1762127975447,2025-11-02,8,TylerWicks,add,12497,Tory Horton,WR,
2025,1290796358948634624,9,free_agent,complete,1762112343111,2025-11-02,9,brockhusk,add,9487,Parker Washington,WR,
2025,1290796358948634624,9,free_agent,complete,1762112343111,2025-11-02,9,brockhusk,drop,11562,Spencer Rattler,QB,
2025,1290767402346246144,9,free_agent,complete,1762105439320,2025-11-02,7,KingTowsk,add,11789,Joshua Karty,K,
2025,1290767402346246144,9,free_agent,complete,1762105439320,2025-11-02,7,KingTowsk,drop,12476,Devin Neal,RB,
2025,1290760825572712448,9,free_agent,complete,1762103871295,2025-11-02,5,charliekaufmann,add,7527,Mac Jones,QB,
2025,1290477293029822464,9,waiver,complete,1762036271869,2025-11-01,4,jdrobny,add,7607,Michael Carter,RB,0
2025,1290477293029822464,9,waiver,complete,1762036271869,2025-11-01,4,jdrobny,drop,12412,Terrell Jennings,RB,
2025,1290391253581598720,9,waiver,failed,1762015758465,2025-11-01,9,brockhusk,add,3257,Jacoby Brissett,QB,1
2025,1290391253581598720,9,waiver,failed,1762015758465,2025-11-01,9,brockhusk,drop,11562,Spencer Rattler,QB,
2025,1290387113925148672,9,waiver,failed,1762014771495,2025-11-01,7,KingTowsk,add,3257,Jacoby Brissett,QB,2
2025,1290387113925148672,9,waiver,failed,1762014771495,2025-11-01,7,KingTowsk,drop,12476,Devin Neal,RB,
2025,1290382219856072704,9,waiver,complete,1762013604658,2025-11-01,1,bgreenblatt,add,3257,Jacoby Brissett,QB,5
2025,1290382219856072704,9,waiver,complete,1762013604658,2025-11-01,1,bgreenblatt,drop,11565,J.J. McCarthy,QB,
2025,1290205408090165248,9,waiver,complete,1761971449447,2025-10-31,11,Jacktaco98,add,4177,Mack Hollins,WR,1
2025,1290047810342764544,9,waiver,complete,1761933875216,2025-10-31,4,jdrobny,add,LV,Las Vegas Raiders,DEF,0
2025,1290047720735645696,9,waiver,complete,1761933853852,2025-10-31,4,jdrobny,add,12412,Terrell Jennings,RB,0
2025,1289819794727501824,9,free_agent,complete,1761879512057,2025-10-30,11,Jacktaco98,drop,8125,Calvin Austin,WR,
2025,1289779867608416256,9,free_agent,complete,1761869992691,2025-10-30,12,akepple9,add,CHI,Chicago Bears,DEF,
2025,1289779867608416256,9,free_agent,complete,1761869992691,2025-10-30,12,akepple9,drop,BAL,Baltimore Ravens,DEF,
2025,1289655658739687424,9,trade,complete,1761840378988,2025-10-30,5,charliekaufmann,add,GB,Green Bay Packers,DEF,
2025,1289655658739687424,9,trade,complete,1761840378988,2025-10-30,1,bgreenblatt,add,LAR,Los Angeles Rams,DEF,
2025,1289655658739687424,9,trade,complete,1761840378988,2025-10-30,1,bgreenblatt,drop,GB,Green Bay Packers,DEF,
2025,1289655658739687424,9,trade,complete,1761840378988,2025-10-30,5,charliekaufmann,drop,LAR,Los Angeles Rams,DEF,
2025,1289655537071296512,9,waiver,complete,1761840349981,2025-10-30,2,Erjohnson14,add,5844,T.J. Hockenson,TE,0
2025,1289655537071296512,9,waiver,complete,1761840349981,2025-10-30,2,Erjohnson14,drop,7002,Juwan Johnson,TE,
2025,1289612462575882240,9,waiver,complete,1761830080221,2025-10-30,12,akepple9,add,BAL,Baltimore Ravens,DEF,0
2025,1289612462575882240,9,waiver,complete,1761830080221,2025-10-30,12,akepple9,drop,PHI,Philadelphia Eagles,DEF,
2025,1289465800784093184,9,waiver,complete,1761795113325,2025-10-29,2,Erjohnson14,add,7002,Juwan Johnson,TE,1
2025,1289465683637211136,9,free_agent,complete,1761795085394,2025-10-29,2,Erjohnson14,drop,12499,Elic Ayomanor,WR,
2025,1289454783123443712,9,trade,complete,1761792486510,2025-10-29,2,Erjohnson14,add,7049,Jauan Jennings,WR,
2025,1289454783123443712,9,trade,complete,1761792486510,2025-10-29,4,jdrobny,add,7611,Rhamondre Stevenson,RB,
2025,1289454783123443712,9,trade,complete,1761792486510,2025-10-29,4,jdrobny,drop,7049,Jauan Jennings,WR,
2025,1289454783123443712,9,trade,complete,1761792486510,2025-10-29,2,Erjohnson14,drop,7611,Rhamondre Stevenson,RB,
2025,1289298635292422144,9,trade,complete,1761755257965,2025-10-29,2,Erjohnson14,add,11627,Troy Franklin,WR,
2025,1289298635292422144,9,trade,complete,1761755257965,2025-10-29,7,KingTowsk,add,4098,Kareem Hunt,RB,
2025,1289298635292422144,9,trade,complete,1761755257965,2025-10-29,7,KingTowsk,drop,11627,Troy Franklin,WR,
2025,1289298635292422144,9,trade,complete,1761755257965,2025-10-29,2,Erjohnson14,drop,4098,Kareem Hunt,RB,
2025,1289298100401225728,9,waiver,complete,1761755130437,2025-10-29,1,bgreenblatt,add,CLE,Cleveland Browns,DEF,0
2025,1289298100401225728,9,waiver,complete,1761755130437,2025-10-29,1,bgreenblatt,drop,5001,Dalton Schultz,TE,
2025,1289279154876874752,9,waiver,complete,1761750613473,2025-10-29,12,akepple9,add,11597,Theo Johnson,TE,5
2025,1289274671014887424,9,waiver,complete,1761749544436,2025-10-29,2,Erjohnson14,add,4098,Kareem Hunt,RB,6
2025,1289264130942865408,9,waiver,complete,1761747031488,2025-10-29,1,bgreenblatt,add,12490,Bhayshul Tuten,RB,0
2025,1289264028996104192,9,free_agent,complete,1761747007182,2025-10-29,1,bgreenblatt,drop,1166,Kirk Cousins,QB,
2025,1289261053988859904,9,free_agent,complete,1761746297884,2025-10-29,2,Erjohnson14,drop,2307,Marcus Mariota,QB,
2025,1289256432381755392,9,waiver,complete,1761745196008,2025-10-29,10,cc5597,add,11539,Jake Bates,K,2
2025,1289256432381755392,9,waiver,complete,1761745196008,2025-10-29,10,cc5597,drop,6650,Chase McLaughlin,K,
2025,1294179086549139456,10,waiver,failed,1762918848220,2025-11-11,2,Erjohnson14,add,5001,Dalton Schultz,TE,0
2025,1294179086549139456,10,waiver,failed,1762918848220,2025-11-11,2,Erjohnson14,drop,5844,T.J. Hockenson,TE,
2025,1294049772079951872,10,waiver,complete,1762888017248,2025-11-11,7,KingTowsk,add,12486,Dillon Gabriel,QB,0
2025,1294049772079951872,10,waiver,complete,1762888017248,2025-11-11,7,KingTowsk,drop,11571,Isaiah Davis,RB,
2025,1294049326787469312,10,waiver,complete,1762887911082,2025-11-11,7,KingTowsk,add,11199,Emari Demercado,RB,0
2025,1294049326787469312,10,waiver,complete,1762887911082,2025-11-11,7,KingTowsk,drop,11435,Emanuel Wilson,RB,
2025,1294049137586622464,10,waiver,failed,1762887865973,2025-11-11,6,JSanDusky69,add,5927,Terry McLaurin,WR,1
2025,1294048761382707200,10,free_agent,complete,1762887776278,2025-11-11,6,JSanDusky69,drop,CAR,Carolina Panthers,DEF,
2025,1293993544473661440,10,waiver,complete,1762874611541,2025-11-11,1,bgreenblatt,add,KC,Kansas City Chiefs,DEF,5
2025,1293993544473661440,10,waiver,complete,1762874611541,2025-11-11,1,bgreenblatt,drop,CLE,Cleveland Browns,DEF,
2025,1293987038244143104,10,waiver,complete,1762873060336,2025-11-11,9,brockhusk,add,PIT,Pittsburgh Steelers,DEF,3
2025,1293987038244143104,10,waiver,complete,1762873060336,2025-11-11,9,brockhusk,drop,4144,Jonnu Smith,TE,
2025,1293986510088990720,10,waiver,failed,1762872934414,2025-11-11,10,cc5597,add,3451,Ka'imi Fairbairn,K,0
2025,1293986510088990720,10,waiver,failed,1762872934414,2025-11-11,10,cc5597,drop,5230,Michael Badgley,K,
2025,1293986429721927680,10,waiver,complete,1762872915253,2025-11-11,10,cc5597,add,11539,Jake Bates,K,0
2025,1293986429721927680,10,waiver,complete,1762872915253,2025-11-11,10,cc5597,drop,5230,Michael Badgley,K,
2025,1293985667327467520,10,waiver,failed,1762872733484,2025-11-11,3,MaxSirianni,add,6783,Jerry Jeudy,WR,3
2025,1293985667327467520,10,waiver,failed,1762872733484,2025-11-11,3,MaxSirianni,drop,12455,Brashard Smith,RB,
2025,1293967885772783616,10,free_agent,complete,1762868494030,2025-11-11,5,charliekaufmann,drop,6271,Olamide Zaccheaus,WR,
2025,1293851881981870080,10,waiver,complete,1762840836571,2025-11-11,1,bgreenblatt,add,11586,Blake Corum,RB,0
2025,1293851881981870080,10,waiver,complete,1762840836571,2025-11-11,1,bgreenblatt,drop,2747,Jason Myers,K,
2025,1293725628381532160,10,waiver,failed,1762810735367,2025-11-10,6,JSanDusky69,add,11786,Cam Little,K,0
2025,1293725628381532160,10,waiver,failed,1762810735367,2025-11-10,6,JSanDusky69,drop,11792,Will Reichard,K,
2025,1293725362118742016,10,waiver,complete,1762810671885,2025-11-10,6,JSanDusky69,add,5095,Daniel Carlson,K,0
2025,1293725362118742016,10,waiver,complete,1762810671885,2025-11-10,6,JSanDusky69,drop,11792,Will Reichard,K,
2025,1293724948476473344,10,waiver,failed,1762810573265,2025-11-10,6,JSanDusky69,add,5001,Dalton Schultz,TE,4
2025,1293724948476473344,10,waiver,failed,1762810573265,2025-11-10,6,JSanDusky69,drop,5189,Eddy Pineiro,K,
2025,1293444821704265728,10,waiver,complete,1762743785838,2025-11-09,1,bgreenblatt,add,8132,Tyler Allgeier,RB,0
2025,1293444821704265728,10,waiver,complete,1762743785838,2025-11-09,1,bgreenblatt,drop,12490,Bhayshul Tuten,RB,
2025,1293421467500810240,10,waiver,failed,1762738217763,2025-11-09,1,bgreenblatt,add,PIT,Pittsburgh Steelers,DEF,0
2025,1293421467500810240,10,waiver,failed,1762738217763,2025-11-09,1,bgreenblatt,drop,CLE,Cleveland Browns,DEF,
2025,1293396331582222336,10,free_agent,complete,1762732224892,2025-11-09,7,KingTowsk,add,11435,Emanuel Wilson,RB,
2025,1293396331582222336,10,free_agent,complete,1762732224892,2025-11-09,7,KingTowsk,drop,11575,Ray Davis,RB,
2025,1293254989086466048,10,waiver,complete,1762698526216,2025-11-09,5,charliekaufmann,add,6271,Olamide Zaccheaus,WR,3
2025,1293254989086466048,10,waiver,complete,1762698526216,2025-11-09,5,charliekaufmann,drop,5927,Terry McLaurin,WR,
2025,1293167980779155456,10,waiver,complete,1762677781819,2025-11-09,12,akepple9,add,BUF,Buffalo Bills,DEF,5
2025,1293167980779155456,10,waiver,complete,1762677781819,2025-11-09,12,akepple9,drop,JAX,Jacksonville Jaguars,DEF,
2025,1292315920168935424,10,waiver,failed,1762474634739,2025-11-06,4,jdrobny,add,JAX,Jacksonville Jaguars,DEF,0
2025,1292315920168935424,10,waiver,failed,1762474634739,2025-11-06,4,jdrobny,drop,LV,Las Vegas Raiders,DEF,
2025,1292315833187438592,10,free_agent,complete,1762474614000,2025-11-06,4,jdrobny,add,1433,Brandon McManus,K,
2025,1292213397944799232,10,waiver,complete,1762450191536,2025-11-06,12,akepple9,add,JAX,Jacksonville Jaguars,DEF,0
2025,1292213397944799232,10,waiver,complete,1762450191536,2025-11-06,12,akepple9,drop,CHI,Chicago Bears,DEF,
2025,1292207787601850368,10,waiver,complete,1762448853925,2025-11-06,1,bgreenblatt,add,2747,Jason Myers,K,0
2025,1292207787601850368,10,waiver,complete,1762448853925,2025-11-06,1,bgreenblatt,drop,3451,Ka'imi Fairbairn,K,
2025,1292207281802317824,10,free_agent,complete,1762448733334,2025-11-06,7,KingTowsk,add,2020,Cairo Santos,K,
2025,1292207281802317824,10,free_agent,complete,1762448733334,2025-11-06,7,KingTowsk,drop,11789,Joshua Karty,K,
2025,1292158840472633344,10,waiver,complete,1762437184021,2025-11-06,11,Jacktaco98,add,NYJ,New York Jets,DEF,1
2025,1292158840472633344,10,waiver,complete,1762437184021,2025-11-06,11,Jacktaco98,drop,SF,San Francisco 49ers,DEF,
2025,1292021732818849792,10,waiver,complete,1762404495009,2025-11-05,10,cc5597,add,5230,Michael Badgley,K,0
2025,1292021732818849792,10,waiver,complete,1762404495009,2025-11-05,10,cc5597,drop,11539,Jake Bates,K,
2025,1292021482955755520,10,waiver,complete,1762404435437,2025-11-05,10,cc5597,add,7527,Mac Jones,QB,1
2025,1292021482955755520,10,waiver,complete,1762404435437,2025-11-05,10,cc5597,drop,12545,Tyler Shough,QB,
2025,1291977697764868096,10,waiver,complete,1762393996233,2025-11-05,7,KingTowsk,add,11575,Ray Davis,RB,0
2025,1291977697764868096,10,waiver,complete,1762393996233,2025-11-05,7,KingTowsk,drop,12501,Matthew Golden,WR,
2025,1291940205284065280,10,waiver,failed,1762385057330,2025-11-05,1,bgreenblatt,add,5230,Michael Badgley,K,0
2025,1291940205284065280,10,waiver,failed,1762385057330,2025-11-05,1,bgreenblatt,drop,3451,Ka'imi Fairbairn,K,
2025,1291899893169786880,10,waiver,complete,1762375446173,2025-11-05,8,TylerWicks,add,7585,Davis Mills,QB,5
2025,1291850516539654144,10,waiver,failed,1762363673867,2025-11-05,6,JSanDusky69,add,2747,Jason Myers,K,1
2025,1291850345986662400,10,waiver,complete,1762363633204,2025-11-05,6,JSanDusky69,add,11792,Will Reichard,K,0
2025,1291849078035996672,10,free_agent,complete,1762363330901,2025-11-05,6,JSanDusky69,drop,LAC,Los Angeles Chargers,DEF,
2025,1291848324353130496,10,waiver,failed,1762363151208,2025-11-05,12,akepple9,add,NYJ,New York Jets,DEF,0
2025,1291848324353130496,10,waiver,failed,1762363151208,2025-11-05,12,akepple9,drop,CHI,Chicago Bears,DEF,
2025,1291820426602762240,10,free_agent,complete,1762356499866,2025-11-05,8,TylerWicks,drop,BUF,Buffalo Bills,DEF,
2025,1291814726661083136,10,waiver,complete,1762355140895,2025-11-05,8,TylerWicks,add,8142,Alec Pierce,WR,18
2025,1291814569362083840,10,waiver,failed,1762355103391,2025-11-05,8,TylerWicks,add,11565,J.J. McCarthy,QB,45
2025,1291814480065335296,10,free_agent,complete,1762355082101,2025-11-05,8,TylerWicks,drop,9494,Marvin Mims,WR,
2025,1291775255634788352,10,waiver,failed,1762345730269,2025-11-05,5,charliekaufmann,add,CAR,Carolina Panthers,DEF,0
2025,1291774822069567488,10,waiver,failed,1762345626898,2025-11-05,5,charliekaufmann,add,9481,Luke Musgrave,TE,0
2025,1291774569593475072,10,waiver,complete,1762345566704,2025-11-05,5,charliekaufmann,add,12517,Colston Loveland,TE,9
2025,1291774073654763520,10,free_agent,complete,1762345448462,2025-11-05,5,charliekaufmann,drop,7527,Mac Jones,QB,
2025,1296725107770679296,11,waiver,failed,1763525866982,2025-11-18,2,Erjohnson14,add,11435,Emanuel Wilson,RB,6
2025,1296725107770679296,11,waiver,failed,1763525866982,2025-11-18,2,Erjohnson14,drop,8111,Cade Otton,TE,
2025,1296693406835163136,11,waiver,failed,1763518308889,2025-11-18,2,Erjohnson14,add,7002,Juwan Johnson,TE,0
2025,1296693406835163136,11,waiver,failed,1763518308889,2025-11-18,2,Erjohnson14,drop,8111,Cade Otton,TE,
2025,1296577234814894080,11,waiver,complete,1763490611322,2025-11-18,6,JSanDusky69,add,1166,Kirk Cousins,QB,22
2025,1296577024277610496,11,waiver,failed,1763490561126,2025-11-18,6,JSanDusky69,add,12524,Shedeur Sanders,QB,19
2025,1296576188235403264,11,waiver,complete,1763490361798,2025-11-18,6,JSanDusky69,add,2020,Cairo Santos,K,0
2025,1296576065040322560,11,free_agent,complete,1763490332425,2025-11-18,6,JSanDusky69,drop,5189,Eddy Pineiro,K,
2025,1296575400314433536,11,free_agent,complete,1763490173943,2025-11-18,6,JSanDusky69,drop,7591,Justin Fields,QB,
2025,1296573387837026304,11,waiver,failed,1763489694130,2025-11-18,7,KingTowsk,add,1166,Kirk Cousins,QB,0
2025,1296573387837026304,11,waiver,failed,1763489694130,2025-11-18,7,KingTowsk,drop,2306,Jameis Winston,QB,
2025,1296573233532764160,11,waiver,failed,1763489657342,2025-11-18,7,KingTowsk,add,LV,Las Vegas Raiders,DEF,0
2025,1296573233532764160,11,waiver,failed,1763489657342,2025-11-18,7,KingTowsk,drop,2306,Jameis Winston,QB,
2025,1296573210166296576,11,waiver,failed,1763489651771,2025-11-18,7,KingTowsk,add,LV,Las Vegas Raiders,DEF,0
2025,1296573210166296576,11,waiver,failed,1763489651771,2025-11-18,7,KingTowsk,drop,11199,Emari Demercado,RB,
2025,1296572860688535552,11,waiver,failed,1763489568449,2025-11-18,7,KingTowsk,add,CLE,Cleveland Browns,DEF,0
2025,1296572860688535552,11,waiver,failed,1763489568449,2025-11-18,7,KingTowsk,drop,2306,Jameis Winston,QB,
2025,1296572836483182592,11,waiver,failed,1763489562678,2025-11-18,7,KingTowsk,add,CLE,Cleveland Browns,DEF,0
2025,1296572836483182592,11,waiver,failed,1763489562678,2025-11-18,7,KingTowsk,drop,11199,Emari Demercado,RB,
2025,1296568894315565056,11,waiver,failed,1763488622791,2025-11-18,7,KingTowsk,add,12545,Tyler Shough,QB,0
2025,1296568894315565056,11,waiver,failed,1763488622791,2025-11-18,7,KingTowsk,drop,2306,Jameis Winston,QB,
2025,1296568865152565248,11,waiver,failed,1763488615839,2025-11-18,7,KingTowsk,add,827,Tyrod Taylor,QB,0
2025,1296568865152565248,11,waiver,failed,1763488615839,2025-11-18,7,KingTowsk,drop,2306,Jameis Winston,QB,
2025,1296568777827176448,11,waiver,complete,1763488595019,2025-11-18,7,KingTowsk,add,4972,Mason Rudolph,QB,0
2025,1296568777827176448,11,waiver,complete,1763488595019,2025-11-18,7,KingTowsk,drop,2306,Jameis Winston,QB,
2025,1296562943923593216,11,waiver,failed,1763487204107,2025-11-18,7,KingTowsk,add,12490,Bhayshul Tuten,RB,0
2025,1296562943923593216,11,waiver,failed,1763487204107,2025-11-18,7,KingTowsk,drop,11199,Emari Demercado,RB,
2025,1296562903431798784,11,waiver,failed,1763487194454,2025-11-18,7,KingTowsk,add,11435,Emanuel Wilson,RB,0
2025,1296562903431798784,11,waiver,failed,1763487194454,2025-11-18,7,KingTowsk,drop,11199,Emari Demercado,RB,
2025,1296485573262868480,11,waiver,failed,1763468757504,2025-11-18,3,MaxSirianni,add,11435,Emanuel Wilson,RB,7
2025,1296485573262868480,11,waiver,failed,1763468757504,2025-11-18,3,MaxSirianni,drop,12455,Brashard Smith,RB,
2025,1296485518682357760,11,waiver,failed,1763468744491,2025-11-18,3,MaxSirianni,add,1166,Kirk Cousins,QB,21
2025,1296485518682357760,11,waiver,failed,1763468744491,2025-11-18,3,MaxSirianni,drop,9481,Luke Musgrave,TE,
2025,1296357264151576576,11,waiver,failed,1763438166229,2025-11-17,1,bgreenblatt,add,10219,Chris Rodriguez,RB,0
2025,1296357264151576576,11,waiver,failed,1763438166229,2025-11-17,1,bgreenblatt,drop,4981,Calvin Ridley,WR,
2025,1296357205095780352,11,waiver,complete,1763438152148,2025-11-17,12,akepple9,add,11786,Cam Little,K,11
2025,1296357205095780352,11,waiver,complete,1763438152148,2025-11-17,12,akepple9,drop,11597,Theo Johnson,TE,
2025,1296356491107786752,11,waiver,complete,1763437981921,2025-11-17,12,akepple9,add,PHI,Philadelphia Eagles,DEF,0
2025,1296356491107786752,11,waiver,complete,1763437981921,2025-11-17,12,akepple9,drop,LAC,Los Angeles Chargers,DEF,
2025,1296264960397041664,11,waiver,complete,1763416159299,2025-11-17,1,bgreenblatt,add,12490,Bhayshul Tuten,RB,20
2025,1296264960397041664,11,waiver,complete,1763416159299,2025-11-17,1,bgreenblatt,drop,5844,T.J. Hockenson,TE,
2025,1296264792608104448,11,waiver,failed,1763416119295,2025-11-17,1,bgreenblatt,add,12484,Jayden Higgins,WR,0
2025,1296264792608104448,11,waiver,failed,1763416119295,2025-11-17,1,bgreenblatt,drop,4981,Calvin Ridley,WR,
2025,1296264693513469952,11,waiver,failed,1763416095669,2025-11-17,1,bgreenblatt,add,11435,Emanuel Wilson,RB,0
2025,1296264693513469952,11,waiver,failed,1763416095669,2025-11-17,1,bgreenblatt,drop,8132,Tyler Allgeier,RB,
2025,1295968608953856000,11,waiver,complete,1763345503609,2025-11-16,1,bgreenblatt,add,12519,Luther Burden,WR,0
2025,1295968608953856000,11,waiver,complete,1763345503609,2025-11-16,1,bgreenblatt,drop,4981,Calvin Ridley,WR,
2025,1295925088083771392,11,waiver,failed,1763335127424,2025-11-16,1,bgreenblatt,add,CLE,Cleveland Browns,DEF,0
2025,1295925088083771392,11,waiver,failed,1763335127424,2025-11-16,1,bgreenblatt,drop,KC,Kansas City Chiefs,DEF,
2025,1295901692834910208,11,waiver,failed,1763329549563,2025-11-16,1,bgreenblatt,add,7090,Darnell Mooney,WR,0
2025,1295901692834910208,11,waiver,failed,1763329549563,2025-11-16,1,bgreenblatt,drop,8132,Tyler Allgeier,RB,
2025,1295834703189786624,11,free_agent,complete,1763313577986,2025-11-16,4,jdrobny,add,BUF,Buffalo Bills,DEF,
2025,1295834703189786624,11,free_agent,complete,1763313577986,2025-11-16,4,jdrobny,drop,LV,Las Vegas Raiders,DEF,
2025,1295834584205783040,11,free_agent,complete,1763313549618,2025-11-16,4,jdrobny,add,9506,Sean Tucker,RB,
2025,1295831157732040704,11,free_agent,complete,1763312732683,2025-11-16,9,brockhusk,add,4144,Jonnu Smith,TE,
2025,1295831157732040704,11,free_agent,complete,1763312732683,2025-11-16,9,brockhusk,drop,7891,Brock Wright,TE,
2025,1295826427811233792,11,waiver,complete,1763311604982,2025-11-16,1,bgreenblatt,add,5844,T.J. Hockenson,TE,0
2025,1295826427811233792,11,waiver,complete,1763311604982,2025-11-16,1,bgreenblatt,drop,11586,Blake Corum,RB,
2025,1295786807539040256,11,waiver,failed,1763302158773,2025-11-16,9,brockhusk,add,4144,Jonnu Smith,TE,0
2025,1295786807539040256,11,waiver,failed,1763302158773,2025-11-16,9,brockhusk,drop,IND,Indianapolis Colts,DEF,
2025,1295786455615946752,11,waiver,complete,1763302074869,2025-11-16,9,brockhusk,add,7891,Brock Wright,TE,2
2025,1295786455615946752,11,waiver,complete,1763302074869,2025-11-16,9,brockhusk,drop,IND,Indianapolis Colts,DEF,
2025,1295554934380462080,11,waiver,complete,1763246875905,2025-11-15,6,JSanDusky69,add,8122,Zonovan Knight,RB,0
2025,1295554387225116673,11,free_agent,complete,1763246745452,2025-11-15,6,JSanDusky69,drop,12511,Will Howard,QB,
2025,1295537008969535488,11,free_agent,complete,1763242602153,2025-11-15,4,jdrobny,drop,6806,J.K. Dobbins,RB,
2025,1295112090767331328,11,waiver,complete,1763141293760,2025-11-14,5,charliekaufmann,add,4227,Harrison Butker,K,0
2025,1295112090767331328,11,waiver,complete,1763141293760,2025-11-14,5,charliekaufmann,drop,3678,Wil Lutz,K,
2025,1295094235745255424,11,waiver,complete,1763137036791,2025-11-14,6,JSanDusky69,add,8125,Calvin Austin,WR,0
2025,1295094235745255424,11,waiver,complete,1763137036791,2025-11-14,6,JSanDusky69,drop,5095,Daniel Carlson,K,
2025,1294849739212218368,11,free_agent,complete,1763078744274,2025-11-13,11,Jacktaco98,add,8180,Jalen Nailor,WR,
2025,1294796950918430720,11,waiver,complete,1763066158565,2025-11-13,7,KingTowsk,add,2747,Jason Myers,K,0
2025,1294796950918430720,11,waiver,complete,1763066158565,2025-11-13,7,KingTowsk,drop,2020,Cairo Santos,K,
2025,1294769483725955072,11,free_agent,complete,1763059609875,2025-11-13,12,akepple9,add,LAC,Los Angeles Chargers,DEF,
2025,1294769483725955072,11,free_agent,complete,1763059609875,2025-11-13,12,akepple9,drop,BUF,Buffalo Bills,DEF,
2025,1294757281879064576,11,free_agent,complete,1763056700729,2025-11-13,2,Erjohnson14,add,8111,Cade Otton,TE,
2025,1294757281879064576,11,free_agent,complete,1763056700729,2025-11-13,2,Erjohnson14,drop,5844,T.J. Hockenson,TE,
2025,1294451475879067648,11,waiver,complete,1762983790897,2025-11-12,7,KingTowsk,add,2306,Jameis Winston,QB,0
2025,1294451475879067648,11,waiver,complete,1762983790897,2025-11-12,7,KingTowsk,drop,12486,Dillon Gabriel,QB,
2025,1294445421459968000,11,waiver,complete,1762982347410,2025-11-12,8,TylerWicks,add,10232,Michael Wilson,WR,2
2025,1294398587098112000,11,waiver,failed,1762971181229,2025-11-12,4,jdrobny,add,ATL,Atlanta Falcons,DEF,0
2025,1294398587098112000,11,waiver,failed,1762971181229,2025-11-12,4,jdrobny,drop,LV,Las Vegas Raiders,DEF,
2025,1294387104477908992,11,waiver,complete,1762968443558,2025-11-12,11,Jacktaco98,add,ATL,Atlanta Falcons,DEF,1
2025,1294387104477908992,11,waiver,complete,1762968443558,2025-11-12,11,Jacktaco98,drop,NYJ,New York Jets,DEF,
2025,1294379130795601920,11,waiver,complete,1762966542485,2025-11-12,11,Jacktaco98,add,6783,Jerry Jeudy,WR,11
2025,1294379130795601920,11,waiver,complete,1762966542485,2025-11-12,11,Jacktaco98,drop,12540,Chimere Dike,WR,
2025,1294378174213279744,11,waiver,complete,1762966314418,2025-11-12,11,Jacktaco98,add,5001,Dalton Schultz,TE,7
2025,1294378174213279744,11,waiver,complete,1762966314418,2025-11-12,11,Jacktaco98,drop,4066,Evan Engram,TE,
2025,1294377846885613568,11,waiver,failed,1762966236377,2025-11-12,7,KingTowsk,add,9506,Sean Tucker,RB,0
2025,1294377846885613568,11,waiver,failed,1762966236377,2025-11-12,7,KingTowsk,drop,11435,Emanuel Wilson,RB,
2025,1294377795769606144,11,waiver,failed,1762966224189,2025-11-12,7,KingTowsk,add,9506,Sean Tucker,RB,0
2025,1294377795769606144,11,waiver,failed,1762966224189,2025-11-12,7,KingTowsk,drop,11571,Isaiah Davis,RB,
2025,1294377787636879360,11,waiver,failed,1762966222250,2025-11-12,11,Jacktaco98,add,PIT,Pittsburgh Steelers,DEF,3
2025,1294377787636879360,11,waiver,failed,1762966222250,2025-11-12,11,Jacktaco98,drop,NYJ,New York Jets,DEF,
2025,1294377443796213760,11,free_agent,complete,1762966140273,2025-11-12,11,Jacktaco98,drop,4147,Samaje Perine,RB,
2025,1294369025857429504,11,waiver,failed,1762964133280,2025-11-12,9,brockhusk,add,ATL,Atlanta Falcons,DEF,0
2025,1294369025857429504,11,waiver,failed,1762964133280,2025-11-12,9,brockhusk,drop,4144,Jonnu Smith,TE,
2025,1294353152111288320,11,waiver,complete,1762960348684,2025-11-12,10,cc5597,add,2216,Mike Evans,WR,0
2025,1294353152111288320,11,waiver,complete,1762960348684,2025-11-12,10,cc5597,drop,7527,Mac Jones,QB,
2025,1294351588785156096,11,waiver,complete,1762959975958,2025-11-12,10,cc5597,add,5927,Terry McLaurin,WR,11
2025,1294351588785156096,11,waiver,complete,1762959975958,2025-11-12,10,cc5597,drop,7594,Chuba Hubbard,RB,
2025,1294348197782646784,11,free_agent,complete,1762959167479,2025-11-12,8,TylerWicks,drop,12530,Travis Hunter,WR,
2025,1299228791335313408,12,waiver,complete,1764122791659,2025-11-25,2,Erjohnson14,add,3451,Ka'imi Fairbairn,K,0
2025,1299228791335313408,12,waiver,complete,1764122791659,2025-11-25,2,Erjohnson14,drop,12711,Tyler Loop,K,
2025,1299075769770704896,12,waiver,complete,1764086308476,2025-11-25,7,KingTowsk,add,827,Tyrod Taylor,QB,0
2025,1299075769770704896,12,waiver,complete,1764086308476,2025-11-25,7,KingTowsk,drop,10226,Andrei Iosivas,WR,
2025,1299075325480701952,12,waiver,failed,1764086202548,2025-11-25,7,KingTowsk,add,12476,Devin Neal,RB,0
2025,1299075129736699904,12,waiver,complete,1764086155880,2025-11-25,7,KingTowsk,add,8147,John Metchie,WR,0
2025,1299075092986212352,12,waiver,failed,1764086147118,2025-11-25,7,KingTowsk,add,9480,Brenton Strange,TE,0
2025,1299074987981824000,12,free_agent,complete,1764086122082,2025-11-25,7,KingTowsk,drop,4972,Mason Rudolph,QB,
2025,1299074941563449344,12,free_agent,complete,1764086111015,2025-11-25,7,KingTowsk,drop,8154,Brian Robinson,RB,
2025,1299074746905817088,12,waiver,failed,1764086064605,2025-11-25,7,KingTowsk,add,NO,New Orleans Saints,DEF,0
2025,1299074746905817088,12,waiver,failed,1764086064605,2025-11-25,7,KingTowsk,drop,BAL,Baltimore Ravens,DEF,
2025,1299074687816441856,12,waiver,failed,1764086050517,2025-11-25,7,KingTowsk,add,MIA,Miami Dolphins,DEF,0
2025,1299074687816441856,12,waiver,failed,1764086050517,2025-11-25,7,KingTowsk,drop,BAL,Baltimore Ravens,DEF,
2025,1299074623450656768,12,waiver,complete,1764086035171,2025-11-25,7,KingTowsk,add,TB,Tampa Bay Buccaneers,DEF,0
2025,1299074623450656768,12,waiver,complete,1764086035171,2025-11-25,7,KingTowsk,drop,BAL,Baltimore Ravens,DEF,
2025,1299074599450857472,12,waiver,failed,1764086029449,2025-11-25,7,KingTowsk,add,LAC,Los Angeles Chargers,DEF,0
2025,1299074599450857472,12,waiver,failed,1764086029449,2025-11-25,7,KingTowsk,drop,BAL,Baltimore Ravens,DEF,
2025,1299068929502638080,12,free_agent,complete,1764084677628,2025-11-25,8,TylerWicks,drop,12545,Tyler Shough,QB,
2025,1298890727257800704,12,waiver,complete,1764042190902,2025-11-24,1,bgreenblatt,add,10219,Chris Rodriguez,RB,0
2025,1298890727257800704,12,waiver,complete,1764042190902,2025-11-24,1,bgreenblatt,drop,GB,Green Bay Packers,DEF,
2025,1298890660673249280,12,waiver,failed,1764042175027,2025-11-24,1,bgreenblatt,add,12476,Devin Neal,RB,0
2025,1298890660673249280,12,waiver,failed,1764042175027,2025-11-24,1,bgreenblatt,drop,4035,Alvin Kamara,RB,
2025,1298537957883392000,12,free_agent,complete,1763958084129,2025-11-23,7,KingTowsk,add,8154,Brian Robinson,RB,
2025,1298537957883392000,12,free_agent,complete,1763958084129,2025-11-23,7,KingTowsk,drop,11586,Blake Corum,RB,
2025,1298448347069173760,12,waiver,complete,1763936719246,2025-11-23,11,Jacktaco98,add,8146,Garrett Wilson,WR,7
2025,1298448347069173760,12,waiver,complete,1763936719246,2025-11-23,11,Jacktaco98,drop,4177,Mack Hollins,WR,
2025,1298442374585815040,12,free_agent,complete,1763935295295,2025-11-23,7,KingTowsk,add,11586,Blake Corum,RB,
2025,1298442374585815040,12,free_agent,complete,1763935295295,2025-11-23,7,KingTowsk,drop,11571,Isaiah Davis,RB,
2025,1298365353889398784,12,waiver,complete,1763916932131,2025-11-23,7,KingTowsk,add,4972,Mason Rudolph,QB,0
2025,1298365353889398784,12,waiver,complete,1763916932131,2025-11-23,7,KingTowsk,drop,827,Tyrod Taylor,QB,
2025,1298362785670909952,12,waiver,complete,1763916319819,2025-11-23,7,KingTowsk,add,11571,Isaiah Davis,RB,0
2025,1298362785670909952,12,waiver,complete,1763916319819,2025-11-23,7,KingTowsk,drop,11199,Emari Demercado,RB,
2025,1298341833952202752,12,waiver,complete,1763911324540,2025-11-23,4,jdrobny,add,2306,Jameis Winston,QB,1
2025,1298341314647064576,12,free_agent,complete,1763911200728,2025-11-23,4,jdrobny,drop,11559,Michael Penix,QB,
2025,1298341262847414272,12,free_agent,complete,1763911188378,2025-11-23,4,jdrobny,drop,8146,Garrett Wilson,WR,
2025,1298341176608292864,12,free_agent,complete,1763911167817,2025-11-23,4,jdrobny,drop,1433,Brandon McManus,K,
2025,1298178219593179136,12,waiver,failed,1763872315837,2025-11-22,1,bgreenblatt,add,LAC,Los Angeles Chargers,DEF,0
2025,1298178219593179136,12,waiver,failed,1763872315837,2025-11-22,1,bgreenblatt,drop,TB,Tampa Bay Buccaneers,DEF,
2025,1298178009634734080,12,waiver,complete,1763872265779,2025-11-22,1,bgreenblatt,add,LAR,Los Angeles Rams,DEF,0
2025,1298178009634734080,12,waiver,complete,1763872265779,2025-11-22,1,bgreenblatt,drop,TB,Tampa Bay Buccaneers,DEF,
2025,1297654151513128960,12,waiver,complete,1763747368271,2025-11-21,6,JSanDusky69,add,9504,Kayshon Boutte,WR,1
2025,1297654151513128960,12,waiver,complete,1763747368271,2025-11-21,6,JSanDusky69,drop,10219,Chris Rodriguez,RB,
2025,1297654089240309760,12,waiver,failed,1763747353424,2025-11-21,6,JSanDusky69,add,8111,Cade Otton,TE,0
2025,1297654089240309760,12,waiver,failed,1763747353424,2025-11-21,6,JSanDusky69,drop,10219,Chris Rodriguez,RB,
2025,1297416566794616832,12,waiver,complete,1763690723660,2025-11-20,11,Jacktaco98,add,8122,Zonovan Knight,RB,6
2025,1297369509992095744,12,waiver,complete,1763679504444,2025-11-20,1,bgreenblatt,add,GB,Green Bay Packers,DEF,0
2025,1297369509992095744,12,waiver,complete,1763679504444,2025-11-20,1,bgreenblatt,drop,NO,New Orleans Saints,DEF,
2025,1297363790077124608,12,free_agent,complete,1763678140709,2025-11-20,1,bgreenblatt,add,TB,Tampa Bay Buccaneers,DEF,
2025,1297363790077124608,12,free_agent,complete,1763678140709,2025-11-20,1,bgreenblatt,drop,8132,Tyler Allgeier,RB,
2025,1297338265015177216,12,free_agent,complete,1763672055061,2025-11-20,2,Erjohnson14,add,SF,San Francisco 49ers,DEF,
2025,1297338265015177216,12,free_agent,complete,1763672055061,2025-11-20,2,Erjohnson14,drop,8111,Cade Otton,TE,
2025,1297271666010767360,12,waiver,complete,1763656176621,2025-11-20,7,KingTowsk,add,827,Tyrod Taylor,QB,0
2025,1297271666010767360,12,waiver,complete,1763656176621,2025-11-20,7,KingTowsk,drop,4972,Mason Rudolph,QB,
2025,1297271444035637248,12,waiver,complete,1763656123698,2025-11-20,7,KingTowsk,add,10226,Andrei Iosivas,WR,0
2025,1297271444035637248,12,waiver,complete,1763656123698,2025-11-20,7,KingTowsk,drop,12533,Jacory Croskey-Merritt,RB,
2025,1296937608890318848,12,free_agent,complete,1763576531197,2025-11-19,3,MaxSirianni,drop,9481,Luke Musgrave,TE,
2025,1296931731378569216,12,waiver,complete,1763575129889,2025-11-19,6,JSanDusky69,add,10219,Chris Rodriguez,RB,0
2025,1296927540438376448,12,waiver,complete,1763574130691,2025-11-19,1,bgreenblatt,add,NO,New Orleans Saints,DEF,0
2025,1296927540438376448,12,waiver,complete,1763574130691,2025-11-19,1,bgreenblatt,drop,KC,Kansas City Chiefs,DEF,
2025,1296922167019057152,12,waiver,complete,1763572849568,2025-11-19,6,JSanDusky69,add,12524,Shedeur Sanders,QB,0
2025,1296922167019057152,12,waiver,complete,1763572849568,2025-11-19,6,JSanDusky69,drop,1373,Geno Smith,QB,
2025,1296919788286672896,12,waiver,failed,1763572282434,2025-11-19,10,cc5597,add,GB,Green Bay Packers,DEF,0
2025,1296919788286672896,12,waiver,failed,1763572282434,2025-11-19,10,cc5597,drop,9508,Tyjae Spears,RB,
2025,1296918824095846400,12,waiver,complete,1763572052552,2025-11-19,10,cc5597,add,DET,Detroit Lions,DEF,0
2025,1296918824095846400,12,waiver,complete,1763572052552,2025-11-19,10,cc5597,drop,9508,Tyjae Spears,RB,
2025,1296918269759864832,12,waiver,failed,1763571920388,2025-11-19,7,KingTowsk,add,8122,Zonovan Knight,RB,0
2025,1296918269759864832,12,waiver,failed,1763571920388,2025-11-19,7,KingTowsk,drop,11199,Emari Demercado,RB,
2025,1296915429905674240,12,waiver,failed,1763571243315,2025-11-19,10,cc5597,add,LV,Las Vegas Raiders,DEF,0
2025,1296915429905674240,12,waiver,failed,1763571243315,2025-11-19,10,cc5597,drop,9508,Tyjae Spears,RB,
2025,1296915360347361280,12,waiver,failed,1763571226731,2025-11-19,10,cc5597,add,CLE,Cleveland Browns,DEF,0
2025,1296915360347361280,12,waiver,failed,1763571226731,2025-11-19,10,cc5597,drop,9508,Tyjae Spears,RB,
2025,1296914221165989888,12,waiver,failed,1763570955129,2025-11-19,10,cc5597,add,11435,Emanuel Wilson,RB,2
2025,1296914221165989888,12,waiver,failed,1763570955129,2025-11-19,10,cc5597,drop,9508,Tyjae Spears,RB,
2025,1296913919067045888,12,free_agent,complete,1763570883103,2025-11-19,6,JSanDusky69,drop,8122,Zonovan Knight,RB,
2025,1296913855074541568,12,waiver,failed,1763570867845,2025-11-19,6,JSanDusky69,add,CLE,Cleveland Browns,DEF,0
2025,1296913804617064448,12,waiver,failed,1763570855815,2025-11-19,6,JSanDusky69,add,11786,Cam Little,K,2
2025,1296913627038613504,12,waiver,complete,1763570813478,2025-11-19,6,JSanDusky69,add,JAX,Jacksonville Jaguars,DEF,3
2025,1296913457089626112,12,free_agent,complete,1763570772958,2025-11-19,6,JSanDusky69,drop,8125,Calvin Austin,WR,
2025,1296910829827948544,12,waiver,failed,1763570146571,2025-11-19,11,Jacktaco98,add,11435,Emanuel Wilson,RB,16
2025,1296910829827948544,12,waiver,failed,1763570146571,2025-11-19,11,Jacktaco98,drop,1339,Zach Ertz,TE,
2025,1296910122022338560,12,waiver,complete,1763569977816,2025-11-19,9,brockhusk,add,LV,Las Vegas Raiders,DEF,5
2025,1296910122022338560,12,waiver,complete,1763569977816,2025-11-19,9,brockhusk,drop,PIT,Pittsburgh Steelers,DEF,
2025,1296909977159491584,12,waiver,complete,1763569943279,2025-11-19,9,brockhusk,add,7002,Juwan Johnson,TE,6
2025,1296909582613884928,12,waiver,complete,1763569849211,2025-11-19,11,Jacktaco98,add,7090,Darnell Mooney,WR,17
2025,1296909582613884928,12,waiver,complete,1763569849211,2025-11-19,11,Jacktaco98,drop,8180,Jalen Nailor,WR,
2025,1296908287849033728,12,free_agent,complete,1763569540516,2025-11-19,11,Jacktaco98,drop,11610,Malik Washington,WR,
2025,1296900535810555904,12,waiver,complete,1763567692286,2025-11-19,8,TylerWicks,add,11435,Emanuel Wilson,RB,20
2025,1296900535810555904,12,waiver,complete,1763567692286,2025-11-19,8,TylerWicks,drop,9504,Kayshon Boutte,WR,
2025,1296900366482276352,12,waiver,complete,1763567651914,2025-11-19,8,TylerWicks,add,12545,Tyler Shough,QB,18
2025,1296900366482276352,12,waiver,complete,1763567651914,2025-11-19,8,TylerWicks,drop,12497,Tory Horton,WR,
2025,1296852231970123776,12,waiver,complete,1763556175753,2025-11-19,5,charliekaufmann,add,CLE,Cleveland Browns,DEF,3
2025,1296852231970123776,12,waiver,complete,1763556175753,2025-11-19,5,charliekaufmann,drop,GB,Green Bay Packers,DEF,
2025,1296852012389892096,12,waiver,failed,1763556123400,2025-11-19,5,charliekaufmann,add,11786,Cam Little,K,0
2025,1296852012389892096,12,waiver,failed,1763556123400,2025-11-19,5,charliekaufmann,drop,4227,Harrison Butker,K,
2025,1301789369706766336,13,waiver,complete,1764733281116,2025-12-02,1,bgreenblatt,add,2505,Darren Waller,TE,0
2025,1301789369706766336,13,waiver,complete,1764733281116,2025-12-02,1,bgreenblatt,drop,6920,Isaiah Hodgins,WR,
2025,1301715504339099648,13,waiver,failed,1764715670241,2025-12-02,7,KingTowsk,add,11603,AJ Barner,TE,0
2025,1301715504339099648,13,waiver,failed,1764715670241,2025-12-02,7,KingTowsk,drop,8111,Cade Otton,TE,
2025,1301715489877135360,13,waiver,complete,1764715666792,2025-12-02,7,KingTowsk,add,11603,AJ Barner,TE,1
2025,1301715489877135360,13,waiver,complete,1764715666792,2025-12-02,7,KingTowsk,drop,8111,Cade Otton,TE,
2025,1301714674496061440,13,waiver,failed,1764715472390,2025-12-02,7,KingTowsk,add,11586,Blake Corum,RB,1
2025,1301714674496061440,13,waiver,failed,1764715472390,2025-12-02,7,KingTowsk,drop,8132,Tyler Allgeier,RB,
2025,1301714582238150656,13,waiver,failed,1764715450395,2025-12-02,7,KingTowsk,add,10219,Chris Rodriguez,RB,1
2025,1301714582238150656,13,waiver,failed,1764715450395,2025-12-02,7,KingTowsk,drop,8132,Tyler Allgeier,RB,
2025,1301714421105590272,13,waiver,complete,1764715411978,2025-12-02,7,KingTowsk,add,PIT,Pittsburgh Steelers,DEF,0
2025,1301714421105590272,13,waiver,complete,1764715411978,2025-12-02,7,KingTowsk,drop,12485,Tez Johnson,WR,
2025,1301667185751527424,13,waiver,failed,1764704150192,2025-12-02,6,JSanDusky69,add,12015,Harrison Mevis,K,0
2025,1301667185751527424,13,waiver,failed,1764704150192,2025-12-02,6,JSanDusky69,drop,2020,Cairo Santos,K,
2025,1301666945065549824,13,waiver,failed,1764704092807,2025-12-02,6,JSanDusky69,add,12711,Tyler Loop,K,0
2025,1301666945065549824,13,waiver,failed,1764704092807,2025-12-02,6,JSanDusky69,drop,2020,Cairo Santos,K,
2025,1301666776639107072,13,waiver,complete,1764704052651,2025-12-02,6,JSanDusky69,add,3678,Wil Lutz,K,0
2025,1301666776639107072,13,waiver,complete,1764704052651,2025-12-02,6,JSanDusky69,drop,2020,Cairo Santos,K,
2025,1301588052195418112,13,waiver,complete,1764685283282,2025-12-02,8,TylerWicks,add,10219,Chris Rodriguez,RB,27
2025,1301585737308712960,13,waiver,failed,1764684731370,2025-12-02,3,MaxSirianni,add,11586,Blake Corum,RB,5
2025,1301585737308712960,13,waiver,failed,1764684731370,2025-12-02,3,MaxSirianni,drop,5970,Greg Dortch,WR,
2025,1301335681473212416,13,waiver,failed,1764625113413,2025-12-01,1,bgreenblatt,add,11625,Adonai Mitchell,WR,0
2025,1301335681473212416,13,waiver,failed,1764625113413,2025-12-01,1,bgreenblatt,drop,12490,Bhayshul Tuten,RB,
2025,1301059355071741952,13,waiver,complete,1764559232065,2025-11-30,1,bgreenblatt,add,7594,Chuba Hubbard,RB,0
2025,1301059355071741952,13,waiver,complete,1764559232065,2025-11-30,1,bgreenblatt,drop,12490,Bhayshul Tuten,RB,
2025,1301059235949326336,13,waiver,failed,1764559203664,2025-11-30,1,bgreenblatt,add,10219,Chris Rodriguez,RB,0
2025,1301059235949326336,13,waiver,failed,1764559203664,2025-11-30,1,bgreenblatt,drop,6920,Isaiah Hodgins,WR,
2025,1301041115964653568,13,waiver,complete,1764554883522,2025-11-30,6,JSanDusky69,add,KC,Kansas City Chiefs,DEF,2
2025,1301041115964653568,13,waiver,complete,1764554883522,2025-11-30,6,JSanDusky69,drop,JAX,Jacksonville Jaguars,DEF,
2025,1300902149386948608,13,waiver,failed,1764521751308,2025-11-30,7,KingTowsk,add,11586,Blake Corum,RB,0
2025,1300902149386948608,13,waiver,failed,1764521751308,2025-11-30,7,KingTowsk,drop,6149,Darius Slayton,WR,
2025,1300902073503596544,13,waiver,complete,1764521733216,2025-11-30,7,KingTowsk,add,8132,Tyler Allgeier,RB,0
2025,1300902073503596544,13,waiver,complete,1764521733216,2025-11-30,7,KingTowsk,drop,6149,Darius Slayton,WR,
2025,1300901910051557376,13,waiver,complete,1764521694247,2025-11-30,1,bgreenblatt,add,6920,Isaiah Hodgins,WR,0
2025,1300901910051557376,13,waiver,complete,1764521694247,2025-11-30,1,bgreenblatt,drop,10219,Chris Rodriguez,RB,
2025,1299817481463922688,13,free_agent,complete,1764263146324,2025-11-27,4,jdrobny,add,IND,Indianapolis Colts,DEF,
2025,1299814747310428160,13,waiver,complete,1764262494451,2025-11-27,9,brockhusk,add,MIA,Miami Dolphins,DEF,0
2025,1299814747310428160,13,waiver,complete,1764262494451,2025-11-27,9,brockhusk,drop,LV,Las Vegas Raiders,DEF,
2025,1299549049883480064,13,waiver,complete,1764199147248,2025-11-26,10,cc5597,add,12484,Jayden Higgins,WR,0
2025,1299549049883480064,13,waiver,complete,1764199147248,2025-11-26,10,cc5597,drop,DET,Detroit Lions,DEF,
2025,1299535038169219072,13,waiver,complete,1764195806595,2025-11-26,7,KingTowsk,add,8111,Cade Otton,TE,0
2025,1299505649406713856,13,trade,complete,1764188799767,2025-11-26,7,KingTowsk,add,10236,Dalton Kincaid,TE,
2025,1299505649406713856,13,trade,complete,1764188799767,2025-11-26,10,cc5597,add,11604,Brock Bowers,TE,
2025,1299505649406713856,13,trade,complete,1764188799767,2025-11-26,10,cc5597,add,2307,Marcus Mariota,QB,
2025,1299505649406713856,13,trade,complete,1764188799767,2025-11-26,7,KingTowsk,add,6770,Joe Burrow,QB,
2025,1299505649406713856,13,trade,complete,1764188799767,2025-11-26,7,KingTowsk,add,6786,CeeDee Lamb,WR,
2025,1299505649406713856,13,trade,complete,1764188799767,2025-11-26,10,cc5597,add,9488,Jaxon Smith-Njigba,WR,
2025,1299505649406713856,13,trade,complete,1764188799767,2025-11-26,10,cc5597,drop,10236,Dalton Kincaid,TE,
2025,1299505649406713856,13,trade,complete,1764188799767,2025-11-26,7,KingTowsk,drop,11604,Brock Bowers,TE,
2025,1299505649406713856,13,trade,complete,1764188799767,2025-11-26,7,KingTowsk,drop,2307,Marcus Mariota,QB,
2025,1299505649406713856,13,trade,complete,1764188799767,2025-11-26,10,cc5597,drop,6770,Joe Burrow,QB,
2025,1299505649406713856,13,trade,complete,1764188799767,2025-11-26,10,cc5597,drop,6786,CeeDee Lamb,WR,
2025,1299505649406713856,13,trade,complete,1764188799767,2025-11-26,7,KingTowsk,drop,9488,Jaxon Smith-Njigba,WR,
2025,1299457214062301184,13,waiver,failed,1764177251881,2025-11-26,1,bgreenblatt,add,12484,Jayden Higgins,WR,0
2025,1299457214062301184,13,waiver,failed,1764177251881,2025-11-26,1,bgreenblatt,drop,4035,Alvin Kamara,RB,
2025,1299421303073161216,13,waiver,complete,1764168690035,2025-11-26,2,Erjohnson14,add,9480,Brenton Strange,TE,3
2025,1299420909110558720,13,free_agent,complete,1764168596106,2025-11-26,2,Erjohnson14,drop,11565,J.J. McCarthy,QB,
2025,1299416840358875136,13,waiver,complete,1764167626041,2025-11-26,3,MaxSirianni,add,LAC,Los Angeles Chargers,DEF,2
2025,1299416840358875136,13,waiver,complete,1764167626041,2025-11-26,3,MaxSirianni,drop,MIN,Minnesota Vikings,DEF,
2025,1299416669520683008,13,waiver,complete,1764167585309,2025-11-26,3,MaxSirianni,add,5970,Greg Dortch,WR,0
2025,1299416669520683008,13,waiver,complete,1764167585309,2025-11-26,3,MaxSirianni,drop,12455,Brashard Smith,RB,
2025,1299388564978548736,13,waiver,failed,1764160884664,2025-11-26,5,charliekaufmann,add,8146,Garrett Wilson,WR,0
2025,1299387689669267456,13,waiver,complete,1764160675974,2025-11-26,5,charliekaufmann,add,12476,Devin Neal,RB,9
2025,1304320608879792128,14,waiver,complete,1765336775563,2025-12-09,1,bgreenblatt,add,CHI,Chicago Bears,DEF,0
2025,1304320608879792128,14,waiver,complete,1765336775563,2025-12-09,1,bgreenblatt,drop,LAR,Los Angeles Rams,DEF,
2025,1304320560829857792,14,waiver,failed,1765336764108,2025-12-09,1,bgreenblatt,add,JAX,Jacksonville Jaguars,DEF,0
2025,1304320560829857792,14,waiver,failed,1765336764108,2025-12-09,1,bgreenblatt,drop,LAR,Los Angeles Rams,DEF,
2025,1304186029820882944,14,waiver,complete,1765304689415,2025-12-09,10,cc5597,add,DET,Detroit Lions,DEF,1
2025,1304162706105839616,14,waiver,failed,1765299128608,2025-12-09,7,KingTowsk,add,11783,Ryan Flournoy,WR,0
2025,1304162706105839616,14,waiver,failed,1765299128608,2025-12-09,7,KingTowsk,drop,8132,Tyler Allgeier,RB,
2025,1304162446818152448,14,waiver,failed,1765299066790,2025-12-09,7,KingTowsk,add,4035,Alvin Kamara,RB,0
2025,1304162446818152448,14,waiver,failed,1765299066790,2025-12-09,7,KingTowsk,drop,4147,Samaje Perine,RB,
2025,1304162093519351808,14,waiver,failed,1765298982557,2025-12-09,7,KingTowsk,add,7591,Justin Fields,QB,0
2025,1304162020018364416,14,waiver,complete,1765298965032,2025-12-09,7,KingTowsk,add,11565,J.J. McCarthy,QB,0
2025,1304161807543341056,14,waiver,complete,1765298914375,2025-12-09,7,KingTowsk,add,DAL,Dallas Cowboys,DEF,0
2025,1304161807543341056,14,waiver,complete,1765298914375,2025-12-09,7,KingTowsk,drop,4147,Samaje Perine,RB,
2025,1304161602982912000,14,waiver,failed,1765298865603,2025-12-09,7,KingTowsk,add,CHI,Chicago Bears,DEF,0
2025,1304161602982912000,14,waiver,failed,1765298865603,2025-12-09,7,KingTowsk,drop,4147,Samaje Perine,RB,
2025,1304161521848295424,14,waiver,failed,1765298846259,2025-12-09,7,KingTowsk,add,JAX,Jacksonville Jaguars,DEF,0
2025,1304161521848295424,14,waiver,failed,1765298846259,2025-12-09,7,KingTowsk,drop,4147,Samaje Perine,RB,
2025,1304160397405753344,14,free_agent,complete,1765298578171,2025-12-09,7,KingTowsk,drop,5849,Kyler Murray,QB,
2025,1304137690509242368,14,waiver,complete,1765293164426,2025-12-09,6,JSanDusky69,add,GB,Green Bay Packers,DEF,0
2025,1304137690509242368,14,waiver,complete,1765293164426,2025-12-09,6,JSanDusky69,drop,KC,Kansas City Chiefs,DEF,
2025,1304137586960261120,14,waiver,failed,1765293139738,2025-12-09,6,JSanDusky69,add,JAX,Jacksonville Jaguars,DEF,0
2025,1304137586960261120,14,waiver,failed,1765293139738,2025-12-09,6,JSanDusky69,drop,KC,Kansas City Chiefs,DEF,
2025,1304128593151934464,14,waiver,complete,1765290995446,2025-12-09,1,bgreenblatt,add,11596,Ben Sinnott,TE,0
2025,1304128593151934464,14,waiver,complete,1765290995446,2025-12-09,1,bgreenblatt,drop,11834,Devaughn Vele,WR,
2025,1304127962878066688,14,free_agent,complete,1765290845177,2025-12-09,10,cc5597,drop,10213,Tre Tucker,WR,
2025,1304107365133484032,14,waiver,failed,1765285934292,2025-12-09,3,MaxSirianni,add,JAX,Jacksonville Jaguars,DEF,3
2025,1304107365133484032,14,waiver,failed,1765285934292,2025-12-09,3,MaxSirianni,drop,LAC,Los Angeles Chargers,DEF,
2025,1304107250045943808,14,waiver,complete,1765285906853,2025-12-09,3,MaxSirianni,add,11783,Ryan Flournoy,WR,2
2025,1304104525514182656,14,free_agent,complete,1765285257274,2025-12-09,2,Erjohnson14,drop,11627,Troy Franklin,WR,
2025,1304053769062846464,14,free_agent,complete,1765273155993,2025-12-09,11,Jacktaco98,drop,1339,Zach Ertz,TE,
2025,1303773573998985216,14,waiver,complete,1765206352284,2025-12-08,6,JSanDusky69,add,5189,Eddy Pineiro,K,0
2025,1303773573998985216,14,waiver,complete,1765206352284,2025-12-08,6,JSanDusky69,drop,3678,Wil Lutz,K,
2025,1303436047916494848,14,waiver,complete,1765125879795,2025-12-07,7,KingTowsk,add,8132,Tyler Allgeier,RB,0
2025,1303436047916494848,14,waiver,complete,1765125879795,2025-12-07,7,KingTowsk,drop,11603,AJ Barner,TE,
2025,1303050471673446400,14,waiver,complete,1765033951256,2025-12-06,11,Jacktaco98,add,BAL,Baltimore Ravens,DEF,1
2025,1303050471673446400,14,waiver,complete,1765033951256,2025-12-06,11,Jacktaco98,drop,ATL,Atlanta Falcons,DEF,
2025,1302657974065438720,14,waiver,complete,1764940372534,2025-12-05,10,cc5597,add,12545,Tyler Shough,QB,0
2025,1302657974065438720,14,waiver,complete,1764940372534,2025-12-05,10,cc5597,drop,2307,Marcus Mariota,QB,
2025,1302455330826899456,14,free_agent,complete,1764892058620,2025-12-04,4,jdrobny,add,9508,Tyjae Spears,RB,
2025,1302453939689500672,14,free_agent,complete,1764891726947,2025-12-04,1,bgreenblatt,add,11834,Devaughn Vele,WR,
2025,1302453939689500672,14,free_agent,complete,1764891726947,2025-12-04,1,bgreenblatt,drop,12535,Isaac TeSlaa,WR,
2025,1302436078258507776,14,free_agent,complete,1764887468450,2025-12-04,1,bgreenblatt,add,12535,Isaac TeSlaa,WR,
2025,1302436078258507776,14,free_agent,complete,1764887468450,2025-12-04,1,bgreenblatt,drop,4035,Alvin Kamara,RB,
2025,1302355967492489216,14,free_agent,complete,1764868368555,2025-12-04,7,KingTowsk,add,4147,Samaje Perine,RB,
2025,1302355967492489216,14,free_agent,complete,1764868368555,2025-12-04,7,KingTowsk,drop,8132,Tyler Allgeier,RB,
2025,1302148353689137152,14,free_agent,complete,1764818869567,2025-12-03,5,charliekaufmann,drop,8205,Isiah Pacheco,RB,
2025,1301993864139149312,14,waiver,complete,1764782036389,2025-12-03,1,bgreenblatt,add,11625,Adonai Mitchell,WR,0
2025,1301993864139149312,14,waiver,complete,1764782036389,2025-12-03,1,bgreenblatt,drop,2505,Darren Waller,TE,
2025,1301979134276149248,14,waiver,complete,1764778524516,2025-12-03,11,Jacktaco98,add,11586,Blake Corum,RB,20
2025,1301977450032402432,14,free_agent,complete,1764778122960,2025-12-03,11,Jacktaco98,drop,8136,Rachaad White,RB,
2025,1306809046862397440,15,waiver,complete,1765930065411,2025-12-16,7,KingTowsk,add,9229,Anthony Richardson,QB,0
2025,1306809046862397440,15,waiver,complete,1765930065411,2025-12-16,7,KingTowsk,drop,PIT,Pittsburgh Steelers,DEF,
2025,1306765305824964608,15,waiver,complete,1765919636735,2025-12-16,5,charliekaufmann,add,7607,Michael Carter,RB,7
2025,1306765305824964608,15,waiver,complete,1765919636735,2025-12-16,5,charliekaufmann,drop,12534,Kyle Monangai,RB,
2025,1306762737224777728,15,waiver,complete,1765919024334,2025-12-16,10,cc5597,add,11627,Troy Franklin,WR,0
2025,1306762737224777728,15,waiver,complete,1765919024334,2025-12-16,10,cc5597,drop,3214,Hunter Henry,TE,
2025,1306674875867369472,15,waiver,failed,1765898076553,2025-12-16,5,charliekaufmann,add,NO,New Orleans Saints,DEF,0
2025,1306674875867369472,15,waiver,failed,1765898076553,2025-12-16,5,charliekaufmann,drop,JAX,Jacksonville Jaguars,DEF,
2025,1306673651264790528,15,waiver,failed,1765897784586,2025-12-16,1,bgreenblatt,add,7607,Michael Carter,RB,0
2025,1306673651264790528,15,waiver,failed,1765897784586,2025-12-16,1,bgreenblatt,drop,7594,Chuba Hubbard,RB,
2025,1306672290250895360,15,waiver,complete,1765897460094,2025-12-16,7,KingTowsk,add,11199,Emari Demercado,RB,0
2025,1306672290250895360,15,waiver,complete,1765897460094,2025-12-16,7,KingTowsk,drop,TB,Tampa Bay Buccaneers,DEF,
2025,1306672222705836032,15,waiver,failed,1765897443990,2025-12-16,7,KingTowsk,add,7607,Michael Carter,RB,0
2025,1306672222705836032,15,waiver,failed,1765897443990,2025-12-16,7,KingTowsk,drop,TB,Tampa Bay Buccaneers,DEF,
2025,1306671819478016000,15,waiver,failed,1765897347853,2025-12-16,7,KingTowsk,add,6768,Tua Tagovailoa,QB,0
2025,1306671819478016000,15,waiver,failed,1765897347853,2025-12-16,7,KingTowsk,drop,PIT,Pittsburgh Steelers,DEF,
2025,1306671432595423232,15,waiver,failed,1765897255614,2025-12-16,7,KingTowsk,add,NO,New Orleans Saints,DEF,0
2025,1306671432595423232,15,waiver,failed,1765897255614,2025-12-16,7,KingTowsk,drop,DAL,Dallas Cowboys,DEF,
2025,1306641522518667264,15,free_agent,complete,1765890124495,2025-12-16,4,jdrobny,drop,IND,Indianapolis Colts,DEF,
2025,1306641160227262464,15,waiver,complete,1765890038118,2025-12-16,4,jdrobny,add,11646,Jalen Coker,WR,42
2025,1306641160227262464,15,waiver,complete,1765890038118,2025-12-16,4,jdrobny,drop,2306,Jameis Winston,QB,
2025,1306514393747427328,15,waiver,complete,1765859814635,2025-12-15,11,Jacktaco98,add,11625,Adonai Mitchell,WR,7
2025,1306514393747427328,15,waiver,complete,1765859814635,2025-12-15,11,Jacktaco98,drop,8160,Kenny Pickett,QB,
2025,1306512939603197952,15,waiver,complete,1765859467940,2025-12-15,11,Jacktaco98,add,4227,Harrison Butker,K,2
2025,1306512939603197952,15,waiver,complete,1765859467940,2025-12-15,11,Jacktaco98,drop,17,Matt Prater,K,
2025,1306420278212984832,15,free_agent,complete,1765837375743,2025-12-15,2,Erjohnson14,drop,11566,Jayden Daniels,QB,
2025,1306353871412555776,15,free_agent,complete,1765821543128,2025-12-15,10,cc5597,drop,12484,Jayden Higgins,WR,
2025,1306342446904385536,15,waiver,failed,1765818819313,2025-12-15,1,bgreenblatt,add,NO,New Orleans Saints,DEF,0
2025,1306342446904385536,15,waiver,failed,1765818819313,2025-12-15,1,bgreenblatt,drop,CHI,Chicago Bears,DEF,
2025,1306341185412927488,15,waiver,failed,1765818518550,2025-12-15,1,bgreenblatt,add,11625,Adonai Mitchell,WR,0
2025,1306341185412927488,15,waiver,failed,1765818518550,2025-12-15,1,bgreenblatt,drop,8131,Isaiah Likely,TE,
2025,1306332293060640768,15,waiver,complete,1765816398447,2025-12-15,2,Erjohnson14,add,2505,Darren Waller,TE,0
2025,1306332293060640768,15,waiver,complete,1765816398447,2025-12-15,2,Erjohnson14,drop,9480,Brenton Strange,TE,
2025,1306296864487792640,15,waiver,failed,1765807951618,2025-12-15,2,Erjohnson14,add,NO,New Orleans Saints,DEF,0
2025,1306296864487792640,15,waiver,failed,1765807951618,2025-12-15,2,Erjohnson14,drop,SF,San Francisco 49ers,DEF,
2025,1305980546945421312,15,free_agent,complete,1765732535638,2025-12-14,1,bgreenblatt,add,8131,Isaiah Likely,TE,
2025,1305980546945421312,15,free_agent,complete,1765732535638,2025-12-14,1,bgreenblatt,drop,11625,Adonai Mitchell,WR,
2025,1305812594082213888,15,free_agent,complete,1765692492555,2025-12-14,1,bgreenblatt,drop,11596,Ben Sinnott,TE,
2025,1305718203078447104,15,waiver,failed,1765669987987,2025-12-13,7,KingTowsk,add,8154,Brian Robinson,RB,0
2025,1305718203078447104,15,waiver,failed,1765669987987,2025-12-13,7,KingTowsk,drop,4035,Alvin Kamara,RB,
2025,1305675825433026560,15,waiver,complete,1765659884368,2025-12-13,2,Erjohnson14,add,8154,Brian Robinson,RB,0
2025,1305675825433026560,15,waiver,complete,1765659884368,2025-12-13,2,Erjohnson14,drop,331,Philip Rivers,QB,
2025,1305352826901270528,15,waiver,complete,1765582875518,2025-12-12,7,KingTowsk,add,12533,Jacory Croskey-Merritt,RB,0
2025,1305352826901270528,15,waiver,complete,1765582875518,2025-12-12,7,KingTowsk,drop,8147,John Metchie,WR,
2025,1305250477499240448,15,waiver,complete,1765558473518,2025-12-12,7,KingTowsk,add,KC,Kansas City Chiefs,DEF,0
2025,1305250477499240448,15,waiver,complete,1765558473518,2025-12-12,7,KingTowsk,drop,7591,Justin Fields,QB,
2025,1305065994888159232,15,free_agent,complete,1765514489437,2025-12-11,7,KingTowsk,add,6149,Darius Slayton,WR,
2025,1305065994888159232,15,free_agent,complete,1765514489437,2025-12-11,7,KingTowsk,drop,8132,Tyler Allgeier,RB,
2025,1305038760991264768,15,waiver,complete,1765507996370,2025-12-11,3,MaxSirianni,add,CLE,Cleveland Browns,DEF,3
2025,1305038760991264768,15,waiver,complete,1765507996370,2025-12-11,3,MaxSirianni,drop,LAC,Los Angeles Chargers,DEF,
2025,1304969916918558720,15,free_agent,complete,1765491582663,2025-12-11,2,Erjohnson14,add,331,Philip Rivers,QB,
2025,1304969916918558720,15,free_agent,complete,1765491582663,2025-12-11,2,Erjohnson14,drop,6768,Tua Tagovailoa,QB,
2025,1304896921852207104,15,free_agent,complete,1765474179283,2025-12-11,11,Jacktaco98,add,8160,Kenny Pickett,QB,
2025,1304555855366082560,15,waiver,failed,1765392862697,2025-12-10,11,Jacktaco98,add,2307,Marcus Mariota,QB,1
2025,1304540303142707200,15,waiver,complete,1765389154758,2025-12-10,2,Erjohnson14,add,2307,Marcus Mariota,QB,3
2025,1304537897575141376,15,waiver,failed,1765388581225,2025-12-10,7,KingTowsk,add,2307,Marcus Mariota,QB,0
2025,1304537897575141376,15,waiver,failed,1765388581225,2025-12-10,7,KingTowsk,drop,7591,Justin Fields,QB,
2025,1304537414135468032,15,waiver,complete,1765388465964,2025-12-10,7,KingTowsk,add,PIT,Pittsburgh Steelers,DEF,0
2025,1304537414135468032,15,waiver,complete,1765388465964,2025-12-10,7,KingTowsk,drop,11589,Trey Benson,RB,
2025,1304530946854223872,15,free_agent,complete,1765386924045,2025-12-10,12,akepple9,drop,19,Joe Flacco,QB,
2025,1304530236343353344,15,waiver,complete,1765386754645,2025-12-10,5,charliekaufmann,add,12711,Tyler Loop,K,0
2025,1304530236343353344,15,waiver,complete,1765386754645,2025-12-10,5,charliekaufmann,drop,4227,Harrison Butker,K,
2025,1304523339707981824,15,waiver,complete,1765385110359,2025-12-10,7,KingTowsk,add,7591,Justin Fields,QB,0
2025,1304523339707981824,15,waiver,complete,1765385110359,2025-12-10,7,KingTowsk,drop,827,Tyrod Taylor,QB,
2025,1304523197428817920,15,waiver,failed,1765385076438,2025-12-10,7,KingTowsk,add,11783,Ryan Flournoy,WR,0
2025,1304523197428817920,15,waiver,failed,1765385076438,2025-12-10,7,KingTowsk,drop,PIT,Pittsburgh Steelers,DEF,
2025,1304523010614497280,15,waiver,complete,1765385031897,2025-12-10,7,KingTowsk,add,4035,Alvin Kamara,RB,0
2025,1304523010614497280,15,waiver,complete,1765385031897,2025-12-10,7,KingTowsk,drop,PIT,Pittsburgh Steelers,DEF,
2025,1304522520208084992,15,waiver,failed,1765384914975,2025-12-10,7,KingTowsk,add,CHI,Chicago Bears,DEF,0
2025,1304522520208084992,15,waiver,failed,1765384914975,2025-12-10,7,KingTowsk,drop,PIT,Pittsburgh Steelers,DEF,
2025,1304480623062163456,15,waiver,complete,1765374925918,2025-12-10,5,charliekaufmann,add,JAX,Jacksonville Jaguars,DEF,5
2025,1304480623062163456,15,waiver,complete,1765374925918,2025-12-10,5,charliekaufmann,drop,CLE,Cleveland Browns,DEF,
2025,1309312086341357568,16,waiver,complete,1766526836527,2025-12-23,2,Erjohnson14,add,8161,Malik Willis,QB,0
2025,1309312086341357568,16,waiver,complete,1766526836527,2025-12-23,2,Erjohnson14,drop,12534,Kyle Monangai,RB,
2025,1309223404439601152,16,waiver,failed,1766505693114,2025-12-23,7,KingTowsk,add,4381,Taysom Hill,TE,0
2025,1309223404439601152,16,waiver,failed,1766505693114,2025-12-23,7,KingTowsk,drop,11597,Theo Johnson,TE,
2025,1309223186310647808,16,waiver,failed,1766505641109,2025-12-23,7,KingTowsk,add,9480,Brenton Strange,TE,0
2025,1309223186310647808,16,waiver,failed,1766505641109,2025-12-23,7,KingTowsk,drop,11597,Theo Johnson,TE,
2025,1309222770990682112,16,waiver,complete,1766505542089,2025-12-23,7,KingTowsk,add,10222,Jayden Reed,WR,0
2025,1309222770990682112,16,waiver,complete,1766505542089,2025-12-23,7,KingTowsk,drop,6149,Darius Slayton,WR,
2025,1309222431281405952,16,waiver,failed,1766505461095,2025-12-23,7,KingTowsk,add,12472,Raheim Sanders,RB,0
2025,1309222431281405952,16,waiver,failed,1766505461095,2025-12-23,7,KingTowsk,drop,12533,Jacory Croskey-Merritt,RB,
2025,1309222403427041280,16,waiver,failed,1766505454454,2025-12-23,7,KingTowsk,add,12472,Raheim Sanders,RB,0
2025,1309222403427041280,16,waiver,failed,1766505454454,2025-12-23,7,KingTowsk,drop,11653,Charlie Smyth,K,
2025,1309222268370452480,16,waiver,complete,1766505422254,2025-12-23,7,KingTowsk,add,12469,Dylan Sampson,RB,0
2025,1309222268370452480,16,waiver,complete,1766505422254,2025-12-23,7,KingTowsk,drop,12533,Jacory Croskey-Merritt,RB,
2025,1309222059875774464,16,waiver,complete,1766505372545,2025-12-23,7,KingTowsk,add,4147,Samaje Perine,RB,0
2025,1309222059875774464,16,waiver,complete,1766505372545,2025-12-23,7,KingTowsk,drop,11653,Charlie Smyth,K,
2025,1309221046452252672,16,waiver,failed,1766505130927,2025-12-23,7,KingTowsk,add,TB,Tampa Bay Buccaneers,DEF,0
2025,1309221046452252672,16,waiver,failed,1766505130927,2025-12-23,7,KingTowsk,drop,KC,Kansas City Chiefs,DEF,
2025,1309220957029683200,16,waiver,complete,1766505109607,2025-12-23,7,KingTowsk,add,DAL,Dallas Cowboys,DEF,0
2025,1309220957029683200,16,waiver,complete,1766505109607,2025-12-23,7,KingTowsk,drop,KC,Kansas City Chiefs,DEF,
2025,1309212881698459648,16,waiver,complete,1766503184297,2025-12-23,2,Erjohnson14,add,PIT,Pittsburgh Steelers,DEF,0
2025,1309212881698459648,16,waiver,complete,1766503184297,2025-12-23,2,Erjohnson14,drop,MIN,Minnesota Vikings,DEF,
2025,1308882799842856960,16,free_agent,complete,1766424486651,2025-12-22,7,KingTowsk,add,331,Philip Rivers,QB,
2025,1308882799842856960,16,free_agent,complete,1766424486651,2025-12-22,7,KingTowsk,drop,4098,Kareem Hunt,RB,
2025,1308515885773774848,16,free_agent,complete,1766337007519,2025-12-21,1,bgreenblatt,add,TEN,Tennessee Titans,DEF,
2025,1308515885773774848,16,free_agent,complete,1766337007519,2025-12-21,1,bgreenblatt,drop,TB,Tampa Bay Buccaneers,DEF,
2025,1308512392157601792,16,waiver,complete,1766336174576,2025-12-21,7,KingTowsk,add,11597,Theo Johnson,TE,0
2025,1308512392157601792,16,waiver,complete,1766336174576,2025-12-21,7,KingTowsk,drop,5906,Dawson Knox,TE,
2025,1308491200285671424,16,waiver,complete,1766331122040,2025-12-21,4,jdrobny,add,12509,Tre' Harris,WR,0
2025,1308322011826634752,16,free_agent,complete,1766290784368,2025-12-20,12,akepple9,drop,10222,Jayden Reed,WR,
2025,1308321213373759488,16,free_agent,complete,1766290594002,2025-12-20,12,akepple9,drop,8121,Romeo Doubs,WR,
2025,1308265796576739329,16,waiver,complete,1766277381608,2025-12-20,5,charliekaufmann,add,11608,Isaiah Williams,WR,0
2025,1308260602933694464,16,free_agent,complete,1766276143347,2025-12-20,5,charliekaufmann,drop,12476,Devin Neal,RB,
2025,1308186779265806336,16,waiver,complete,1766258542414,2025-12-20,7,KingTowsk,add,11653,Charlie Smyth,K,0
2025,1308186779265806336,16,waiver,complete,1766258542414,2025-12-20,7,KingTowsk,drop,9229,Anthony Richardson,QB,
2025,1308167508200554496,16,free_agent,complete,1766253947833,2025-12-20,11,Jacktaco98,drop,8146,Garrett Wilson,WR,
2025,1307775188808499200,16,waiver,complete,1766160411602,2025-12-19,2,Erjohnson14,add,12534,Kyle Monangai,RB,0
2025,1307775188808499200,16,waiver,complete,1766160411602,2025-12-19,2,Erjohnson14,drop,8154,Brian Robinson,RB,
2025,1307619304933445632,16,free_agent,complete,1766123245989,2025-12-18,4,jdrobny,add,9220,Evan Hull,RB,
2025,1307619304933445632,16,free_agent,complete,1766123245989,2025-12-18,4,jdrobny,drop,9506,Sean Tucker,RB,
2025,1307548936331862016,16,free_agent,complete,1766106468807,2025-12-18,9,brockhusk,add,CIN,Cincinnati Bengals,DEF,
2025,1307548936331862016,16,free_agent,complete,1766106468807,2025-12-18,9,brockhusk,drop,MIA,Miami Dolphins,DEF,
2025,1307482590248206336,16,free_agent,complete,1766090650669,2025-12-18,1,bgreenblatt,add,11588,Jawhar Jordan,RB,
2025,1307482590248206336,16,free_agent,complete,1766090650669,2025-12-18,1,bgreenblatt,drop,12519,Luther Burden,WR,
2025,1307427659755589632,16,waiver,complete,1766077554218,2025-12-18,6,JSanDusky69,add,11786,Cam Little,K,0
2025,1307427659755589632,16,waiver,complete,1766077554218,2025-12-18,6,JSanDusky69,drop,5189,Eddy Pineiro,K,
2025,1307398884040900608,16,waiver,complete,1766070693553,2025-12-18,11,Jacktaco98,add,8800,Malik Davis,RB,2
2025,1307398884040900608,16,waiver,complete,1766070693553,2025-12-18,11,Jacktaco98,drop,7090,Darnell Mooney,WR,
2025,1307157338116874240,16,waiver,complete,1766013104518,2025-12-17,7,KingTowsk,add,5906,Dawson Knox,TE,0
2025,1307157338116874240,16,waiver,complete,1766013104518,2025-12-17,7,KingTowsk,drop,11199,Emari Demercado,RB,
2025,1307149879054704640,16,waiver,failed,1766011326138,2025-12-17,2,Erjohnson14,add,8800,Malik Davis,RB,0
2025,1307149879054704640,16,waiver,failed,1766011326138,2025-12-17,2,Erjohnson14,drop,8154,Brian Robinson,RB,
2025,1307114826274725888,16,waiver,failed,1766002968904,2025-12-17,1,bgreenblatt,add,12534,Kyle Monangai,RB,0
2025,1307114826274725888,16,waiver,failed,1766002968904,2025-12-17,1,bgreenblatt,drop,8131,Isaiah Likely,TE,
2025,1307108894685814784,16,waiver,failed,1766001554703,2025-12-17,5,charliekaufmann,add,SF,San Francisco 49ers,DEF,0
2025,1307108894685814784,16,waiver,failed,1766001554703,2025-12-17,5,charliekaufmann,drop,JAX,Jacksonville Jaguars,DEF,
2025,1307080756580843520,16,waiver,complete,1765994846056,2025-12-17,12,akepple9,add,6011,Gardner Minshew,QB,0
2025,1307080756580843520,16,waiver,complete,1765994846056,2025-12-17,12,akepple9,drop,11786,Cam Little,K,
2025,1307076342143016960,16,waiver,complete,1765993793572,2025-12-17,6,JSanDusky69,add,SF,San Francisco 49ers,DEF,0
2025,1307076342143016960,16,waiver,complete,1765993793572,2025-12-17,6,JSanDusky69,drop,GB,Green Bay Packers,DEF,
2025,1307066352502075392,16,waiver,complete,1765991411856,2025-12-17,1,bgreenblatt,add,TB,Tampa Bay Buccaneers,DEF,0
2025,1307066352502075392,16,waiver,complete,1765991411856,2025-12-17,1,bgreenblatt,drop,CHI,Chicago Bears,DEF,
2025,1307066263083708416,16,waiver,failed,1765991390538,2025-12-17,1,bgreenblatt,add,SF,San Francisco 49ers,DEF,0
2025,1307066263083708416,16,waiver,failed,1765991390538,2025-12-17,1,bgreenblatt,drop,CHI,Chicago Bears,DEF,
2025,1307062771279486976,16,waiver,failed,1765990558027,2025-12-17,11,Jacktaco98,add,MIN,Minnesota Vikings,DEF,1
2025,1307062771279486976,16,waiver,failed,1765990558027,2025-12-17,11,Jacktaco98,drop,BAL,Baltimore Ravens,DEF,
2025,1307061310902501376,16,waiver,failed,1765990209845,2025-12-17,10,cc5597,add,NO,New Orleans Saints,DEF,0
2025,1307061310902501376,16,waiver,failed,1765990209845,2025-12-17,10,cc5597,drop,3214,Hunter Henry,TE,
2025,1307045039007879168,16,waiver,failed,1765986330324,2025-12-17,7,KingTowsk,add,6865,Colby Parkinson,TE,0
2025,1307045039007879168,16,waiver,failed,1765986330324,2025-12-17,7,KingTowsk,drop,TB,Tampa Bay Buccaneers,DEF,
2025,1307045015981137920,16,waiver,failed,1765986324833,2025-12-17,7,KingTowsk,add,6865,Colby Parkinson,TE,0
2025,1307045015981137920,16,waiver,failed,1765986324833,2025-12-17,7,KingTowsk,drop,PIT,Pittsburgh Steelers,DEF,
2025,1307044997631057920,16,waiver,failed,1765986320459,2025-12-17,7,KingTowsk,add,6865,Colby Parkinson,TE,0
2025,1307044997631057920,16,waiver,failed,1765986320459,2025-12-17,7,KingTowsk,drop,DAL,Dallas Cowboys,DEF,
2025,1307044853690961920,16,waiver,failed,1765986286140,2025-12-17,7,KingTowsk,add,11579,Audric Estime,RB,0
2025,1307044853690961920,16,waiver,failed,1765986286140,2025-12-17,7,KingTowsk,drop,TB,Tampa Bay Buccaneers,DEF,
2025,1307044831700201472,16,waiver,failed,1765986280898,2025-12-17,7,KingTowsk,add,11579,Audric Estime,RB,0
2025,1307044831700201472,16,waiver,failed,1765986280898,2025-12-17,7,KingTowsk,drop,PIT,Pittsburgh Steelers,DEF,
2025,1307044817838018560,16,waiver,failed,1765986277592,2025-12-17,2,Erjohnson14,add,LAR,Los Angeles Rams,DEF,0
2025,1307044817838018560,16,waiver,failed,1765986277592,2025-12-17,2,Erjohnson14,drop,SF,San Francisco 49ers,DEF,
2025,1307044807608127488,16,waiver,complete,1765986275154,2025-12-17,7,KingTowsk,add,11579,Audric Estime,RB,0
2025,1307044807608127488,16,waiver,complete,1765986275154,2025-12-17,7,KingTowsk,drop,DAL,Dallas Cowboys,DEF,
2025,1307044800058396672,16,waiver,complete,1765986273353,2025-12-17,2,Erjohnson14,add,MIN,Minnesota Vikings,DEF,0
2025,1307044800058396672,16,waiver,complete,1765986273353,2025-12-17,2,Erjohnson14,drop,SF,San Francisco 49ers,DEF,
2025,1307038376095911936,16,waiver,complete,1765984741761,2025-12-17,11,Jacktaco98,add,NO,New Orleans Saints,DEF,3
2025,1307038376095911936,16,waiver,complete,1765984741761,2025-12-17,11,Jacktaco98,drop,BAL,Baltimore Ravens,DEF,
2025,1307037641702641664,16,waiver,complete,1765984566668,2025-12-17,11,Jacktaco98,add,6865,Colby Parkinson,TE,3
2025,1307037480175828992,16,free_agent,complete,1765984528157,2025-12-17,11,Jacktaco98,drop,8122,Zonovan Knight,RB,
2025,1311058604572299264,17,free_agent,complete,1766943238922,2025-12-28,5,charliekaufmann,add,12519,Luther Burden,WR,
2025,1311058604572299264,17,free_agent,complete,1766943238922,2025-12-28,5,charliekaufmann,drop,11608,Isaiah Williams,WR,
2025,1310739088575307776,17,waiver,complete,1766867060372,2025-12-27,7,KingTowsk,add,12472,Raheim Sanders,RB,0
2025,1310739088575307776,17,waiver,complete,1766867060372,2025-12-27,7,KingTowsk,drop,4035,Alvin Kamara,RB,
2025,1310689127775096832,17,free_agent,complete,1766855148789,2025-12-27,2,Erjohnson14,drop,4381,Taysom Hill,TE,
2025,1310683006247108608,17,waiver,complete,1766853689303,2025-12-27,2,Erjohnson14,add,9480,Brenton Strange,TE,0
2025,1310683006247108608,17,waiver,complete,1766853689303,2025-12-27,2,Erjohnson14,drop,11603,AJ Barner,TE,
2025,1310638459454513152,17,waiver,complete,1766843068520,2025-12-27,5,charliekaufmann,add,12713,Andy Borregales,K,0
2025,1310638459454513152,17,waiver,complete,1766843068520,2025-12-27,5,charliekaufmann,drop,12711,Tyler Loop,K,
2025,1310085401880326144,17,free_agent,complete,1766711209319,2025-12-25,9,brockhusk,add,12538,Brady Cook,QB,
2025,1310085401880326144,17,free_agent,complete,1766711209319,2025-12-25,9,brockhusk,drop,4988,Nick Chubb,RB,
2025,1310085248490405888,17,free_agent,complete,1766711172749,2025-12-25,9,brockhusk,add,TB,Tampa Bay Buccaneers,DEF,
2025,1310085248490405888,17,free_agent,complete,1766711172749,2025-12-25,9,brockhusk,drop,CIN,Cincinnati Bengals,DEF,
2025,1310010271611228160,17,waiver,failed,1766693296867,2025-12-25,7,KingTowsk,add,9480,Brenton Strange,TE,0
2025,1310010271611228160,17,waiver,failed,1766693296867,2025-12-25,7,KingTowsk,drop,4035,Alvin Kamara,RB,
2025,1310009742013263872,17,waiver,failed,1766693170602,2025-12-25,7,KingTowsk,add,12534,Kyle Monangai,RB,0
2025,1310009742013263872,17,waiver,failed,1766693170602,2025-12-25,7,KingTowsk,drop,4035,Alvin Kamara,RB,
2025,1309964681359675392,17,free_agent,complete,1766682427305,2025-12-25,11,Jacktaco98,drop,9480,Brenton Strange,TE,
2025,1309652429758820352,17,waiver,complete,1766607980722,2025-12-24,5,charliekaufmann,add,LAR,Los Angeles Rams,DEF,0
2025,1309652429758820352,17,waiver,complete,1766607980722,2025-12-24,5,charliekaufmann,drop,JAX,Jacksonville Jaguars,DEF,
2025,1309636846636003328,17,waiver,complete,1766604265416,2025-12-24,2,Erjohnson14,add,11603,AJ Barner,TE,0
2025,1309636846636003328,17,waiver,complete,1766604265416,2025-12-24,2,Erjohnson14,drop,2505,Darren Waller,TE,
2025,1309630483738406912,17,waiver,complete,1766602748383,2025-12-24,2,Erjohnson14,add,4381,Taysom Hill,TE,0
2025,1309607320086401024,17,waiver,failed,1766597225738,2025-12-24,7,KingTowsk,add,4381,Taysom Hill,TE,0
2025,1309607320086401024,17,waiver,failed,1766597225738,2025-12-24,7,KingTowsk,drop,4147,Samaje Perine,RB,
2025,1309601989688061952,17,waiver,complete,1766595954872,2025-12-24,7,KingTowsk,add,12534,Kyle Monangai,RB,0
2025,1309601989688061952,17,waiver,complete,1766595954872,2025-12-24,7,KingTowsk,drop,4147,Samaje Perine,RB,
2025,1309599163658293248,17,waiver,failed,1766595281094,2025-12-24,2,Erjohnson14,add,3214,Hunter Henry,TE,0
2025,1309599163658293248,17,waiver,failed,1766595281094,2025-12-24,2,Erjohnson14,drop,12474,Woody Marks,RB,
2025,1309598813077372928,17,waiver,failed,1766595197508,2025-12-24,10,cc5597,add,4381,Taysom Hill,TE,0
2025,1309598813077372928,17,waiver,failed,1766595197508,2025-12-24,10,cc5597,drop,11604,Brock Bowers,TE,
2025,1309597965450510336,17,waiver,failed,1766594995418,2025-12-24,7,KingTowsk,add,9482,Michael Mayer,TE,0
2025,1309597965450510336,17,waiver,failed,1766594995418,2025-12-24,7,KingTowsk,drop,11653,Charlie Smyth,K,
2025,1309597920768561152,17,waiver,failed,1766594984765,2025-12-24,7,KingTowsk,add,9482,Michael Mayer,TE,0
2025,1309597920768561152,17,waiver,failed,1766594984765,2025-12-24,7,KingTowsk,drop,6149,Darius Slayton,WR,
2025,1309597878628413440,17,waiver,failed,1766594974718,2025-12-24,7,KingTowsk,add,4381,Taysom Hill,TE,0
2025,1309597878628413440,17,waiver,failed,1766594974718,2025-12-24,7,KingTowsk,drop,6149,Darius Slayton,WR,
2025,1309597840082739200,17,waiver,failed,1766594965529,2025-12-24,7,KingTowsk,add,4381,Taysom Hill,TE,0
2025,1309597840082739200,17,waiver,failed,1766594965529,2025-12-24,7,KingTowsk,drop,11653,Charlie Smyth,K,
2025,1309597263466618880,17,waiver,complete,1766594828052,2025-12-24,11,Jacktaco98,add,9480,Brenton Strange,TE,1
2025,1309597263466618880,17,waiver,complete,1766594828052,2025-12-24,11,Jacktaco98,drop,8800,Malik Davis,RB,
2025,1309595248208388096,17,waiver,failed,1766594347577,2025-12-24,7,KingTowsk,add,9482,Michael Mayer,TE,0
2025,1309595248208388096,17,waiver,failed,1766594347577,2025-12-24,7,KingTowsk,drop,11653,Charlie Smyth,K,
2025,1309594750067671040,17,waiver,complete,1766594228812,2025-12-24,7,KingTowsk,add,1373,Geno Smith,QB,0
2025,1309594750067671040,17,waiver,complete,1766594228812,2025-12-24,7,KingTowsk,drop,11565,J.J. McCarthy,QB,
2025,1309593556284874752,17,waiver,complete,1766593944191,2025-12-24,7,KingTowsk,add,9482,Michael Mayer,TE,0
2025,1309593556284874752,17,waiver,complete,1766593944191,2025-12-24,7,KingTowsk,drop,11597,Theo Johnson,TE,
2025,1309592418550554624,17,waiver,complete,1766593672935,2025-12-24,10,cc5597,add,3214,Hunter Henry,TE,0
2025,1309592418550554624,17,waiver,complete,1766593672935,2025-12-24,10,cc5597,drop,11604,Brock Bowers,TE,
2025,1309591249598058496,17,waiver,failed,1766593394234,2025-12-24,10,cc5597,add,9480,Brenton Strange,TE,0
2025,1309591249598058496,17,waiver,failed,1766593394234,2025-12-24,10,cc5597,drop,11604,Brock Bowers,TE,
2025,1309570309635989504,17,waiver,failed,1766588401759,2025-12-24,2,Erjohnson14,add,1373,Geno Smith,QB,0
2025,1309570309635989504,17,waiver,failed,1766588401759,2025-12-24,2,Erjohnson14,drop,12534,Kyle Monangai,RB,
2025,1309569635263184896,17,waiver,failed,1766588240976,2025-12-24,2,Erjohnson14,add,9480,Brenton Strange,TE,0
2025,1309569635263184896,17,waiver,failed,1766588240976,2025-12-24,2,Erjohnson14,drop,2505,Darren Waller,TE,
