season,week,roster_id,user_id,player_id,player_name,position,points,started,is_playoff
2021,1,1,608781531883859968,1689,Adam Thielen,WR,30.2,1,0
2021,1,1,608781531883859968,536,Antonio Brown,WR,23.7,1,0
2021,1,1,608781531883859968,7564,Ja'Marr Chase,WR,21.9,0,0
2021,1,1,608781531883859968,6813,Jonathan Taylor,RB,17.6,1,0
2021,1,1,608781531883859968,4984,Josh Allen,QB,15.2,1,0
2021,1,1,608781531883859968,6783,Jerry Jeudy,WR,13.2,1,0
2021,1,1,608781531883859968,1049,Ryan Tannehill,QB,11.18,1,0
2021,1,1,608781531883859968,7042,Tyler Bass,K,11.0,1,0
2021,1,1,608781531883859968,3969,Leonard Fournette,RB,10.9,0,0
2021,1,1,608781531883859968,6945,Antonio Gibson,RB,10.8,1,0
2021,1,1,608781531883859968,4089,Gerald Everett,TE,10.0,0,0
2021,1,1,608781531883859968,SF,San Francisco 49ers,DEF,10.0,1,0
2021,1,1,608781531883859968,7553,Kyle Pitts,TE,7.1,1,0
2021,1,1,608781531883859968,7565,Terrace Marshall,WR,5.6,0,0
2021,1,1,608781531883859968,7610,Trey Lance,QB,4.4,0,0
2021,1,1,608781531883859968,7596,Elijah Moore,WR,0.7,0,0
2021,1,1,608781531883859968,3157,William Fuller,WR,0,0,0
2021,1,1,608781531883859968,6938,Cam Akers,RB,0,0,0
2021,1,1,608781531883859968,7593,Trey Sermon,RB,0,0,0
2021,1,2,736077599457026048,5872,Deebo Samuel,WR,32.9,0,0
2021,1,2,736077599457026048,4046,Patrick Mahomes,QB,32.78,1,0
2021,1,2,736077599457026048,5844,T.J. Hockenson,TE,25.7,1,0
2021,1,2,736077599457026048,4149,Jamaal Williams,RB,25.0,0,0
2021,1,2,736077599457026048,6786,CeeDee Lamb,WR,23.4,1,0
2021,1,2,736077599457026048,5870,Daniel Jones,QB,20.38,0,0
2021,1,2,736077599457026048,5859,A.J. Brown,WR,14.9,1,0
2021,1,2,736077599457026048,DEN,Denver Broncos,DEF,12.0,1,0
2021,1,2,736077599457026048,367,Jared Cook,TE,10.6,0,0
2021,1,2,736077599457026048,1266,Greg Zuerlein,K,9.0,1,0
2021,1,2,736077599457026048,3225,Tyler Boyd,WR,6.2,0,0
2021,1,2,736077599457026048,6819,Michael Pittman,WR,5.9,0,0
2021,1,2,736077599457026048,7528,Najee Harris,RB,5.9,1,0
2021,1,2,736077599457026048,7588,Javonte Williams,RB,5.1,0,0
2021,1,2,736077599457026048,24,Matt Ryan,QB,4.86,1,0
2021,1,2,736077599457026048,4866,Saquon Barkley,RB,3.7,1,0
2021,1,2,736077599457026048,2749,Raheem Mostert,RB,2.0,1,0
2021,1,2,736077599457026048,4962,Sony Michel,RB,0.2,0,0
2021,1,3,737091087440674816,3163,Jared Goff,QB,27.92,0,0
2021,1,3,737091087440674816,1234,Russell Wilson,QB,25.56,1,0
2021,1,3,737091087440674816,4068,Mike Williams,WR,22.2,0,0
2021,1,3,737091087440674816,4029,Dalvin Cook,RB,20.4,1,0
2021,1,3,737091087440674816,7525,DeVonta Smith,WR,19.1,0,0
2021,1,3,737091087440674816,6151,Miles Sanders,RB,17.3,1,0
2021,1,3,737091087440674816,2449,Stefon Diggs,WR,15.9,1,0
2021,1,3,737091087440674816,5000,Chase Edmonds,RB,14.6,1,0
2021,1,3,737091087440674816,6814,Laviska Shenault,WR,12.9,0,0
2021,1,3,737091087440674816,2319,DeVante Parker,WR,12.1,0,0
2021,1,3,737091087440674816,2251,Logan Thomas,TE,12.0,0,0
2021,1,3,737091087440674816,4892,Baker Mayfield,QB,11.64,1,0
2021,1,3,737091087440674816,1992,Allen Robinson,WR,9.5,1,0
2021,1,3,737091087440674816,5967,Tony Pollard,RB,8.3,0,0
2021,1,3,737091087440674816,4666,Younghoe Koo,K,6.0,1,0
2021,1,3,737091087440674816,WAS,Washington Commanders,DEF,5.5,1,0
2021,1,3,737091087440674816,5012,Mark Andrews,TE,5.0,1,0
2021,1,3,737091087440674816,7571,Rashod Bateman,WR,0,0,0
2021,1,4,736744257179770880,6904,Jalen Hurts,QB,27.76,1,0
2021,1,4,736744257179770880,1825,Jarvis Landry,WR,19.4,0,0
2021,1,4,736744257179770880,2197,Brandin Cooks,WR,18.2,0,0
2021,1,4,736744257179770880,4098,Kareem Hunt,RB,17.1,1,0
2021,1,4,736744257179770880,5022,Dallas Goedert,TE,14.2,1,0
2021,1,4,736744257179770880,5347,Nyheim Miller-Hines,RB,14.2,0,0
2021,1,4,736744257179770880,6797,Justin Herbert,QB,12.88,1,0
2021,1,4,736744257179770880,1352,Robert Woods,WR,12.4,1,0
2021,1,4,736744257179770880,4663,Austin Ekeler,RB,11.7,1,0
2021,1,4,736744257179770880,1264,Justin Tucker,K,11.0,1,0
2021,1,4,736744257179770880,3198,Derrick Henry,RB,10.7,1,0
2021,1,4,736744257179770880,6886,Chase Claypool,WR,10.0,0,0
2021,1,4,736744257179770880,6826,Cole Kmet,TE,9.2,0,0
2021,1,4,736744257179770880,6130,Devin Singletary,RB,9.0,0,0
2021,1,4,736744257179770880,5170,Phillip Lindsay,RB,8.5,0,0
2021,1,4,736744257179770880,7591,Justin Fields,QB,6.7,0,0
2021,1,4,736744257179770880,IND,Indianapolis Colts,DEF,6.5,1,0
2021,1,4,736744257179770880,2216,Mike Evans,WR,5.4,1,0
2021,1,5,716698629934481408,4034,Christian McCaffrey,RB,27.7,1,0
2021,1,5,716698629934481408,3294,Dak Prescott,QB,27.42,1,0
2021,1,5,716698629934481408,4988,Nick Chubb,RB,22.1,1,0
2021,1,5,716698629934481408,1166,Kirk Cousins,QB,21.04,1,0
2021,1,5,716698629934481408,1479,Keenan Allen,WR,18.0,1,0
2021,1,5,716698629934481408,4951,DJ Chark,WR,17.6,0,0
2021,1,5,716698629934481408,5850,Josh Jacobs,RB,17.0,1,0
2021,1,5,716698629934481408,4983,DJ Moore,WR,15.4,0,0
2021,1,5,716698629934481408,7527,Mac Jones,QB,14.24,0,0
2021,1,5,716698629934481408,1144,Cole Beasley,WR,14.0,0,0
2021,1,5,716698629934481408,5857,Noah Fant,TE,12.2,1,0
2021,1,5,716698629934481408,5927,Terry McLaurin,WR,10.2,1,0
2021,1,5,716698629934481408,BUF,Buffalo Bills,DEF,7.0,1,0
2021,1,5,716698629934481408,6789,Henry Ruggs,WR,6.6,0,0
2021,1,5,716698629934481408,3214,Hunter Henry,TE,6.1,0,0
2021,1,5,716698629934481408,7062,Rodrigo Blankenship,K,4.0,1,0
2021,1,5,716698629934481408,7607,Michael Carter,RB,3.0,0,0
2021,1,5,716698629934481408,6989,Marquez Callaway,WR,2.4,0,0
2021,1,6,736740647758938112,3321,Tyreek Hill,WR,38.1,1,0
2021,1,6,736740647758938112,515,Rob Gronkowski,TE,29.0,0,0
2021,1,6,736740647758938112,4039,Cooper Kupp,WR,24.8,1,0
2021,1,6,736740647758938112,2320,Melvin Gordon,RB,21.8,1,0
2021,1,6,736740647758938112,5892,David Montgomery,RB,18.8,0,0
2021,1,6,736740647758938112,1067,Marvin Jones,WR,18.7,0,0
2021,1,6,736740647758938112,4943,Sam Darnold,QB,18.56,1,0
2021,1,6,736740647758938112,3161,Carson Wentz,QB,17.34,0,0
2021,1,6,736740647758938112,5980,Myles Gaskin,RB,12.6,1,0
2021,1,6,736740647758938112,3242,Kenyan Drake,RB,12.0,0,0
2021,1,6,736740647758938112,4217,George Kittle,TE,11.8,1,0
2021,1,6,736740647758938112,LAR,Los Angeles Rams,DEF,11.0,1,0
2021,1,6,736740647758938112,4227,Harrison Butker,K,10.0,1,0
2021,1,6,736740647758938112,4040,JuJu Smith-Schuster,WR,9.2,1,0
2021,1,6,736740647758938112,1339,Zach Ertz,TE,5.4,0,0
2021,1,6,736740647758938112,830,A.J. Green,WR,4.5,0,0
2021,1,6,736740647758938112,96,Aaron Rodgers,QB,0.82,1,0
2021,1,6,736740647758938112,2078,Odell Beckham,WR,0,0,0
2021,1,7,735974647736213504,2306,Jameis Winston,QB,29.62,0,0
2021,1,7,735974647736213504,1426,DeAndre Hopkins,WR,26.3,1,0
2021,1,7,735974647736213504,1466,Travis Kelce,TE,25.6,1,0
2021,1,7,735974647736213504,6790,D'Andre Swift,RB,24.4,0,0
2021,1,7,735974647736213504,PIT,Pittsburgh Steelers,DEF,19.5,0,0
2021,1,7,735974647736213504,7523,Trevor Lawrence,QB,19.08,1,0
2021,1,7,735974647736213504,7098,Ty'Son Williams,RB,18.4,1,0
2021,1,7,735974647736213504,7526,Jaylen Waddle,WR,16.1,0,0
2021,1,7,735974647736213504,4881,Lamar Jackson,QB,15.5,1,0
2021,1,7,735974647736213504,CAR,Carolina Panthers,DEF,15.0,1,0
2021,1,7,735974647736213504,5937,Diontae Johnson,WR,14.6,1,0
2021,1,7,735974647736213504,5095,Daniel Carlson,K,11.0,1,0
2021,1,7,735974647736213504,6820,Clyde Edwards-Helaire,RB,10.2,1,0
2021,1,7,735974647736213504,6828,AJ Dillon,RB,3.6,0,0
2021,1,7,735974647736213504,7594,Chuba Hubbard,RB,2.4,0,0
2021,1,7,735974647736213504,3199,Michael Thomas,WR,0,0,0
2021,1,7,735974647736213504,4082,Curtis Samuel,WR,0,0,0
2021,1,7,735974647736213504,6803,Brandon Aiyuk,WR,0,1,0
2021,1,8,736803054736822272,2374,Tyler Lockett,WR,27.0,1,0
2021,1,8,736803054736822272,4036,Corey Davis,WR,26.7,0,0
2021,1,8,736803054736822272,2505,Darren Waller,TE,26.5,1,0
2021,1,8,736803054736822272,421,Matthew Stafford,QB,23.84,1,0
2021,1,8,736803054736822272,2028,Derek Carr,QB,23.0,0,0
2021,1,8,736803054736822272,4273,Chris Carson,RB,12.7,1,0
2021,1,8,736803054736822272,6794,Justin Jefferson,WR,12.54,1,0
2021,1,8,736803054736822272,5890,Damien Harris,RB,11.7,0,0
2021,1,8,736803054736822272,4131,Kenny Golladay,WR,10.4,0,0
2021,1,8,736803054736822272,947,Julio Jones,WR,5.9,1,0
2021,1,8,736803054736822272,5086,Marquez Valdes-Scantling,WR,4.7,0,0
2021,1,8,736803054736822272,4199,Aaron Jones,RB,4.2,1,0
2021,1,8,736803054736822272,59,Mason Crosby,K,3.0,1,0
2021,1,8,736803054736822272,TB,Tampa Bay Buccaneers,DEF,1.0,1,0
2021,1,8,736803054736822272,3664,J.D. McKissic,RB,0.8,0,0
2021,1,8,736803054736822272,1408,Le'Veon Bell,RB,0,0,0
2021,1,8,736803054736822272,4993,Mike Gesicki,TE,0,0,0
2021,1,8,736803054736822272,333,Ryan Fitzpatrick,QB,-0.78,1,0
2021,1,9,710284244835979264,2309,Amari Cooper,WR,38.9,1,0
2021,1,9,710284244835979264,5849,Kyler Murray,QB,32.56,1,0
2021,1,9,710284244835979264,4018,Joe Mixon,RB,25.0,1,0
2021,1,9,710284244835979264,5846,DK Metcalf,WR,16.0,1,0
2021,1,9,710284244835979264,5916,Darrell Henderson,RB,15.7,0,0
2021,1,9,710284244835979264,7538,Zach Wilson,QB,14.32,0,0
2021,1,9,710284244835979264,3423,Robbie Chosen,WR,13.7,1,0
2021,1,9,710284244835979264,3271,Tyler Higbee,TE,11.8,1,0
2021,1,9,710284244835979264,2133,Davante Adams,WR,10.6,1,0
2021,1,9,710284244835979264,2431,Mike Davis,RB,10.2,0,0
2021,1,9,710284244835979264,138,Ben Roethlisberger,QB,10.02,0,0
2021,1,9,710284244835979264,1476,Latavius Murray,RB,8.8,0,0
2021,1,9,710284244835979264,5038,Michael Gallup,WR,7.6,0,0
2021,1,9,710284244835979264,6955,James Robinson,RB,7.4,1,0
2021,1,9,710284244835979264,5119,Jason Sanders,K,6.0,1,0
2021,1,9,710284244835979264,7547,Amon-Ra St. Brown,WR,4.3,0,0
2021,1,9,710284244835979264,BAL,Baltimore Ravens,DEF,4.0,1,0
2021,1,9,710284244835979264,5110,Russell Gage,WR,0,0,0
2021,1,9,710284244835979264,5052,Ronald Jones,RB,-0.6,0,0
2021,1,10,475399371639222272,167,Tom Brady,QB,27.66,1,0
2021,1,10,475399371639222272,4037,Chris Godwin,WR,23.5,1,0
2021,1,10,475399371639222272,4035,Alvin Kamara,RB,18.1,1,0
2021,1,10,475399371639222272,6770,Joe Burrow,QB,16.14,1,0
2021,1,10,475399371639222272,6801,Tee Higgins,WR,15.8,0,0
2021,1,10,475399371639222272,6768,Tua Tagovailoa,QB,15.18,0,0
2021,1,10,475399371639222272,4981,Calvin Ridley,WR,10.1,1,0
2021,1,10,475399371639222272,4144,Jonnu Smith,TE,8.8,0,0
2021,1,10,475399371639222272,7090,Darnell Mooney,WR,7.6,0,0
2021,1,10,475399371639222272,391,Ryan Succop,K,7.0,1,0
2021,1,10,475399371639222272,3164,Ezekiel Elliott,RB,5.9,1,0
2021,1,10,475399371639222272,4137,James Conner,RB,5.3,0,0
2021,1,10,475399371639222272,5917,Mecole Hardman,WR,4.9,0,0
2021,1,10,475399371639222272,4602,Robert Tonyan,TE,2.8,1,0
2021,1,10,475399371639222272,5045,Courtland Sutton,WR,2.4,1,0
2021,1,10,475399371639222272,CLE,Cleveland Browns,DEF,2.0,1,0
2021,1,10,475399371639222272,5248,Gus Edwards,RB,0,0,0
2021,1,10,475399371639222272,6845,Zack Moss,RB,0,0,0
2021,2,1,608781531883859968,1848,James White,RB,18.5,0,0
2021,2,1,608781531883859968,4984,Josh Allen,QB,16.16,1,0
2021,2,1,608781531883859968,1689,Adam Thielen,WR,14.9,1,0
2021,2,1,608781531883859968,1049,Ryan Tannehill,QB,13.58,1,0
2021,2,1,608781531883859968,7564,Ja'Marr Chase,WR,13.4,1,0
2021,2,1,608781531883859968,7553,Kyle Pitts,TE,12.3,1,0
2021,2,1,608781531883859968,3969,Leonard Fournette,RB,10.6,0,0
2021,2,1,608781531883859968,6945,Antonio Gibson,RB,9.3,1,0
2021,2,1,608781531883859968,GB,Green Bay Packers,DEF,8.0,1,0
2021,2,1,608781531883859968,5947,Jakobi Meyers,WR,7.8,0,0
2021,2,1,608781531883859968,6813,Jonathan Taylor,RB,6.3,1,0
2021,2,1,608781531883859968,7042,Tyler Bass,K,4.0,1,0
2021,2,1,608781531883859968,536,Antonio Brown,WR,2.7,1,0
2021,2,1,608781531883859968,4089,Gerald Everett,TE,1.3,0,0
2021,2,1,608781531883859968,7593,Trey Sermon,RB,0.8,0,0
2021,2,1,608781531883859968,2410,Jamison Crowder,WR,0,0,0
2021,2,1,608781531883859968,3157,William Fuller,WR,0,0,0
2021,2,1,608781531883859968,6783,Jerry Jeudy,WR,0,0,0
2021,2,1,608781531883859968,6938,Cam Akers,RB,0,0,0
2021,2,1,608781531883859968,7610,Trey Lance,QB,0,0,0
2021,2,2,736077599457026048,4046,Patrick Mahomes,QB,24.02,1,0
2021,2,2,736077599457026048,5844,T.J. Hockenson,TE,20.6,1,0
2021,2,2,736077599457026048,6819,Michael Pittman,WR,20.3,0,0
2021,2,2,736077599457026048,2152,Teddy Bridgewater,QB,20.22,1,0
2021,2,2,736077599457026048,7528,Najee Harris,RB,19.1,1,0
2021,2,2,736077599457026048,6786,CeeDee Lamb,WR,17.4,1,0
2021,2,2,736077599457026048,24,Matt Ryan,QB,16.3,0,0
2021,2,2,736077599457026048,5872,Deebo Samuel,WR,16.1,1,0
2021,2,2,736077599457026048,DEN,Denver Broncos,DEF,15.0,1,0
2021,2,2,736077599457026048,3225,Tyler Boyd,WR,14.3,0,0
2021,2,2,736077599457026048,4866,Saquon Barkley,RB,8.9,0,0
2021,2,2,736077599457026048,7588,Javonte Williams,RB,8.4,1,0
2021,2,2,736077599457026048,5859,A.J. Brown,WR,7.3,1,0
2021,2,2,736077599457026048,4149,Jamaal Williams,RB,6.7,0,0
2021,2,2,736077599457026048,49,Robbie Gould,K,6.0,1,0
2021,2,2,736077599457026048,367,Jared Cook,TE,5.8,0,0
2021,2,2,736077599457026048,4962,Sony Michel,RB,4.6,0,0
2021,2,2,736077599457026048,3209,Devontae Booker,RB,2.1,0,0
2021,2,2,736077599457026048,2749,Raheem Mostert,RB,0,0,0
2021,2,3,737091087440674816,5967,Tony Pollard,RB,23.0,0,0
2021,2,3,737091087440674816,4068,Mike Williams,WR,22.1,0,0
2021,2,3,737091087440674816,1234,Russell Wilson,QB,21.82,1,0
2021,2,3,737091087440674816,3163,Jared Goff,QB,17.44,0,0
2021,2,3,737091087440674816,4029,Dalvin Cook,RB,16.8,1,0
2021,2,3,737091087440674816,2449,Stefon Diggs,WR,16.0,1,0
2021,2,3,737091087440674816,4892,Baker Mayfield,QB,15.52,1,0
2021,2,3,737091087440674816,5000,Chase Edmonds,RB,12.5,1,0
2021,2,3,737091087440674816,5012,Mark Andrews,TE,10.7,1,0
2021,2,3,737091087440674816,1992,Allen Robinson,WR,10.4,1,0
2021,2,3,737091087440674816,2251,Logan Thomas,TE,9.5,0,0
2021,2,3,737091087440674816,2319,DeVante Parker,WR,9.2,0,0
2021,2,3,737091087440674816,6151,Miles Sanders,RB,6.9,1,0
2021,2,3,737091087440674816,4666,Younghoe Koo,K,5.0,1,0
2021,2,3,737091087440674816,WAS,Washington Commanders,DEF,4.5,1,0
2021,2,3,737091087440674816,7525,DeVonta Smith,WR,3.6,0,0
2021,2,3,737091087440674816,6814,Laviska Shenault,WR,1.7,0,0
2021,2,3,737091087440674816,7571,Rashod Bateman,WR,0,0,0
2021,2,4,736744257179770880,3198,Derrick Henry,RB,48.7,1,0
2021,2,4,736744257179770880,2216,Mike Evans,WR,24.5,1,0
2021,2,4,736744257179770880,2197,Brandin Cooks,WR,22.8,0,0
2021,2,4,736744257179770880,4663,Austin Ekeler,RB,22.5,1,0
2021,2,4,736744257179770880,6904,Jalen Hurts,QB,19.8,1,0
2021,2,4,736744257179770880,6130,Devin Singletary,RB,16.1,0,0
2021,2,4,736744257179770880,IND,Indianapolis Colts,DEF,14.5,1,0
2021,2,4,736744257179770880,6797,Justin Herbert,QB,14.22,1,0
2021,2,4,736744257179770880,1352,Robert Woods,WR,12.0,1,0
2021,2,4,736744257179770880,6886,Chase Claypool,WR,9.7,0,0
2021,2,4,736744257179770880,5170,Phillip Lindsay,RB,9.4,0,0
2021,2,4,736744257179770880,1264,Justin Tucker,K,7.0,1,0
2021,2,4,736744257179770880,4098,Kareem Hunt,RB,6.3,1,0
2021,2,4,736744257179770880,5022,Dallas Goedert,TE,4.4,1,0
2021,2,4,736744257179770880,5347,Nyheim Miller-Hines,RB,3.2,0,0
2021,2,4,736744257179770880,1825,Jarvis Landry,WR,1.9,0,0
2021,2,4,736744257179770880,7591,Justin Fields,QB,1.5,0,0
2021,2,4,736744257179770880,6826,Cole Kmet,TE,1.0,0,0
2021,2,5,716698629934481408,5927,Terry McLaurin,WR,27.7,1,0
2021,2,5,716698629934481408,BUF,Buffalo Bills,DEF,26.5,1,0
2021,2,5,716698629934481408,4034,Christian McCaffrey,RB,24.7,1,0
2021,2,5,716698629934481408,1166,Kirk Cousins,QB,23.76,1,0
2021,2,5,716698629934481408,6789,Henry Ruggs,WR,23.5,0,0
2021,2,5,716698629934481408,4983,DJ Moore,WR,21.9,0,0
2021,2,5,716698629934481408,4988,Nick Chubb,RB,16.8,1,0
2021,2,5,716698629934481408,1479,Keenan Allen,WR,14.8,1,0
2021,2,5,716698629934481408,5857,Noah Fant,TE,13.3,1,0
2021,2,5,716698629934481408,7062,Rodrigo Blankenship,K,12.0,1,0
2021,2,5,716698629934481408,7607,Michael Carter,RB,10.8,0,0
2021,2,5,716698629934481408,1144,Cole Beasley,WR,7.6,0,0
2021,2,5,716698629934481408,3214,Hunter Henry,TE,6.2,0,0
2021,2,5,716698629934481408,3294,Dak Prescott,QB,5.48,1,0
2021,2,5,716698629934481408,7527,Mac Jones,QB,4.94,0,0
2021,2,5,716698629934481408,4951,DJ Chark,WR,2.9,1,0
2021,2,5,716698629934481408,6989,Marquez Callaway,WR,2.8,0,0
2021,2,5,716698629934481408,5850,Josh Jacobs,RB,0,0,0
2021,2,6,736740647758938112,4039,Cooper Kupp,WR,36.8,1,0
2021,2,6,736740647758938112,96,Aaron Rodgers,QB,25.3,1,0
2021,2,6,736740647758938112,515,Rob Gronkowski,TE,19.9,0,0
2021,2,6,736740647758938112,1067,Marvin Jones,WR,17.5,0,0
2021,2,6,736740647758938112,4943,Sam Darnold,QB,17.4,1,0
2021,2,6,736740647758938112,4040,JuJu Smith-Schuster,WR,16.4,0,0
2021,2,6,736740647758938112,3161,Carson Wentz,QB,16.08,0,0
2021,2,6,736740647758938112,830,A.J. Green,WR,13.4,0,0
2021,2,6,736740647758938112,5892,David Montgomery,RB,10.9,1,0
2021,2,6,736740647758938112,3242,Kenyan Drake,RB,10.5,1,0
2021,2,6,736740647758938112,LAR,Los Angeles Rams,DEF,9.5,1,0
2021,2,6,736740647758938112,2320,Melvin Gordon,RB,8.9,0,0
2021,2,6,736740647758938112,5980,Myles Gaskin,RB,8.6,1,0
2021,2,6,736740647758938112,1817,Sammy Watkins,WR,8.4,0,0
2021,2,6,736740647758938112,3321,Tyreek Hill,WR,5.9,1,0
2021,2,6,736740647758938112,4227,Harrison Butker,K,5.0,1,0
2021,2,6,736740647758938112,4217,George Kittle,TE,4.7,1,0
2021,2,6,736740647758938112,1339,Zach Ertz,TE,1.6,0,0
2021,2,6,736740647758938112,2078,Odell Beckham,WR,0,0,0
2021,2,7,735974647736213504,4881,Lamar Jackson,QB,31.76,1,0
2021,2,7,735974647736213504,1466,Travis Kelce,TE,23.9,1,0
2021,2,7,735974647736213504,5848,Marquise Brown,WR,23.3,0,0
2021,2,7,735974647736213504,5937,Diontae Johnson,WR,19.5,1,0
2021,2,7,735974647736213504,5095,Daniel Carlson,K,17.0,0,0
2021,2,7,735974647736213504,1426,DeAndre Hopkins,WR,15.4,1,0
2021,2,7,735974647736213504,6790,D'Andre Swift,RB,11.8,1,0
2021,2,7,735974647736213504,7098,Ty'Son Williams,RB,10.3,0,0
2021,2,7,735974647736213504,4950,Christian Kirk,WR,9.5,1,0
2021,2,7,735974647736213504,6083,Matt Gay,K,9.0,1,0
2021,2,7,735974647736213504,7526,Jaylen Waddle,WR,8.8,0,0
2021,2,7,735974647736213504,2306,Jameis Winston,QB,6.34,1,0
2021,2,7,735974647736213504,7523,Trevor Lawrence,QB,6.32,0,0
2021,2,7,735974647736213504,6828,AJ Dillon,RB,3.6,0,0
2021,2,7,735974647736213504,6820,Clyde Edwards-Helaire,RB,2.6,1,0
2021,2,7,735974647736213504,6798,Jalen Reagor,WR,2.5,0,0
2021,2,7,735974647736213504,PIT,Pittsburgh Steelers,DEF,2.0,1,0
2021,2,7,735974647736213504,6803,Brandon Aiyuk,WR,1.6,0,0
2021,2,7,735974647736213504,3199,Michael Thomas,WR,0,0,0
2021,2,7,735974647736213504,4082,Curtis Samuel,WR,0,0,0
2021,2,8,736803054736822272,4199,Aaron Jones,RB,41.5,1,0
2021,2,8,736803054736822272,2374,Tyler Lockett,WR,32.8,1,0
2021,2,8,736803054736822272,TB,Tampa Bay Buccaneers,DEF,22.0,1,0
2021,2,8,736803054736822272,2028,Derek Carr,QB,21.68,0,0
2021,2,8,736803054736822272,3664,J.D. McKissic,RB,20.3,0,0
2021,2,8,736803054736822272,2711,Taylor Heinicke,QB,20.04,1,0
2021,2,8,736803054736822272,947,Julio Jones,WR,18.8,1,0
2021,2,8,736803054736822272,6794,Justin Jefferson,WR,18.5,1,0
2021,2,8,736803054736822272,421,Matthew Stafford,QB,16.72,1,0
2021,2,8,736803054736822272,4273,Chris Carson,RB,15.1,1,0
2021,2,8,736803054736822272,5890,Damien Harris,RB,13.4,0,0
2021,2,8,736803054736822272,2505,Darren Waller,TE,11.5,1,0
2021,2,8,736803054736822272,4993,Mike Gesicki,TE,7.1,0,0
2021,2,8,736803054736822272,4131,Kenny Golladay,WR,6.8,0,0
2021,2,8,736803054736822272,59,Mason Crosby,K,5.0,1,0
2021,2,8,736803054736822272,4036,Corey Davis,WR,2.8,0,0
2021,2,8,736803054736822272,1408,Le'Veon Bell,RB,0,0,0
2021,2,8,736803054736822272,333,Ryan Fitzpatrick,QB,0,0,0
2021,2,8,736803054736822272,5086,Marquez Valdes-Scantling,WR,0,0,0
2021,2,9,710284244835979264,5849,Kyler Murray,QB,33.1,1,0
2021,2,9,710284244835979264,NE,New England Patriots,DEF,21.5,1,0
2021,2,9,710284244835979264,2133,Davante Adams,WR,20.1,1,0
2021,2,9,710284244835979264,5916,Darrell Henderson,RB,17.2,1,0
2021,2,9,710284244835979264,2431,Mike Davis,RB,13.3,0,0
2021,2,9,710284244835979264,138,Ben Roethlisberger,QB,12.3,1,0
2021,2,9,710284244835979264,5846,DK Metcalf,WR,11.3,1,0
2021,2,9,710284244835979264,6955,James Robinson,RB,9.4,0,0
2021,2,9,710284244835979264,4018,Joe Mixon,RB,8.1,1,0
2021,2,9,710284244835979264,5110,Russell Gage,WR,7.8,0,0
2021,2,9,710284244835979264,3423,Robbie Chosen,WR,6.8,0,0
2021,2,9,710284244835979264,2309,Amari Cooper,WR,5.4,1,0
2021,2,9,710284244835979264,7547,Amon-Ra St. Brown,WR,4.8,0,0
2021,2,9,710284244835979264,BAL,Baltimore Ravens,DEF,3.0,0,0
2021,2,9,710284244835979264,3271,Tyler Higbee,TE,1.8,1,0
2021,2,9,710284244835979264,7538,Zach Wilson,QB,0.3,0,0
2021,2,9,710284244835979264,5038,Michael Gallup,WR,0,0,0
2021,2,9,710284244835979264,5119,Jason Sanders,K,0,1,0
2021,2,10,475399371639222272,167,Tom Brady,QB,28.14,1,0
2021,2,10,475399371639222272,5045,Courtland Sutton,WR,24.9,0,0
2021,2,10,475399371639222272,4981,Calvin Ridley,WR,19.3,1,0
2021,2,10,475399371639222272,3164,Ezekiel Elliott,RB,17.7,1,0
2021,2,10,475399371639222272,4037,Chris Godwin,WR,16.2,1,0
2021,2,10,475399371639222272,6801,Tee Higgins,WR,16.0,1,0
2021,2,10,475399371639222272,6845,Zack Moss,RB,15.4,0,0
2021,2,10,475399371639222272,4602,Robert Tonyan,TE,14.2,1,0
2021,2,10,475399371639222272,7090,Darnell Mooney,WR,12.6,0,0
2021,2,10,475399371639222272,5917,Mecole Hardman,WR,10.5,0,0
2021,2,10,475399371639222272,CLE,Cleveland Browns,DEF,8.0,1,0
2021,2,10,475399371639222272,6770,Joe Burrow,QB,7.78,1,0
2021,2,10,475399371639222272,7561,Elijah Mitchell,RB,7.3,0,0
2021,2,10,475399371639222272,4035,Alvin Kamara,RB,7.0,1,0
2021,2,10,475399371639222272,4144,Jonnu Smith,TE,6.8,0,0
2021,2,10,475399371639222272,391,Ryan Succop,K,5.0,1,0
2021,2,10,475399371639222272,4137,James Conner,RB,2.6,0,0
2021,2,10,475399371639222272,5248,Gus Edwards,RB,0,0,0
2021,2,10,475399371639222272,6768,Tua Tagovailoa,QB,-0.48,0,0
2021,3,1,608781531883859968,4984,Josh Allen,QB,37.72,1,0
2021,3,1,608781531883859968,5987,Alexander Mattison,RB,23.1,1,0
2021,3,1,608781531883859968,7564,Ja'Marr Chase,WR,22.5,1,0
2021,3,1,608781531883859968,1049,Ryan Tannehill,QB,20.98,1,0
2021,3,1,608781531883859968,5947,Jakobi Meyers,WR,18.4,0,0
2021,3,1,608781531883859968,6945,Antonio Gibson,RB,18.4,1,0
2021,3,1,608781531883859968,1689,Adam Thielen,WR,17.0,1,0
2021,3,1,608781531883859968,CAR,Carolina Panthers,DEF,14.5,1,0
2021,3,1,608781531883859968,7042,Tyler Bass,K,14.0,1,0
2021,3,1,608781531883859968,7593,Trey Sermon,RB,11.4,0,0
2021,3,1,608781531883859968,6814,Laviska Shenault,WR,8.8,0,0
2021,3,1,608781531883859968,6813,Jonathan Taylor,RB,8.2,1,0
2021,3,1,608781531883859968,3157,William Fuller,WR,7.0,0,0
2021,3,1,608781531883859968,3969,Leonard Fournette,RB,6.4,0,0
2021,3,1,608781531883859968,7610,Trey Lance,QB,6.1,0,0
2021,3,1,608781531883859968,7553,Kyle Pitts,TE,5.5,1,0
2021,3,1,608781531883859968,1848,James White,RB,0.6,0,0
2021,3,1,608781531883859968,536,Antonio Brown,WR,0,0,0
2021,3,1,608781531883859968,6783,Jerry Jeudy,WR,0,0,0
2021,3,1,608781531883859968,6938,Cam Akers,RB,0,0,0
2021,3,2,736077599457026048,7528,Najee Harris,RB,28.2,1,0
2021,3,2,736077599457026048,DEN,Denver Broncos,DEF,24.5,1,0
2021,3,2,736077599457026048,4046,Patrick Mahomes,QB,22.4,1,0
2021,3,2,736077599457026048,4866,Saquon Barkley,RB,21.4,1,0
2021,3,2,736077599457026048,4149,Jamaal Williams,RB,14.7,0,0
2021,3,2,736077599457026048,24,Matt Ryan,QB,14.62,0,0
2021,3,2,736077599457026048,3225,Tyler Boyd,WR,13.6,0,0
2021,3,2,736077599457026048,6819,Michael Pittman,WR,13.3,0,0
2021,3,2,736077599457026048,7588,Javonte Williams,RB,13.2,0,0
2021,3,2,736077599457026048,4962,Sony Michel,RB,10.9,0,0
2021,3,2,736077599457026048,2152,Teddy Bridgewater,QB,10.8,1,0
2021,3,2,736077599457026048,5872,Deebo Samuel,WR,10.2,1,0
2021,3,2,736077599457026048,6786,CeeDee Lamb,WR,9.5,1,0
2021,3,2,736077599457026048,650,Nick Folk,K,8.0,1,0
2021,3,2,736077599457026048,367,Jared Cook,TE,4.7,0,0
2021,3,2,736077599457026048,3200,Sterling Shepard,WR,3.6,0,0
2021,3,2,736077599457026048,5844,T.J. Hockenson,TE,3.0,1,0
2021,3,2,736077599457026048,5859,A.J. Brown,WR,0.3,1,0
2021,3,2,736077599457026048,2749,Raheem Mostert,RB,0,0,0
2021,3,3,737091087440674816,4068,Mike Williams,WR,33.2,1,0
2021,3,3,737091087440674816,1535,Cordarrelle Patterson,RB,16.2,0,0
2021,3,3,737091087440674816,5012,Mark Andrews,TE,15.9,1,0
2021,3,3,737091087440674816,1234,Russell Wilson,QB,15.62,1,0
2021,3,3,737091087440674816,5000,Chase Edmonds,RB,14.5,1,0
2021,3,3,737091087440674816,4892,Baker Mayfield,QB,14.44,1,0
2021,3,3,737091087440674816,2251,Logan Thomas,TE,12.2,0,0
2021,3,3,737091087440674816,2449,Stefon Diggs,WR,12.2,1,0
2021,3,3,737091087440674816,6151,Miles Sanders,RB,8.5,1,0
2021,3,3,737091087440674816,2319,DeVante Parker,WR,8.2,0,0
2021,3,3,737091087440674816,3163,Jared Goff,QB,8.08,0,0
2021,3,3,737091087440674816,5967,Tony Pollard,RB,7.5,0,0
2021,3,3,737091087440674816,4666,Younghoe Koo,K,6.0,1,0
2021,3,3,737091087440674816,7525,DeVonta Smith,WR,5.8,0,0
2021,3,3,737091087440674816,1992,Allen Robinson,WR,4.7,1,0
2021,3,3,737091087440674816,4029,Dalvin Cook,RB,0,0,0
2021,3,3,737091087440674816,7571,Rashod Bateman,WR,0,0,0
2021,3,3,737091087440674816,WAS,Washington Commanders,DEF,-4.5,1,0
2021,3,4,736744257179770880,6797,Justin Herbert,QB,30.84,1,0
2021,3,4,736744257179770880,4098,Kareem Hunt,RB,27.5,0,0
2021,3,4,736744257179770880,4663,Austin Ekeler,RB,22.7,1,0
2021,3,4,736744257179770880,2197,Brandin Cooks,WR,20.7,0,0
2021,3,4,736744257179770880,6904,Jalen Hurts,QB,20.04,1,0
2021,3,4,736744257179770880,3198,Derrick Henry,RB,19.4,1,0
2021,3,4,736744257179770880,5347,Nyheim Miller-Hines,RB,18.9,0,0
2021,3,4,736744257179770880,2216,Mike Evans,WR,18.6,1,0
2021,3,4,736744257179770880,6886,Chase Claypool,WR,18.6,1,0
2021,3,4,736744257179770880,1264,Justin Tucker,K,16.0,1,0
2021,3,4,736744257179770880,IND,Indianapolis Colts,DEF,9.5,1,0
2021,3,4,736744257179770880,5022,Dallas Goedert,TE,8.6,1,0
2021,3,4,736744257179770880,1352,Robert Woods,WR,6.8,1,0
2021,3,4,736744257179770880,6130,Devin Singletary,RB,3.6,0,0
2021,3,4,736744257179770880,6826,Cole Kmet,TE,2.1,0,0
2021,3,4,736744257179770880,5170,Phillip Lindsay,RB,0.5,0,0
2021,3,4,736744257179770880,1825,Jarvis Landry,WR,0,0,0
2021,3,4,736744257179770880,7591,Justin Fields,QB,-0.58,0,0
2021,3,5,716698629934481408,1166,Kirk Cousins,QB,24.12,1,0
2021,3,5,716698629934481408,1144,Cole Beasley,WR,20.8,0,0
2021,3,5,716698629934481408,4983,DJ Moore,WR,20.5,1,0
2021,3,5,716698629934481408,1479,Keenan Allen,WR,19.0,1,0
2021,3,5,716698629934481408,3294,Dak Prescott,QB,17.12,1,0
2021,3,5,716698629934481408,6989,Marquez Callaway,WR,14.1,0,0
2021,3,5,716698629934481408,4951,DJ Chark,WR,13.9,0,0
2021,3,5,716698629934481408,6789,Henry Ruggs,WR,12.5,0,0
2021,3,5,716698629934481408,BUF,Buffalo Bills,DEF,12.5,1,0
2021,3,5,716698629934481408,7527,Mac Jones,QB,11.1,0,0
2021,3,5,716698629934481408,5927,Terry McLaurin,WR,10.2,1,0
2021,3,5,716698629934481408,7062,Rodrigo Blankenship,K,10.0,1,0
2021,3,5,716698629934481408,3214,Hunter Henry,TE,8.6,0,0
2021,3,5,716698629934481408,4988,Nick Chubb,RB,8.4,1,0
2021,3,5,716698629934481408,4034,Christian McCaffrey,RB,6.0,1,0
2021,3,5,716698629934481408,7607,Michael Carter,RB,4.9,0,0
2021,3,5,716698629934481408,5857,Noah Fant,TE,3.5,1,0
2021,3,5,716698629934481408,5850,Josh Jacobs,RB,0,0,0
2021,3,6,736740647758938112,4039,Cooper Kupp,WR,30.6,1,0
2021,3,6,736740647758938112,4943,Sam Darnold,QB,21.76,1,0
2021,3,6,736740647758938112,96,Aaron Rodgers,QB,18.54,1,0
2021,3,6,736740647758938112,4217,George Kittle,TE,17.1,1,0
2021,3,6,736740647758938112,830,A.J. Green,WR,16.2,0,0
2021,3,6,736740647758938112,2320,Melvin Gordon,RB,15.1,0,0
2021,3,6,736740647758938112,2078,Odell Beckham,WR,13.7,0,0
2021,3,6,736740647758938112,1067,Marvin Jones,WR,12.2,0,0
2021,3,6,736740647758938112,1817,Sammy Watkins,WR,10.8,0,0
2021,3,6,736740647758938112,5980,Myles Gaskin,RB,10.4,0,0
2021,3,6,736740647758938112,3321,Tyreek Hill,WR,9.7,1,0
2021,3,6,736740647758938112,515,Rob Gronkowski,TE,9.5,0,0
2021,3,6,736740647758938112,3242,Kenyan Drake,RB,8.7,1,0
2021,3,6,736740647758938112,5892,David Montgomery,RB,7.5,1,0
2021,3,6,736740647758938112,3161,Carson Wentz,QB,6.76,0,0
2021,3,6,736740647758938112,4227,Harrison Butker,K,6.0,1,0
2021,3,6,736740647758938112,4040,JuJu Smith-Schuster,WR,5.5,1,0
2021,3,6,736740647758938112,LAR,Los Angeles Rams,DEF,5.0,1,0
2021,3,7,735974647736213504,6790,D'Andre Swift,RB,23.7,1,0
2021,3,7,735974647736213504,1466,Travis Kelce,TE,17.4,1,0
2021,3,7,735974647736213504,6820,Clyde Edwards-Helaire,RB,16.9,1,0
2021,3,7,735974647736213504,7526,Jaylen Waddle,WR,16.8,0,0
2021,3,7,735974647736213504,4881,Lamar Jackson,QB,16.28,1,0
2021,3,7,735974647736213504,6803,Brandon Aiyuk,WR,14.5,0,0
2021,3,7,735974647736213504,2306,Jameis Winston,QB,12.02,0,0
2021,3,7,735974647736213504,5095,Daniel Carlson,K,12.0,1,0
2021,3,7,735974647736213504,6798,Jalen Reagor,WR,10.3,0,0
2021,3,7,735974647736213504,5848,Marquise Brown,WR,8.3,1,0
2021,3,7,735974647736213504,PIT,Pittsburgh Steelers,DEF,7.0,1,0
2021,3,7,735974647736213504,7523,Trevor Lawrence,QB,5.96,1,0
2021,3,7,735974647736213504,1426,DeAndre Hopkins,WR,5.1,1,0
2021,3,7,735974647736213504,6828,AJ Dillon,RB,4.6,0,0
2021,3,7,735974647736213504,7098,Ty'Son Williams,RB,2.2,1,0
2021,3,7,735974647736213504,7601,Rondale Moore,WR,1.4,0,0
2021,3,7,735974647736213504,3199,Michael Thomas,WR,0,0,0
2021,3,7,735974647736213504,4082,Curtis Samuel,WR,0,0,0
2021,3,7,735974647736213504,5284,Jeff Wilson,RB,0,0,0
2021,3,7,735974647736213504,5937,Diontae Johnson,WR,0,0,0
2021,3,8,736803054736822272,421,Matthew Stafford,QB,29.52,1,0
2021,3,8,736803054736822272,6794,Justin Jefferson,WR,26.8,1,0
2021,3,8,736803054736822272,ARI,Arizona Cardinals,DEF,24.5,1,0
2021,3,8,736803054736822272,2711,Taylor Heinicke,QB,20.88,0,0
2021,3,8,736803054736822272,2028,Derek Carr,QB,20.24,1,0
2021,3,8,736803054736822272,4993,Mike Gesicki,TE,18.6,0,0
2021,3,8,736803054736822272,4199,Aaron Jones,RB,16.6,1,0
2021,3,8,736803054736822272,4273,Chris Carson,RB,16.2,1,0
2021,3,8,736803054736822272,59,Mason Crosby,K,16.0,1,0
2021,3,8,736803054736822272,5086,Marquez Valdes-Scantling,WR,14.9,0,0
2021,3,8,736803054736822272,2505,Darren Waller,TE,10.4,1,0
2021,3,8,736803054736822272,4131,Kenny Golladay,WR,10.4,0,0
2021,3,8,736803054736822272,4036,Corey Davis,WR,9.1,0,0
2021,3,8,736803054736822272,947,Julio Jones,WR,7.7,1,0
2021,3,8,736803054736822272,2374,Tyler Lockett,WR,7.1,1,0
2021,3,8,736803054736822272,3664,J.D. McKissic,RB,5.8,0,0
2021,3,8,736803054736822272,5890,Damien Harris,RB,3.1,0,0
2021,3,8,736803054736822272,TB,Tampa Bay Buccaneers,DEF,0.5,0,0
2021,3,8,736803054736822272,333,Ryan Fitzpatrick,QB,0,0,0
2021,3,9,710284244835979264,2133,Davante Adams,WR,31.2,1,0
2021,3,9,710284244835979264,6955,James Robinson,RB,24.4,0,0
2021,3,9,710284244835979264,5846,DK Metcalf,WR,22.7,1,0
2021,3,9,710284244835979264,5849,Kyler Murray,QB,19.04,1,0
2021,3,9,710284244835979264,3271,Tyler Higbee,TE,14.0,1,0
2021,3,9,710284244835979264,6870,Bryan Edwards,WR,11.9,0,0
2021,3,9,710284244835979264,138,Ben Roethlisberger,QB,11.72,1,0
2021,3,9,710284244835979264,2431,Mike Davis,RB,11.0,1,0
2021,3,9,710284244835979264,4018,Joe Mixon,RB,10.4,1,0
2021,3,9,710284244835979264,5119,Jason Sanders,K,10.0,0,0
2021,3,9,710284244835979264,NE,New England Patriots,DEF,8.0,0,0
2021,3,9,710284244835979264,BAL,Baltimore Ravens,DEF,7.5,1,0
2021,3,9,710284244835979264,17,Matt Prater,K,6.0,1,0
2021,3,9,710284244835979264,2309,Amari Cooper,WR,5.6,1,0
2021,3,9,710284244835979264,3423,Robbie Chosen,WR,1.8,0,0
2021,3,9,710284244835979264,7538,Zach Wilson,QB,0.1,0,0
2021,3,9,710284244835979264,5038,Michael Gallup,WR,0,0,0
2021,3,9,710284244835979264,5110,Russell Gage,WR,0,0,0
2021,3,9,710284244835979264,5916,Darrell Henderson,RB,0,0,0
2021,3,9,710284244835979264,827,Tyrod Taylor,QB,0,0,0
2021,3,10,475399371639222272,167,Tom Brady,QB,27.68,1,0
2021,3,10,475399371639222272,3164,Ezekiel Elliott,RB,26.6,1,0
2021,3,10,475399371639222272,CLE,Cleveland Browns,DEF,23.5,1,0
2021,3,10,475399371639222272,4035,Alvin Kamara,RB,20.8,1,0
2021,3,10,475399371639222272,4037,Chris Godwin,WR,19.6,1,0
2021,3,10,475399371639222272,4137,James Conner,RB,18.3,0,0
2021,3,10,475399371639222272,6845,Zack Moss,RB,18.1,0,0
2021,3,10,475399371639222272,6770,Joe Burrow,QB,17.58,0,0
2021,3,10,475399371639222272,4981,Calvin Ridley,WR,14.1,1,0
2021,3,10,475399371639222272,5870,Daniel Jones,QB,13.54,1,0
2021,3,10,475399371639222272,5917,Mecole Hardman,WR,12.5,0,0
2021,3,10,475399371639222272,5045,Courtland Sutton,WR,8.7,1,0
2021,3,10,475399371639222272,1266,Greg Zuerlein,K,4.0,1,0
2021,3,10,475399371639222272,7090,Darnell Mooney,WR,1.9,0,0
2021,3,10,475399371639222272,4602,Robert Tonyan,TE,1.6,1,0
2021,3,10,475399371639222272,4144,Jonnu Smith,TE,1.4,0,0
2021,3,10,475399371639222272,5248,Gus Edwards,RB,0,0,0
2021,3,10,475399371639222272,6801,Tee Higgins,WR,0,0,0
2021,3,10,475399371639222272,7561,Elijah Mitchell,RB,0,0,0
2021,4,1,608781531883859968,6813,Jonathan Taylor,RB,20.4,1,0
2021,4,1,608781531883859968,7610,Trey Lance,QB,19.88,0,0
2021,4,1,608781531883859968,4984,Josh Allen,QB,18.52,1,0
2021,4,1,608781531883859968,6814,Laviska Shenault,WR,17.0,0,0
2021,4,1,608781531883859968,3969,Leonard Fournette,RB,16.8,0,0
2021,4,1,608781531883859968,5947,Jakobi Meyers,WR,16.8,1,0
2021,4,1,608781531883859968,7042,Tyler Bass,K,16.0,1,0
2021,4,1,608781531883859968,1049,Ryan Tannehill,QB,15.82,1,0
2021,4,1,608781531883859968,6945,Antonio Gibson,RB,15.5,1,0
2021,4,1,608781531883859968,7564,Ja'Marr Chase,WR,13.7,1,0
2021,4,1,608781531883859968,536,Antonio Brown,WR,13.3,0,0
2021,4,1,608781531883859968,7553,Kyle Pitts,TE,9.0,1,0
2021,4,1,608781531883859968,7593,Trey Sermon,RB,8.9,0,0
2021,4,1,608781531883859968,TEN,Tennessee Titans,DEF,8.0,1,0
2021,4,1,608781531883859968,1689,Adam Thielen,WR,7.6,1,0
2021,4,1,608781531883859968,5987,Alexander Mattison,RB,2.0,0,0
2021,4,1,608781531883859968,3157,William Fuller,WR,1.6,0,0
2021,4,1,608781531883859968,1244,Josh Gordon,WR,0,0,0
2021,4,1,608781531883859968,6783,Jerry Jeudy,WR,0,0,0
2021,4,1,608781531883859968,6938,Cam Akers,RB,0,0,0
2021,4,2,736077599457026048,5872,Deebo Samuel,WR,36.7,1,0
2021,4,2,736077599457026048,4046,Patrick Mahomes,QB,31.22,1,0
2021,4,2,736077599457026048,4866,Saquon Barkley,RB,29.6,1,0
2021,4,2,736077599457026048,24,Matt Ryan,QB,29.02,0,0
2021,4,2,736077599457026048,7528,Najee Harris,RB,21.1,1,0
2021,4,2,736077599457026048,3225,Tyler Boyd,WR,20.8,0,0
2021,4,2,736077599457026048,367,Jared Cook,TE,19.0,0,0
2021,4,2,736077599457026048,6819,Michael Pittman,WR,11.9,1,0
2021,4,2,736077599457026048,7588,Javonte Williams,RB,8.9,0,0
2021,4,2,736077599457026048,5844,T.J. Hockenson,TE,8.2,1,0
2021,4,2,736077599457026048,6083,Matt Gay,K,8.0,1,0
2021,4,2,736077599457026048,4149,Jamaal Williams,RB,6.6,0,0
2021,4,2,736077599457026048,2152,Teddy Bridgewater,QB,5.8,1,0
2021,4,2,736077599457026048,DEN,Denver Broncos,DEF,3.5,1,0
2021,4,2,736077599457026048,6786,CeeDee Lamb,WR,3.3,1,0
2021,4,2,736077599457026048,2749,Raheem Mostert,RB,0,0,0
2021,4,2,736077599457026048,3200,Sterling Shepard,WR,0,0,0
2021,4,2,736077599457026048,5859,A.J. Brown,WR,0,0,0
2021,4,2,736077599457026048,4962,Sony Michel,RB,-0.9,0,0
2021,4,3,737091087440674816,1535,Cordarrelle Patterson,RB,34.6,0,0
2021,4,3,737091087440674816,1234,Russell Wilson,QB,20.06,1,0
2021,4,3,737091087440674816,7525,DeVonta Smith,WR,19.2,0,0
2021,4,3,737091087440674816,5000,Chase Edmonds,RB,17.9,0,0
2021,4,3,737091087440674816,2319,DeVante Parker,WR,17.7,0,0
2021,4,3,737091087440674816,2449,Stefon Diggs,WR,17.4,1,0
2021,4,3,737091087440674816,3163,Jared Goff,QB,13.76,0,0
2021,4,3,737091087440674816,5012,Mark Andrews,TE,11.7,1,0
2021,4,3,737091087440674816,1992,Allen Robinson,WR,9.3,1,0
2021,4,3,737091087440674816,WAS,Washington Commanders,DEF,9.0,1,0
2021,4,3,737091087440674816,4892,Baker Mayfield,QB,7.8,1,0
2021,4,3,737091087440674816,6151,Miles Sanders,RB,7.7,1,0
2021,4,3,737091087440674816,5967,Tony Pollard,RB,6.7,0,0
2021,4,3,737091087440674816,4029,Dalvin Cook,RB,6.4,1,0
2021,4,3,737091087440674816,4666,Younghoe Koo,K,6.0,1,0
2021,4,3,737091087440674816,4068,Mike Williams,WR,2.1,1,0
2021,4,3,737091087440674816,2251,Logan Thomas,TE,0,0,0
2021,4,3,737091087440674816,7571,Rashod Bateman,WR,0,0,0
2021,4,4,736744257179770880,4663,Austin Ekeler,RB,29.5,1,0
2021,4,4,736744257179770880,6904,Jalen Hurts,QB,26.18,1,0
2021,4,4,736744257179770880,3198,Derrick Henry,RB,25.7,1,0
2021,4,4,736744257179770880,6797,Justin Herbert,QB,20.78,1,0
2021,4,4,736744257179770880,4098,Kareem Hunt,RB,16.6,0,0
2021,4,4,736744257179770880,5022,Dallas Goedert,TE,15.6,1,0
2021,4,4,736744257179770880,1352,Robert Woods,WR,14.8,0,0
2021,4,4,736744257179770880,2216,Mike Evans,WR,14.5,1,0
2021,4,4,736744257179770880,538,Emmanuel Sanders,WR,13.1,1,0
2021,4,4,736744257179770880,1264,Justin Tucker,K,13.0,1,0
2021,4,4,736744257179770880,IND,Indianapolis Colts,DEF,12.5,1,0
2021,4,4,736744257179770880,2197,Brandin Cooks,WR,9.7,1,0
2021,4,4,736744257179770880,6130,Devin Singletary,RB,8.6,0,0
2021,4,4,736744257179770880,7591,Justin Fields,QB,5.76,0,0
2021,4,4,736744257179770880,6826,Cole Kmet,TE,1.6,0,0
2021,4,4,736744257179770880,5347,Nyheim Miller-Hines,RB,1.1,0,0
2021,4,4,736744257179770880,1825,Jarvis Landry,WR,0,0,0
2021,4,4,736744257179770880,6886,Chase Claypool,WR,0,0,0
2021,4,5,716698629934481408,4983,DJ Moore,WR,31.9,1,0
2021,4,5,716698629934481408,5927,Terry McLaurin,WR,30.3,1,0
2021,4,5,716698629934481408,BUF,Buffalo Bills,DEF,30.0,1,0
2021,4,5,716698629934481408,3294,Dak Prescott,QB,27.02,1,0
2021,4,5,716698629934481408,5857,Noah Fant,TE,16.6,1,0
2021,4,5,716698629934481408,7527,Mac Jones,QB,15.4,0,0
2021,4,5,716698629934481408,4988,Nick Chubb,RB,11.5,1,0
2021,4,5,716698629934481408,5850,Josh Jacobs,RB,10.7,1,0
2021,4,5,716698629934481408,1479,Keenan Allen,WR,10.6,1,0
2021,4,5,716698629934481408,7062,Rodrigo Blankenship,K,10.0,1,0
2021,4,5,716698629934481408,6989,Marquez Callaway,WR,9.4,0,0
2021,4,5,716698629934481408,1166,Kirk Cousins,QB,9.12,1,0
2021,4,5,716698629934481408,6789,Henry Ruggs,WR,9.0,0,0
2021,4,5,716698629934481408,4351,Tim Patrick,WR,6.9,0,0
2021,4,5,716698629934481408,1144,Cole Beasley,WR,3.6,0,0
2021,4,5,716698629934481408,3594,Peyton Barber,RB,0,0,0
2021,4,5,716698629934481408,4034,Christian McCaffrey,RB,0,0,0
2021,4,5,716698629934481408,4951,DJ Chark,WR,0,0,0
2021,4,6,736740647758938112,3321,Tyreek Hill,WR,47.6,1,0
2021,4,6,736740647758938112,4943,Sam Darnold,QB,29.54,1,0
2021,4,6,736740647758938112,96,Aaron Rodgers,QB,22.62,1,0
2021,4,6,736740647758938112,5892,David Montgomery,RB,22.6,1,0
2021,4,6,736740647758938112,830,A.J. Green,WR,17.7,0,0
2021,4,6,736740647758938112,4039,Cooper Kupp,WR,11.4,1,0
2021,4,6,736740647758938112,7594,Chuba Hubbard,RB,9.1,1,0
2021,4,6,736740647758938112,1817,Sammy Watkins,WR,8.9,0,0
2021,4,6,736740647758938112,2320,Melvin Gordon,RB,8.7,0,0
2021,4,6,736740647758938112,4217,George Kittle,TE,8.0,1,0
2021,4,6,736740647758938112,4227,Harrison Butker,K,6.0,1,0
2021,4,6,736740647758938112,1067,Marvin Jones,WR,5.4,1,0
2021,4,6,736740647758938112,2078,Odell Beckham,WR,5.1,0,0
2021,4,6,736740647758938112,4040,JuJu Smith-Schuster,WR,3.1,0,0
2021,4,6,736740647758938112,5980,Myles Gaskin,RB,0.3,0,0
2021,4,6,736740647758938112,3242,Kenyan Drake,RB,0.2,0,0
2021,4,6,736740647758938112,515,Rob Gronkowski,TE,0,0,0
2021,4,6,736740647758938112,LAR,Los Angeles Rams,DEF,-1.0,1,0
2021,4,7,735974647736213504,5937,Diontae Johnson,WR,24.2,1,0
2021,4,7,735974647736213504,6820,Clyde Edwards-Helaire,RB,19.4,1,0
2021,4,7,735974647736213504,5848,Marquise Brown,WR,19.1,0,0
2021,4,7,735974647736213504,4881,Lamar Jackson,QB,17.94,1,0
2021,4,7,735974647736213504,7523,Trevor Lawrence,QB,17.26,0,0
2021,4,7,735974647736213504,2306,Jameis Winston,QB,13.04,1,0
2021,4,7,735974647736213504,1426,DeAndre Hopkins,WR,10.7,1,0
2021,4,7,735974647736213504,6828,AJ Dillon,RB,10.7,0,0
2021,4,7,735974647736213504,6790,D'Andre Swift,RB,8.9,1,0
2021,4,7,735974647736213504,PIT,Pittsburgh Steelers,DEF,7.5,0,0
2021,4,7,735974647736213504,7601,Rondale Moore,WR,6.7,0,0
2021,4,7,735974647736213504,1466,Travis Kelce,TE,6.3,1,0
2021,4,7,735974647736213504,7526,Jaylen Waddle,WR,6.3,0,0
2021,4,7,735974647736213504,4082,Curtis Samuel,WR,5.9,0,0
2021,4,7,735974647736213504,6803,Brandon Aiyuk,WR,2.5,1,0
2021,4,7,735974647736213504,NO,New Orleans Saints,DEF,2.5,1,0
2021,4,7,735974647736213504,5095,Daniel Carlson,K,1.0,1,0
2021,4,7,735974647736213504,3199,Michael Thomas,WR,0,0,0
2021,4,7,735974647736213504,5284,Jeff Wilson,RB,0,0,0
2021,4,7,735974647736213504,7098,Ty'Son Williams,RB,0,0,0
2021,4,8,736803054736822272,2711,Taylor Heinicke,QB,27.4,0,0
2021,4,8,736803054736822272,4036,Corey Davis,WR,21.1,0,0
2021,4,8,736803054736822272,6794,Justin Jefferson,WR,20.4,1,0
2021,4,8,736803054736822272,421,Matthew Stafford,QB,19.8,1,0
2021,4,8,736803054736822272,4131,Kenny Golladay,WR,17.6,0,0
2021,4,8,736803054736822272,3664,J.D. McKissic,RB,16.9,1,0
2021,4,8,736803054736822272,4993,Mike Gesicki,TE,16.7,0,0
2021,4,8,736803054736822272,2505,Darren Waller,TE,15.0,1,0
2021,4,8,736803054736822272,TB,Tampa Bay Buccaneers,DEF,14.0,1,0
2021,4,8,736803054736822272,2028,Derek Carr,QB,11.44,1,0
2021,4,8,736803054736822272,4199,Aaron Jones,RB,10.9,1,0
2021,4,8,736803054736822272,59,Mason Crosby,K,9.0,1,0
2021,4,8,736803054736822272,2374,Tyler Lockett,WR,6.4,1,0
2021,4,8,736803054736822272,ARI,Arizona Cardinals,DEF,5.0,0,0
2021,4,8,736803054736822272,5890,Damien Harris,RB,4.6,0,0
2021,4,8,736803054736822272,4273,Chris Carson,RB,4.1,1,0
2021,4,8,736803054736822272,333,Ryan Fitzpatrick,QB,0,0,0
2021,4,8,736803054736822272,5086,Marquez Valdes-Scantling,WR,0,0,0
2021,4,8,736803054736822272,947,Julio Jones,WR,0,0,0
2021,4,9,710284244835979264,5849,Kyler Murray,QB,21.12,1,0
2021,4,9,710284244835979264,6955,James Robinson,RB,20.6,1,0
2021,4,9,710284244835979264,5916,Darrell Henderson,RB,16.6,0,0
2021,4,9,710284244835979264,5846,DK Metcalf,WR,16.5,1,0
2021,4,9,710284244835979264,7538,Zach Wilson,QB,16.18,0,0
2021,4,9,710284244835979264,2309,Amari Cooper,WR,15.9,1,0
2021,4,9,710284244835979264,BAL,Baltimore Ravens,DEF,15.5,1,0
2021,4,9,710284244835979264,17,Matt Prater,K,15.0,1,0
2021,4,9,710284244835979264,4018,Joe Mixon,RB,13.7,1,0
2021,4,9,710284244835979264,2133,Davante Adams,WR,12.4,1,0
2021,4,9,710284244835979264,2431,Mike Davis,RB,10.6,0,0
2021,4,9,710284244835979264,3423,Robbie Chosen,WR,9.9,0,0
2021,4,9,710284244835979264,138,Ben Roethlisberger,QB,8.78,1,0
2021,4,9,710284244835979264,3271,Tyler Higbee,TE,7.6,1,0
2021,4,9,710284244835979264,5119,Jason Sanders,K,5.0,0,0
2021,4,9,710284244835979264,NE,New England Patriots,DEF,4.0,0,0
2021,4,9,710284244835979264,6870,Bryan Edwards,WR,1.4,0,0
2021,4,9,710284244835979264,5038,Michael Gallup,WR,0,0,0
2021,4,9,710284244835979264,5110,Russell Gage,WR,0,0,0
2021,4,9,710284244835979264,827,Tyrod Taylor,QB,0,0,0
2021,4,10,475399371639222272,5870,Daniel Jones,QB,28.28,0,0
2021,4,10,475399371639222272,6770,Joe Burrow,QB,22.32,1,0
2021,4,10,475399371639222272,3164,Ezekiel Elliott,RB,20.3,1,0
2021,4,10,475399371639222272,4137,James Conner,RB,19.6,0,0
2021,4,10,475399371639222272,7090,Darnell Mooney,WR,18.5,0,0
2021,4,10,475399371639222272,4981,Calvin Ridley,WR,15.0,1,0
2021,4,10,475399371639222272,CLE,Cleveland Browns,DEF,13.0,0,0
2021,4,10,475399371639222272,6845,Zack Moss,RB,12.1,0,0
2021,4,10,475399371639222272,4035,Alvin Kamara,RB,12.0,1,0
2021,4,10,475399371639222272,167,Tom Brady,QB,10.56,1,0
2021,4,10,475399371639222272,4144,Jonnu Smith,TE,10.4,0,0
2021,4,10,475399371639222272,4037,Chris Godwin,WR,8.5,1,0
2021,4,10,475399371639222272,5045,Courtland Sutton,WR,7.7,1,0
2021,4,10,475399371639222272,5917,Mecole Hardman,WR,6.1,0,0
2021,4,10,475399371639222272,1266,Greg Zuerlein,K,6.0,1,0
2021,4,10,475399371639222272,CIN,Cincinnati Bengals,DEF,5.0,1,0
2021,4,10,475399371639222272,4602,Robert Tonyan,TE,2.8,1,0
2021,4,10,475399371639222272,5248,Gus Edwards,RB,0,0,0
2021,4,10,475399371639222272,6801,Tee Higgins,WR,0,0,0
2021,4,10,475399371639222272,7561,Elijah Mitchell,RB,0,0,0
2021,5,1,608781531883859968,4984,Josh Allen,QB,36.5,1,0
2021,5,1,608781531883859968,6813,Jonathan Taylor,RB,32.9,1,0
2021,5,1,608781531883859968,536,Antonio Brown,WR,32.4,0,0
2021,5,1,608781531883859968,7564,Ja'Marr Chase,WR,28.9,1,0
2021,5,1,608781531883859968,7553,Kyle Pitts,TE,26.9,1,0
2021,5,1,608781531883859968,5987,Alexander Mattison,RB,26.3,1,0
2021,5,1,608781531883859968,6945,Antonio Gibson,RB,21.2,0,0
2021,5,1,608781531883859968,3969,Leonard Fournette,RB,21.0,1,0
2021,5,1,608781531883859968,7610,Trey Lance,QB,13.58,1,0
2021,5,1,608781531883859968,MIN,Minnesota Vikings,DEF,13.5,1,0
2021,5,1,608781531883859968,1049,Ryan Tannehill,QB,12.48,0,0
2021,5,1,608781531883859968,5947,Jakobi Meyers,WR,9.6,0,0
2021,5,1,608781531883859968,7042,Tyler Bass,K,8.0,1,0
2021,5,1,608781531883859968,6814,Laviska Shenault,WR,6.8,0,0
2021,5,1,608781531883859968,1689,Adam Thielen,WR,6.0,1,0
2021,5,1,608781531883859968,1244,Josh Gordon,WR,2.1,0,0
2021,5,1,608781531883859968,7537,Jaret Patterson,RB,1.3,0,0
2021,5,1,608781531883859968,7593,Trey Sermon,RB,0.7,0,0
2021,5,1,608781531883859968,6783,Jerry Jeudy,WR,0,0,0
2021,5,1,608781531883859968,6938,Cam Akers,RB,0,0,0
2021,5,2,736077599457026048,7528,Najee Harris,RB,22.2,1,0
2021,5,2,736077599457026048,24,Matt Ryan,QB,22.08,1,0
2021,5,2,736077599457026048,6819,Michael Pittman,WR,20.9,0,0
2021,5,2,736077599457026048,6786,CeeDee Lamb,WR,18.8,1,0
2021,5,2,736077599457026048,4046,Patrick Mahomes,QB,18.48,1,0
2021,5,2,736077599457026048,2152,Teddy Bridgewater,QB,17.62,0,0
2021,5,2,736077599457026048,5872,Deebo Samuel,WR,16.1,1,0
2021,5,2,736077599457026048,CAR,Carolina Panthers,DEF,14.0,1,0
2021,5,2,736077599457026048,5001,Dalton Schultz,TE,13.9,0,0
2021,5,2,736077599457026048,7588,Javonte Williams,RB,11.6,0,0
2021,5,2,736077599457026048,3327,Alex Collins,RB,9.2,0,0
2021,5,2,736077599457026048,4149,Jamaal Williams,RB,8.5,0,0
2021,5,2,736077599457026048,6083,Matt Gay,K,8.0,1,0
2021,5,2,736077599457026048,5859,A.J. Brown,WR,6.8,1,0
2021,5,2,736077599457026048,3225,Tyler Boyd,WR,6.4,0,0
2021,5,2,736077599457026048,5844,T.J. Hockenson,TE,4.2,1,0
2021,5,2,736077599457026048,4866,Saquon Barkley,RB,0.9,1,0
2021,5,2,736077599457026048,2749,Raheem Mostert,RB,0,0,0
2021,5,2,736077599457026048,3200,Sterling Shepard,WR,0,0,0
2021,5,3,737091087440674816,5012,Mark Andrews,TE,41.7,1,0
2021,5,3,737091087440674816,4068,Mike Williams,WR,37.5,1,0
2021,5,3,737091087440674816,4892,Baker Mayfield,QB,21.5,1,0
2021,5,3,737091087440674816,1535,Cordarrelle Patterson,RB,18.4,1,0
2021,5,3,737091087440674816,7525,DeVonta Smith,WR,14.7,0,0
2021,5,3,737091087440674816,4666,Younghoe Koo,K,11.0,1,0
2021,5,3,737091087440674816,6151,Miles Sanders,RB,10.1,0,0
2021,5,3,737091087440674816,2449,Stefon Diggs,WR,8.9,1,0
2021,5,3,737091087440674816,WAS,Washington Commanders,DEF,8.5,0,0
2021,5,3,737091087440674816,1234,Russell Wilson,QB,8.08,1,0
2021,5,3,737091087440674816,LV,Las Vegas Raiders,DEF,8.0,1,0
2021,5,3,737091087440674816,1992,Allen Robinson,WR,7.2,1,0
2021,5,3,737091087440674816,5000,Chase Edmonds,RB,4.4,1,0
2021,5,3,737091087440674816,3163,Jared Goff,QB,4.12,0,0
2021,5,3,737091087440674816,2251,Logan Thomas,TE,0,0,0
2021,5,3,737091087440674816,2319,DeVante Parker,WR,0,0,0
2021,5,3,737091087440674816,4029,Dalvin Cook,RB,0,0,0
2021,5,3,737091087440674816,7571,Rashod Bateman,WR,0,0,0
2021,5,4,736744257179770880,6797,Justin Herbert,QB,42.32,1,0
2021,5,4,736744257179770880,4663,Austin Ekeler,RB,31.9,1,0
2021,5,4,736744257179770880,3198,Derrick Henry,RB,31.0,1,0
2021,5,4,736744257179770880,2216,Mike Evans,WR,29.3,1,0
2021,5,4,736744257179770880,1352,Robert Woods,WR,27.0,1,0
2021,5,4,736744257179770880,4098,Kareem Hunt,RB,25.9,1,0
2021,5,4,736744257179770880,6886,Chase Claypool,WR,24.0,0,0
2021,5,4,736744257179770880,6904,Jalen Hurts,QB,20.92,1,0
2021,5,4,736744257179770880,538,Emmanuel Sanders,WR,20.4,0,0
2021,5,4,736744257179770880,7591,Justin Fields,QB,6.84,0,0
2021,5,4,736744257179770880,2197,Brandin Cooks,WR,5.3,0,0
2021,5,4,736744257179770880,5022,Dallas Goedert,TE,4.8,1,0
2021,5,4,736744257179770880,6826,Cole Kmet,TE,4.2,0,0
2021,5,4,736744257179770880,6130,Devin Singletary,RB,3.3,0,0
2021,5,4,736744257179770880,1264,Justin Tucker,K,3.0,1,0
2021,5,4,736744257179770880,IND,Indianapolis Colts,DEF,2.0,1,0
2021,5,4,736744257179770880,5347,Nyheim Miller-Hines,RB,1.8,0,0
2021,5,4,736744257179770880,1825,Jarvis Landry,WR,0,0,0
2021,5,5,716698629934481408,4988,Nick Chubb,RB,25.0,1,0
2021,5,5,716698629934481408,6989,Marquez Callaway,WR,24.5,0,0
2021,5,5,716698629934481408,3294,Dak Prescott,QB,19.68,1,0
2021,5,5,716698629934481408,BUF,Buffalo Bills,DEF,18.5,0,0
2021,5,5,716698629934481408,5850,Josh Jacobs,RB,16.7,1,0
2021,5,5,716698629934481408,4351,Tim Patrick,WR,15.9,0,0
2021,5,5,716698629934481408,1479,Keenan Allen,WR,13.5,1,0
2021,5,5,716698629934481408,DAL,Dallas Cowboys,DEF,13.0,1,0
2021,5,5,716698629934481408,1166,Kirk Cousins,QB,12.9,1,0
2021,5,5,716698629934481408,7527,Mac Jones,QB,11.04,0,0
2021,5,5,716698629934481408,391,Ryan Succop,K,10.0,1,0
2021,5,5,716698629934481408,4983,DJ Moore,WR,8.8,1,0
2021,5,5,716698629934481408,5927,Terry McLaurin,WR,8.6,1,0
2021,5,5,716698629934481408,6789,Henry Ruggs,WR,8.1,0,0
2021,5,5,716698629934481408,5857,Noah Fant,TE,5.0,1,0
2021,5,5,716698629934481408,7062,Rodrigo Blankenship,K,5.0,0,0
2021,5,5,716698629934481408,1144,Cole Beasley,WR,1.5,0,0
2021,5,5,716698629934481408,4034,Christian McCaffrey,RB,0,0,0
2021,5,5,716698629934481408,4951,DJ Chark,WR,0,0,0
2021,5,6,736740647758938112,96,Aaron Rodgers,QB,19.26,1,0
2021,5,6,736740647758938112,7594,Chuba Hubbard,RB,18.4,1,0
2021,5,6,736740647758938112,4147,Samaje Perine,RB,18.3,0,0
2021,5,6,736740647758938112,4039,Cooper Kupp,WR,16.2,1,0
2021,5,6,736740647758938112,3321,Tyreek Hill,WR,14.8,1,0
2021,5,6,736740647758938112,4227,Harrison Butker,K,10.0,1,0
2021,5,6,736740647758938112,LAR,Los Angeles Rams,DEF,9.0,1,0
2021,5,6,736740647758938112,2320,Melvin Gordon,RB,6.3,0,0
2021,5,6,736740647758938112,1817,Sammy Watkins,WR,5.5,0,0
2021,5,6,736740647758938112,1476,Latavius Murray,RB,5.0,1,0
2021,5,6,736740647758938112,4943,Sam Darnold,QB,4.58,1,0
2021,5,6,736740647758938112,2078,Odell Beckham,WR,4.0,0,0
2021,5,6,736740647758938112,1067,Marvin Jones,WR,3.5,1,0
2021,5,6,736740647758938112,830,A.J. Green,WR,2.3,0,0
2021,5,6,736740647758938112,2214,Cameron Brate,TE,2.2,1,0
2021,5,6,736740647758938112,3242,Kenyan Drake,RB,1.1,0,0
2021,5,6,736740647758938112,4040,JuJu Smith-Schuster,WR,0.6,0,0
2021,5,6,736740647758938112,4217,George Kittle,TE,0,0,0
2021,5,6,736740647758938112,515,Rob Gronkowski,TE,0,0,0
2021,5,6,736740647758938112,5892,David Montgomery,RB,0,0,0
2021,5,7,735974647736213504,4881,Lamar Jackson,QB,42.38,1,0
2021,5,7,735974647736213504,5848,Marquise Brown,WR,33.5,1,0
2021,5,7,735974647736213504,2306,Jameis Winston,QB,24.76,0,0
2021,5,7,735974647736213504,6790,D'Andre Swift,RB,22.4,1,0
2021,5,7,735974647736213504,7523,Trevor Lawrence,QB,20.72,1,0
2021,5,7,735974647736213504,1426,DeAndre Hopkins,WR,20.7,1,0
2021,5,7,735974647736213504,6828,AJ Dillon,RB,17.9,0,0
2021,5,7,735974647736213504,1466,Travis Kelce,TE,17.7,1,0
2021,5,7,735974647736213504,1833,Damien Williams,RB,16.4,1,0
2021,5,7,735974647736213504,5937,Diontae Johnson,WR,16.2,1,0
2021,5,7,735974647736213504,NO,New Orleans Saints,DEF,8.0,1,0
2021,5,7,735974647736213504,PIT,Pittsburgh Steelers,DEF,7.0,0,0
2021,5,7,735974647736213504,DEN,Denver Broncos,DEF,6.0,0,0
2021,5,7,735974647736213504,7526,Jaylen Waddle,WR,5.3,0,0
2021,5,7,735974647736213504,6803,Brandon Aiyuk,WR,5.2,0,0
2021,5,7,735974647736213504,6820,Clyde Edwards-Helaire,RB,3.4,0,0
2021,5,7,735974647736213504,5095,Daniel Carlson,K,3.0,1,0
2021,5,7,735974647736213504,4082,Curtis Samuel,WR,0.8,0,0
2021,5,7,735974647736213504,3199,Michael Thomas,WR,0,0,0
2021,5,7,735974647736213504,5284,Jeff Wilson,RB,0,0,0
2021,5,8,736803054736822272,6794,Justin Jefferson,WR,19.4,1,0
2021,5,8,736803054736822272,421,Matthew Stafford,QB,16.5,1,0
2021,5,8,736803054736822272,4199,Aaron Jones,RB,14.9,1,0
2021,5,8,736803054736822272,5967,Tony Pollard,RB,13.3,0,0
2021,5,8,736803054736822272,59,Mason Crosby,K,12.0,1,0
2021,5,8,736803054736822272,TB,Tampa Bay Buccaneers,DEF,12.0,1,0
2021,5,8,736803054736822272,2374,Tyler Lockett,WR,10.7,1,0
2021,5,8,736803054736822272,ARI,Arizona Cardinals,DEF,10.5,0,0
2021,5,8,736803054736822272,5890,Damien Harris,RB,9.8,1,0
2021,5,8,736803054736822272,2711,Taylor Heinicke,QB,8.92,1,0
2021,5,8,736803054736822272,2505,Darren Waller,TE,8.5,1,0
2021,5,8,736803054736822272,4036,Corey Davis,WR,8.5,1,0
2021,5,8,736803054736822272,4993,Mike Gesicki,TE,8.3,0,0
2021,5,8,736803054736822272,2028,Derek Carr,QB,5.74,0,0
2021,5,8,736803054736822272,3664,J.D. McKissic,RB,1.7,0,0
2021,5,8,736803054736822272,333,Ryan Fitzpatrick,QB,0,0,0
2021,5,8,736803054736822272,4131,Kenny Golladay,WR,0,0,0
2021,5,8,736803054736822272,4273,Chris Carson,RB,0,0,0
2021,5,8,736803054736822272,5086,Marquez Valdes-Scantling,WR,0,0,0
2021,5,8,736803054736822272,947,Julio Jones,WR,0,0,0
2021,5,9,710284244835979264,2133,Davante Adams,WR,39.6,1,0
2021,5,9,710284244835979264,5846,DK Metcalf,WR,26.8,1,0
2021,5,9,710284244835979264,5906,Dawson Knox,TE,21.7,0,0
2021,5,9,710284244835979264,6955,James Robinson,RB,21.7,1,0
2021,5,9,710284244835979264,5916,Darrell Henderson,RB,16.9,1,0
2021,5,9,710284244835979264,138,Ben Roethlisberger,QB,15.52,0,0
2021,5,9,710284244835979264,2309,Amari Cooper,WR,15.0,1,0
2021,5,9,710284244835979264,2431,Mike Davis,RB,12.1,0,0
2021,5,9,710284244835979264,5849,Kyler Murray,QB,10.66,1,0
2021,5,9,710284244835979264,4018,Joe Mixon,RB,10.5,0,0
2021,5,9,710284244835979264,3271,Tyler Higbee,TE,9.4,1,0
2021,5,9,710284244835979264,NE,New England Patriots,DEF,8.0,1,0
2021,5,9,710284244835979264,7538,Zach Wilson,QB,6.98,1,0
2021,5,9,710284244835979264,3423,Robbie Chosen,WR,5.0,0,0
2021,5,9,710284244835979264,5119,Jason Sanders,K,5.0,0,0
2021,5,9,710284244835979264,BAL,Baltimore Ravens,DEF,4.5,0,0
2021,5,9,710284244835979264,6870,Bryan Edwards,WR,4.2,0,0
2021,5,9,710284244835979264,17,Matt Prater,K,4.0,1,0
2021,5,9,710284244835979264,5038,Michael Gallup,WR,0,0,0
2021,5,9,710284244835979264,827,Tyrod Taylor,QB,0,0,0
2021,5,10,475399371639222272,167,Tom Brady,QB,38.24,1,0
2021,5,10,475399371639222272,4035,Alvin Kamara,RB,29.2,1,0
2021,5,10,475399371639222272,3164,Ezekiel Elliott,RB,25.2,1,0
2021,5,10,475399371639222272,5045,Courtland Sutton,WR,25.0,1,0
2021,5,10,475399371639222272,6770,Joe Burrow,QB,17.34,1,0
2021,5,10,475399371639222272,5917,Mecole Hardman,WR,16.6,0,0
2021,5,10,475399371639222272,1266,Greg Zuerlein,K,14.0,1,0
2021,5,10,475399371639222272,4037,Chris Godwin,WR,14.0,1,0
2021,5,10,475399371639222272,CHI,Chicago Bears,DEF,13.5,1,0
2021,5,10,475399371639222272,6845,Zack Moss,RB,12.2,0,0
2021,5,10,475399371639222272,4137,James Conner,RB,10.7,0,0
2021,5,10,475399371639222272,6801,Tee Higgins,WR,10.2,1,0
2021,5,10,475399371639222272,7561,Elijah Mitchell,RB,8.2,0,0
2021,5,10,475399371639222272,7090,Darnell Mooney,WR,6.5,0,0
2021,5,10,475399371639222272,4144,Jonnu Smith,TE,5.2,0,0
2021,5,10,475399371639222272,5870,Daniel Jones,QB,4.82,0,0
2021,5,10,475399371639222272,367,Jared Cook,TE,3.9,1,0
2021,5,10,475399371639222272,4981,Calvin Ridley,WR,0,0,0
2021,5,10,475399371639222272,5248,Gus Edwards,RB,0,0,0
2021,6,1,608781531883859968,3969,Leonard Fournette,RB,30.7,0,0
2021,6,1,608781531883859968,1689,Adam Thielen,WR,29.8,1,0
2021,6,1,608781531883859968,6813,Jonathan Taylor,RB,28.8,1,0
2021,6,1,608781531883859968,4984,Josh Allen,QB,27.72,1,0
2021,6,1,608781531883859968,536,Antonio Brown,WR,24.3,0,0
2021,6,1,608781531883859968,7608,Khalil Herbert,RB,19.2,0,0
2021,6,1,608781531883859968,3327,Alex Collins,RB,16.8,0,0
2021,6,1,608781531883859968,4531,Ricky Seals-Jones,TE,15.8,1,0
2021,6,1,608781531883859968,7564,Ja'Marr Chase,WR,13.7,1,0
2021,6,1,608781531883859968,7042,Tyler Bass,K,13.0,1,0
2021,6,1,608781531883859968,1049,Ryan Tannehill,QB,12.94,1,0
2021,6,1,608781531883859968,CIN,Cincinnati Bengals,DEF,12.0,1,0
2021,6,1,608781531883859968,5947,Jakobi Meyers,WR,11.4,1,0
2021,6,1,608781531883859968,7606,Kadarius Toney,WR,6.6,0,0
2021,6,1,608781531883859968,6945,Antonio Gibson,RB,4.4,1,0
2021,6,1,608781531883859968,5987,Alexander Mattison,RB,1.0,0,0
2021,6,1,608781531883859968,1837,Jimmy Garoppolo,QB,0,0,0
2021,6,1,608781531883859968,6783,Jerry Jeudy,WR,0,0,0
2021,6,1,608781531883859968,6938,Cam Akers,RB,0,0,0
2021,6,1,608781531883859968,7553,Kyle Pitts,TE,0,0,0
2021,6,2,736077599457026048,6786,CeeDee Lamb,WR,36.1,1,0
2021,6,2,736077599457026048,7528,Najee Harris,RB,24.7,1,0
2021,6,2,736077599457026048,4046,Patrick Mahomes,QB,20.98,1,0
2021,6,2,736077599457026048,3200,Sterling Shepard,WR,17.6,0,0
2021,6,2,736077599457026048,2152,Teddy Bridgewater,QB,16.26,1,0
2021,6,2,736077599457026048,5859,A.J. Brown,WR,16.1,0,0
2021,6,2,736077599457026048,5844,T.J. Hockenson,TE,15.4,1,0
2021,6,2,736077599457026048,5001,Dalton Schultz,TE,12.9,0,0
2021,6,2,736077599457026048,GB,Green Bay Packers,DEF,10.5,1,0
2021,6,2,736077599457026048,7588,Javonte Williams,RB,9.8,1,0
2021,6,2,736077599457026048,6083,Matt Gay,K,8.0,1,0
2021,6,2,736077599457026048,5955,Hunter Renfrow,WR,6.6,1,0
2021,6,2,736077599457026048,6819,Michael Pittman,WR,5.8,1,0
2021,6,2,736077599457026048,4149,Jamaal Williams,RB,1.9,0,0
2021,6,2,736077599457026048,3225,Tyler Boyd,WR,1.7,0,0
2021,6,2,736077599457026048,24,Matt Ryan,QB,0,0,0
2021,6,2,736077599457026048,2749,Raheem Mostert,RB,0,0,0
2021,6,2,736077599457026048,4866,Saquon Barkley,RB,0,0,0
2021,6,2,736077599457026048,5872,Deebo Samuel,WR,0,0,0
2021,6,3,737091087440674816,2449,Stefon Diggs,WR,23.9,1,0
2021,6,3,737091087440674816,4029,Dalvin Cook,RB,21.3,1,0
2021,6,3,737091087440674816,5012,Mark Andrews,TE,17.8,1,0
2021,6,3,737091087440674816,3161,Carson Wentz,QB,16.02,1,0
2021,6,3,737091087440674816,LV,Las Vegas Raiders,DEF,14.0,1,0
2021,6,3,737091087440674816,4892,Baker Mayfield,QB,9.66,1,0
2021,6,3,737091087440674816,1992,Allen Robinson,WR,9.3,0,0
2021,6,3,737091087440674816,6151,Miles Sanders,RB,8.6,0,0
2021,6,3,737091087440674816,5000,Chase Edmonds,RB,8.0,1,0
2021,6,3,737091087440674816,WAS,Washington Commanders,DEF,7.0,0,0
2021,6,3,737091087440674816,7571,Rashod Bateman,WR,6.9,0,0
2021,6,3,737091087440674816,1433,Brandon McManus,K,6.0,1,0
2021,6,3,737091087440674816,7525,DeVonta Smith,WR,5.1,1,0
2021,6,3,737091087440674816,4068,Mike Williams,WR,4.7,1,0
2021,6,3,737091087440674816,5980,Myles Gaskin,RB,2.4,0,0
2021,6,3,737091087440674816,1234,Russell Wilson,QB,0,0,0
2021,6,3,737091087440674816,1535,Cordarrelle Patterson,RB,0,0,0
2021,6,3,737091087440674816,2319,DeVante Parker,WR,0,0,0
2021,6,3,737091087440674816,4666,Younghoe Koo,K,0,0,0
2021,6,4,736744257179770880,3198,Derrick Henry,RB,36.6,1,0
2021,6,4,736744257179770880,6904,Jalen Hurts,QB,24.0,1,0
2021,6,4,736744257179770880,2197,Brandin Cooks,WR,17.9,0,0
2021,6,4,736744257179770880,IND,Indianapolis Colts,DEF,17.5,1,0
2021,6,4,736744257179770880,538,Emmanuel Sanders,WR,14.1,0,0
2021,6,4,736744257179770880,1339,Zach Ertz,TE,12.9,1,0
2021,6,4,736744257179770880,1264,Justin Tucker,K,12.0,1,0
2021,6,4,736744257179770880,7591,Justin Fields,QB,11.26,0,0
2021,6,4,736744257179770880,1352,Robert Woods,WR,11.1,1,0
2021,6,4,736744257179770880,4098,Kareem Hunt,RB,10.8,1,0
2021,6,4,736744257179770880,3214,Hunter Henry,TE,10.5,0,0
2021,6,4,736744257179770880,6797,Justin Herbert,QB,10.0,1,0
2021,6,4,736744257179770880,4663,Austin Ekeler,RB,9.5,1,0
2021,6,4,736744257179770880,6130,Devin Singletary,RB,9.3,0,0
2021,6,4,736744257179770880,2216,Mike Evans,WR,4.7,1,0
2021,6,4,736744257179770880,6886,Chase Claypool,WR,3.7,0,0
2021,6,4,736744257179770880,5347,Nyheim Miller-Hines,RB,3.2,0,0
2021,6,4,736744257179770880,1825,Jarvis Landry,WR,0,0,0
2021,6,4,736744257179770880,5022,Dallas Goedert,TE,0,0,0
2021,6,5,716698629934481408,3294,Dak Prescott,QB,28.3,1,0
2021,6,5,716698629934481408,1166,Kirk Cousins,QB,28.02,1,0
2021,6,5,716698629934481408,5857,Noah Fant,TE,24.7,1,0
2021,6,5,716698629934481408,1144,Cole Beasley,WR,21.8,0,0
2021,6,5,716698629934481408,6789,Henry Ruggs,WR,18.7,0,0
2021,6,5,716698629934481408,5850,Josh Jacobs,RB,15.2,1,0
2021,6,5,716698629934481408,7527,Mac Jones,QB,13.76,0,0
2021,6,5,716698629934481408,7594,Chuba Hubbard,RB,13.5,1,0
2021,6,5,716698629934481408,4351,Tim Patrick,WR,13.2,0,0
2021,6,5,716698629934481408,6814,Laviska Shenault,WR,11.4,0,0
2021,6,5,716698629934481408,4983,DJ Moore,WR,10.9,1,0
2021,6,5,716698629934481408,1479,Keenan Allen,WR,10.0,1,0
2021,6,5,716698629934481408,5927,Terry McLaurin,WR,6.8,1,0
2021,6,5,716698629934481408,391,Ryan Succop,K,4.0,1,0
2021,6,5,716698629934481408,BUF,Buffalo Bills,DEF,2.5,1,0
2021,6,5,716698629934481408,CLE,Cleveland Browns,DEF,2.0,0,0
2021,6,5,716698629934481408,4034,Christian McCaffrey,RB,0,0,0
2021,6,5,716698629934481408,4988,Nick Chubb,RB,0,0,0
2021,6,5,716698629934481408,7062,Rodrigo Blankenship,K,0,0,0
2021,6,6,736740647758938112,4039,Cooper Kupp,WR,34.0,1,0
2021,6,6,736740647758938112,5549,Darrel Williams,RB,23.9,1,0
2021,6,6,736740647758938112,1067,Marvin Jones,WR,23.0,1,0
2021,6,6,736740647758938112,3321,Tyreek Hill,WR,22.6,1,0
2021,6,6,736740647758938112,LAR,Los Angeles Rams,DEF,22.5,1,0
2021,6,6,736740647758938112,96,Aaron Rodgers,QB,22.2,1,0
2021,6,6,736740647758938112,6768,Tua Tagovailoa,QB,21.86,0,0
2021,6,6,736740647758938112,3242,Kenyan Drake,RB,21.3,0,0
2021,6,6,736740647758938112,830,A.J. Green,WR,18.9,0,0
2021,6,6,736740647758938112,1476,Latavius Murray,RB,13.6,0,0
2021,6,6,736740647758938112,4943,Sam Darnold,QB,13.08,1,0
2021,6,6,736740647758938112,2078,Odell Beckham,WR,12.9,0,0
2021,6,6,736740647758938112,2320,Melvin Gordon,RB,10.3,1,0
2021,6,6,736740647758938112,4227,Harrison Butker,K,9.0,1,0
2021,6,6,736740647758938112,7601,Rondale Moore,WR,5.6,0,0
2021,6,6,736740647758938112,4066,Evan Engram,TE,5.4,1,0
2021,6,6,736740647758938112,7567,Kenny Gainwell,RB,1.1,0,0
2021,6,6,736740647758938112,1817,Sammy Watkins,WR,0,0,0
2021,6,6,736740647758938112,4217,George Kittle,TE,0,0,0
2021,6,6,736740647758938112,515,Rob Gronkowski,TE,0,0,0
2021,6,6,736740647758938112,5892,David Montgomery,RB,0,0,0
2021,6,7,735974647736213504,7526,Jaylen Waddle,WR,29.0,0,0
2021,6,7,735974647736213504,1426,DeAndre Hopkins,WR,20.5,1,0
2021,6,7,735974647736213504,5937,Diontae Johnson,WR,18.6,1,0
2021,6,7,735974647736213504,1466,Travis Kelce,TE,17.9,1,0
2021,6,7,735974647736213504,6790,D'Andre Swift,RB,17.7,1,0
2021,6,7,735974647736213504,PIT,Pittsburgh Steelers,DEF,15.5,1,0
2021,6,7,735974647736213504,7523,Trevor Lawrence,QB,15.36,1,0
2021,6,7,735974647736213504,3209,Devontae Booker,RB,10.9,1,0
2021,6,7,735974647736213504,4881,Lamar Jackson,QB,10.28,1,0
2021,6,7,735974647736213504,5848,Marquise Brown,WR,6.5,1,0
2021,6,7,735974647736213504,6828,AJ Dillon,RB,5.9,0,0
2021,6,7,735974647736213504,DEN,Denver Broncos,DEF,1.5,0,0
2021,6,7,735974647736213504,4152,Marlon Mack,RB,1.2,0,0
2021,6,7,735974647736213504,4195,Jake Elliott,K,1.0,1,0
2021,6,7,735974647736213504,1833,Damien Williams,RB,0,0,0
2021,6,7,735974647736213504,2306,Jameis Winston,QB,0,0,0
2021,6,7,735974647736213504,3199,Michael Thomas,WR,0,0,0
2021,6,7,735974647736213504,6803,Brandon Aiyuk,WR,0,0,0
2021,6,7,735974647736213504,6820,Clyde Edwards-Helaire,RB,0,0,0
2021,6,7,735974647736213504,NO,New Orleans Saints,DEF,0,0,0
2021,6,8,736803054736822272,421,Matthew Stafford,QB,23.24,1,0
2021,6,8,736803054736822272,4199,Aaron Jones,RB,21.0,1,0
2021,6,8,736803054736822272,2028,Derek Carr,QB,19.54,0,0
2021,6,8,736803054736822272,4993,Mike Gesicki,TE,19.5,0,0
2021,6,8,736803054736822272,3664,J.D. McKissic,RB,19.0,0,0
2021,6,8,736803054736822272,ARI,Arizona Cardinals,DEF,18.0,0,0
2021,6,8,736803054736822272,5890,Damien Harris,RB,17.8,0,0
2021,6,8,736803054736822272,6794,Justin Jefferson,WR,14.0,1,0
2021,6,8,736803054736822272,2505,Darren Waller,TE,10.9,1,0
2021,6,8,736803054736822272,TB,Tampa Bay Buccaneers,DEF,9.5,1,0
2021,6,8,736803054736822272,5967,Tony Pollard,RB,9.3,1,0
2021,6,8,736803054736822272,2711,Taylor Heinicke,QB,9.28,1,0
2021,6,8,736803054736822272,947,Julio Jones,WR,8.9,1,0
2021,6,8,736803054736822272,59,Mason Crosby,K,6.0,1,0
2021,6,8,736803054736822272,2374,Tyler Lockett,WR,5.5,1,0
2021,6,8,736803054736822272,333,Ryan Fitzpatrick,QB,0,0,0
2021,6,8,736803054736822272,4036,Corey Davis,WR,0,0,0
2021,6,8,736803054736822272,4131,Kenny Golladay,WR,0,0,0
2021,6,8,736803054736822272,4273,Chris Carson,RB,0,0,0
2021,6,8,736803054736822272,5086,Marquez Valdes-Scantling,WR,0,0,0
2021,6,9,710284244835979264,4018,Joe Mixon,RB,25.3,1,0
2021,6,9,710284244835979264,5916,Darrell Henderson,RB,24.7,1,0
2021,6,9,710284244835979264,5849,Kyler Murray,QB,20.76,1,0
2021,6,9,710284244835979264,6955,James Robinson,RB,19.1,1,0
2021,6,9,710284244835979264,BAL,Baltimore Ravens,DEF,15.5,0,0
2021,6,9,710284244835979264,17,Matt Prater,K,15.0,1,0
2021,6,9,710284244835979264,2133,Davante Adams,WR,12.9,1,0
2021,6,9,710284244835979264,138,Ben Roethlisberger,QB,10.86,0,0
2021,6,9,710284244835979264,5846,DK Metcalf,WR,10.8,1,0
2021,6,9,710284244835979264,2309,Amari Cooper,WR,10.5,1,0
2021,6,9,710284244835979264,3423,Robbie Chosen,WR,10.1,0,0
2021,6,9,710284244835979264,6870,Bryan Edwards,WR,8.7,0,0
2021,6,9,710284244835979264,3271,Tyler Higbee,TE,8.6,0,0
2021,6,9,710284244835979264,5906,Dawson Knox,TE,7.5,1,0
2021,6,9,710284244835979264,JAX,Jacksonville Jaguars,DEF,3.5,1,0
2021,6,9,710284244835979264,NE,New England Patriots,DEF,1.5,0,0
2021,6,9,710284244835979264,2431,Mike Davis,RB,0,0,0
2021,6,9,710284244835979264,5038,Michael Gallup,WR,0,0,0
2021,6,9,710284244835979264,7538,Zach Wilson,QB,0,0,0
2021,6,9,710284244835979264,827,Tyrod Taylor,QB,0,0,0
2021,6,10,475399371639222272,5045,Courtland Sutton,WR,23.4,1,0
2021,6,10,475399371639222272,6770,Joe Burrow,QB,21.84,1,0
2021,6,10,475399371639222272,3164,Ezekiel Elliott,RB,18.9,1,0
2021,6,10,475399371639222272,167,Tom Brady,QB,18.48,1,0
2021,6,10,475399371639222272,7090,Darnell Mooney,WR,15.5,0,0
2021,6,10,475399371639222272,367,Jared Cook,TE,12.5,1,0
2021,6,10,475399371639222272,1266,Greg Zuerlein,K,12.0,1,0
2021,6,10,475399371639222272,4037,Chris Godwin,WR,9.3,1,0
2021,6,10,475399371639222272,5917,Mecole Hardman,WR,8.8,0,0
2021,6,10,475399371639222272,4137,James Conner,RB,8.1,1,0
2021,6,10,475399371639222272,6801,Tee Higgins,WR,7.4,1,0
2021,6,10,475399371639222272,CHI,Chicago Bears,DEF,5.5,1,0
2021,6,10,475399371639222272,6845,Zack Moss,RB,4.9,0,0
2021,6,10,475399371639222272,4144,Jonnu Smith,TE,1.9,0,0
2021,6,10,475399371639222272,5870,Daniel Jones,QB,1.58,0,0
2021,6,10,475399371639222272,4035,Alvin Kamara,RB,0,0,0
2021,6,10,475399371639222272,4981,Calvin Ridley,WR,0,0,0
2021,6,10,475399371639222272,5248,Gus Edwards,RB,0,0,0
2021,6,10,475399371639222272,7561,Elijah Mitchell,RB,0,0,0
2021,7,1,608781531883859968,7564,Ja'Marr Chase,WR,36.1,1,0
2021,7,1,608781531883859968,7553,Kyle Pitts,TE,23.3,1,0
2021,7,1,608781531883859968,1049,Ryan Tannehill,QB,18.9,1,0
2021,7,1,608781531883859968,3969,Leonard Fournette,RB,17.0,1,0
2021,7,1,608781531883859968,6813,Jonathan Taylor,RB,17.0,1,0
2021,7,1,608781531883859968,4531,Ricky Seals-Jones,TE,11.1,1,0
2021,7,1,608781531883859968,5947,Jakobi Meyers,WR,9.4,1,0
2021,7,1,608781531883859968,6945,Antonio Gibson,RB,6.6,1,0
2021,7,1,608781531883859968,7609,Demetric Felton,RB,6.4,0,0
2021,7,1,608781531883859968,CAR,Carolina Panthers,DEF,5.0,1,0
2021,7,1,608781531883859968,2747,Jason Myers,K,4.0,1,0
2021,7,1,608781531883859968,1689,Adam Thielen,WR,0,0,0
2021,7,1,608781531883859968,4017,Deshaun Watson,QB,0,0,0
2021,7,1,608781531883859968,4984,Josh Allen,QB,0,0,0
2021,7,1,608781531883859968,536,Antonio Brown,WR,0,0,0
2021,7,1,608781531883859968,5987,Alexander Mattison,RB,0,0,0
2021,7,1,608781531883859968,6783,Jerry Jeudy,WR,0,0,0
2021,7,1,608781531883859968,6938,Cam Akers,RB,0,0,0
2021,7,1,608781531883859968,7042,Tyler Bass,K,0,0,0
2021,7,1,608781531883859968,7606,Kadarius Toney,WR,0,0,0
2021,7,2,736077599457026048,5859,A.J. Brown,WR,27.3,1,0
2021,7,2,736077599457026048,6694,D'Ernest Johnson,RB,24.8,1,0
2021,7,2,736077599457026048,5872,Deebo Samuel,WR,21.0,1,0
2021,7,2,736077599457026048,6819,Michael Pittman,WR,20.5,1,0
2021,7,2,736077599457026048,24,Matt Ryan,QB,17.44,1,0
2021,7,2,736077599457026048,7588,Javonte Williams,RB,17.2,0,0
2021,7,2,736077599457026048,2168,Devonta Freeman,RB,12.9,1,0
2021,7,2,736077599457026048,5955,Hunter Renfrow,WR,12.8,0,0
2021,7,2,736077599457026048,2152,Teddy Bridgewater,QB,12.78,0,0
2021,7,2,736077599457026048,SF,San Francisco 49ers,DEF,12.0,1,0
2021,7,2,736077599457026048,5844,T.J. Hockenson,TE,10.8,1,0
2021,7,2,736077599457026048,6083,Matt Gay,K,9.0,1,0
2021,7,2,736077599457026048,956,Mark Ingram,RB,5.7,0,0
2021,7,2,736077599457026048,4046,Patrick Mahomes,QB,4.74,1,0
2021,7,2,736077599457026048,2749,Raheem Mostert,RB,0,0,0
2021,7,2,736077599457026048,3200,Sterling Shepard,WR,0,0,0
2021,7,2,736077599457026048,4866,Saquon Barkley,RB,0,0,0
2021,7,2,736077599457026048,5001,Dalton Schultz,TE,0,0,0
2021,7,2,736077599457026048,6786,CeeDee Lamb,WR,0,0,0
2021,7,2,736077599457026048,7528,Najee Harris,RB,0,0,0
2021,7,3,737091087440674816,3161,Carson Wentz,QB,18.8,1,0
2021,7,3,737091087440674816,5980,Myles Gaskin,RB,17.7,0,0
2021,7,3,737091087440674816,1535,Cordarrelle Patterson,RB,14.1,1,0
2021,7,3,737091087440674816,4666,Younghoe Koo,K,12.0,1,0
2021,7,3,737091087440674816,7525,DeVonta Smith,WR,11.1,1,0
2021,7,3,737091087440674816,7571,Rashod Bateman,WR,11.0,0,0
2021,7,3,737091087440674816,5000,Chase Edmonds,RB,10.0,1,0
2021,7,3,737091087440674816,LV,Las Vegas Raiders,DEF,9.5,1,0
2021,7,3,737091087440674816,1373,Geno Smith,QB,9.38,1,0
2021,7,3,737091087440674816,5012,Mark Andrews,TE,6.8,1,0
2021,7,3,737091087440674816,6151,Miles Sanders,RB,3.7,1,0
2021,7,3,737091087440674816,1992,Allen Robinson,WR,3.6,1,0
2021,7,3,737091087440674816,1110,T.Y. Hilton,WR,0,0,0
2021,7,3,737091087440674816,1234,Russell Wilson,QB,0,0,0
2021,7,3,737091087440674816,2319,DeVante Parker,WR,0,0,0
2021,7,3,737091087440674816,2449,Stefon Diggs,WR,0,0,0
2021,7,3,737091087440674816,4029,Dalvin Cook,RB,0,0,0
2021,7,3,737091087440674816,4068,Mike Williams,WR,0,0,0
2021,7,3,737091087440674816,4892,Baker Mayfield,QB,0,0,0
2021,7,4,736744257179770880,2216,Mike Evans,WR,31.6,1,0
2021,7,4,736744257179770880,6904,Jalen Hurts,QB,22.54,1,0
2021,7,4,736744257179770880,7608,Khalil Herbert,RB,18.3,1,0
2021,7,4,736744257179770880,IND,Indianapolis Colts,DEF,18.0,1,0
2021,7,4,736744257179770880,3198,Derrick Henry,RB,16.4,1,0
2021,7,4,736744257179770880,1339,Zach Ertz,TE,16.0,0,0
2021,7,4,736744257179770880,1352,Robert Woods,WR,15.0,1,0
2021,7,4,736744257179770880,3214,Hunter Henry,TE,10.3,1,0
2021,7,4,736744257179770880,1825,Jarvis Landry,WR,8.7,0,0
2021,7,4,736744257179770880,2197,Brandin Cooks,WR,7.1,1,0
2021,7,4,736744257179770880,1264,Justin Tucker,K,6.0,1,0
2021,7,4,736744257179770880,5347,Nyheim Miller-Hines,RB,2.2,0,0
2021,7,4,736744257179770880,4098,Kareem Hunt,RB,0,0,0
2021,7,4,736744257179770880,4663,Austin Ekeler,RB,0,0,0
2021,7,4,736744257179770880,538,Emmanuel Sanders,WR,0,0,0
2021,7,4,736744257179770880,6130,Devin Singletary,RB,0,0,0
2021,7,4,736744257179770880,6797,Justin Herbert,QB,0,0,0
2021,7,4,736744257179770880,6886,Chase Claypool,WR,0,0,0
2021,7,4,736744257179770880,7591,Justin Fields,QB,-1.84,1,0
2021,7,5,716698629934481408,5927,Terry McLaurin,WR,25.2,1,0
2021,7,5,716698629934481408,7527,Mac Jones,QB,21.68,1,0
2021,7,5,716698629934481408,5850,Josh Jacobs,RB,15.8,1,0
2021,7,5,716698629934481408,4983,DJ Moore,WR,13.3,1,0
2021,7,5,716698629934481408,CLE,Cleveland Browns,DEF,10.0,1,0
2021,7,5,716698629934481408,7594,Chuba Hubbard,RB,9.6,1,0
2021,7,5,716698629934481408,5857,Noah Fant,TE,8.9,1,0
2021,7,5,716698629934481408,6789,Henry Ruggs,WR,7.1,1,0
2021,7,5,716698629934481408,391,Ryan Succop,K,7.0,1,0
2021,7,5,716698629934481408,4351,Tim Patrick,WR,3.6,1,0
2021,7,5,716698629934481408,4985,Rashaad Penny,RB,0.9,0,0
2021,7,5,716698629934481408,1144,Cole Beasley,WR,0,0,0
2021,7,5,716698629934481408,1166,Kirk Cousins,QB,0,0,0
2021,7,5,716698629934481408,1479,Keenan Allen,WR,0,0,0
2021,7,5,716698629934481408,3294,Dak Prescott,QB,0,0,0
2021,7,5,716698629934481408,4034,Christian McCaffrey,RB,0,0,0
2021,7,5,716698629934481408,4988,Nick Chubb,RB,0,0,0
2021,7,5,716698629934481408,6814,Laviska Shenault,WR,0,0,0
2021,7,5,716698629934481408,7062,Rodrigo Blankenship,K,0,0,0
2021,7,5,716698629934481408,BUF,Buffalo Bills,DEF,0,0,0
2021,7,6,736740647758938112,4039,Cooper Kupp,WR,37.6,1,0
2021,7,6,736740647758938112,6768,Tua Tagovailoa,QB,26.54,0,0
2021,7,6,736740647758938112,96,Aaron Rodgers,QB,23.66,1,0
2021,7,6,736740647758938112,3242,Kenyan Drake,RB,16.9,1,0
2021,7,6,736740647758938112,4602,Robert Tonyan,TE,16.3,1,0
2021,7,6,736740647758938112,3321,Tyreek Hill,WR,12.7,1,0
2021,7,6,736740647758938112,2320,Melvin Gordon,RB,11.2,0,0
2021,7,6,736740647758938112,830,A.J. Green,WR,9.6,1,0
2021,7,6,736740647758938112,5549,Darrel Williams,RB,8.0,1,0
2021,7,6,736740647758938112,LAR,Los Angeles Rams,DEF,6.5,1,0
2021,7,6,736740647758938112,6989,Marquez Callaway,WR,6.2,0,0
2021,7,6,736740647758938112,2078,Odell Beckham,WR,4.3,0,0
2021,7,6,736740647758938112,4227,Harrison Butker,K,3.0,1,0
2021,7,6,736740647758938112,4943,Sam Darnold,QB,0.98,1,0
2021,7,6,736740647758938112,1067,Marvin Jones,WR,0,0,0
2021,7,6,736740647758938112,1476,Latavius Murray,RB,0,0,0
2021,7,6,736740647758938112,1817,Sammy Watkins,WR,0,0,0
2021,7,6,736740647758938112,4217,George Kittle,TE,0,0,0
2021,7,6,736740647758938112,515,Rob Gronkowski,TE,0,0,0
2021,7,6,736740647758938112,5892,David Montgomery,RB,0,0,0
2021,7,7,735974647736213504,6790,D'Andre Swift,RB,29.4,1,0
2021,7,7,735974647736213504,4881,Lamar Jackson,QB,20.58,1,0
2021,7,7,735974647736213504,5848,Marquise Brown,WR,19.0,1,0
2021,7,7,735974647736213504,1426,DeAndre Hopkins,WR,18.3,1,0
2021,7,7,735974647736213504,7607,Michael Carter,RB,16.4,0,0
2021,7,7,735974647736213504,7526,Jaylen Waddle,WR,15.3,1,0
2021,7,7,735974647736213504,2306,Jameis Winston,QB,14.88,1,0
2021,7,7,735974647736213504,3209,Devontae Booker,RB,14.6,1,0
2021,7,7,735974647736213504,1466,Travis Kelce,TE,13.5,1,0
2021,7,7,735974647736213504,650,Nick Folk,K,13.0,1,0
2021,7,7,735974647736213504,NO,New Orleans Saints,DEF,12.5,1,0
2021,7,7,735974647736213504,6803,Brandon Aiyuk,WR,1.9,0,0
2021,7,7,735974647736213504,1833,Damien Williams,RB,1.8,0,0
2021,7,7,735974647736213504,4152,Marlon Mack,RB,0.4,0,0
2021,7,7,735974647736213504,3199,Michael Thomas,WR,0,0,0
2021,7,7,735974647736213504,5272,Greg Joseph,K,0,0,0
2021,7,7,735974647736213504,5937,Diontae Johnson,WR,0,0,0
2021,7,7,735974647736213504,6820,Clyde Edwards-Helaire,RB,0,0,0
2021,7,7,735974647736213504,7523,Trevor Lawrence,QB,0,0,0
2021,7,7,735974647736213504,PIT,Pittsburgh Steelers,DEF,0,0,0
2021,7,7,735974647736213504,6828,AJ Dillon,RB,-1.2,0,0
2021,7,8,736803054736822272,421,Matthew Stafford,QB,27.16,1,0
2021,7,8,736803054736822272,TB,Tampa Bay Buccaneers,DEF,27.0,0,0
2021,7,8,736803054736822272,5890,Damien Harris,RB,25.3,1,0
2021,7,8,736803054736822272,4993,Mike Gesicki,TE,21.5,1,0
2021,7,8,736803054736822272,2028,Derek Carr,QB,19.52,1,0
2021,7,8,736803054736822272,ARI,Arizona Cardinals,DEF,18.5,1,0
2021,7,8,736803054736822272,2711,Taylor Heinicke,QB,17.72,0,0
2021,7,8,736803054736822272,4036,Corey Davis,WR,14.7,1,0
2021,7,8,736803054736822272,3664,J.D. McKissic,RB,9.6,0,0
2021,7,8,736803054736822272,4199,Aaron Jones,RB,8.9,1,0
2021,7,8,736803054736822272,947,Julio Jones,WR,5.8,1,0
2021,7,8,736803054736822272,59,Mason Crosby,K,5.0,1,0
2021,7,8,736803054736822272,2374,Tyler Lockett,WR,3.2,0,0
2021,7,8,736803054736822272,2214,Cameron Brate,TE,0,1,0
2021,7,8,736803054736822272,2505,Darren Waller,TE,0,0,0
2021,7,8,736803054736822272,333,Ryan Fitzpatrick,QB,0,0,0
2021,7,8,736803054736822272,4131,Kenny Golladay,WR,0,0,0
2021,7,8,736803054736822272,4273,Chris Carson,RB,0,0,0
2021,7,8,736803054736822272,5086,Marquez Valdes-Scantling,WR,0,0,0
2021,7,8,736803054736822272,6794,Justin Jefferson,WR,0,0,0
2021,7,9,710284244835979264,2133,Davante Adams,WR,19.6,1,0
2021,7,9,710284244835979264,5849,Kyler Murray,QB,19.44,1,0
2021,7,9,710284244835979264,5846,DK Metcalf,WR,18.6,1,0
2021,7,9,710284244835979264,NE,New England Patriots,DEF,16.5,1,0
2021,7,9,710284244835979264,4950,Christian Kirk,WR,15.0,1,0
2021,7,9,710284244835979264,6870,Bryan Edwards,WR,13.3,0,0
2021,7,9,710284244835979264,4018,Joe Mixon,RB,11.9,1,0
2021,7,9,710284244835979264,3271,Tyler Higbee,TE,9.6,1,0
2021,7,9,710284244835979264,5916,Darrell Henderson,RB,9.4,1,0
2021,7,9,710284244835979264,17,Matt Prater,K,7.0,1,0
2021,7,9,710284244835979264,3423,Robbie Chosen,WR,4.4,0,0
2021,7,9,710284244835979264,7538,Zach Wilson,QB,1.54,0,0
2021,7,9,710284244835979264,2431,Mike Davis,RB,1.0,1,0
2021,7,9,710284244835979264,2309,Amari Cooper,WR,0,0,0
2021,7,9,710284244835979264,5038,Michael Gallup,WR,0,0,0
2021,7,9,710284244835979264,5906,Dawson Knox,TE,0,0,0
2021,7,9,710284244835979264,6955,James Robinson,RB,0,0,0
2021,7,9,710284244835979264,827,Tyrod Taylor,QB,0,0,0
2021,7,9,710284244835979264,BAL,Baltimore Ravens,DEF,-1.5,0,0
2021,7,10,475399371639222272,4035,Alvin Kamara,RB,33.9,1,0
2021,7,10,475399371639222272,6770,Joe Burrow,QB,27.14,1,0
2021,7,10,475399371639222272,4037,Chris Godwin,WR,25.1,1,0
2021,7,10,475399371639222272,167,Tom Brady,QB,24.44,1,0
2021,7,10,475399371639222272,GB,Green Bay Packers,DEF,17.0,1,0
2021,7,10,475399371639222272,7561,Elijah Mitchell,RB,16.7,0,0
2021,7,10,475399371639222272,6801,Tee Higgins,WR,13.2,0,0
2021,7,10,475399371639222272,4981,Calvin Ridley,WR,12.6,1,0
2021,7,10,475399371639222272,4137,James Conner,RB,12.4,1,0
2021,7,10,475399371639222272,5045,Courtland Sutton,WR,11.8,1,0
2021,7,10,475399371639222272,5095,Daniel Carlson,K,8.0,1,0
2021,7,10,475399371639222272,4144,Jonnu Smith,TE,7.7,1,0
2021,7,10,475399371639222272,7090,Darnell Mooney,WR,5.9,0,0
2021,7,10,475399371639222272,5917,Mecole Hardman,WR,4.8,0,0
2021,7,10,475399371639222272,1266,Greg Zuerlein,K,0,0,0
2021,7,10,475399371639222272,2251,Logan Thomas,TE,0,0,0
2021,7,10,475399371639222272,3164,Ezekiel Elliott,RB,0,0,0
2021,7,10,475399371639222272,367,Jared Cook,TE,0,0,0
2021,7,10,475399371639222272,5248,Gus Edwards,RB,0,0,0
2021,7,10,475399371639222272,6845,Zack Moss,RB,0,0,0
2021,8,1,608781531883859968,4984,Josh Allen,QB,28.96,1,0
2021,8,1,608781531883859968,6813,Jonathan Taylor,RB,21.2,1,0
2021,8,1,608781531883859968,DEN,Denver Broncos,DEF,20.5,1,0
2021,8,1,608781531883859968,1689,Adam Thielen,WR,19.8,1,0
2021,8,1,608781531883859968,1049,Ryan Tannehill,QB,19.7,1,0
2021,8,1,608781531883859968,5122,Boston Scott,RB,18.0,0,0
2021,8,1,608781531883859968,7564,Ja'Marr Chase,WR,13.1,1,0
2021,8,1,608781531883859968,IND,Indianapolis Colts,DEF,10.5,0,0
2021,8,1,608781531883859968,7042,Tyler Bass,K,10.0,1,0
2021,8,1,608781531883859968,5947,Jakobi Meyers,WR,9.6,0,0
2021,8,1,608781531883859968,6945,Antonio Gibson,RB,8.4,0,0
2021,8,1,608781531883859968,6783,Jerry Jeudy,WR,7.9,1,0
2021,8,1,608781531883859968,7606,Kadarius Toney,WR,7.36,0,0
2021,8,1,608781531883859968,3969,Leonard Fournette,RB,7.3,1,0
2021,8,1,608781531883859968,7553,Kyle Pitts,TE,3.3,1,0
2021,8,1,608781531883859968,5987,Alexander Mattison,RB,2.0,0,0
2021,8,1,608781531883859968,184,Adrian Peterson,RB,0,0,0
2021,8,1,608781531883859968,536,Antonio Brown,WR,0,0,0
2021,8,1,608781531883859968,6938,Cam Akers,RB,0,0,0
2021,8,1,608781531883859968,7045,Joshua Kelley,RB,0,0,0
2021,8,2,736077599457026048,5859,A.J. Brown,WR,32.5,1,0
2021,8,2,736077599457026048,6819,Michael Pittman,WR,30.6,0,0
2021,8,2,736077599457026048,5872,Deebo Samuel,WR,23.1,1,0
2021,8,2,736077599457026048,7528,Najee Harris,RB,21.0,1,0
2021,8,2,736077599457026048,5844,T.J. Hockenson,TE,18.9,1,0
2021,8,2,736077599457026048,6786,CeeDee Lamb,WR,17.2,1,0
2021,8,2,736077599457026048,4046,Patrick Mahomes,QB,12.5,1,0
2021,8,2,736077599457026048,2152,Teddy Bridgewater,QB,10.62,1,0
2021,8,2,736077599457026048,6694,D'Ernest Johnson,RB,9.9,0,0
2021,8,2,736077599457026048,SF,San Francisco 49ers,DEF,9.0,1,0
2021,8,2,736077599457026048,6083,Matt Gay,K,8.0,1,0
2021,8,2,736077599457026048,7588,Javonte Williams,RB,6.8,1,0
2021,8,2,736077599457026048,3200,Sterling Shepard,WR,6.5,0,0
2021,8,2,736077599457026048,1992,Allen Robinson,WR,5.1,0,0
2021,8,2,736077599457026048,24,Matt Ryan,QB,3.64,0,0
2021,8,2,736077599457026048,5001,Dalton Schultz,TE,3.1,0,0
2021,8,2,736077599457026048,7567,Kenny Gainwell,RB,2.7,0,0
2021,8,2,736077599457026048,2749,Raheem Mostert,RB,0,0,0
2021,8,2,736077599457026048,4866,Saquon Barkley,RB,0,0,0
2021,8,2,736077599457026048,5955,Hunter Renfrow,WR,0,0,0
2021,8,3,737091087440674816,1535,Cordarrelle Patterson,RB,18.2,1,0
2021,8,3,737091087440674816,3161,Carson Wentz,QB,17.34,1,0
2021,8,3,737091087440674816,5000,Chase Edmonds,RB,15.9,1,0
2021,8,3,737091087440674816,2449,Stefon Diggs,WR,15.0,1,0
2021,8,3,737091087440674816,138,Ben Roethlisberger,QB,13.64,1,0
2021,8,3,737091087440674816,5022,Dallas Goedert,TE,13.2,1,0
2021,8,3,737091087440674816,7596,Elijah Moore,WR,13.1,0,0
2021,8,3,737091087440674816,4666,Younghoe Koo,K,9.0,1,0
2021,8,3,737091087440674816,5980,Myles Gaskin,RB,8.5,0,0
2021,8,3,737091087440674816,4029,Dalvin Cook,RB,7.8,1,0
2021,8,3,737091087440674816,4892,Baker Mayfield,QB,7.5,0,0
2021,8,3,737091087440674816,LAC,Los Angeles Chargers,DEF,6.0,1,0
2021,8,3,737091087440674816,4068,Mike Williams,WR,3.9,1,0
2021,8,3,737091087440674816,1110,T.Y. Hilton,WR,3.6,0,0
2021,8,3,737091087440674816,7525,DeVonta Smith,WR,2.5,0,0
2021,8,3,737091087440674816,1234,Russell Wilson,QB,0,0,0
2021,8,3,737091087440674816,5012,Mark Andrews,TE,0,0,0
2021,8,3,737091087440674816,6151,Miles Sanders,RB,0,0,0
2021,8,3,737091087440674816,7571,Rashod Bateman,WR,0,0,0
2021,8,4,736744257179770880,4663,Austin Ekeler,RB,24.4,1,0
2021,8,4,736744257179770880,7591,Justin Fields,QB,21.3,0,0
2021,8,4,736744257179770880,1352,Robert Woods,WR,20.7,1,0
2021,8,4,736744257179770880,2197,Brandin Cooks,WR,20.3,0,0
2021,8,4,736744257179770880,4195,Jake Elliott,K,16.0,1,0
2021,8,4,736744257179770880,2216,Mike Evans,WR,12.8,1,0
2021,8,4,736744257179770880,6797,Justin Herbert,QB,12.32,1,0
2021,8,4,736744257179770880,6904,Jalen Hurts,QB,11.22,1,0
2021,8,4,736744257179770880,6886,Chase Claypool,WR,10.1,0,0
2021,8,4,736744257179770880,7608,Khalil Herbert,RB,8.8,0,0
2021,8,4,736744257179770880,1339,Zach Ertz,TE,8.2,0,0
2021,8,4,736744257179770880,3198,Derrick Henry,RB,5.8,1,0
2021,8,4,736744257179770880,CIN,Cincinnati Bengals,DEF,5.5,1,0
2021,8,4,736744257179770880,3214,Hunter Henry,TE,4.3,1,0
2021,8,4,736744257179770880,6130,Devin Singletary,RB,3.9,0,0
2021,8,4,736744257179770880,1264,Justin Tucker,K,0,0,0
2021,8,4,736744257179770880,4098,Kareem Hunt,RB,0,0,0
2021,8,4,736744257179770880,538,Emmanuel Sanders,WR,0,1,0
2021,8,5,716698629934481408,1144,Cole Beasley,WR,21.0,0,0
2021,8,5,716698629934481408,1479,Keenan Allen,WR,19.7,1,0
2021,8,5,716698629934481408,BUF,Buffalo Bills,DEF,17.5,1,0
2021,8,5,716698629934481408,7594,Chuba Hubbard,RB,14.1,1,0
2021,8,5,716698629934481408,1166,Kirk Cousins,QB,11.66,1,0
2021,8,5,716698629934481408,7527,Mac Jones,QB,11.18,0,0
2021,8,5,716698629934481408,4983,DJ Moore,WR,9.9,1,0
2021,8,5,716698629934481408,4351,Tim Patrick,WR,9.4,0,0
2021,8,5,716698629934481408,4988,Nick Chubb,RB,7.9,1,0
2021,8,5,716698629934481408,5927,Terry McLaurin,WR,6.5,1,0
2021,8,5,716698629934481408,CLE,Cleveland Browns,DEF,6.5,0,0
2021,8,5,716698629934481408,6814,Laviska Shenault,WR,4.1,0,0
2021,8,5,716698629934481408,391,Ryan Succop,K,3.0,1,0
2021,8,5,716698629934481408,5857,Noah Fant,TE,2.8,1,0
2021,8,5,716698629934481408,2391,David Johnson,RB,1.3,0,0
2021,8,5,716698629934481408,3294,Dak Prescott,QB,0,0,0
2021,8,5,716698629934481408,4034,Christian McCaffrey,RB,0,0,0
2021,8,5,716698629934481408,5850,Josh Jacobs,RB,0,0,0
2021,8,5,716698629934481408,6149,Darius Slayton,WR,0,1,0
2021,8,5,716698629934481408,6789,Henry Ruggs,WR,0,0,0
2021,8,5,716698629934481408,7062,Rodrigo Blankenship,K,0,0,0
2021,8,6,736740647758938112,3321,Tyreek Hill,WR,27.4,1,0
2021,8,6,736740647758938112,4039,Cooper Kupp,WR,24.5,1,0
2021,8,6,736740647758938112,2320,Melvin Gordon,RB,19.2,1,0
2021,8,6,736740647758938112,5549,Darrel Williams,RB,17.0,1,0
2021,8,6,736740647758938112,96,Aaron Rodgers,QB,15.16,1,0
2021,8,6,736740647758938112,6768,Tua Tagovailoa,QB,13.2,1,0
2021,8,6,736740647758938112,LAR,Los Angeles Rams,DEF,12.5,1,0
2021,8,6,736740647758938112,4943,Sam Darnold,QB,11.76,0,0
2021,8,6,736740647758938112,1825,Jarvis Landry,WR,10.0,0,0
2021,8,6,736740647758938112,830,A.J. Green,WR,10.0,0,0
2021,8,6,736740647758938112,1067,Marvin Jones,WR,8.5,1,0
2021,8,6,736740647758938112,4227,Harrison Butker,K,8.0,1,0
2021,8,6,736740647758938112,4602,Robert Tonyan,TE,7.9,1,0
2021,8,6,736740647758938112,6989,Marquez Callaway,WR,6.0,0,0
2021,8,6,736740647758938112,5967,Tony Pollard,RB,3.7,0,0
2021,8,6,736740647758938112,2078,Odell Beckham,WR,1.6,0,0
2021,8,6,736740647758938112,3242,Kenyan Drake,RB,0,0,0
2021,8,6,736740647758938112,4217,George Kittle,TE,0,0,0
2021,8,6,736740647758938112,515,Rob Gronkowski,TE,0,0,0
2021,8,6,736740647758938112,5892,David Montgomery,RB,0,0,0
2021,8,7,735974647736213504,7607,Michael Carter,RB,32.2,1,0
2021,8,7,735974647736213504,3209,Devontae Booker,RB,17.5,0,0
2021,8,7,735974647736213504,5937,Diontae Johnson,WR,15.8,1,0
2021,8,7,735974647736213504,NO,New Orleans Saints,DEF,15.5,0,0
2021,8,7,735974647736213504,PIT,Pittsburgh Steelers,DEF,14.5,1,0
2021,8,7,735974647736213504,7523,Trevor Lawrence,QB,12.62,1,0
2021,8,7,735974647736213504,5272,Greg Joseph,K,12.0,1,0
2021,8,7,735974647736213504,6803,Brandon Aiyuk,WR,10.5,0,0
2021,8,7,735974647736213504,2306,Jameis Winston,QB,10.24,1,0
2021,8,7,735974647736213504,1426,DeAndre Hopkins,WR,8.6,1,0
2021,8,7,735974647736213504,6790,D'Andre Swift,RB,8.1,1,0
2021,8,7,735974647736213504,6828,AJ Dillon,RB,7.8,0,0
2021,8,7,735974647736213504,7526,Jaylen Waddle,WR,6.9,1,0
2021,8,7,735974647736213504,1466,Travis Kelce,TE,4.7,1,0
2021,8,7,735974647736213504,3199,Michael Thomas,WR,0,0,0
2021,8,7,735974647736213504,4082,Curtis Samuel,WR,0,0,0
2021,8,7,735974647736213504,4152,Marlon Mack,RB,0,0,0
2021,8,7,735974647736213504,4881,Lamar Jackson,QB,0,0,0
2021,8,7,735974647736213504,5848,Marquise Brown,WR,0,0,0
2021,8,7,735974647736213504,6820,Clyde Edwards-Helaire,RB,0,0,0
2021,8,8,736803054736822272,2374,Tyler Lockett,WR,26.2,0,0
2021,8,8,736803054736822272,421,Matthew Stafford,QB,24.2,1,0
2021,8,8,736803054736822272,4199,Aaron Jones,RB,24.0,1,0
2021,8,8,736803054736822272,3225,Tyler Boyd,WR,19.74,1,0
2021,8,8,736803054736822272,3664,J.D. McKissic,RB,17.3,0,0
2021,8,8,736803054736822272,928,Randall Cobb,WR,16.5,1,0
2021,8,8,736803054736822272,5890,Damien Harris,RB,14.0,1,0
2021,8,8,736803054736822272,4993,Mike Gesicki,TE,9.8,1,0
2021,8,8,736803054736822272,2711,Taylor Heinicke,QB,7.3,1,0
2021,8,8,736803054736822272,59,Mason Crosby,K,6.0,1,0
2021,8,8,736803054736822272,ARI,Arizona Cardinals,DEF,6.0,1,0
2021,8,8,736803054736822272,6794,Justin Jefferson,WR,4.1,1,0
2021,8,8,736803054736822272,TB,Tampa Bay Buccaneers,DEF,2.0,0,0
2021,8,8,736803054736822272,2028,Derek Carr,QB,0,0,0
2021,8,8,736803054736822272,2505,Darren Waller,TE,0,0,0
2021,8,8,736803054736822272,4036,Corey Davis,WR,0,0,0
2021,8,8,736803054736822272,4131,Kenny Golladay,WR,0,0,0
2021,8,8,736803054736822272,4273,Chris Carson,RB,0,0,0
2021,8,8,736803054736822272,5086,Marquez Valdes-Scantling,WR,0,0,0
2021,8,8,736803054736822272,947,Julio Jones,WR,0,0,0
2021,8,9,710284244835979264,2309,Amari Cooper,WR,25.2,1,0
2021,8,9,710284244835979264,4018,Joe Mixon,RB,25.1,1,0
2021,8,9,710284244835979264,5846,DK Metcalf,WR,22.3,1,0
2021,8,9,710284244835979264,5916,Darrell Henderson,RB,22.3,1,0
2021,8,9,710284244835979264,NE,New England Patriots,DEF,15.5,0,0
2021,8,9,710284244835979264,5870,Daniel Jones,QB,13.58,1,0
2021,8,9,710284244835979264,2431,Mike Davis,RB,11.6,0,0
2021,8,9,710284244835979264,4950,Christian Kirk,WR,8.6,0,0
2021,8,9,710284244835979264,5849,Kyler Murray,QB,7.06,1,0
2021,8,9,710284244835979264,3271,Tyler Higbee,TE,5.5,1,0
2021,8,9,710284244835979264,6955,James Robinson,RB,4.9,1,0
2021,8,9,710284244835979264,17,Matt Prater,K,3.0,1,0
2021,8,9,710284244835979264,2133,Davante Adams,WR,0,0,0
2021,8,9,710284244835979264,3423,Robbie Chosen,WR,0,0,0
2021,8,9,710284244835979264,5038,Michael Gallup,WR,0,0,0
2021,8,9,710284244835979264,5906,Dawson Knox,TE,0,0,0
2021,8,9,710284244835979264,7538,Zach Wilson,QB,0,0,0
2021,8,9,710284244835979264,827,Tyrod Taylor,QB,0,0,0
2021,8,9,710284244835979264,BAL,Baltimore Ravens,DEF,0,0,0
2021,8,9,710284244835979264,CHI,Chicago Bears,DEF,-3.0,1,0
2021,8,10,475399371639222272,4037,Chris Godwin,WR,28.0,1,0
2021,8,10,475399371639222272,167,Tom Brady,QB,24.2,1,0
2021,8,10,475399371639222272,7561,Elijah Mitchell,RB,19.7,0,0
2021,8,10,475399371639222272,6770,Joe Burrow,QB,17.76,1,0
2021,8,10,475399371639222272,4035,Alvin Kamara,RB,16.6,1,0
2021,8,10,475399371639222272,SEA,Seattle Seahawks,DEF,16.0,1,0
2021,8,10,475399371639222272,4137,James Conner,RB,14.2,0,0
2021,8,10,475399371639222272,6801,Tee Higgins,WR,13.7,0,0
2021,8,10,475399371639222272,7090,Darnell Mooney,WR,12.4,0,0
2021,8,10,475399371639222272,6845,Zack Moss,RB,11.8,0,0
2021,8,10,475399371639222272,3164,Ezekiel Elliott,RB,11.3,1,0
2021,8,10,475399371639222272,5917,Mecole Hardman,WR,11.3,0,0
2021,8,10,475399371639222272,GB,Green Bay Packers,DEF,9.5,0,0
2021,8,10,475399371639222272,1266,Greg Zuerlein,K,7.0,1,0
2021,8,10,475399371639222272,5045,Courtland Sutton,WR,6.0,1,0
2021,8,10,475399371639222272,367,Jared Cook,TE,4.5,1,0
2021,8,10,475399371639222272,2251,Logan Thomas,TE,0,0,0
2021,8,10,475399371639222272,4981,Calvin Ridley,WR,0,1,0
2021,8,10,475399371639222272,5248,Gus Edwards,RB,0,0,0
2021,9,1,608781531883859968,6813,Jonathan Taylor,RB,34.0,1,0
2021,9,1,608781531883859968,5980,Myles Gaskin,RB,15.7,1,0
2021,9,1,608781531883859968,6783,Jerry Jeudy,WR,12.9,0,0
2021,9,1,608781531883859968,1049,Ryan Tannehill,QB,12.52,1,0
2021,9,1,608781531883859968,184,Adrian Peterson,RB,9.6,0,0
2021,9,1,608781531883859968,DEN,Denver Broncos,DEF,9.5,0,0
2021,9,1,608781531883859968,7553,Kyle Pitts,TE,9.2,1,0
2021,9,1,608781531883859968,7564,Ja'Marr Chase,WR,8.9,1,0
2021,9,1,608781531883859968,1689,Adam Thielen,WR,8.6,1,0
2021,9,1,608781531883859968,4984,Josh Allen,QB,8.06,1,0
2021,9,1,608781531883859968,7042,Tyler Bass,K,7.0,1,0
2021,9,1,608781531883859968,IND,Indianapolis Colts,DEF,5.0,1,0
2021,9,1,608781531883859968,5947,Jakobi Meyers,WR,1.8,0,0
2021,9,1,608781531883859968,5987,Alexander Mattison,RB,1.3,0,0
2021,9,1,608781531883859968,7606,Kadarius Toney,WR,1.2,1,0
2021,9,1,608781531883859968,3969,Leonard Fournette,RB,0,0,0
2021,9,1,608781531883859968,536,Antonio Brown,WR,0,0,0
2021,9,1,608781531883859968,6870,Bryan Edwards,WR,0,0,0
2021,9,1,608781531883859968,6938,Cam Akers,RB,0,0,0
2021,9,1,608781531883859968,6945,Antonio Gibson,RB,0,0,0
2021,9,2,736077599457026048,24,Matt Ryan,QB,27.52,0,0
2021,9,2,736077599457026048,MIA,Miami Dolphins,DEF,22.0,1,0
2021,9,2,736077599457026048,5347,Nyheim Miller-Hines,RB,20.8,0,0
2021,9,2,736077599457026048,2152,Teddy Bridgewater,QB,19.86,0,0
2021,9,2,736077599457026048,5955,Hunter Renfrow,WR,16.9,0,0
2021,9,2,736077599457026048,7528,Najee Harris,RB,16.8,1,0
2021,9,2,736077599457026048,6819,Michael Pittman,WR,16.4,1,0
2021,9,2,736077599457026048,6083,Matt Gay,K,12.0,1,0
2021,9,2,736077599457026048,5872,Deebo Samuel,WR,11.3,1,0
2021,9,2,736077599457026048,7588,Javonte Williams,RB,11.1,1,0
2021,9,2,736077599457026048,4046,Patrick Mahomes,QB,9.94,1,0
2021,9,2,736077599457026048,5001,Dalton Schultz,TE,9.4,1,0
2021,9,2,736077599457026048,5859,A.J. Brown,WR,9.2,1,0
2021,9,2,736077599457026048,6786,CeeDee Lamb,WR,4.3,1,0
2021,9,2,736077599457026048,6753,Derrick Gore,RB,2.9,0,0
2021,9,2,736077599457026048,2319,DeVante Parker,WR,0,0,0
2021,9,2,736077599457026048,2749,Raheem Mostert,RB,0,0,0
2021,9,2,736077599457026048,4866,Saquon Barkley,RB,0,0,0
2021,9,2,736077599457026048,5844,T.J. Hockenson,TE,0,0,0
2021,9,3,737091087440674816,7596,Elijah Moore,WR,27.4,0,0
2021,9,3,737091087440674816,3161,Carson Wentz,QB,23.68,1,0
2021,9,3,737091087440674816,7525,DeVonta Smith,WR,22.6,0,0
2021,9,3,737091087440674816,1535,Cordarrelle Patterson,RB,18.6,1,0
2021,9,3,737091087440674816,4892,Baker Mayfield,QB,15.72,0,0
2021,9,3,737091087440674816,4029,Dalvin Cook,RB,15.2,1,0
2021,9,3,737091087440674816,2449,Stefon Diggs,WR,14.5,1,0
2021,9,3,737091087440674816,138,Ben Roethlisberger,QB,14.2,1,0
2021,9,3,737091087440674816,7571,Rashod Bateman,WR,10.2,0,0
2021,9,3,737091087440674816,5012,Mark Andrews,TE,9.4,1,0
2021,9,3,737091087440674816,4666,Younghoe Koo,K,9.0,1,0
2021,9,3,737091087440674816,4068,Mike Williams,WR,7.8,1,0
2021,9,3,737091087440674816,5022,Dallas Goedert,TE,7.3,0,0
2021,9,3,737091087440674816,4219,Jeremy McNichols,RB,6.5,0,0
2021,9,3,737091087440674816,LAC,Los Angeles Chargers,DEF,4.0,1,0
2021,9,3,737091087440674816,5000,Chase Edmonds,RB,0.3,1,0
2021,9,3,737091087440674816,1110,T.Y. Hilton,WR,0,0,0
2021,9,3,737091087440674816,1234,Russell Wilson,QB,0,0,0
2021,9,3,737091087440674816,6151,Miles Sanders,RB,0,0,0
2021,9,4,736744257179770880,6797,Justin Herbert,QB,32.14,1,0
2021,9,4,736744257179770880,1352,Robert Woods,WR,17.4,1,0
2021,9,4,736744257179770880,7591,Justin Fields,QB,16.64,0,0
2021,9,4,736744257179770880,6904,Jalen Hurts,QB,16.18,1,0
2021,9,4,736744257179770880,6130,Devin Singletary,RB,12.9,0,0
2021,9,4,736744257179770880,2197,Brandin Cooks,WR,11.6,1,0
2021,9,4,736744257179770880,4663,Austin Ekeler,RB,11.2,1,0
2021,9,4,736744257179770880,538,Emmanuel Sanders,WR,10.5,0,0
2021,9,4,736744257179770880,1264,Justin Tucker,K,10.0,1,0
2021,9,4,736744257179770880,3214,Hunter Henry,TE,9.9,1,0
2021,9,4,736744257179770880,6886,Chase Claypool,WR,7.3,1,0
2021,9,4,736744257179770880,6853,Van Jefferson,WR,7.1,0,0
2021,9,4,736744257179770880,6814,Laviska Shenault,WR,6.0,0,0
2021,9,4,736744257179770880,1339,Zach Ertz,TE,5.7,0,0
2021,9,4,736744257179770880,7608,Khalil Herbert,RB,1.3,1,0
2021,9,4,736744257179770880,CIN,Cincinnati Bengals,DEF,1.0,1,0
2021,9,4,736744257179770880,2216,Mike Evans,WR,0,0,0
2021,9,4,736744257179770880,3198,Derrick Henry,RB,0,0,0
2021,9,4,736744257179770880,4098,Kareem Hunt,RB,0,0,0
2021,9,5,716698629934481408,4988,Nick Chubb,RB,30.3,1,0
2021,9,5,716698629934481408,1479,Keenan Allen,WR,22.4,1,0
2021,9,5,716698629934481408,1166,Kirk Cousins,QB,21.58,1,0
2021,9,5,716698629934481408,CLE,Cleveland Browns,DEF,21.5,0,0
2021,9,5,716698629934481408,4351,Tim Patrick,WR,18.5,0,0
2021,9,5,716698629934481408,3294,Dak Prescott,QB,17.88,1,0
2021,9,5,716698629934481408,4034,Christian McCaffrey,RB,13.6,1,0
2021,9,5,716698629934481408,5850,Josh Jacobs,RB,13.5,1,0
2021,9,5,716698629934481408,BUF,Buffalo Bills,DEF,13.5,1,0
2021,9,5,716698629934481408,1144,Cole Beasley,WR,11.3,0,0
2021,9,5,716698629934481408,4741,Dan Arnold,TE,10.0,1,0
2021,9,5,716698629934481408,5230,Michael Badgley,K,9.0,1,0
2021,9,5,716698629934481408,4983,DJ Moore,WR,7.6,1,0
2021,9,5,716698629934481408,2391,David Johnson,RB,7.0,0,0
2021,9,5,716698629934481408,7527,Mac Jones,QB,4.96,0,0
2021,9,5,716698629934481408,7594,Chuba Hubbard,RB,4.6,0,0
2021,9,5,716698629934481408,5857,Noah Fant,TE,0,0,0
2021,9,5,716698629934481408,5927,Terry McLaurin,WR,0,0,0
2021,9,5,716698629934481408,6149,Darius Slayton,WR,0,0,0
2021,9,5,716698629934481408,7062,Rodrigo Blankenship,K,0,0,0
2021,9,6,736740647758938112,4039,Cooper Kupp,WR,20.5,1,0
2021,9,6,736740647758938112,4217,George Kittle,TE,20.1,0,0
2021,9,6,736740647758938112,2320,Melvin Gordon,RB,17.5,0,0
2021,9,6,736740647758938112,3242,Kenyan Drake,RB,16.0,1,0
2021,9,6,736740647758938112,4066,Evan Engram,TE,12.8,1,0
2021,9,6,736740647758938112,5549,Darrel Williams,RB,10.7,1,0
2021,9,6,736740647758938112,LAR,Los Angeles Rams,DEF,10.5,1,0
2021,9,6,736740647758938112,5892,David Montgomery,RB,10.0,0,0
2021,9,6,736740647758938112,4227,Harrison Butker,K,9.0,1,0
2021,9,6,736740647758938112,3321,Tyreek Hill,WR,7.3,1,0
2021,9,6,736740647758938112,5967,Tony Pollard,RB,5.3,0,0
2021,9,6,736740647758938112,1067,Marvin Jones,WR,5.1,0,0
2021,9,6,736740647758938112,1825,Jarvis Landry,WR,3.1,1,0
2021,9,6,736740647758938112,4381,Taysom Hill,TE,1.72,0,0
2021,9,6,736740647758938112,4943,Sam Darnold,QB,0.28,1,0
2021,9,6,736740647758938112,2078,Odell Beckham,WR,0,0,0
2021,9,6,736740647758938112,515,Rob Gronkowski,TE,0,0,0
2021,9,6,736740647758938112,6768,Tua Tagovailoa,QB,0,1,0
2021,9,6,736740647758938112,830,A.J. Green,WR,0,0,0
2021,9,6,736740647758938112,96,Aaron Rodgers,QB,0,0,0
2021,9,7,735974647736213504,4881,Lamar Jackson,QB,29.64,1,0
2021,9,7,735974647736213504,5848,Marquise Brown,WR,20.6,1,0
2021,9,7,735974647736213504,6803,Brandon Aiyuk,WR,18.7,0,0
2021,9,7,735974647736213504,1466,Travis Kelce,TE,17.8,1,0
2021,9,7,735974647736213504,7526,Jaylen Waddle,WR,16.3,1,0
2021,9,7,735974647736213504,3209,Devontae Booker,RB,15.2,1,0
2021,9,7,735974647736213504,6828,AJ Dillon,RB,13.0,0,0
2021,9,7,735974647736213504,5937,Diontae Johnson,WR,11.7,1,0
2021,9,7,735974647736213504,1992,Allen Robinson,WR,10.8,0,0
2021,9,7,735974647736213504,6804,Jordan Love,QB,10.4,1,0
2021,9,7,735974647736213504,7607,Michael Carter,RB,9.6,1,0
2021,9,7,735974647736213504,PIT,Pittsburgh Steelers,DEF,8.0,1,0
2021,9,7,735974647736213504,7601,Rondale Moore,WR,7.5,0,0
2021,9,7,735974647736213504,NO,New Orleans Saints,DEF,6.0,0,0
2021,9,7,735974647736213504,650,Nick Folk,K,5.0,1,0
2021,9,7,735974647736213504,7523,Trevor Lawrence,QB,4.12,0,0
2021,9,7,735974647736213504,1426,DeAndre Hopkins,WR,0,0,0
2021,9,7,735974647736213504,6790,D'Andre Swift,RB,0,0,0
2021,9,7,735974647736213504,6820,Clyde Edwards-Helaire,RB,0,0,0
2021,9,8,736803054736822272,6794,Justin Jefferson,WR,18.0,1,0
2021,9,8,736803054736822272,ARI,Arizona Cardinals,DEF,16.5,1,0
2021,9,8,736803054736822272,2505,Darren Waller,TE,16.2,1,0
2021,9,8,736803054736822272,421,Matthew Stafford,QB,11.06,1,0
2021,9,8,736803054736822272,2028,Derek Carr,QB,10.34,1,0
2021,9,8,736803054736822272,5890,Damien Harris,RB,10.3,1,0
2021,9,8,736803054736822272,4993,Mike Gesicki,TE,9.4,1,0
2021,9,8,736803054736822272,928,Randall Cobb,WR,8.0,0,0
2021,9,8,736803054736822272,947,Julio Jones,WR,7.5,1,0
2021,9,8,736803054736822272,4199,Aaron Jones,RB,5.3,1,0
2021,9,8,736803054736822272,4131,Kenny Golladay,WR,4.8,0,0
2021,9,8,736803054736822272,5086,Marquez Valdes-Scantling,WR,3.9,0,0
2021,9,8,736803054736822272,3225,Tyler Boyd,WR,2.1,0,0
2021,9,8,736803054736822272,2374,Tyler Lockett,WR,0,0,0
2021,9,8,736803054736822272,2711,Taylor Heinicke,QB,0,0,0
2021,9,8,736803054736822272,3664,J.D. McKissic,RB,0,0,0
2021,9,8,736803054736822272,4036,Corey Davis,WR,0,0,0
2021,9,8,736803054736822272,4273,Chris Carson,RB,0,0,0
2021,9,8,736803054736822272,TB,Tampa Bay Buccaneers,DEF,0,0,0
2021,9,8,736803054736822272,59,Mason Crosby,K,-1.0,1,0
2021,9,9,710284244835979264,4018,Joe Mixon,RB,28.0,1,0
2021,9,9,710284244835979264,NE,New England Patriots,DEF,25.5,1,0
2021,9,9,710284244835979264,4950,Christian Kirk,WR,16.42,1,0
2021,9,9,710284244835979264,2133,Davante Adams,WR,10.2,1,0
2021,9,9,710284244835979264,3271,Tyler Higbee,TE,10.1,1,0
2021,9,9,710284244835979264,5916,Darrell Henderson,RB,8.8,1,0
2021,9,9,710284244835979264,5870,Daniel Jones,QB,7.1,1,0
2021,9,9,710284244835979264,17,Matt Prater,K,7.0,1,0
2021,9,9,710284244835979264,2309,Amari Cooper,WR,5.7,1,0
2021,9,9,710284244835979264,827,Tyrod Taylor,QB,3.4,1,0
2021,9,9,710284244835979264,BAL,Baltimore Ravens,DEF,2.5,0,0
2021,9,9,710284244835979264,2431,Mike Davis,RB,1.8,0,0
2021,9,9,710284244835979264,3423,Robbie Chosen,WR,1.2,0,0
2021,9,9,710284244835979264,5038,Michael Gallup,WR,0,0,0
2021,9,9,710284244835979264,5846,DK Metcalf,WR,0,0,0
2021,9,9,710284244835979264,5849,Kyler Murray,QB,0,0,0
2021,9,9,710284244835979264,5906,Dawson Knox,TE,0,0,0
2021,9,9,710284244835979264,6955,James Robinson,RB,0,0,0
2021,9,9,710284244835979264,7538,Zach Wilson,QB,0,0,0
2021,9,10,475399371639222272,4137,James Conner,RB,39.3,0,0
2021,9,10,475399371639222272,7090,Darnell Mooney,WR,20.6,0,0
2021,9,10,475399371639222272,4035,Alvin Kamara,RB,20.4,1,0
2021,9,10,475399371639222272,1837,Jimmy Garoppolo,QB,17.34,1,0
2021,9,10,475399371639222272,6801,Tee Higgins,WR,13.8,1,0
2021,9,10,475399371639222272,7561,Elijah Mitchell,RB,12.9,0,0
2021,9,10,475399371639222272,3164,Ezekiel Elliott,RB,12.6,1,0
2021,9,10,475399371639222272,367,Jared Cook,TE,10.8,1,0
2021,9,10,475399371639222272,GB,Green Bay Packers,DEF,10.0,0,0
2021,9,10,475399371639222272,6845,Zack Moss,RB,4.4,1,0
2021,9,10,475399371639222272,6770,Joe Burrow,QB,4.38,1,0
2021,9,10,475399371639222272,5917,Mecole Hardman,WR,4.0,0,0
2021,9,10,475399371639222272,5045,Courtland Sutton,WR,3.9,1,0
2021,9,10,475399371639222272,DAL,Dallas Cowboys,DEF,3.5,1,0
2021,9,10,475399371639222272,1266,Greg Zuerlein,K,0,1,0
2021,9,10,475399371639222272,167,Tom Brady,QB,0,0,0
2021,9,10,475399371639222272,2251,Logan Thomas,TE,0,0,0
2021,9,10,475399371639222272,4037,Chris Godwin,WR,0,0,0
2021,9,10,475399371639222272,4981,Calvin Ridley,WR,0,0,0
2021,9,10,475399371639222272,5248,Gus Edwards,RB,0,0,0
2021,10,1,608781531883859968,6813,Jonathan Taylor,RB,24.6,1,0
2021,10,1,608781531883859968,IND,Indianapolis Colts,DEF,20.5,1,0
2021,10,1,608781531883859968,SF,San Francisco 49ers,DEF,20.5,0,0
2021,10,1,608781531883859968,4984,Josh Allen,QB,19.94,1,0
2021,10,1,608781531883859968,3969,Leonard Fournette,RB,17.2,1,0
2021,10,1,608781531883859968,1049,Ryan Tannehill,QB,16.62,1,0
2021,10,1,608781531883859968,5947,Jakobi Meyers,WR,14.9,0,0
2021,10,1,608781531883859968,6819,Michael Pittman,WR,12.1,1,0
2021,10,1,608781531883859968,1689,Adam Thielen,WR,11.5,1,0
2021,10,1,608781531883859968,6783,Jerry Jeudy,WR,10.1,1,0
2021,10,1,608781531883859968,7553,Kyle Pitts,TE,10.0,1,0
2021,10,1,608781531883859968,7042,Tyler Bass,K,9.0,1,0
2021,10,1,608781531883859968,NO,New Orleans Saints,DEF,7.0,0,0
2021,10,1,608781531883859968,5980,Myles Gaskin,RB,5.5,0,0
2021,10,1,608781531883859968,5987,Alexander Mattison,RB,5.0,0,0
2021,10,1,608781531883859968,184,Adrian Peterson,RB,3.0,0,0
2021,10,1,608781531883859968,5284,Jeff Wilson,RB,2.8,0,0
2021,10,1,608781531883859968,7564,Ja'Marr Chase,WR,0,0,0
2021,10,1,608781531883859968,7606,Kadarius Toney,WR,0,0,0
2021,10,2,736077599457026048,4046,Patrick Mahomes,QB,37.74,1,0
2021,10,2,736077599457026048,5872,Deebo Samuel,WR,30.3,1,0
2021,10,2,736077599457026048,6786,CeeDee Lamb,WR,28.6,1,0
2021,10,2,736077599457026048,6945,Antonio Gibson,RB,21.8,0,0
2021,10,2,736077599457026048,956,Mark Ingram,RB,20.8,1,0
2021,10,2,736077599457026048,5955,Hunter Renfrow,WR,17.6,0,0
2021,10,2,736077599457026048,7528,Najee Harris,RB,17.3,1,0
2021,10,2,736077599457026048,1034,Brandon Bolden,RB,10.0,0,0
2021,10,2,736077599457026048,2152,Teddy Bridgewater,QB,8.54,0,0
2021,10,2,736077599457026048,TEN,Tennessee Titans,DEF,8.0,1,0
2021,10,2,736077599457026048,7588,Javonte Williams,RB,6.9,0,0
2021,10,2,736077599457026048,6083,Matt Gay,K,4.0,1,0
2021,10,2,736077599457026048,5859,A.J. Brown,WR,3.3,1,0
2021,10,2,736077599457026048,5001,Dalton Schultz,TE,2.4,0,0
2021,10,2,736077599457026048,2319,DeVante Parker,WR,0,0,0
2021,10,2,736077599457026048,4066,Evan Engram,TE,0,0,0
2021,10,2,736077599457026048,4866,Saquon Barkley,RB,0,0,0
2021,10,2,736077599457026048,536,Antonio Brown,WR,0,0,0
2021,10,2,736077599457026048,5844,T.J. Hockenson,TE,0,1,0
2021,10,2,736077599457026048,6938,Cam Akers,RB,0,0,0
2021,10,2,736077599457026048,24,Matt Ryan,QB,-1.32,1,0
2021,10,3,737091087440674816,2449,Stefon Diggs,WR,30.2,1,0
2021,10,3,737091087440674816,7525,DeVonta Smith,WR,22.6,1,0
2021,10,3,737091087440674816,4029,Dalvin Cook,RB,20.8,1,0
2021,10,3,737091087440674816,5012,Mark Andrews,TE,18.3,1,0
2021,10,3,737091087440674816,7571,Rashod Bateman,WR,14.0,0,0
2021,10,3,737091087440674816,7596,Elijah Moore,WR,13.4,0,0
2021,10,3,737091087440674816,4068,Mike Williams,WR,7.3,1,0
2021,10,3,737091087440674816,LAC,Los Angeles Chargers,DEF,7.0,1,0
2021,10,3,737091087440674816,3161,Carson Wentz,QB,6.6,1,0
2021,10,3,737091087440674816,1535,Cordarrelle Patterson,RB,4.9,1,0
2021,10,3,737091087440674816,5022,Dallas Goedert,TE,4.8,0,0
2021,10,3,737091087440674816,1234,Russell Wilson,QB,4.14,1,0
2021,10,3,737091087440674816,4666,Younghoe Koo,K,3.0,1,0
2021,10,3,737091087440674816,4892,Baker Mayfield,QB,2.92,0,0
2021,10,3,737091087440674816,4219,Jeremy McNichols,RB,1.8,0,0
2021,10,3,737091087440674816,1110,T.Y. Hilton,WR,1.5,0,0
2021,10,3,737091087440674816,5000,Chase Edmonds,RB,0,0,0
2021,10,3,737091087440674816,6151,Miles Sanders,RB,0,0,0
2021,10,3,737091087440674816,7608,Khalil Herbert,RB,0,0,0
2021,10,4,736744257179770880,3214,Hunter Henry,TE,19.7,0,0
2021,10,4,736744257179770880,6904,Jalen Hurts,QB,16.62,1,0
2021,10,4,736744257179770880,4663,Austin Ekeler,RB,14.9,1,0
2021,10,4,736744257179770880,2216,Mike Evans,WR,14.2,1,0
2021,10,4,736744257179770880,6797,Justin Herbert,QB,11.0,1,0
2021,10,4,736744257179770880,6130,Devin Singletary,RB,10.9,1,0
2021,10,4,736744257179770880,1339,Zach Ertz,TE,8.6,1,0
2021,10,4,736744257179770880,6853,Van Jefferson,WR,8.4,0,0
2021,10,4,736744257179770880,DEN,Denver Broncos,DEF,7.5,1,0
2021,10,4,736744257179770880,538,Emmanuel Sanders,WR,7.1,1,0
2021,10,4,736744257179770880,6814,Laviska Shenault,WR,5.1,0,0
2021,10,4,736744257179770880,2410,Jamison Crowder,WR,5.0,0,0
2021,10,4,736744257179770880,1264,Justin Tucker,K,4.0,1,0
2021,10,4,736744257179770880,2197,Brandin Cooks,WR,0,0,0
2021,10,4,736744257179770880,3198,Derrick Henry,RB,0,0,0
2021,10,4,736744257179770880,4098,Kareem Hunt,RB,0,0,0
2021,10,4,736744257179770880,5110,Russell Gage,WR,0,1,0
2021,10,4,736744257179770880,6886,Chase Claypool,WR,0,0,0
2021,10,4,736744257179770880,7591,Justin Fields,QB,0,0,0
2021,10,5,716698629934481408,3294,Dak Prescott,QB,26.34,1,0
2021,10,5,716698629934481408,4034,Christian McCaffrey,RB,26.1,1,0
2021,10,5,716698629934481408,7527,Mac Jones,QB,18.92,0,0
2021,10,5,716698629934481408,1479,Keenan Allen,WR,17.8,1,0
2021,10,5,716698629934481408,1166,Kirk Cousins,QB,16.96,1,0
2021,10,5,716698629934481408,BUF,Buffalo Bills,DEF,15.0,1,0
2021,10,5,716698629934481408,5927,Terry McLaurin,WR,11.9,1,0
2021,10,5,716698629934481408,5230,Michael Badgley,K,11.0,1,0
2021,10,5,716698629934481408,5857,Noah Fant,TE,10.9,1,0
2021,10,5,716698629934481408,7594,Chuba Hubbard,RB,8.7,0,0
2021,10,5,716698629934481408,5850,Josh Jacobs,RB,8.6,1,0
2021,10,5,716698629934481408,3306,Jordan Howard,RB,8.3,0,0
2021,10,5,716698629934481408,4983,DJ Moore,WR,6.4,1,0
2021,10,5,716698629934481408,4351,Tim Patrick,WR,4.4,0,0
2021,10,5,716698629934481408,1144,Cole Beasley,WR,3.5,0,0
2021,10,5,716698629934481408,6824,Donovan Peoples-Jones,WR,2.6,0,0
2021,10,5,716698629934481408,6951,Eno Benjamin,RB,2.2,0,0
2021,10,5,716698629934481408,4988,Nick Chubb,RB,0,0,0
2021,10,5,716698629934481408,7062,Rodrigo Blankenship,K,0,0,0
2021,10,5,716698629934481408,CLE,Cleveland Browns,DEF,-3.5,0,0
2021,10,6,736740647758938112,5549,Darrel Williams,RB,29.4,1,0
2021,10,6,736740647758938112,3321,Tyreek Hill,WR,26.5,1,0
2021,10,6,736740647758938112,4039,Cooper Kupp,WR,23.2,1,0
2021,10,6,736740647758938112,CAR,Carolina Panthers,DEF,18.5,0,0
2021,10,6,736740647758938112,4217,George Kittle,TE,16.0,1,0
2021,10,6,736740647758938112,5967,Tony Pollard,RB,15.8,0,0
2021,10,6,736740647758938112,4227,Harrison Butker,K,11.0,1,0
2021,10,6,736740647758938112,6768,Tua Tagovailoa,QB,10.82,0,0
2021,10,6,736740647758938112,2320,Melvin Gordon,RB,9.3,0,0
2021,10,6,736740647758938112,96,Aaron Rodgers,QB,8.98,1,0
2021,10,6,736740647758938112,1825,Jarvis Landry,WR,6.6,1,0
2021,10,6,736740647758938112,3327,Alex Collins,RB,5.9,1,0
2021,10,6,736740647758938112,1067,Marvin Jones,WR,5.5,1,0
2021,10,6,736740647758938112,3242,Kenyan Drake,RB,5.1,0,0
2021,10,6,736740647758938112,2078,Odell Beckham,WR,3.8,0,0
2021,10,6,736740647758938112,LAR,Los Angeles Rams,DEF,3.5,1,0
2021,10,6,736740647758938112,830,A.J. Green,WR,1.4,0,0
2021,10,6,736740647758938112,515,Rob Gronkowski,TE,0,0,0
2021,10,6,736740647758938112,5892,David Montgomery,RB,0,0,0
2021,10,7,735974647736213504,6828,AJ Dillon,RB,26.8,0,0
2021,10,7,735974647736213504,6694,D'Ernest Johnson,RB,21.7,1,0
2021,10,7,735974647736213504,PHI,Philadelphia Eagles,DEF,21.0,0,0
2021,10,7,735974647736213504,1466,Travis Kelce,TE,19.9,1,0
2021,10,7,735974647736213504,7607,Michael Carter,RB,18.2,0,0
2021,10,7,735974647736213504,6790,D'Andre Swift,RB,16.5,1,0
2021,10,7,735974647736213504,4881,Lamar Jackson,QB,13.92,1,0
2021,10,7,735974647736213504,5937,Diontae Johnson,WR,13.3,1,0
2021,10,7,735974647736213504,954,Cam Newton,QB,11.72,0,0
2021,10,7,735974647736213504,7526,Jaylen Waddle,WR,10.1,1,0
2021,10,7,735974647736213504,PIT,Pittsburgh Steelers,DEF,10.0,1,0
2021,10,7,735974647736213504,650,Nick Folk,K,9.0,1,0
2021,10,7,735974647736213504,5848,Marquise Brown,WR,8.7,1,0
2021,10,7,735974647736213504,7523,Trevor Lawrence,QB,7.28,1,0
2021,10,7,735974647736213504,6803,Brandon Aiyuk,WR,5.6,0,0
2021,10,7,735974647736213504,1426,DeAndre Hopkins,WR,0,0,0
2021,10,7,735974647736213504,1992,Allen Robinson,WR,0,0,0
2021,10,7,735974647736213504,3209,Devontae Booker,RB,0,0,0
2021,10,7,735974647736213504,6820,Clyde Edwards-Helaire,RB,0,0,0
2021,10,8,736803054736822272,6794,Justin Jefferson,WR,22.9,1,0
2021,10,8,736803054736822272,2028,Derek Carr,QB,17.74,1,0
2021,10,8,736803054736822272,2711,Taylor Heinicke,QB,13.74,0,0
2021,10,8,736803054736822272,4199,Aaron Jones,RB,12.6,1,0
2021,10,8,736803054736822272,4036,Corey Davis,WR,12.3,0,0
2021,10,8,736803054736822272,TB,Tampa Bay Buccaneers,DEF,10.0,0,0
2021,10,8,736803054736822272,421,Matthew Stafford,QB,9.32,1,0
2021,10,8,736803054736822272,3664,J.D. McKissic,RB,7.9,1,0
2021,10,8,736803054736822272,ARI,Arizona Cardinals,DEF,6.5,1,0
2021,10,8,736803054736822272,2505,Darren Waller,TE,6.4,1,0
2021,10,8,736803054736822272,928,Randall Cobb,WR,5.1,0,0
2021,10,8,736803054736822272,2374,Tyler Lockett,WR,4.3,1,0
2021,10,8,736803054736822272,59,Mason Crosby,K,4.0,1,0
2021,10,8,736803054736822272,3225,Tyler Boyd,WR,0,0,0
2021,10,8,736803054736822272,4131,Kenny Golladay,WR,0,0,0
2021,10,8,736803054736822272,4273,Chris Carson,RB,0,0,0
2021,10,8,736803054736822272,4993,Mike Gesicki,TE,0,1,0
2021,10,8,736803054736822272,5890,Damien Harris,RB,0,0,0
2021,10,8,736803054736822272,947,Julio Jones,WR,0,0,0
2021,10,9,710284244835979264,6955,James Robinson,RB,18.4,1,0
2021,10,9,710284244835979264,NE,New England Patriots,DEF,16.5,0,0
2021,10,9,710284244835979264,2133,Davante Adams,WR,14.8,1,0
2021,10,9,710284244835979264,4950,Christian Kirk,WR,12.8,0,0
2021,10,9,710284244835979264,3271,Tyler Higbee,TE,11.0,0,0
2021,10,9,710284244835979264,BAL,Baltimore Ravens,DEF,10.0,1,0
2021,10,9,710284244835979264,2309,Amari Cooper,WR,9.1,1,0
2021,10,9,710284244835979264,5916,Darrell Henderson,RB,8.1,1,0
2021,10,9,710284244835979264,5038,Michael Gallup,WR,7.2,0,0
2021,10,9,710284244835979264,7600,Pat Freiermuth,TE,6.1,0,0
2021,10,9,710284244835979264,5846,DK Metcalf,WR,5.6,1,0
2021,10,9,710284244835979264,17,Matt Prater,K,5.0,1,0
2021,10,9,710284244835979264,5906,Dawson Knox,TE,2.7,1,0
2021,10,9,710284244835979264,2431,Mike Davis,RB,1.8,0,0
2021,10,9,710284244835979264,5089,Mike White,QB,1.54,1,0
2021,10,9,710284244835979264,4018,Joe Mixon,RB,0,0,0
2021,10,9,710284244835979264,5849,Kyler Murray,QB,0,0,0
2021,10,9,710284244835979264,5870,Daniel Jones,QB,0,0,0
2021,10,9,710284244835979264,533,Colt McCoy,QB,-0.82,1,0
2021,10,10,475399371639222272,DAL,Dallas Cowboys,DEF,29.5,1,0
2021,10,10,475399371639222272,GB,Green Bay Packers,DEF,21.5,0,0
2021,10,10,475399371639222272,3164,Ezekiel Elliott,RB,20.76,1,0
2021,10,10,475399371639222272,4137,James Conner,RB,15.4,1,0
2021,10,10,475399371639222272,1837,Jimmy Garoppolo,QB,14.88,1,0
2021,10,10,475399371639222272,167,Tom Brady,QB,13.0,1,0
2021,10,10,475399371639222272,4037,Chris Godwin,WR,12.7,1,0
2021,10,10,475399371639222272,7561,Elijah Mitchell,RB,9.1,1,0
2021,10,10,475399371639222272,6845,Zack Moss,RB,8.7,0,0
2021,10,10,475399371639222272,5917,Mecole Hardman,WR,5.0,0,0
2021,10,10,475399371639222272,5045,Courtland Sutton,WR,4.9,1,0
2021,10,10,475399371639222272,367,Jared Cook,TE,2.0,1,0
2021,10,10,475399371639222272,5095,Daniel Carlson,K,2.0,1,0
2021,10,10,475399371639222272,2251,Logan Thomas,TE,0,0,0
2021,10,10,475399371639222272,4035,Alvin Kamara,RB,0,0,0
2021,10,10,475399371639222272,4981,Calvin Ridley,WR,0,0,0
2021,10,10,475399371639222272,5248,Gus Edwards,RB,0,0,0
2021,10,10,475399371639222272,6770,Joe Burrow,QB,0,0,0
2021,10,10,475399371639222272,6801,Tee Higgins,WR,0,0,0
2021,10,10,475399371639222272,7090,Darnell Mooney,WR,0,0,0
2021,11,1,608781531883859968,6813,Jonathan Taylor,RB,53.4,1,0
2021,11,1,608781531883859968,1689,Adam Thielen,WR,22.2,1,0
2021,11,1,608781531883859968,2711,Taylor Heinicke,QB,20.64,0,0
2021,11,1,608781531883859968,5980,Myles Gaskin,RB,18.6,0,0
2021,11,1,608781531883859968,SF,San Francisco 49ers,DEF,15.0,1,0
2021,11,1,608781531883859968,4984,Josh Allen,QB,14.66,1,0
2021,11,1,608781531883859968,3969,Leonard Fournette,RB,13.4,1,0
2021,11,1,608781531883859968,7564,Ja'Marr Chase,WR,13.0,1,0
2021,11,1,608781531883859968,IND,Indianapolis Colts,DEF,12.5,0,0
2021,11,1,608781531883859968,7606,Kadarius Toney,WR,11.0,0,0
2021,11,1,608781531883859968,5947,Jakobi Meyers,WR,7.9,0,0
2021,11,1,608781531883859968,1049,Ryan Tannehill,QB,6.72,1,0
2021,11,1,608781531883859968,7553,Kyle Pitts,TE,5.9,1,0
2021,11,1,608781531883859968,5284,Jeff Wilson,RB,5.8,1,0
2021,11,1,608781531883859968,6819,Michael Pittman,WR,4.3,0,0
2021,11,1,608781531883859968,5987,Alexander Mattison,RB,0.5,0,0
2021,11,1,608781531883859968,6783,Jerry Jeudy,WR,0,0,0
2021,11,1,608781531883859968,7042,Tyler Bass,K,-1.0,1,0
2021,11,2,736077599457026048,7528,Najee Harris,RB,16.9,1,0
2021,11,2,736077599457026048,5872,Deebo Samuel,WR,16.4,1,0
2021,11,2,736077599457026048,956,Mark Ingram,RB,15.3,1,0
2021,11,2,736077599457026048,1837,Jimmy Garoppolo,QB,14.64,1,0
2021,11,2,736077599457026048,391,Ryan Succop,K,13.0,1,0
2021,11,2,736077599457026048,4866,Saquon Barkley,RB,11.6,0,0
2021,11,2,736077599457026048,5001,Dalton Schultz,TE,11.3,1,0
2021,11,2,736077599457026048,5844,T.J. Hockenson,TE,11.1,0,0
2021,11,2,736077599457026048,5859,A.J. Brown,WR,9.8,1,0
2021,11,2,736077599457026048,5955,Hunter Renfrow,WR,7.5,0,0
2021,11,2,736077599457026048,6945,Antonio Gibson,RB,7.5,0,0
2021,11,2,736077599457026048,TEN,Tennessee Titans,DEF,7.0,1,0
2021,11,2,736077599457026048,4046,Patrick Mahomes,QB,6.0,1,0
2021,11,2,736077599457026048,6786,CeeDee Lamb,WR,4.4,1,0
2021,11,2,736077599457026048,24,Matt Ryan,QB,0.12,0,0
2021,11,2,736077599457026048,2152,Teddy Bridgewater,QB,0,0,0
2021,11,2,736077599457026048,536,Antonio Brown,WR,0,0,0
2021,11,2,736077599457026048,6083,Matt Gay,K,0,0,0
2021,11,2,736077599457026048,6938,Cam Akers,RB,0,0,0
2021,11,2,736077599457026048,7588,Javonte Williams,RB,0,0,0
2021,11,3,737091087440674816,7596,Elijah Moore,WR,30.6,0,0
2021,11,3,737091087440674816,4029,Dalvin Cook,RB,22.5,1,0
2021,11,3,737091087440674816,4068,Mike Williams,WR,21.7,1,0
2021,11,3,737091087440674816,2449,Stefon Diggs,WR,18.3,1,0
2021,11,3,737091087440674816,5012,Mark Andrews,TE,15.3,1,0
2021,11,3,737091087440674816,5022,Dallas Goedert,TE,11.2,0,0
2021,11,3,737091087440674816,7525,DeVonta Smith,WR,10.1,1,0
2021,11,3,737091087440674816,3161,Carson Wentz,QB,9.04,0,0
2021,11,3,737091087440674816,4892,Baker Mayfield,QB,7.44,1,0
2021,11,3,737091087440674816,6151,Miles Sanders,RB,7.4,0,0
2021,11,3,737091087440674816,7571,Rashod Bateman,WR,5.9,0,0
2021,11,3,737091087440674816,1110,T.Y. Hilton,WR,4.6,0,0
2021,11,3,737091087440674816,1234,Russell Wilson,QB,4.48,1,0
2021,11,3,737091087440674816,LAC,Los Angeles Chargers,DEF,2.5,1,0
2021,11,3,737091087440674816,1535,Cordarrelle Patterson,RB,0,0,0
2021,11,3,737091087440674816,4219,Jeremy McNichols,RB,0,0,0
2021,11,3,737091087440674816,5000,Chase Edmonds,RB,0,0,0
2021,11,3,737091087440674816,7608,Khalil Herbert,RB,0,0,0
2021,11,3,737091087440674816,4150,Wayne Gallman,RB,-0.3,1,0
2021,11,3,737091087440674816,4666,Younghoe Koo,K,-1.0,1,0
2021,11,4,736744257179770880,4663,Austin Ekeler,RB,41.5,1,0
2021,11,4,736744257179770880,6797,Justin Herbert,QB,33.78,1,0
2021,11,4,736744257179770880,6904,Jalen Hurts,QB,29.28,1,0
2021,11,4,736744257179770880,1339,Zach Ertz,TE,28.8,0,0
2021,11,4,736744257179770880,2216,Mike Evans,WR,20.3,1,0
2021,11,4,736744257179770880,2168,Devonta Freeman,RB,20.0,0,0
2021,11,4,736744257179770880,6886,Chase Claypool,WR,14.4,1,0
2021,11,4,736744257179770880,1264,Justin Tucker,K,11.0,1,0
2021,11,4,736744257179770880,5110,Russell Gage,WR,9.9,0,0
2021,11,4,736744257179770880,6814,Laviska Shenault,WR,8.0,0,0
2021,11,4,736744257179770880,6130,Devin Singletary,RB,7.3,0,0
2021,11,4,736744257179770880,538,Emmanuel Sanders,WR,5.6,0,0
2021,11,4,736744257179770880,4111,D'Onta Foreman,RB,5.0,1,0
2021,11,4,736744257179770880,WAS,Washington Commanders,DEF,5.0,1,0
2021,11,4,736744257179770880,3214,Hunter Henry,TE,4.5,1,0
2021,11,4,736744257179770880,2197,Brandin Cooks,WR,3.8,1,0
2021,11,4,736744257179770880,5347,Nyheim Miller-Hines,RB,3.1,0,0
2021,11,4,736744257179770880,7591,Justin Fields,QB,2.46,0,0
2021,11,4,736744257179770880,3198,Derrick Henry,RB,0,0,0
2021,11,4,736744257179770880,4098,Kareem Hunt,RB,0,0,0
2021,11,4,736744257179770880,6853,Van Jefferson,WR,0,0,0
2021,11,5,716698629934481408,4034,Christian McCaffrey,RB,24.9,1,0
2021,11,5,716698629934481408,1166,Kirk Cousins,QB,23.24,1,0
2021,11,5,716698629934481408,4988,Nick Chubb,RB,22.4,1,0
2021,11,5,716698629934481408,5927,Terry McLaurin,WR,21.3,1,0
2021,11,5,716698629934481408,1479,Keenan Allen,WR,20.2,1,0
2021,11,5,716698629934481408,4983,DJ Moore,WR,16.0,1,0
2021,11,5,716698629934481408,CLE,Cleveland Browns,DEF,12.0,1,0
2021,11,5,716698629934481408,5850,Josh Jacobs,RB,11.1,0,0
2021,11,5,716698629934481408,5230,Michael Badgley,K,11.0,1,0
2021,11,5,716698629934481408,7527,Mac Jones,QB,8.88,0,0
2021,11,5,716698629934481408,1144,Cole Beasley,WR,6.3,0,0
2021,11,5,716698629934481408,4351,Tim Patrick,WR,0,0,0
2021,11,5,716698629934481408,4741,Dan Arnold,TE,0,1,0
2021,11,5,716698629934481408,5857,Noah Fant,TE,0,0,0
2021,11,5,716698629934481408,6824,Donovan Peoples-Jones,WR,0,0,0
2021,11,5,716698629934481408,7062,Rodrigo Blankenship,K,0,0,0
2021,11,5,716698629934481408,7594,Chuba Hubbard,RB,0,0,0
2021,11,5,716698629934481408,3294,Dak Prescott,QB,-0.36,1,0
2021,11,5,716698629934481408,BUF,Buffalo Bills,DEF,-3.0,0,0
2021,11,6,736740647758938112,96,Aaron Rodgers,QB,31.5,1,0
2021,11,6,736740647758938112,138,Ben Roethlisberger,QB,20.92,0,0
2021,11,6,736740647758938112,3321,Tyreek Hill,WR,20.0,1,0
2021,11,6,736740647758938112,6768,Tua Tagovailoa,QB,18.02,1,0
2021,11,6,736740647758938112,1825,Jarvis Landry,WR,14.2,1,0
2021,11,6,736740647758938112,4217,George Kittle,TE,13.4,1,0
2021,11,6,736740647758938112,515,Rob Gronkowski,TE,13.1,0,0
2021,11,6,736740647758938112,830,A.J. Green,WR,11.8,1,0
2021,11,6,736740647758938112,5967,Tony Pollard,RB,9.0,0,0
2021,11,6,736740647758938112,CAR,Carolina Panthers,DEF,9.0,1,0
2021,11,6,736740647758938112,5892,David Montgomery,RB,7.7,1,0
2021,11,6,736740647758938112,4227,Harrison Butker,K,7.0,1,0
2021,11,6,736740647758938112,5549,Darrel Williams,RB,3.6,1,0
2021,11,6,736740647758938112,3242,Kenyan Drake,RB,2.9,0,0
2021,11,6,736740647758938112,2078,Odell Beckham,WR,0,0,0
2021,11,6,736740647758938112,2320,Melvin Gordon,RB,0,0,0
2021,11,6,736740647758938112,4039,Cooper Kupp,WR,0,0,0
2021,11,6,736740647758938112,LAR,Los Angeles Rams,DEF,0,0,0
2021,11,7,735974647736213504,954,Cam Newton,QB,25.66,1,0
2021,11,7,735974647736213504,6790,D'Andre Swift,RB,23.6,1,0
2021,11,7,735974647736213504,5937,Diontae Johnson,WR,23.1,1,0
2021,11,7,735974647736213504,6803,Brandon Aiyuk,WR,21.5,0,0
2021,11,7,735974647736213504,7526,Jaylen Waddle,WR,20.6,1,0
2021,11,7,735974647736213504,1466,Travis Kelce,TE,18.8,1,0
2021,11,7,735974647736213504,6828,AJ Dillon,RB,15.7,1,0
2021,11,7,735974647736213504,6820,Clyde Edwards-Helaire,RB,15.6,0,0
2021,11,7,735974647736213504,PHI,Philadelphia Eagles,DEF,15.5,1,0
2021,11,7,735974647736213504,650,Nick Folk,K,15.0,1,0
2021,11,7,735974647736213504,7607,Michael Carter,RB,7.5,1,0
2021,11,7,735974647736213504,7523,Trevor Lawrence,QB,7.12,1,0
2021,11,7,735974647736213504,3209,Devontae Booker,RB,3.0,0,0
2021,11,7,735974647736213504,6694,D'Ernest Johnson,RB,2.6,0,0
2021,11,7,735974647736213504,1426,DeAndre Hopkins,WR,0,0,0
2021,11,7,735974647736213504,1992,Allen Robinson,WR,0,0,0
2021,11,7,735974647736213504,4881,Lamar Jackson,QB,0,0,0
2021,11,7,735974647736213504,5848,Marquise Brown,WR,0,0,0
2021,11,7,735974647736213504,PIT,Pittsburgh Steelers,DEF,0,0,0
2021,11,8,736803054736822272,6794,Justin Jefferson,WR,37.2,1,0
2021,11,8,736803054736822272,2549,Trevor Siemian,QB,24.16,1,0
2021,11,8,736803054736822272,2505,Darren Waller,TE,18.6,1,0
2021,11,8,736803054736822272,TB,Tampa Bay Buccaneers,DEF,17.0,1,0
2021,11,8,736803054736822272,2374,Tyler Lockett,WR,15.5,1,0
2021,11,8,736803054736822272,ARI,Arizona Cardinals,DEF,12.0,0,0
2021,11,8,736803054736822272,1266,Greg Zuerlein,K,10.0,1,0
2021,11,8,736803054736822272,4993,Mike Gesicki,TE,10.0,1,0
2021,11,8,736803054736822272,2028,Derek Carr,QB,7.6,1,0
2021,11,8,736803054736822272,5890,Damien Harris,RB,7.5,1,0
2021,11,8,736803054736822272,4036,Corey Davis,WR,6.5,0,0
2021,11,8,736803054736822272,3664,J.D. McKissic,RB,6.0,1,0
2021,11,8,736803054736822272,928,Randall Cobb,WR,2.5,0,0
2021,11,8,736803054736822272,4131,Kenny Golladay,WR,2.2,0,0
2021,11,8,736803054736822272,4199,Aaron Jones,RB,0,0,0
2021,11,8,736803054736822272,421,Matthew Stafford,QB,0,0,0
2021,11,8,736803054736822272,4273,Chris Carson,RB,0,0,0
2021,11,8,736803054736822272,947,Julio Jones,WR,0,0,0
2021,11,9,710284244835979264,NE,New England Patriots,DEF,33.5,1,0
2021,11,9,710284244835979264,2133,Davante Adams,WR,30.5,1,0
2021,11,9,710284244835979264,4018,Joe Mixon,RB,24.3,1,0
2021,11,9,710284244835979264,533,Colt McCoy,QB,19.42,0,0
2021,11,9,710284244835979264,5906,Dawson Knox,TE,14.0,1,0
2021,11,9,710284244835979264,BAL,Baltimore Ravens,DEF,12.0,0,0
2021,11,9,710284244835979264,6955,James Robinson,RB,11.8,1,0
2021,11,9,710284244835979264,7600,Pat Freiermuth,TE,11.1,0,0
2021,11,9,710284244835979264,5038,Michael Gallup,WR,9.4,1,0
2021,11,9,710284244835979264,5846,DK Metcalf,WR,7.1,1,0
2021,11,9,710284244835979264,5870,Daniel Jones,QB,6.68,1,0
2021,11,9,710284244835979264,2431,Mike Davis,RB,5.1,0,0
2021,11,9,710284244835979264,4950,Christian Kirk,WR,4.5,1,0
2021,11,9,710284244835979264,17,Matt Prater,K,4.0,1,0
2021,11,9,710284244835979264,2309,Amari Cooper,WR,0,0,0
2021,11,9,710284244835979264,3271,Tyler Higbee,TE,0,0,0
2021,11,9,710284244835979264,5849,Kyler Murray,QB,0,0,0
2021,11,9,710284244835979264,5916,Darrell Henderson,RB,0,0,0
2021,11,10,475399371639222272,7090,Darnell Mooney,WR,24.1,1,0
2021,11,10,475399371639222272,4137,James Conner,RB,20.9,1,0
2021,11,10,475399371639222272,167,Tom Brady,QB,19.78,1,0
2021,11,10,475399371639222272,4037,Chris Godwin,WR,19.2,1,0
2021,11,10,475399371639222272,3164,Ezekiel Elliott,RB,12.8,1,0
2021,11,10,475399371639222272,DAL,Dallas Cowboys,DEF,11.0,0,0
2021,11,10,475399371639222272,7611,Rhamondre Stevenson,RB,8.5,0,0
2021,11,10,475399371639222272,5095,Daniel Carlson,K,8.0,1,0
2021,11,10,475399371639222272,6770,Joe Burrow,QB,7.52,1,0
2021,11,10,475399371639222272,MIA,Miami Dolphins,DEF,7.5,1,0
2021,11,10,475399371639222272,367,Jared Cook,TE,5.8,1,0
2021,11,10,475399371639222272,5917,Mecole Hardman,WR,4.5,0,0
2021,11,10,475399371639222272,6801,Tee Higgins,WR,3.5,1,0
2021,11,10,475399371639222272,6845,Zack Moss,RB,0.5,0,0
2021,11,10,475399371639222272,2251,Logan Thomas,TE,0,0,0
2021,11,10,475399371639222272,4035,Alvin Kamara,RB,0,0,0
2021,11,10,475399371639222272,4981,Calvin Ridley,WR,0,0,0
2021,11,10,475399371639222272,5045,Courtland Sutton,WR,0,0,0
2021,11,10,475399371639222272,5248,Gus Edwards,RB,0,0,0
2021,11,10,475399371639222272,7561,Elijah Mitchell,RB,0,0,0
2021,12,1,608781531883859968,3969,Leonard Fournette,RB,44.1,1,0
2021,12,1,608781531883859968,4984,Josh Allen,QB,25.7,1,0
2021,12,1,608781531883859968,1689,Adam Thielen,WR,23.2,1,0
2021,12,1,608781531883859968,6813,Jonathan Taylor,RB,19.7,1,0
2021,12,1,608781531883859968,5980,Myles Gaskin,RB,19.2,0,0
2021,12,1,608781531883859968,2711,Taylor Heinicke,QB,11.22,1,0
2021,12,1,608781531883859968,SF,San Francisco 49ers,DEF,10.0,1,0
2021,12,1,608781531883859968,6819,Michael Pittman,WR,9.3,1,0
2021,12,1,608781531883859968,7042,Tyler Bass,K,7.0,1,0
2021,12,1,608781531883859968,7564,Ja'Marr Chase,WR,6.9,1,0
2021,12,1,608781531883859968,1049,Ryan Tannehill,QB,6.12,0,0
2021,12,1,608781531883859968,IND,Indianapolis Colts,DEF,6.0,0,0
2021,12,1,608781531883859968,7553,Kyle Pitts,TE,4.6,1,0
2021,12,1,608781531883859968,6783,Jerry Jeudy,WR,4.5,0,0
2021,12,1,608781531883859968,3327,Alex Collins,RB,1.7,0,0
2021,12,1,608781531883859968,5284,Jeff Wilson,RB,1.7,0,0
2021,12,1,608781531883859968,642,Golden Tate,WR,0,0,0
2021,12,1,608781531883859968,7606,Kadarius Toney,WR,0,0,0
2021,12,2,736077599457026048,6945,Antonio Gibson,RB,23.6,1,0
2021,12,2,736077599457026048,5955,Hunter Renfrow,WR,21.6,0,0
2021,12,2,736077599457026048,5872,Deebo Samuel,WR,20.8,1,0
2021,12,2,736077599457026048,7588,Javonte Williams,RB,20.1,0,0
2021,12,2,736077599457026048,2152,Teddy Bridgewater,QB,16.16,1,0
2021,12,2,736077599457026048,5001,Dalton Schultz,TE,15.6,1,0
2021,12,2,736077599457026048,5947,Jakobi Meyers,WR,14.8,1,0
2021,12,2,736077599457026048,5844,T.J. Hockenson,TE,12.5,0,0
2021,12,2,736077599457026048,HOU,Houston Texans,DEF,12.0,1,0
2021,12,2,736077599457026048,1837,Jimmy Garoppolo,QB,10.2,1,0
2021,12,2,736077599457026048,4866,Saquon Barkley,RB,9.3,1,0
2021,12,2,736077599457026048,2378,Tevin Coleman,RB,9.0,0,0
2021,12,2,736077599457026048,6083,Matt Gay,K,8.0,1,0
2021,12,2,736077599457026048,7528,Najee Harris,RB,6.7,1,0
2021,12,2,736077599457026048,4046,Patrick Mahomes,QB,0,0,0
2021,12,2,736077599457026048,536,Antonio Brown,WR,0,0,0
2021,12,2,736077599457026048,5859,A.J. Brown,WR,0,0,0
2021,12,2,736077599457026048,6786,CeeDee Lamb,WR,0,0,0
2021,12,2,736077599457026048,6938,Cam Akers,RB,0,0,0
2021,12,2,736077599457026048,956,Mark Ingram,RB,0,0,0
2021,12,3,737091087440674816,1535,Cordarrelle Patterson,RB,27.5,1,0
2021,12,3,737091087440674816,2449,Stefon Diggs,WR,20.4,1,0
2021,12,3,737091087440674816,3161,Carson Wentz,QB,19.34,1,0
2021,12,3,737091087440674816,1234,Russell Wilson,QB,18.48,1,0
2021,12,3,737091087440674816,5012,Mark Andrews,TE,16.5,1,0
2021,12,3,737091087440674816,4029,Dalvin Cook,RB,14.3,1,0
2021,12,3,737091087440674816,1110,T.Y. Hilton,WR,12.8,0,0
2021,12,3,737091087440674816,4892,Baker Mayfield,QB,11.28,0,0
2021,12,3,737091087440674816,7596,Elijah Moore,WR,9.3,1,0
2021,12,3,737091087440674816,4068,Mike Williams,WR,7.9,0,0
2021,12,3,737091087440674816,6151,Miles Sanders,RB,7.4,1,0
2021,12,3,737091087440674816,7571,Rashod Bateman,WR,7.1,0,0
2021,12,3,737091087440674816,LAC,Los Angeles Chargers,DEF,6.5,1,0
2021,12,3,737091087440674816,7525,DeVonta Smith,WR,4.2,0,0
2021,12,3,737091087440674816,4666,Younghoe Koo,K,3.0,1,0
2021,12,3,737091087440674816,4150,Wayne Gallman,RB,1.9,0,0
2021,12,3,737091087440674816,5022,Dallas Goedert,TE,1.0,0,0
2021,12,3,737091087440674816,7608,Khalil Herbert,RB,0.9,0,0
2021,12,3,737091087440674816,4219,Jeremy McNichols,RB,0,0,0
2021,12,3,737091087440674816,5000,Chase Edmonds,RB,0,0,0
2021,12,4,736744257179770880,4663,Austin Ekeler,RB,21.9,1,0
2021,12,4,736744257179770880,6853,Van Jefferson,WR,19.3,0,0
2021,12,4,736744257179770880,6797,Justin Herbert,QB,18.72,1,0
2021,12,4,736744257179770880,4089,Gerald Everett,TE,14.7,0,0
2021,12,4,736744257179770880,2197,Brandin Cooks,WR,13.5,1,0
2021,12,4,736744257179770880,1264,Justin Tucker,K,13.0,1,0
2021,12,4,736744257179770880,WAS,Washington Commanders,DEF,12.0,1,0
2021,12,4,736744257179770880,6886,Chase Claypool,WR,11.2,1,0
2021,12,4,736744257179770880,4111,D'Onta Foreman,RB,10.2,0,0
2021,12,4,736744257179770880,6814,Laviska Shenault,WR,8.3,0,0
2021,12,4,736744257179770880,2168,Devonta Freeman,RB,7.0,1,0
2021,12,4,736744257179770880,6904,Jalen Hurts,QB,6.36,1,0
2021,12,4,736744257179770880,538,Emmanuel Sanders,WR,5.8,0,0
2021,12,4,736744257179770880,6130,Devin Singletary,RB,5.8,0,0
2021,12,4,736744257179770880,2216,Mike Evans,WR,4.6,1,0
2021,12,4,736744257179770880,5347,Nyheim Miller-Hines,RB,3.9,0,0
2021,12,4,736744257179770880,3214,Hunter Henry,TE,3.6,1,0
2021,12,4,736744257179770880,4098,Kareem Hunt,RB,2.0,0,0
2021,12,4,736744257179770880,1339,Zach Ertz,TE,0,0,0
2021,12,4,736744257179770880,3198,Derrick Henry,RB,0,0,0
2021,12,4,736744257179770880,7591,Justin Fields,QB,0,0,0
2021,12,5,716698629934481408,3294,Dak Prescott,QB,25.3,1,0
2021,12,5,716698629934481408,7527,Mac Jones,QB,20.5,0,0
2021,12,5,716698629934481408,5536,Dontrell Hilliard,RB,19.3,0,0
2021,12,5,716698629934481408,5850,Josh Jacobs,RB,19.2,0,0
2021,12,5,716698629934481408,BUF,Buffalo Bills,DEF,16.5,1,0
2021,12,5,716698629934481408,1479,Keenan Allen,WR,15.5,1,0
2021,12,5,716698629934481408,1166,Kirk Cousins,QB,15.02,1,0
2021,12,5,716698629934481408,4983,DJ Moore,WR,14.3,1,0
2021,12,5,716698629934481408,CLE,Cleveland Browns,DEF,13.5,0,0
2021,12,5,716698629934481408,1144,Cole Beasley,WR,9.6,0,0
2021,12,5,716698629934481408,5927,Terry McLaurin,WR,9.1,1,0
2021,12,5,716698629934481408,5230,Michael Badgley,K,8.0,1,0
2021,12,5,716698629934481408,4988,Nick Chubb,RB,5.9,1,0
2021,12,5,716698629934481408,4351,Tim Patrick,WR,4.6,0,0
2021,12,5,716698629934481408,5857,Noah Fant,TE,4.2,1,0
2021,12,5,716698629934481408,4034,Christian McCaffrey,RB,3.5,1,0
2021,12,5,716698629934481408,4741,Dan Arnold,TE,1.9,0,0
2021,12,5,716698629934481408,7594,Chuba Hubbard,RB,0.6,0,0
2021,12,5,716698629934481408,7062,Rodrigo Blankenship,K,0,0,0
2021,12,6,736740647758938112,96,Aaron Rodgers,QB,26.28,1,0
2021,12,6,736740647758938112,2078,Odell Beckham,WR,20.1,1,0
2021,12,6,736740647758938112,515,Rob Gronkowski,TE,19.3,1,0
2021,12,6,736740647758938112,4039,Cooper Kupp,WR,18.6,1,0
2021,12,6,736740647758938112,5967,Tony Pollard,RB,16.8,0,0
2021,12,6,736740647758938112,1825,Jarvis Landry,WR,14.6,0,0
2021,12,6,736740647758938112,6768,Tua Tagovailoa,QB,10.7,0,0
2021,12,6,736740647758938112,5892,David Montgomery,RB,10.4,1,0
2021,12,6,736740647758938112,2020,Cairo Santos,K,10.0,1,0
2021,12,6,736740647758938112,2320,Melvin Gordon,RB,9.8,1,0
2021,12,6,736740647758938112,2391,David Johnson,RB,7.5,0,0
2021,12,6,736740647758938112,CAR,Carolina Panthers,DEF,6.5,1,0
2021,12,6,736740647758938112,138,Ben Roethlisberger,QB,6.02,1,0
2021,12,6,736740647758938112,LAR,Los Angeles Rams,DEF,3.5,0,0
2021,12,6,736740647758938112,4217,George Kittle,TE,2.3,1,0
2021,12,6,736740647758938112,3321,Tyreek Hill,WR,0,0,0
2021,12,6,736740647758938112,4227,Harrison Butker,K,0,0,0
2021,12,7,735974647736213504,7526,Jaylen Waddle,WR,28.7,1,0
2021,12,7,735974647736213504,650,Nick Folk,K,20.0,1,0
2021,12,7,735974647736213504,6828,AJ Dillon,RB,20.0,1,0
2021,12,7,735974647736213504,5937,Diontae Johnson,WR,18.5,1,0
2021,12,7,735974647736213504,5848,Marquise Brown,WR,13.1,0,0
2021,12,7,735974647736213504,6803,Brandon Aiyuk,WR,12.5,1,0
2021,12,7,735974647736213504,827,Tyrod Taylor,QB,11.82,0,0
2021,12,7,735974647736213504,PHI,Philadelphia Eagles,DEF,9.5,1,0
2021,12,7,735974647736213504,4881,Lamar Jackson,QB,8.4,1,0
2021,12,7,735974647736213504,954,Cam Newton,QB,5.68,1,0
2021,12,7,735974647736213504,3209,Devontae Booker,RB,3.7,0,0
2021,12,7,735974647736213504,5133,Tyler Conklin,TE,3.5,1,0
2021,12,7,735974647736213504,6790,D'Andre Swift,RB,2.9,1,0
2021,12,7,735974647736213504,PIT,Pittsburgh Steelers,DEF,1.5,0,0
2021,12,7,735974647736213504,1426,DeAndre Hopkins,WR,0,0,0
2021,12,7,735974647736213504,1466,Travis Kelce,TE,0,0,0
2021,12,7,735974647736213504,1992,Allen Robinson,WR,0,0,0
2021,12,7,735974647736213504,6694,D'Ernest Johnson,RB,0,0,0
2021,12,7,735974647736213504,6820,Clyde Edwards-Helaire,RB,0,0,0
2021,12,7,735974647736213504,7607,Michael Carter,RB,0,0,0
2021,12,8,736803054736822272,3664,J.D. McKissic,RB,22.6,0,0
2021,12,8,736803054736822272,421,Matthew Stafford,QB,20.98,1,0
2021,12,8,736803054736822272,2028,Derek Carr,QB,18.52,1,0
2021,12,8,736803054736822272,928,Randall Cobb,WR,17.5,0,0
2021,12,8,736803054736822272,TB,Tampa Bay Buccaneers,DEF,15.5,0,0
2021,12,8,736803054736822272,6794,Justin Jefferson,WR,13.26,1,0
2021,12,8,736803054736822272,5122,Boston Scott,RB,13.2,1,0
2021,12,8,736803054736822272,2374,Tyler Lockett,WR,12.6,1,0
2021,12,8,736803054736822272,5890,Damien Harris,RB,12.2,1,0
2021,12,8,736803054736822272,CHI,Chicago Bears,DEF,11.0,1,0
2021,12,8,736803054736822272,4131,Kenny Golladay,WR,8.0,0,0
2021,12,8,736803054736822272,2549,Trevor Siemian,QB,7.82,0,0
2021,12,8,736803054736822272,1266,Greg Zuerlein,K,6.0,1,0
2021,12,8,736803054736822272,2505,Darren Waller,TE,5.3,1,0
2021,12,8,736803054736822272,4993,Mike Gesicki,TE,4.7,1,0
2021,12,8,736803054736822272,4199,Aaron Jones,RB,2.3,0,0
2021,12,8,736803054736822272,4036,Corey Davis,WR,0,0,0
2021,12,8,736803054736822272,4273,Chris Carson,RB,0,0,0
2021,12,8,736803054736822272,947,Julio Jones,WR,0,0,0
2021,12,8,736803054736822272,ARI,Arizona Cardinals,DEF,0,0,0
2021,12,9,710284244835979264,4018,Joe Mixon,RB,32.3,1,0
2021,12,9,710284244835979264,NE,New England Patriots,DEF,21.5,1,0
2021,12,9,710284244835979264,2133,Davante Adams,WR,18.4,1,0
2021,12,9,710284244835979264,5906,Dawson Knox,TE,18.2,0,0
2021,12,9,710284244835979264,5916,Darrell Henderson,RB,17.3,1,0
2021,12,9,710284244835979264,BAL,Baltimore Ravens,DEF,16.0,0,0
2021,12,9,710284244835979264,5038,Michael Gallup,WR,15.6,1,0
2021,12,9,710284244835979264,7600,Pat Freiermuth,TE,14.0,0,0
2021,12,9,710284244835979264,6955,James Robinson,RB,12.5,1,0
2021,12,9,710284244835979264,24,Matt Ryan,QB,9.7,1,0
2021,12,9,710284244835979264,2431,Mike Davis,RB,7.1,0,0
2021,12,9,710284244835979264,1945,Chris Boswell,K,5.0,1,0
2021,12,9,710284244835979264,5846,DK Metcalf,WR,2.3,1,0
2021,12,9,710284244835979264,3271,Tyler Higbee,TE,1.3,1,0
2021,12,9,710284244835979264,17,Matt Prater,K,0,0,0
2021,12,9,710284244835979264,2309,Amari Cooper,WR,0,0,0
2021,12,9,710284244835979264,4950,Christian Kirk,WR,0,0,0
2021,12,9,710284244835979264,5849,Kyler Murray,QB,0,0,0
2021,12,10,475399371639222272,MIA,Miami Dolphins,DEF,28.5,0,0
2021,12,10,475399371639222272,7561,Elijah Mitchell,RB,27.8,1,0
2021,12,10,475399371639222272,6801,Tee Higgins,WR,23.4,1,0
2021,12,10,475399371639222272,5095,Daniel Carlson,K,21.0,1,0
2021,12,10,475399371639222272,7090,Darnell Mooney,WR,17.5,1,0
2021,12,10,475399371639222272,3164,Ezekiel Elliott,RB,16.9,1,0
2021,12,10,475399371639222272,6770,Joe Burrow,QB,15.4,1,0
2021,12,10,475399371639222272,167,Tom Brady,QB,10.74,1,0
2021,12,10,475399371639222272,367,Jared Cook,TE,10.5,0,0
2021,12,10,475399371639222272,2251,Logan Thomas,TE,6.1,1,0
2021,12,10,475399371639222272,4037,Chris Godwin,WR,4.7,1,0
2021,12,10,475399371639222272,7611,Rhamondre Stevenson,RB,4.6,0,0
2021,12,10,475399371639222272,DAL,Dallas Cowboys,DEF,4.5,1,0
2021,12,10,475399371639222272,5045,Courtland Sutton,WR,3.7,0,0
2021,12,10,475399371639222272,4035,Alvin Kamara,RB,0,0,0
2021,12,10,475399371639222272,4137,James Conner,RB,0,0,0
2021,12,10,475399371639222272,4981,Calvin Ridley,WR,0,0,0
2021,12,10,475399371639222272,5917,Mecole Hardman,WR,0,0,0
2021,12,10,475399371639222272,6845,Zack Moss,RB,0,0,0
2021,13,1,608781531883859968,6794,Justin Jefferson,WR,35.6,1,0
2021,13,1,608781531883859968,IND,Indianapolis Colts,DEF,25.0,1,0
2021,13,1,608781531883859968,6813,Jonathan Taylor,RB,24.3,1,0
2021,13,1,608781531883859968,3969,Leonard Fournette,RB,22.2,1,0
2021,13,1,608781531883859968,6819,Michael Pittman,WR,17.0,1,0
2021,13,1,608781531883859968,SF,San Francisco 49ers,DEF,16.5,0,0
2021,13,1,608781531883859968,2711,Taylor Heinicke,QB,14.34,1,0
2021,13,1,608781531883859968,6783,Jerry Jeudy,WR,11.7,0,0
2021,13,1,608781531883859968,2319,DeVante Parker,WR,11.2,0,0
2021,13,1,608781531883859968,4984,Josh Allen,QB,10.7,1,0
2021,13,1,608781531883859968,7564,Ja'Marr Chase,WR,10.2,1,0
2021,13,1,608781531883859968,7553,Kyle Pitts,TE,8.8,1,0
2021,13,1,608781531883859968,6826,Cole Kmet,TE,7.1,0,0
2021,13,1,608781531883859968,7042,Tyler Bass,K,3.0,1,0
2021,13,1,608781531883859968,5052,Ronald Jones,RB,1.2,0,0
2021,13,1,608781531883859968,4454,Kendrick Bourne,WR,0.3,0,0
2021,13,1,608781531883859968,1049,Ryan Tannehill,QB,0,0,0
2021,13,1,608781531883859968,2359,Ameer Abdullah,RB,0,0,0
2021,13,1,608781531883859968,536,Antonio Brown,WR,0,0,0
2021,13,1,608781531883859968,7606,Kadarius Toney,WR,0,0,0
2021,13,2,736077599457026048,7588,Javonte Williams,RB,28.8,1,0
2021,13,2,736077599457026048,6945,Antonio Gibson,RB,22.1,1,0
2021,13,2,736077599457026048,4962,Sony Michel,RB,21.9,0,0
2021,13,2,736077599457026048,5987,Alexander Mattison,RB,21.4,1,0
2021,13,2,736077599457026048,5955,Hunter Renfrow,WR,19.2,1,0
2021,13,2,736077599457026048,6786,CeeDee Lamb,WR,19.2,1,0
2021,13,2,736077599457026048,7528,Najee Harris,RB,15.7,1,0
2021,13,2,736077599457026048,1837,Jimmy Garoppolo,QB,15.46,0,0
2021,13,2,736077599457026048,6083,Matt Gay,K,15.0,1,0
2021,13,2,736077599457026048,5844,T.J. Hockenson,TE,14.9,1,0
2021,13,2,736077599457026048,4866,Saquon Barkley,RB,13.4,0,0
2021,13,2,736077599457026048,4046,Patrick Mahomes,QB,12.06,1,0
2021,13,2,736077599457026048,2152,Teddy Bridgewater,QB,11.48,0,0
2021,13,2,736077599457026048,MIN,Minnesota Vikings,DEF,10.5,1,0
2021,13,2,736077599457026048,5001,Dalton Schultz,TE,9.3,0,0
2021,13,2,736077599457026048,956,Mark Ingram,RB,3.6,0,0
2021,13,2,736077599457026048,5859,A.J. Brown,WR,0,0,0
2021,13,2,736077599457026048,5872,Deebo Samuel,WR,0,0,0
2021,13,2,736077599457026048,5947,Jakobi Meyers,WR,0,0,0
2021,13,2,736077599457026048,6938,Cam Akers,RB,0,0,0
2021,13,3,737091087440674816,5022,Dallas Goedert,TE,28.5,0,0
2021,13,3,737091087440674816,LAC,Los Angeles Chargers,DEF,24.5,1,0
2021,13,3,737091087440674816,7596,Elijah Moore,WR,20.6,1,0
2021,13,3,737091087440674816,6151,Miles Sanders,RB,17.2,1,0
2021,13,3,737091087440674816,4068,Mike Williams,WR,16.0,1,0
2021,13,3,737091087440674816,1234,Russell Wilson,QB,14.24,1,0
2021,13,3,737091087440674816,1535,Cordarrelle Patterson,RB,12.6,1,0
2021,13,3,737091087440674816,3161,Carson Wentz,QB,10.62,1,0
2021,13,3,737091087440674816,2449,Stefon Diggs,WR,9.1,1,0
2021,13,3,737091087440674816,5012,Mark Andrews,TE,9.0,1,0
2021,13,3,737091087440674816,4666,Younghoe Koo,K,5.0,1,0
2021,13,3,737091087440674816,1110,T.Y. Hilton,WR,4.2,0,0
2021,13,3,737091087440674816,7608,Khalil Herbert,RB,3.7,0,0
2021,13,3,737091087440674816,6130,Devin Singletary,RB,3.6,0,0
2021,13,3,737091087440674816,7525,DeVonta Smith,WR,3.5,0,0
2021,13,3,737091087440674816,4029,Dalvin Cook,RB,0,0,0
2021,13,3,737091087440674816,4892,Baker Mayfield,QB,0,0,0
2021,13,3,737091087440674816,5000,Chase Edmonds,RB,0,0,0
2021,13,3,737091087440674816,7571,Rashod Bateman,WR,0,0,0
2021,13,4,736744257179770880,6797,Justin Herbert,QB,23.78,1,0
2021,13,4,736744257179770880,2168,Devonta Freeman,RB,20.7,1,0
2021,13,4,736744257179770880,4663,Austin Ekeler,RB,17.4,1,0
2021,13,4,736744257179770880,2216,Mike Evans,WR,16.9,1,0
2021,13,4,736744257179770880,6853,Van Jefferson,WR,16.1,1,0
2021,13,4,736744257179770880,829,Andy Dalton,QB,10.76,1,0
2021,13,4,736744257179770880,5347,Nyheim Miller-Hines,RB,8.6,0,0
2021,13,4,736744257179770880,2197,Brandin Cooks,WR,8.4,1,0
2021,13,4,736744257179770880,NYG,New York Giants,DEF,8.0,1,0
2021,13,4,736744257179770880,6886,Chase Claypool,WR,7.4,0,0
2021,13,4,736744257179770880,1264,Justin Tucker,K,7.0,1,0
2021,13,4,736744257179770880,538,Emmanuel Sanders,WR,5.2,0,0
2021,13,4,736744257179770880,1339,Zach Ertz,TE,2.0,1,0
2021,13,4,736744257179770880,3198,Derrick Henry,RB,0,0,0
2021,13,4,736744257179770880,3214,Hunter Henry,TE,0,0,0
2021,13,4,736744257179770880,4098,Kareem Hunt,RB,0,0,0
2021,13,4,736744257179770880,4111,D'Onta Foreman,RB,0,0,0
2021,13,4,736744257179770880,6904,Jalen Hurts,QB,0,0,0
2021,13,4,736744257179770880,7591,Justin Fields,QB,0,0,0
2021,13,5,716698629934481408,5850,Josh Jacobs,RB,24.0,1,0
2021,13,5,716698629934481408,1479,Keenan Allen,WR,22.4,1,0
2021,13,5,716698629934481408,1166,Kirk Cousins,QB,19.2,1,0
2021,13,5,716698629934481408,KC,Kansas City Chiefs,DEF,17.5,1,0
2021,13,5,716698629934481408,3294,Dak Prescott,QB,11.22,1,0
2021,13,5,716698629934481408,5857,Noah Fant,TE,7.3,1,0
2021,13,5,716698629934481408,BUF,Buffalo Bills,DEF,7.0,0,0
2021,13,5,716698629934481408,5230,Michael Badgley,K,6.0,1,0
2021,13,5,716698629934481408,5927,Terry McLaurin,WR,5.2,1,0
2021,13,5,716698629934481408,1144,Cole Beasley,WR,2.1,1,0
2021,13,5,716698629934481408,4351,Tim Patrick,WR,1.9,0,0
2021,13,5,716698629934481408,3242,Kenyan Drake,RB,1.8,0,0
2021,13,5,716698629934481408,4455,Matt Breida,RB,1.8,1,0
2021,13,5,716698629934481408,4983,DJ Moore,WR,0,0,0
2021,13,5,716698629934481408,4988,Nick Chubb,RB,0,0,0
2021,13,5,716698629934481408,5536,Dontrell Hilliard,RB,0,0,0
2021,13,5,716698629934481408,7594,Chuba Hubbard,RB,0,0,0
2021,13,5,716698629934481408,7527,Mac Jones,QB,-0.54,0,0
2021,13,6,736740647758938112,4217,George Kittle,TE,39.6,1,0
2021,13,6,736740647758938112,5892,David Montgomery,RB,28.1,1,0
2021,13,6,736740647758938112,4039,Cooper Kupp,WR,26.9,1,0
2021,13,6,736740647758938112,515,Rob Gronkowski,TE,21.8,1,0
2021,13,6,736740647758938112,138,Ben Roethlisberger,QB,18.84,1,0
2021,13,6,736740647758938112,LAR,Los Angeles Rams,DEF,17.5,1,0
2021,13,6,736740647758938112,5967,Tony Pollard,RB,16.4,0,0
2021,13,6,736740647758938112,4227,Harrison Butker,K,12.0,1,0
2021,13,6,736740647758938112,2078,Odell Beckham,WR,10.8,1,0
2021,13,6,736740647758938112,DEN,Denver Broncos,DEF,8.0,0,0
2021,13,6,736740647758938112,7523,Trevor Lawrence,QB,4.8,0,0
2021,13,6,736740647758938112,3321,Tyreek Hill,WR,4.2,1,0
2021,13,6,736740647758938112,6955,James Robinson,RB,2.5,1,0
2021,13,6,736740647758938112,1825,Jarvis Landry,WR,0,0,0
2021,13,6,736740647758938112,2320,Melvin Gordon,RB,0,0,0
2021,13,6,736740647758938112,2391,David Johnson,RB,0,0,0
2021,13,6,736740647758938112,4157,Tarik Cohen,RB,0,0,0
2021,13,6,736740647758938112,96,Aaron Rodgers,QB,0,0,0
2021,13,7,735974647736213504,5937,Diontae Johnson,WR,30.5,1,0
2021,13,7,735974647736213504,7526,Jaylen Waddle,WR,18.0,1,0
2021,13,7,735974647736213504,4881,Lamar Jackson,QB,13.12,1,0
2021,13,7,735974647736213504,1426,DeAndre Hopkins,WR,11.2,0,0
2021,13,7,735974647736213504,6820,Clyde Edwards-Helaire,RB,11.2,1,0
2021,13,7,735974647736213504,5848,Marquise Brown,WR,10.5,1,0
2021,13,7,735974647736213504,5272,Greg Joseph,K,10.0,1,0
2021,13,7,735974647736213504,3209,Devontae Booker,RB,9.4,0,0
2021,13,7,735974647736213504,PHI,Philadelphia Eagles,DEF,9.0,1,0
2021,13,7,735974647736213504,6803,Brandon Aiyuk,WR,8.5,0,0
2021,13,7,735974647736213504,4149,Jamaal Williams,RB,8.0,1,0
2021,13,7,735974647736213504,1466,Travis Kelce,TE,5.7,1,0
2021,13,7,735974647736213504,6039,Ty Johnson,RB,3.5,0,0
2021,13,7,735974647736213504,827,Tyrod Taylor,QB,0.3,1,0
2021,13,7,735974647736213504,1992,Allen Robinson,WR,0,0,0
2021,13,7,735974647736213504,6790,D'Andre Swift,RB,0,0,0
2021,13,7,735974647736213504,6828,AJ Dillon,RB,0,0,0
2021,13,7,735974647736213504,7607,Michael Carter,RB,0,0,0
2021,13,7,735974647736213504,954,Cam Newton,QB,0,0,0
2021,13,7,735974647736213504,GB,Green Bay Packers,DEF,0,0,0
2021,13,8,736803054736822272,421,Matthew Stafford,QB,24.0,1,0
2021,13,8,736803054736822272,2374,Tyler Lockett,WR,19.8,1,0
2021,13,8,736803054736822272,4381,Taysom Hill,TE,19.66,1,0
2021,13,8,736803054736822272,5890,Damien Harris,RB,18.1,1,0
2021,13,8,736803054736822272,TB,Tampa Bay Buccaneers,DEF,14.5,1,0
2021,13,8,736803054736822272,ARI,Arizona Cardinals,DEF,14.0,0,0
2021,13,8,736803054736822272,3225,Tyler Boyd,WR,13.5,1,0
2021,13,8,736803054736822272,2028,Derek Carr,QB,11.86,0,0
2021,13,8,736803054736822272,4993,Mike Gesicki,TE,11.6,1,0
2021,13,8,736803054736822272,5980,Myles Gaskin,RB,6.9,1,0
2021,13,8,736803054736822272,4131,Kenny Golladay,WR,6.7,0,0
2021,13,8,736803054736822272,7839,Evan McPherson,K,4.0,1,0
2021,13,8,736803054736822272,4036,Corey Davis,WR,3.5,0,0
2021,13,8,736803054736822272,1689,Adam Thielen,WR,1.0,1,0
2021,13,8,736803054736822272,2505,Darren Waller,TE,0,0,0
2021,13,8,736803054736822272,3664,J.D. McKissic,RB,0,0,0
2021,13,8,736803054736822272,4199,Aaron Jones,RB,0,0,0
2021,13,8,736803054736822272,928,Randall Cobb,WR,0,0,0
2021,13,8,736803054736822272,947,Julio Jones,WR,0,0,0
2021,13,9,710284244835979264,5849,Kyler Murray,QB,28.32,1,0
2021,13,9,710284244835979264,6768,Tua Tagovailoa,QB,17.36,1,0
2021,13,9,710284244835979264,2431,Mike Davis,RB,16.9,0,0
2021,13,9,710284244835979264,5038,Michael Gallup,WR,14.6,1,0
2021,13,9,710284244835979264,NE,New England Patriots,DEF,12.0,0,0
2021,13,9,710284244835979264,5846,DK Metcalf,WR,11.0,1,0
2021,13,9,710284244835979264,3271,Tyler Higbee,TE,9.8,0,0
2021,13,9,710284244835979264,4018,Joe Mixon,RB,9.4,1,0
2021,13,9,710284244835979264,17,Matt Prater,K,9.0,0,0
2021,13,9,710284244835979264,7600,Pat Freiermuth,TE,7.6,1,0
2021,13,9,710284244835979264,24,Matt Ryan,QB,7.08,0,0
2021,13,9,710284244835979264,2309,Amari Cooper,WR,6.1,1,0
2021,13,9,710284244835979264,391,Ryan Succop,K,5.0,1,0
2021,13,9,710284244835979264,BAL,Baltimore Ravens,DEF,5.0,1,0
2021,13,9,710284244835979264,5906,Dawson Knox,TE,3.4,0,0
2021,13,9,710284244835979264,4950,Christian Kirk,WR,1.4,0,0
2021,13,9,710284244835979264,2133,Davante Adams,WR,0,0,0
2021,13,9,710284244835979264,5916,Darrell Henderson,RB,0,1,0
2021,13,10,475399371639222272,4037,Chris Godwin,WR,30.2,1,0
2021,13,10,475399371639222272,167,Tom Brady,QB,29.12,1,0
2021,13,10,475399371639222272,6801,Tee Higgins,WR,28.8,1,0
2021,13,10,475399371639222272,4137,James Conner,RB,19.1,1,0
2021,13,10,475399371639222272,DAL,Dallas Cowboys,DEF,19.0,0,0
2021,13,10,475399371639222272,7561,Elijah Mitchell,RB,17.4,1,0
2021,13,10,475399371639222272,2251,Logan Thomas,TE,13.8,1,0
2021,13,10,475399371639222272,6770,Joe Burrow,QB,13.6,1,0
2021,13,10,475399371639222272,MIA,Miami Dolphins,DEF,13.5,1,0
2021,13,10,475399371639222272,5095,Daniel Carlson,K,11.0,1,0
2021,13,10,475399371639222272,2378,Tevin Coleman,RB,10.7,0,0
2021,13,10,475399371639222272,7611,Rhamondre Stevenson,RB,7.8,0,0
2021,13,10,475399371639222272,7090,Darnell Mooney,WR,7.7,0,0
2021,13,10,475399371639222272,3164,Ezekiel Elliott,RB,6.7,1,0
2021,13,10,475399371639222272,367,Jared Cook,TE,5.9,0,0
2021,13,10,475399371639222272,5045,Courtland Sutton,WR,3.5,0,0
2021,13,10,475399371639222272,5917,Mecole Hardman,WR,2.2,0,0
2021,13,10,475399371639222272,4035,Alvin Kamara,RB,0,0,0
2021,13,10,475399371639222272,4981,Calvin Ridley,WR,0,0,0
2021,14,1,608781531883859968,4984,Josh Allen,QB,34.22,0,1
2021,14,1,608781531883859968,7564,Ja'Marr Chase,WR,25.3,1,1
2021,14,1,608781531883859968,3969,Leonard Fournette,RB,23.2,0,1
2021,14,1,608781531883859968,6794,Justin Jefferson,WR,20.5,1,1
2021,14,1,608781531883859968,1049,Ryan Tannehill,QB,14.54,1,1
2021,14,1,608781531883859968,7553,Kyle Pitts,TE,11.1,0,1
2021,14,1,608781531883859968,SF,San Francisco 49ers,DEF,10.0,1,1
2021,14,1,608781531883859968,6039,Ty Johnson,RB,9.7,1,1
2021,14,1,608781531883859968,6783,Jerry Jeudy,WR,9.7,1,1
2021,14,1,608781531883859968,7042,Tyler Bass,K,9.0,1,1
2021,14,1,608781531883859968,2711,Taylor Heinicke,QB,5.68,1,1
2021,14,1,608781531883859968,4531,Ricky Seals-Jones,TE,1.8,1,1
2021,14,1,608781531883859968,5052,Ronald Jones,RB,0.8,1,1
2021,14,1,608781531883859968,5220,Godwin Igwebuike,RB,0.5,0,1
2021,14,1,608781531883859968,2319,DeVante Parker,WR,0,0,1
2021,14,1,608781531883859968,536,Antonio Brown,WR,0,0,1
2021,14,1,608781531883859968,6813,Jonathan Taylor,RB,0,0,1
2021,14,1,608781531883859968,6819,Michael Pittman,WR,0,0,1
2021,14,1,608781531883859968,7606,Kadarius Toney,WR,0,0,1
2021,14,1,608781531883859968,IND,Indianapolis Colts,DEF,0,0,1
2021,14,2,736077599457026048,5955,Hunter Renfrow,WR,28.7,0,1
2021,14,2,736077599457026048,7528,Najee Harris,RB,25.4,1,1
2021,14,2,736077599457026048,7588,Javonte Williams,RB,21.3,1,1
2021,14,2,736077599457026048,4866,Saquon Barkley,RB,18.5,1,1
2021,14,2,736077599457026048,4046,Patrick Mahomes,QB,17.82,1,1
2021,14,2,736077599457026048,1837,Jimmy Garoppolo,QB,17.14,0,1
2021,14,2,736077599457026048,2152,Teddy Bridgewater,QB,14.66,0,1
2021,14,2,736077599457026048,6786,CeeDee Lamb,WR,14.6,1,1
2021,14,2,736077599457026048,6083,Matt Gay,K,14.0,1,1
2021,14,2,736077599457026048,5872,Deebo Samuel,WR,12.9,1,1
2021,14,2,736077599457026048,NO,New Orleans Saints,DEF,12.5,1,1
2021,14,2,736077599457026048,MIN,Minnesota Vikings,DEF,10.5,0,1
2021,14,2,736077599457026048,4962,Sony Michel,RB,7.9,0,1
2021,14,2,736077599457026048,6945,Antonio Gibson,RB,4.1,1,1
2021,14,2,736077599457026048,TB,Tampa Bay Buccaneers,DEF,3.5,0,1
2021,14,2,736077599457026048,5987,Alexander Mattison,RB,2.7,0,1
2021,14,2,736077599457026048,5001,Dalton Schultz,TE,1.4,1,1
2021,14,2,736077599457026048,5844,T.J. Hockenson,TE,0,0,1
2021,14,2,736077599457026048,5859,A.J. Brown,WR,0,0,1
2021,14,2,736077599457026048,5947,Jakobi Meyers,WR,0,0,1
2021,14,2,736077599457026048,6938,Cam Akers,RB,0,0,1
2021,14,3,737091087440674816,4029,Dalvin Cook,RB,37.2,1,1
2021,14,3,737091087440674816,5012,Mark Andrews,TE,28.5,1,1
2021,14,3,737091087440674816,1234,Russell Wilson,QB,20.2,1,1
2021,14,3,737091087440674816,7571,Rashod Bateman,WR,17.3,0,1
2021,14,3,737091087440674816,4892,Baker Mayfield,QB,15.0,1,1
2021,14,3,737091087440674816,6130,Devin Singletary,RB,14.9,0,1
2021,14,3,737091087440674816,2449,Stefon Diggs,WR,14.4,1,1
2021,14,3,737091087440674816,1535,Cordarrelle Patterson,RB,13.9,1,1
2021,14,3,737091087440674816,4068,Mike Williams,WR,12.1,1,1
2021,14,3,737091087440674816,4666,Younghoe Koo,K,12.0,1,1
2021,14,3,737091087440674816,LAC,Los Angeles Chargers,DEF,11.0,1,1
2021,14,3,737091087440674816,7496,Nick Westbrook-Ikhine,WR,6.1,1,1
2021,14,3,737091087440674816,1110,T.Y. Hilton,WR,0,0,1
2021,14,3,737091087440674816,3161,Carson Wentz,QB,0,0,1
2021,14,3,737091087440674816,5000,Chase Edmonds,RB,0,0,1
2021,14,3,737091087440674816,5022,Dallas Goedert,TE,0,0,1
2021,14,3,737091087440674816,6151,Miles Sanders,RB,0,0,1
2021,14,3,737091087440674816,7525,DeVonta Smith,WR,0,0,1
2021,14,3,737091087440674816,7596,Elijah Moore,WR,0,0,1
2021,14,4,736744257179770880,6797,Justin Herbert,QB,23.9,1,1
2021,14,4,736744257179770880,2216,Mike Evans,WR,21.1,1,1
2021,14,4,736744257179770880,2197,Brandin Cooks,WR,18.1,0,1
2021,14,4,736744257179770880,6886,Chase Claypool,WR,17.5,1,1
2021,14,4,736744257179770880,7591,Justin Fields,QB,17.36,1,1
2021,14,4,736744257179770880,4663,Austin Ekeler,RB,16.4,1,1
2021,14,4,736744257179770880,6853,Van Jefferson,WR,15.8,1,1
2021,14,4,736744257179770880,1264,Justin Tucker,K,15.0,1,1
2021,14,4,736744257179770880,4111,D'Onta Foreman,RB,14.2,0,1
2021,14,4,736744257179770880,2168,Devonta Freeman,RB,12.2,1,1
2021,14,4,736744257179770880,3163,Jared Goff,QB,10.6,0,1
2021,14,4,736744257179770880,1339,Zach Ertz,TE,9.2,1,1
2021,14,4,736744257179770880,CAR,Carolina Panthers,DEF,5.5,1,1
2021,14,4,736744257179770880,4098,Kareem Hunt,RB,3.8,0,1
2021,14,4,736744257179770880,538,Emmanuel Sanders,WR,3.5,0,1
2021,14,4,736744257179770880,3198,Derrick Henry,RB,0,0,1
2021,14,4,736744257179770880,3214,Hunter Henry,TE,0,0,1
2021,14,4,736744257179770880,5347,Nyheim Miller-Hines,RB,0,0,1
2021,14,4,736744257179770880,6904,Jalen Hurts,QB,0,0,1
2021,14,5,716698629934481408,KC,Kansas City Chiefs,DEF,31.0,1,1
2021,14,5,716698629934481408,1144,Cole Beasley,WR,15.4,0,1
2021,14,5,716698629934481408,4983,DJ Moore,WR,14.4,1,1
2021,14,5,716698629934481408,1166,Kirk Cousins,QB,14.04,1,1
2021,14,5,716698629934481408,1348,Dustin Hopkins,K,13.0,1,1
2021,14,5,716698629934481408,5850,Josh Jacobs,RB,10.0,1,1
2021,14,5,716698629934481408,4988,Nick Chubb,RB,9.5,1,1
2021,14,5,716698629934481408,7594,Chuba Hubbard,RB,9.3,1,1
2021,14,5,716698629934481408,5857,Noah Fant,TE,9.1,1,1
2021,14,5,716698629934481408,3294,Dak Prescott,QB,6.94,1,1
2021,14,5,716698629934481408,4351,Tim Patrick,WR,4.1,0,1
2021,14,5,716698629934481408,5536,Dontrell Hilliard,RB,1.3,0,1
2021,14,5,716698629934481408,4455,Matt Breida,RB,1.2,0,1
2021,14,5,716698629934481408,BUF,Buffalo Bills,DEF,0.5,0,1
2021,14,5,716698629934481408,1479,Keenan Allen,WR,0,0,1
2021,14,5,716698629934481408,5927,Terry McLaurin,WR,0,1,1
2021,14,5,716698629934481408,7527,Mac Jones,QB,0,0,1
2021,14,6,736740647758938112,4217,George Kittle,TE,34.1,1,1
2021,14,6,736740647758938112,4039,Cooper Kupp,WR,31.3,1,1
2021,14,6,736740647758938112,96,Aaron Rodgers,QB,27.64,1,1
2021,14,6,736740647758938112,2320,Melvin Gordon,RB,23.1,0,1
2021,14,6,736740647758938112,138,Ben Roethlisberger,QB,21.82,1,1
2021,14,6,736740647758938112,2078,Odell Beckham,WR,19.7,0,1
2021,14,6,736740647758938112,1825,Jarvis Landry,WR,15.1,0,1
2021,14,6,736740647758938112,5892,David Montgomery,RB,14.1,1,1
2021,14,6,736740647758938112,4227,Harrison Butker,K,14.0,1,1
2021,14,6,736740647758938112,DEN,Denver Broncos,DEF,13.5,1,1
2021,14,6,736740647758938112,3321,Tyreek Hill,WR,11.6,1,1
2021,14,6,736740647758938112,515,Rob Gronkowski,TE,11.2,1,1
2021,14,6,736740647758938112,4171,Josh Reynolds,WR,8.2,0,1
2021,14,6,736740647758938112,LAR,Los Angeles Rams,DEF,7.5,0,1
2021,14,6,736740647758938112,SEA,Seattle Seahawks,DEF,7.5,0,1
2021,14,6,736740647758938112,3200,Sterling Shepard,WR,4.7,0,1
2021,14,6,736740647758938112,6955,James Robinson,RB,0.4,1,1
2021,14,6,736740647758938112,2391,David Johnson,RB,0,0,1
2021,14,6,736740647758938112,5870,Daniel Jones,QB,0,0,1
2021,14,6,736740647758938112,5967,Tony Pollard,RB,0,0,1
2021,14,6,736740647758938112,7523,Trevor Lawrence,QB,-0.46,0,1
2021,14,7,735974647736213504,6820,Clyde Edwards-Helaire,RB,19.2,1,1
2021,14,7,735974647736213504,GB,Green Bay Packers,DEF,19.0,1,1
2021,14,7,735974647736213504,6803,Brandon Aiyuk,WR,18.6,0,1
2021,14,7,735974647736213504,5937,Diontae Johnson,WR,15.3,1,1
2021,14,7,735974647736213504,954,Cam Newton,QB,12.32,1,1
2021,14,7,735974647736213504,5272,Greg Joseph,K,11.0,1,1
2021,14,7,735974647736213504,1426,DeAndre Hopkins,WR,10.4,1,1
2021,14,7,735974647736213504,7538,Zach Wilson,QB,9.88,0,1
2021,14,7,735974647736213504,5848,Marquise Brown,WR,9.1,1,1
2021,14,7,735974647736213504,6828,AJ Dillon,RB,7.1,1,1
2021,14,7,735974647736213504,1466,Travis Kelce,TE,5.7,1,1
2021,14,7,735974647736213504,2410,Jamison Crowder,WR,4.9,0,1
2021,14,7,735974647736213504,1992,Allen Robinson,WR,3.4,0,1
2021,14,7,735974647736213504,4881,Lamar Jackson,QB,0.68,1,1
2021,14,7,735974647736213504,4149,Jamaal Williams,RB,0,0,1
2021,14,7,735974647736213504,6790,D'Andre Swift,RB,0,0,1
2021,14,7,735974647736213504,7526,Jaylen Waddle,WR,0,0,1
2021,14,7,735974647736213504,7599,Jermar Jefferson,RB,0,0,1
2021,14,7,735974647736213504,7607,Michael Carter,RB,0,0,1
2021,14,7,735974647736213504,PHI,Philadelphia Eagles,DEF,0,0,1
2021,14,8,736803054736822272,2374,Tyler Lockett,WR,28.2,1,1
2021,14,8,736803054736822272,TEN,Tennessee Titans,DEF,25.0,1,1
2021,14,8,736803054736822272,4381,Taysom Hill,TE,22.8,1,1
2021,14,8,736803054736822272,4199,Aaron Jones,RB,21.5,1,1
2021,14,8,736803054736822272,421,Matthew Stafford,QB,20.98,1,1
2021,14,8,736803054736822272,7066,K.J. Osborn,WR,18.3,0,1
2021,14,8,736803054736822272,5549,Darrel Williams,RB,12.9,1,1
2021,14,8,736803054736822272,7839,Evan McPherson,K,11.0,1,1
2021,14,8,736803054736822272,4089,Gerald Everett,TE,10.8,1,1
2021,14,8,736803054736822272,3225,Tyler Boyd,WR,9.3,0,1
2021,14,8,736803054736822272,2028,Derek Carr,QB,9.02,0,1
2021,14,8,736803054736822272,947,Julio Jones,WR,7.3,1,1
2021,14,8,736803054736822272,5086,Marquez Valdes-Scantling,WR,5.0,1,1
2021,14,8,736803054736822272,ARI,Arizona Cardinals,DEF,4.5,0,1
2021,14,8,736803054736822272,1689,Adam Thielen,WR,0,0,1
2021,14,8,736803054736822272,2505,Darren Waller,TE,0,0,1
2021,14,8,736803054736822272,3664,J.D. McKissic,RB,0,0,1
2021,14,8,736803054736822272,4993,Mike Gesicki,TE,0,0,1
2021,14,8,736803054736822272,5890,Damien Harris,RB,0,0,1
2021,14,8,736803054736822272,5980,Myles Gaskin,RB,0,0,1
2021,14,9,710284244835979264,2133,Davante Adams,WR,34.1,1,1
2021,14,9,710284244835979264,5906,Dawson Knox,TE,19.0,0,1
2021,14,9,710284244835979264,2309,Amari Cooper,WR,16.1,1,1
2021,14,9,710284244835979264,17,Matt Prater,K,16.0,1,1
2021,14,9,710284244835979264,5849,Kyler Murray,QB,14.92,1,1
2021,14,9,710284244835979264,24,Matt Ryan,QB,11.9,1,1
2021,14,9,710284244835979264,4950,Christian Kirk,WR,11.6,0,1
2021,14,9,710284244835979264,7600,Pat Freiermuth,TE,11.2,1,1
2021,14,9,710284244835979264,5038,Michael Gallup,WR,11.0,0,1
2021,14,9,710284244835979264,5110,Russell Gage,WR,10.4,0,1
2021,14,9,710284244835979264,4018,Joe Mixon,RB,8.8,1,1
2021,14,9,710284244835979264,5846,DK Metcalf,WR,8.3,1,1
2021,14,9,710284244835979264,BAL,Baltimore Ravens,DEF,7.5,1,1
2021,14,9,710284244835979264,5284,Jeff Wilson,RB,5.6,1,1
2021,14,9,710284244835979264,3271,Tyler Higbee,TE,0,0,1
2021,14,9,710284244835979264,5916,Darrell Henderson,RB,0,0,1
2021,14,9,710284244835979264,6768,Tua Tagovailoa,QB,0,0,1
2021,14,9,710284244835979264,NE,New England Patriots,DEF,0,0,1
2021,14,10,475399371639222272,4137,James Conner,RB,33.5,1,1
2021,14,10,475399371639222272,167,Tom Brady,QB,29.62,1,1
2021,14,10,475399371639222272,DAL,Dallas Cowboys,DEF,29.5,1,1
2021,14,10,475399371639222272,4035,Alvin Kamara,RB,24.5,1,1
2021,14,10,475399371639222272,4037,Chris Godwin,WR,20.5,1,1
2021,14,10,475399371639222272,6770,Joe Burrow,QB,19.22,1,1
2021,14,10,475399371639222272,6801,Tee Higgins,WR,16.4,1,1
2021,14,10,475399371639222272,3164,Ezekiel Elliott,RB,9.0,1,1
2021,14,10,475399371639222272,367,Jared Cook,TE,8.8,0,1
2021,14,10,475399371639222272,5133,Tyler Conklin,TE,4.0,1,1
2021,14,10,475399371639222272,4131,Kenny Golladay,WR,3.5,0,1
2021,14,10,475399371639222272,7090,Darnell Mooney,WR,2.9,0,1
2021,14,10,475399371639222272,5095,Daniel Carlson,K,2.0,1,1
2021,14,10,475399371639222272,5045,Courtland Sutton,WR,1.9,0,1
2021,14,10,475399371639222272,2378,Tevin Coleman,RB,0,0,1
2021,14,10,475399371639222272,4981,Calvin Ridley,WR,0,0,1
2021,14,10,475399371639222272,7561,Elijah Mitchell,RB,0,0,1
2021,14,10,475399371639222272,7611,Rhamondre Stevenson,RB,0,0,1
2021,14,10,475399371639222272,MIA,Miami Dolphins,DEF,0,0,1
2021,15,1,608781531883859968,6813,Jonathan Taylor,RB,24.0,1,1
2021,15,1,608781531883859968,7547,Amon-Ra St. Brown,WR,23.5,0,1
2021,15,1,608781531883859968,4984,Josh Allen,QB,17.8,1,1
2021,15,1,608781531883859968,IND,Indianapolis Colts,DEF,17.5,0,1
2021,15,1,608781531883859968,2319,DeVante Parker,WR,16.8,0,1
2021,15,1,608781531883859968,2359,Ameer Abdullah,RB,15.5,0,1
2021,15,1,608781531883859968,6794,Justin Jefferson,WR,14.7,1,1
2021,15,1,608781531883859968,3969,Leonard Fournette,RB,13.7,1,1
2021,15,1,608781531883859968,SF,San Francisco 49ers,DEF,13.5,1,1
2021,15,1,608781531883859968,7553,Kyle Pitts,TE,11.7,1,1
2021,15,1,608781531883859968,5052,Ronald Jones,RB,9.1,0,1
2021,15,1,608781531883859968,7042,Tyler Bass,K,7.0,1,1
2021,15,1,608781531883859968,1049,Ryan Tannehill,QB,6.92,1,1
2021,15,1,608781531883859968,4985,Rashaad Penny,RB,6.4,0,1
2021,15,1,608781531883859968,6819,Michael Pittman,WR,1.7,1,1
2021,15,1,608781531883859968,7564,Ja'Marr Chase,WR,1.3,1,1
2021,15,1,608781531883859968,536,Antonio Brown,WR,0,0,1
2021,15,1,608781531883859968,6011,Gardner Minshew,QB,0,0,1
2021,15,1,608781531883859968,6783,Jerry Jeudy,WR,0,0,1
2021,15,1,608781531883859968,7606,Kadarius Toney,WR,0,0,1
2021,15,2,736077599457026048,4046,Patrick Mahomes,QB,30.6,1,1
2021,15,2,736077599457026048,NO,New Orleans Saints,DEF,22.5,0,1
2021,15,2,736077599457026048,5001,Dalton Schultz,TE,20.7,1,1
2021,15,2,736077599457026048,5872,Deebo Samuel,WR,18.9,1,1
2021,15,2,736077599457026048,6945,Antonio Gibson,RB,18.5,1,1
2021,15,2,736077599457026048,4962,Sony Michel,RB,13.5,0,1
2021,15,2,736077599457026048,TB,Tampa Bay Buccaneers,DEF,13.0,1,1
2021,15,2,736077599457026048,1837,Jimmy Garoppolo,QB,12.8,1,1
2021,15,2,736077599457026048,7588,Javonte Williams,RB,12.1,0,1
2021,15,2,736077599457026048,5947,Jakobi Meyers,WR,11.3,0,1
2021,15,2,736077599457026048,6786,CeeDee Lamb,WR,11.0,1,1
2021,15,2,736077599457026048,6083,Matt Gay,K,10.0,1,1
2021,15,2,736077599457026048,4866,Saquon Barkley,RB,9.4,0,1
2021,15,2,736077599457026048,7528,Najee Harris,RB,4.6,1,1
2021,15,2,736077599457026048,5955,Hunter Renfrow,WR,4.2,1,1
2021,15,2,736077599457026048,2152,Teddy Bridgewater,QB,3.92,0,1
2021,15,2,736077599457026048,5844,T.J. Hockenson,TE,0,0,1
2021,15,2,736077599457026048,5859,A.J. Brown,WR,0,0,1
2021,15,2,736077599457026048,5987,Alexander Mattison,RB,0,0,1
2021,15,2,736077599457026048,6938,Cam Akers,RB,0,0,1
2021,15,3,737091087440674816,5012,Mark Andrews,TE,35.6,1,1
2021,15,3,737091087440674816,5022,Dallas Goedert,TE,20.5,0,1
2021,15,3,737091087440674816,6130,Devin Singletary,RB,16.6,0,1
2021,15,3,737091087440674816,6151,Miles Sanders,RB,16.6,1,1
2021,15,3,737091087440674816,2449,Stefon Diggs,WR,13.5,1,1
2021,15,3,737091087440674816,4029,Dalvin Cook,RB,11.1,1,1
2021,15,3,737091087440674816,4666,Younghoe Koo,K,8.0,1,1
2021,15,3,737091087440674816,4068,Mike Williams,WR,7.9,1,1
2021,15,3,737091087440674816,7496,Nick Westbrook-Ikhine,WR,7.2,0,1
2021,15,3,737091087440674816,7525,DeVonta Smith,WR,7.0,0,1
2021,15,3,737091087440674816,3161,Carson Wentz,QB,5.48,1,1
2021,15,3,737091087440674816,5000,Chase Edmonds,RB,5.3,0,1
2021,15,3,737091087440674816,1535,Cordarrelle Patterson,RB,4.3,1,1
2021,15,3,737091087440674816,LAC,Los Angeles Chargers,DEF,3.5,1,1
2021,15,3,737091087440674816,1110,T.Y. Hilton,WR,2.9,0,1
2021,15,3,737091087440674816,1234,Russell Wilson,QB,2.74,1,1
2021,15,3,737091087440674816,7571,Rashod Bateman,WR,1.5,0,1
2021,15,3,737091087440674816,4892,Baker Mayfield,QB,0,0,1
2021,15,3,737091087440674816,7596,Elijah Moore,WR,0,0,1
2021,15,4,736744257179770880,2197,Brandin Cooks,WR,29.2,1,1
2021,15,4,736744257179770880,3214,Hunter Henry,TE,25.7,0,1
2021,15,4,736744257179770880,6904,Jalen Hurts,QB,25.14,1,1
2021,15,4,736744257179770880,6797,Justin Herbert,QB,23.04,0,1
2021,15,4,736744257179770880,4663,Austin Ekeler,RB,18.2,0,1
2021,15,4,736744257179770880,4111,D'Onta Foreman,RB,15.5,1,1
2021,15,4,736744257179770880,7591,Justin Fields,QB,14.9,1,1
2021,15,4,736744257179770880,1339,Zach Ertz,TE,13.4,1,1
2021,15,4,736744257179770880,4089,Gerald Everett,TE,10.0,0,1
2021,15,4,736744257179770880,5347,Nyheim Miller-Hines,RB,7.8,0,1
2021,15,4,736744257179770880,1264,Justin Tucker,K,6.0,1,1
2021,15,4,736744257179770880,LV,Las Vegas Raiders,DEF,6.0,1,1
2021,15,4,736744257179770880,6853,Van Jefferson,WR,5.3,1,1
2021,15,4,736744257179770880,2168,Devonta Freeman,RB,3.4,1,1
2021,15,4,736744257179770880,2216,Mike Evans,WR,2.4,1,1
2021,15,4,736744257179770880,6886,Chase Claypool,WR,1.9,0,1
2021,15,4,736744257179770880,3198,Derrick Henry,RB,0,0,1
2021,15,4,736744257179770880,4098,Kareem Hunt,RB,0,0,1
2021,15,4,736744257179770880,5127,Kyle Allen,QB,0,0,1
2021,15,4,736744257179770880,538,Emmanuel Sanders,WR,0,0,1
2021,15,5,716698629934481408,1479,Keenan Allen,WR,19.8,1,1
2021,15,5,716698629934481408,7527,Mac Jones,QB,17.16,0,1
2021,15,5,716698629934481408,4988,Nick Chubb,RB,16.3,1,1
2021,15,5,716698629934481408,4351,Tim Patrick,WR,13.2,0,1
2021,15,5,716698629934481408,4983,DJ Moore,WR,12.8,0,1
2021,15,5,716698629934481408,5850,Josh Jacobs,RB,12.4,1,1
2021,15,5,716698629934481408,BUF,Buffalo Bills,DEF,11.5,1,1
2021,15,5,716698629934481408,5857,Noah Fant,TE,10.7,1,1
2021,15,5,716698629934481408,5536,Dontrell Hilliard,RB,9.9,0,1
2021,15,5,716698629934481408,3294,Dak Prescott,QB,9.58,1,1
2021,15,5,716698629934481408,1144,Cole Beasley,WR,7.5,1,1
2021,15,5,716698629934481408,1166,Kirk Cousins,QB,7.48,1,1
2021,15,5,716698629934481408,5927,Terry McLaurin,WR,7.1,1,1
2021,15,5,716698629934481408,7594,Chuba Hubbard,RB,5.1,0,1
2021,15,5,716698629934481408,1348,Dustin Hopkins,K,4.0,1,1
2021,15,5,716698629934481408,KC,Kansas City Chiefs,DEF,3.0,0,1
2021,15,5,716698629934481408,4455,Matt Breida,RB,0.1,0,1
2021,15,6,736740647758938112,4039,Cooper Kupp,WR,34.7,1,1
2021,15,6,736740647758938112,3321,Tyreek Hill,WR,32.8,1,1
2021,15,6,736740647758938112,96,Aaron Rodgers,QB,22.32,1,1
2021,15,6,736740647758938112,4171,Josh Reynolds,WR,18.8,0,1
2021,15,6,736740647758938112,6955,James Robinson,RB,17.8,1,1
2021,15,6,736740647758938112,4217,George Kittle,TE,15.3,1,1
2021,15,6,736740647758938112,LAR,Los Angeles Rams,DEF,13.5,1,1
2021,15,6,736740647758938112,5892,David Montgomery,RB,11.3,1,1
2021,15,6,736740647758938112,5967,Tony Pollard,RB,10.7,0,1
2021,15,6,736740647758938112,138,Ben Roethlisberger,QB,10.42,1,1
2021,15,6,736740647758938112,830,A.J. Green,WR,10.4,0,1
2021,15,6,736740647758938112,SEA,Seattle Seahawks,DEF,10.0,0,1
2021,15,6,736740647758938112,4227,Harrison Butker,K,8.0,1,1
2021,15,6,736740647758938112,2320,Melvin Gordon,RB,7.1,0,1
2021,15,6,736740647758938112,515,Rob Gronkowski,TE,4.9,1,1
2021,15,6,736740647758938112,2391,David Johnson,RB,3.7,0,1
2021,15,6,736740647758938112,3200,Sterling Shepard,WR,3.5,0,1
2021,15,6,736740647758938112,2078,Odell Beckham,WR,1.7,0,1
2021,15,6,736740647758938112,1825,Jarvis Landry,WR,0,0,1
2021,15,6,736740647758938112,5870,Daniel Jones,QB,0,0,1
2021,15,7,735974647736213504,1466,Travis Kelce,TE,41.1,1,1
2021,15,7,735974647736213504,7083,Tyler Huntley,QB,35.9,1,1
2021,15,7,735974647736213504,5284,Jeff Wilson,RB,19.9,0,1
2021,15,7,735974647736213504,954,Cam Newton,QB,19.34,0,1
2021,15,7,735974647736213504,5848,Marquise Brown,WR,14.3,1,1
2021,15,7,735974647736213504,6828,AJ Dillon,RB,10.5,1,1
2021,15,7,735974647736213504,5937,Diontae Johnson,WR,9.8,1,1
2021,15,7,735974647736213504,PHI,Philadelphia Eagles,DEF,9.5,1,1
2021,15,7,735974647736213504,2410,Jamison Crowder,WR,9.0,0,1
2021,15,7,735974647736213504,6820,Clyde Edwards-Helaire,RB,9.0,1,1
2021,15,7,735974647736213504,5272,Greg Joseph,K,5.0,0,1
2021,15,7,735974647736213504,650,Nick Folk,K,5.0,1,1
2021,15,7,735974647736213504,6803,Brandon Aiyuk,WR,4.6,1,1
2021,15,7,735974647736213504,7601,Rondale Moore,WR,4.0,0,1
2021,15,7,735974647736213504,7607,Michael Carter,RB,3.0,1,1
2021,15,7,735974647736213504,GB,Green Bay Packers,DEF,1.5,0,1
2021,15,7,735974647736213504,4149,Jamaal Williams,RB,0,0,1
2021,15,7,735974647736213504,4881,Lamar Jackson,QB,0,0,1
2021,15,7,735974647736213504,6790,D'Andre Swift,RB,0,0,1
2021,15,7,735974647736213504,7526,Jaylen Waddle,WR,0,0,1
2021,15,8,736803054736822272,3225,Tyler Boyd,WR,21.6,0,1
2021,15,8,736803054736822272,4199,Aaron Jones,RB,15.0,1,1
2021,15,8,736803054736822272,421,Matthew Stafford,QB,13.46,1,1
2021,15,8,736803054736822272,TEN,Tennessee Titans,DEF,9.5,0,1
2021,15,8,736803054736822272,4993,Mike Gesicki,TE,9.3,1,1
2021,15,8,736803054736822272,2028,Derek Carr,QB,8.64,0,1
2021,15,8,736803054736822272,4381,Taysom Hill,TE,8.46,1,1
2021,15,8,736803054736822272,1266,Greg Zuerlein,K,8.0,1,1
2021,15,8,736803054736822272,ARI,Arizona Cardinals,DEF,7.0,1,1
2021,15,8,736803054736822272,5980,Myles Gaskin,RB,5.4,1,1
2021,15,8,736803054736822272,7066,K.J. Osborn,WR,5.1,1,1
2021,15,8,736803054736822272,5549,Darrel Williams,RB,1.2,1,1
2021,15,8,736803054736822272,1689,Adam Thielen,WR,0,0,1
2021,15,8,736803054736822272,2374,Tyler Lockett,WR,0,0,1
2021,15,8,736803054736822272,2505,Darren Waller,TE,0,0,1
2021,15,8,736803054736822272,3664,J.D. McKissic,RB,0,0,1
2021,15,8,736803054736822272,5890,Damien Harris,RB,0,0,1
2021,15,8,736803054736822272,947,Julio Jones,WR,0,1,1
2021,15,9,710284244835979264,4950,Christian Kirk,WR,24.4,0,1
2021,15,9,710284244835979264,MIN,Minnesota Vikings,DEF,19.0,1,1
2021,15,9,710284244835979264,2133,Davante Adams,WR,16.4,1,1
2021,15,9,710284244835979264,6768,Tua Tagovailoa,QB,12.24,1,1
2021,15,9,710284244835979264,24,Matt Ryan,QB,11.94,0,1
2021,15,9,710284244835979264,5846,DK Metcalf,WR,11.2,1,1
2021,15,9,710284244835979264,5849,Kyler Murray,QB,10.58,1,1
2021,15,9,710284244835979264,5906,Dawson Knox,TE,7.8,1,1
2021,15,9,710284244835979264,7600,Pat Freiermuth,TE,7.7,0,1
2021,15,9,710284244835979264,4018,Joe Mixon,RB,7.0,1,1
2021,15,9,710284244835979264,5038,Michael Gallup,WR,6.2,0,1
2021,15,9,710284244835979264,17,Matt Prater,K,6.0,1,1
2021,15,9,710284244835979264,NE,New England Patriots,DEF,6.0,0,1
2021,15,9,710284244835979264,BAL,Baltimore Ravens,DEF,5.5,0,1
2021,15,9,710284244835979264,5916,Darrell Henderson,RB,4.7,1,1
2021,15,9,710284244835979264,2309,Amari Cooper,WR,2.8,1,1
2021,15,9,710284244835979264,5046,Royce Freeman,RB,0.8,0,1
2021,15,9,710284244835979264,3271,Tyler Higbee,TE,0,0,1
2021,15,10,475399371639222272,DAL,Dallas Cowboys,DEF,19.0,0,1
2021,15,10,475399371639222272,3164,Ezekiel Elliott,RB,16.2,1,1
2021,15,10,475399371639222272,MIA,Miami Dolphins,DEF,15.0,1,1
2021,15,10,475399371639222272,7090,Darnell Mooney,WR,11.6,0,1
2021,15,10,475399371639222272,6770,Joe Burrow,QB,11.28,1,1
2021,15,10,475399371639222272,4037,Chris Godwin,WR,10.9,1,1
2021,15,10,475399371639222272,4137,James Conner,RB,9.0,1,1
2021,15,10,475399371639222272,4131,Kenny Golladay,WR,8.3,0,1
2021,15,10,475399371639222272,367,Jared Cook,TE,6.2,0,1
2021,15,10,475399371639222272,4035,Alvin Kamara,RB,5.1,1,1
2021,15,10,475399371639222272,2378,Tevin Coleman,RB,5.0,0,1
2021,15,10,475399371639222272,6801,Tee Higgins,WR,4.3,1,1
2021,15,10,475399371639222272,7611,Rhamondre Stevenson,RB,4.0,0,1
2021,15,10,475399371639222272,167,Tom Brady,QB,3.26,1,1
2021,15,10,475399371639222272,5045,Courtland Sutton,WR,3.2,0,1
2021,15,10,475399371639222272,5133,Tyler Conklin,TE,1.7,1,1
2021,15,10,475399371639222272,4981,Calvin Ridley,WR,0,0,1
2021,15,10,475399371639222272,7561,Elijah Mitchell,RB,0,0,1
2021,15,10,475399371639222272,391,Ryan Succop,K,-1.0,1,1
2021,16,1,608781531883859968,4984,Josh Allen,QB,31.46,1,1
2021,16,1,608781531883859968,7547,Amon-Ra St. Brown,WR,26.0,1,1
2021,16,1,608781531883859968,536,Antonio Brown,WR,20.1,1,1
2021,16,1,608781531883859968,6794,Justin Jefferson,WR,19.6,1,1
2021,16,1,608781531883859968,4985,Rashaad Penny,RB,19.5,0,1
2021,16,1,608781531883859968,7564,Ja'Marr Chase,WR,19.5,1,1
2021,16,1,608781531883859968,6819,Michael Pittman,WR,16.5,0,1
2021,16,1,608781531883859968,7553,Kyle Pitts,TE,16.2,1,1
2021,16,1,608781531883859968,5052,Ronald Jones,RB,16.1,1,1
2021,16,1,608781531883859968,1049,Ryan Tannehill,QB,12.56,0,1
2021,16,1,608781531883859968,6813,Jonathan Taylor,RB,10.8,1,1
2021,16,1,608781531883859968,6783,Jerry Jeudy,WR,9.0,0,1
2021,16,1,608781531883859968,7042,Tyler Bass,K,9.0,1,1
2021,16,1,608781531883859968,SF,San Francisco 49ers,DEF,8.5,1,1
2021,16,1,608781531883859968,IND,Indianapolis Colts,DEF,4.5,0,1
2021,16,1,608781531883859968,2359,Ameer Abdullah,RB,3.9,0,1
2021,16,1,608781531883859968,2319,DeVante Parker,WR,0,0,1
2021,16,1,608781531883859968,3969,Leonard Fournette,RB,0,0,1
2021,16,2,736077599457026048,5859,A.J. Brown,WR,31.5,0,1
2021,16,2,736077599457026048,5872,Deebo Samuel,WR,26.1,1,1
2021,16,2,736077599457026048,5001,Dalton Schultz,TE,22.2,1,1
2021,16,2,736077599457026048,TB,Tampa Bay Buccaneers,DEF,21.5,1,1
2021,16,2,736077599457026048,4962,Sony Michel,RB,20.5,0,1
2021,16,2,736077599457026048,4046,Patrick Mahomes,QB,20.32,1,1
2021,16,2,736077599457026048,5987,Alexander Mattison,RB,16.0,0,1
2021,16,2,736077599457026048,7528,Najee Harris,RB,16.0,1,1
2021,16,2,736077599457026048,6945,Antonio Gibson,RB,13.8,1,1
2021,16,2,736077599457026048,5955,Hunter Renfrow,WR,13.0,1,1
2021,16,2,736077599457026048,1837,Jimmy Garoppolo,QB,12.68,1,1
2021,16,2,736077599457026048,6083,Matt Gay,K,12.0,1,1
2021,16,2,736077599457026048,5947,Jakobi Meyers,WR,11.9,0,1
2021,16,2,736077599457026048,NO,New Orleans Saints,DEF,11.5,0,1
2021,16,2,736077599457026048,6786,CeeDee Lamb,WR,10.4,1,1
2021,16,2,736077599457026048,7588,Javonte Williams,RB,10.0,0,1
2021,16,2,736077599457026048,4866,Saquon Barkley,RB,3.8,0,1
2021,16,2,736077599457026048,2152,Teddy Bridgewater,QB,0,0,1
2021,16,2,736077599457026048,5844,T.J. Hockenson,TE,0,0,1
2021,16,2,736077599457026048,6938,Cam Akers,RB,0,0,1
2021,16,3,737091087440674816,5000,Chase Edmonds,RB,26.7,0,1
2021,16,3,737091087440674816,5012,Mark Andrews,TE,26.5,1,1
2021,16,3,737091087440674816,2449,Stefon Diggs,WR,21.5,1,1
2021,16,3,737091087440674816,7525,DeVonta Smith,WR,19.0,0,1
2021,16,3,737091087440674816,6130,Devin Singletary,RB,18.8,0,1
2021,16,3,737091087440674816,3161,Carson Wentz,QB,16.4,1,1
2021,16,3,737091087440674816,1234,Russell Wilson,QB,15.54,1,1
2021,16,3,737091087440674816,1110,T.Y. Hilton,WR,15.1,0,1
2021,16,3,737091087440674816,7571,Rashod Bateman,WR,12.6,0,1
2021,16,3,737091087440674816,4666,Younghoe Koo,K,11.0,1,1
2021,16,3,737091087440674816,1535,Cordarrelle Patterson,RB,8.3,1,1
2021,16,3,737091087440674816,4892,Baker Mayfield,QB,7.48,0,1
2021,16,3,737091087440674816,6151,Miles Sanders,RB,5.8,1,1
2021,16,3,737091087440674816,7496,Nick Westbrook-Ikhine,WR,5.8,0,1
2021,16,3,737091087440674816,5022,Dallas Goedert,TE,4.8,0,1
2021,16,3,737091087440674816,4029,Dalvin Cook,RB,0,1,1
2021,16,3,737091087440674816,4068,Mike Williams,WR,0,1,1
2021,16,3,737091087440674816,7596,Elijah Moore,WR,0,0,1
2021,16,3,737091087440674816,LAC,Los Angeles Chargers,DEF,-3.5,1,1
2021,16,4,736744257179770880,5131,Justin Jackson,RB,34.2,1,1
2021,16,4,736744257179770880,6797,Justin Herbert,QB,16.94,1,1
2021,16,4,736744257179770880,6904,Jalen Hurts,QB,15.16,1,1
2021,16,4,736744257179770880,1339,Zach Ertz,TE,13.4,1,1
2021,16,4,736744257179770880,NYJ,New York Jets,DEF,12.0,1,1
2021,16,4,736744257179770880,LV,Las Vegas Raiders,DEF,10.5,0,1
2021,16,4,736744257179770880,2168,Devonta Freeman,RB,10.0,1,1
2021,16,4,736744257179770880,6886,Chase Claypool,WR,8.1,0,1
2021,16,4,736744257179770880,4111,D'Onta Foreman,RB,7.7,1,1
2021,16,4,736744257179770880,5110,Russell Gage,WR,5.9,1,1
2021,16,4,736744257179770880,1264,Justin Tucker,K,3.0,1,1
2021,16,4,736744257179770880,5347,Nyheim Miller-Hines,RB,2.8,0,1
2021,16,4,736744257179770880,3214,Hunter Henry,TE,1.9,0,1
2021,16,4,736744257179770880,6853,Van Jefferson,WR,1.6,1,1
2021,16,4,736744257179770880,2197,Brandin Cooks,WR,0,0,1
2021,16,4,736744257179770880,2216,Mike Evans,WR,0,0,1
2021,16,4,736744257179770880,3198,Derrick Henry,RB,0,0,1
2021,16,4,736744257179770880,4098,Kareem Hunt,RB,0,0,1
2021,16,4,736744257179770880,4663,Austin Ekeler,RB,0,0,1
2021,16,4,736744257179770880,7591,Justin Fields,QB,0,0,1
2021,16,5,716698629934481408,3294,Dak Prescott,QB,29.3,1,1
2021,16,5,716698629934481408,4988,Nick Chubb,RB,27.4,1,1
2021,16,5,716698629934481408,KC,Kansas City Chiefs,DEF,15.0,0,1
2021,16,5,716698629934481408,1166,Kirk Cousins,QB,12.3,1,1
2021,16,5,716698629934481408,1348,Dustin Hopkins,K,12.0,1,1
2021,16,5,716698629934481408,5850,Josh Jacobs,RB,11.4,1,1
2021,16,5,716698629934481408,4983,DJ Moore,WR,10.5,0,1
2021,16,5,716698629934481408,BUF,Buffalo Bills,DEF,9.0,1,1
2021,16,5,716698629934481408,1479,Keenan Allen,WR,7.5,1,1
2021,16,5,716698629934481408,5927,Terry McLaurin,WR,7.0,1,1
2021,16,5,716698629934481408,5857,Noah Fant,TE,6.0,1,1
2021,16,5,716698629934481408,4351,Tim Patrick,WR,3.8,0,1
2021,16,5,716698629934481408,7527,Mac Jones,QB,3.6,0,1
2021,16,5,716698629934481408,5536,Dontrell Hilliard,RB,3.4,0,1
2021,16,5,716698629934481408,7594,Chuba Hubbard,RB,0.9,0,1
2021,16,5,716698629934481408,1144,Cole Beasley,WR,0,1,1
2021,16,5,716698629934481408,4455,Matt Breida,RB,0,0,1
2021,16,6,736740647758938112,5892,David Montgomery,RB,23.6,1,1
2021,16,6,736740647758938112,4039,Cooper Kupp,WR,21.3,1,1
2021,16,6,736740647758938112,96,Aaron Rodgers,QB,19.98,1,1
2021,16,6,736740647758938112,LAR,Los Angeles Rams,DEF,14.5,0,1
2021,16,6,736740647758938112,2078,Odell Beckham,WR,13.7,0,1
2021,16,6,736740647758938112,1825,Jarvis Landry,WR,9.5,0,1
2021,16,6,736740647758938112,4195,Jake Elliott,K,9.0,1,1
2021,16,6,736740647758938112,SEA,Seattle Seahawks,DEF,7.5,1,1
2021,16,6,736740647758938112,5967,Tony Pollard,RB,7.0,0,1
2021,16,6,736740647758938112,4171,Josh Reynolds,WR,5.6,0,1
2021,16,6,736740647758938112,138,Ben Roethlisberger,QB,5.36,1,1
2021,16,6,736740647758938112,830,A.J. Green,WR,4.3,0,1
2021,16,6,736740647758938112,4217,George Kittle,TE,4.1,1,1
2021,16,6,736740647758938112,3321,Tyreek Hill,WR,3.9,1,1
2021,16,6,736740647758938112,515,Rob Gronkowski,TE,3.3,1,1
2021,16,6,736740647758938112,2320,Melvin Gordon,RB,1.0,0,1
2021,16,6,736740647758938112,6955,James Robinson,RB,1.0,1,1
2021,16,6,736740647758938112,2391,David Johnson,RB,0,0,1
2021,16,6,736740647758938112,4227,Harrison Butker,K,0,0,1
2021,16,7,735974647736213504,7526,Jaylen Waddle,WR,25.2,1,1
2021,16,7,735974647736213504,PHI,Philadelphia Eagles,DEF,23.5,1,1
2021,16,7,735974647736213504,260,Josh Johnson,QB,17.16,1,1
2021,16,7,735974647736213504,5937,Diontae Johnson,WR,15.1,1,1
2021,16,7,735974647736213504,5284,Jeff Wilson,RB,14.7,1,1
2021,16,7,735974647736213504,7607,Michael Carter,RB,14.4,1,1
2021,16,7,735974647736213504,6803,Brandon Aiyuk,WR,14.0,0,1
2021,16,7,735974647736213504,GB,Green Bay Packers,DEF,12.0,0,1
2021,16,7,735974647736213504,6820,Clyde Edwards-Helaire,RB,10.1,1,1
2021,16,7,735974647736213504,5848,Marquise Brown,WR,9.4,1,1
2021,16,7,735974647736213504,2460,C.J. Uzomah,TE,8.6,1,1
2021,16,7,735974647736213504,6828,AJ Dillon,RB,8.6,0,1
2021,16,7,735974647736213504,4149,Jamaal Williams,RB,7.7,0,1
2021,16,7,735974647736213504,5095,Daniel Carlson,K,6.0,1,1
2021,16,7,735974647736213504,954,Cam Newton,QB,3.14,0,1
2021,16,7,735974647736213504,1466,Travis Kelce,TE,0,0,1
2021,16,7,735974647736213504,4881,Lamar Jackson,QB,0,0,1
2021,16,7,735974647736213504,6790,D'Andre Swift,RB,0,0,1
2021,16,7,735974647736213504,6943,Gabe Davis,WR,0,0,1
2021,16,8,736803054736822272,5890,Damien Harris,RB,28.3,0,1
2021,16,8,736803054736822272,3225,Tyler Boyd,WR,18.5,0,1
2021,16,8,736803054736822272,7066,K.J. Osborn,WR,17.8,0,1
2021,16,8,736803054736822272,4199,Aaron Jones,RB,13.7,1,1
2021,16,8,736803054736822272,5549,Darrel Williams,RB,11.5,0,1
2021,16,8,736803054736822272,TEN,Tennessee Titans,DEF,10.5,1,1
2021,16,8,736803054736822272,1266,Greg Zuerlein,K,8.0,1,1
2021,16,8,736803054736822272,2028,Derek Carr,QB,7.54,1,1
2021,16,8,736803054736822272,1689,Adam Thielen,WR,7.0,1,1
2021,16,8,736803054736822272,2374,Tyler Lockett,WR,6.0,1,1
2021,16,8,736803054736822272,421,Matthew Stafford,QB,5.68,1,1
2021,16,8,736803054736822272,ARI,Arizona Cardinals,DEF,5.5,0,1
2021,16,8,736803054736822272,4993,Mike Gesicki,TE,5.2,1,1
2021,16,8,736803054736822272,5980,Myles Gaskin,RB,2.6,1,1
2021,16,8,736803054736822272,947,Julio Jones,WR,1.7,1,1
2021,16,8,736803054736822272,2505,Darren Waller,TE,0,0,1
2021,16,8,736803054736822272,3664,J.D. McKissic,RB,0,0,1
2021,16,8,736803054736822272,4381,Taysom Hill,TE,0,0,1
2021,16,9,710284244835979264,2133,Davante Adams,WR,33.4,1,1
2021,16,9,710284244835979264,4018,Joe Mixon,RB,31.5,1,1
2021,16,9,710284244835979264,2309,Amari Cooper,WR,21.5,1,1
2021,16,9,710284244835979264,5849,Kyler Murray,QB,20.4,1,1
2021,16,9,710284244835979264,5846,DK Metcalf,WR,12.1,1,1
2021,16,9,710284244835979264,4950,Christian Kirk,WR,11.8,0,1
2021,16,9,710284244835979264,24,Matt Ryan,QB,11.6,1,1
2021,16,9,710284244835979264,3271,Tyler Higbee,TE,9.1,0,1
2021,16,9,710284244835979264,5906,Dawson Knox,TE,9.1,1,1
2021,16,9,710284244835979264,6768,Tua Tagovailoa,QB,8.02,0,1
2021,16,9,710284244835979264,5038,Michael Gallup,WR,7.3,0,1
2021,16,9,710284244835979264,MIN,Minnesota Vikings,DEF,7.0,0,1
2021,16,9,710284244835979264,5046,Royce Freeman,RB,3.4,0,1
2021,16,9,710284244835979264,5916,Darrell Henderson,RB,1.7,1,1
2021,16,9,710284244835979264,17,Matt Prater,K,1.0,1,1
2021,16,9,710284244835979264,7600,Pat Freiermuth,TE,0,0,1
2021,16,9,710284244835979264,NE,New England Patriots,DEF,-2.0,1,1
2021,16,9,710284244835979264,BAL,Baltimore Ravens,DEF,-5.0,0,1
2021,16,10,475399371639222272,6801,Tee Higgins,WR,43.4,1,1
2021,16,10,475399371639222272,6770,Joe Burrow,QB,38.1,1,1
2021,16,10,475399371639222272,MIA,Miami Dolphins,DEF,30.5,0,1
2021,16,10,475399371639222272,DAL,Dallas Cowboys,DEF,29.5,1,1
2021,16,10,475399371639222272,3164,Ezekiel Elliott,RB,17.2,1,1
2021,16,10,475399371639222272,391,Ryan Succop,K,16.0,1,1
2021,16,10,475399371639222272,167,Tom Brady,QB,14.38,1,1
2021,16,10,475399371639222272,7090,Darnell Mooney,WR,10.9,1,1
2021,16,10,475399371639222272,367,Jared Cook,TE,9.4,0,1
2021,16,10,475399371639222272,5133,Tyler Conklin,TE,8.4,1,1
2021,16,10,475399371639222272,4035,Alvin Kamara,RB,7.9,1,1
2021,16,10,475399371639222272,5045,Courtland Sutton,WR,7.3,0,1
2021,16,10,475399371639222272,2378,Tevin Coleman,RB,7.1,0,1
2021,16,10,475399371639222272,4131,Kenny Golladay,WR,5.2,0,1
2021,16,10,475399371639222272,4037,Chris Godwin,WR,0,0,1
2021,16,10,475399371639222272,4137,James Conner,RB,0,1,1
2021,16,10,475399371639222272,4981,Calvin Ridley,WR,0,0,1
2021,16,10,475399371639222272,7561,Elijah Mitchell,RB,0,0,1
2021,16,10,475399371639222272,7611,Rhamondre Stevenson,RB,0,0,1
2021,17,1,608781531883859968,7564,Ja'Marr Chase,WR,59.6,1,1
2021,17,1,608781531883859968,7547,Amon-Ra St. Brown,WR,35.4,0,1
2021,17,1,608781531883859968,4985,Rashaad Penny,RB,32.5,0,1
2021,17,1,608781531883859968,4984,Josh Allen,QB,20.9,1,1
2021,17,1,608781531883859968,7610,Trey Lance,QB,18.56,1,1
2021,17,1,608781531883859968,6813,Jonathan Taylor,RB,18.4,1,1
2021,17,1,608781531883859968,SF,San Francisco 49ers,DEF,16.5,1,1
2021,17,1,608781531883859968,1049,Ryan Tannehill,QB,12.0,0,1
2021,17,1,608781531883859968,6794,Justin Jefferson,WR,11.8,1,1
2021,17,1,608781531883859968,6819,Michael Pittman,WR,10.7,0,1
2021,17,1,608781531883859968,IND,Indianapolis Colts,DEF,10.5,0,1
2021,17,1,608781531883859968,2359,Ameer Abdullah,RB,9.2,0,1
2021,17,1,608781531883859968,7553,Kyle Pitts,TE,8.9,1,1
2021,17,1,608781531883859968,2319,DeVante Parker,WR,8.6,0,1
2021,17,1,608781531883859968,536,Antonio Brown,WR,5.6,1,1
2021,17,1,608781531883859968,5052,Ronald Jones,RB,3.7,1,1
2021,17,1,608781531883859968,7042,Tyler Bass,K,3.0,1,1
2021,17,1,608781531883859968,3969,Leonard Fournette,RB,0,0,1
2021,17,1,608781531883859968,6783,Jerry Jeudy,WR,0,0,1
2021,17,2,736077599457026048,7528,Najee Harris,RB,29.6,1,1
2021,17,2,736077599457026048,NO,New Orleans Saints,DEF,22.0,0,1
2021,17,2,736077599457026048,4046,Patrick Mahomes,QB,21.36,1,1
2021,17,2,736077599457026048,5947,Jakobi Meyers,WR,21.3,0,1
2021,17,2,736077599457026048,5955,Hunter Renfrow,WR,20.6,1,1
2021,17,2,736077599457026048,4962,Sony Michel,RB,18.9,0,1
2021,17,2,736077599457026048,5872,Deebo Samuel,WR,17.2,1,1
2021,17,2,736077599457026048,5001,Dalton Schultz,TE,11.4,1,1
2021,17,2,736077599457026048,4866,Saquon Barkley,RB,10.2,0,1
2021,17,2,736077599457026048,6786,CeeDee Lamb,WR,8.1,1,1
2021,17,2,736077599457026048,5859,A.J. Brown,WR,6.1,0,1
2021,17,2,736077599457026048,TB,Tampa Bay Buccaneers,DEF,6.0,1,1
2021,17,2,736077599457026048,5987,Alexander Mattison,RB,5.3,0,1
2021,17,2,736077599457026048,7588,Javonte Williams,RB,4.2,0,1
2021,17,2,736077599457026048,6083,Matt Gay,K,1.0,1,1
2021,17,2,736077599457026048,1837,Jimmy Garoppolo,QB,0,1,1
2021,17,2,736077599457026048,2152,Teddy Bridgewater,QB,0,0,1
2021,17,2,736077599457026048,5844,T.J. Hockenson,TE,0,0,1
2021,17,2,736077599457026048,6938,Cam Akers,RB,0,0,1
2021,17,2,736077599457026048,6945,Antonio Gibson,RB,0,1,1
2021,17,3,737091087440674816,1234,Russell Wilson,QB,27.34,1,1
2021,17,3,737091087440674816,6130,Devin Singletary,RB,23.0,0,1
2021,17,3,737091087440674816,4068,Mike Williams,WR,15.3,1,1
2021,17,3,737091087440674816,LAC,Los Angeles Chargers,DEF,15.0,1,1
2021,17,3,737091087440674816,5012,Mark Andrews,TE,14.9,1,1
2021,17,3,737091087440674816,5000,Chase Edmonds,RB,13.2,0,1
2021,17,3,737091087440674816,5022,Dallas Goedert,TE,13.1,0,1
2021,17,3,737091087440674816,7571,Rashod Bateman,WR,12.8,0,1
2021,17,3,737091087440674816,1110,T.Y. Hilton,WR,11.5,0,1
2021,17,3,737091087440674816,3161,Carson Wentz,QB,10.42,1,1
2021,17,3,737091087440674816,2449,Stefon Diggs,WR,9.7,1,1
2021,17,3,737091087440674816,4892,Baker Mayfield,QB,8.5,0,1
2021,17,3,737091087440674816,7525,DeVonta Smith,WR,8.4,0,1
2021,17,3,737091087440674816,1535,Cordarrelle Patterson,RB,7.2,1,1
2021,17,3,737091087440674816,4666,Younghoe Koo,K,7.0,1,1
2021,17,3,737091087440674816,4029,Dalvin Cook,RB,4.3,1,1
2021,17,3,737091087440674816,6151,Miles Sanders,RB,0,1,1
2021,17,3,737091087440674816,7496,Nick Westbrook-Ikhine,WR,0,0,1
2021,17,3,737091087440674816,7596,Elijah Moore,WR,0,0,1
2021,17,4,736744257179770880,4663,Austin Ekeler,RB,20.2,1,1
2021,17,4,736744257179770880,2197,Brandin Cooks,WR,19.6,1,1
2021,17,4,736744257179770880,4111,D'Onta Foreman,RB,19.2,1,1
2021,17,4,736744257179770880,6797,Justin Herbert,QB,17.68,1,1
2021,17,4,736744257179770880,1264,Justin Tucker,K,15.0,1,1
2021,17,4,736744257179770880,2216,Mike Evans,WR,14.7,0,1
2021,17,4,736744257179770880,6904,Jalen Hurts,QB,12.46,1,1
2021,17,4,736744257179770880,1339,Zach Ertz,TE,11.1,1,1
2021,17,4,736744257179770880,6853,Van Jefferson,WR,10.3,1,1
2021,17,4,736744257179770880,CLE,Cleveland Browns,DEF,9.5,1,1
2021,17,4,736744257179770880,5131,Justin Jackson,RB,9.1,0,1
2021,17,4,736744257179770880,2168,Devonta Freeman,RB,8.7,0,1
2021,17,4,736744257179770880,5110,Russell Gage,WR,8.0,0,1
2021,17,4,736744257179770880,3214,Hunter Henry,TE,6.7,0,1
2021,17,4,736744257179770880,5347,Nyheim Miller-Hines,RB,5.8,1,1
2021,17,4,736744257179770880,6886,Chase Claypool,WR,4.7,0,1
2021,17,4,736744257179770880,3198,Derrick Henry,RB,0,0,1
2021,17,4,736744257179770880,4098,Kareem Hunt,RB,0,0,1
2021,17,4,736744257179770880,7591,Justin Fields,QB,0,0,1
2021,17,5,716698629934481408,7527,Mac Jones,QB,22.28,0,1
2021,17,5,716698629934481408,5857,Noah Fant,TE,21.2,1,1
2021,17,5,716698629934481408,3294,Dak Prescott,QB,20.54,1,1
2021,17,5,716698629934481408,5850,Josh Jacobs,RB,18.0,1,1
2021,17,5,716698629934481408,5536,Dontrell Hilliard,RB,16.8,0,1
2021,17,5,716698629934481408,BUF,Buffalo Bills,DEF,16.0,1,1
2021,17,5,716698629934481408,7594,Chuba Hubbard,RB,15.8,0,1
2021,17,5,716698629934481408,1479,Keenan Allen,WR,14.4,1,1
2021,17,5,716698629934481408,5927,Terry McLaurin,WR,13.1,1,1
2021,17,5,716698629934481408,1348,Dustin Hopkins,K,9.0,1,1
2021,17,5,716698629934481408,1144,Cole Beasley,WR,6.2,1,1
2021,17,5,716698629934481408,4983,DJ Moore,WR,5.9,0,1
2021,17,5,716698629934481408,4988,Nick Chubb,RB,5.8,1,1
2021,17,5,716698629934481408,KC,Kansas City Chiefs,DEF,1.5,0,1
2021,17,5,716698629934481408,1166,Kirk Cousins,QB,0,1,1
2021,17,5,716698629934481408,4351,Tim Patrick,WR,0,0,1
2021,17,5,716698629934481408,4455,Matt Breida,RB,0,0,1
2021,17,6,736740647758938112,CHI,Chicago Bears,DEF,28.5,1,1
2021,17,6,736740647758938112,4039,Cooper Kupp,WR,21.5,1,1
2021,17,6,736740647758938112,96,Aaron Rodgers,QB,20.82,1,1
2021,17,6,736740647758938112,5892,David Montgomery,RB,20.1,1,1
2021,17,6,736740647758938112,515,Rob Gronkowski,TE,18.5,1,1
2021,17,6,736740647758938112,LAR,Los Angeles Rams,DEF,17.0,0,1
2021,17,6,736740647758938112,2078,Odell Beckham,WR,14.9,0,1
2021,17,6,736740647758938112,830,A.J. Green,WR,10.4,0,1
2021,17,6,736740647758938112,2320,Melvin Gordon,RB,10.2,0,1
2021,17,6,736740647758938112,3321,Tyreek Hill,WR,10.2,1,1
2021,17,6,736740647758938112,1825,Jarvis Landry,WR,8.9,0,1
2021,17,6,736740647758938112,5967,Tony Pollard,RB,8.8,1,1
2021,17,6,736740647758938112,650,Nick Folk,K,8.0,1,1
2021,17,6,736740647758938112,4227,Harrison Butker,K,7.0,0,1
2021,17,6,736740647758938112,SEA,Seattle Seahawks,DEF,7.0,0,1
2021,17,6,736740647758938112,138,Ben Roethlisberger,QB,4.82,1,1
2021,17,6,736740647758938112,4217,George Kittle,TE,4.5,1,1
2021,17,6,736740647758938112,2391,David Johnson,RB,0,0,1
2021,17,7,735974647736213504,6828,AJ Dillon,RB,22.3,0,1
2021,17,7,735974647736213504,5937,Diontae Johnson,WR,17.1,1,1
2021,17,7,735974647736213504,1466,Travis Kelce,TE,13.4,0,1
2021,17,7,735974647736213504,4149,Jamaal Williams,RB,13.4,0,1
2021,17,7,735974647736213504,5095,Daniel Carlson,K,13.0,0,1
2021,17,7,735974647736213504,6803,Brandon Aiyuk,WR,12.4,0,1
2021,17,7,735974647736213504,GB,Green Bay Packers,DEF,12.0,0,1
2021,17,7,735974647736213504,PHI,Philadelphia Eagles,DEF,8.5,0,1
2021,17,7,735974647736213504,7526,Jaylen Waddle,WR,7.7,1,1
2021,17,7,735974647736213504,7607,Michael Carter,RB,7.3,0,1
2021,17,7,735974647736213504,2460,C.J. Uzomah,TE,7.2,0,1
2021,17,7,735974647736213504,6943,Gabe Davis,WR,7.0,0,1
2021,17,7,735974647736213504,6790,D'Andre Swift,RB,5.9,1,1
2021,17,7,735974647736213504,5848,Marquise Brown,WR,3.8,0,1
2021,17,7,735974647736213504,954,Cam Newton,QB,0.5,0,1
2021,17,7,735974647736213504,260,Josh Johnson,QB,0,0,1
2021,17,7,735974647736213504,4881,Lamar Jackson,QB,0,0,1
2021,17,7,735974647736213504,5284,Jeff Wilson,RB,0,0,1
2021,17,7,735974647736213504,6820,Clyde Edwards-Helaire,RB,0,0,1
2021,17,8,736803054736822272,5549,Darrel Williams,RB,25.7,0,1
2021,17,8,736803054736822272,TEN,Tennessee Titans,DEF,20.0,1,1
2021,17,8,736803054736822272,5890,Damien Harris,RB,17.7,0,1
2021,17,8,736803054736822272,4381,Taysom Hill,TE,16.38,0,1
2021,17,8,736803054736822272,4199,Aaron Jones,RB,15.6,1,1
2021,17,8,736803054736822272,421,Matthew Stafford,QB,14.26,1,1
2021,17,8,736803054736822272,7066,K.J. Osborn,WR,14.0,0,1
2021,17,8,736803054736822272,3225,Tyler Boyd,WR,13.6,0,1
2021,17,8,736803054736822272,2374,Tyler Lockett,WR,12.1,1,1
2021,17,8,736803054736822272,2028,Derek Carr,QB,9.2,1,1
2021,17,8,736803054736822272,4993,Mike Gesicki,TE,9.1,1,1
2021,17,8,736803054736822272,ARI,Arizona Cardinals,DEF,8.5,0,1
2021,17,8,736803054736822272,5980,Myles Gaskin,RB,2.3,1,1
2021,17,8,736803054736822272,1266,Greg Zuerlein,K,1.0,1,1
2021,17,8,736803054736822272,1689,Adam Thielen,WR,0,1,1
2021,17,8,736803054736822272,2505,Darren Waller,TE,0,0,1
2021,17,8,736803054736822272,3664,J.D. McKissic,RB,0,0,1
2021,17,8,736803054736822272,947,Julio Jones,WR,0,1,1
2021,17,9,710284244835979264,5846,DK Metcalf,WR,30.9,1,1
2021,17,9,710284244835979264,2133,Davante Adams,WR,30.6,1,1
2021,17,9,710284244835979264,5849,Kyler Murray,QB,22.92,1,1
2021,17,9,710284244835979264,BAL,Baltimore Ravens,DEF,16.5,0,1
2021,17,9,710284244835979264,NE,New England Patriots,DEF,16.5,1,1
2021,17,9,710284244835979264,4018,Joe Mixon,RB,15.6,1,1
2021,17,9,710284244835979264,17,Matt Prater,K,15.0,1,1
2021,17,9,710284244835979264,4950,Christian Kirk,WR,13.9,0,1
2021,17,9,710284244835979264,3271,Tyler Higbee,TE,12.9,0,1
2021,17,9,710284244835979264,5038,Michael Gallup,WR,12.6,0,1
2021,17,9,710284244835979264,2309,Amari Cooper,WR,10.8,1,1
2021,17,9,710284244835979264,7600,Pat Freiermuth,TE,7.2,0,1
2021,17,9,710284244835979264,24,Matt Ryan,QB,4.08,1,1
2021,17,9,710284244835979264,5046,Royce Freeman,RB,2.5,0,1
2021,17,9,710284244835979264,6768,Tua Tagovailoa,QB,0.3,0,1
2021,17,9,710284244835979264,5906,Dawson Knox,TE,0,1,1
2021,17,9,710284244835979264,5916,Darrell Henderson,RB,0,1,1
2021,17,9,710284244835979264,MIN,Minnesota Vikings,DEF,-5.5,0,1
2021,17,10,475399371639222272,6770,Joe Burrow,QB,34.34,1,1
2021,17,10,475399371639222272,167,Tom Brady,QB,27.4,1,1
2021,17,10,475399371639222272,7611,Rhamondre Stevenson,RB,22.7,0,1
2021,17,10,475399371639222272,4035,Alvin Kamara,RB,21.0,1,1
2021,17,10,475399371639222272,7561,Elijah Mitchell,RB,21.0,1,1
2021,17,10,475399371639222272,7090,Darnell Mooney,WR,19.9,1,1
2021,17,10,475399371639222272,5133,Tyler Conklin,TE,9.7,1,1
2021,17,10,475399371639222272,6801,Tee Higgins,WR,9.2,1,1
2021,17,10,475399371639222272,5045,Courtland Sutton,WR,9.0,0,1
2021,17,10,475399371639222272,391,Ryan Succop,K,8.0,1,1
2021,17,10,475399371639222272,3164,Ezekiel Elliott,RB,4.0,1,1
2021,17,10,475399371639222272,MIA,Miami Dolphins,DEF,3.5,0,1
2021,17,10,475399371639222272,DAL,Dallas Cowboys,DEF,3.0,1,1
2021,17,10,475399371639222272,2378,Tevin Coleman,RB,0,0,1
2021,17,10,475399371639222272,367,Jared Cook,TE,0,0,1
2021,17,10,475399371639222272,4037,Chris Godwin,WR,0,0,1
2021,17,10,475399371639222272,4131,Kenny Golladay,WR,0,0,1
2021,17,10,475399371639222272,4137,James Conner,RB,0,0,1
2021,17,10,475399371639222272,4981,Calvin Ridley,WR,0,0,1
2021,18,1,608781531883859968,1049,Ryan Tannehill,QB,26.78,1,1
2021,18,1,608781531883859968,7547,Amon-Ra St. Brown,WR,26.1,1,1
2021,18,1,608781531883859968,4985,Rashaad Penny,RB,26.0,1,1
2021,18,1,608781531883859968,4984,Josh Allen,QB,23.86,1,1
2021,18,1,608781531883859968,6794,Justin Jefferson,WR,22.1,1,1
2021,18,1,608781531883859968,6819,Michael Pittman,WR,20.4,0,1
2021,18,1,608781531883859968,2359,Ameer Abdullah,RB,17.2,0,1
2021,18,1,608781531883859968,SF,San Francisco 49ers,DEF,13.0,0,1
2021,18,1,608781531883859968,6813,Jonathan Taylor,RB,12.5,1,1
2021,18,1,608781531883859968,7042,Tyler Bass,K,10.0,1,1
2021,18,1,608781531883859968,6783,Jerry Jeudy,WR,5.0,0,1
2021,18,1,608781531883859968,7564,Ja'Marr Chase,WR,4.6,1,1
2021,18,1,608781531883859968,IND,Indianapolis Colts,DEF,4.0,1,1
2021,18,1,608781531883859968,2319,DeVante Parker,WR,3.2,0,1
2021,18,1,608781531883859968,7553,Kyle Pitts,TE,2.8,1,1
2021,18,1,608781531883859968,3969,Leonard Fournette,RB,0,0,1
2021,18,1,608781531883859968,5052,Ronald Jones,RB,0,0,1
2021,18,1,608781531883859968,7610,Trey Lance,QB,0,0,1
2021,18,2,736077599457026048,5872,Deebo Samuel,WR,28.96,1,1
2021,18,2,736077599457026048,4046,Patrick Mahomes,QB,26.2,1,1
2021,18,2,736077599457026048,6945,Antonio Gibson,RB,22.1,1,1
2021,18,2,736077599457026048,5001,Dalton Schultz,TE,17.1,1,1
2021,18,2,736077599457026048,NO,New Orleans Saints,DEF,17.0,0,1
2021,18,2,736077599457026048,5955,Hunter Renfrow,WR,16.9,1,1
2021,18,2,736077599457026048,5859,A.J. Brown,WR,16.8,0,1
2021,18,2,736077599457026048,TB,Tampa Bay Buccaneers,DEF,11.0,1,1
2021,18,2,736077599457026048,1837,Jimmy Garoppolo,QB,10.24,1,1
2021,18,2,736077599457026048,7528,Najee Harris,RB,9.5,1,1
2021,18,2,736077599457026048,5947,Jakobi Meyers,WR,9.0,0,1
2021,18,2,736077599457026048,7588,Javonte Williams,RB,8.4,0,1
2021,18,2,736077599457026048,4866,Saquon Barkley,RB,7.9,0,1
2021,18,2,736077599457026048,6083,Matt Gay,K,7.0,1,1
2021,18,2,736077599457026048,6786,CeeDee Lamb,WR,6.5,1,1
2021,18,2,736077599457026048,4962,Sony Michel,RB,5.9,0,1
2021,18,2,736077599457026048,6938,Cam Akers,RB,4.3,0,1
2021,18,2,736077599457026048,5987,Alexander Mattison,RB,3.1,0,1
2021,18,2,736077599457026048,2152,Teddy Bridgewater,QB,0,0,1
2021,18,2,736077599457026048,5844,T.J. Hockenson,TE,0,0,1
2021,18,3,737091087440674816,4068,Mike Williams,WR,26.9,1,1
2021,18,3,737091087440674816,6130,Devin Singletary,RB,25.2,0,1
2021,18,3,737091087440674816,1234,Russell Wilson,QB,23.52,1,1
2021,18,3,737091087440674816,2449,Stefon Diggs,WR,23.1,1,1
2021,18,3,737091087440674816,7496,Nick Westbrook-Ikhine,WR,17.8,0,1
2021,18,3,737091087440674816,5012,Mark Andrews,TE,16.5,1,1
2021,18,3,737091087440674816,4666,Younghoe Koo,K,11.0,1,1
2021,18,3,737091087440674816,4029,Dalvin Cook,RB,9.2,1,1
2021,18,3,737091087440674816,3161,Carson Wentz,QB,8.1,1,1
2021,18,3,737091087440674816,7525,DeVonta Smith,WR,7.1,0,1
2021,18,3,737091087440674816,1110,T.Y. Hilton,WR,5.9,0,1
2021,18,3,737091087440674816,7571,Rashod Bateman,WR,4.2,0,1
2021,18,3,737091087440674816,LAC,Los Angeles Chargers,DEF,4.0,1,1
2021,18,3,737091087440674816,1535,Cordarrelle Patterson,RB,2.2,1,1
2021,18,3,737091087440674816,4892,Baker Mayfield,QB,0,0,1
2021,18,3,737091087440674816,5000,Chase Edmonds,RB,0,0,1
2021,18,3,737091087440674816,5022,Dallas Goedert,TE,0,0,1
2021,18,3,737091087440674816,6151,Miles Sanders,RB,0,1,1
2021,18,3,737091087440674816,7596,Elijah Moore,WR,0,0,1
2021,18,4,736744257179770880,4663,Austin Ekeler,RB,28.9,1,1
2021,18,4,736744257179770880,5110,Russell Gage,WR,27.6,0,1
2021,18,4,736744257179770880,2216,Mike Evans,WR,26.9,0,1
2021,18,4,736744257179770880,6797,Justin Herbert,QB,26.42,1,1
2021,18,4,736744257179770880,6886,Chase Claypool,WR,18.0,0,1
2021,18,4,736744257179770880,1339,Zach Ertz,TE,15.4,1,1
2021,18,4,736744257179770880,CLE,Cleveland Browns,DEF,14.5,1,1
2021,18,4,736744257179770880,3214,Hunter Henry,TE,13.6,0,1
2021,18,4,736744257179770880,4111,D'Onta Foreman,RB,8.4,1,1
2021,18,4,736744257179770880,1264,Justin Tucker,K,8.0,1,1
2021,18,4,736744257179770880,2197,Brandin Cooks,WR,5.6,1,1
2021,18,4,736744257179770880,6853,Van Jefferson,WR,5.1,1,1
2021,18,4,736744257179770880,2168,Devonta Freeman,RB,4.7,0,1
2021,18,4,736744257179770880,5347,Nyheim Miller-Hines,RB,2.9,1,1
2021,18,4,736744257179770880,5131,Justin Jackson,RB,2.0,0,1
2021,18,4,736744257179770880,3198,Derrick Henry,RB,0,0,1
2021,18,4,736744257179770880,4098,Kareem Hunt,RB,0,0,1
2021,18,4,736744257179770880,6904,Jalen Hurts,QB,0,1,1
2021,18,4,736744257179770880,7591,Justin Fields,QB,0,0,1
2021,18,5,716698629934481408,3294,Dak Prescott,QB,31.3,1,1
2021,18,5,716698629934481408,BUF,Buffalo Bills,DEF,25.0,1,1
2021,18,5,716698629934481408,5850,Josh Jacobs,RB,22.4,1,1
2021,18,5,716698629934481408,1166,Kirk Cousins,QB,19.4,1,1
2021,18,5,716698629934481408,4983,DJ Moore,WR,17.0,0,1
2021,18,5,716698629934481408,4351,Tim Patrick,WR,15.5,0,1
2021,18,5,716698629934481408,7594,Chuba Hubbard,RB,13.6,0,1
2021,18,5,716698629934481408,5927,Terry McLaurin,WR,13.3,1,1
2021,18,5,716698629934481408,KC,Kansas City Chiefs,DEF,12.0,0,1
2021,18,5,716698629934481408,1479,Keenan Allen,WR,11.2,1,1
2021,18,5,716698629934481408,7527,Mac Jones,QB,9.84,0,1
2021,18,5,716698629934481408,4988,Nick Chubb,RB,7.0,1,1
2021,18,5,716698629934481408,5536,Dontrell Hilliard,RB,6.8,0,1
2021,18,5,716698629934481408,1144,Cole Beasley,WR,6.1,1,1
2021,18,5,716698629934481408,1348,Dustin Hopkins,K,6.0,1,1
2021,18,5,716698629934481408,5857,Noah Fant,TE,2.6,1,1
2021,18,5,716698629934481408,4455,Matt Breida,RB,0,0,1
2021,18,6,736740647758938112,4039,Cooper Kupp,WR,26.6,1,1
2021,18,6,736740647758938112,515,Rob Gronkowski,TE,20.7,1,1
2021,18,6,736740647758938112,1825,Jarvis Landry,WR,19.5,0,1
2021,18,6,736740647758938112,2320,Melvin Gordon,RB,16.6,0,1
2021,18,6,736740647758938112,96,Aaron Rodgers,QB,12.72,1,1
2021,18,6,736740647758938112,138,Ben Roethlisberger,QB,11.36,1,1
2021,18,6,736740647758938112,SEA,Seattle Seahawks,DEF,11.0,0,1
2021,18,6,736740647758938112,4227,Harrison Butker,K,10.0,0,1
2021,18,6,736740647758938112,5892,David Montgomery,RB,9.9,1,1
2021,18,6,736740647758938112,CHI,Chicago Bears,DEF,8.5,1,1
2021,18,6,736740647758938112,LAR,Los Angeles Rams,DEF,8.5,0,1
2021,18,6,736740647758938112,650,Nick Folk,K,7.0,1,1
2021,18,6,736740647758938112,2391,David Johnson,RB,6.6,0,1
2021,18,6,736740647758938112,830,A.J. Green,WR,6.3,0,1
2021,18,6,736740647758938112,4217,George Kittle,TE,6.0,1,1
2021,18,6,736740647758938112,2078,Odell Beckham,WR,3.8,0,1
2021,18,6,736740647758938112,3321,Tyreek Hill,WR,1.2,1,1
2021,18,6,736740647758938112,5967,Tony Pollard,RB,0,1,1
2021,18,7,735974647736213504,5095,Daniel Carlson,K,21.0,1,1
2021,18,7,735974647736213504,6803,Brandon Aiyuk,WR,16.7,0,1
2021,18,7,735974647736213504,6790,D'Andre Swift,RB,14.6,0,1
2021,18,7,735974647736213504,7526,Jaylen Waddle,WR,13.7,1,1
2021,18,7,735974647736213504,1466,Travis Kelce,TE,13.4,0,1
2021,18,7,735974647736213504,5937,Diontae Johnson,WR,12.1,1,1
2021,18,7,735974647736213504,6828,AJ Dillon,RB,7.7,0,1
2021,18,7,735974647736213504,6943,Gabe Davis,WR,6.9,0,1
2021,18,7,735974647736213504,4149,Jamaal Williams,RB,6.2,0,1
2021,18,7,735974647736213504,5848,Marquise Brown,WR,5.7,1,1
2021,18,7,735974647736213504,7607,Michael Carter,RB,1.9,1,1
2021,18,7,735974647736213504,2460,C.J. Uzomah,TE,0,1,1
2021,18,7,735974647736213504,260,Josh Johnson,QB,0,1,1
2021,18,7,735974647736213504,4881,Lamar Jackson,QB,0,0,1
2021,18,7,735974647736213504,5284,Jeff Wilson,RB,0,1,1
2021,18,7,735974647736213504,6820,Clyde Edwards-Helaire,RB,0,1,1
2021,18,7,735974647736213504,954,Cam Newton,QB,0,0,1
2021,18,7,735974647736213504,GB,Green Bay Packers,DEF,-3.0,0,1
2021,18,7,735974647736213504,PHI,Philadelphia Eagles,DEF,-4.5,1,1
2021,18,8,736803054736822272,2374,Tyler Lockett,WR,27.0,1,1
2021,18,8,736803054736822272,5890,Damien Harris,RB,17.3,0,1
2021,18,8,736803054736822272,947,Julio Jones,WR,16.8,1,1
2021,18,8,736803054736822272,421,Matthew Stafford,QB,15.02,1,1
2021,18,8,736803054736822272,2028,Derek Carr,QB,12.84,1,1
2021,18,8,736803054736822272,4381,Taysom Hill,TE,10.08,0,1
2021,18,8,736803054736822272,7066,K.J. Osborn,WR,9.1,0,1
2021,18,8,736803054736822272,1266,Greg Zuerlein,K,9.0,1,1
2021,18,8,736803054736822272,5549,Darrel Williams,RB,7.7,0,1
2021,18,8,736803054736822272,ARI,Arizona Cardinals,DEF,7.0,0,1
2021,18,8,736803054736822272,2505,Darren Waller,TE,4.2,0,1
2021,18,8,736803054736822272,4993,Mike Gesicki,TE,4.2,1,1
2021,18,8,736803054736822272,5980,Myles Gaskin,RB,4.0,1,1
2021,18,8,736803054736822272,TEN,Tennessee Titans,DEF,4.0,1,1
2021,18,8,736803054736822272,1689,Adam Thielen,WR,0,1,1
2021,18,8,736803054736822272,3225,Tyler Boyd,WR,0,0,1
2021,18,8,736803054736822272,3664,J.D. McKissic,RB,0,0,1
2021,18,8,736803054736822272,4199,Aaron Jones,RB,0,1,1
2021,18,9,710284244835979264,3271,Tyler Higbee,TE,23.5,0,1
2021,18,9,710284244835979264,MIN,Minnesota Vikings,DEF,19.0,0,1
2021,18,9,710284244835979264,5849,Kyler Murray,QB,15.1,1,1
2021,18,9,710284244835979264,17,Matt Prater,K,13.0,1,1
2021,18,9,710284244835979264,2309,Amari Cooper,WR,12.9,1,1
2021,18,9,710284244835979264,6768,Tua Tagovailoa,QB,11.66,0,1
2021,18,9,710284244835979264,2133,Davante Adams,WR,11.5,1,1
2021,18,9,710284244835979264,7600,Pat Freiermuth,TE,11.3,0,1
2021,18,9,710284244835979264,5846,DK Metcalf,WR,10.8,1,1
2021,18,9,710284244835979264,BAL,Baltimore Ravens,DEF,8.5,0,1
2021,18,9,710284244835979264,24,Matt Ryan,QB,8.34,1,1
2021,18,9,710284244835979264,5906,Dawson Knox,TE,8.3,1,1
2021,18,9,710284244835979264,4950,Christian Kirk,WR,6.3,0,1
2021,18,9,710284244835979264,NE,New England Patriots,DEF,5.5,1,1
2021,18,9,710284244835979264,4018,Joe Mixon,RB,0,1,1
2021,18,9,710284244835979264,5038,Michael Gallup,WR,0,0,1
2021,18,9,710284244835979264,5046,Royce Freeman,RB,0,0,1
2021,18,9,710284244835979264,5916,Darrell Henderson,RB,0,1,1
2021,18,10,475399371639222272,4137,James Conner,RB,27.3,0,1
2021,18,10,475399371639222272,167,Tom Brady,QB,25.04,1,1
2021,18,10,475399371639222272,7090,Darnell Mooney,WR,24.6,1,1
2021,18,10,475399371639222272,MIA,Miami Dolphins,DEF,21.0,0,1
2021,18,10,475399371639222272,4035,Alvin Kamara,RB,18.2,1,1
2021,18,10,475399371639222272,367,Jared Cook,TE,12.0,0,1
2021,18,10,475399371639222272,391,Ryan Succop,K,11.0,1,1
2021,18,10,475399371639222272,3164,Ezekiel Elliott,RB,10.0,1,1
2021,18,10,475399371639222272,7561,Elijah Mitchell,RB,8.5,1,1
2021,18,10,475399371639222272,DAL,Dallas Cowboys,DEF,8.0,1,1
2021,18,10,475399371639222272,4131,Kenny Golladay,WR,5.2,0,1
2021,18,10,475399371639222272,7611,Rhamondre Stevenson,RB,4.6,0,1
2021,18,10,475399371639222272,5045,Courtland Sutton,WR,2.94,0,1
2021,18,10,475399371639222272,5133,Tyler Conklin,TE,2.6,1,1
2021,18,10,475399371639222272,2378,Tevin Coleman,RB,0.6,0,1
2021,18,10,475399371639222272,4037,Chris Godwin,WR,0,0,1
2021,18,10,475399371639222272,4981,Calvin Ridley,WR,0,0,1
2021,18,10,475399371639222272,6770,Joe Burrow,QB,0,1,1
2021,18,10,475399371639222272,6801,Tee Higgins,WR,0,1,1
2022,1,1,608781531883859968,4866,Saquon Barkley,RB,32.9,1,0
2022,1,1,608781531883859968,7564,Ja'Marr Chase,WR,29.4,1,0
2022,1,1,608781531883859968,1466,Travis Kelce,TE,26.6,1,0
2022,1,1,608781531883859968,4881,Lamar Jackson,QB,21.22,1,0
2022,1,1,608781531883859968,1049,Ryan Tannehill,QB,19.34,0,0
2022,1,1,608781531883859968,3969,Leonard Fournette,RB,16.2,1,0
2022,1,1,608781531883859968,5848,Marquise Brown,WR,14.3,1,0
2022,1,1,608781531883859968,7523,Trevor Lawrence,QB,13.4,1,0
2022,1,1,608781531883859968,7596,Elijah Moore,WR,9.9,0,0
2022,1,1,608781531883859968,5095,Daniel Carlson,K,9.0,1,0
2022,1,1,608781531883859968,7543,Travis Etienne,RB,7.5,1,0
2022,1,1,608781531883859968,6803,Brandon Aiyuk,WR,6.7,0,0
2022,1,1,608781531883859968,NO,New Orleans Saints,DEF,3.5,1,0
2022,1,1,608781531883859968,7606,Kadarius Toney,WR,2.3,0,0
2022,1,1,608781531883859968,1426,DeAndre Hopkins,WR,0,0,0
2022,1,1,608781531883859968,8148,Jameson Williams,WR,0,0,0
2022,1,1,608781531883859968,8151,Kenneth Walker,RB,0,0,0
2022,1,2,736077599457026048,3161,Carson Wentz,QB,28.22,0,0
2022,1,2,736077599457026048,5859,A.J. Brown,WR,26.0,1,0
2022,1,2,736077599457026048,7588,Javonte Williams,RB,19.8,1,0
2022,1,2,736077599457026048,1234,Russell Wilson,QB,19.3,1,0
2022,1,2,736077599457026048,6943,Gabe Davis,WR,18.8,1,0
2022,1,2,736077599457026048,4034,Christian McCaffrey,RB,15.7,1,0
2022,1,2,736077599457026048,5872,Deebo Samuel,WR,12.6,1,0
2022,1,2,736077599457026048,5916,Darrell Henderson,RB,12.3,0,0
2022,1,2,736077599457026048,2505,Darren Waller,TE,11.9,1,0
2022,1,2,736077599457026048,8144,Chris Olave,WR,9.1,0,0
2022,1,2,736077599457026048,DEN,Denver Broncos,DEF,9.0,1,0
2022,1,2,736077599457026048,5846,DK Metcalf,WR,8.6,0,0
2022,1,2,736077599457026048,4037,Chris Godwin,WR,6.5,0,0
2022,1,2,736077599457026048,6083,Matt Gay,K,6.0,1,0
2022,1,2,736077599457026048,8129,Dameon Pierce,RB,4.9,0,0
2022,1,2,736077599457026048,96,Aaron Rodgers,QB,3.7,1,0
2022,1,3,737091087440674816,6794,Justin Jefferson,WR,39.9,1,0
2022,1,3,737091087440674816,4098,Kareem Hunt,RB,23.0,0,0
2022,1,3,737091087440674816,2306,Jameis Winston,QB,21.66,1,0
2022,1,3,737091087440674816,1166,Kirk Cousins,QB,19.08,1,0
2022,1,3,737091087440674816,4950,Christian Kirk,WR,18.2,0,0
2022,1,3,737091087440674816,4988,Nick Chubb,RB,15.8,1,0
2022,1,3,737091087440674816,LAC,Los Angeles Chargers,DEF,14.5,1,0
2022,1,3,737091087440674816,5001,Dalton Schultz,TE,13.2,1,0
2022,1,3,737091087440674816,7528,Najee Harris,RB,10.6,1,0
2022,1,3,737091087440674816,5892,David Montgomery,RB,8.0,1,0
2022,1,3,737091087440674816,5890,Damien Harris,RB,7.8,0,0
2022,1,3,737091087440674816,1264,Justin Tucker,K,6.0,1,0
2022,1,3,737091087440674816,2309,Amari Cooper,WR,4.7,0,0
2022,1,3,737091087440674816,4068,Mike Williams,WR,3.0,1,0
2022,1,3,737091087440674816,8160,Kenny Pickett,QB,0,0,0
2022,1,3,737091087440674816,8138,James Cook,RB,-1.8,0,0
2022,1,4,736744257179770880,6797,Justin Herbert,QB,23.76,1,0
2022,1,4,736744257179770880,3199,Michael Thomas,WR,22.7,0,0
2022,1,4,736744257179770880,6820,Clyde Edwards-Helaire,RB,22.4,1,0
2022,1,4,736744257179770880,4018,Joe Mixon,RB,21.5,1,0
2022,1,4,736744257179770880,2197,Brandin Cooks,WR,15.2,1,0
2022,1,4,736744257179770880,7591,Justin Fields,QB,14.64,1,0
2022,1,4,736744257179770880,5045,Courtland Sutton,WR,11.2,1,0
2022,1,4,736744257179770880,5347,Nyheim Miller-Hines,RB,10.4,0,0
2022,1,4,736744257179770880,5012,Mark Andrews,TE,10.2,1,0
2022,1,4,736744257179770880,IND,Indianapolis Colts,DEF,9.25,1,0
2022,1,4,736744257179770880,5850,Josh Jacobs,RB,8.3,0,0
2022,1,4,736744257179770880,6130,Devin Singletary,RB,8.2,0,0
2022,1,4,736744257179770880,8168,Skyy Moore,WR,4.0,0,0
2022,1,4,736744257179770880,7553,Kyle Pitts,TE,3.9,1,0
2022,1,4,736744257179770880,7839,Evan McPherson,K,3.0,1,0
2022,1,4,736744257179770880,1837,Jimmy Garoppolo,QB,0,0,0
2022,1,5,716698629934481408,2449,Stefon Diggs,WR,28.2,1,0
2022,1,5,716698629934481408,2216,Mike Evans,WR,18.1,1,0
2022,1,5,716698629934481408,4149,Jamaal Williams,RB,16.0,0,0
2022,1,5,716698629934481408,3163,Jared Goff,QB,14.5,1,0
2022,1,5,716698629934481408,4227,Harrison Butker,K,9.0,1,0
2022,1,5,716698629934481408,7527,Mac Jones,QB,8.52,0,0
2022,1,5,716698629934481408,4983,DJ Moore,WR,8.0,1,0
2022,1,5,716698629934481408,5844,T.J. Hockenson,TE,7.8,1,0
2022,1,5,716698629934481408,421,Matthew Stafford,QB,7.3,1,0
2022,1,5,716698629934481408,3198,Derrick Henry,RB,7.2,1,0
2022,1,5,716698629934481408,DAL,Dallas Cowboys,DEF,5.0,1,0
2022,1,5,716698629934481408,7561,Elijah Mitchell,RB,4.1,1,0
2022,1,5,716698629934481408,1352,Robert Woods,WR,2.3,0,0
2022,1,5,716698629934481408,8137,George Pickens,WR,1.3,0,0
2022,1,5,716698629934481408,5185,Allen Lazard,WR,0,0,0
2022,1,5,716698629934481408,6806,J.K. Dobbins,RB,0,0,0
2022,1,6,736740647758938112,4039,Cooper Kupp,WR,32.3,1,0
2022,1,6,736740647758938112,6783,Jerry Jeudy,WR,22.2,1,0
2022,1,6,736740647758938112,5849,Kyler Murray,QB,20.62,1,0
2022,1,6,736740647758938112,4137,James Conner,RB,15.5,1,0
2022,1,6,736740647758938112,4892,Baker Mayfield,QB,15.0,1,0
2022,1,6,736740647758938112,6768,Tua Tagovailoa,QB,13.8,0,0
2022,1,6,736740647758938112,1339,Zach Ertz,TE,11.4,0,0
2022,1,6,736740647758938112,4040,JuJu Smith-Schuster,WR,10.9,1,0
2022,1,6,736740647758938112,6886,Chase Claypool,WR,9.4,0,0
2022,1,6,736740647758938112,1433,Brandon McManus,K,9.0,1,0
2022,1,6,736740647758938112,5022,Dallas Goedert,TE,9.0,1,0
2022,1,6,736740647758938112,4035,Alvin Kamara,RB,7.6,1,0
2022,1,6,736740647758938112,2320,Melvin Gordon,RB,7.2,0,0
2022,1,6,736740647758938112,2374,Tyler Lockett,WR,5.8,0,0
2022,1,6,736740647758938112,LAR,Los Angeles Rams,DEF,5.5,1,0
2022,1,6,736740647758938112,7611,Rhamondre Stevenson,RB,4.7,0,0
2022,1,7,735974647736213504,4984,Josh Allen,QB,32.98,1,0
2022,1,7,735974647736213504,6819,Michael Pittman,WR,27.6,1,0
2022,1,7,735974647736213504,6790,D'Andre Swift,RB,27.0,1,0
2022,1,7,735974647736213504,6828,AJ Dillon,RB,20.1,0,0
2022,1,7,735974647736213504,6945,Antonio Gibson,RB,20.0,1,0
2022,1,7,735974647736213504,7526,Jaylen Waddle,WR,18.2,1,0
2022,1,7,735974647736213504,5870,Daniel Jones,QB,17.02,0,0
2022,1,7,735974647736213504,7571,Rashod Bateman,WR,15.4,1,0
2022,1,7,735974647736213504,5272,Greg Joseph,K,13.0,1,0
2022,1,7,735974647736213504,BAL,Baltimore Ravens,DEF,10.75,1,0
2022,1,7,735974647736213504,167,Tom Brady,QB,10.38,1,0
2022,1,7,735974647736213504,8135,Treylon Burks,WR,8.5,0,0
2022,1,7,735974647736213504,8167,Christian Watson,WR,6.1,0,0
2022,1,7,735974647736213504,3164,Ezekiel Elliott,RB,5.9,0,0
2022,1,7,735974647736213504,7090,Darnell Mooney,WR,1.8,0,0
2022,1,7,735974647736213504,4217,George Kittle,TE,0,0,0
2022,1,7,735974647736213504,6126,Irv Smith,TE,0,1,0
2022,1,8,736803054736822272,6813,Jonathan Taylor,RB,28.0,1,0
2022,1,8,736803054736822272,6904,Jalen Hurts,QB,24.72,1,0
2022,1,8,736803054736822272,6151,Miles Sanders,RB,18.5,0,0
2022,1,8,736803054736822272,BUF,Buffalo Bills,DEF,18.25,1,0
2022,1,8,736803054736822272,5927,Terry McLaurin,WR,14.3,1,0
2022,1,8,736803054736822272,24,Matt Ryan,QB,12.78,0,0
2022,1,8,736803054736822272,391,Ryan Succop,K,12.0,1,0
2022,1,8,736803054736822272,2028,Derek Carr,QB,11.8,1,0
2022,1,8,736803054736822272,1479,Keenan Allen,WR,10.6,1,0
2022,1,8,736803054736822272,4199,Aaron Jones,RB,10.6,1,0
2022,1,8,736803054736822272,8121,Romeo Doubs,WR,8.8,0,0
2022,1,8,736803054736822272,5086,Marquez Valdes-Scantling,WR,8.1,0,0
2022,1,8,736803054736822272,5967,Tony Pollard,RB,4.2,0,0
2022,1,8,736803054736822272,5955,Hunter Renfrow,WR,4.1,0,0
2022,1,8,736803054736822272,1992,Allen Robinson,WR,2.2,1,0
2022,1,8,736803054736822272,4993,Mike Gesicki,TE,1.1,1,0
2022,1,9,710284244835979264,4046,Patrick Mahomes,QB,34.4,1,0
2022,1,9,710284244835979264,7547,Amon-Ra St. Brown,WR,20.4,1,0
2022,1,9,710284244835979264,7607,Michael Carter,RB,17.0,0,0
2022,1,9,710284244835979264,4029,Dalvin Cook,RB,13.8,1,0
2022,1,9,710284244835979264,7600,Pat Freiermuth,TE,12.5,0,0
2022,1,9,710284244835979264,8112,Drake London,WR,12.4,0,0
2022,1,9,710284244835979264,5937,Diontae Johnson,WR,11.5,1,0
2022,1,9,710284244835979264,8146,Garrett Wilson,WR,9.2,0,0
2022,1,9,710284244835979264,7610,Trey Lance,QB,8.96,1,0
2022,1,9,710284244835979264,SF,San Francisco 49ers,DEF,8.5,1,0
2022,1,9,710284244835979264,6786,CeeDee Lamb,WR,4.9,1,0
2022,1,9,710284244835979264,5906,Dawson Knox,TE,1.5,1,0
2022,1,9,710284244835979264,17,Matt Prater,K,1.0,1,0
2022,1,9,710284244835979264,4017,Deshaun Watson,QB,0,0,0
2022,1,9,710284244835979264,6938,Cam Akers,RB,0,1,0
2022,1,9,710284244835979264,7525,DeVonta Smith,WR,0,0,0
2022,1,10,475399371639222272,2133,Davante Adams,WR,30.6,1,0
2022,1,10,475399371639222272,1535,Cordarrelle Patterson,RB,23.1,0,0
2022,1,10,475399371639222272,6770,Joe Burrow,QB,17.72,1,0
2022,1,10,475399371639222272,3321,Tyreek Hill,WR,17.0,1,0
2022,1,10,475399371639222272,TB,Tampa Bay Buccaneers,DEF,15.5,1,0
2022,1,10,475399371639222272,947,Julio Jones,WR,11.6,0,0
2022,1,10,475399371639222272,4663,Austin Ekeler,RB,11.2,1,0
2022,1,10,475399371639222272,7567,Kenny Gainwell,RB,11.2,0,0
2022,1,10,475399371639222272,5000,Chase Edmonds,RB,10.5,1,0
2022,1,10,475399371639222272,8155,Breece Hall,RB,10.1,0,0
2022,1,10,475399371639222272,7042,Tyler Bass,K,8.0,1,0
2022,1,10,475399371639222272,4985,Rashaad Penny,RB,7.7,0,0
2022,1,10,475399371639222272,1689,Adam Thielen,WR,6.6,0,0
2022,1,10,475399371639222272,6801,Tee Higgins,WR,4.7,1,0
2022,1,10,475399371639222272,3294,Dak Prescott,QB,4.46,1,0
2022,1,10,475399371639222272,6826,Cole Kmet,TE,0,1,0
2022,1,10,475399371639222272,7538,Zach Wilson,QB,0,0,0
2022,2,1,608781531883859968,4881,Lamar Jackson,QB,44.62,1,0
2022,2,1,608781531883859968,7523,Trevor Lawrence,QB,19.0,1,0
2022,2,1,608781531883859968,5095,Daniel Carlson,K,13.0,1,0
2022,2,1,608781531883859968,5848,Marquise Brown,WR,12.8,1,0
2022,2,1,608781531883859968,4866,Saquon Barkley,RB,11.8,1,0
2022,2,1,608781531883859968,6803,Brandon Aiyuk,WR,11.3,0,0
2022,2,1,608781531883859968,7564,Ja'Marr Chase,WR,10.8,1,0
2022,2,1,608781531883859968,1466,Travis Kelce,TE,10.1,1,0
2022,2,1,608781531883859968,3969,Leonard Fournette,RB,9.4,1,0
2022,2,1,608781531883859968,7543,Travis Etienne,RB,8.3,1,0
2022,2,1,608781531883859968,7596,Elijah Moore,WR,6.5,0,0
2022,2,1,608781531883859968,8151,Kenneth Walker,RB,3.5,0,0
2022,2,1,608781531883859968,CLE,Cleveland Browns,DEF,1.5,1,0
2022,2,1,608781531883859968,1049,Ryan Tannehill,QB,0.88,0,0
2022,2,1,608781531883859968,8136,Rachaad White,RB,0.1,0,0
2022,2,1,608781531883859968,1426,DeAndre Hopkins,WR,0,0,0
2022,2,1,608781531883859968,8148,Jameson Williams,WR,0,0,0
2022,2,2,736077599457026048,3161,Carson Wentz,QB,27.28,0,0
2022,2,2,736077599457026048,4034,Christian McCaffrey,RB,17.3,1,0
2022,2,2,736077599457026048,2505,Darren Waller,TE,17.0,1,0
2022,2,2,736077599457026048,96,Aaron Rodgers,QB,16.36,1,0
2022,2,2,736077599457026048,5872,Deebo Samuel,WR,13.7,1,0
2022,2,2,736077599457026048,5859,A.J. Brown,WR,11.9,1,0
2022,2,2,736077599457026048,DEN,Denver Broncos,DEF,11.75,1,0
2022,2,2,736077599457026048,1234,Russell Wilson,QB,11.06,1,0
2022,2,2,736077599457026048,8144,Chris Olave,WR,11.0,0,0
2022,2,2,736077599457026048,5916,Darrell Henderson,RB,10.7,1,0
2022,2,2,736077599457026048,7588,Javonte Williams,RB,9.5,1,0
2022,2,2,736077599457026048,8129,Dameon Pierce,RB,8.7,0,0
2022,2,2,736077599457026048,5846,DK Metcalf,WR,7.5,0,0
2022,2,2,736077599457026048,6083,Matt Gay,K,7.0,1,0
2022,2,2,736077599457026048,956,Mark Ingram,RB,6.1,0,0
2022,2,2,736077599457026048,4037,Chris Godwin,WR,0,0,0
2022,2,2,736077599457026048,6943,Gabe Davis,WR,0,0,0
2022,2,3,737091087440674816,4988,Nick Chubb,RB,32.3,1,0
2022,2,3,737091087440674816,4068,Mike Williams,WR,25.8,1,0
2022,2,3,737091087440674816,4950,Christian Kirk,WR,25.8,1,0
2022,2,3,737091087440674816,2309,Amari Cooper,WR,25.6,0,0
2022,2,3,737091087440674816,5892,David Montgomery,RB,16.1,0,0
2022,2,3,737091087440674816,7528,Najee Harris,RB,13.9,1,0
2022,2,3,737091087440674816,6794,Justin Jefferson,WR,10.8,1,0
2022,2,3,737091087440674816,1264,Justin Tucker,K,10.0,1,0
2022,2,3,737091087440674816,4098,Kareem Hunt,RB,9.4,0,0
2022,2,3,737091087440674816,1166,Kirk Cousins,QB,8.34,1,0
2022,2,3,737091087440674816,2306,Jameis Winston,QB,7.14,1,0
2022,2,3,737091087440674816,8138,James Cook,RB,5.3,0,0
2022,2,3,737091087440674816,LAC,Los Angeles Chargers,DEF,2.25,1,0
2022,2,3,737091087440674816,5001,Dalton Schultz,TE,1.8,1,0
2022,2,3,737091087440674816,4951,DJ Chark,WR,0,0,0
2022,2,3,737091087440674816,8160,Kenny Pickett,QB,0,0,0
2022,2,4,736744257179770880,5012,Mark Andrews,TE,26.2,1,0
2022,2,4,736744257179770880,6797,Justin Herbert,QB,23.96,1,0
2022,2,4,736744257179770880,5045,Courtland Sutton,WR,20.2,1,0
2022,2,4,736744257179770880,3199,Michael Thomas,WR,18.5,1,0
2022,2,4,736744257179770880,1837,Jimmy Garoppolo,QB,16.66,0,0
2022,2,4,736744257179770880,6820,Clyde Edwards-Helaire,RB,15.8,1,0
2022,2,4,736744257179770880,7839,Evan McPherson,K,13.0,1,0
2022,2,4,736744257179770880,4018,Joe Mixon,RB,11.3,1,0
2022,2,4,736744257179770880,2197,Brandin Cooks,WR,9.4,1,0
2022,2,4,736744257179770880,5850,Josh Jacobs,RB,9.1,0,0
2022,2,4,736744257179770880,7591,Justin Fields,QB,7.8,1,0
2022,2,4,736744257179770880,5347,Nyheim Miller-Hines,RB,7.7,0,0
2022,2,4,736744257179770880,6130,Devin Singletary,RB,4.1,0,0
2022,2,4,736744257179770880,7553,Kyle Pitts,TE,3.9,0,0
2022,2,4,736744257179770880,IND,Indianapolis Colts,DEF,3.0,1,0
2022,2,4,736744257179770880,8168,Skyy Moore,WR,0,0,0
2022,2,5,716698629934481408,2449,Stefon Diggs,WR,45.8,1,0
2022,2,5,716698629934481408,3163,Jared Goff,QB,26.04,1,0
2022,2,5,716698629934481408,421,Matthew Stafford,QB,19.38,1,0
2022,2,5,716698629934481408,6955,James Robinson,RB,15.8,1,0
2022,2,5,716698629934481408,4983,DJ Moore,WR,13.3,1,0
2022,2,5,716698629934481408,7527,Mac Jones,QB,12.68,0,0
2022,2,5,716698629934481408,DAL,Dallas Cowboys,DEF,9.5,1,0
2022,2,5,716698629934481408,5185,Allen Lazard,WR,9.3,0,0
2022,2,5,716698629934481408,2216,Mike Evans,WR,9.1,1,0
2022,2,5,716698629934481408,3198,Derrick Henry,RB,8.5,1,0
2022,2,5,716698629934481408,1352,Robert Woods,WR,7.9,0,0
2022,2,5,716698629934481408,4149,Jamaal Williams,RB,7.0,0,0
2022,2,5,716698629934481408,5844,T.J. Hockenson,TE,5.6,1,0
2022,2,5,716698629934481408,8137,George Pickens,WR,3.3,0,0
2022,2,5,716698629934481408,4195,Jake Elliott,K,3.0,1,0
2022,2,5,716698629934481408,6806,J.K. Dobbins,RB,0,0,0
2022,2,5,716698629934481408,7561,Elijah Mitchell,RB,0,0,0
2022,2,6,736740647758938112,6768,Tua Tagovailoa,QB,41.36,1,0
2022,2,6,736740647758938112,4039,Cooper Kupp,WR,32.3,1,0
2022,2,6,736740647758938112,5849,Kyler Murray,QB,26.38,1,0
2022,2,6,736740647758938112,2374,Tyler Lockett,WR,20.2,0,0
2022,2,6,736740647758938112,1339,Zach Ertz,TE,15.5,0,0
2022,2,6,736740647758938112,5022,Dallas Goedert,TE,13.2,1,0
2022,2,6,736740647758938112,4892,Baker Mayfield,QB,12.3,0,0
2022,2,6,736740647758938112,1433,Brandon McManus,K,12.0,1,0
2022,2,6,736740647758938112,LAR,Los Angeles Rams,DEF,11.75,1,0
2022,2,6,736740647758938112,4137,James Conner,RB,7.1,1,0
2022,2,6,736740647758938112,6886,Chase Claypool,WR,6.6,0,0
2022,2,6,736740647758938112,2320,Melvin Gordon,RB,6.3,1,0
2022,2,6,736740647758938112,7611,Rhamondre Stevenson,RB,6.1,0,0
2022,2,6,736740647758938112,4040,JuJu Smith-Schuster,WR,4.0,1,0
2022,2,6,736740647758938112,6783,Jerry Jeudy,WR,2.2,1,0
2022,2,6,736740647758938112,4035,Alvin Kamara,RB,0,0,0
2022,2,7,735974647736213504,7526,Jaylen Waddle,WR,40.6,1,0
2022,2,7,735974647736213504,4984,Josh Allen,QB,30.18,1,0
2022,2,7,735974647736213504,4082,Curtis Samuel,WR,22.9,1,0
2022,2,7,735974647736213504,7571,Rashod Bateman,WR,22.8,1,0
2022,2,7,735974647736213504,6790,D'Andre Swift,RB,16.7,1,0
2022,2,7,735974647736213504,5870,Daniel Jones,QB,13.14,0,0
2022,2,7,735974647736213504,6945,Antonio Gibson,RB,12.1,1,0
2022,2,7,735974647736213504,167,Tom Brady,QB,9.4,1,0
2022,2,7,735974647736213504,8135,Treylon Burks,WR,8.7,0,0
2022,2,7,735974647736213504,6828,AJ Dillon,RB,7.7,0,0
2022,2,7,735974647736213504,3164,Ezekiel Elliott,RB,5.9,0,0
2022,2,7,735974647736213504,8167,Christian Watson,WR,3.9,0,0
2022,2,7,735974647736213504,BAL,Baltimore Ravens,DEF,1.75,1,0
2022,2,7,735974647736213504,4381,Taysom Hill,TE,1.4,1,0
2022,2,7,735974647736213504,5272,Greg Joseph,K,1.0,1,0
2022,2,7,735974647736213504,4217,George Kittle,TE,0,0,0
2022,2,7,735974647736213504,6819,Michael Pittman,WR,0,0,0
2022,2,8,736803054736822272,6904,Jalen Hurts,QB,33.52,1,0
2022,2,8,736803054736822272,4199,Aaron Jones,RB,32.5,1,0
2022,2,8,736803054736822272,BUF,Buffalo Bills,DEF,22.0,1,0
2022,2,8,736803054736822272,5967,Tony Pollard,RB,19.8,0,0
2022,2,8,736803054736822272,2028,Derek Carr,QB,19.48,1,0
2022,2,8,736803054736822272,1992,Allen Robinson,WR,15.3,1,0
2022,2,8,736803054736822272,4089,Gerald Everett,TE,13.1,1,0
2022,2,8,736803054736822272,5927,Terry McLaurin,WR,12.2,1,0
2022,2,8,736803054736822272,6151,Miles Sanders,RB,11.6,0,0
2022,2,8,736803054736822272,391,Ryan Succop,K,10.0,1,0
2022,2,8,736803054736822272,5955,Hunter Renfrow,WR,9.9,1,0
2022,2,8,736803054736822272,6813,Jonathan Taylor,RB,7.3,1,0
2022,2,8,736803054736822272,1825,Jarvis Landry,WR,6.5,0,0
2022,2,8,736803054736822272,3225,Tyler Boyd,WR,5.7,0,0
2022,2,8,736803054736822272,8121,Romeo Doubs,WR,4.7,0,0
2022,2,8,736803054736822272,24,Matt Ryan,QB,0.8,0,0
2022,2,8,736803054736822272,1479,Keenan Allen,WR,0,0,0
2022,2,9,710284244835979264,7547,Amon-Ra St. Brown,WR,39.9,1,0
2022,2,9,710284244835979264,8146,Garrett Wilson,WR,30.5,0,0
2022,2,9,710284244835979264,8112,Drake London,WR,24.6,0,0
2022,2,9,710284244835979264,4046,Patrick Mahomes,QB,17.3,1,0
2022,2,9,710284244835979264,6786,CeeDee Lamb,WR,15.1,1,0
2022,2,9,710284244835979264,7525,DeVonta Smith,WR,15.0,0,0
2022,2,9,710284244835979264,5937,Diontae Johnson,WR,13.7,1,0
2022,2,9,710284244835979264,SF,San Francisco 49ers,DEF,13.0,1,0
2022,2,9,710284244835979264,5284,Jeff Wilson,RB,12.3,0,0
2022,2,9,710284244835979264,7607,Michael Carter,RB,10.0,1,0
2022,2,9,710284244835979264,6938,Cam Akers,RB,8.2,0,0
2022,2,9,710284244835979264,5906,Dawson Knox,TE,8.1,1,0
2022,2,9,710284244835979264,4029,Dalvin Cook,RB,7.6,1,0
2022,2,9,710284244835979264,7610,Trey Lance,QB,2.5,1,0
2022,2,9,710284244835979264,17,Matt Prater,K,1.0,1,0
2022,2,9,710284244835979264,4017,Deshaun Watson,QB,0,0,0
2022,2,10,475399371639222272,3321,Tyreek Hill,WR,44.5,1,0
2022,2,10,475399371639222272,TB,Tampa Bay Buccaneers,DEF,26.0,1,0
2022,2,10,475399371639222272,6801,Tee Higgins,WR,19.1,0,0
2022,2,10,475399371639222272,4663,Austin Ekeler,RB,18.4,1,0
2022,2,10,475399371639222272,6770,Joe Burrow,QB,15.56,1,0
2022,2,10,475399371639222272,2307,Marcus Mariota,QB,13.44,1,0
2022,2,10,475399371639222272,8155,Breece Hall,RB,13.0,0,0
2022,2,10,475399371639222272,7600,Pat Freiermuth,TE,12.2,1,0
2022,2,10,475399371639222272,7042,Tyler Bass,K,12.0,1,0
2022,2,10,475399371639222272,1689,Adam Thielen,WR,9.2,0,0
2022,2,10,475399371639222272,2133,Davante Adams,WR,9.2,1,0
2022,2,10,475399371639222272,5000,Chase Edmonds,RB,5.1,1,0
2022,2,10,475399371639222272,1535,Cordarrelle Patterson,RB,4.1,1,0
2022,2,10,475399371639222272,7567,Kenny Gainwell,RB,2.8,0,0
2022,2,10,475399371639222272,4985,Rashaad Penny,RB,1.5,0,0
2022,2,10,475399371639222272,3294,Dak Prescott,QB,0,0,0
2022,2,10,475399371639222272,947,Julio Jones,WR,0,0,0
2022,3,1,608781531883859968,4881,Lamar Jackson,QB,39.92,1,0
2022,3,1,608781531883859968,5848,Marquise Brown,WR,28.5,1,0
2022,3,1,608781531883859968,7523,Trevor Lawrence,QB,25.68,0,0
2022,3,1,608781531883859968,4866,Saquon Barkley,RB,22.6,1,0
2022,3,1,608781531883859968,1466,Travis Kelce,TE,17.9,1,0
2022,3,1,608781531883859968,1049,Ryan Tannehill,QB,17.76,1,0
2022,3,1,608781531883859968,6803,Brandon Aiyuk,WR,12.9,1,0
2022,3,1,608781531883859968,7564,Ja'Marr Chase,WR,12.7,1,0
2022,3,1,608781531883859968,3969,Leonard Fournette,RB,12.0,1,0
2022,3,1,608781531883859968,CLE,Cleveland Browns,DEF,11.25,1,0
2022,3,1,608781531883859968,7543,Travis Etienne,RB,10.5,0,0
2022,3,1,608781531883859968,5095,Daniel Carlson,K,10.0,1,0
2022,3,1,608781531883859968,7596,Elijah Moore,WR,8.9,0,0
2022,3,1,608781531883859968,8151,Kenneth Walker,RB,6.3,0,0
2022,3,1,608781531883859968,8119,Jahan Dotson,WR,3.0,0,0
2022,3,1,608781531883859968,1426,DeAndre Hopkins,WR,0,0,0
2022,3,1,608781531883859968,8148,Jameson Williams,WR,0,0,0
2022,3,2,736077599457026048,8144,Chris Olave,WR,24.2,0,0
2022,3,2,736077599457026048,5859,A.J. Brown,WR,19.5,1,0
2022,3,2,736077599457026048,5846,DK Metcalf,WR,17.4,0,0
2022,3,2,736077599457026048,96,Aaron Rodgers,QB,16.6,0,0
2022,3,2,736077599457026048,8129,Dameon Pierce,RB,16.1,0,0
2022,3,2,736077599457026048,4034,Christian McCaffrey,RB,14.0,1,0
2022,3,2,736077599457026048,5872,Deebo Samuel,WR,12.9,1,0
2022,3,2,736077599457026048,1234,Russell Wilson,QB,9.06,1,0
2022,3,2,736077599457026048,6083,Matt Gay,K,9.0,1,0
2022,3,2,736077599457026048,7588,Javonte Williams,RB,9.0,1,0
2022,3,2,736077599457026048,3161,Carson Wentz,QB,8.14,1,0
2022,3,2,736077599457026048,NO,New Orleans Saints,DEF,7.75,1,0
2022,3,2,736077599457026048,6943,Gabe Davis,WR,6.7,1,0
2022,3,2,736077599457026048,2505,Darren Waller,TE,5.2,1,0
2022,3,2,736077599457026048,4066,Evan Engram,TE,3.9,0,0
2022,3,2,736077599457026048,5916,Darrell Henderson,RB,1.7,0,0
2022,3,2,736077599457026048,4037,Chris Godwin,WR,0,0,0
2022,3,3,737091087440674816,2309,Amari Cooper,WR,23.6,0,0
2022,3,3,737091087440674816,4950,Christian Kirk,WR,19.2,1,0
2022,3,3,737091087440674816,1166,Kirk Cousins,QB,18.3,1,0
2022,3,3,737091087440674816,4988,Nick Chubb,RB,17.8,1,0
2022,3,3,737091087440674816,2306,Jameis Winston,QB,13.12,1,0
2022,3,3,737091087440674816,7528,Najee Harris,RB,13.1,1,0
2022,3,3,737091087440674816,5844,T.J. Hockenson,TE,10.8,1,0
2022,3,3,737091087440674816,4098,Kareem Hunt,RB,9.1,0,0
2022,3,3,737091087440674816,4068,Mike Williams,WR,8.5,1,0
2022,3,3,737091087440674816,1264,Justin Tucker,K,8.0,1,0
2022,3,3,737091087440674816,8138,James Cook,RB,8.0,0,0
2022,3,3,737091087440674816,6794,Justin Jefferson,WR,4.4,1,0
2022,3,3,737091087440674816,5892,David Montgomery,RB,1.1,0,0
2022,3,3,737091087440674816,5001,Dalton Schultz,TE,0,0,0
2022,3,3,737091087440674816,8160,Kenny Pickett,QB,0,0,0
2022,3,3,737091087440674816,LAC,Los Angeles Chargers,DEF,-6.0,1,0
2022,3,4,736744257179770880,5012,Mark Andrews,TE,28.9,1,0
2022,3,4,736744257179770880,6130,Devin Singletary,RB,24.1,0,0
2022,3,4,736744257179770880,5045,Courtland Sutton,WR,17.7,1,0
2022,3,4,736744257179770880,6820,Clyde Edwards-Helaire,RB,14.9,1,0
2022,3,4,736744257179770880,5850,Josh Jacobs,RB,13.7,0,0
2022,3,4,736744257179770880,7553,Kyle Pitts,TE,13.7,0,0
2022,3,4,736744257179770880,6797,Justin Herbert,QB,13.08,1,0
2022,3,4,736744257179770880,3199,Michael Thomas,WR,9.9,1,0
2022,3,4,736744257179770880,1837,Jimmy Garoppolo,QB,8.44,0,0
2022,3,4,736744257179770880,CHI,Chicago Bears,DEF,8.25,1,0
2022,3,4,736744257179770880,5347,Nyheim Miller-Hines,RB,8.0,0,0
2022,3,4,736744257179770880,7839,Evan McPherson,K,7.0,1,0
2022,3,4,736744257179770880,4018,Joe Mixon,RB,6.8,1,0
2022,3,4,736744257179770880,2197,Brandin Cooks,WR,4.2,1,0
2022,3,4,736744257179770880,7591,Justin Fields,QB,2.94,1,0
2022,3,4,736744257179770880,8168,Skyy Moore,WR,-2.0,0,0
2022,3,5,716698629934481408,3198,Derrick Henry,RB,25.3,1,0
2022,3,5,716698629934481408,4149,Jamaal Williams,RB,24.7,0,0
2022,3,5,716698629934481408,6955,James Robinson,RB,22.6,1,0
2022,3,5,716698629934481408,5970,Greg Dortch,WR,17.0,0,0
2022,3,5,716698629934481408,7527,Mac Jones,QB,15.94,0,0
2022,3,5,716698629934481408,5185,Allen Lazard,WR,14.5,1,0
2022,3,5,716698629934481408,2449,Stefon Diggs,WR,14.4,1,0
2022,3,5,716698629934481408,3163,Jared Goff,QB,14.38,1,0
2022,3,5,716698629934481408,DAL,Dallas Cowboys,DEF,10.75,1,0
2022,3,5,716698629934481408,421,Matthew Stafford,QB,10.16,1,0
2022,3,5,716698629934481408,3271,Tyler Higbee,TE,10.1,1,0
2022,3,5,716698629934481408,8137,George Pickens,WR,6.9,0,0
2022,3,5,716698629934481408,4195,Jake Elliott,K,6.0,1,0
2022,3,5,716698629934481408,6806,J.K. Dobbins,RB,6.0,0,0
2022,3,5,716698629934481408,4983,DJ Moore,WR,2.5,1,0
2022,3,5,716698629934481408,2216,Mike Evans,WR,0,0,0
2022,3,5,716698629934481408,7561,Elijah Mitchell,RB,0,0,0
2022,3,6,736740647758938112,2374,Tyler Lockett,WR,16.6,1,0
2022,3,6,736740647758938112,4039,Cooper Kupp,WR,16.4,1,0
2022,3,6,736740647758938112,2320,Melvin Gordon,RB,14.5,0,0
2022,3,6,736740647758938112,4040,JuJu Smith-Schuster,WR,13.9,1,0
2022,3,6,736740647758938112,5849,Kyler Murray,QB,12.86,1,0
2022,3,6,736740647758938112,5890,Damien Harris,RB,12.6,1,0
2022,3,6,736740647758938112,4892,Baker Mayfield,QB,11.7,0,0
2022,3,6,736740647758938112,5022,Dallas Goedert,TE,11.6,1,0
2022,3,6,736740647758938112,6768,Tua Tagovailoa,QB,11.44,1,0
2022,3,6,736740647758938112,1339,Zach Ertz,TE,10.5,0,0
2022,3,6,736740647758938112,4137,James Conner,RB,8.7,0,0
2022,3,6,736740647758938112,6886,Chase Claypool,WR,7.6,0,0
2022,3,6,736740647758938112,4035,Alvin Kamara,RB,7.3,1,0
2022,3,6,736740647758938112,LAR,Los Angeles Rams,DEF,6.0,1,0
2022,3,6,736740647758938112,6783,Jerry Jeudy,WR,3.7,0,0
2022,3,6,736740647758938112,1433,Brandon McManus,K,3.0,1,0
2022,3,7,735974647736213504,4984,Josh Allen,QB,26.2,1,0
2022,3,7,735974647736213504,PHI,Philadelphia Eagles,DEF,19.25,1,0
2022,3,7,735974647736213504,7526,Jaylen Waddle,WR,15.6,1,0
2022,3,7,735974647736213504,167,Tom Brady,QB,15.24,1,0
2022,3,7,735974647736213504,6819,Michael Pittman,WR,15.2,1,0
2022,3,7,735974647736213504,3164,Ezekiel Elliott,RB,14.5,0,0
2022,3,7,735974647736213504,5870,Daniel Jones,QB,13.74,0,0
2022,3,7,735974647736213504,4082,Curtis Samuel,WR,13.1,0,0
2022,3,7,735974647736213504,6945,Antonio Gibson,RB,11.0,1,0
2022,3,7,735974647736213504,BAL,Baltimore Ravens,DEF,8.75,0,0
2022,3,7,735974647736213504,6790,D'Andre Swift,RB,7.6,1,0
2022,3,7,735974647736213504,4217,George Kittle,TE,6.8,1,0
2022,3,7,735974647736213504,7571,Rashod Bateman,WR,5.9,1,0
2022,3,7,735974647736213504,6828,AJ Dillon,RB,5.8,0,0
2022,3,7,735974647736213504,8135,Treylon Burks,WR,3.1,0,0
2022,3,7,735974647736213504,5272,Greg Joseph,K,0,1,0
2022,3,8,736803054736822272,6904,Jalen Hurts,QB,27.6,1,0
2022,3,8,736803054736822272,3225,Tyler Boyd,WR,22.5,0,0
2022,3,8,736803054736822272,2028,Derek Carr,QB,20.32,1,0
2022,3,8,736803054736822272,8121,Romeo Doubs,WR,20.3,0,0
2022,3,8,736803054736822272,5927,Terry McLaurin,WR,16.7,1,0
2022,3,8,736803054736822272,24,Matt Ryan,QB,14.78,0,0
2022,3,8,736803054736822272,6813,Jonathan Taylor,RB,12.1,1,0
2022,3,8,736803054736822272,5967,Tony Pollard,RB,11.0,0,0
2022,3,8,736803054736822272,391,Ryan Succop,K,8.0,1,0
2022,3,8,736803054736822272,BUF,Buffalo Bills,DEF,6.5,1,0
2022,3,8,736803054736822272,4199,Aaron Jones,RB,5.7,1,0
2022,3,8,736803054736822272,6151,Miles Sanders,RB,5.4,0,0
2022,3,8,736803054736822272,4089,Gerald Everett,TE,4.5,1,0
2022,3,8,736803054736822272,1992,Allen Robinson,WR,4.3,1,0
2022,3,8,736803054736822272,1825,Jarvis Landry,WR,4.2,1,0
2022,3,8,736803054736822272,1479,Keenan Allen,WR,0,0,0
2022,3,8,736803054736822272,5955,Hunter Renfrow,WR,0,0,0
2022,3,9,710284244835979264,7525,DeVonta Smith,WR,31.4,0,0
2022,3,9,710284244835979264,6786,CeeDee Lamb,WR,22.7,0,0
2022,3,9,710284244835979264,4046,Patrick Mahomes,QB,17.08,1,0
2022,3,9,710284244835979264,5937,Diontae Johnson,WR,16.4,1,0
2022,3,9,710284244835979264,8112,Drake London,WR,14.4,1,0
2022,3,9,710284244835979264,17,Matt Prater,K,14.0,1,0
2022,3,9,710284244835979264,4029,Dalvin Cook,RB,13.6,1,0
2022,3,9,710284244835979264,SF,San Francisco 49ers,DEF,13.5,1,0
2022,3,9,710284244835979264,7547,Amon-Ra St. Brown,WR,13.3,1,0
2022,3,9,710284244835979264,8146,Garrett Wilson,WR,12.0,1,0
2022,3,9,710284244835979264,5284,Jeff Wilson,RB,11.6,0,0
2022,3,9,710284244835979264,6938,Cam Akers,RB,10.1,0,0
2022,3,9,710284244835979264,5906,Dawson Knox,TE,6.5,1,0
2022,3,9,710284244835979264,7607,Michael Carter,RB,5.6,1,0
2022,3,9,710284244835979264,19,Joe Flacco,QB,2.9,0,0
2022,3,9,710284244835979264,4017,Deshaun Watson,QB,0,0,0
2022,3,9,710284244835979264,7610,Trey Lance,QB,0,0,0
2022,3,10,475399371639222272,6770,Joe Burrow,QB,24.0,1,0
2022,3,10,475399371639222272,1535,Cordarrelle Patterson,RB,22.8,1,0
2022,3,10,475399371639222272,1689,Adam Thielen,WR,18.1,0,0
2022,3,10,475399371639222272,5000,Chase Edmonds,RB,15.7,0,0
2022,3,10,475399371639222272,8155,Breece Hall,RB,15.2,0,0
2022,3,10,475399371639222272,2307,Marcus Mariota,QB,14.56,1,0
2022,3,10,475399371639222272,6801,Tee Higgins,WR,14.3,1,0
2022,3,10,475399371639222272,2133,Davante Adams,WR,14.2,1,0
2022,3,10,475399371639222272,4663,Austin Ekeler,RB,13.3,1,0
2022,3,10,475399371639222272,TB,Tampa Bay Buccaneers,DEF,8.75,1,0
2022,3,10,475399371639222272,4985,Rashaad Penny,RB,7.9,0,0
2022,3,10,475399371639222272,7600,Pat Freiermuth,TE,6.1,1,0
2022,3,10,475399371639222272,3321,Tyreek Hill,WR,5.3,1,0
2022,3,10,475399371639222272,7042,Tyler Bass,K,2.0,1,0
2022,3,10,475399371639222272,7567,Kenny Gainwell,RB,0.6,0,0
2022,3,10,475399371639222272,3294,Dak Prescott,QB,0,0,0
2022,3,10,475399371639222272,947,Julio Jones,WR,0,0,0
2022,4,1,608781531883859968,1466,Travis Kelce,TE,24.2,1,0
2022,4,1,608781531883859968,5848,Marquise Brown,WR,20.8,1,0
2022,4,1,608781531883859968,4866,Saquon Barkley,RB,18.7,1,0
2022,4,1,608781531883859968,3969,Leonard Fournette,RB,18.4,1,0
2022,4,1,608781531883859968,1049,Ryan Tannehill,QB,14.38,0,0
2022,4,1,608781531883859968,4881,Lamar Jackson,QB,13.06,1,0
2022,4,1,608781531883859968,5095,Daniel Carlson,K,13.0,1,0
2022,4,1,608781531883859968,7611,Rhamondre Stevenson,RB,12.9,0,0
2022,4,1,608781531883859968,7564,Ja'Marr Chase,WR,12.1,1,0
2022,4,1,608781531883859968,5038,Michael Gallup,WR,10.4,0,0
2022,4,1,608781531883859968,7596,Elijah Moore,WR,8.5,0,0
2022,4,1,608781531883859968,6803,Brandon Aiyuk,WR,7.7,1,0
2022,4,1,608781531883859968,MIN,Minnesota Vikings,DEF,7.0,1,0
2022,4,1,608781531883859968,7523,Trevor Lawrence,QB,5.66,1,0
2022,4,1,608781531883859968,7543,Travis Etienne,RB,3.2,0,0
2022,4,1,608781531883859968,1426,DeAndre Hopkins,WR,0,0,0
2022,4,1,608781531883859968,8148,Jameson Williams,WR,0,0,0
2022,4,2,736077599457026048,8129,Dameon Pierce,RB,27.9,0,0
2022,4,2,736077599457026048,1234,Russell Wilson,QB,27.48,0,0
2022,4,2,736077599457026048,167,Tom Brady,QB,25.9,1,0
2022,4,2,736077599457026048,4034,Christian McCaffrey,RB,25.8,1,0
2022,4,2,736077599457026048,5872,Deebo Samuel,WR,25.7,1,0
2022,4,2,736077599457026048,5846,DK Metcalf,WR,22.4,0,0
2022,4,2,736077599457026048,8144,Chris Olave,WR,16.7,1,0
2022,4,2,736077599457026048,96,Aaron Rodgers,QB,16.14,1,0
2022,4,2,736077599457026048,5859,A.J. Brown,WR,14.5,1,0
2022,4,2,736077599457026048,GB,Green Bay Packers,DEF,10.0,1,0
2022,4,2,736077599457026048,6083,Matt Gay,K,9.0,1,0
2022,4,2,736077599457026048,5916,Darrell Henderson,RB,6.9,0,0
2022,4,2,736077599457026048,2505,Darren Waller,TE,5.4,1,0
2022,4,2,736077599457026048,7571,Rashod Bateman,WR,4.7,0,0
2022,4,2,736077599457026048,7588,Javonte Williams,RB,3.7,1,0
2022,4,2,736077599457026048,6943,Gabe Davis,WR,2.3,0,0
2022,4,3,737091087440674816,5844,T.J. Hockenson,TE,40.4,1,0
2022,4,3,737091087440674816,6794,Justin Jefferson,WR,31.5,1,0
2022,4,3,737091087440674816,4988,Nick Chubb,RB,21.2,1,0
2022,4,3,737091087440674816,4068,Mike Williams,WR,19.5,1,0
2022,4,3,737091087440674816,1166,Kirk Cousins,QB,13.42,1,0
2022,4,3,737091087440674816,8160,Kenny Pickett,QB,11.3,0,0
2022,4,3,737091087440674816,1264,Justin Tucker,K,11.0,1,0
2022,4,3,737091087440674816,LAC,Los Angeles Chargers,DEF,10.0,1,0
2022,4,3,737091087440674816,4098,Kareem Hunt,RB,8.8,0,0
2022,4,3,737091087440674816,5987,Alexander Mattison,RB,8.8,0,0
2022,4,3,737091087440674816,4950,Christian Kirk,WR,8.3,1,0
2022,4,3,737091087440674816,4381,Taysom Hill,TE,8.1,0,0
2022,4,3,737091087440674816,7528,Najee Harris,RB,7.4,1,0
2022,4,3,737091087440674816,2309,Amari Cooper,WR,1.9,1,0
2022,4,3,737091087440674816,2306,Jameis Winston,QB,0,0,0
2022,4,3,737091087440674816,5892,David Montgomery,RB,0,0,0
2022,4,4,736744257179770880,5850,Josh Jacobs,RB,35.0,0,0
2022,4,4,736744257179770880,6820,Clyde Edwards-Helaire,RB,22.4,0,0
2022,4,4,736744257179770880,6797,Justin Herbert,QB,21.6,1,0
2022,4,4,736744257179770880,2197,Brandin Cooks,WR,18.7,1,0
2022,4,4,736744257179770880,4018,Joe Mixon,RB,17.4,1,0
2022,4,4,736744257179770880,5045,Courtland Sutton,WR,16.2,1,0
2022,4,4,736744257179770880,1837,Jimmy Garoppolo,QB,14.86,1,0
2022,4,4,736744257179770880,6130,Devin Singletary,RB,11.6,1,0
2022,4,4,736744257179770880,7591,Justin Fields,QB,10.16,0,0
2022,4,4,736744257179770880,7839,Evan McPherson,K,10.0,1,0
2022,4,4,736744257179770880,PIT,Pittsburgh Steelers,DEF,6.25,1,0
2022,4,4,736744257179770880,5012,Mark Andrews,TE,3.5,1,0
2022,4,4,736744257179770880,7553,Kyle Pitts,TE,3.5,1,0
2022,4,4,736744257179770880,5347,Nyheim Miller-Hines,RB,2.3,0,0
2022,4,4,736744257179770880,3199,Michael Thomas,WR,0,0,0
2022,4,4,736744257179770880,4080,Zay Jones,WR,0,0,0
2022,4,5,716698629934481408,3163,Jared Goff,QB,33.72,1,0
2022,4,5,716698629934481408,2216,Mike Evans,WR,30.8,1,0
2022,4,5,716698629934481408,4149,Jamaal Williams,RB,25.9,1,0
2022,4,5,716698629934481408,3198,Derrick Henry,RB,24.2,1,0
2022,4,5,716698629934481408,6806,J.K. Dobbins,RB,22.3,0,0
2022,4,5,716698629934481408,5185,Allen Lazard,WR,18.1,0,0
2022,4,5,716698629934481408,3271,Tyler Higbee,TE,17.3,1,0
2022,4,5,716698629934481408,8137,George Pickens,WR,16.7,0,0
2022,4,5,716698629934481408,DAL,Dallas Cowboys,DEF,14.0,1,0
2022,4,5,716698629934481408,4983,DJ Moore,WR,12.1,0,0
2022,4,5,716698629934481408,4666,Younghoe Koo,K,12.0,1,0
2022,4,5,716698629934481408,2449,Stefon Diggs,WR,10.2,1,0
2022,4,5,716698629934481408,421,Matthew Stafford,QB,7.26,1,0
2022,4,5,716698629934481408,6955,James Robinson,RB,1.9,1,0
2022,4,5,716698629934481408,5970,Greg Dortch,WR,1.6,0,0
2022,4,5,716698629934481408,7527,Mac Jones,QB,0,0,0
2022,4,5,716698629934481408,7561,Elijah Mitchell,RB,0,0,0
2022,4,6,736740647758938112,4039,Cooper Kupp,WR,26.7,1,0
2022,4,6,736740647758938112,5849,Kyler Murray,QB,21.88,1,0
2022,4,6,736740647758938112,1339,Zach Ertz,TE,16.7,0,0
2022,4,6,736740647758938112,5890,Damien Harris,RB,15.4,1,0
2022,4,6,736740647758938112,6783,Jerry Jeudy,WR,15.3,0,0
2022,4,6,736740647758938112,2374,Tyler Lockett,WR,13.1,1,0
2022,4,6,736740647758938112,5022,Dallas Goedert,TE,12.2,1,0
2022,4,6,736740647758938112,4137,James Conner,RB,10.7,1,0
2022,4,6,736740647758938112,4040,JuJu Smith-Schuster,WR,9.6,1,0
2022,4,6,736740647758938112,4892,Baker Mayfield,QB,5.88,0,0
2022,4,6,736740647758938112,1433,Brandon McManus,K,4.0,1,0
2022,4,6,736740647758938112,LAR,Los Angeles Rams,DEF,3.5,1,0
2022,4,6,736740647758938112,6768,Tua Tagovailoa,QB,2.4,1,0
2022,4,6,736740647758938112,4035,Alvin Kamara,RB,0,0,0
2022,4,6,736740647758938112,6886,Chase Claypool,WR,0,0,0
2022,4,6,736740647758938112,2320,Melvin Gordon,RB,-1.2,0,0
2022,4,7,735974647736213504,1373,Geno Smith,QB,31.7,1,0
2022,4,7,735974647736213504,4984,Josh Allen,QB,22.52,1,0
2022,4,7,735974647736213504,PHI,Philadelphia Eagles,DEF,18.0,0,0
2022,4,7,735974647736213504,5272,Greg Joseph,K,17.0,1,0
2022,4,7,735974647736213504,NYG,New York Giants,DEF,15.5,1,0
2022,4,7,735974647736213504,4037,Chris Godwin,WR,12.9,0,0
2022,4,7,735974647736213504,7608,Khalil Herbert,RB,11.1,0,0
2022,4,7,735974647736213504,3164,Ezekiel Elliott,RB,10.1,1,0
2022,4,7,735974647736213504,6828,AJ Dillon,RB,9.4,1,0
2022,4,7,735974647736213504,3161,Carson Wentz,QB,7.8,0,0
2022,4,7,735974647736213504,4082,Curtis Samuel,WR,7.8,1,0
2022,4,7,735974647736213504,6819,Michael Pittman,WR,6.1,1,0
2022,4,7,735974647736213504,7526,Jaylen Waddle,WR,5.9,1,0
2022,4,7,735974647736213504,4217,George Kittle,TE,4.4,1,0
2022,4,7,735974647736213504,8135,Treylon Burks,WR,3.8,0,0
2022,4,7,735974647736213504,6790,D'Andre Swift,RB,0,0,0
2022,4,7,735974647736213504,8154,Brian Robinson,RB,0,0,0
2022,4,8,736803054736822272,6151,Miles Sanders,RB,30.1,0,0
2022,4,8,736803054736822272,24,Matt Ryan,QB,17.34,0,0
2022,4,8,736803054736822272,4089,Gerald Everett,TE,17.1,1,0
2022,4,8,736803054736822272,4199,Aaron Jones,RB,15.0,1,0
2022,4,8,736803054736822272,6904,Jalen Hurts,QB,14.96,1,0
2022,4,8,736803054736822272,8121,Romeo Doubs,WR,13.7,1,0
2022,4,8,736803054736822272,2028,Derek Carr,QB,11.52,1,0
2022,4,8,736803054736822272,BUF,Buffalo Bills,DEF,10.5,1,0
2022,4,8,736803054736822272,391,Ryan Succop,K,8.0,1,0
2022,4,8,736803054736822272,1825,Jarvis Landry,WR,4.7,0,0
2022,4,8,736803054736822272,5927,Terry McLaurin,WR,3.5,1,0
2022,4,8,736803054736822272,6813,Jonathan Taylor,RB,3.3,1,0
2022,4,8,736803054736822272,1992,Allen Robinson,WR,2.7,1,0
2022,4,8,736803054736822272,5967,Tony Pollard,RB,1.8,0,0
2022,4,8,736803054736822272,1479,Keenan Allen,WR,0,0,0
2022,4,8,736803054736822272,5955,Hunter Renfrow,WR,0,0,0
2022,4,9,710284244835979264,4046,Patrick Mahomes,QB,23.36,1,0
2022,4,9,710284244835979264,SF,San Francisco 49ers,DEF,21.75,1,0
2022,4,9,710284244835979264,6786,CeeDee Lamb,WR,21.7,1,0
2022,4,9,710284244835979264,7538,Zach Wilson,QB,18.78,1,0
2022,4,9,710284244835979264,5284,Jeff Wilson,RB,13.4,1,0
2022,4,9,710284244835979264,4029,Dalvin Cook,RB,10.6,1,0
2022,4,9,710284244835979264,17,Matt Prater,K,8.0,1,0
2022,4,9,710284244835979264,5906,Dawson Knox,TE,7.0,1,0
2022,4,9,710284244835979264,8146,Garrett Wilson,WR,6.1,0,0
2022,4,9,710284244835979264,7525,DeVonta Smith,WR,4.7,1,0
2022,4,9,710284244835979264,5937,Diontae Johnson,WR,4.2,1,0
2022,4,9,710284244835979264,7607,Michael Carter,RB,3.9,0,0
2022,4,9,710284244835979264,8112,Drake London,WR,3.7,0,0
2022,4,9,710284244835979264,6938,Cam Akers,RB,1.3,0,0
2022,4,9,710284244835979264,4017,Deshaun Watson,QB,0,0,0
2022,4,9,710284244835979264,7547,Amon-Ra St. Brown,WR,0,0,0
2022,4,9,710284244835979264,7610,Trey Lance,QB,0,0,0
2022,4,10,475399371639222272,4663,Austin Ekeler,RB,33.9,1,0
2022,4,10,475399371639222272,4985,Rashaad Penny,RB,29.7,0,0
2022,4,10,475399371639222272,6801,Tee Higgins,WR,27.4,1,0
2022,4,10,475399371639222272,3321,Tyreek Hill,WR,26.4,1,0
2022,4,10,475399371639222272,6770,Joe Burrow,QB,21.08,1,0
2022,4,10,475399371639222272,2133,Davante Adams,WR,20.0,1,0
2022,4,10,475399371639222272,8155,Breece Hall,RB,15.8,0,0
2022,4,10,475399371639222272,7600,Pat Freiermuth,TE,15.5,1,0
2022,4,10,475399371639222272,1689,Adam Thielen,WR,15.2,0,0
2022,4,10,475399371639222272,7042,Tyler Bass,K,11.0,1,0
2022,4,10,475399371639222272,5000,Chase Edmonds,RB,10.0,0,0
2022,4,10,475399371639222272,1535,Cordarrelle Patterson,RB,9.8,1,0
2022,4,10,475399371639222272,6945,Antonio Gibson,RB,9.3,0,0
2022,4,10,475399371639222272,2307,Marcus Mariota,QB,2.86,1,0
2022,4,10,475399371639222272,947,Julio Jones,WR,1.7,0,0
2022,4,10,475399371639222272,3294,Dak Prescott,QB,0,0,0
2022,4,10,475399371639222272,TB,Tampa Bay Buccaneers,DEF,-1.75,1,0
2022,5,1,608781531883859968,3969,Leonard Fournette,RB,35.9,1,0
2022,5,1,608781531883859968,1466,Travis Kelce,TE,33.5,1,0
2022,5,1,608781531883859968,5848,Marquise Brown,WR,21.8,1,0
2022,5,1,608781531883859968,7611,Rhamondre Stevenson,RB,20.0,1,0
2022,5,1,608781531883859968,4866,Saquon Barkley,RB,19.6,1,0
2022,5,1,608781531883859968,5095,Daniel Carlson,K,16.0,1,0
2022,5,1,608781531883859968,4881,Lamar Jackson,QB,14.76,1,0
2022,5,1,608781531883859968,7543,Travis Etienne,RB,14.4,0,0
2022,5,1,608781531883859968,7564,Ja'Marr Chase,WR,12.0,1,0
2022,5,1,608781531883859968,1049,Ryan Tannehill,QB,11.54,0,0
2022,5,1,608781531883859968,7523,Trevor Lawrence,QB,10.84,1,0
2022,5,1,608781531883859968,6803,Brandon Aiyuk,WR,8.8,0,0
2022,5,1,608781531883859968,5038,Michael Gallup,WR,8.4,0,0
2022,5,1,608781531883859968,MIN,Minnesota Vikings,DEF,6.5,1,0
2022,5,1,608781531883859968,7596,Elijah Moore,WR,2.1,0,0
2022,5,1,608781531883859968,1426,DeAndre Hopkins,WR,0,0,0
2022,5,1,608781531883859968,8148,Jameson Williams,WR,0,0,0
2022,5,2,736077599457026048,4034,Christian McCaffrey,RB,23.4,1,0
2022,5,2,736077599457026048,8129,Dameon Pierce,RB,20.3,1,0
2022,5,2,736077599457026048,167,Tom Brady,QB,20.24,1,0
2022,5,2,736077599457026048,5846,DK Metcalf,WR,19.3,0,0
2022,5,2,736077599457026048,96,Aaron Rodgers,QB,16.38,0,0
2022,5,2,736077599457026048,8144,Chris Olave,WR,15.4,1,0
2022,5,2,736077599457026048,5872,Deebo Samuel,WR,11.2,1,0
2022,5,2,736077599457026048,5937,Diontae Johnson,WR,11.0,0,0
2022,5,2,736077599457026048,1234,Russell Wilson,QB,8.16,1,0
2022,5,2,736077599457026048,5916,Darrell Henderson,RB,7.0,0,0
2022,5,2,736077599457026048,5987,Alexander Mattison,RB,7.0,0,0
2022,5,2,736077599457026048,5859,A.J. Brown,WR,6.2,1,0
2022,5,2,736077599457026048,GB,Green Bay Packers,DEF,3.75,1,0
2022,5,2,736077599457026048,6083,Matt Gay,K,2.0,1,0
2022,5,2,736077599457026048,2505,Darren Waller,TE,0,1,0
2022,5,2,736077599457026048,7571,Rashod Bateman,WR,0,0,0
2022,5,2,736077599457026048,7588,Javonte Williams,RB,0,0,0
2022,5,3,737091087440674816,6794,Justin Jefferson,WR,30.82,1,0
2022,5,3,737091087440674816,4988,Nick Chubb,RB,26.4,1,0
2022,5,3,737091087440674816,4068,Mike Williams,WR,23.9,1,0
2022,5,3,737091087440674816,1166,Kirk Cousins,QB,22.74,1,0
2022,5,3,737091087440674816,2309,Amari Cooper,WR,20.6,0,0
2022,5,3,737091087440674816,5892,David Montgomery,RB,18.2,0,0
2022,5,3,737091087440674816,1264,Justin Tucker,K,16.0,1,0
2022,5,3,737091087440674816,4098,Kareem Hunt,RB,14.7,0,0
2022,5,3,737091087440674816,8160,Kenny Pickett,QB,12.58,1,0
2022,5,3,737091087440674816,JAX,Jacksonville Jaguars,DEF,7.25,1,0
2022,5,3,737091087440674816,7528,Najee Harris,RB,6.6,1,0
2022,5,3,737091087440674816,8132,Tyler Allgeier,RB,4.5,0,0
2022,5,3,737091087440674816,4950,Christian Kirk,WR,2.1,1,0
2022,5,3,737091087440674816,5844,T.J. Hockenson,TE,1.6,1,0
2022,5,3,737091087440674816,2306,Jameis Winston,QB,0,0,0
2022,5,3,737091087440674816,LAC,Los Angeles Chargers,DEF,0,0,0
2022,5,4,736744257179770880,5850,Josh Jacobs,RB,30.8,1,0
2022,5,4,736744257179770880,5012,Mark Andrews,TE,22.9,1,0
2022,5,4,736744257179770880,1837,Jimmy Garoppolo,QB,17.02,1,0
2022,5,4,736744257179770880,7591,Justin Fields,QB,15.02,0,0
2022,5,4,736744257179770880,6797,Justin Herbert,QB,14.42,1,0
2022,5,4,736744257179770880,5045,Courtland Sutton,WR,12.4,1,0
2022,5,4,736744257179770880,4018,Joe Mixon,RB,11.8,1,0
2022,5,4,736744257179770880,6820,Clyde Edwards-Helaire,RB,6.5,1,0
2022,5,4,736744257179770880,2197,Brandin Cooks,WR,6.0,1,0
2022,5,4,736744257179770880,7839,Evan McPherson,K,6.0,1,0
2022,5,4,736744257179770880,6130,Devin Singletary,RB,5.6,0,0
2022,5,4,736744257179770880,4080,Zay Jones,WR,4.2,0,0
2022,5,4,736744257179770880,5347,Nyheim Miller-Hines,RB,1.8,0,0
2022,5,4,736744257179770880,3199,Michael Thomas,WR,0,0,0
2022,5,4,736744257179770880,7553,Kyle Pitts,TE,0,0,0
2022,5,4,736744257179770880,MIA,Miami Dolphins,DEF,-1.0,1,0
2022,5,5,716698629934481408,3198,Derrick Henry,RB,27.7,1,0
2022,5,5,716698629934481408,2449,Stefon Diggs,WR,24.7,1,0
2022,5,5,716698629934481408,DAL,Dallas Cowboys,DEF,21.75,1,0
2022,5,5,716698629934481408,8137,George Pickens,WR,14.3,0,0
2022,5,5,716698629934481408,5185,Allen Lazard,WR,13.5,0,0
2022,5,5,716698629934481408,2216,Mike Evans,WR,12.1,1,0
2022,5,5,716698629934481408,421,Matthew Stafford,QB,11.82,1,0
2022,5,5,716698629934481408,3271,Tyler Higbee,TE,11.6,1,0
2022,5,5,716698629934481408,4983,DJ Moore,WR,10.7,0,0
2022,5,5,716698629934481408,6955,James Robinson,RB,5.9,1,0
2022,5,5,716698629934481408,3163,Jared Goff,QB,5.86,1,0
2022,5,5,716698629934481408,4149,Jamaal Williams,RB,5.6,1,0
2022,5,5,716698629934481408,6806,J.K. Dobbins,RB,4.4,0,0
2022,5,5,716698629934481408,5970,Greg Dortch,WR,0,0,0
2022,5,5,716698629934481408,7527,Mac Jones,QB,0,0,0
2022,5,5,716698629934481408,7561,Elijah Mitchell,RB,0,0,0
2022,5,5,716698629934481408,4666,Younghoe Koo,K,-1.0,1,0
2022,5,6,736740647758938112,2374,Tyler Lockett,WR,28.4,0,0
2022,5,6,736740647758938112,4039,Cooper Kupp,WR,27.9,1,0
2022,5,6,736740647758938112,4035,Alvin Kamara,RB,23.9,1,0
2022,5,6,736740647758938112,5022,Dallas Goedert,TE,17.5,0,0
2022,5,6,736740647758938112,5849,Kyler Murray,QB,16.7,1,0
2022,5,6,736740647758938112,2320,Melvin Gordon,RB,13.3,1,0
2022,5,6,736740647758938112,1339,Zach Ertz,TE,10.8,1,0
2022,5,6,736740647758938112,6886,Chase Claypool,WR,10.0,0,0
2022,5,6,736740647758938112,6783,Jerry Jeudy,WR,8.3,1,0
2022,5,6,736740647758938112,1433,Brandon McManus,K,8.0,1,0
2022,5,6,736740647758938112,LAR,Los Angeles Rams,DEF,7.75,1,0
2022,5,6,736740647758938112,1352,Robert Woods,WR,7.7,1,0
2022,5,6,736740647758938112,4137,James Conner,RB,7.3,1,0
2022,5,6,736740647758938112,4892,Baker Mayfield,QB,6.6,0,0
2022,5,6,736740647758938112,4040,JuJu Smith-Schuster,WR,6.3,0,0
2022,5,6,736740647758938112,5890,Damien Harris,RB,2.2,0,0
2022,5,6,736740647758938112,6768,Tua Tagovailoa,QB,0,0,0
2022,5,7,735974647736213504,4984,Josh Allen,QB,38.16,1,0
2022,5,7,735974647736213504,1373,Geno Smith,QB,25.02,0,0
2022,5,7,735974647736213504,3161,Carson Wentz,QB,20.36,1,0
2022,5,7,735974647736213504,2749,Raheem Mostert,RB,19.7,1,0
2022,5,7,735974647736213504,4037,Chris Godwin,WR,12.3,1,0
2022,5,7,735974647736213504,4082,Curtis Samuel,WR,12.2,0,0
2022,5,7,735974647736213504,6819,Michael Pittman,WR,10.9,1,0
2022,5,7,735974647736213504,3164,Ezekiel Elliott,RB,7.8,0,0
2022,5,7,735974647736213504,4217,George Kittle,TE,7.7,1,0
2022,5,7,735974647736213504,TEN,Tennessee Titans,DEF,6.75,1,0
2022,5,7,735974647736213504,7526,Jaylen Waddle,WR,5.3,1,0
2022,5,7,735974647736213504,6828,AJ Dillon,RB,3.4,1,0
2022,5,7,735974647736213504,PHI,Philadelphia Eagles,DEF,3.25,0,0
2022,5,7,735974647736213504,8154,Brian Robinson,RB,2.2,0,0
2022,5,7,735974647736213504,6790,D'Andre Swift,RB,0,0,0
2022,5,7,735974647736213504,7606,Kadarius Toney,WR,0,0,0
2022,5,7,735974647736213504,5272,Greg Joseph,K,-1.0,1,0
2022,5,8,736803054736822272,6904,Jalen Hurts,QB,28.16,1,0
2022,5,8,736803054736822272,2028,Derek Carr,QB,18.94,1,0
2022,5,8,736803054736822272,5967,Tony Pollard,RB,16.1,0,0
2022,5,8,736803054736822272,5086,Marquez Valdes-Scantling,WR,15.0,1,0
2022,5,8,736803054736822272,BUF,Buffalo Bills,DEF,13.75,1,0
2022,5,8,736803054736822272,5927,Terry McLaurin,WR,12.6,1,0
2022,5,8,736803054736822272,4199,Aaron Jones,RB,10.0,1,0
2022,5,8,736803054736822272,6151,Miles Sanders,RB,8.4,1,0
2022,5,8,736803054736822272,391,Ryan Succop,K,8.0,1,0
2022,5,8,736803054736822272,5955,Hunter Renfrow,WR,6.5,0,0
2022,5,8,736803054736822272,8121,Romeo Doubs,WR,5.9,1,0
2022,5,8,736803054736822272,24,Matt Ryan,QB,4.64,0,0
2022,5,8,736803054736822272,1992,Allen Robinson,WR,4.2,0,0
2022,5,8,736803054736822272,4089,Gerald Everett,TE,1.2,1,0
2022,5,8,736803054736822272,1479,Keenan Allen,WR,0,0,0
2022,5,8,736803054736822272,1825,Jarvis Landry,WR,0,0,0
2022,5,8,736803054736822272,6813,Jonathan Taylor,RB,0,0,0
2022,5,9,710284244835979264,6943,Gabe Davis,WR,35.6,1,0
2022,5,9,710284244835979264,4046,Patrick Mahomes,QB,30.98,1,0
2022,5,9,710284244835979264,4029,Dalvin Cook,RB,26.1,1,0
2022,5,9,710284244835979264,5284,Jeff Wilson,RB,20.7,1,0
2022,5,9,710284244835979264,7525,DeVonta Smith,WR,18.7,0,0
2022,5,9,710284244835979264,SF,San Francisco 49ers,DEF,17.5,1,0
2022,5,9,710284244835979264,7607,Michael Carter,RB,17.3,0,0
2022,5,9,710284244835979264,4033,David Njoku,TE,14.8,1,0
2022,5,9,710284244835979264,7538,Zach Wilson,QB,14.6,1,0
2022,5,9,710284244835979264,6786,CeeDee Lamb,WR,10.3,1,0
2022,5,9,710284244835979264,8259,Cameron Dicker,K,9.0,1,0
2022,5,9,710284244835979264,8112,Drake London,WR,7.5,0,0
2022,5,9,710284244835979264,7547,Amon-Ra St. Brown,WR,5.8,1,0
2022,5,9,710284244835979264,8146,Garrett Wilson,WR,5.7,0,0
2022,5,9,710284244835979264,6938,Cam Akers,RB,3.3,0,0
2022,5,9,710284244835979264,4017,Deshaun Watson,QB,0,0,0
2022,5,9,710284244835979264,7610,Trey Lance,QB,0,0,0
2022,5,10,475399371639222272,4663,Austin Ekeler,RB,36.4,1,0
2022,5,10,475399371639222272,2133,Davante Adams,WR,28.9,1,0
2022,5,10,475399371639222272,8155,Breece Hall,RB,28.2,1,0
2022,5,10,475399371639222272,6770,Joe Burrow,QB,17.28,1,0
2022,5,10,475399371639222272,3321,Tyreek Hill,WR,13.0,1,0
2022,5,10,475399371639222272,TB,Tampa Bay Buccaneers,DEF,7.25,1,0
2022,5,10,475399371639222272,6945,Antonio Gibson,RB,6.9,0,0
2022,5,10,475399371639222272,1689,Adam Thielen,WR,6.7,0,0
2022,5,10,475399371639222272,4985,Rashaad Penny,RB,5.4,0,0
2022,5,10,475399371639222272,7042,Tyler Bass,K,5.0,1,0
2022,5,10,475399371639222272,7600,Pat Freiermuth,TE,3.2,0,0
2022,5,10,475399371639222272,5000,Chase Edmonds,RB,0.1,0,0
2022,5,10,475399371639222272,1535,Cordarrelle Patterson,RB,0,0,0
2022,5,10,475399371639222272,2152,Teddy Bridgewater,QB,0,1,0
2022,5,10,475399371639222272,3294,Dak Prescott,QB,0,0,0
2022,5,10,475399371639222272,5133,Tyler Conklin,TE,0,1,0
2022,5,10,475399371639222272,6801,Tee Higgins,WR,0,1,0
2022,6,1,608781531883859968,7564,Ja'Marr Chase,WR,34.2,1,0
2022,6,1,608781531883859968,6803,Brandon Aiyuk,WR,28.3,0,0
2022,6,1,608781531883859968,7611,Rhamondre Stevenson,RB,25.1,1,0
2022,6,1,608781531883859968,7523,Trevor Lawrence,QB,24.9,0,0
2022,6,1,608781531883859968,3969,Leonard Fournette,RB,22.1,1,0
2022,6,1,608781531883859968,1466,Travis Kelce,TE,19.7,1,0
2022,6,1,608781531883859968,4866,Saquon Barkley,RB,18.5,1,0
2022,6,1,608781531883859968,4881,Lamar Jackson,QB,15.1,1,0
2022,6,1,608781531883859968,5916,Darrell Henderson,RB,13.2,0,0
2022,6,1,608781531883859968,5848,Marquise Brown,WR,10.8,1,0
2022,6,1,608781531883859968,5947,Jakobi Meyers,WR,10.0,0,0
2022,6,1,608781531883859968,MIN,Minnesota Vikings,DEF,10.0,1,0
2022,6,1,608781531883859968,4227,Harrison Butker,K,9.0,1,0
2022,6,1,608781531883859968,2216,Mike Evans,WR,8.2,1,0
2022,6,1,608781531883859968,8136,Rachaad White,RB,5.3,0,0
2022,6,1,608781531883859968,5095,Daniel Carlson,K,0,0,0
2022,6,1,608781531883859968,8148,Jameson Williams,WR,0,0,0
2022,6,2,736077599457026048,4034,Christian McCaffrey,RB,22.8,1,0
2022,6,2,736077599457026048,8151,Kenneth Walker,RB,19.0,1,0
2022,6,2,736077599457026048,5859,A.J. Brown,WR,17.7,1,0
2022,6,2,736077599457026048,5872,Deebo Samuel,WR,16.0,1,0
2022,6,2,736077599457026048,6151,Miles Sanders,RB,14.2,1,0
2022,6,2,736077599457026048,8142,Alec Pierce,WR,13.9,0,0
2022,6,2,736077599457026048,1234,Russell Wilson,QB,13.82,0,0
2022,6,2,736077599457026048,167,Tom Brady,QB,13.22,1,0
2022,6,2,736077599457026048,96,Aaron Rodgers,QB,11.34,1,0
2022,6,2,736077599457026048,4066,Evan Engram,TE,9.0,1,0
2022,6,2,736077599457026048,5937,Diontae Johnson,WR,8.6,0,0
2022,6,2,736077599457026048,6083,Matt Gay,K,6.0,1,0
2022,6,2,736077599457026048,GB,Green Bay Packers,DEF,6.0,1,0
2022,6,2,736077599457026048,2505,Darren Waller,TE,0,0,0
2022,6,2,736077599457026048,7571,Rashod Bateman,WR,0,0,0
2022,6,2,736077599457026048,8129,Dameon Pierce,RB,0,0,0
2022,6,2,736077599457026048,8144,Chris Olave,WR,0,0,0
2022,6,3,737091087440674816,6794,Justin Jefferson,WR,17.2,1,0
2022,6,3,737091087440674816,1166,Kirk Cousins,QB,16.5,1,0
2022,6,3,737091087440674816,2309,Amari Cooper,WR,14.4,1,0
2022,6,3,737091087440674816,7528,Najee Harris,RB,12.9,0,0
2022,6,3,737091087440674816,4950,Christian Kirk,WR,10.8,0,0
2022,6,3,737091087440674816,LAC,Los Angeles Chargers,DEF,9.5,0,0
2022,6,3,737091087440674816,5892,David Montgomery,RB,9.0,1,0
2022,6,3,737091087440674816,8160,Kenny Pickett,QB,8.28,1,0
2022,6,3,737091087440674816,4988,Nick Chubb,RB,8.0,1,0
2022,6,3,737091087440674816,1264,Justin Tucker,K,6.0,1,0
2022,6,3,737091087440674816,4973,Hayden Hurst,TE,5.1,1,0
2022,6,3,737091087440674816,4068,Mike Williams,WR,3.7,1,0
2022,6,3,737091087440674816,4098,Kareem Hunt,RB,1.2,0,0
2022,6,3,737091087440674816,2306,Jameis Winston,QB,0,0,0
2022,6,3,737091087440674816,5844,T.J. Hockenson,TE,0,0,0
2022,6,3,737091087440674816,JAX,Jacksonville Jaguars,DEF,-3.0,1,0
2022,6,4,736744257179770880,5012,Mark Andrews,TE,24.1,1,0
2022,6,4,736744257179770880,1837,Jimmy Garoppolo,QB,17.44,0,0
2022,6,4,736744257179770880,7591,Justin Fields,QB,17.4,1,0
2022,6,4,736744257179770880,4018,Joe Mixon,RB,16.8,1,0
2022,6,4,736744257179770880,6130,Devin Singletary,RB,14.7,1,0
2022,6,4,736744257179770880,3225,Tyler Boyd,WR,12.6,1,0
2022,6,4,736744257179770880,7553,Kyle Pitts,TE,10.9,0,0
2022,6,4,736744257179770880,4080,Zay Jones,WR,9.2,0,0
2022,6,4,736744257179770880,6797,Justin Herbert,QB,8.92,1,0
2022,6,4,736744257179770880,7839,Evan McPherson,K,8.0,1,0
2022,6,4,736744257179770880,BAL,Baltimore Ravens,DEF,8.0,1,0
2022,6,4,736744257179770880,5045,Courtland Sutton,WR,3.4,1,0
2022,6,4,736744257179770880,6820,Clyde Edwards-Helaire,RB,3.3,1,0
2022,6,4,736744257179770880,2197,Brandin Cooks,WR,0,0,0
2022,6,4,736744257179770880,3199,Michael Thomas,WR,0,0,0
2022,6,4,736744257179770880,4171,Josh Reynolds,WR,0,0,0
2022,6,4,736744257179770880,5347,Nyheim Miller-Hines,RB,0,0,0
2022,6,4,736744257179770880,5850,Josh Jacobs,RB,0,0,0
2022,6,5,716698629934481408,2449,Stefon Diggs,WR,31.3,1,0
2022,6,5,716698629934481408,5185,Allen Lazard,WR,17.6,1,0
2022,6,5,716698629934481408,421,Matthew Stafford,QB,12.32,1,0
2022,6,5,716698629934481408,7543,Travis Etienne,RB,11.8,1,0
2022,6,5,716698629934481408,6955,James Robinson,RB,6.5,1,0
2022,6,5,716698629934481408,8137,George Pickens,WR,5.8,1,0
2022,6,5,716698629934481408,DAL,Dallas Cowboys,DEF,5.0,1,0
2022,6,5,716698629934481408,4666,Younghoe Koo,K,4.0,1,0
2022,6,5,716698629934481408,4983,DJ Moore,WR,3.7,0,0
2022,6,5,716698629934481408,3271,Tyler Higbee,TE,1.7,1,0
2022,6,5,716698629934481408,6806,J.K. Dobbins,RB,1.5,1,0
2022,6,5,716698629934481408,1426,DeAndre Hopkins,WR,0,0,0
2022,6,5,716698629934481408,3163,Jared Goff,QB,0,0,0
2022,6,5,716698629934481408,3198,Derrick Henry,RB,0,0,0
2022,6,5,716698629934481408,4149,Jamaal Williams,RB,0,0,0
2022,6,5,716698629934481408,7527,Mac Jones,QB,0,0,0
2022,6,5,716698629934481408,7561,Elijah Mitchell,RB,0,0,0
2022,6,6,736740647758938112,6886,Chase Claypool,WR,23.4,0,0
2022,6,6,736740647758938112,4040,JuJu Smith-Schuster,WR,23.3,0,0
2022,6,6,736740647758938112,4035,Alvin Kamara,RB,18.4,1,0
2022,6,6,736740647758938112,4039,Cooper Kupp,WR,16.7,1,0
2022,6,6,736740647758938112,5849,Kyler Murray,QB,14.38,1,0
2022,6,6,736740647758938112,1339,Zach Ertz,TE,14.0,1,0
2022,6,6,736740647758938112,5870,Daniel Jones,QB,13.52,1,0
2022,6,6,736740647758938112,1433,Brandon McManus,K,13.0,1,0
2022,6,6,736740647758938112,LAR,Los Angeles Rams,DEF,12.0,1,0
2022,6,6,736740647758938112,6783,Jerry Jeudy,WR,8.4,0,0
2022,6,6,736740647758938112,5022,Dallas Goedert,TE,4.2,1,0
2022,6,6,736740647758938112,2374,Tyler Lockett,WR,3.7,1,0
2022,6,6,736740647758938112,2320,Melvin Gordon,RB,0.8,1,0
2022,6,6,736740647758938112,4137,James Conner,RB,0,0,0
2022,6,6,736740647758938112,5890,Damien Harris,RB,0,0,0
2022,6,6,736740647758938112,6768,Tua Tagovailoa,QB,0,0,0
2022,6,6,736740647758938112,6938,Cam Akers,RB,0,0,0
2022,6,7,735974647736213504,6819,Michael Pittman,WR,26.9,1,0
2022,6,7,735974647736213504,4984,Josh Allen,QB,26.86,1,0
2022,6,7,735974647736213504,7526,Jaylen Waddle,WR,17.4,1,0
2022,6,7,735974647736213504,4217,George Kittle,TE,16.3,1,0
2022,6,7,735974647736213504,3164,Ezekiel Elliott,RB,15.6,0,0
2022,6,7,735974647736213504,4037,Chris Godwin,WR,15.5,1,0
2022,6,7,735974647736213504,8154,Brian Robinson,RB,12.0,0,0
2022,6,7,735974647736213504,1373,Geno Smith,QB,11.68,1,0
2022,6,7,735974647736213504,6951,Eno Benjamin,RB,9.5,1,0
2022,6,7,735974647736213504,6828,AJ Dillon,RB,9.2,0,0
2022,6,7,735974647736213504,PHI,Philadelphia Eagles,DEF,8.5,1,0
2022,6,7,735974647736213504,2749,Raheem Mostert,RB,5.8,1,0
2022,6,7,735974647736213504,3161,Carson Wentz,QB,4.16,0,0
2022,6,7,735974647736213504,5272,Greg Joseph,K,3.0,1,0
2022,6,7,735974647736213504,4082,Curtis Samuel,WR,2.6,0,0
2022,6,7,735974647736213504,6790,D'Andre Swift,RB,0,0,0
2022,6,7,735974647736213504,7606,Kadarius Toney,WR,0,0,0
2022,6,8,736803054736822272,24,Matt Ryan,QB,27.66,1,0
2022,6,8,736803054736822272,1992,Allen Robinson,WR,17.3,0,0
2022,6,8,736803054736822272,6904,Jalen Hurts,QB,15.9,1,0
2022,6,8,736803054736822272,391,Ryan Succop,K,14.0,1,0
2022,6,8,736803054736822272,4089,Gerald Everett,TE,7.9,1,0
2022,6,8,736803054736822272,4199,Aaron Jones,RB,7.4,1,0
2022,6,8,736803054736822272,BUF,Buffalo Bills,DEF,7.25,1,0
2022,6,8,736803054736822272,5927,Terry McLaurin,WR,7.2,1,0
2022,6,8,736803054736822272,5967,Tony Pollard,RB,7.2,1,0
2022,6,8,736803054736822272,8121,Romeo Doubs,WR,6.1,1,0
2022,6,8,736803054736822272,5846,DK Metcalf,WR,5.4,1,0
2022,6,8,736803054736822272,1479,Keenan Allen,WR,0,0,0
2022,6,8,736803054736822272,1825,Jarvis Landry,WR,0,0,0
2022,6,8,736803054736822272,2028,Derek Carr,QB,0,0,0
2022,6,8,736803054736822272,5086,Marquez Valdes-Scantling,WR,0,0,0
2022,6,8,736803054736822272,5955,Hunter Renfrow,WR,0,0,0
2022,6,8,736803054736822272,6813,Jonathan Taylor,RB,0,0,0
2022,6,9,710284244835979264,4046,Patrick Mahomes,QB,20.12,1,0
2022,6,9,710284244835979264,4029,Dalvin Cook,RB,16.8,1,0
2022,6,9,710284244835979264,6943,Gabe Davis,WR,16.4,1,0
2022,6,9,710284244835979264,7525,DeVonta Smith,WR,15.4,1,0
2022,6,9,710284244835979264,6786,CeeDee Lamb,WR,12.7,1,0
2022,6,9,710284244835979264,4033,David Njoku,TE,8.8,1,0
2022,6,9,710284244835979264,8112,Drake London,WR,7.0,0,0
2022,6,9,710284244835979264,503,Graham Gano,K,6.0,1,0
2022,6,9,710284244835979264,7607,Michael Carter,RB,5.7,0,0
2022,6,9,710284244835979264,4381,Taysom Hill,TE,4.54,0,0
2022,6,9,710284244835979264,7538,Zach Wilson,QB,4.5,1,0
2022,6,9,710284244835979264,SF,San Francisco 49ers,DEF,4.0,1,0
2022,6,9,710284244835979264,8146,Garrett Wilson,WR,1.8,0,0
2022,6,9,710284244835979264,5284,Jeff Wilson,RB,0.5,1,0
2022,6,9,710284244835979264,4017,Deshaun Watson,QB,0,0,0
2022,6,9,710284244835979264,7547,Amon-Ra St. Brown,WR,0,0,0
2022,6,10,475399371639222272,6770,Joe Burrow,QB,34.0,1,0
2022,6,10,475399371639222272,3321,Tyreek Hill,WR,30.2,1,0
2022,6,10,475399371639222272,4663,Austin Ekeler,RB,24.3,1,0
2022,6,10,475399371639222272,8155,Breece Hall,RB,20.6,1,0
2022,6,10,475399371639222272,1689,Adam Thielen,WR,15.6,1,0
2022,6,10,475399371639222272,6801,Tee Higgins,WR,10.7,1,0
2022,6,10,475399371639222272,6126,Irv Smith,TE,9.7,1,0
2022,6,10,475399371639222272,6945,Antonio Gibson,RB,8.3,0,0
2022,6,10,475399371639222272,3257,Jacoby Brissett,QB,7.64,1,0
2022,6,10,475399371639222272,7608,Khalil Herbert,RB,7.4,0,0
2022,6,10,475399371639222272,TB,Tampa Bay Buccaneers,DEF,6.5,1,0
2022,6,10,475399371639222272,7042,Tyler Bass,K,6.0,1,0
2022,6,10,475399371639222272,5000,Chase Edmonds,RB,5.1,0,0
2022,6,10,475399371639222272,4197,Isaiah McKenzie,WR,2.9,0,0
2022,6,10,475399371639222272,1535,Cordarrelle Patterson,RB,0,0,0
2022,6,10,475399371639222272,2133,Davante Adams,WR,0,0,0
2022,6,10,475399371639222272,3294,Dak Prescott,QB,0,0,0
2022,6,10,475399371639222272,7600,Pat Freiermuth,TE,0,0,0
2022,7,1,608781531883859968,7564,Ja'Marr Chase,WR,34.0,1,0
2022,7,1,608781531883859968,7611,Rhamondre Stevenson,RB,23.8,1,0
2022,7,1,608781531883859968,7523,Trevor Lawrence,QB,18.7,1,0
2022,7,1,608781531883859968,2216,Mike Evans,WR,18.6,1,0
2022,7,1,608781531883859968,4866,Saquon Barkley,RB,18.0,1,0
2022,7,1,608781531883859968,1466,Travis Kelce,TE,15.8,1,0
2022,7,1,608781531883859968,6803,Brandon Aiyuk,WR,15.2,0,0
2022,7,1,608781531883859968,5947,Jakobi Meyers,WR,11.4,0,0
2022,7,1,608781531883859968,4881,Lamar Jackson,QB,10.7,1,0
2022,7,1,608781531883859968,5095,Daniel Carlson,K,10.0,1,0
2022,7,1,608781531883859968,CIN,Cincinnati Bengals,DEF,6.75,1,0
2022,7,1,608781531883859968,3969,Leonard Fournette,RB,4.6,1,0
2022,7,1,608781531883859968,8136,Rachaad White,RB,4.2,0,0
2022,7,1,608781531883859968,7601,Rondale Moore,WR,4.1,0,0
2022,7,1,608781531883859968,1992,Allen Robinson,WR,0,0,0
2022,7,1,608781531883859968,2078,Odell Beckham,WR,0,0,0
2022,7,1,608781531883859968,5848,Marquise Brown,WR,0,0,0
2022,7,1,608781531883859968,8148,Jameson Williams,WR,0,0,0
2022,7,2,736077599457026048,8151,Kenneth Walker,RB,30.7,1,0
2022,7,2,736077599457026048,8144,Chris Olave,WR,18.1,1,0
2022,7,2,736077599457026048,8129,Dameon Pierce,RB,15.7,1,0
2022,7,2,736077599457026048,96,Aaron Rodgers,QB,14.76,1,0
2022,7,2,736077599457026048,167,Tom Brady,QB,12.2,1,0
2022,7,2,736077599457026048,4066,Evan Engram,TE,10.7,1,0
2022,7,2,736077599457026048,GB,Green Bay Packers,DEF,9.75,1,0
2022,7,2,736077599457026048,5937,Diontae Johnson,WR,9.5,0,0
2022,7,2,736077599457026048,5872,Deebo Samuel,WR,9.4,1,0
2022,7,2,736077599457026048,4034,Christian McCaffrey,RB,8.2,1,0
2022,7,2,736077599457026048,7571,Rashod Bateman,WR,8.2,0,0
2022,7,2,736077599457026048,4958,Brett Maher,K,6.0,1,0
2022,7,2,736077599457026048,7527,Mac Jones,QB,0.92,0,0
2022,7,2,736077599457026048,1234,Russell Wilson,QB,0,0,0
2022,7,2,736077599457026048,2505,Darren Waller,TE,0,0,0
2022,7,2,736077599457026048,5859,A.J. Brown,WR,0,0,0
2022,7,2,736077599457026048,6151,Miles Sanders,RB,0,0,0
2022,7,3,737091087440674816,4068,Mike Williams,WR,21.6,1,0
2022,7,3,737091087440674816,4988,Nick Chubb,RB,18.7,1,0
2022,7,3,737091087440674816,4950,Christian Kirk,WR,17.1,1,0
2022,7,3,737091087440674816,7594,Chuba Hubbard,RB,15.3,0,0
2022,7,3,737091087440674816,1264,Justin Tucker,K,13.0,1,0
2022,7,3,737091087440674816,5892,David Montgomery,RB,12.2,0,0
2022,7,3,737091087440674816,2307,Marcus Mariota,QB,12.06,1,0
2022,7,3,737091087440674816,7528,Najee Harris,RB,11.0,1,0
2022,7,3,737091087440674816,8160,Kenny Pickett,QB,10.78,1,0
2022,7,3,737091087440674816,2309,Amari Cooper,WR,10.4,1,0
2022,7,3,737091087440674816,5844,T.J. Hockenson,TE,8.8,1,0
2022,7,3,737091087440674816,4098,Kareem Hunt,RB,7.8,0,0
2022,7,3,737091087440674816,1166,Kirk Cousins,QB,0,0,0
2022,7,3,737091087440674816,6794,Justin Jefferson,WR,0,0,0
2022,7,3,737091087440674816,LAC,Los Angeles Chargers,DEF,0,0,0
2022,7,3,737091087440674816,JAX,Jacksonville Jaguars,DEF,-1.25,1,0
2022,7,4,736744257179770880,5850,Josh Jacobs,RB,37.0,1,0
2022,7,4,736744257179770880,3225,Tyler Boyd,WR,31.5,0,0
2022,7,4,736744257179770880,7591,Justin Fields,QB,19.36,0,0
2022,7,4,736744257179770880,6797,Justin Herbert,QB,18.62,1,0
2022,7,4,736744257179770880,4018,Joe Mixon,RB,18.1,1,0
2022,7,4,736744257179770880,1837,Jimmy Garoppolo,QB,16.82,1,0
2022,7,4,736744257179770880,BAL,Baltimore Ravens,DEF,12.25,1,0
2022,7,4,736744257179770880,2197,Brandin Cooks,WR,8.6,1,0
2022,7,4,736744257179770880,5045,Courtland Sutton,WR,5.3,1,0
2022,7,4,736744257179770880,7839,Evan McPherson,K,5.0,1,0
2022,7,4,736744257179770880,7553,Kyle Pitts,TE,3.9,0,0
2022,7,4,736744257179770880,4171,Josh Reynolds,WR,1.8,1,0
2022,7,4,736744257179770880,5012,Mark Andrews,TE,0.4,1,0
2022,7,4,736744257179770880,3199,Michael Thomas,WR,0,0,0
2022,7,4,736744257179770880,6130,Devin Singletary,RB,0,0,0
2022,7,4,736744257179770880,7525,DeVonta Smith,WR,0,0,0
2022,7,5,716698629934481408,1426,DeAndre Hopkins,WR,19.8,1,0
2022,7,5,716698629934481408,4983,DJ Moore,WR,19.6,0,0
2022,7,5,716698629934481408,7543,Travis Etienne,RB,19.4,1,0
2022,7,5,716698629934481408,DAL,Dallas Cowboys,DEF,18.75,1,0
2022,7,5,716698629934481408,8137,George Pickens,WR,18.1,1,0
2022,7,5,716698629934481408,3198,Derrick Henry,RB,17.3,1,0
2022,7,5,716698629934481408,5185,Allen Lazard,WR,11.5,1,0
2022,7,5,716698629934481408,4149,Jamaal Williams,RB,6.3,1,0
2022,7,5,716698629934481408,4602,Robert Tonyan,TE,6.2,1,0
2022,7,5,716698629934481408,4666,Younghoe Koo,K,6.0,1,0
2022,7,5,716698629934481408,3163,Jared Goff,QB,1.52,1,0
2022,7,5,716698629934481408,3242,Kenyan Drake,RB,0.5,0,0
2022,7,5,716698629934481408,2449,Stefon Diggs,WR,0,0,0
2022,7,5,716698629934481408,3271,Tyler Higbee,TE,0,0,0
2022,7,5,716698629934481408,421,Matthew Stafford,QB,0,0,0
2022,7,5,716698629934481408,6955,James Robinson,RB,0,0,0
2022,7,5,716698629934481408,7561,Elijah Mitchell,RB,0,0,0
2022,7,6,736740647758938112,4040,JuJu Smith-Schuster,WR,26.4,1,0
2022,7,6,736740647758938112,4035,Alvin Kamara,RB,17.5,1,0
2022,7,6,736740647758938112,6783,Jerry Jeudy,WR,16.6,0,0
2022,7,6,736740647758938112,5849,Kyler Murray,QB,16.16,1,0
2022,7,6,736740647758938112,6768,Tua Tagovailoa,QB,15.94,1,0
2022,7,6,736740647758938112,MIA,Miami Dolphins,DEF,12.5,1,0
2022,7,6,736740647758938112,2374,Tyler Lockett,WR,11.5,1,0
2022,7,6,736740647758938112,6886,Chase Claypool,WR,9.1,1,0
2022,7,6,736740647758938112,2320,Melvin Gordon,RB,7.0,0,0
2022,7,6,736740647758938112,8142,Alec Pierce,WR,6.7,0,0
2022,7,6,736740647758938112,1339,Zach Ertz,TE,6.1,1,0
2022,7,6,736740647758938112,5890,Damien Harris,RB,2.0,1,0
2022,7,6,736740647758938112,1433,Brandon McManus,K,1.0,1,0
2022,7,6,736740647758938112,4039,Cooper Kupp,WR,0,0,0
2022,7,6,736740647758938112,4137,James Conner,RB,0,0,0
2022,7,6,736740647758938112,5022,Dallas Goedert,TE,0,0,0
2022,7,6,736740647758938112,6938,Cam Akers,RB,0,0,0
2022,7,7,735974647736213504,4217,George Kittle,TE,21.8,1,0
2022,7,7,735974647736213504,2749,Raheem Mostert,RB,20.9,1,0
2022,7,7,735974647736213504,7585,Davis Mills,QB,18.58,1,0
2022,7,7,735974647736213504,3164,Ezekiel Elliott,RB,17.7,1,0
2022,7,7,735974647736213504,1373,Geno Smith,QB,13.1,1,0
2022,7,7,735974647736213504,4082,Curtis Samuel,WR,12.9,0,0
2022,7,7,735974647736213504,7526,Jaylen Waddle,WR,12.8,1,0
2022,7,7,735974647736213504,4037,Chris Godwin,WR,11.5,1,0
2022,7,7,735974647736213504,8126,Wan'Dale Robinson,WR,11.0,0,0
2022,7,7,735974647736213504,8154,Brian Robinson,RB,10.6,0,0
2022,7,7,735974647736213504,6819,Michael Pittman,WR,9.8,1,0
2022,7,7,735974647736213504,NYJ,New York Jets,DEF,8.75,1,0
2022,7,7,735974647736213504,650,Nick Folk,K,2.0,0,0
2022,7,7,735974647736213504,6828,AJ Dillon,RB,1.5,0,0
2022,7,7,735974647736213504,4984,Josh Allen,QB,0,0,0
2022,7,7,735974647736213504,6790,D'Andre Swift,RB,0,0,0
2022,7,7,735974647736213504,PHI,Philadelphia Eagles,DEF,0,0,0
2022,7,8,736803054736822272,4199,Aaron Jones,RB,28.6,1,0
2022,7,8,736803054736822272,5927,Terry McLaurin,WR,18.3,1,0
2022,7,8,736803054736822272,6813,Jonathan Taylor,RB,15.5,1,0
2022,7,8,736803054736822272,5967,Tony Pollard,RB,12.9,0,0
2022,7,8,736803054736822272,2028,Derek Carr,QB,12.54,1,0
2022,7,8,736803054736822272,4089,Gerald Everett,TE,11.3,1,0
2022,7,8,736803054736822272,24,Matt Ryan,QB,10.42,1,0
2022,7,8,736803054736822272,5955,Hunter Renfrow,WR,8.5,0,0
2022,7,8,736803054736822272,NE,New England Patriots,DEF,5.5,1,0
2022,7,8,736803054736822272,1479,Keenan Allen,WR,3.1,0,0
2022,7,8,736803054736822272,391,Ryan Succop,K,3.0,1,0
2022,7,8,736803054736822272,5846,DK Metcalf,WR,2.2,1,0
2022,7,8,736803054736822272,5916,Darrell Henderson,RB,0,0,0
2022,7,8,736803054736822272,6904,Jalen Hurts,QB,0,0,0
2022,7,8,736803054736822272,8121,Romeo Doubs,WR,0,1,0
2022,7,8,736803054736822272,BUF,Buffalo Bills,DEF,0,0,0
2022,7,9,710284244835979264,5870,Daniel Jones,QB,29.28,1,0
2022,7,9,710284244835979264,4046,Patrick Mahomes,QB,27.42,1,0
2022,7,9,710284244835979264,4111,D'Onta Foreman,RB,17.0,1,0
2022,7,9,710284244835979264,4033,David Njoku,TE,14.1,1,0
2022,7,9,710284244835979264,503,Graham Gano,K,11.0,1,0
2022,7,9,710284244835979264,6786,CeeDee Lamb,WR,10.6,1,0
2022,7,9,710284244835979264,7607,Michael Carter,RB,9.4,0,0
2022,7,9,710284244835979264,6820,Clyde Edwards-Helaire,RB,9.2,1,0
2022,7,9,710284244835979264,LV,Las Vegas Raiders,DEF,8.25,1,0
2022,7,9,710284244835979264,8146,Garrett Wilson,WR,6.4,0,0
2022,7,9,710284244835979264,8112,Drake London,WR,1.9,1,0
2022,7,9,710284244835979264,7547,Amon-Ra St. Brown,WR,1.4,1,0
2022,7,9,710284244835979264,4017,Deshaun Watson,QB,0,0,0
2022,7,9,710284244835979264,4029,Dalvin Cook,RB,0,0,0
2022,7,9,710284244835979264,6943,Gabe Davis,WR,0,0,0
2022,7,9,710284244835979264,SF,San Francisco 49ers,DEF,-4.25,0,0
2022,7,10,475399371639222272,6770,Joe Burrow,QB,41.74,1,0
2022,7,10,475399371639222272,4663,Austin Ekeler,RB,35.7,1,0
2022,7,10,475399371639222272,2133,Davante Adams,WR,17.5,1,0
2022,7,10,475399371639222272,7608,Khalil Herbert,RB,15.7,0,0
2022,7,10,475399371639222272,7600,Pat Freiermuth,TE,15.5,1,0
2022,7,10,475399371639222272,8155,Breece Hall,RB,14.7,1,0
2022,7,10,475399371639222272,6801,Tee Higgins,WR,14.3,1,0
2022,7,10,475399371639222272,3321,Tyreek Hill,WR,14.2,1,0
2022,7,10,475399371639222272,3294,Dak Prescott,QB,12.28,1,0
2022,7,10,475399371639222272,5001,Dalton Schultz,TE,9.9,0,0
2022,7,10,475399371639222272,1049,Ryan Tannehill,QB,3.88,0,0
2022,7,10,475399371639222272,TB,Tampa Bay Buccaneers,DEF,3.25,1,0
2022,7,10,475399371639222272,3467,Taylor Bertolet,K,3.0,1,0
2022,7,10,475399371639222272,5000,Chase Edmonds,RB,1.7,0,0
2022,7,10,475399371639222272,1535,Cordarrelle Patterson,RB,0,0,0
2022,7,10,475399371639222272,1689,Adam Thielen,WR,0,0,0
2022,7,10,475399371639222272,4197,Isaiah McKenzie,WR,0,0,0
2022,8,1,608781531883859968,4881,Lamar Jackson,QB,22.32,1,0
2022,8,1,608781531883859968,7611,Rhamondre Stevenson,RB,21.3,1,0
2022,8,1,608781531883859968,6803,Brandon Aiyuk,WR,20.1,1,0
2022,8,1,608781531883859968,8131,Isaiah Likely,TE,19.7,0,0
2022,8,1,608781531883859968,2216,Mike Evans,WR,18.8,1,0
2022,8,1,608781531883859968,4866,Saquon Barkley,RB,15.2,1,0
2022,8,1,608781531883859968,TEN,Tennessee Titans,DEF,12.75,1,0
2022,8,1,608781531883859968,8136,Rachaad White,RB,7.3,0,0
2022,8,1,608781531883859968,6126,Irv Smith,TE,6.8,1,0
2022,8,1,608781531883859968,7523,Trevor Lawrence,QB,5.82,1,0
2022,8,1,608781531883859968,6813,Jonathan Taylor,RB,5.6,1,0
2022,8,1,608781531883859968,8161,Malik Willis,QB,1.4,0,0
2022,8,1,608781531883859968,1466,Travis Kelce,TE,0,0,0
2022,8,1,608781531883859968,5095,Daniel Carlson,K,0,1,0
2022,8,1,608781531883859968,5848,Marquise Brown,WR,0,0,0
2022,8,1,608781531883859968,7564,Ja'Marr Chase,WR,0,0,0
2022,8,1,608781531883859968,7606,Kadarius Toney,WR,0,0,0
2022,8,1,608781531883859968,7670,Joshua Palmer,WR,0,0,0
2022,8,1,608781531883859968,8148,Jameson Williams,WR,0,0,0
2022,8,2,736077599457026048,5859,A.J. Brown,WR,40.1,1,0
2022,8,2,736077599457026048,4034,Christian McCaffrey,RB,39.26,1,0
2022,8,2,736077599457026048,167,Tom Brady,QB,17.6,1,0
2022,8,2,736077599457026048,96,Aaron Rodgers,QB,15.22,0,0
2022,8,2,736077599457026048,8129,Dameon Pierce,RB,14.1,1,0
2022,8,2,736077599457026048,1234,Russell Wilson,QB,13.78,1,0
2022,8,2,736077599457026048,5022,Dallas Goedert,TE,12.4,1,0
2022,8,2,736077599457026048,8151,Kenneth Walker,RB,12.2,1,0
2022,8,2,736077599457026048,2747,Jason Myers,K,11.0,1,0
2022,8,2,736077599457026048,8144,Chris Olave,WR,10.2,1,0
2022,8,2,736077599457026048,5937,Diontae Johnson,WR,8.5,0,0
2022,8,2,736077599457026048,8195,Ronnie Rivers,RB,7.6,0,0
2022,8,2,736077599457026048,5890,Damien Harris,RB,7.2,0,0
2022,8,2,736077599457026048,IND,Indianapolis Colts,DEF,5.5,1,0
2022,8,2,736077599457026048,2505,Darren Waller,TE,0,0,0
2022,8,2,736077599457026048,5872,Deebo Samuel,WR,0,0,0
2022,8,2,736077599457026048,7571,Rashod Bateman,WR,0,0,0
2022,8,3,737091087440674816,4988,Nick Chubb,RB,25.9,1,0
2022,8,3,737091087440674816,1166,Kirk Cousins,QB,23.48,1,0
2022,8,3,737091087440674816,2309,Amari Cooper,WR,22.6,1,0
2022,8,3,737091087440674816,2307,Marcus Mariota,QB,22.42,1,0
2022,8,3,737091087440674816,6794,Justin Jefferson,WR,15.8,1,0
2022,8,3,737091087440674816,7528,Najee Harris,RB,11.96,1,0
2022,8,3,737091087440674816,4098,Kareem Hunt,RB,11.2,0,0
2022,8,3,737091087440674816,5844,T.J. Hockenson,TE,11.0,1,0
2022,8,3,737091087440674816,5892,David Montgomery,RB,8.5,0,0
2022,8,3,737091087440674816,JAX,Jacksonville Jaguars,DEF,8.25,1,0
2022,8,3,737091087440674816,4973,Hayden Hurst,TE,8.2,0,0
2022,8,3,737091087440674816,1264,Justin Tucker,K,7.0,1,0
2022,8,3,737091087440674816,4950,Christian Kirk,WR,7.0,1,0
2022,8,3,737091087440674816,8160,Kenny Pickett,QB,6.84,0,0
2022,8,3,737091087440674816,4068,Mike Williams,WR,0,0,0
2022,8,3,737091087440674816,7594,Chuba Hubbard,RB,0,0,0
2022,8,4,736744257179770880,7591,Justin Fields,QB,26.04,1,0
2022,8,4,736744257179770880,7553,Kyle Pitts,TE,19.0,0,0
2022,8,4,736744257179770880,1837,Jimmy Garoppolo,QB,17.7,1,0
2022,8,4,736744257179770880,4018,Joe Mixon,RB,12.9,1,0
2022,8,4,736744257179770880,3225,Tyler Boyd,WR,12.8,1,0
2022,8,4,736744257179770880,2197,Brandin Cooks,WR,11.3,0,0
2022,8,4,736744257179770880,6130,Devin Singletary,RB,9.3,1,0
2022,8,4,736744257179770880,5850,Josh Jacobs,RB,7.4,1,0
2022,8,4,736744257179770880,7525,DeVonta Smith,WR,7.3,1,0
2022,8,4,736744257179770880,5012,Mark Andrews,TE,6.3,1,0
2022,8,4,736744257179770880,BAL,Baltimore Ravens,DEF,5.25,1,0
2022,8,4,736744257179770880,4171,Josh Reynolds,WR,3.4,0,0
2022,8,4,736744257179770880,5045,Courtland Sutton,WR,2.3,0,0
2022,8,4,736744257179770880,3199,Michael Thomas,WR,0,0,0
2022,8,4,736744257179770880,6797,Justin Herbert,QB,0,0,0
2022,8,4,736744257179770880,7839,Evan McPherson,K,-3.0,1,0
2022,8,5,716698629934481408,3198,Derrick Henry,RB,36.8,1,0
2022,8,5,716698629934481408,1426,DeAndre Hopkins,WR,34.4,1,0
2022,8,5,716698629934481408,4983,DJ Moore,WR,29.5,1,0
2022,8,5,716698629934481408,7543,Travis Etienne,RB,25.7,1,0
2022,8,5,716698629934481408,4149,Jamaal Williams,RB,22.6,0,0
2022,8,5,716698629934481408,2449,Stefon Diggs,WR,22.3,1,0
2022,8,5,716698629934481408,3163,Jared Goff,QB,19.14,1,0
2022,8,5,716698629934481408,421,Matthew Stafford,QB,17.38,1,0
2022,8,5,716698629934481408,3242,Kenyan Drake,RB,16.7,0,0
2022,8,5,716698629934481408,4666,Younghoe Koo,K,14.0,1,0
2022,8,5,716698629934481408,DAL,Dallas Cowboys,DEF,12.0,1,0
2022,8,5,716698629934481408,3271,Tyler Higbee,TE,3.5,1,0
2022,8,5,716698629934481408,6955,James Robinson,RB,1.7,0,0
2022,8,5,716698629934481408,5185,Allen Lazard,WR,0,0,0
2022,8,5,716698629934481408,5917,Mecole Hardman,WR,0,0,0
2022,8,5,716698629934481408,7561,Elijah Mitchell,RB,0,0,0
2022,8,5,716698629934481408,8137,George Pickens,WR,0,0,0
2022,8,6,736740647758938112,4035,Alvin Kamara,RB,42.8,1,0
2022,8,6,736740647758938112,6768,Tua Tagovailoa,QB,29.68,1,0
2022,8,6,736740647758938112,5849,Kyler Murray,QB,24.14,1,0
2022,8,6,736740647758938112,4039,Cooper Kupp,WR,22.9,1,0
2022,8,6,736740647758938112,6783,Jerry Jeudy,WR,18.3,1,0
2022,8,6,736740647758938112,2374,Tyler Lockett,WR,15.3,1,0
2022,8,6,736740647758938112,2320,Melvin Gordon,RB,14.2,0,0
2022,8,6,736740647758938112,6151,Miles Sanders,RB,13.8,1,0
2022,8,6,736740647758938112,1339,Zach Ertz,TE,13.4,1,0
2022,8,6,736740647758938112,5347,Nyheim Miller-Hines,RB,12.9,0,0
2022,8,6,736740647758938112,6886,Chase Claypool,WR,12.54,0,0
2022,8,6,736740647758938112,6083,Matt Gay,K,2.0,1,0
2022,8,6,736740647758938112,MIA,Miami Dolphins,DEF,0.75,1,0
2022,8,6,736740647758938112,4040,JuJu Smith-Schuster,WR,0,0,0
2022,8,6,736740647758938112,4137,James Conner,RB,0,0,0
2022,8,6,736740647758938112,4227,Harrison Butker,K,0,0,0
2022,8,6,736740647758938112,6938,Cam Akers,RB,0,0,0
2022,8,7,735974647736213504,1373,Geno Smith,QB,19.08,0,0
2022,8,7,735974647736213504,4984,Josh Allen,QB,17.62,1,0
2022,8,7,735974647736213504,829,Andy Dalton,QB,17.16,1,0
2022,8,7,735974647736213504,6790,D'Andre Swift,RB,14.3,1,0
2022,8,7,735974647736213504,4037,Chris Godwin,WR,13.5,1,0
2022,8,7,735974647736213504,PHI,Philadelphia Eagles,DEF,13.5,1,0
2022,8,7,735974647736213504,4217,George Kittle,TE,12.9,1,0
2022,8,7,735974647736213504,6819,Michael Pittman,WR,12.3,1,0
2022,8,7,735974647736213504,7090,Darnell Mooney,WR,12.0,0,0
2022,8,7,735974647736213504,4082,Curtis Samuel,WR,10.9,0,0
2022,8,7,735974647736213504,5119,Jason Sanders,K,8.0,1,0
2022,8,7,735974647736213504,2749,Raheem Mostert,RB,7.7,1,0
2022,8,7,735974647736213504,6828,AJ Dillon,RB,7.3,0,0
2022,8,7,735974647736213504,8126,Wan'Dale Robinson,WR,3.5,0,0
2022,8,7,735974647736213504,8154,Brian Robinson,RB,2.0,0,0
2022,8,7,735974647736213504,2133,Davante Adams,WR,1.2,1,0
2022,8,8,736803054736822272,5967,Tony Pollard,RB,35.7,1,0
2022,8,8,736803054736822272,6904,Jalen Hurts,QB,28.4,1,0
2022,8,8,736803054736822272,2711,Taylor Heinicke,QB,22.06,0,0
2022,8,8,736803054736822272,5947,Jakobi Meyers,WR,21.0,0,0
2022,8,8,736803054736822272,4199,Aaron Jones,RB,20.2,1,0
2022,8,8,736803054736822272,5846,DK Metcalf,WR,17.5,1,0
2022,8,8,736803054736822272,5927,Terry McLaurin,WR,17.1,1,0
2022,8,8,736803054736822272,8121,Romeo Doubs,WR,16.2,0,0
2022,8,8,736803054736822272,3969,Leonard Fournette,RB,14.8,1,0
2022,8,8,736803054736822272,4993,Mike Gesicki,TE,12.8,1,0
2022,8,8,736803054736822272,391,Ryan Succop,K,10.0,1,0
2022,8,8,736803054736822272,BUF,Buffalo Bills,DEF,6.0,1,0
2022,8,8,736803054736822272,5916,Darrell Henderson,RB,5.0,0,0
2022,8,8,736803054736822272,2028,Derek Carr,QB,1.94,1,0
2022,8,8,736803054736822272,1479,Keenan Allen,WR,0,0,0
2022,8,8,736803054736822272,4089,Gerald Everett,TE,0,0,0
2022,8,9,710284244835979264,4111,D'Onta Foreman,RB,32.3,1,0
2022,8,9,710284244835979264,4029,Dalvin Cook,RB,25.6,1,0
2022,8,9,710284244835979264,6786,CeeDee Lamb,WR,18.8,1,0
2022,8,9,710284244835979264,8146,Garrett Wilson,WR,18.0,0,0
2022,8,9,710284244835979264,7547,Amon-Ra St. Brown,WR,13.9,1,0
2022,8,9,710284244835979264,7607,Michael Carter,RB,10.1,1,0
2022,8,9,710284244835979264,5906,Dawson Knox,TE,9.0,1,0
2022,8,9,710284244835979264,5870,Daniel Jones,QB,8.04,1,0
2022,8,9,710284244835979264,503,Graham Gano,K,8.0,1,0
2022,8,9,710284244835979264,8112,Drake London,WR,7.1,0,0
2022,8,9,710284244835979264,SF,San Francisco 49ers,DEF,6.0,1,0
2022,8,9,710284244835979264,6943,Gabe Davis,WR,5.5,1,0
2022,8,9,710284244835979264,1352,Robert Woods,WR,2.6,0,0
2022,8,9,710284244835979264,4017,Deshaun Watson,QB,0,0,0
2022,8,9,710284244835979264,4033,David Njoku,TE,0,0,0
2022,8,9,710284244835979264,4046,Patrick Mahomes,QB,0,0,0
2022,8,9,710284244835979264,6820,Clyde Edwards-Helaire,RB,0,0,0
2022,8,10,475399371639222272,3321,Tyreek Hill,WR,32.0,1,0
2022,8,10,475399371639222272,7526,Jaylen Waddle,WR,31.1,1,0
2022,8,10,475399371639222272,3294,Dak Prescott,QB,25.4,1,0
2022,8,10,475399371639222272,7608,Khalil Herbert,RB,15.9,0,0
2022,8,10,475399371639222272,6801,Tee Higgins,WR,14.4,1,0
2022,8,10,475399371639222272,6770,Joe Burrow,QB,13.98,1,0
2022,8,10,475399371639222272,5001,Dalton Schultz,TE,13.4,0,0
2022,8,10,475399371639222272,1689,Adam Thielen,WR,12.7,0,0
2022,8,10,475399371639222272,NE,New England Patriots,DEF,10.5,1,0
2022,8,10,475399371639222272,7042,Tyler Bass,K,10.0,1,0
2022,8,10,475399371639222272,7600,Pat Freiermuth,TE,9.7,1,0
2022,8,10,475399371639222272,6951,Eno Benjamin,RB,8.5,1,0
2022,8,10,475399371639222272,5248,Gus Edwards,RB,6.5,1,0
2022,8,10,475399371639222272,TB,Tampa Bay Buccaneers,DEF,2.25,0,0
2022,8,10,475399371639222272,5000,Chase Edmonds,RB,1.4,0,0
2022,8,10,475399371639222272,1535,Cordarrelle Patterson,RB,0,0,0
2022,8,10,475399371639222272,3164,Ezekiel Elliott,RB,0,0,0
2022,8,10,475399371639222272,4663,Austin Ekeler,RB,0,0,0
2022,9,1,608781531883859968,1466,Travis Kelce,TE,21.1,1,0
2022,9,1,608781531883859968,7670,Joshua Palmer,WR,19.1,1,0
2022,9,1,608781531883859968,7523,Trevor Lawrence,QB,17.2,1,0
2022,9,1,608781531883859968,4881,Lamar Jackson,QB,16.52,1,0
2022,9,1,608781531883859968,7611,Rhamondre Stevenson,RB,16.0,1,0
2022,9,1,608781531883859968,KC,Kansas City Chiefs,DEF,9.25,1,0
2022,9,1,608781531883859968,2216,Mike Evans,WR,9.0,1,0
2022,9,1,608781531883859968,5095,Daniel Carlson,K,8.0,1,0
2022,9,1,608781531883859968,7551,Deon Jackson,RB,5.6,1,0
2022,9,1,608781531883859968,7606,Kadarius Toney,WR,3.2,1,0
2022,9,1,608781531883859968,4866,Saquon Barkley,RB,0,0,0
2022,9,1,608781531883859968,5848,Marquise Brown,WR,0,0,0
2022,9,1,608781531883859968,5870,Daniel Jones,QB,0,0,0
2022,9,1,608781531883859968,6803,Brandon Aiyuk,WR,0,0,0
2022,9,1,608781531883859968,6813,Jonathan Taylor,RB,0,0,0
2022,9,1,608781531883859968,7564,Ja'Marr Chase,WR,0,0,0
2022,9,1,608781531883859968,8148,Jameson Williams,WR,0,0,0
2022,9,2,736077599457026048,8151,Kenneth Walker,RB,28.4,1,0
2022,9,2,736077599457026048,5022,Dallas Goedert,TE,24.5,1,0
2022,9,2,736077599457026048,7090,Darnell Mooney,WR,17.5,0,0
2022,9,2,736077599457026048,5859,A.J. Brown,WR,15.9,1,0
2022,9,2,736077599457026048,167,Tom Brady,QB,15.7,1,0
2022,9,2,736077599457026048,8129,Dameon Pierce,RB,14.4,1,0
2022,9,2,736077599457026048,96,Aaron Rodgers,QB,13.64,1,0
2022,9,2,736077599457026048,8144,Chris Olave,WR,13.1,1,0
2022,9,2,736077599457026048,TB,Tampa Bay Buccaneers,DEF,12.0,1,0
2022,9,2,736077599457026048,2747,Jason Myers,K,8.0,1,0
2022,9,2,736077599457026048,6945,Antonio Gibson,RB,6.7,1,0
2022,9,2,736077599457026048,4066,Evan Engram,TE,1.8,0,0
2022,9,2,736077599457026048,6847,Devin Duvernay,WR,1.5,0,0
2022,9,2,736077599457026048,1234,Russell Wilson,QB,0,0,0
2022,9,2,736077599457026048,4034,Christian McCaffrey,RB,0,0,0
2022,9,2,736077599457026048,5872,Deebo Samuel,WR,0,0,0
2022,9,2,736077599457026048,5937,Diontae Johnson,WR,0,0,0
2022,9,3,737091087440674816,6794,Justin Jefferson,WR,26.0,1,0
2022,9,3,737091087440674816,4950,Christian Kirk,WR,21.6,1,0
2022,9,3,737091087440674816,1166,Kirk Cousins,QB,16.4,1,0
2022,9,3,737091087440674816,5844,T.J. Hockenson,TE,16.0,1,0
2022,9,3,737091087440674816,7601,Rondale Moore,WR,14.9,1,0
2022,9,3,737091087440674816,1264,Justin Tucker,K,10.0,1,0
2022,9,3,737091087440674816,2307,Marcus Mariota,QB,7.56,1,0
2022,9,3,737091087440674816,JAX,Jacksonville Jaguars,DEF,7.5,1,0
2022,9,3,737091087440674816,8154,Brian Robinson,RB,5.8,1,0
2022,9,3,737091087440674816,5892,David Montgomery,RB,5.4,1,0
2022,9,3,737091087440674816,2309,Amari Cooper,WR,0,0,0
2022,9,3,737091087440674816,4068,Mike Williams,WR,0,0,0
2022,9,3,737091087440674816,4098,Kareem Hunt,RB,0,0,0
2022,9,3,737091087440674816,4988,Nick Chubb,RB,0,0,0
2022,9,3,737091087440674816,7528,Najee Harris,RB,0,0,0
2022,9,3,737091087440674816,8160,Kenny Pickett,QB,0,0,0
2022,9,4,736744257179770880,4018,Joe Mixon,RB,55.6,1,0
2022,9,4,736744257179770880,7591,Justin Fields,QB,44.72,1,0
2022,9,4,736744257179770880,6797,Justin Herbert,QB,12.6,1,0
2022,9,4,736744257179770880,5850,Josh Jacobs,RB,11.7,1,0
2022,9,4,736744257179770880,BAL,Baltimore Ravens,DEF,11.5,1,0
2022,9,4,736744257179770880,3225,Tyler Boyd,WR,9.4,1,0
2022,9,4,736744257179770880,8131,Isaiah Likely,TE,9.4,0,0
2022,9,4,736744257179770880,6130,Devin Singletary,RB,8.8,1,0
2022,9,4,736744257179770880,7553,Kyle Pitts,TE,4.7,1,0
2022,9,4,736744257179770880,7525,DeVonta Smith,WR,4.2,1,0
2022,9,4,736744257179770880,7839,Evan McPherson,K,3.0,1,0
2022,9,4,736744257179770880,1837,Jimmy Garoppolo,QB,0,0,0
2022,9,4,736744257179770880,2197,Brandin Cooks,WR,0,0,0
2022,9,4,736744257179770880,5012,Mark Andrews,TE,0,0,0
2022,9,4,736744257179770880,5045,Courtland Sutton,WR,0,0,0
2022,9,5,716698629934481408,7543,Travis Etienne,RB,27.1,1,0
2022,9,5,716698629934481408,3242,Kenyan Drake,RB,24.9,0,0
2022,9,5,716698629934481408,3198,Derrick Henry,RB,24.0,1,0
2022,9,5,716698629934481408,5185,Allen Lazard,WR,18.7,0,0
2022,9,5,716698629934481408,2449,Stefon Diggs,WR,14.3,1,0
2022,9,5,716698629934481408,1426,DeAndre Hopkins,WR,13.6,1,0
2022,9,5,716698629934481408,6955,James Robinson,RB,13.3,0,0
2022,9,5,716698629934481408,3163,Jared Goff,QB,11.38,1,0
2022,9,5,716698629934481408,421,Matthew Stafford,QB,10.5,1,0
2022,9,5,716698629934481408,4149,Jamaal Williams,RB,10.1,0,0
2022,9,5,716698629934481408,MIN,Minnesota Vikings,DEF,8.75,1,0
2022,9,5,716698629934481408,4983,DJ Moore,WR,4.4,1,0
2022,9,5,716698629934481408,4666,Younghoe Koo,K,3.0,1,0
2022,9,5,716698629934481408,3271,Tyler Higbee,TE,0,1,0
2022,9,5,716698629934481408,7561,Elijah Mitchell,RB,0,0,0
2022,9,5,716698629934481408,8137,George Pickens,WR,0,0,0
2022,9,5,716698629934481408,DAL,Dallas Cowboys,DEF,0,0,0
2022,9,6,736740647758938112,4039,Cooper Kupp,WR,27.8,1,0
2022,9,6,736740647758938112,6768,Tua Tagovailoa,QB,23.08,1,0
2022,9,6,736740647758938112,4040,JuJu Smith-Schuster,WR,18.8,1,0
2022,9,6,736740647758938112,5849,Kyler Murray,QB,18.5,1,0
2022,9,6,736740647758938112,2374,Tyler Lockett,WR,17.7,1,0
2022,9,6,736740647758938112,6151,Miles Sanders,RB,15.3,1,0
2022,9,6,736740647758938112,1339,Zach Ertz,TE,15.0,1,0
2022,9,6,736740647758938112,4137,James Conner,RB,11.4,0,0
2022,9,6,736740647758938112,4035,Alvin Kamara,RB,9.2,1,0
2022,9,6,736740647758938112,MIA,Miami Dolphins,DEF,9.0,1,0
2022,9,6,736740647758938112,6886,Chase Claypool,WR,3.7,0,0
2022,9,6,736740647758938112,4227,Harrison Butker,K,2.0,1,0
2022,9,6,736740647758938112,2320,Melvin Gordon,RB,0,0,0
2022,9,6,736740647758938112,2505,Darren Waller,TE,0,0,0
2022,9,6,736740647758938112,5347,Nyheim Miller-Hines,RB,0,0,0
2022,9,6,736740647758938112,6783,Jerry Jeudy,WR,0,0,0
2022,9,7,735974647736213504,2133,Davante Adams,WR,37.1,1,0
2022,9,7,735974647736213504,4984,Josh Allen,QB,22.8,1,0
2022,9,7,735974647736213504,1373,Geno Smith,QB,21.3,1,0
2022,9,7,735974647736213504,4082,Curtis Samuel,WR,17.6,0,0
2022,9,7,735974647736213504,829,Andy Dalton,QB,10.9,0,0
2022,9,7,735974647736213504,4037,Chris Godwin,WR,10.7,1,0
2022,9,7,735974647736213504,2749,Raheem Mostert,RB,8.6,1,0
2022,9,7,735974647736213504,6790,D'Andre Swift,RB,8.0,1,0
2022,9,7,735974647736213504,PHI,Philadelphia Eagles,DEF,7.75,1,0
2022,9,7,735974647736213504,6083,Matt Gay,K,7.0,1,0
2022,9,7,735974647736213504,6828,AJ Dillon,RB,5.4,0,0
2022,9,7,735974647736213504,6819,Michael Pittman,WR,5.2,1,0
2022,9,7,735974647736213504,8205,Isiah Pacheco,RB,1.9,0,0
2022,9,7,735974647736213504,4381,Taysom Hill,TE,1.12,1,0
2022,9,7,735974647736213504,4217,George Kittle,TE,0,0,0
2022,9,7,735974647736213504,8126,Wan'Dale Robinson,WR,0,0,0
2022,9,8,736803054736822272,6904,Jalen Hurts,QB,19.02,1,0
2022,9,8,736803054736822272,2028,Derek Carr,QB,18.36,0,0
2022,9,8,736803054736822272,5846,DK Metcalf,WR,14.7,1,0
2022,9,8,736803054736822272,2711,Taylor Heinicke,QB,13.66,1,0
2022,9,8,736803054736822272,3969,Leonard Fournette,RB,11.0,1,0
2022,9,8,736803054736822272,5927,Terry McLaurin,WR,10.6,1,0
2022,9,8,736803054736822272,391,Ryan Succop,K,10.0,1,0
2022,9,8,736803054736822272,4089,Gerald Everett,TE,8.6,1,0
2022,9,8,736803054736822272,5947,Jakobi Meyers,WR,7.4,1,0
2022,9,8,736803054736822272,4199,Aaron Jones,RB,6.5,1,0
2022,9,8,736803054736822272,5916,Darrell Henderson,RB,5.6,0,0
2022,9,8,736803054736822272,BUF,Buffalo Bills,DEF,5.5,1,0
2022,9,8,736803054736822272,8121,Romeo Doubs,WR,2.8,0,0
2022,9,8,736803054736822272,4993,Mike Gesicki,TE,1.3,0,0
2022,9,8,736803054736822272,1479,Keenan Allen,WR,0,0,0
2022,9,8,736803054736822272,5967,Tony Pollard,RB,0,0,0
2022,9,9,710284244835979264,4046,Patrick Mahomes,QB,35.64,1,0
2022,9,9,710284244835979264,8146,Garrett Wilson,WR,16.9,0,0
2022,9,9,710284244835979264,7607,Michael Carter,RB,15.6,1,0
2022,9,9,710284244835979264,4029,Dalvin Cook,RB,13.6,1,0
2022,9,9,710284244835979264,7538,Zach Wilson,QB,10.56,1,0
2022,9,9,710284244835979264,CIN,Cincinnati Bengals,DEF,10.0,1,0
2022,9,9,710284244835979264,7547,Amon-Ra St. Brown,WR,9.5,1,0
2022,9,9,710284244835979264,6943,Gabe Davis,WR,5.3,1,0
2022,9,9,710284244835979264,5985,Foster Moreau,TE,4.4,1,0
2022,9,9,710284244835979264,4111,D'Onta Foreman,RB,4.1,1,0
2022,9,9,710284244835979264,8112,Drake London,WR,3.3,0,0
2022,9,9,710284244835979264,17,Matt Prater,K,3.0,1,0
2022,9,9,710284244835979264,6820,Clyde Edwards-Helaire,RB,2.9,0,0
2022,9,9,710284244835979264,4017,Deshaun Watson,QB,0,0,0
2022,9,9,710284244835979264,4033,David Njoku,TE,0,0,0
2022,9,9,710284244835979264,6786,CeeDee Lamb,WR,0,0,0
2022,9,9,710284244835979264,SF,San Francisco 49ers,DEF,0,0,0
2022,9,10,475399371639222272,NE,New England Patriots,DEF,29.25,1,0
2022,9,10,475399371639222272,3321,Tyreek Hill,WR,27.8,1,0
2022,9,10,475399371639222272,4663,Austin Ekeler,RB,24.1,1,0
2022,9,10,475399371639222272,7526,Jaylen Waddle,WR,19.5,1,0
2022,9,10,475399371639222272,6770,Joe Burrow,QB,19.14,1,0
2022,9,10,475399371639222272,1535,Cordarrelle Patterson,RB,18.3,1,0
2022,9,10,475399371639222272,6801,Tee Higgins,WR,13.0,1,0
2022,9,10,475399371639222272,1689,Adam Thielen,WR,9.7,0,0
2022,9,10,475399371639222272,7527,Mac Jones,QB,9.68,1,0
2022,9,10,475399371639222272,4973,Hayden Hurst,TE,8.5,1,0
2022,9,10,475399371639222272,7042,Tyler Bass,K,5.0,1,0
2022,9,10,475399371639222272,6951,Eno Benjamin,RB,3.7,0,0
2022,9,10,475399371639222272,7608,Khalil Herbert,RB,2.3,0,0
2022,9,10,475399371639222272,3164,Ezekiel Elliott,RB,0,0,0
2022,9,10,475399371639222272,3294,Dak Prescott,QB,0,0,0
2022,9,10,475399371639222272,5248,Gus Edwards,RB,0,0,0
2022,9,10,475399371639222272,7600,Pat Freiermuth,TE,0,0,0
2022,10,1,608781531883859968,6813,Jonathan Taylor,RB,26.3,1,0
2022,10,1,608781531883859968,4866,Saquon Barkley,RB,23.5,1,0
2022,10,1,608781531883859968,7523,Trevor Lawrence,QB,21.46,1,0
2022,10,1,608781531883859968,1466,Travis Kelce,TE,20.1,1,0
2022,10,1,608781531883859968,5870,Daniel Jones,QB,19.28,1,0
2022,10,1,608781531883859968,7606,Kadarius Toney,WR,19.0,0,0
2022,10,1,608781531883859968,6803,Brandon Aiyuk,WR,12.4,1,0
2022,10,1,608781531883859968,8136,Rachaad White,RB,11.0,0,0
2022,10,1,608781531883859968,2216,Mike Evans,WR,10.4,1,0
2022,10,1,608781531883859968,7670,Joshua Palmer,WR,7.4,1,0
2022,10,1,608781531883859968,KC,Kansas City Chiefs,DEF,5.75,1,0
2022,10,1,608781531883859968,5095,Daniel Carlson,K,2.0,1,0
2022,10,1,608781531883859968,4881,Lamar Jackson,QB,0,0,0
2022,10,1,608781531883859968,5848,Marquise Brown,WR,0,0,0
2022,10,1,608781531883859968,7564,Ja'Marr Chase,WR,0,0,0
2022,10,1,608781531883859968,7611,Rhamondre Stevenson,RB,0,0,0
2022,10,1,608781531883859968,8148,Jameson Williams,WR,0,0,0
2022,10,2,736077599457026048,96,Aaron Rodgers,QB,20.36,0,0
2022,10,2,736077599457026048,4034,Christian McCaffrey,RB,17.7,1,0
2022,10,2,736077599457026048,167,Tom Brady,QB,16.02,1,0
2022,10,2,736077599457026048,6945,Antonio Gibson,RB,14.8,0,0
2022,10,2,736077599457026048,8151,Kenneth Walker,RB,13.2,1,0
2022,10,2,736077599457026048,1234,Russell Wilson,QB,12.24,1,0
2022,10,2,736077599457026048,8129,Dameon Pierce,RB,12.2,1,0
2022,10,2,736077599457026048,5937,Diontae Johnson,WR,10.3,0,0
2022,10,2,736077599457026048,7090,Darnell Mooney,WR,9.7,0,0
2022,10,2,736077599457026048,5022,Dallas Goedert,TE,9.3,1,0
2022,10,2,736077599457026048,5872,Deebo Samuel,WR,7.1,0,0
2022,10,2,736077599457026048,8144,Chris Olave,WR,7.0,1,0
2022,10,2,736077599457026048,8150,Kyren Williams,RB,6.9,0,0
2022,10,2,736077599457026048,2747,Jason Myers,K,6.0,1,0
2022,10,2,736077599457026048,NO,New Orleans Saints,DEF,5.5,1,0
2022,10,2,736077599457026048,5859,A.J. Brown,WR,1.7,1,0
2022,10,2,736077599457026048,5917,Mecole Hardman,WR,0,0,0
2022,10,3,737091087440674816,6794,Justin Jefferson,WR,35.8,1,0
2022,10,3,737091087440674816,4950,Christian Kirk,WR,32.0,1,0
2022,10,3,737091087440674816,8160,Kenny Pickett,QB,19.06,0,0
2022,10,3,737091087440674816,7601,Rondale Moore,WR,18.4,0,0
2022,10,3,737091087440674816,2307,Marcus Mariota,QB,17.74,1,0
2022,10,3,737091087440674816,4988,Nick Chubb,RB,15.1,1,0
2022,10,3,737091087440674816,8154,Brian Robinson,RB,14.6,0,0
2022,10,3,737091087440674816,1166,Kirk Cousins,QB,13.98,1,0
2022,10,3,737091087440674816,5844,T.J. Hockenson,TE,11.5,1,0
2022,10,3,737091087440674816,ARI,Arizona Cardinals,DEF,10.75,1,0
2022,10,3,737091087440674816,7528,Najee Harris,RB,8.9,1,0
2022,10,3,737091087440674816,2309,Amari Cooper,WR,6.2,1,0
2022,10,3,737091087440674816,5892,David Montgomery,RB,5.4,0,0
2022,10,3,737091087440674816,3678,Wil Lutz,K,5.0,1,0
2022,10,3,737091087440674816,4098,Kareem Hunt,RB,2.9,0,0
2022,10,3,737091087440674816,1264,Justin Tucker,K,0,0,0
2022,10,3,737091087440674816,4068,Mike Williams,WR,0,0,0
2022,10,4,736744257179770880,7591,Justin Fields,QB,41.38,1,0
2022,10,4,736744257179770880,6826,Cole Kmet,TE,24.9,1,0
2022,10,4,736744257179770880,5850,Josh Jacobs,RB,22.6,1,0
2022,10,4,736744257179770880,1837,Jimmy Garoppolo,QB,15.9,0,0
2022,10,4,736744257179770880,6130,Devin Singletary,RB,15.7,1,0
2022,10,4,736744257179770880,7525,DeVonta Smith,WR,13.9,1,0
2022,10,4,736744257179770880,5045,Courtland Sutton,WR,12.6,1,0
2022,10,4,736744257179770880,6797,Justin Herbert,QB,11.04,1,0
2022,10,4,736744257179770880,5038,Michael Gallup,WR,7.5,1,0
2022,10,4,736744257179770880,LAR,Los Angeles Rams,DEF,5.5,1,0
2022,10,4,736744257179770880,7565,Terrace Marshall,WR,5.3,0,0
2022,10,4,736744257179770880,4195,Jake Elliott,K,3.0,1,0
2022,10,4,736744257179770880,3225,Tyler Boyd,WR,0,0,0
2022,10,4,736744257179770880,4018,Joe Mixon,RB,0,0,0
2022,10,4,736744257179770880,5012,Mark Andrews,TE,0,0,0
2022,10,4,736744257179770880,650,Nick Folk,K,0,0,0
2022,10,4,736744257179770880,8131,Isaiah Likely,TE,0,0,0
2022,10,4,736744257179770880,BAL,Baltimore Ravens,DEF,0,0,0
2022,10,5,716698629934481408,2449,Stefon Diggs,WR,25.3,1,0
2022,10,5,716698629934481408,1426,DeAndre Hopkins,WR,19.8,1,0
2022,10,5,716698629934481408,3271,Tyler Higbee,TE,15.3,1,0
2022,10,5,716698629934481408,8137,George Pickens,WR,14.5,0,0
2022,10,5,716698629934481408,3163,Jared Goff,QB,13.84,1,0
2022,10,5,716698629934481408,4149,Jamaal Williams,RB,11.9,1,0
2022,10,5,716698629934481408,7543,Travis Etienne,RB,10.3,1,0
2022,10,5,716698629934481408,7561,Elijah Mitchell,RB,9.8,0,0
2022,10,5,716698629934481408,3198,Derrick Henry,RB,8.7,1,0
2022,10,5,716698629934481408,5185,Allen Lazard,WR,7.5,0,0
2022,10,5,716698629934481408,4983,DJ Moore,WR,6.9,1,0
2022,10,5,716698629934481408,DAL,Dallas Cowboys,DEF,3.0,1,0
2022,10,5,716698629934481408,4666,Younghoe Koo,K,1.0,1,0
2022,10,5,716698629934481408,3242,Kenyan Drake,RB,0,0,0
2022,10,5,716698629934481408,421,Matthew Stafford,QB,0,0,0
2022,10,5,716698629934481408,6955,James Robinson,RB,0,0,0
2022,10,6,736740647758938112,6768,Tua Tagovailoa,QB,23.9,1,0
2022,10,6,736740647758938112,4137,James Conner,RB,23.6,1,0
2022,10,6,736740647758938112,6824,Donovan Peoples-Jones,WR,14.9,0,0
2022,10,6,736740647758938112,2374,Tyler Lockett,WR,13.2,1,0
2022,10,6,736740647758938112,2320,Melvin Gordon,RB,11.0,0,0
2022,10,6,736740647758938112,NYG,New York Giants,DEF,8.5,1,0
2022,10,6,736740647758938112,4035,Alvin Kamara,RB,7.5,1,0
2022,10,6,736740647758938112,6151,Miles Sanders,RB,5.4,1,0
2022,10,6,736740647758938112,4040,JuJu Smith-Schuster,WR,5.3,1,0
2022,10,6,736740647758938112,4039,Cooper Kupp,WR,2.9,1,0
2022,10,6,736740647758938112,1339,Zach Ertz,TE,2.2,1,0
2022,10,6,736740647758938112,4227,Harrison Butker,K,2.0,1,0
2022,10,6,736740647758938112,5347,Nyheim Miller-Hines,RB,1.9,0,0
2022,10,6,736740647758938112,6886,Chase Claypool,WR,1.8,0,0
2022,10,6,736740647758938112,2505,Darren Waller,TE,0,0,0
2022,10,6,736740647758938112,5849,Kyler Murray,QB,0,0,0
2022,10,6,736740647758938112,6783,Jerry Jeudy,WR,0,0,0
2022,10,7,735974647736213504,2133,Davante Adams,WR,28.6,1,0
2022,10,7,735974647736213504,5284,Jeff Wilson,RB,22.8,0,0
2022,10,7,735974647736213504,4984,Josh Allen,QB,20.1,1,0
2022,10,7,735974647736213504,1373,Geno Smith,QB,19.2,1,0
2022,10,7,735974647736213504,4037,Chris Godwin,WR,19.1,1,0
2022,10,7,735974647736213504,2749,Raheem Mostert,RB,18.7,1,0
2022,10,7,735974647736213504,6819,Michael Pittman,WR,11.3,1,0
2022,10,7,735974647736213504,6790,D'Andre Swift,RB,8.2,1,0
2022,10,7,735974647736213504,PHI,Philadelphia Eagles,DEF,7.25,1,0
2022,10,7,735974647736213504,503,Graham Gano,K,7.0,1,0
2022,10,7,735974647736213504,6828,AJ Dillon,RB,6.5,0,0
2022,10,7,735974647736213504,8205,Isiah Pacheco,RB,6.2,0,0
2022,10,7,735974647736213504,4082,Curtis Samuel,WR,6.0,0,0
2022,10,7,735974647736213504,829,Andy Dalton,QB,5.06,0,0
2022,10,7,735974647736213504,8126,Wan'Dale Robinson,WR,3.5,0,0
2022,10,7,735974647736213504,4217,George Kittle,TE,3.1,1,0
2022,10,8,736803054736822272,4199,Aaron Jones,RB,23.1,1,0
2022,10,8,736803054736822272,5967,Tony Pollard,RB,22.3,1,0
2022,10,8,736803054736822272,6904,Jalen Hurts,QB,21.8,1,0
2022,10,8,736803054736822272,5927,Terry McLaurin,WR,21.3,1,0
2022,10,8,736803054736822272,2028,Derek Carr,QB,17.92,1,0
2022,10,8,736803054736822272,5846,DK Metcalf,WR,13.1,1,0
2022,10,8,736803054736822272,3969,Leonard Fournette,RB,10.8,1,0
2022,10,8,736803054736822272,5916,Darrell Henderson,RB,10.2,0,0
2022,10,8,736803054736822272,49,Robbie Gould,K,9.0,0,0
2022,10,8,736803054736822272,BUF,Buffalo Bills,DEF,6.5,1,0
2022,10,8,736803054736822272,2711,Taylor Heinicke,QB,5.44,0,0
2022,10,8,736803054736822272,4089,Gerald Everett,TE,4.3,0,0
2022,10,8,736803054736822272,8132,Tyler Allgeier,RB,3.3,0,0
2022,10,8,736803054736822272,8172,Greg Dulcich,TE,2.1,1,0
2022,10,8,736803054736822272,391,Ryan Succop,K,1.0,1,0
2022,10,8,736803054736822272,1479,Keenan Allen,WR,0,0,0
2022,10,8,736803054736822272,5947,Jakobi Meyers,WR,0,0,0
2022,10,8,736803054736822272,8121,Romeo Doubs,WR,0,0,0
2022,10,9,710284244835979264,6786,CeeDee Lamb,WR,38.5,1,0
2022,10,9,710284244835979264,4046,Patrick Mahomes,QB,30.64,1,0
2022,10,9,710284244835979264,4029,Dalvin Cook,RB,25.6,1,0
2022,10,9,710284244835979264,7547,Amon-Ra St. Brown,WR,22.6,1,0
2022,10,9,710284244835979264,6943,Gabe Davis,WR,21.3,1,0
2022,10,9,710284244835979264,4111,D'Onta Foreman,RB,19.5,1,0
2022,10,9,710284244835979264,5001,Dalton Schultz,TE,17.4,1,0
2022,10,9,710284244835979264,8112,Drake London,WR,14.8,0,0
2022,10,9,710284244835979264,SF,San Francisco 49ers,DEF,9.75,1,0
2022,10,9,710284244835979264,6083,Matt Gay,K,5.0,1,0
2022,10,9,710284244835979264,4017,Deshaun Watson,QB,0,0,0
2022,10,9,710284244835979264,4033,David Njoku,TE,0,0,0
2022,10,9,710284244835979264,6820,Clyde Edwards-Helaire,RB,0,1,0
2022,10,9,710284244835979264,7538,Zach Wilson,QB,0,0,0
2022,10,9,710284244835979264,7607,Michael Carter,RB,0,0,0
2022,10,9,710284244835979264,8146,Garrett Wilson,WR,0,0,0
2022,10,10,475399371639222272,3294,Dak Prescott,QB,19.7,1,0
2022,10,10,475399371639222272,3257,Jacoby Brissett,QB,16.48,1,0
2022,10,10,475399371639222272,3321,Tyreek Hill,WR,15.4,1,0
2022,10,10,475399371639222272,4663,Austin Ekeler,RB,13.3,1,0
2022,10,10,475399371639222272,7042,Tyler Bass,K,13.0,1,0
2022,10,10,475399371639222272,7526,Jaylen Waddle,WR,10.6,1,0
2022,10,10,475399371639222272,1689,Adam Thielen,WR,9.9,0,0
2022,10,10,475399371639222272,7600,Pat Freiermuth,TE,7.6,1,0
2022,10,10,475399371639222272,7608,Khalil Herbert,RB,5.7,0,0
2022,10,10,475399371639222272,1535,Cordarrelle Patterson,RB,3.0,1,0
2022,10,10,475399371639222272,LV,Las Vegas Raiders,DEF,1.25,1,0
2022,10,10,475399371639222272,3164,Ezekiel Elliott,RB,0,1,0
2022,10,10,475399371639222272,5248,Gus Edwards,RB,0,0,0
2022,10,10,475399371639222272,6770,Joe Burrow,QB,0,0,0
2022,10,10,475399371639222272,6801,Tee Higgins,WR,0,0,0
2022,10,10,475399371639222272,6951,Eno Benjamin,RB,0,0,0
2022,10,10,475399371639222272,NE,New England Patriots,DEF,0,0,0
2022,11,1,608781531883859968,1466,Travis Kelce,TE,36.0,1,0
2022,11,1,608781531883859968,7670,Joshua Palmer,WR,32.6,0,0
2022,11,1,608781531883859968,5870,Daniel Jones,QB,25.14,1,0
2022,11,1,608781531883859968,WAS,Washington Commanders,DEF,21.75,1,0
2022,11,1,608781531883859968,6813,Jonathan Taylor,RB,16.4,1,0
2022,11,1,608781531883859968,6803,Brandon Aiyuk,WR,16.0,1,0
2022,11,1,608781531883859968,4881,Lamar Jackson,QB,15.46,1,0
2022,11,1,608781531883859968,7611,Rhamondre Stevenson,RB,14.2,1,0
2022,11,1,608781531883859968,5095,Daniel Carlson,K,11.0,1,0
2022,11,1,608781531883859968,4866,Saquon Barkley,RB,5.5,1,0
2022,11,1,608781531883859968,2216,Mike Evans,WR,0,0,0
2022,11,1,608781531883859968,5848,Marquise Brown,WR,0,0,0
2022,11,1,608781531883859968,7523,Trevor Lawrence,QB,0,0,0
2022,11,1,608781531883859968,7564,Ja'Marr Chase,WR,0,0,0
2022,11,1,608781531883859968,7606,Kadarius Toney,WR,0,1,0
2022,11,1,608781531883859968,8136,Rachaad White,RB,0,0,0
2022,11,1,608781531883859968,8148,Jameson Williams,WR,0,0,0
2022,11,2,736077599457026048,8144,Chris Olave,WR,23.2,1,0
2022,11,2,736077599457026048,5872,Deebo Samuel,WR,22.4,1,0
2022,11,2,736077599457026048,4958,Brett Maher,K,22.0,1,0
2022,11,2,736077599457026048,96,Aaron Rodgers,QB,19.08,1,0
2022,11,2,736077599457026048,4034,Christian McCaffrey,RB,17.6,1,0
2022,11,2,736077599457026048,6945,Antonio Gibson,RB,13.3,0,0
2022,11,2,736077599457026048,7090,Darnell Mooney,WR,12.9,0,0
2022,11,2,736077599457026048,1234,Russell Wilson,QB,10.68,1,0
2022,11,2,736077599457026048,5859,A.J. Brown,WR,9.0,1,0
2022,11,2,736077599457026048,NO,New Orleans Saints,DEF,7.0,1,0
2022,11,2,736077599457026048,5937,Diontae Johnson,WR,6.2,0,0
2022,11,2,736077599457026048,8130,Trey McBride,TE,5.4,0,0
2022,11,2,736077599457026048,5985,Foster Moreau,TE,4.3,1,0
2022,11,2,736077599457026048,8129,Dameon Pierce,RB,3.7,1,0
2022,11,2,736077599457026048,167,Tom Brady,QB,0,0,0
2022,11,2,736077599457026048,5022,Dallas Goedert,TE,0,0,0
2022,11,2,736077599457026048,8151,Kenneth Walker,RB,0,0,0
2022,11,3,737091087440674816,2309,Amari Cooper,WR,31.8,1,0
2022,11,3,737091087440674816,7528,Najee Harris,RB,27.6,1,0
2022,11,3,737091087440674816,5892,David Montgomery,RB,21.1,1,0
2022,11,3,737091087440674816,2307,Marcus Mariota,QB,17.74,1,0
2022,11,3,737091087440674816,8160,Kenny Pickett,QB,16.5,0,0
2022,11,3,737091087440674816,4988,Nick Chubb,RB,9.7,1,0
2022,11,3,737091087440674816,5844,T.J. Hockenson,TE,8.4,1,0
2022,11,3,737091087440674816,4098,Kareem Hunt,RB,7.4,0,0
2022,11,3,737091087440674816,1264,Justin Tucker,K,7.0,1,0
2022,11,3,737091087440674816,6794,Justin Jefferson,WR,6.3,1,0
2022,11,3,737091087440674816,8154,Brian Robinson,RB,5.7,0,0
2022,11,3,737091087440674816,4068,Mike Williams,WR,2.5,0,0
2022,11,3,737091087440674816,CIN,Cincinnati Bengals,DEF,2.5,1,0
2022,11,3,737091087440674816,1166,Kirk Cousins,QB,2.2,1,0
2022,11,3,737091087440674816,4950,Christian Kirk,WR,0,0,0
2022,11,3,737091087440674816,7601,Rondale Moore,WR,-0.6,0,0
2022,11,4,736744257179770880,1837,Jimmy Garoppolo,QB,25.42,0,0
2022,11,4,736744257179770880,7591,Justin Fields,QB,21.62,1,0
2022,11,4,736744257179770880,6797,Justin Herbert,QB,20.7,1,0
2022,11,4,736744257179770880,5850,Josh Jacobs,RB,19.5,1,0
2022,11,4,736744257179770880,6130,Devin Singletary,RB,17.7,0,0
2022,11,4,736744257179770880,BAL,Baltimore Ravens,DEF,17.5,1,0
2022,11,4,736744257179770880,7525,DeVonta Smith,WR,13.8,0,0
2022,11,4,736744257179770880,5045,Courtland Sutton,WR,13.0,1,0
2022,11,4,736744257179770880,5012,Mark Andrews,TE,12.3,1,0
2022,11,4,736744257179770880,2197,Brandin Cooks,WR,10.0,0,0
2022,11,4,736744257179770880,4018,Joe Mixon,RB,9.2,1,0
2022,11,4,736744257179770880,5038,Michael Gallup,WR,7.1,0,0
2022,11,4,736744257179770880,6826,Cole Kmet,TE,6.5,1,0
2022,11,4,736744257179770880,3225,Tyler Boyd,WR,6.2,1,0
2022,11,4,736744257179770880,8131,Isaiah Likely,TE,1.1,0,0
2022,11,4,736744257179770880,650,Nick Folk,K,-2.0,1,0
2022,11,5,716698629934481408,3198,Derrick Henry,RB,25.36,1,0
2022,11,5,716698629934481408,4149,Jamaal Williams,RB,24.4,0,0
2022,11,5,716698629934481408,8137,George Pickens,WR,18.3,0,0
2022,11,5,716698629934481408,1426,DeAndre Hopkins,WR,18.1,1,0
2022,11,5,716698629934481408,7839,Evan McPherson,K,17.0,1,0
2022,11,5,716698629934481408,421,Matthew Stafford,QB,15.76,1,0
2022,11,5,716698629934481408,DAL,Dallas Cowboys,DEF,15.75,1,0
2022,11,5,716698629934481408,2449,Stefon Diggs,WR,14.8,1,0
2022,11,5,716698629934481408,5185,Allen Lazard,WR,10.7,1,0
2022,11,5,716698629934481408,3271,Tyler Higbee,TE,8.5,1,0
2022,11,5,716698629934481408,3242,Kenyan Drake,RB,7.3,1,0
2022,11,5,716698629934481408,3163,Jared Goff,QB,6.5,1,0
2022,11,5,716698629934481408,7561,Elijah Mitchell,RB,5.9,0,0
2022,11,5,716698629934481408,4983,DJ Moore,WR,5.4,0,0
2022,11,5,716698629934481408,6955,James Robinson,RB,1.0,0,0
2022,11,5,716698629934481408,7543,Travis Etienne,RB,0,0,0
2022,11,6,736740647758938112,6824,Donovan Peoples-Jones,WR,17.1,0,0
2022,11,6,736740647758938112,1992,Allen Robinson,WR,14.7,1,0
2022,11,6,736740647758938112,4227,Harrison Butker,K,14.0,1,0
2022,11,6,736740647758938112,4035,Alvin Kamara,RB,12.9,1,0
2022,11,6,736740647758938112,4137,James Conner,RB,12.4,1,0
2022,11,6,736740647758938112,7585,Davis Mills,QB,9.76,1,0
2022,11,6,736740647758938112,7553,Kyle Pitts,TE,7.3,1,0
2022,11,6,736740647758938112,6151,Miles Sanders,RB,5.8,1,0
2022,11,6,736740647758938112,6886,Chase Claypool,WR,3.1,1,0
2022,11,6,736740647758938112,2374,Tyler Lockett,WR,0,0,0
2022,11,6,736740647758938112,2505,Darren Waller,TE,0,0,0
2022,11,6,736740647758938112,4039,Cooper Kupp,WR,0,0,0
2022,11,6,736740647758938112,4040,JuJu Smith-Schuster,WR,0,0,0
2022,11,6,736740647758938112,5849,Kyler Murray,QB,0,1,0
2022,11,6,736740647758938112,6768,Tua Tagovailoa,QB,0,0,0
2022,11,6,736740647758938112,6783,Jerry Jeudy,WR,0,0,0
2022,11,6,736740647758938112,DEN,Denver Broncos,DEF,-1.25,1,0
2022,11,7,735974647736213504,2133,Davante Adams,WR,33.6,1,0
2022,11,7,735974647736213504,4217,George Kittle,TE,24.4,1,0
2022,11,7,735974647736213504,829,Andy Dalton,QB,23.2,1,0
2022,11,7,735974647736213504,8167,Christian Watson,WR,21.1,1,0
2022,11,7,735974647736213504,8126,Wan'Dale Robinson,WR,19.9,0,0
2022,11,7,735974647736213504,6819,Michael Pittman,WR,13.5,1,0
2022,11,7,735974647736213504,4984,Josh Allen,QB,12.58,1,0
2022,11,7,735974647736213504,6790,D'Andre Swift,RB,11.2,1,0
2022,11,7,735974647736213504,8205,Isiah Pacheco,RB,11.2,1,0
2022,11,7,735974647736213504,PHI,Philadelphia Eagles,DEF,10.0,1,0
2022,11,7,735974647736213504,4082,Curtis Samuel,WR,9.8,0,0
2022,11,7,735974647736213504,2020,Cairo Santos,K,5.0,1,0
2022,11,7,735974647736213504,1373,Geno Smith,QB,0,0,0
2022,11,7,735974647736213504,2749,Raheem Mostert,RB,0,0,0
2022,11,7,735974647736213504,4037,Chris Godwin,WR,0,0,0
2022,11,7,735974647736213504,5284,Jeff Wilson,RB,0,0,0
2022,11,8,736803054736822272,5967,Tony Pollard,RB,38.9,1,0
2022,11,8,736803054736822272,6904,Jalen Hurts,QB,23.2,1,0
2022,11,8,736803054736822272,2028,Derek Carr,QB,20.28,0,0
2022,11,8,736803054736822272,4199,Aaron Jones,RB,13.0,1,0
2022,11,8,736803054736822272,1479,Keenan Allen,WR,12.4,1,0
2022,11,8,736803054736822272,5927,Terry McLaurin,WR,9.6,1,0
2022,11,8,736803054736822272,5947,Jakobi Meyers,WR,9.2,1,0
2022,11,8,736803054736822272,49,Robbie Gould,K,8.0,1,0
2022,11,8,736803054736822272,8172,Greg Dulcich,TE,7.0,1,0
2022,11,8,736803054736822272,2711,Taylor Heinicke,QB,6.84,1,0
2022,11,8,736803054736822272,BUF,Buffalo Bills,DEF,5.25,1,0
2022,11,8,736803054736822272,5086,Marquez Valdes-Scantling,WR,2.8,0,0
2022,11,8,736803054736822272,5916,Darrell Henderson,RB,0.9,0,0
2022,11,8,736803054736822272,3969,Leonard Fournette,RB,0,0,0
2022,11,8,736803054736822272,4089,Gerald Everett,TE,0,0,0
2022,11,8,736803054736822272,5846,DK Metcalf,WR,0,0,0
2022,11,8,736803054736822272,8121,Romeo Doubs,WR,0,0,0
2022,11,9,710284244835979264,4046,Patrick Mahomes,QB,26.46,1,0
2022,11,9,710284244835979264,7547,Amon-Ra St. Brown,WR,15.0,1,0
2022,11,9,710284244835979264,SF,San Francisco 49ers,DEF,12.75,1,0
2022,11,9,710284244835979264,4666,Younghoe Koo,K,12.0,1,0
2022,11,9,710284244835979264,6943,Gabe Davis,WR,11.8,1,0
2022,11,9,710284244835979264,6786,CeeDee Lamb,WR,9.5,1,0
2022,11,9,710284244835979264,4029,Dalvin Cook,RB,7.2,1,0
2022,11,9,710284244835979264,8112,Drake London,WR,7.2,0,0
2022,11,9,710284244835979264,7538,Zach Wilson,QB,5.68,0,0
2022,11,9,710284244835979264,5001,Dalton Schultz,TE,5.2,1,0
2022,11,9,710284244835979264,4033,David Njoku,TE,3.7,0,0
2022,11,9,710284244835979264,8146,Garrett Wilson,WR,3.2,1,0
2022,11,9,710284244835979264,7607,Michael Carter,RB,2.7,1,0
2022,11,9,710284244835979264,4111,D'Onta Foreman,RB,2.4,0,0
2022,11,9,710284244835979264,6820,Clyde Edwards-Helaire,RB,0.9,0,0
2022,11,9,710284244835979264,4017,Deshaun Watson,QB,0,0,0
2022,11,10,475399371639222272,6770,Joe Burrow,QB,26.7,1,0
2022,11,10,475399371639222272,6801,Tee Higgins,WR,24.3,1,0
2022,11,10,475399371639222272,7042,Tyler Bass,K,23.0,1,0
2022,11,10,475399371639222272,3294,Dak Prescott,QB,21.64,1,0
2022,11,10,475399371639222272,NE,New England Patriots,DEF,19.5,1,0
2022,11,10,475399371639222272,4663,Austin Ekeler,RB,18.0,1,0
2022,11,10,475399371639222272,3164,Ezekiel Elliott,RB,17.7,1,0
2022,11,10,475399371639222272,7600,Pat Freiermuth,TE,15.9,1,0
2022,11,10,475399371639222272,1535,Cordarrelle Patterson,RB,11.9,1,0
2022,11,10,475399371639222272,5880,Parris Campbell,WR,11.7,0,0
2022,11,10,475399371639222272,5890,Damien Harris,RB,11.3,0,0
2022,11,10,475399371639222272,1689,Adam Thielen,WR,4.5,1,0
2022,11,10,475399371639222272,2078,Odell Beckham,WR,0,0,0
2022,11,10,475399371639222272,3321,Tyreek Hill,WR,0,0,0
2022,11,10,475399371639222272,5248,Gus Edwards,RB,0,0,0
2022,11,10,475399371639222272,6806,J.K. Dobbins,RB,0,0,0
2022,11,10,475399371639222272,7526,Jaylen Waddle,WR,0,0,0
2022,12,1,608781531883859968,7523,Trevor Lawrence,QB,24.44,0,0
2022,12,1,608781531883859968,4881,Lamar Jackson,QB,23.06,1,0
2022,12,1,608781531883859968,7611,Rhamondre Stevenson,RB,20.2,1,0
2022,12,1,608781531883859968,8136,Rachaad White,RB,19.9,1,0
2022,12,1,608781531883859968,6813,Jonathan Taylor,RB,18.8,0,0
2022,12,1,608781531883859968,8135,Treylon Burks,WR,17.0,0,0
2022,12,1,608781531883859968,1466,Travis Kelce,TE,15.7,1,0
2022,12,1,608781531883859968,4866,Saquon Barkley,RB,15.2,1,0
2022,12,1,608781531883859968,5870,Daniel Jones,QB,13.52,1,0
2022,12,1,608781531883859968,6803,Brandon Aiyuk,WR,11.5,0,0
2022,12,1,608781531883859968,5848,Marquise Brown,WR,10.6,0,0
2022,12,1,608781531883859968,7670,Joshua Palmer,WR,9.6,1,0
2022,12,1,608781531883859968,5095,Daniel Carlson,K,8.0,1,0
2022,12,1,608781531883859968,WAS,Washington Commanders,DEF,7.75,1,0
2022,12,1,608781531883859968,2216,Mike Evans,WR,5.1,1,0
2022,12,1,608781531883859968,7564,Ja'Marr Chase,WR,0,0,0
2022,12,1,608781531883859968,8148,Jameson Williams,WR,0,0,0
2022,12,2,736077599457026048,167,Tom Brady,QB,18.54,1,0
2022,12,2,736077599457026048,8151,Kenneth Walker,RB,16.9,1,0
2022,12,2,736077599457026048,KC,Kansas City Chiefs,DEF,13.75,1,0
2022,12,2,736077599457026048,5859,A.J. Brown,WR,12.6,1,0
2022,12,2,736077599457026048,8144,Chris Olave,WR,11.2,0,0
2022,12,2,736077599457026048,5937,Diontae Johnson,WR,9.9,0,0
2022,12,2,736077599457026048,96,Aaron Rodgers,QB,9.5,1,0
2022,12,2,736077599457026048,4034,Christian McCaffrey,RB,8.9,1,0
2022,12,2,736077599457026048,1234,Russell Wilson,QB,8.48,0,0
2022,12,2,736077599457026048,6945,Antonio Gibson,RB,8.4,0,0
2022,12,2,736077599457026048,5872,Deebo Samuel,WR,7.3,1,0
2022,12,2,736077599457026048,8129,Dameon Pierce,RB,4.6,1,0
2022,12,2,736077599457026048,4066,Evan Engram,TE,1.4,0,0
2022,12,2,736077599457026048,8130,Trey McBride,TE,1.1,1,0
2022,12,2,736077599457026048,4958,Brett Maher,K,1.0,1,0
2022,12,2,736077599457026048,5022,Dallas Goedert,TE,0,0,0
2022,12,2,736077599457026048,7090,Darnell Mooney,WR,0,0,0
2022,12,3,737091087440674816,6794,Justin Jefferson,WR,29.84,1,0
2022,12,3,737091087440674816,1166,Kirk Cousins,QB,22.36,1,0
2022,12,3,737091087440674816,8154,Brian Robinson,RB,21.0,0,0
2022,12,3,737091087440674816,4988,Nick Chubb,RB,20.7,1,0
2022,12,3,737091087440674816,2309,Amari Cooper,WR,16.4,1,0
2022,12,3,737091087440674816,5844,T.J. Hockenson,TE,15.3,1,0
2022,12,3,737091087440674816,5892,David Montgomery,RB,14.3,0,0
2022,12,3,737091087440674816,2307,Marcus Mariota,QB,13.86,1,0
2022,12,3,737091087440674816,1264,Justin Tucker,K,13.0,1,0
2022,12,3,737091087440674816,8160,Kenny Pickett,QB,12.16,0,0
2022,12,3,737091087440674816,7528,Najee Harris,RB,10.9,1,0
2022,12,3,737091087440674816,4950,Christian Kirk,WR,8.1,1,0
2022,12,3,737091087440674816,CIN,Cincinnati Bengals,DEF,3.75,1,0
2022,12,3,737091087440674816,4098,Kareem Hunt,RB,3.1,0,0
2022,12,3,737091087440674816,4068,Mike Williams,WR,0,0,0
2022,12,4,736744257179770880,5850,Josh Jacobs,RB,50.8,1,0
2022,12,4,736744257179770880,6797,Justin Herbert,QB,29.26,1,0
2022,12,4,736744257179770880,650,Nick Folk,K,15.0,1,0
2022,12,4,736744257179770880,1837,Jimmy Garoppolo,QB,13.78,1,0
2022,12,4,736744257179770880,5045,Courtland Sutton,WR,13.5,1,0
2022,12,4,736744257179770880,5038,Michael Gallup,WR,11.3,0,0
2022,12,4,736744257179770880,2197,Brandin Cooks,WR,11.1,0,0
2022,12,4,736744257179770880,5012,Mark Andrews,TE,10.0,1,0
2022,12,4,736744257179770880,6130,Devin Singletary,RB,9.0,1,0
2022,12,4,736744257179770880,7525,DeVonta Smith,WR,9.0,1,0
2022,12,4,736744257179770880,BAL,Baltimore Ravens,DEF,7.0,1,0
2022,12,4,736744257179770880,6826,Cole Kmet,TE,4.7,0,0
2022,12,4,736744257179770880,3225,Tyler Boyd,WR,3.6,1,0
2022,12,4,736744257179770880,4018,Joe Mixon,RB,0,0,0
2022,12,4,736744257179770880,7591,Justin Fields,QB,0,0,0
2022,12,4,736744257179770880,8131,Isaiah Likely,TE,0,0,0
2022,12,5,716698629934481408,2449,Stefon Diggs,WR,21.7,1,0
2022,12,5,716698629934481408,4983,DJ Moore,WR,20.8,0,0
2022,12,5,716698629934481408,1426,DeAndre Hopkins,WR,18.7,1,0
2022,12,5,716698629934481408,3163,Jared Goff,QB,17.6,1,0
2022,12,5,716698629934481408,3198,Derrick Henry,RB,13.7,1,0
2022,12,5,716698629934481408,5985,Foster Moreau,TE,12.3,0,0
2022,12,5,716698629934481408,8137,George Pickens,WR,10.7,0,0
2022,12,5,716698629934481408,4149,Jamaal Williams,RB,10.6,1,0
2022,12,5,716698629934481408,7839,Evan McPherson,K,9.0,1,0
2022,12,5,716698629934481408,DAL,Dallas Cowboys,DEF,6.75,1,0
2022,12,5,716698629934481408,7561,Elijah Mitchell,RB,6.3,0,0
2022,12,5,716698629934481408,5185,Allen Lazard,WR,4.4,1,0
2022,12,5,716698629934481408,7543,Travis Etienne,RB,0.3,1,0
2022,12,5,716698629934481408,3242,Kenyan Drake,RB,0.2,0,0
2022,12,5,716698629934481408,3271,Tyler Higbee,TE,0,1,0
2022,12,5,716698629934481408,421,Matthew Stafford,QB,0,0,0
2022,12,6,736740647758938112,6151,Miles Sanders,RB,31.5,0,0
2022,12,6,736740647758938112,5849,Kyler Murray,QB,25.24,1,0
2022,12,6,736740647758938112,4137,James Conner,RB,21.5,1,0
2022,12,6,736740647758938112,4147,Samaje Perine,RB,19.3,1,0
2022,12,6,736740647758938112,6768,Tua Tagovailoa,QB,15.96,1,0
2022,12,6,736740647758938112,2374,Tyler Lockett,WR,15.8,1,0
2022,12,6,736740647758938112,4227,Harrison Butker,K,14.0,1,0
2022,12,6,736740647758938112,4973,Hayden Hurst,TE,11.7,1,0
2022,12,6,736740647758938112,6886,Chase Claypool,WR,7.1,0,0
2022,12,6,736740647758938112,4035,Alvin Kamara,RB,7.0,1,0
2022,12,6,736740647758938112,4040,JuJu Smith-Schuster,WR,6.8,1,0
2022,12,6,736740647758938112,DEN,Denver Broncos,DEF,4.0,1,0
2022,12,6,736740647758938112,5906,Dawson Knox,TE,3.7,0,0
2022,12,6,736740647758938112,6824,Donovan Peoples-Jones,WR,3.6,0,0
2022,12,6,736740647758938112,1992,Allen Robinson,WR,0,0,0
2022,12,6,736740647758938112,2505,Darren Waller,TE,0,0,0
2022,12,6,736740647758938112,4039,Cooper Kupp,WR,0,0,0
2022,12,6,736740647758938112,6783,Jerry Jeudy,WR,0,0,0
2022,12,7,735974647736213504,4037,Chris Godwin,WR,29.5,1,0
2022,12,7,735974647736213504,4984,Josh Allen,QB,28.92,1,0
2022,12,7,735974647736213504,8167,Christian Watson,WR,23.0,0,0
2022,12,7,735974647736213504,MIA,Miami Dolphins,DEF,21.75,1,0
2022,12,7,735974647736213504,1373,Geno Smith,QB,19.82,1,0
2022,12,7,735974647736213504,6819,Michael Pittman,WR,19.1,1,0
2022,12,7,735974647736213504,8205,Isiah Pacheco,RB,15.6,1,0
2022,12,7,735974647736213504,2133,Davante Adams,WR,14.4,1,0
2022,12,7,735974647736213504,5119,Jason Sanders,K,13.0,1,0
2022,12,7,735974647736213504,5284,Jeff Wilson,RB,12.2,1,0
2022,12,7,735974647736213504,6790,D'Andre Swift,RB,10.3,0,0
2022,12,7,735974647736213504,829,Andy Dalton,QB,10.26,0,0
2022,12,7,735974647736213504,PHI,Philadelphia Eagles,DEF,5.75,0,0
2022,12,7,735974647736213504,4217,George Kittle,TE,5.6,1,0
2022,12,7,735974647736213504,4082,Curtis Samuel,WR,1.3,0,0
2022,12,7,735974647736213504,2749,Raheem Mostert,RB,0,0,0
2022,12,8,736803054736822272,6904,Jalen Hurts,QB,29.32,1,0
2022,12,8,736803054736822272,2028,Derek Carr,QB,21.3,0,0
2022,12,8,736803054736822272,5846,DK Metcalf,WR,20.0,1,0
2022,12,8,736803054736822272,4199,Aaron Jones,RB,18.9,1,0
2022,12,8,736803054736822272,1479,Keenan Allen,WR,15.9,1,0
2022,12,8,736803054736822272,2711,Taylor Heinicke,QB,11.42,1,0
2022,12,8,736803054736822272,5927,Terry McLaurin,WR,9.3,1,0
2022,12,8,736803054736822272,5947,Jakobi Meyers,WR,9.2,0,0
2022,12,8,736803054736822272,5967,Tony Pollard,RB,8.1,1,0
2022,12,8,736803054736822272,49,Robbie Gould,K,8.0,1,0
2022,12,8,736803054736822272,BUF,Buffalo Bills,DEF,8.0,1,0
2022,12,8,736803054736822272,4089,Gerald Everett,TE,7.8,0,0
2022,12,8,736803054736822272,2161,Jerick McKinnon,RB,5.6,0,0
2022,12,8,736803054736822272,8172,Greg Dulcich,TE,3.1,1,0
2022,12,8,736803054736822272,3969,Leonard Fournette,RB,0,0,0
2022,12,8,736803054736822272,5916,Darrell Henderson,RB,0,0,0
2022,12,8,736803054736822272,8121,Romeo Doubs,WR,0,0,0
2022,12,9,710284244835979264,7547,Amon-Ra St. Brown,WR,28.4,1,0
2022,12,9,710284244835979264,8146,Garrett Wilson,WR,27.9,0,0
2022,12,9,710284244835979264,5001,Dalton Schultz,TE,19.1,1,0
2022,12,9,710284244835979264,4046,Patrick Mahomes,QB,18.9,1,0
2022,12,9,710284244835979264,6786,CeeDee Lamb,WR,18.2,1,0
2022,12,9,710284244835979264,4033,David Njoku,TE,13.9,0,0
2022,12,9,710284244835979264,SF,San Francisco 49ers,DEF,13.75,1,0
2022,12,9,710284244835979264,1049,Ryan Tannehill,QB,12.54,1,0
2022,12,9,710284244835979264,4111,D'Onta Foreman,RB,11.8,0,0
2022,12,9,710284244835979264,1476,Latavius Murray,RB,10.8,1,0
2022,12,9,710284244835979264,4029,Dalvin Cook,RB,9.6,1,0
2022,12,9,710284244835979264,6943,Gabe Davis,WR,7.8,1,0
2022,12,9,710284244835979264,7607,Michael Carter,RB,5.6,0,0
2022,12,9,710284244835979264,8259,Cameron Dicker,K,5.0,1,0
2022,12,9,710284244835979264,8112,Drake London,WR,4.9,0,0
2022,12,9,710284244835979264,4017,Deshaun Watson,QB,0,0,0
2022,12,10,475399371639222272,4663,Austin Ekeler,RB,25.0,1,0
2022,12,10,475399371639222272,6801,Tee Higgins,WR,24.9,1,0
2022,12,10,475399371639222272,1689,Adam Thielen,WR,21.1,0,0
2022,12,10,475399371639222272,6770,Joe Burrow,QB,18.0,1,0
2022,12,10,475399371639222272,3164,Ezekiel Elliott,RB,16.5,1,0
2022,12,10,475399371639222272,3321,Tyreek Hill,WR,15.0,1,0
2022,12,10,475399371639222272,3294,Dak Prescott,QB,13.84,1,0
2022,12,10,475399371639222272,7526,Jaylen Waddle,WR,13.5,1,0
2022,12,10,475399371639222272,1535,Cordarrelle Patterson,RB,10.1,0,0
2022,12,10,475399371639222272,5248,Gus Edwards,RB,9.2,0,0
2022,12,10,475399371639222272,7042,Tyler Bass,K,9.0,1,0
2022,12,10,475399371639222272,7600,Pat Freiermuth,TE,6.9,1,0
2022,12,10,475399371639222272,5880,Parris Campbell,WR,3.4,0,0
2022,12,10,475399371639222272,NE,New England Patriots,DEF,1.75,1,0
2022,12,10,475399371639222272,5890,Damien Harris,RB,1.6,0,0
2022,12,10,475399371639222272,2078,Odell Beckham,WR,0,0,0
2022,12,10,475399371639222272,6806,J.K. Dobbins,RB,0,0,0
2022,13,1,608781531883859968,CLE,Cleveland Browns,DEF,34.0,1,0
2022,13,1,608781531883859968,2449,Stefon Diggs,WR,22.2,1,0
2022,13,1,608781531883859968,4866,Saquon Barkley,RB,19.1,1,0
2022,13,1,608781531883859968,8136,Rachaad White,RB,16.9,0,0
2022,13,1,608781531883859968,7523,Trevor Lawrence,QB,16.36,1,0
2022,13,1,608781531883859968,6813,Jonathan Taylor,RB,13.3,1,0
2022,13,1,608781531883859968,7670,Joshua Palmer,WR,13.0,1,0
2022,13,1,608781531883859968,7611,Rhamondre Stevenson,RB,12.8,1,0
2022,13,1,608781531883859968,2216,Mike Evans,WR,9.9,0,0
2022,13,1,608781531883859968,6803,Brandon Aiyuk,WR,9.6,0,0
2022,13,1,608781531883859968,8135,Treylon Burks,WR,9.5,0,0
2022,13,1,608781531883859968,5095,Daniel Carlson,K,9.0,1,0
2022,13,1,608781531883859968,1466,Travis Kelce,TE,7.6,1,0
2022,13,1,608781531883859968,4881,Lamar Jackson,QB,1.34,1,0
2022,13,1,608781531883859968,4039,Cooper Kupp,WR,0,0,0
2022,13,1,608781531883859968,5848,Marquise Brown,WR,0,0,0
2022,13,1,608781531883859968,8148,Jameson Williams,WR,0,0,0
2022,13,2,736077599457026048,5859,A.J. Brown,WR,32.9,1,0
2022,13,2,736077599457026048,4034,Christian McCaffrey,RB,28.6,1,0
2022,13,2,736077599457026048,5089,Mike White,QB,17.96,1,0
2022,13,2,736077599457026048,167,Tom Brady,QB,17.64,0,0
2022,13,2,736077599457026048,96,Aaron Rodgers,QB,13.68,1,0
2022,13,2,736077599457026048,8129,Dameon Pierce,RB,12.5,0,0
2022,13,2,736077599457026048,5872,Deebo Samuel,WR,12.3,1,0
2022,13,2,736077599457026048,5937,Diontae Johnson,WR,11.0,0,0
2022,13,2,736077599457026048,8144,Chris Olave,WR,10.5,1,0
2022,13,2,736077599457026048,2747,Jason Myers,K,10.0,1,0
2022,13,2,736077599457026048,6945,Antonio Gibson,RB,7.9,0,0
2022,13,2,736077599457026048,8408,Jordan Mason,RB,5.1,0,0
2022,13,2,736077599457026048,PIT,Pittsburgh Steelers,DEF,3.75,1,0
2022,13,2,736077599457026048,8151,Kenneth Walker,RB,3.6,1,0
2022,13,2,736077599457026048,5022,Dallas Goedert,TE,0,0,0
2022,13,2,736077599457026048,5906,Dawson Knox,TE,0,1,0
2022,13,2,736077599457026048,KC,Kansas City Chiefs,DEF,-0.75,0,0
2022,13,3,737091087440674816,6794,Justin Jefferson,WR,18.6,1,0
2022,13,3,737091087440674816,4950,Christian Kirk,WR,16.9,1,0
2022,13,3,737091087440674816,5892,David Montgomery,RB,16.7,0,0
2022,13,3,737091087440674816,8160,Kenny Pickett,QB,13.28,0,0
2022,13,3,737091087440674816,8154,Brian Robinson,RB,12.1,0,0
2022,13,3,737091087440674816,1166,Kirk Cousins,QB,11.82,1,0
2022,13,3,737091087440674816,2307,Marcus Mariota,QB,10.38,1,0
2022,13,3,737091087440674816,7528,Najee Harris,RB,10.2,1,0
2022,13,3,737091087440674816,4098,Kareem Hunt,RB,8.4,0,0
2022,13,3,737091087440674816,2309,Amari Cooper,WR,8.0,1,0
2022,13,3,737091087440674816,4988,Nick Chubb,RB,8.0,1,0
2022,13,3,737091087440674816,5844,T.J. Hockenson,TE,7.3,1,0
2022,13,3,737091087440674816,TB,Tampa Bay Buccaneers,DEF,7.0,1,0
2022,13,3,737091087440674816,1264,Justin Tucker,K,4.0,1,0
2022,13,3,737091087440674816,CIN,Cincinnati Bengals,DEF,4.0,0,0
2022,13,3,737091087440674816,4068,Mike Williams,WR,0,0,0
2022,13,4,736744257179770880,4147,Samaje Perine,RB,22.0,1,0
2022,13,4,736744257179770880,7525,DeVonta Smith,WR,21.7,1,0
2022,13,4,736744257179770880,5850,Josh Jacobs,RB,21.5,1,0
2022,13,4,736744257179770880,7591,Justin Fields,QB,20.76,1,0
2022,13,4,736744257179770880,5038,Michael Gallup,WR,18.3,0,0
2022,13,4,736744257179770880,6797,Justin Herbert,QB,16.6,1,0
2022,13,4,736744257179770880,6826,Cole Kmet,TE,13.2,0,0
2022,13,4,736744257179770880,6130,Devin Singletary,RB,11.1,1,0
2022,13,4,736744257179770880,3225,Tyler Boyd,WR,10.0,0,0
2022,13,4,736744257179770880,5012,Mark Andrews,TE,9.4,1,0
2022,13,4,736744257179770880,BAL,Baltimore Ravens,DEF,8.0,1,0
2022,13,4,736744257179770880,8131,Isaiah Likely,TE,7.0,0,0
2022,13,4,736744257179770880,1837,Jimmy Garoppolo,QB,2.24,0,0
2022,13,4,736744257179770880,650,Nick Folk,K,1.0,1,0
2022,13,4,736744257179770880,2197,Brandin Cooks,WR,0,0,0
2022,13,4,736744257179770880,4018,Joe Mixon,RB,0,0,0
2022,13,4,736744257179770880,5045,Courtland Sutton,WR,0,1,0
2022,13,5,716698629934481408,3163,Jared Goff,QB,22.1,1,0
2022,13,5,716698629934481408,DAL,Dallas Cowboys,DEF,20.25,1,0
2022,13,5,716698629934481408,5870,Daniel Jones,QB,17.6,1,0
2022,13,5,716698629934481408,7564,Ja'Marr Chase,WR,16.7,1,0
2022,13,5,716698629934481408,5185,Allen Lazard,WR,11.7,0,0
2022,13,5,716698629934481408,7839,Evan McPherson,K,10.0,1,0
2022,13,5,716698629934481408,4149,Jamaal Williams,RB,9.5,1,0
2022,13,5,716698629934481408,7543,Travis Etienne,RB,7.6,1,0
2022,13,5,716698629934481408,3198,Derrick Henry,RB,5.8,1,0
2022,13,5,716698629934481408,5985,Foster Moreau,TE,4.2,1,0
2022,13,5,716698629934481408,4080,Zay Jones,WR,3.6,0,0
2022,13,5,716698629934481408,3271,Tyler Higbee,TE,3.4,0,0
2022,13,5,716698629934481408,8137,George Pickens,WR,1.2,1,0
2022,13,5,716698629934481408,1426,DeAndre Hopkins,WR,0,0,0
2022,13,5,716698629934481408,4983,DJ Moore,WR,0,0,0
2022,13,5,716698629934481408,6996,JaMycal Hasty,RB,0,0,0
2022,13,6,736740647758938112,2374,Tyler Lockett,WR,28.3,1,0
2022,13,6,736740647758938112,6768,Tua Tagovailoa,QB,14.8,1,0
2022,13,6,736740647758938112,2161,Jerick McKinnon,RB,14.0,0,0
2022,13,6,736740647758938112,6824,Donovan Peoples-Jones,WR,13.4,0,0
2022,13,6,736740647758938112,1049,Ryan Tannehill,QB,13.04,1,0
2022,13,6,736740647758938112,6783,Jerry Jeudy,WR,10.5,0,0
2022,13,6,736740647758938112,4040,JuJu Smith-Schuster,WR,6.5,1,0
2022,13,6,736740647758938112,6886,Chase Claypool,WR,5.8,1,0
2022,13,6,736740647758938112,4035,Alvin Kamara,RB,5.7,1,0
2022,13,6,736740647758938112,4227,Harrison Butker,K,4.0,1,0
2022,13,6,736740647758938112,MIN,Minnesota Vikings,DEF,3.75,1,0
2022,13,6,736740647758938112,4973,Hayden Hurst,TE,3.2,1,0
2022,13,6,736740647758938112,8150,Kyren Williams,RB,0.9,1,0
2022,13,6,736740647758938112,2505,Darren Waller,TE,0,0,0
2022,13,6,736740647758938112,4111,D'Onta Foreman,RB,0,0,0
2022,13,6,736740647758938112,4137,James Conner,RB,0,0,0
2022,13,6,736740647758938112,5849,Kyler Murray,QB,0,0,0
2022,13,7,735974647736213504,2133,Davante Adams,WR,38.7,1,0
2022,13,7,735974647736213504,8167,Christian Watson,WR,24.9,1,0
2022,13,7,735974647736213504,1373,Geno Smith,QB,23.48,1,0
2022,13,7,735974647736213504,6790,D'Andre Swift,RB,21.1,1,0
2022,13,7,735974647736213504,4984,Josh Allen,QB,16.92,1,0
2022,13,7,735974647736213504,8122,Zonovan Knight,RB,16.8,0,0
2022,13,7,735974647736213504,8205,Isiah Pacheco,RB,16.2,1,0
2022,13,7,735974647736213504,4037,Chris Godwin,WR,14.3,1,0
2022,13,7,735974647736213504,829,Andy Dalton,QB,13.26,0,0
2022,13,7,735974647736213504,PHI,Philadelphia Eagles,DEF,13.0,1,0
2022,13,7,735974647736213504,8258,Cade York,K,11.0,1,0
2022,13,7,735974647736213504,WAS,Washington Commanders,DEF,8.0,0,0
2022,13,7,735974647736213504,4217,George Kittle,TE,4.2,1,0
2022,13,7,735974647736213504,6819,Michael Pittman,WR,3.6,0,0
2022,13,7,735974647736213504,2749,Raheem Mostert,RB,3.0,0,0
2022,13,7,735974647736213504,5284,Jeff Wilson,RB,0.3,0,0
2022,13,8,736803054736822272,6904,Jalen Hurts,QB,33.9,1,0
2022,13,8,736803054736822272,5846,DK Metcalf,WR,27.2,1,0
2022,13,8,736803054736822272,5927,Terry McLaurin,WR,25.0,1,0
2022,13,8,736803054736822272,5967,Tony Pollard,RB,24.6,1,0
2022,13,8,736803054736822272,1479,Keenan Allen,WR,20.8,1,0
2022,13,8,736803054736822272,49,Robbie Gould,K,18.0,1,0
2022,13,8,736803054736822272,2711,Taylor Heinicke,QB,17.1,0,0
2022,13,8,736803054736822272,2028,Derek Carr,QB,16.0,1,0
2022,13,8,736803054736822272,8172,Greg Dulcich,TE,14.5,0,0
2022,13,8,736803054736822272,3969,Leonard Fournette,RB,14.1,0,0
2022,13,8,736803054736822272,4089,Gerald Everett,TE,13.0,1,0
2022,13,8,736803054736822272,4199,Aaron Jones,RB,10.0,1,0
2022,13,8,736803054736822272,BUF,Buffalo Bills,DEF,8.25,1,0
2022,13,8,736803054736822272,5947,Jakobi Meyers,WR,5.2,0,0
2022,13,8,736803054736822272,5916,Darrell Henderson,RB,0,0,0
2022,13,8,736803054736822272,8121,Romeo Doubs,WR,0,0,0
2022,13,9,710284244835979264,7547,Amon-Ra St. Brown,WR,35.1,1,0
2022,13,9,710284244835979264,8146,Garrett Wilson,WR,24.7,1,0
2022,13,9,710284244835979264,6786,CeeDee Lamb,WR,20.4,1,0
2022,13,9,710284244835979264,4046,Patrick Mahomes,QB,19.82,1,0
2022,13,9,710284244835979264,SF,San Francisco 49ers,DEF,19.75,0,0
2022,13,9,710284244835979264,4029,Dalvin Cook,RB,16.3,1,0
2022,13,9,710284244835979264,8112,Drake London,WR,15.5,0,0
2022,13,9,710284244835979264,6151,Miles Sanders,RB,11.8,1,0
2022,13,9,710284244835979264,1476,Latavius Murray,RB,10.1,0,0
2022,13,9,710284244835979264,6943,Gabe Davis,WR,9.5,0,0
2022,13,9,710284244835979264,GB,Green Bay Packers,DEF,6.5,1,0
2022,13,9,710284244835979264,8259,Cameron Dicker,K,6.0,1,0
2022,13,9,710284244835979264,4017,Deshaun Watson,QB,5.34,1,0
2022,13,9,710284244835979264,5001,Dalton Schultz,TE,5.3,1,0
2022,13,9,710284244835979264,4033,David Njoku,TE,0,0,0
2022,13,9,710284244835979264,7607,Michael Carter,RB,0,0,0
2022,13,10,475399371639222272,3321,Tyreek Hill,WR,30.6,1,0
2022,13,10,475399371639222272,6770,Joe Burrow,QB,30.54,1,0
2022,13,10,475399371639222272,3164,Ezekiel Elliott,RB,18.1,1,0
2022,13,10,475399371639222272,3294,Dak Prescott,QB,16.8,1,0
2022,13,10,475399371639222272,4663,Austin Ekeler,RB,13.2,1,0
2022,13,10,475399371639222272,6801,Tee Higgins,WR,12.5,1,0
2022,13,10,475399371639222272,7600,Pat Freiermuth,TE,10.6,1,0
2022,13,10,475399371639222272,SEA,Seattle Seahawks,DEF,9.5,1,0
2022,13,10,475399371639222272,5880,Parris Campbell,WR,8.5,0,0
2022,13,10,475399371639222272,7042,Tyler Bass,K,7.0,1,0
2022,13,10,475399371639222272,1535,Cordarrelle Patterson,RB,6.0,0,0
2022,13,10,475399371639222272,1689,Adam Thielen,WR,4.7,0,0
2022,13,10,475399371639222272,NE,New England Patriots,DEF,3.0,0,0
2022,13,10,475399371639222272,7526,Jaylen Waddle,WR,1.9,1,0
2022,13,10,475399371639222272,5248,Gus Edwards,RB,1.2,0,0
2022,13,10,475399371639222272,2078,Odell Beckham,WR,0,0,0
2022,13,10,475399371639222272,6806,J.K. Dobbins,RB,0,0,0
2022,14,1,608781531883859968,7523,Trevor Lawrence,QB,33.92,1,0
2022,14,1,608781531883859968,6803,Brandon Aiyuk,WR,13.7,0,0
2022,14,1,608781531883859968,5095,Daniel Carlson,K,12.0,1,0
2022,14,1,608781531883859968,8148,Jameson Williams,WR,11.6,0,0
2022,14,1,608781531883859968,1466,Travis Kelce,TE,11.1,1,0
2022,14,1,608781531883859968,8136,Rachaad White,RB,10.7,0,0
2022,14,1,608781531883859968,7670,Joshua Palmer,WR,9.3,0,0
2022,14,1,608781531883859968,2216,Mike Evans,WR,8.4,1,0
2022,14,1,608781531883859968,5848,Marquise Brown,WR,7.4,1,0
2022,14,1,608781531883859968,4866,Saquon Barkley,RB,6.8,1,0
2022,14,1,608781531883859968,2449,Stefon Diggs,WR,6.7,1,0
2022,14,1,608781531883859968,7083,Tyler Huntley,QB,5.62,1,0
2022,14,1,608781531883859968,ARI,Arizona Cardinals,DEF,4.75,1,0
2022,14,1,608781531883859968,7611,Rhamondre Stevenson,RB,3.0,1,0
2022,14,1,608781531883859968,4039,Cooper Kupp,WR,0,0,0
2022,14,1,608781531883859968,4881,Lamar Jackson,QB,0,0,0
2022,14,1,608781531883859968,6813,Jonathan Taylor,RB,0,0,0
2022,14,2,736077599457026048,4066,Evan Engram,TE,39.7,1,0
2022,14,2,736077599457026048,4034,Christian McCaffrey,RB,29.8,1,0
2022,14,2,736077599457026048,5859,A.J. Brown,WR,17.0,1,0
2022,14,2,736077599457026048,KC,Kansas City Chiefs,DEF,17.0,1,0
2022,14,2,736077599457026048,5872,Deebo Samuel,WR,14.4,1,0
2022,14,2,736077599457026048,5937,Diontae Johnson,WR,14.2,0,0
2022,14,2,736077599457026048,8129,Dameon Pierce,RB,11.8,1,0
2022,14,2,736077599457026048,167,Tom Brady,QB,10.62,1,0
2022,14,2,736077599457026048,5089,Mike White,QB,10.22,1,0
2022,14,2,736077599457026048,2747,Jason Myers,K,6.0,1,0
2022,14,2,736077599457026048,6012,Travis Homer,RB,5.4,1,0
2022,14,2,736077599457026048,PIT,Pittsburgh Steelers,DEF,4.5,0,0
2022,14,2,736077599457026048,5022,Dallas Goedert,TE,0,0,0
2022,14,2,736077599457026048,6945,Antonio Gibson,RB,0,0,0
2022,14,2,736077599457026048,8144,Chris Olave,WR,0,0,0
2022,14,2,736077599457026048,8151,Kenneth Walker,RB,0,0,0
2022,14,2,736077599457026048,96,Aaron Rodgers,QB,0,0,0
2022,14,3,737091087440674816,6794,Justin Jefferson,WR,34.3,1,0
2022,14,3,737091087440674816,1166,Kirk Cousins,QB,26.5,1,0
2022,14,3,737091087440674816,4068,Mike Williams,WR,24.1,0,0
2022,14,3,737091087440674816,7528,Najee Harris,RB,13.0,1,0
2022,14,3,737091087440674816,5844,T.J. Hockenson,TE,11.7,1,0
2022,14,3,737091087440674816,CIN,Cincinnati Bengals,DEF,11.5,0,0
2022,14,3,737091087440674816,1264,Justin Tucker,K,11.0,1,0
2022,14,3,737091087440674816,4950,Christian Kirk,WR,9.5,1,0
2022,14,3,737091087440674816,4988,Nick Chubb,RB,8.4,1,0
2022,14,3,737091087440674816,2309,Amari Cooper,WR,6.2,1,0
2022,14,3,737091087440674816,4098,Kareem Hunt,RB,3.2,0,0
2022,14,3,737091087440674816,8160,Kenny Pickett,QB,1.6,1,0
2022,14,3,737091087440674816,2307,Marcus Mariota,QB,0,0,0
2022,14,3,737091087440674816,5892,David Montgomery,RB,0,0,0
2022,14,3,737091087440674816,8154,Brian Robinson,RB,0,0,0
2022,14,3,737091087440674816,TB,Tampa Bay Buccaneers,DEF,-3.0,1,0
2022,14,4,736744257179770880,5850,Josh Jacobs,RB,19.4,1,0
2022,14,4,736744257179770880,6797,Justin Herbert,QB,18.98,1,0
2022,14,4,736744257179770880,7525,DeVonta Smith,WR,17.9,1,0
2022,14,4,736744257179770880,4018,Joe Mixon,RB,12.6,1,0
2022,14,4,736744257179770880,650,Nick Folk,K,11.0,1,0
2022,14,4,736744257179770880,BAL,Baltimore Ravens,DEF,11.0,1,0
2022,14,4,736744257179770880,4147,Samaje Perine,RB,9.4,0,0
2022,14,4,736744257179770880,7527,Mac Jones,QB,6.3,1,0
2022,14,4,736744257179770880,5038,Michael Gallup,WR,6.0,1,0
2022,14,4,736744257179770880,6130,Devin Singletary,RB,5.3,1,0
2022,14,4,736744257179770880,5012,Mark Andrews,TE,3.7,1,0
2022,14,4,736744257179770880,1837,Jimmy Garoppolo,QB,0,0,0
2022,14,4,736744257179770880,3225,Tyler Boyd,WR,0,0,0
2022,14,4,736744257179770880,5045,Courtland Sutton,WR,0,0,0
2022,14,4,736744257179770880,6826,Cole Kmet,TE,0,0,0
2022,14,4,736744257179770880,7591,Justin Fields,QB,0,0,0
2022,14,4,736744257179770880,8131,Isaiah Likely,TE,0,0,0
2022,14,5,716698629934481408,7564,Ja'Marr Chase,WR,29.0,1,0
2022,14,5,716698629934481408,3163,Jared Goff,QB,26.6,1,0
2022,14,5,716698629934481408,4080,Zay Jones,WR,21.7,0,0
2022,14,5,716698629934481408,3198,Derrick Henry,RB,21.0,1,0
2022,14,5,716698629934481408,5870,Daniel Jones,QB,19.36,1,0
2022,14,5,716698629934481408,1426,DeAndre Hopkins,WR,12.9,1,0
2022,14,5,716698629934481408,8137,George Pickens,WR,10.8,0,0
2022,14,5,716698629934481408,DAL,Dallas Cowboys,DEF,7.5,1,0
2022,14,5,716698629934481408,7839,Evan McPherson,K,4.0,1,0
2022,14,5,716698629934481408,4149,Jamaal Williams,RB,3.7,0,0
2022,14,5,716698629934481408,7543,Travis Etienne,RB,3.2,1,0
2022,14,5,716698629934481408,3271,Tyler Higbee,TE,3.1,0,0
2022,14,5,716698629934481408,6996,JaMycal Hasty,RB,1.3,0,0
2022,14,5,716698629934481408,4983,DJ Moore,WR,0.6,1,0
2022,14,5,716698629934481408,5185,Allen Lazard,WR,0,0,0
2022,14,5,716698629934481408,5985,Foster Moreau,TE,0,1,0
2022,14,6,736740647758938112,2161,Jerick McKinnon,RB,34.4,0,0
2022,14,6,736740647758938112,6783,Jerry Jeudy,WR,33.3,1,0
2022,14,6,736740647758938112,4137,James Conner,RB,23.4,1,0
2022,14,6,736740647758938112,4040,JuJu Smith-Schuster,WR,22.4,1,0
2022,14,6,736740647758938112,6824,Donovan Peoples-Jones,WR,19.9,0,0
2022,14,6,736740647758938112,1049,Ryan Tannehill,QB,18.26,0,0
2022,14,6,736740647758938112,2374,Tyler Lockett,WR,17.0,1,0
2022,14,6,736740647758938112,5906,Dawson Knox,TE,14.1,1,0
2022,14,6,736740647758938112,6768,Tua Tagovailoa,QB,13.6,1,0
2022,14,6,736740647758938112,4227,Harrison Butker,K,11.0,1,0
2022,14,6,736740647758938112,4111,D'Onta Foreman,RB,8.5,1,0
2022,14,6,736740647758938112,LV,Las Vegas Raiders,DEF,8.5,1,0
2022,14,6,736740647758938112,5849,Kyler Murray,QB,0.66,1,0
2022,14,6,736740647758938112,2505,Darren Waller,TE,0,0,0
2022,14,6,736740647758938112,4035,Alvin Kamara,RB,0,0,0
2022,14,6,736740647758938112,6886,Chase Claypool,WR,0,0,0
2022,14,6,736740647758938112,MIN,Minnesota Vikings,DEF,-3.5,0,0
2022,14,7,735974647736213504,4984,Josh Allen,QB,20.58,1,0
2022,14,7,735974647736213504,1373,Geno Smith,QB,20.56,1,0
2022,14,7,735974647736213504,8122,Zonovan Knight,RB,15.7,0,0
2022,14,7,735974647736213504,8205,Isiah Pacheco,RB,12.3,1,0
2022,14,7,735974647736213504,4958,Brett Maher,K,11.0,1,0
2022,14,7,735974647736213504,4037,Chris Godwin,WR,10.4,1,0
2022,14,7,735974647736213504,2133,Davante Adams,WR,10.1,1,0
2022,14,7,735974647736213504,PHI,Philadelphia Eagles,DEF,9.25,1,0
2022,14,7,735974647736213504,6790,D'Andre Swift,RB,6.9,1,0
2022,14,7,735974647736213504,4217,George Kittle,TE,6.8,1,0
2022,14,7,735974647736213504,2749,Raheem Mostert,RB,5.4,0,0
2022,14,7,735974647736213504,5284,Jeff Wilson,RB,1.6,1,0
2022,14,7,735974647736213504,6819,Michael Pittman,WR,0,0,0
2022,14,7,735974647736213504,8167,Christian Watson,WR,0,0,0
2022,14,7,735974647736213504,829,Andy Dalton,QB,0,0,0
2022,14,7,735974647736213504,TEN,Tennessee Titans,DEF,-5.5,0,0
2022,14,8,736803054736822272,6904,Jalen Hurts,QB,30.38,1,0
2022,14,8,736803054736822272,5967,Tony Pollard,RB,22.2,1,0
2022,14,8,736803054736822272,4951,DJ Chark,WR,21.9,0,0
2022,14,8,736803054736822272,1479,Keenan Allen,WR,21.2,1,0
2022,14,8,736803054736822272,5846,DK Metcalf,WR,18.1,1,0
2022,14,8,736803054736822272,BUF,Buffalo Bills,DEF,12.5,1,0
2022,14,8,736803054736822272,3969,Leonard Fournette,RB,10.6,1,0
2022,14,8,736803054736822272,4089,Gerald Everett,TE,7.8,1,0
2022,14,8,736803054736822272,6149,Darius Slayton,WR,6.2,1,0
2022,14,8,736803054736822272,49,Robbie Gould,K,5.0,1,0
2022,14,8,736803054736822272,2028,Derek Carr,QB,2.58,1,0
2022,14,8,736803054736822272,8138,James Cook,RB,2.5,0,0
2022,14,8,736803054736822272,2711,Taylor Heinicke,QB,0,0,0
2022,14,8,736803054736822272,4199,Aaron Jones,RB,0,0,0
2022,14,8,736803054736822272,5927,Terry McLaurin,WR,0,0,0
2022,14,8,736803054736822272,5947,Jakobi Meyers,WR,0,0,0
2022,14,8,736803054736822272,8121,Romeo Doubs,WR,0,0,0
2022,14,9,710284244835979264,6151,Miles Sanders,RB,29.5,1,0
2022,14,9,710284244835979264,4046,Patrick Mahomes,QB,21.28,1,0
2022,14,9,710284244835979264,4033,David Njoku,TE,18.7,0,0
2022,14,9,710284244835979264,4017,Deshaun Watson,QB,16.84,1,0
2022,14,9,710284244835979264,5001,Dalton Schultz,TE,14.7,1,0
2022,14,9,710284244835979264,SF,San Francisco 49ers,DEF,14.0,1,0
2022,14,9,710284244835979264,8146,Garrett Wilson,WR,13.8,1,0
2022,14,9,710284244835979264,7547,Amon-Ra St. Brown,WR,13.4,1,0
2022,14,9,710284244835979264,8259,Cameron Dicker,K,11.0,1,0
2022,14,9,710284244835979264,4029,Dalvin Cook,RB,8.6,1,0
2022,14,9,710284244835979264,6786,CeeDee Lamb,WR,8.3,1,0
2022,14,9,710284244835979264,1476,Latavius Murray,RB,6.1,0,0
2022,14,9,710284244835979264,6943,Gabe Davis,WR,6.1,0,0
2022,14,9,710284244835979264,7607,Michael Carter,RB,3.0,0,0
2022,14,9,710284244835979264,8112,Drake London,WR,0,0,0
2022,14,9,710284244835979264,NO,New Orleans Saints,DEF,0,0,0
2022,14,10,475399371639222272,1234,Russell Wilson,QB,26.58,0,0
2022,14,10,475399371639222272,3321,Tyreek Hill,WR,25.6,1,0
2022,14,10,475399371639222272,4663,Austin Ekeler,RB,24.4,1,0
2022,14,10,475399371639222272,NE,New England Patriots,DEF,22.0,0,0
2022,14,10,475399371639222272,1689,Adam Thielen,WR,19.5,0,0
2022,14,10,475399371639222272,6806,J.K. Dobbins,RB,18.5,0,0
2022,14,10,475399371639222272,3164,Ezekiel Elliott,RB,17.1,1,0
2022,14,10,475399371639222272,6770,Joe Burrow,QB,16.56,1,0
2022,14,10,475399371639222272,3294,Dak Prescott,QB,12.66,1,0
2022,14,10,475399371639222272,7600,Pat Freiermuth,TE,12.3,1,0
2022,14,10,475399371639222272,7042,Tyler Bass,K,9.0,1,0
2022,14,10,475399371639222272,7526,Jaylen Waddle,WR,5.1,1,0
2022,14,10,475399371639222272,SEA,Seattle Seahawks,DEF,2.5,1,0
2022,14,10,475399371639222272,1535,Cordarrelle Patterson,RB,0,0,0
2022,14,10,475399371639222272,6801,Tee Higgins,WR,0,1,0
2022,14,10,475399371639222272,6828,AJ Dillon,RB,0,0,0
2022,15,1,608781531883859968,7523,Trevor Lawrence,QB,28.32,1,1
2022,15,1,608781531883859968,7611,Rhamondre Stevenson,RB,25.3,1,1
2022,15,1,608781531883859968,4866,Saquon Barkley,RB,23.0,1,1
2022,15,1,608781531883859968,1466,Travis Kelce,TE,21.0,1,1
2022,15,1,608781531883859968,8183,Brock Purdy,QB,17.48,1,1
2022,15,1,608781531883859968,DEN,Denver Broncos,DEF,14.25,1,1
2022,15,1,608781531883859968,2216,Mike Evans,WR,13.3,0,1
2022,15,1,608781531883859968,2449,Stefon Diggs,WR,10.7,1,1
2022,15,1,608781531883859968,7670,Joshua Palmer,WR,9.9,0,1
2022,15,1,608781531883859968,5095,Daniel Carlson,K,7.0,1,1
2022,15,1,608781531883859968,5848,Marquise Brown,WR,5.9,0,1
2022,15,1,608781531883859968,8136,Rachaad White,RB,5.3,0,1
2022,15,1,608781531883859968,6803,Brandon Aiyuk,WR,3.9,1,1
2022,15,1,608781531883859968,6813,Jonathan Taylor,RB,2.3,1,1
2022,15,1,608781531883859968,4881,Lamar Jackson,QB,0,0,1
2022,15,1,608781531883859968,8148,Jameson Williams,WR,0,0,1
2022,15,2,736077599457026048,5859,A.J. Brown,WR,27.6,1,1
2022,15,2,736077599457026048,4034,Christian McCaffrey,RB,26.3,1,1
2022,15,2,736077599457026048,5937,Diontae Johnson,WR,20.0,0,1
2022,15,2,736077599457026048,167,Tom Brady,QB,17.08,1,1
2022,15,2,736077599457026048,4066,Evan Engram,TE,14.2,1,1
2022,15,2,736077599457026048,8151,Kenneth Walker,RB,11.9,1,1
2022,15,2,736077599457026048,96,Aaron Rodgers,QB,10.86,1,1
2022,15,2,736077599457026048,7594,Chuba Hubbard,RB,9.7,0,1
2022,15,2,736077599457026048,2747,Jason Myers,K,9.0,1,1
2022,15,2,736077599457026048,8144,Chris Olave,WR,8.3,1,1
2022,15,2,736077599457026048,3269,Chris Moore,WR,8.2,1,1
2022,15,2,736077599457026048,KC,Kansas City Chiefs,DEF,5.75,1,1
2022,15,2,736077599457026048,6945,Antonio Gibson,RB,3.7,0,1
2022,15,2,736077599457026048,5022,Dallas Goedert,TE,0,0,1
2022,15,2,736077599457026048,5089,Mike White,QB,0,0,1
2022,15,2,736077599457026048,5872,Deebo Samuel,WR,0,0,1
2022,15,2,736077599457026048,8129,Dameon Pierce,RB,0,0,1
2022,15,3,737091087440674816,1166,Kirk Cousins,QB,34.9,1,1
2022,15,3,737091087440674816,6794,Justin Jefferson,WR,30.8,1,1
2022,15,3,737091087440674816,5892,David Montgomery,RB,24.1,0,1
2022,15,3,737091087440674816,4950,Christian Kirk,WR,15.2,0,1
2022,15,3,737091087440674816,7528,Najee Harris,RB,14.6,1,1
2022,15,3,737091087440674816,4943,Sam Darnold,QB,13.2,1,1
2022,15,3,737091087440674816,4068,Mike Williams,WR,10.7,1,1
2022,15,3,737091087440674816,8154,Brian Robinson,RB,10.7,0,1
2022,15,3,737091087440674816,4988,Nick Chubb,RB,9.9,1,1
2022,15,3,737091087440674816,2309,Amari Cooper,WR,9.8,1,1
2022,15,3,737091087440674816,CIN,Cincinnati Bengals,DEF,8.75,1,1
2022,15,3,737091087440674816,5844,T.J. Hockenson,TE,8.3,1,1
2022,15,3,737091087440674816,TB,Tampa Bay Buccaneers,DEF,7.0,0,1
2022,15,3,737091087440674816,4098,Kareem Hunt,RB,3.7,0,1
2022,15,3,737091087440674816,1264,Justin Tucker,K,0,1,1
2022,15,3,737091087440674816,8160,Kenny Pickett,QB,0,0,1
2022,15,4,736744257179770880,7591,Justin Fields,QB,21.58,0,1
2022,15,4,736744257179770880,7525,DeVonta Smith,WR,18.1,0,1
2022,15,4,736744257179770880,3225,Tyler Boyd,WR,14.5,0,1
2022,15,4,736744257179770880,650,Nick Folk,K,13.0,0,1
2022,15,4,736744257179770880,6938,Cam Akers,RB,13.0,0,1
2022,15,4,736744257179770880,5850,Josh Jacobs,RB,12.0,0,1
2022,15,4,736744257179770880,4018,Joe Mixon,RB,10.4,0,1
2022,15,4,736744257179770880,6130,Devin Singletary,RB,10.0,0,1
2022,15,4,736744257179770880,6797,Justin Herbert,QB,9.22,0,1
2022,15,4,736744257179770880,BAL,Baltimore Ravens,DEF,8.75,0,1
2022,15,4,736744257179770880,7527,Mac Jones,QB,7.48,0,1
2022,15,4,736744257179770880,6826,Cole Kmet,TE,6.5,0,1
2022,15,4,736744257179770880,5012,Mark Andrews,TE,6.1,1,1
2022,15,4,736744257179770880,4147,Samaje Perine,RB,3.4,0,1
2022,15,4,736744257179770880,5038,Michael Gallup,WR,1.2,0,1
2022,15,4,736744257179770880,1837,Jimmy Garoppolo,QB,0,0,1
2022,15,4,736744257179770880,5045,Courtland Sutton,WR,0,0,1
2022,15,4,736744257179770880,8135,Treylon Burks,WR,0,0,1
2022,15,5,716698629934481408,4080,Zay Jones,WR,36.9,1,1
2022,15,5,716698629934481408,3198,Derrick Henry,RB,25.8,1,1
2022,15,5,716698629934481408,7564,Ja'Marr Chase,WR,19.0,1,1
2022,15,5,716698629934481408,4983,DJ Moore,WR,18.3,0,1
2022,15,5,716698629934481408,3163,Jared Goff,QB,15.08,1,1
2022,15,5,716698629934481408,7543,Travis Etienne,RB,13.2,1,1
2022,15,5,716698629934481408,1426,DeAndre Hopkins,WR,13.0,1,1
2022,15,5,716698629934481408,3271,Tyler Higbee,TE,12.7,0,1
2022,15,5,716698629934481408,5870,Daniel Jones,QB,9.9,1,1
2022,15,5,716698629934481408,7839,Evan McPherson,K,9.0,1,1
2022,15,5,716698629934481408,8137,George Pickens,WR,7.3,0,1
2022,15,5,716698629934481408,4149,Jamaal Williams,RB,3.3,0,1
2022,15,5,716698629934481408,6996,JaMycal Hasty,RB,2.5,0,1
2022,15,5,716698629934481408,DAL,Dallas Cowboys,DEF,2.25,1,1
2022,15,5,716698629934481408,8172,Greg Dulcich,TE,2.1,1,1
2022,15,5,716698629934481408,5185,Allen Lazard,WR,1.7,0,1
2022,15,6,736740647758938112,2161,Jerick McKinnon,RB,34.2,1,1
2022,15,6,736740647758938112,5906,Dawson Knox,TE,21.8,1,1
2022,15,6,736740647758938112,4137,James Conner,RB,18.1,1,1
2022,15,6,736740647758938112,6768,Tua Tagovailoa,QB,18.06,1,1
2022,15,6,736740647758938112,4040,JuJu Smith-Schuster,WR,16.8,1,1
2022,15,6,736740647758938112,6783,Jerry Jeudy,WR,14.6,0,1
2022,15,6,736740647758938112,2374,Tyler Lockett,WR,13.8,1,1
2022,15,6,736740647758938112,2505,Darren Waller,TE,13.8,0,1
2022,15,6,736740647758938112,GB,Green Bay Packers,DEF,13.25,1,1
2022,15,6,736740647758938112,6824,Donovan Peoples-Jones,WR,13.1,0,1
2022,15,6,736740647758938112,LV,Las Vegas Raiders,DEF,12.5,0,1
2022,15,6,736740647758938112,4035,Alvin Kamara,RB,12.4,1,1
2022,15,6,736740647758938112,1049,Ryan Tannehill,QB,10.7,1,1
2022,15,6,736740647758938112,533,Colt McCoy,QB,1.32,0,1
2022,15,6,736740647758938112,4227,Harrison Butker,K,1.0,1,1
2022,15,6,736740647758938112,6886,Chase Claypool,WR,0,0,1
2022,15,6,736740647758938112,4111,D'Onta Foreman,RB,-0.1,0,1
2022,15,7,735974647736213504,4984,Josh Allen,QB,35.36,1,1
2022,15,7,735974647736213504,4217,George Kittle,TE,26.8,1,1
2022,15,7,735974647736213504,4037,Chris Godwin,WR,22.3,1,1
2022,15,7,735974647736213504,6819,Michael Pittman,WR,19.0,1,1
2022,15,7,735974647736213504,2749,Raheem Mostert,RB,17.1,0,1
2022,15,7,735974647736213504,1373,Geno Smith,QB,14.82,1,1
2022,15,7,735974647736213504,829,Andy Dalton,QB,14.14,0,1
2022,15,7,735974647736213504,PHI,Philadelphia Eagles,DEF,13.0,1,1
2022,15,7,735974647736213504,6790,D'Andre Swift,RB,12.5,0,1
2022,15,7,735974647736213504,4958,Brett Maher,K,12.0,1,1
2022,15,7,735974647736213504,8205,Isiah Pacheco,RB,8.7,1,1
2022,15,7,735974647736213504,8167,Christian Watson,WR,8.6,0,1
2022,15,7,735974647736213504,TEN,Tennessee Titans,DEF,7.75,0,1
2022,15,7,735974647736213504,2133,Davante Adams,WR,6.8,1,1
2022,15,7,735974647736213504,8122,Zonovan Knight,RB,2.3,1,1
2022,15,7,735974647736213504,5284,Jeff Wilson,RB,0,0,1
2022,15,8,736803054736822272,6904,Jalen Hurts,QB,34.7,1,1
2022,15,8,736803054736822272,4199,Aaron Jones,RB,20.6,1,1
2022,15,8,736803054736822272,2028,Derek Carr,QB,18.24,0,1
2022,15,8,736803054736822272,1479,Keenan Allen,WR,16.6,1,1
2022,15,8,736803054736822272,5967,Tony Pollard,RB,14.6,1,1
2022,15,8,736803054736822272,2711,Taylor Heinicke,QB,13.26,1,1
2022,15,8,736803054736822272,5927,Terry McLaurin,WR,13.0,1,1
2022,15,8,736803054736822272,5846,DK Metcalf,WR,12.5,1,1
2022,15,8,736803054736822272,3969,Leonard Fournette,RB,11.4,0,1
2022,15,8,736803054736822272,8121,Romeo Doubs,WR,10.5,0,1
2022,15,8,736803054736822272,4089,Gerald Everett,TE,8.2,1,1
2022,15,8,736803054736822272,6149,Darius Slayton,WR,6.3,0,1
2022,15,8,736803054736822272,5947,Jakobi Meyers,WR,4.7,0,1
2022,15,8,736803054736822272,4951,DJ Chark,WR,2.8,0,1
2022,15,8,736803054736822272,49,Robbie Gould,K,0,1,1
2022,15,8,736803054736822272,BUF,Buffalo Bills,DEF,-1.5,1,1
2022,15,9,710284244835979264,4046,Patrick Mahomes,QB,32.24,1,1
2022,15,9,710284244835979264,4029,Dalvin Cook,RB,28.5,1,1
2022,15,9,710284244835979264,1476,Latavius Murray,RB,21.7,0,1
2022,15,9,710284244835979264,6786,CeeDee Lamb,WR,20.2,1,1
2022,15,9,710284244835979264,7547,Amon-Ra St. Brown,WR,15.2,1,1
2022,15,9,710284244835979264,8146,Garrett Wilson,WR,13.8,1,1
2022,15,9,710284244835979264,4017,Deshaun Watson,QB,12.64,1,1
2022,15,9,710284244835979264,SF,San Francisco 49ers,DEF,12.25,0,1
2022,15,9,710284244835979264,8112,Drake London,WR,12.0,0,1
2022,15,9,710284244835979264,6943,Gabe Davis,WR,9.6,0,1
2022,15,9,710284244835979264,NO,New Orleans Saints,DEF,8.0,1,1
2022,15,9,710284244835979264,8259,Cameron Dicker,K,6.0,1,1
2022,15,9,710284244835979264,4033,David Njoku,TE,5.8,0,1
2022,15,9,710284244835979264,7607,Michael Carter,RB,4.1,0,1
2022,15,9,710284244835979264,5001,Dalton Schultz,TE,3.5,1,1
2022,15,9,710284244835979264,6151,Miles Sanders,RB,1.9,1,1
2022,15,10,475399371639222272,6770,Joe Burrow,QB,24.3,1,1
2022,15,10,475399371639222272,7526,Jaylen Waddle,WR,22.4,1,1
2022,15,10,475399371639222272,6828,AJ Dillon,RB,22.1,0,1
2022,15,10,475399371639222272,3321,Tyreek Hill,WR,21.9,1,1
2022,15,10,475399371639222272,3294,Dak Prescott,QB,20.24,1,1
2022,15,10,475399371639222272,6801,Tee Higgins,WR,16.3,1,1
2022,15,10,475399371639222272,3164,Ezekiel Elliott,RB,15.1,1,1
2022,15,10,475399371639222272,4663,Austin Ekeler,RB,15.0,1,1
2022,15,10,475399371639222272,6806,J.K. Dobbins,RB,14.3,0,1
2022,15,10,475399371639222272,NE,New England Patriots,DEF,13.25,1,1
2022,15,10,475399371639222272,1689,Adam Thielen,WR,13.1,0,1
2022,15,10,475399371639222272,1535,Cordarrelle Patterson,RB,12.2,0,1
2022,15,10,475399371639222272,LAC,Los Angeles Chargers,DEF,10.0,0,1
2022,15,10,475399371639222272,7042,Tyler Bass,K,6.0,1,1
2022,15,10,475399371639222272,1234,Russell Wilson,QB,0,0,1
2022,15,10,475399371639222272,7600,Pat Freiermuth,TE,0,1,1
2022,16,1,608781531883859968,4866,Saquon Barkley,RB,27.3,1,1
2022,16,1,608781531883859968,8119,Jahan Dotson,WR,19.6,0,1
2022,16,1,608781531883859968,7523,Trevor Lawrence,QB,18.26,1,1
2022,16,1,608781531883859968,1466,Travis Kelce,TE,17.8,1,1
2022,16,1,608781531883859968,8183,Brock Purdy,QB,15.96,1,1
2022,16,1,608781531883859968,8136,Rachaad White,RB,15.3,1,1
2022,16,1,608781531883859968,503,Graham Gano,K,14.0,1,1
2022,16,1,608781531883859968,6803,Brandon Aiyuk,WR,13.1,0,1
2022,16,1,608781531883859968,4381,Taysom Hill,TE,11.6,0,1
2022,16,1,608781531883859968,5848,Marquise Brown,WR,8.8,0,1
2022,16,1,608781531883859968,2216,Mike Evans,WR,5.9,1,1
2022,16,1,608781531883859968,2449,Stefon Diggs,WR,4.6,1,1
2022,16,1,608781531883859968,7670,Joshua Palmer,WR,3.6,0,1
2022,16,1,608781531883859968,7611,Rhamondre Stevenson,RB,2.3,1,1
2022,16,1,608781531883859968,4881,Lamar Jackson,QB,0,0,1
2022,16,1,608781531883859968,8148,Jameson Williams,WR,0,0,1
2022,16,1,608781531883859968,DEN,Denver Broncos,DEF,-5.0,1,1
2022,16,2,736077599457026048,4066,Evan Engram,TE,18.8,1,1
2022,16,2,736077599457026048,5859,A.J. Brown,WR,16.8,1,1
2022,16,2,736077599457026048,4034,Christian McCaffrey,RB,13.8,1,1
2022,16,2,736077599457026048,7594,Chuba Hubbard,RB,13.0,0,1
2022,16,2,736077599457026048,8151,Kenneth Walker,RB,13.0,1,1
2022,16,2,736077599457026048,96,Aaron Rodgers,QB,12.32,1,1
2022,16,2,736077599457026048,167,Tom Brady,QB,11.84,1,1
2022,16,2,736077599457026048,KC,Kansas City Chiefs,DEF,11.5,1,1
2022,16,2,736077599457026048,5937,Diontae Johnson,WR,11.4,0,1
2022,16,2,736077599457026048,5022,Dallas Goedert,TE,9.7,0,1
2022,16,2,736077599457026048,6945,Antonio Gibson,RB,5.1,0,1
2022,16,2,736077599457026048,3269,Chris Moore,WR,4.5,1,1
2022,16,2,736077599457026048,2747,Jason Myers,K,4.0,1,1
2022,16,2,736077599457026048,5089,Mike White,QB,0,0,1
2022,16,2,736077599457026048,5872,Deebo Samuel,WR,0,0,1
2022,16,2,736077599457026048,8129,Dameon Pierce,RB,0,0,1
2022,16,2,736077599457026048,8144,Chris Olave,WR,0,1,1
2022,16,3,737091087440674816,5844,T.J. Hockenson,TE,36.4,1,1
2022,16,3,737091087440674816,6794,Justin Jefferson,WR,31.8,1,1
2022,16,3,737091087440674816,1166,Kirk Cousins,QB,24.66,1,1
2022,16,3,737091087440674816,4943,Sam Darnold,QB,21.9,1,1
2022,16,3,737091087440674816,7528,Najee Harris,RB,15.5,1,1
2022,16,3,737091087440674816,2309,Amari Cooper,WR,13.2,0,1
2022,16,3,737091087440674816,8160,Kenny Pickett,QB,13.16,0,1
2022,16,3,737091087440674816,CIN,Cincinnati Bengals,DEF,13.0,0,1
2022,16,3,737091087440674816,4068,Mike Williams,WR,11.6,1,1
2022,16,3,737091087440674816,4988,Nick Chubb,RB,11.2,1,1
2022,16,3,737091087440674816,5892,David Montgomery,RB,10.4,0,1
2022,16,3,737091087440674816,TB,Tampa Bay Buccaneers,DEF,9.75,1,1
2022,16,3,737091087440674816,1264,Justin Tucker,K,7.0,1,1
2022,16,3,737091087440674816,8154,Brian Robinson,RB,5.8,0,1
2022,16,3,737091087440674816,4950,Christian Kirk,WR,5.6,1,1
2022,16,3,737091087440674816,4098,Kareem Hunt,RB,5.2,0,1
2022,16,4,736744257179770880,6938,Cam Akers,RB,35.2,0,1
2022,16,4,736744257179770880,7525,DeVonta Smith,WR,31.8,1,1
2022,16,4,736744257179770880,6130,Devin Singletary,RB,21.0,1,1
2022,16,4,736744257179770880,4018,Joe Mixon,RB,17.8,1,1
2022,16,4,736744257179770880,8138,James Cook,RB,17.8,0,1
2022,16,4,736744257179770880,7527,Mac Jones,QB,17.5,0,1
2022,16,4,736744257179770880,5038,Michael Gallup,WR,13.6,1,1
2022,16,4,736744257179770880,BAL,Baltimore Ravens,DEF,11.0,1,1
2022,16,4,736744257179770880,7591,Justin Fields,QB,9.86,1,1
2022,16,4,736744257179770880,6826,Cole Kmet,TE,7.7,0,1
2022,16,4,736744257179770880,5012,Mark Andrews,TE,7.5,1,1
2022,16,4,736744257179770880,5850,Josh Jacobs,RB,6.0,1,1
2022,16,4,736744257179770880,6797,Justin Herbert,QB,5.5,1,1
2022,16,4,736744257179770880,4147,Samaje Perine,RB,5.2,0,1
2022,16,4,736744257179770880,3225,Tyler Boyd,WR,5.1,0,1
2022,16,4,736744257179770880,1837,Jimmy Garoppolo,QB,0,0,1
2022,16,4,736744257179770880,650,Nick Folk,K,-2.0,1,1
2022,16,5,716698629934481408,3271,Tyler Higbee,TE,30.4,1,1
2022,16,5,716698629934481408,3163,Jared Goff,QB,26.2,1,1
2022,16,5,716698629934481408,5870,Daniel Jones,QB,20.26,1,1
2022,16,5,716698629934481408,4983,DJ Moore,WR,20.1,1,1
2022,16,5,716698629934481408,3198,Derrick Henry,RB,19.6,1,1
2022,16,5,716698629934481408,8137,George Pickens,WR,16.7,0,1
2022,16,5,716698629934481408,7543,Travis Etienne,RB,14.2,1,1
2022,16,5,716698629934481408,7564,Ja'Marr Chase,WR,13.9,1,1
2022,16,5,716698629934481408,5185,Allen Lazard,WR,11.1,0,1
2022,16,5,716698629934481408,6845,Zack Moss,RB,8.0,0,1
2022,16,5,716698629934481408,DAL,Dallas Cowboys,DEF,4.5,1,1
2022,16,5,716698629934481408,4149,Jamaal Williams,RB,3.4,0,1
2022,16,5,716698629934481408,4080,Zay Jones,WR,2.1,0,1
2022,16,5,716698629934481408,1426,DeAndre Hopkins,WR,1.4,1,1
2022,16,5,716698629934481408,7839,Evan McPherson,K,0,1,1
2022,16,6,736740647758938112,4137,James Conner,RB,25.0,1,1
2022,16,6,736740647758938112,4035,Alvin Kamara,RB,19.0,1,1
2022,16,6,736740647758938112,6783,Jerry Jeudy,WR,18.2,1,1
2022,16,6,736740647758938112,2161,Jerick McKinnon,RB,12.8,1,1
2022,16,6,736740647758938112,5906,Dawson Knox,TE,12.8,1,1
2022,16,6,736740647758938112,2505,Darren Waller,TE,9.8,1,1
2022,16,6,736740647758938112,6768,Tua Tagovailoa,QB,9.4,1,1
2022,16,6,736740647758938112,4227,Harrison Butker,K,7.0,1,1
2022,16,6,736740647758938112,4040,JuJu Smith-Schuster,WR,5.7,1,1
2022,16,6,736740647758938112,LV,Las Vegas Raiders,DEF,5.0,1,1
2022,16,6,736740647758938112,7066,K.J. Osborn,WR,4.7,0,1
2022,16,6,736740647758938112,6824,Donovan Peoples-Jones,WR,1.2,0,1
2022,16,6,736740647758938112,2374,Tyler Lockett,WR,0,0,1
2022,16,6,736740647758938112,515,Rob Gronkowski,TE,0,0,1
2022,16,6,736740647758938112,6886,Chase Claypool,WR,0,0,1
2022,16,6,736740647758938112,DET,Detroit Lions,DEF,-9.5,0,1
2022,16,7,735974647736213504,4217,George Kittle,TE,30.5,1,1
2022,16,7,735974647736213504,4984,Josh Allen,QB,21.98,1,1
2022,16,7,735974647736213504,6011,Gardner Minshew,QB,21.7,1,1
2022,16,7,735974647736213504,4958,Brett Maher,K,18.0,1,1
2022,16,7,735974647736213504,4037,Chris Godwin,WR,14.3,1,1
2022,16,7,735974647736213504,1373,Geno Smith,QB,12.7,0,1
2022,16,7,735974647736213504,5284,Jeff Wilson,RB,11.0,0,1
2022,16,7,735974647736213504,8167,Christian Watson,WR,10.9,1,1
2022,16,7,735974647736213504,8205,Isiah Pacheco,RB,10.0,1,1
2022,16,7,735974647736213504,TEN,Tennessee Titans,DEF,9.75,1,1
2022,16,7,735974647736213504,6819,Michael Pittman,WR,7.9,0,1
2022,16,7,735974647736213504,PHI,Philadelphia Eagles,DEF,6.5,0,1
2022,16,7,735974647736213504,2749,Raheem Mostert,RB,4.9,0,1
2022,16,7,735974647736213504,2133,Davante Adams,WR,3.5,1,1
2022,16,7,735974647736213504,6790,D'Andre Swift,RB,3.5,1,1
2022,16,7,735974647736213504,8122,Zonovan Knight,RB,2.3,0,1
2022,16,8,736803054736822272,3969,Leonard Fournette,RB,25.2,0,1
2022,16,8,736803054736822272,1479,Keenan Allen,WR,21.9,1,1
2022,16,8,736803054736822272,5947,Jakobi Meyers,WR,20.8,0,1
2022,16,8,736803054736822272,5927,Terry McLaurin,WR,17.7,1,1
2022,16,8,736803054736822272,4951,DJ Chark,WR,15.3,0,1
2022,16,8,736803054736822272,5846,DK Metcalf,WR,15.1,1,1
2022,16,8,736803054736822272,BUF,Buffalo Bills,DEF,15.0,1,1
2022,16,8,736803054736822272,5967,Tony Pollard,RB,14.0,1,1
2022,16,8,736803054736822272,6149,Darius Slayton,WR,11.9,0,1
2022,16,8,736803054736822272,2711,Taylor Heinicke,QB,10.24,1,1
2022,16,8,736803054736822272,8121,Romeo Doubs,WR,6.6,0,1
2022,16,8,736803054736822272,2028,Derek Carr,QB,6.36,1,1
2022,16,8,736803054736822272,4199,Aaron Jones,RB,5.4,1,1
2022,16,8,736803054736822272,5230,Michael Badgley,K,5.0,1,1
2022,16,8,736803054736822272,4089,Gerald Everett,TE,0,1,1
2022,16,8,736803054736822272,6904,Jalen Hurts,QB,0,0,1
2022,16,9,710284244835979264,6786,CeeDee Lamb,WR,34.5,1,1
2022,16,9,710284244835979264,4046,Patrick Mahomes,QB,23.76,1,1
2022,16,9,710284244835979264,7547,Amon-Ra St. Brown,WR,14.6,1,1
2022,16,9,710284244835979264,8112,Drake London,WR,14.6,0,1
2022,16,9,710284244835979264,NO,New Orleans Saints,DEF,12.0,0,1
2022,16,9,710284244835979264,4017,Deshaun Watson,QB,11.8,1,1
2022,16,9,710284244835979264,6943,Gabe Davis,WR,11.5,0,1
2022,16,9,710284244835979264,4029,Dalvin Cook,RB,10.7,1,1
2022,16,9,710284244835979264,7607,Michael Carter,RB,10.0,0,1
2022,16,9,710284244835979264,SF,San Francisco 49ers,DEF,10.0,1,1
2022,16,9,710284244835979264,8259,Cameron Dicker,K,8.0,1,1
2022,16,9,710284244835979264,5001,Dalton Schultz,TE,7.3,1,1
2022,16,9,710284244835979264,1476,Latavius Murray,RB,7.0,0,1
2022,16,9,710284244835979264,6151,Miles Sanders,RB,6.1,1,1
2022,16,9,710284244835979264,8146,Garrett Wilson,WR,5.0,1,1
2022,16,9,710284244835979264,4033,David Njoku,TE,3.4,0,1
2022,16,10,475399371639222272,3294,Dak Prescott,QB,27.48,1,1
2022,16,10,475399371639222272,6801,Tee Higgins,WR,27.3,1,1
2022,16,10,475399371639222272,7526,Jaylen Waddle,WR,27.3,1,1
2022,16,10,475399371639222272,6770,Joe Burrow,QB,24.0,1,1
2022,16,10,475399371639222272,4663,Austin Ekeler,RB,23.9,1,1
2022,16,10,475399371639222272,LAC,Los Angeles Chargers,DEF,22.25,1,1
2022,16,10,475399371639222272,3321,Tyreek Hill,WR,14.8,1,1
2022,16,10,475399371639222272,7600,Pat Freiermuth,TE,13.6,1,1
2022,16,10,475399371639222272,3164,Ezekiel Elliott,RB,13.1,1,1
2022,16,10,475399371639222272,6828,AJ Dillon,RB,12.8,0,1
2022,16,10,475399371639222272,NE,New England Patriots,DEF,11.5,0,1
2022,16,10,475399371639222272,1234,Russell Wilson,QB,8.26,0,1
2022,16,10,475399371639222272,6806,J.K. Dobbins,RB,5.9,0,1
2022,16,10,475399371639222272,1535,Cordarrelle Patterson,RB,4.1,0,1
2022,16,10,475399371639222272,1689,Adam Thielen,WR,1.6,0,1
2022,16,10,475399371639222272,7042,Tyler Bass,K,-1.0,1,1
2022,17,1,608781531883859968,2216,Mike Evans,WR,52.7,1,1
2022,17,1,608781531883859968,6803,Brandon Aiyuk,WR,27.2,0,1
2022,17,1,608781531883859968,JAX,Jacksonville Jaguars,DEF,21.5,0,1
2022,17,1,608781531883859968,8183,Brock Purdy,QB,17.06,1,1
2022,17,1,608781531883859968,NYG,New York Giants,DEF,15.0,1,1
2022,17,1,608781531883859968,5848,Marquise Brown,WR,12.1,0,1
2022,17,1,608781531883859968,1466,Travis Kelce,TE,11.3,1,1
2022,17,1,608781531883859968,8136,Rachaad White,RB,9.8,0,1
2022,17,1,608781531883859968,503,Graham Gano,K,8.0,1,1
2022,17,1,608781531883859968,4866,Saquon Barkley,RB,7.3,1,1
2022,17,1,608781531883859968,7611,Rhamondre Stevenson,RB,7.1,1,1
2022,17,1,608781531883859968,8119,Jahan Dotson,WR,6.7,1,1
2022,17,1,608781531883859968,2449,Stefon Diggs,WR,4.6,1,1
2022,17,1,608781531883859968,8148,Jameson Williams,WR,4.0,0,1
2022,17,1,608781531883859968,7523,Trevor Lawrence,QB,3.48,1,1
2022,17,1,608781531883859968,4881,Lamar Jackson,QB,0,0,1
2022,17,2,736077599457026048,167,Tom Brady,QB,41.18,1,1
2022,17,2,736077599457026048,4034,Christian McCaffrey,RB,31.8,1,1
2022,17,2,736077599457026048,5859,A.J. Brown,WR,21.2,1,1
2022,17,2,736077599457026048,96,Aaron Rodgers,QB,16.56,1,1
2022,17,2,736077599457026048,8151,Kenneth Walker,RB,15.7,1,1
2022,17,2,736077599457026048,KC,Kansas City Chiefs,DEF,9.0,1,1
2022,17,2,736077599457026048,7594,Chuba Hubbard,RB,8.5,0,1
2022,17,2,736077599457026048,8144,Chris Olave,WR,8.2,1,1
2022,17,2,736077599457026048,2747,Jason Myers,K,8.0,1,1
2022,17,2,736077599457026048,5022,Dallas Goedert,TE,7.5,0,1
2022,17,2,736077599457026048,5937,Diontae Johnson,WR,5.5,0,1
2022,17,2,736077599457026048,3269,Chris Moore,WR,5.1,1,1
2022,17,2,736077599457026048,4066,Evan Engram,TE,3.9,1,1
2022,17,2,736077599457026048,5089,Mike White,QB,3.6,0,1
2022,17,2,736077599457026048,5872,Deebo Samuel,WR,0,0,1
2022,17,2,736077599457026048,6945,Antonio Gibson,RB,0,0,1
2022,17,2,736077599457026048,8129,Dameon Pierce,RB,0,0,1
2022,17,3,737091087440674816,2309,Amari Cooper,WR,26.5,0,1
2022,17,3,737091087440674816,7528,Najee Harris,RB,20.8,1,1
2022,17,3,737091087440674816,4943,Sam Darnold,QB,20.64,1,1
2022,17,3,737091087440674816,4068,Mike Williams,WR,16.4,1,1
2022,17,3,737091087440674816,4988,Nick Chubb,RB,13.1,1,1
2022,17,3,737091087440674816,5844,T.J. Hockenson,TE,12.9,1,1
2022,17,3,737091087440674816,8160,Kenny Pickett,QB,10.92,0,1
2022,17,3,737091087440674816,1264,Justin Tucker,K,9.0,1,1
2022,17,3,737091087440674816,CIN,Cincinnati Bengals,DEF,9.0,0,1
2022,17,3,737091087440674816,8154,Brian Robinson,RB,8.7,0,1
2022,17,3,737091087440674816,TB,Tampa Bay Buccaneers,DEF,8.5,1,1
2022,17,3,737091087440674816,1166,Kirk Cousins,QB,6.9,1,1
2022,17,3,737091087440674816,5892,David Montgomery,RB,5.6,0,1
2022,17,3,737091087440674816,4950,Christian Kirk,WR,4.1,1,1
2022,17,3,737091087440674816,6794,Justin Jefferson,WR,2.5,1,1
2022,17,3,737091087440674816,4098,Kareem Hunt,RB,0.9,0,1
2022,17,4,736744257179770880,7525,DeVonta Smith,WR,21.0,1,1
2022,17,4,736744257179770880,5012,Mark Andrews,TE,19.5,1,1
2022,17,4,736744257179770880,5850,Josh Jacobs,RB,19.5,1,1
2022,17,4,736744257179770880,7591,Justin Fields,QB,16.7,1,1
2022,17,4,736744257179770880,6797,Justin Herbert,QB,16.68,1,1
2022,17,4,736744257179770880,7527,Mac Jones,QB,16.26,0,1
2022,17,4,736744257179770880,6938,Cam Akers,RB,14.8,1,1
2022,17,4,736744257179770880,3225,Tyler Boyd,WR,8.4,0,1
2022,17,4,736744257179770880,2197,Brandin Cooks,WR,7.9,0,1
2022,17,4,736744257179770880,5038,Michael Gallup,WR,6.9,1,1
2022,17,4,736744257179770880,7045,Joshua Kelley,RB,5.6,0,1
2022,17,4,736744257179770880,650,Nick Folk,K,5.0,1,1
2022,17,4,736744257179770880,8138,James Cook,RB,1.8,0,1
2022,17,4,736744257179770880,BAL,Baltimore Ravens,DEF,1.5,1,1
2022,17,4,736744257179770880,4018,Joe Mixon,RB,1.2,1,1
2022,17,4,736744257179770880,6130,Devin Singletary,RB,0.3,0,1
2022,17,4,736744257179770880,1837,Jimmy Garoppolo,QB,0,0,1
2022,17,5,716698629934481408,5870,Daniel Jones,QB,36.18,1,1
2022,17,5,716698629934481408,7543,Travis Etienne,RB,25.0,1,1
2022,17,5,716698629934481408,4983,DJ Moore,WR,24.2,1,1
2022,17,5,716698629934481408,4149,Jamaal Williams,RB,23.2,0,1
2022,17,5,716698629934481408,3163,Jared Goff,QB,22.4,1,1
2022,17,5,716698629934481408,DAL,Dallas Cowboys,DEF,11.5,1,1
2022,17,5,716698629934481408,5185,Allen Lazard,WR,10.9,0,1
2022,17,5,716698629934481408,6845,Zack Moss,RB,7.4,0,1
2022,17,5,716698629934481408,4080,Zay Jones,WR,5.4,0,1
2022,17,5,716698629934481408,8137,George Pickens,WR,4.9,0,1
2022,17,5,716698629934481408,3271,Tyler Higbee,TE,4.1,1,1
2022,17,5,716698629934481408,7839,Evan McPherson,K,1.0,1,1
2022,17,5,716698629934481408,1426,DeAndre Hopkins,WR,0,1,1
2022,17,5,716698629934481408,3198,Derrick Henry,RB,0,1,1
2022,17,5,716698629934481408,7564,Ja'Marr Chase,WR,0,1,1
2022,17,6,736740647758938112,2161,Jerick McKinnon,RB,22.6,1,1
2022,17,6,736740647758938112,7066,K.J. Osborn,WR,18.9,0,1
2022,17,6,736740647758938112,DET,Detroit Lions,DEF,18.25,0,1
2022,17,6,736740647758938112,2505,Darren Waller,TE,16.2,1,1
2022,17,6,736740647758938112,4137,James Conner,RB,14.0,1,1
2022,17,6,736740647758938112,6783,Jerry Jeudy,WR,10.8,1,1
2022,17,6,736740647758938112,4035,Alvin Kamara,RB,9.0,1,1
2022,17,6,736740647758938112,6824,Donovan Peoples-Jones,WR,8.3,0,1
2022,17,6,736740647758938112,4040,JuJu Smith-Schuster,WR,4.1,1,1
2022,17,6,736740647758938112,2374,Tyler Lockett,WR,3.5,0,1
2022,17,6,736740647758938112,4227,Harrison Butker,K,1.0,1,1
2022,17,6,736740647758938112,515,Rob Gronkowski,TE,0,0,1
2022,17,6,736740647758938112,5906,Dawson Knox,TE,0,1,1
2022,17,6,736740647758938112,6768,Tua Tagovailoa,QB,0,1,1
2022,17,6,736740647758938112,6886,Chase Claypool,WR,0,0,1
2022,17,6,736740647758938112,LV,Las Vegas Raiders,DEF,-5.0,1,1
2022,17,7,735974647736213504,2133,Davante Adams,WR,36.3,1,1
2022,17,7,735974647736213504,6790,D'Andre Swift,RB,27.7,1,1
2022,17,7,735974647736213504,2749,Raheem Mostert,RB,23.1,0,1
2022,17,7,735974647736213504,4037,Chris Godwin,WR,21.5,1,1
2022,17,7,735974647736213504,1373,Geno Smith,QB,16.12,0,1
2022,17,7,735974647736213504,6819,Michael Pittman,WR,16.1,0,1
2022,17,7,735974647736213504,8205,Isiah Pacheco,RB,12.9,1,1
2022,17,7,735974647736213504,4217,George Kittle,TE,12.3,1,1
2022,17,7,735974647736213504,6011,Gardner Minshew,QB,11.96,1,1
2022,17,7,735974647736213504,5284,Jeff Wilson,RB,10.6,0,1
2022,17,7,735974647736213504,PHI,Philadelphia Eagles,DEF,9.25,1,1
2022,17,7,735974647736213504,7922,Riley Patterson,K,9.0,1,1
2022,17,7,735974647736213504,8122,Zonovan Knight,RB,6.4,0,1
2022,17,7,735974647736213504,4984,Josh Allen,QB,2.72,1,1
2022,17,7,735974647736213504,8167,Christian Watson,WR,2.1,1,1
2022,17,7,735974647736213504,536,Antonio Brown,WR,0,0,1
2022,17,8,736803054736822272,5947,Jakobi Meyers,WR,16.9,0,1
2022,17,8,736803054736822272,4199,Aaron Jones,RB,13.8,1,1
2022,17,8,736803054736822272,5230,Michael Badgley,K,12.0,1,1
2022,17,8,736803054736822272,1479,Keenan Allen,WR,11.8,1,1
2022,17,8,736803054736822272,4089,Gerald Everett,TE,10.5,1,1
2022,17,8,736803054736822272,3969,Leonard Fournette,RB,8.7,0,1
2022,17,8,736803054736822272,BUF,Buffalo Bills,DEF,8.0,1,1
2022,17,8,736803054736822272,4951,DJ Chark,WR,7.6,0,1
2022,17,8,736803054736822272,5927,Terry McLaurin,WR,5.7,1,1
2022,17,8,736803054736822272,8121,Romeo Doubs,WR,5.0,0,1
2022,17,8,736803054736822272,6149,Darius Slayton,WR,1.4,0,1
2022,17,8,736803054736822272,5846,DK Metcalf,WR,1.3,1,1
2022,17,8,736803054736822272,2028,Derek Carr,QB,0,1,1
2022,17,8,736803054736822272,2711,Taylor Heinicke,QB,0,1,1
2022,17,8,736803054736822272,5967,Tony Pollard,RB,0,1,1
2022,17,8,736803054736822272,6904,Jalen Hurts,QB,0,0,1
2022,17,9,710284244835979264,4046,Patrick Mahomes,QB,26.02,1,1
2022,17,9,710284244835979264,5001,Dalton Schultz,TE,24.6,1,1
2022,17,9,710284244835979264,4017,Deshaun Watson,QB,21.86,1,1
2022,17,9,710284244835979264,6786,CeeDee Lamb,WR,21.5,1,1
2022,17,9,710284244835979264,NO,New Orleans Saints,DEF,20.5,0,1
2022,17,9,710284244835979264,1476,Latavius Murray,RB,11.2,0,1
2022,17,9,710284244835979264,7547,Amon-Ra St. Brown,WR,10.2,1,1
2022,17,9,710284244835979264,8112,Drake London,WR,9.7,0,1
2022,17,9,710284244835979264,8259,Cameron Dicker,K,8.0,1,1
2022,17,9,710284244835979264,4029,Dalvin Cook,RB,6.4,1,1
2022,17,9,710284244835979264,6151,Miles Sanders,RB,6.1,1,1
2022,17,9,710284244835979264,8146,Garrett Wilson,WR,4.8,1,1
2022,17,9,710284244835979264,4033,David Njoku,TE,3.1,0,1
2022,17,9,710284244835979264,7607,Michael Carter,RB,2.5,0,1
2022,17,9,710284244835979264,6943,Gabe Davis,WR,0,0,1
2022,17,9,710284244835979264,SF,San Francisco 49ers,DEF,-0.5,1,1
2022,17,10,475399371639222272,4663,Austin Ekeler,RB,34.1,1,1
2022,17,10,475399371639222272,1535,Cordarrelle Patterson,RB,20.4,0,1
2022,17,10,475399371639222272,3321,Tyreek Hill,WR,15.7,1,1
2022,17,10,475399371639222272,3294,Dak Prescott,QB,14.88,1,1
2022,17,10,475399371639222272,49,Robbie Gould,K,11.0,1,1
2022,17,10,475399371639222272,LAC,Los Angeles Chargers,DEF,10.25,1,1
2022,17,10,475399371639222272,6828,AJ Dillon,RB,10.1,0,1
2022,17,10,475399371639222272,3164,Ezekiel Elliott,RB,9.7,1,1
2022,17,10,475399371639222272,6806,J.K. Dobbins,RB,9.3,0,1
2022,17,10,475399371639222272,2152,Teddy Bridgewater,QB,9.04,0,1
2022,17,10,475399371639222272,7526,Jaylen Waddle,WR,8.2,1,1
2022,17,10,475399371639222272,8123,Hassan Haskins,RB,7.3,0,1
2022,17,10,475399371639222272,7600,Pat Freiermuth,TE,6.6,1,1
2022,17,10,475399371639222272,6770,Joe Burrow,QB,6.28,1,1
2022,17,10,475399371639222272,1689,Adam Thielen,WR,2.6,0,1
2022,17,10,475399371639222272,6801,Tee Higgins,WR,2.3,1,1
2022,17,10,475399371639222272,8155,Breece Hall,RB,0,0,1
2022,18,1,608781531883859968,2449,Stefon Diggs,WR,24.4,1,1
2022,18,1,608781531883859968,8183,Brock Purdy,QB,19.82,1,1
2022,18,1,608781531883859968,JAX,Jacksonville Jaguars,DEF,17.0,0,1
2022,18,1,608781531883859968,7611,Rhamondre Stevenson,RB,12.2,1,1
2022,18,1,608781531883859968,8119,Jahan Dotson,WR,10.2,1,1
2022,18,1,608781531883859968,7523,Trevor Lawrence,QB,10.18,1,1
2022,18,1,608781531883859968,6803,Brandon Aiyuk,WR,9.9,0,1
2022,18,1,608781531883859968,1466,Travis Kelce,TE,9.8,1,1
2022,18,1,608781531883859968,NYG,New York Giants,DEF,5.25,1,1
2022,18,1,608781531883859968,503,Graham Gano,K,4.0,1,1
2022,18,1,608781531883859968,5848,Marquise Brown,WR,1.7,0,1
2022,18,1,608781531883859968,8136,Rachaad White,RB,1.5,0,1
2022,18,1,608781531883859968,2216,Mike Evans,WR,0,1,1
2022,18,1,608781531883859968,4866,Saquon Barkley,RB,0,1,1
2022,18,1,608781531883859968,4881,Lamar Jackson,QB,0,0,1
2022,18,1,608781531883859968,8148,Jameson Williams,WR,0,0,1
2022,18,2,736077599457026048,KC,Kansas City Chiefs,DEF,17.0,1,1
2022,18,2,736077599457026048,4034,Christian McCaffrey,RB,16.9,1,1
2022,18,2,736077599457026048,8144,Chris Olave,WR,15.0,1,1
2022,18,2,736077599457026048,8151,Kenneth Walker,RB,13.9,1,1
2022,18,2,736077599457026048,5859,A.J. Brown,WR,13.5,1,1
2022,18,2,736077599457026048,96,Aaron Rodgers,QB,11.2,1,1
2022,18,2,736077599457026048,5022,Dallas Goedert,TE,10.6,0,1
2022,18,2,736077599457026048,2747,Jason Myers,K,10.0,1,1
2022,18,2,736077599457026048,5937,Diontae Johnson,WR,7.8,0,1
2022,18,2,736077599457026048,167,Tom Brady,QB,7.36,1,1
2022,18,2,736077599457026048,7594,Chuba Hubbard,RB,6.9,0,1
2022,18,2,736077599457026048,4066,Evan Engram,TE,6.7,1,1
2022,18,2,736077599457026048,5872,Deebo Samuel,WR,4.4,0,1
2022,18,2,736077599457026048,3269,Chris Moore,WR,4.0,1,1
2022,18,2,736077599457026048,5089,Mike White,QB,0,0,1
2022,18,2,736077599457026048,6945,Antonio Gibson,RB,0,0,1
2022,18,2,736077599457026048,8129,Dameon Pierce,RB,0,0,1
2022,18,3,737091087440674816,4988,Nick Chubb,RB,23.2,1,1
2022,18,3,737091087440674816,4950,Christian Kirk,WR,21.9,1,1
2022,18,3,737091087440674816,CIN,Cincinnati Bengals,DEF,20.0,0,1
2022,18,3,737091087440674816,7528,Najee Harris,RB,14.4,1,1
2022,18,3,737091087440674816,1166,Kirk Cousins,QB,13.0,1,1
2022,18,3,737091087440674816,8160,Kenny Pickett,QB,12.9,0,1
2022,18,3,737091087440674816,1264,Justin Tucker,K,12.0,1,1
2022,18,3,737091087440674816,6794,Justin Jefferson,WR,7.8,1,1
2022,18,3,737091087440674816,4068,Mike Williams,WR,7.2,1,1
2022,18,3,737091087440674816,2309,Amari Cooper,WR,7.1,0,1
2022,18,3,737091087440674816,4098,Kareem Hunt,RB,5.8,0,1
2022,18,3,737091087440674816,5844,T.J. Hockenson,TE,2.6,1,1
2022,18,3,737091087440674816,5892,David Montgomery,RB,2.1,0,1
2022,18,3,737091087440674816,TB,Tampa Bay Buccaneers,DEF,1.75,1,1
2022,18,3,737091087440674816,8154,Brian Robinson,RB,0,0,1
2022,18,3,737091087440674816,4943,Sam Darnold,QB,-1.08,1,1
2022,18,4,736744257179770880,6797,Justin Herbert,QB,18.32,1,1
2022,18,4,736744257179770880,4018,Joe Mixon,RB,17.8,1,1
2022,18,4,736744257179770880,7527,Mac Jones,QB,16.72,0,1
2022,18,4,736744257179770880,6938,Cam Akers,RB,16.3,1,1
2022,18,4,736744257179770880,6826,Cole Kmet,TE,15.7,0,1
2022,18,4,736744257179770880,7525,DeVonta Smith,WR,13.7,1,1
2022,18,4,736744257179770880,3225,Tyler Boyd,WR,10.1,0,1
2022,18,4,736744257179770880,BAL,Baltimore Ravens,DEF,9.0,1,1
2022,18,4,736744257179770880,8138,James Cook,RB,7.1,0,1
2022,18,4,736744257179770880,5850,Josh Jacobs,RB,7.0,1,1
2022,18,4,736744257179770880,650,Nick Folk,K,5.0,1,1
2022,18,4,736744257179770880,4147,Samaje Perine,RB,3.2,0,1
2022,18,4,736744257179770880,6130,Devin Singletary,RB,2.2,0,1
2022,18,4,736744257179770880,5038,Michael Gallup,WR,2.0,1,1
2022,18,4,736744257179770880,1837,Jimmy Garoppolo,QB,0,0,1
2022,18,4,736744257179770880,5012,Mark Andrews,TE,0,1,1
2022,18,4,736744257179770880,7591,Justin Fields,QB,0,1,1
2022,18,5,716698629934481408,7564,Ja'Marr Chase,WR,22.6,1,1
2022,18,5,716698629934481408,6845,Zack Moss,RB,21.6,0,1
2022,18,5,716698629934481408,4149,Jamaal Williams,RB,19.2,0,1
2022,18,5,716698629934481408,8137,George Pickens,WR,16.2,0,1
2022,18,5,716698629934481408,3198,Derrick Henry,RB,14.3,1,1
2022,18,5,716698629934481408,5185,Allen Lazard,WR,14.1,0,1
2022,18,5,716698629934481408,7839,Evan McPherson,K,9.0,1,1
2022,18,5,716698629934481408,3163,Jared Goff,QB,8.46,1,1
2022,18,5,716698629934481408,DAL,Dallas Cowboys,DEF,8.25,1,1
2022,18,5,716698629934481408,3271,Tyler Higbee,TE,7.3,1,1
2022,18,5,716698629934481408,4080,Zay Jones,WR,6.1,0,1
2022,18,5,716698629934481408,7543,Travis Etienne,RB,5.4,1,1
2022,18,5,716698629934481408,4983,DJ Moore,WR,2.0,1,1
2022,18,5,716698629934481408,1426,DeAndre Hopkins,WR,0,1,1
2022,18,5,716698629934481408,5870,Daniel Jones,QB,0,1,1
2022,18,6,736740647758938112,6783,Jerry Jeudy,WR,24.8,1,1
2022,18,6,736740647758938112,2374,Tyler Lockett,WR,15.4,0,1
2022,18,6,736740647758938112,4035,Alvin Kamara,RB,12.5,1,1
2022,18,6,736740647758938112,5906,Dawson Knox,TE,9.3,1,1
2022,18,6,736740647758938112,2161,Jerick McKinnon,RB,8.6,1,1
2022,18,6,736740647758938112,4227,Harrison Butker,K,8.0,1,1
2022,18,6,736740647758938112,6824,Donovan Peoples-Jones,WR,6.2,0,1
2022,18,6,736740647758938112,2505,Darren Waller,TE,5.5,1,1
2022,18,6,736740647758938112,4040,JuJu Smith-Schuster,WR,5.5,1,1
2022,18,6,736740647758938112,6886,Chase Claypool,WR,4.9,0,1
2022,18,6,736740647758938112,GB,Green Bay Packers,DEF,4.25,0,1
2022,18,6,736740647758938112,LV,Las Vegas Raiders,DEF,1.5,1,1
2022,18,6,736740647758938112,1049,Ryan Tannehill,QB,0,0,1
2022,18,6,736740647758938112,4137,James Conner,RB,0,1,1
2022,18,6,736740647758938112,515,Rob Gronkowski,TE,0,0,1
2022,18,6,736740647758938112,6768,Tua Tagovailoa,QB,0,1,1
2022,18,7,735974647736213504,4984,Josh Allen,QB,21.76,1,1
2022,18,7,735974647736213504,4217,George Kittle,TE,18.9,1,1
2022,18,7,735974647736213504,8167,Christian Watson,WR,17.1,1,1
2022,18,7,735974647736213504,6790,D'Andre Swift,RB,15.6,1,1
2022,18,7,735974647736213504,1373,Geno Smith,QB,13.62,0,1
2022,18,7,735974647736213504,8205,Isiah Pacheco,RB,12.4,1,1
2022,18,7,735974647736213504,2133,Davante Adams,WR,12.3,1,1
2022,18,7,735974647736213504,6819,Michael Pittman,WR,12.0,0,1
2022,18,7,735974647736213504,4037,Chris Godwin,WR,9.5,1,1
2022,18,7,735974647736213504,5284,Jeff Wilson,RB,9.4,0,1
2022,18,7,735974647736213504,2749,Raheem Mostert,RB,8.1,0,1
2022,18,7,735974647736213504,7922,Riley Patterson,K,8.0,1,1
2022,18,7,735974647736213504,PHI,Philadelphia Eagles,DEF,7.0,1,1
2022,18,7,735974647736213504,8122,Zonovan Knight,RB,1.2,0,1
2022,18,7,735974647736213504,536,Antonio Brown,WR,0,0,1
2022,18,7,735974647736213504,6011,Gardner Minshew,QB,0,1,1
2022,18,8,736803054736822272,1479,Keenan Allen,WR,30.7,1,1
2022,18,8,736803054736822272,BUF,Buffalo Bills,DEF,20.75,1,1
2022,18,8,736803054736822272,5927,Terry McLaurin,WR,16.4,1,1
2022,18,8,736803054736822272,5947,Jakobi Meyers,WR,12.2,0,1
2022,18,8,736803054736822272,4089,Gerald Everett,TE,9.8,1,1
2022,18,8,736803054736822272,6904,Jalen Hurts,QB,8.46,0,1
2022,18,8,736803054736822272,4199,Aaron Jones,RB,7.8,1,1
2022,18,8,736803054736822272,5846,DK Metcalf,WR,7.0,1,1
2022,18,8,736803054736822272,5230,Michael Badgley,K,5.0,1,1
2022,18,8,736803054736822272,4951,DJ Chark,WR,4.4,0,1
2022,18,8,736803054736822272,5967,Tony Pollard,RB,1.9,1,1
2022,18,8,736803054736822272,3969,Leonard Fournette,RB,1.4,0,1
2022,18,8,736803054736822272,2028,Derek Carr,QB,0,1,1
2022,18,8,736803054736822272,2711,Taylor Heinicke,QB,0,1,1
2022,18,8,736803054736822272,6149,Darius Slayton,WR,0,0,1
2022,18,8,736803054736822272,8121,Romeo Doubs,WR,0,0,1
2022,18,9,710284244835979264,SF,San Francisco 49ers,DEF,18.75,1,1
2022,18,9,710284244835979264,8112,Drake London,WR,18.5,0,1
2022,18,9,710284244835979264,1476,Latavius Murray,RB,18.3,0,1
2022,18,9,710284244835979264,8146,Garrett Wilson,WR,17.9,1,1
2022,18,9,710284244835979264,4017,Deshaun Watson,QB,16.6,1,1
2022,18,9,710284244835979264,6786,CeeDee Lamb,WR,16.2,1,1
2022,18,9,710284244835979264,4046,Patrick Mahomes,QB,14.98,1,1
2022,18,9,710284244835979264,4033,David Njoku,TE,14.2,0,1
2022,18,9,710284244835979264,NO,New Orleans Saints,DEF,13.5,0,1
2022,18,9,710284244835979264,7547,Amon-Ra St. Brown,WR,10.9,1,1
2022,18,9,710284244835979264,8259,Cameron Dicker,K,9.0,1,1
2022,18,9,710284244835979264,5001,Dalton Schultz,TE,7.3,1,1
2022,18,9,710284244835979264,6943,Gabe Davis,WR,6.9,0,1
2022,18,9,710284244835979264,6151,Miles Sanders,RB,3.3,1,1
2022,18,9,710284244835979264,4029,Dalvin Cook,RB,2.7,1,1
2022,18,9,710284244835979264,7607,Michael Carter,RB,2.5,0,1
2022,18,10,475399371639222272,6770,Joe Burrow,QB,12.1,1,1
2022,18,10,475399371639222272,7526,Jaylen Waddle,WR,10.3,1,1
2022,18,10,475399371639222272,1535,Cordarrelle Patterson,RB,9.9,0,1
2022,18,10,475399371639222272,1689,Adam Thielen,WR,9.2,0,1
2022,18,10,475399371639222272,4663,Austin Ekeler,RB,9.0,1,1
2022,18,10,475399371639222272,3294,Dak Prescott,QB,8.72,1,1
2022,18,10,475399371639222272,49,Robbie Gould,K,8.0,1,1
2022,18,10,475399371639222272,3321,Tyreek Hill,WR,4.3,1,1
2022,18,10,475399371639222272,8123,Hassan Haskins,RB,3.6,0,1
2022,18,10,475399371639222272,6828,AJ Dillon,RB,3.3,0,1
2022,18,10,475399371639222272,LAC,Los Angeles Chargers,DEF,2.5,1,1
2022,18,10,475399371639222272,6801,Tee Higgins,WR,1.7,1,1
2022,18,10,475399371639222272,3164,Ezekiel Elliott,RB,1.0,1,1
2022,18,10,475399371639222272,2152,Teddy Bridgewater,QB,0,0,1
2022,18,10,475399371639222272,6806,J.K. Dobbins,RB,0,0,1
2022,18,10,475399371639222272,7600,Pat Freiermuth,TE,0,1,1
2022,18,10,475399371639222272,8155,Breece Hall,RB,0,0,1
2023,1,1,608781531883859968,7523,Trevor Lawrence,QB,16.74,1,0
2023,1,1,608781531883859968,7611,Rhamondre Stevenson,RB,14.9,1,0
2023,1,1,608781531883859968,7591,Justin Fields,QB,14.54,1,0
2023,1,1,608781531883859968,1479,Keenan Allen,WR,14.2,1,0
2023,1,1,608781531883859968,WAS,Washington Commanders,DEF,13.25,1,0
2023,1,1,608781531883859968,4866,Saquon Barkley,RB,9.3,1,0
2023,1,1,608781531883859968,7596,Elijah Moore,WR,9.2,0,0
2023,1,1,608781531883859968,4227,Harrison Butker,K,8.0,1,0
2023,1,1,608781531883859968,5937,Diontae Johnson,WR,7.8,1,0
2023,1,1,608781531883859968,8135,Treylon Burks,WR,4.7,0,0
2023,1,1,608781531883859968,4983,DJ Moore,WR,4.5,1,0
2023,1,1,608781531883859968,4033,David Njoku,TE,4.4,1,0
2023,1,1,608781531883859968,8131,Isaiah Likely,TE,1.4,0,0
2023,1,1,608781531883859968,6945,Antonio Gibson,RB,0.9,0,0
2023,1,1,608781531883859968,4035,Alvin Kamara,RB,0,0,0
2023,1,1,608781531883859968,5849,Kyler Murray,QB,0,0,0
2023,1,1,608781531883859968,8148,Jameson Williams,WR,0,0,0
2023,1,1,608781531883859968,9482,Michael Mayer,TE,0,0,0
2023,1,2,736077599457026048,DAL,Dallas Cowboys,DEF,37.25,1,0
2023,1,2,736077599457026048,9509,Bijan Robinson,RB,20.3,1,0
2023,1,2,736077599457026048,8144,Chris Olave,WR,19.7,1,0
2023,1,2,736077599457026048,2216,Mike Evans,WR,18.6,0,0
2023,1,2,736077599457026048,9756,Jordan Addison,WR,16.1,0,0
2023,1,2,736077599457026048,8162,Sam Howell,QB,15.18,0,0
2023,1,2,736077599457026048,3198,Derrick Henry,RB,13.9,1,0
2023,1,2,736077599457026048,5846,DK Metcalf,WR,13.7,1,0
2023,1,2,736077599457026048,6904,Jalen Hurts,QB,12.5,1,0
2023,1,2,736077599457026048,4147,Samaje Perine,RB,11.8,0,0
2023,1,2,736077599457026048,7608,Khalil Herbert,RB,11.4,0,0
2023,1,2,736077599457026048,1373,Geno Smith,QB,9.08,1,0
2023,1,2,736077599457026048,4068,Mike Williams,WR,8.5,1,0
2023,1,2,736077599457026048,8129,Dameon Pierce,RB,6.7,0,0
2023,1,2,736077599457026048,2505,Darren Waller,TE,6.6,1,0
2023,1,2,736077599457026048,5095,Daniel Carlson,K,5.0,1,0
2023,1,3,737091087440674816,8132,Tyler Allgeier,RB,24.4,0,0
2023,1,3,737091087440674816,7543,Travis Etienne,RB,21.4,1,0
2023,1,3,737091087440674816,9997,Zay Flowers,WR,17.7,0,0
2023,1,3,737091087440674816,SF,San Francisco 49ers,DEF,17.25,1,0
2023,1,3,737091087440674816,2028,Derek Carr,QB,14.6,1,0
2023,1,3,737091087440674816,4137,James Conner,RB,12.0,1,0
2023,1,3,737091087440674816,5872,Deebo Samuel,WR,11.3,1,0
2023,1,3,737091087440674816,8160,Kenny Pickett,QB,10.18,0,0
2023,1,3,737091087440674816,4066,Evan Engram,TE,9.9,1,0
2023,1,3,737091087440674816,7564,Ja'Marr Chase,WR,9.1,1,0
2023,1,3,737091087440674816,2309,Amari Cooper,WR,6.7,0,0
2023,1,3,737091087440674816,10236,Dalton Kincaid,TE,6.6,0,0
2023,1,3,737091087440674816,6828,AJ Dillon,RB,5.6,0,0
2023,1,3,737091087440674816,7528,Najee Harris,RB,5.3,1,0
2023,1,3,737091087440674816,6770,Joe Burrow,QB,3.18,1,0
2023,1,3,737091087440674816,7839,Evan McPherson,K,2.0,1,0
2023,1,4,736744257179770880,6819,Michael Pittman,WR,23.7,1,0
2023,1,4,736744257179770880,4046,Patrick Mahomes,QB,19.54,1,0
2023,1,4,736744257179770880,7525,DeVonta Smith,WR,17.7,1,0
2023,1,4,736744257179770880,BAL,Baltimore Ravens,DEF,15.75,1,0
2023,1,4,736744257179770880,1234,Russell Wilson,QB,15.68,1,0
2023,1,4,736744257179770880,1837,Jimmy Garoppolo,QB,14.1,0,0
2023,1,4,736744257179770880,2133,Davante Adams,WR,12.6,1,0
2023,1,4,736744257179770880,8151,Kenneth Walker,RB,10.7,1,0
2023,1,4,736744257179770880,5850,Josh Jacobs,RB,9.1,1,0
2023,1,4,736744257179770880,3271,Tyler Higbee,TE,7.9,1,0
2023,1,4,736744257179770880,8136,Rachaad White,RB,6.9,0,0
2023,1,4,736744257179770880,2078,Odell Beckham,WR,5.7,0,0
2023,1,4,736744257179770880,1264,Justin Tucker,K,5.0,1,0
2023,1,4,736744257179770880,1689,Adam Thielen,WR,3.2,0,0
2023,1,4,736744257179770880,9753,Zach Charbonnet,RB,1.1,0,0
2023,1,4,736744257179770880,5012,Mark Andrews,TE,0,0,0
2023,1,5,716698629934481408,3321,Tyreek Hill,WR,45.5,1,0
2023,1,5,716698629934481408,6797,Justin Herbert,QB,20.86,1,0
2023,1,5,716698629934481408,PHI,Philadelphia Eagles,DEF,17.0,1,0
2023,1,5,716698629934481408,8154,Brian Robinson,RB,13.6,0,0
2023,1,5,716698629934481408,1426,DeAndre Hopkins,WR,13.5,1,0
2023,1,5,716698629934481408,7042,Tyler Bass,K,13.0,1,0
2023,1,5,716698629934481408,4018,Joe Mixon,RB,10.3,1,0
2023,1,5,716698629934481408,7588,Javonte Williams,RB,9.7,0,0
2023,1,5,716698629934481408,6938,Cam Akers,RB,8.9,1,0
2023,1,5,716698629934481408,8137,George Pickens,WR,8.6,0,0
2023,1,5,716698629934481408,7553,Kyle Pitts,TE,6.4,1,0
2023,1,5,716698629934481408,5927,Terry McLaurin,WR,5.1,1,0
2023,1,5,716698629934481408,5870,Daniel Jones,QB,2.46,1,0
2023,1,5,716698629934481408,5001,Dalton Schultz,TE,2.4,0,0
2023,1,5,716698629934481408,8168,Skyy Moore,WR,0.4,0,0
2023,1,5,716698629934481408,9497,Jalin Hyatt,WR,0,0,0
2023,1,6,736740647758938112,6768,Tua Tagovailoa,QB,27.64,1,0
2023,1,6,736740647758938112,6794,Justin Jefferson,WR,24.5,1,0
2023,1,6,736740647758938112,4195,Jake Elliott,K,17.0,1,0
2023,1,6,736740647758938112,7090,Darnell Mooney,WR,15.3,0,0
2023,1,6,736740647758938112,8155,Breece Hall,RB,15.2,0,0
2023,1,6,736740647758938112,421,Matthew Stafford,QB,14.46,1,0
2023,1,6,736740647758938112,5892,David Montgomery,RB,13.4,1,0
2023,1,6,736740647758938112,NO,New Orleans Saints,DEF,12.25,1,0
2023,1,6,736740647758938112,6806,J.K. Dobbins,RB,11.7,1,0
2023,1,6,736740647758938112,6826,Cole Kmet,TE,9.4,0,0
2023,1,6,736740647758938112,9228,Bryce Young,QB,6.54,0,0
2023,1,6,736740647758938112,7551,Deon Jackson,RB,3.8,0,0
2023,1,6,736740647758938112,2374,Tyler Lockett,WR,3.0,1,0
2023,1,6,736740647758938112,4039,Cooper Kupp,WR,0,0,0
2023,1,6,736740647758938112,5022,Dallas Goedert,TE,0,1,0
2023,1,6,736740647758938112,6801,Tee Higgins,WR,0,1,0
2023,1,6,736740647758938112,6813,Jonathan Taylor,RB,0,0,0
2023,1,7,735974647736213504,6803,Brandon Aiyuk,WR,33.4,0,0
2023,1,7,735974647736213504,2449,Stefon Diggs,WR,26.7,1,0
2023,1,7,735974647736213504,4199,Aaron Jones,RB,26.7,1,0
2023,1,7,735974647736213504,1166,Kirk Cousins,QB,16.96,1,0
2023,1,7,735974647736213504,ATL,Atlanta Falcons,DEF,16.5,1,0
2023,1,7,735974647736213504,9758,C.J. Stroud,QB,11.18,0,0
2023,1,7,735974647736213504,8138,James Cook,RB,10.3,1,0
2023,1,7,735974647736213504,10859,Sam LaPorta,TE,8.9,0,0
2023,1,7,735974647736213504,4029,Dalvin Cook,RB,8.9,0,0
2023,1,7,735974647736213504,4666,Younghoe Koo,K,7.0,1,0
2023,1,7,735974647736213504,7828,Noah Gray,TE,6.1,1,0
2023,1,7,735974647736213504,9225,Tank Bigsby,RB,5.3,0,0
2023,1,7,735974647736213504,9488,Jaxon Smith-Njigba,WR,4.3,0,0
2023,1,7,735974647736213504,4950,Christian Kirk,WR,1.9,1,0
2023,1,7,735974647736213504,1466,Travis Kelce,TE,0,0,0
2023,1,7,735974647736213504,8112,Drake London,WR,0,1,0
2023,1,7,735974647736213504,96,Aaron Rodgers,QB,0,1,0
2023,1,8,736803054736822272,4034,Christian McCaffrey,RB,26.9,1,0
2023,1,8,736803054736822272,4981,Calvin Ridley,WR,23.6,1,0
2023,1,8,736803054736822272,5967,Tony Pollard,RB,21.2,1,0
2023,1,8,736803054736822272,4017,Deshaun Watson,QB,19.66,1,0
2023,1,8,736803054736822272,8121,Romeo Doubs,WR,18.6,0,0
2023,1,8,736803054736822272,5859,A.J. Brown,WR,14.9,1,0
2023,1,8,736803054736822272,3163,Jared Goff,QB,14.02,1,0
2023,1,8,736803054736822272,5848,Marquise Brown,WR,8.7,0,0
2023,1,8,736803054736822272,7600,Pat Freiermuth,TE,7.3,1,0
2023,1,8,736803054736822272,BUF,Buffalo Bills,DEF,7.25,1,0
2023,1,8,736803054736822272,2747,Jason Myers,K,5.0,1,0
2023,1,8,736803054736822272,2197,Brandin Cooks,WR,4.2,1,0
2023,1,8,736803054736822272,9754,Quentin Johnston,WR,2.9,0,0
2023,1,8,736803054736822272,6790,D'Andre Swift,RB,1.3,0,0
2023,1,8,736803054736822272,4985,Rashaad Penny,RB,0,0,0
2023,1,8,736803054736822272,8167,Christian Watson,WR,0,0,0
2023,1,9,710284244835979264,6804,Jordan Love,QB,22.0,0,0
2023,1,9,710284244835979264,NYJ,New York Jets,DEF,19.75,1,0
2023,1,9,710284244835979264,7547,Amon-Ra St. Brown,WR,19.1,1,0
2023,1,9,710284244835979264,4988,Nick Chubb,RB,17.2,1,0
2023,1,9,710284244835979264,8146,Garrett Wilson,WR,14.4,1,0
2023,1,9,710284244835979264,6151,Miles Sanders,RB,11.8,1,0
2023,1,9,710284244835979264,6786,CeeDee Lamb,WR,11.7,1,0
2023,1,9,710284244835979264,5844,T.J. Hockenson,TE,11.5,1,0
2023,1,9,710284244835979264,3199,Michael Thomas,WR,11.1,0,0
2023,1,9,710284244835979264,8205,Isiah Pacheco,RB,9.4,0,0
2023,1,9,710284244835979264,4984,Josh Allen,QB,8.54,1,0
2023,1,9,710284244835979264,4040,JuJu Smith-Schuster,WR,7.3,0,0
2023,1,9,710284244835979264,3294,Dak Prescott,QB,6.32,1,0
2023,1,9,710284244835979264,5890,Damien Harris,RB,3.9,0,0
2023,1,9,710284244835979264,6783,Jerry Jeudy,WR,0,0,0
2023,1,9,710284244835979264,503,Graham Gano,K,-6.0,1,0
2023,1,10,475399371639222272,4663,Austin Ekeler,RB,26.9,1,0
2023,1,10,475399371639222272,9229,Anthony Richardson,QB,20.92,1,0
2023,1,10,475399371639222272,8183,Brock Purdy,QB,15.8,0,0
2023,1,10,475399371639222272,5987,Alexander Mattison,RB,13.4,1,0
2023,1,10,475399371639222272,5045,Courtland Sutton,WR,13.2,0,0
2023,1,10,475399371639222272,5119,Jason Sanders,K,13.0,1,0
2023,1,10,475399371639222272,7526,Jaylen Waddle,WR,11.8,1,0
2023,1,10,475399371639222272,NE,New England Patriots,DEF,10.25,1,0
2023,1,10,475399371639222272,4037,Chris Godwin,WR,10.1,1,0
2023,1,10,475399371639222272,8119,Jahan Dotson,WR,9.0,0,0
2023,1,10,475399371639222272,9221,Jahmyr Gibbs,RB,8.0,1,0
2023,1,10,475399371639222272,6853,Van Jefferson,WR,6.4,0,0
2023,1,10,475399371639222272,4149,Jamaal Williams,RB,6.2,0,0
2023,1,10,475399371639222272,4881,Lamar Jackson,QB,5.56,1,0
2023,1,10,475399371639222272,6943,Gabe Davis,WR,5.2,0,0
2023,1,10,475399371639222272,4217,George Kittle,TE,4.9,1,0
2023,2,1,608781531883859968,1479,Keenan Allen,WR,31.6,1,0
2023,2,1,608781531883859968,7569,Nico Collins,WR,28.1,0,0
2023,2,1,608781531883859968,4866,Saquon Barkley,RB,27.2,1,0
2023,2,1,608781531883859968,4983,DJ Moore,WR,16.9,1,0
2023,2,1,608781531883859968,7611,Rhamondre Stevenson,RB,15.0,1,0
2023,2,1,608781531883859968,7591,Justin Fields,QB,12.74,1,0
2023,2,1,608781531883859968,7523,Trevor Lawrence,QB,8.24,1,0
2023,2,1,608781531883859968,7596,Elijah Moore,WR,7.1,0,0
2023,2,1,608781531883859968,4033,David Njoku,TE,6.8,1,0
2023,2,1,608781531883859968,10235,Roschon Johnson,RB,6.2,0,0
2023,2,1,608781531883859968,4227,Harrison Butker,K,5.0,1,0
2023,2,1,608781531883859968,9481,Luke Musgrave,TE,4.5,0,0
2023,2,1,608781531883859968,7045,Joshua Kelley,RB,3.9,1,0
2023,2,1,608781531883859968,4035,Alvin Kamara,RB,0,0,0
2023,2,1,608781531883859968,5849,Kyler Murray,QB,0,0,0
2023,2,1,608781531883859968,5937,Diontae Johnson,WR,0,0,0
2023,2,1,608781531883859968,NYG,New York Giants,DEF,-1.0,1,0
2023,2,2,736077599457026048,2216,Mike Evans,WR,29.6,0,0
2023,2,2,736077599457026048,6904,Jalen Hurts,QB,26.22,1,0
2023,2,2,736077599457026048,1373,Geno Smith,QB,23.62,1,0
2023,2,2,736077599457026048,9509,Bijan Robinson,RB,21.7,1,0
2023,2,2,736077599457026048,8162,Sam Howell,QB,20.76,0,0
2023,2,2,736077599457026048,3198,Derrick Henry,RB,18.5,1,0
2023,2,2,736077599457026048,9756,Jordan Addison,WR,17.7,0,0
2023,2,2,736077599457026048,DAL,Dallas Cowboys,DEF,17.25,1,0
2023,2,2,736077599457026048,4068,Mike Williams,WR,16.6,1,0
2023,2,2,736077599457026048,8144,Chris Olave,WR,14.6,1,0
2023,2,2,736077599457026048,2505,Darren Waller,TE,13.6,1,0
2023,2,2,736077599457026048,5846,DK Metcalf,WR,13.5,1,0
2023,2,2,736077599457026048,7608,Khalil Herbert,RB,6.8,0,0
2023,2,2,736077599457026048,8129,Dameon Pierce,RB,5.5,0,0
2023,2,2,736077599457026048,4147,Samaje Perine,RB,5.4,0,0
2023,2,2,736077599457026048,5095,Daniel Carlson,K,5.0,1,0
2023,2,3,737091087440674816,5872,Deebo Samuel,WR,21.1,1,0
2023,2,3,737091087440674816,4137,James Conner,RB,17.1,1,0
2023,2,3,737091087440674816,2309,Amari Cooper,WR,16.0,0,0
2023,2,3,737091087440674816,6770,Joe Burrow,QB,15.88,1,0
2023,2,3,737091087440674816,4066,Evan Engram,TE,11.7,1,0
2023,2,3,737091087440674816,8160,Kenny Pickett,QB,11.28,0,0
2023,2,3,737091087440674816,9997,Zay Flowers,WR,10.8,0,0
2023,2,3,737091087440674816,10236,Dalton Kincaid,TE,9.3,0,0
2023,2,3,737091087440674816,7564,Ja'Marr Chase,WR,8.1,1,0
2023,2,3,737091087440674816,6828,AJ Dillon,RB,7.3,1,0
2023,2,3,737091087440674816,2028,Derek Carr,QB,6.72,1,0
2023,2,3,737091087440674816,7543,Travis Etienne,RB,6.2,1,0
2023,2,3,737091087440674816,7839,Evan McPherson,K,6.0,1,0
2023,2,3,737091087440674816,7528,Najee Harris,RB,5.3,0,0
2023,2,3,737091087440674816,SF,San Francisco 49ers,DEF,5.25,1,0
2023,2,3,737091087440674816,8132,Tyler Allgeier,RB,4.8,0,0
2023,2,4,736744257179770880,1234,Russell Wilson,QB,27.92,1,0
2023,2,4,736744257179770880,7525,DeVonta Smith,WR,25.1,1,0
2023,2,4,736744257179770880,4046,Patrick Mahomes,QB,21.7,1,0
2023,2,4,736744257179770880,8136,Rachaad White,RB,21.3,0,0
2023,2,4,736744257179770880,1689,Adam Thielen,WR,20.4,0,0
2023,2,4,736744257179770880,2133,Davante Adams,WR,20.4,1,0
2023,2,4,736744257179770880,8151,Kenneth Walker,RB,18.4,1,0
2023,2,4,736744257179770880,5012,Mark Andrews,TE,15.5,1,0
2023,2,4,736744257179770880,6819,Michael Pittman,WR,12.6,1,0
2023,2,4,736744257179770880,5850,Josh Jacobs,RB,9.9,1,0
2023,2,4,736744257179770880,1264,Justin Tucker,K,9.0,1,0
2023,2,4,736744257179770880,1837,Jimmy Garoppolo,QB,7.5,0,0
2023,2,4,736744257179770880,BAL,Baltimore Ravens,DEF,6.25,1,0
2023,2,4,736744257179770880,2078,Odell Beckham,WR,5.9,0,0
2023,2,4,736744257179770880,9753,Zach Charbonnet,RB,5.0,0,0
2023,2,4,736744257179770880,3271,Tyler Higbee,TE,4.2,0,0
2023,2,5,716698629934481408,5870,Daniel Jones,QB,31.24,1,0
2023,2,5,716698629934481408,8154,Brian Robinson,RB,28.9,0,0
2023,2,5,716698629934481408,8150,Kyren Williams,RB,28.0,0,0
2023,2,5,716698629934481408,8137,George Pickens,WR,24.7,1,0
2023,2,5,716698629934481408,6797,Justin Herbert,QB,22.7,1,0
2023,2,5,716698629934481408,5927,Terry McLaurin,WR,16.4,0,0
2023,2,5,716698629934481408,8168,Skyy Moore,WR,16.0,0,0
2023,2,5,716698629934481408,3321,Tyreek Hill,WR,15.0,1,0
2023,2,5,716698629934481408,4018,Joe Mixon,RB,13.5,1,0
2023,2,5,716698629934481408,PHI,Philadelphia Eagles,DEF,8.5,1,0
2023,2,5,716698629934481408,1426,DeAndre Hopkins,WR,8.0,1,0
2023,2,5,716698629934481408,7042,Tyler Bass,K,8.0,1,0
2023,2,5,716698629934481408,7588,Javonte Williams,RB,7.8,1,0
2023,2,5,716698629934481408,4973,Hayden Hurst,TE,5.0,0,0
2023,2,5,716698629934481408,7553,Kyle Pitts,TE,3.5,1,0
2023,2,5,716698629934481408,6938,Cam Akers,RB,0,0,0
2023,2,6,736740647758938112,6801,Tee Higgins,WR,28.9,1,0
2023,2,6,736740647758938112,2374,Tyler Lockett,WR,25.9,0,0
2023,2,6,736740647758938112,6794,Justin Jefferson,WR,25.4,1,0
2023,2,6,736740647758938112,421,Matthew Stafford,QB,14.48,1,0
2023,2,6,736740647758938112,9228,Bryce Young,QB,13.52,0,0
2023,2,6,736740647758938112,5892,David Montgomery,RB,12.4,1,0
2023,2,6,736740647758938112,6768,Tua Tagovailoa,QB,10.26,1,0
2023,2,6,736740647758938112,4195,Jake Elliott,K,10.0,1,0
2023,2,6,736740647758938112,NO,New Orleans Saints,DEF,9.5,1,0
2023,2,6,736740647758938112,5022,Dallas Goedert,TE,8.2,1,0
2023,2,6,736740647758938112,6826,Cole Kmet,TE,7.8,0,0
2023,2,6,736740647758938112,8155,Breece Hall,RB,0.9,1,0
2023,2,6,736740647758938112,4029,Dalvin Cook,RB,0.2,0,0
2023,2,6,736740647758938112,4039,Cooper Kupp,WR,0,0,0
2023,2,6,736740647758938112,4080,Zay Jones,WR,0,0,0
2023,2,6,736740647758938112,6813,Jonathan Taylor,RB,0,0,0
2023,2,6,736740647758938112,7090,Darnell Mooney,WR,0,1,0
2023,2,7,735974647736213504,9493,Puka Nacua,WR,30.6,1,0
2023,2,7,735974647736213504,1166,Kirk Cousins,QB,30.06,0,0
2023,2,7,735974647736213504,2749,Raheem Mostert,RB,26.7,1,0
2023,2,7,735974647736213504,4950,Christian Kirk,WR,22.46,0,0
2023,2,7,735974647736213504,8138,James Cook,RB,20.4,1,0
2023,2,7,735974647736213504,8112,Drake London,WR,18.7,0,0
2023,2,7,735974647736213504,7527,Mac Jones,QB,14.24,1,0
2023,2,7,735974647736213504,8183,Brock Purdy,QB,13.74,1,0
2023,2,7,735974647736213504,2449,Stefon Diggs,WR,13.6,1,0
2023,2,7,735974647736213504,1466,Travis Kelce,TE,12.6,1,0
2023,2,7,735974647736213504,5248,Gus Edwards,RB,12.2,0,0
2023,2,7,735974647736213504,10859,Sam LaPorta,TE,11.3,0,0
2023,2,7,735974647736213504,6083,Matt Gay,K,8.0,1,0
2023,2,7,735974647736213504,6803,Brandon Aiyuk,WR,7.3,1,0
2023,2,7,735974647736213504,4199,Aaron Jones,RB,0,0,0
2023,2,7,735974647736213504,9225,Tank Bigsby,RB,0,0,0
2023,2,7,735974647736213504,DEN,Denver Broncos,DEF,0,1,0
2023,2,8,736803054736822272,6790,D'Andre Swift,RB,27.6,0,0
2023,2,8,736803054736822272,3163,Jared Goff,QB,23.42,1,0
2023,2,8,736803054736822272,4034,Christian McCaffrey,RB,23.0,1,0
2023,2,8,736803054736822272,5967,Tony Pollard,RB,19.9,1,0
2023,2,8,736803054736822272,BUF,Buffalo Bills,DEF,12.0,1,0
2023,2,8,736803054736822272,4017,Deshaun Watson,QB,11.6,1,0
2023,2,8,736803054736822272,4454,Kendrick Bourne,WR,6.9,0,0
2023,2,8,736803054736822272,5859,A.J. Brown,WR,6.9,1,0
2023,2,8,736803054736822272,4981,Calvin Ridley,WR,5.2,1,0
2023,2,8,736803054736822272,8121,Romeo Doubs,WR,5.0,1,0
2023,2,8,736803054736822272,2747,Jason Myers,K,2.0,1,0
2023,2,8,736803054736822272,9754,Quentin Johnston,WR,1.7,0,0
2023,2,8,736803054736822272,7600,Pat Freiermuth,TE,1.2,1,0
2023,2,8,736803054736822272,2197,Brandin Cooks,WR,0,0,0
2023,2,8,736803054736822272,7567,Kenny Gainwell,RB,0,0,0
2023,2,8,736803054736822272,8167,Christian Watson,WR,0,0,0
2023,2,9,710284244835979264,5844,T.J. Hockenson,TE,25.6,1,0
2023,2,9,710284244835979264,6786,CeeDee Lamb,WR,24.8,1,0
2023,2,9,710284244835979264,4984,Josh Allen,QB,24.16,1,0
2023,2,9,710284244835979264,6804,Jordan Love,QB,20.34,0,0
2023,2,9,710284244835979264,3294,Dak Prescott,QB,20.1,1,0
2023,2,9,710284244835979264,8146,Garrett Wilson,WR,17.8,1,0
2023,2,9,710284244835979264,7547,Amon-Ra St. Brown,WR,14.7,1,0
2023,2,9,710284244835979264,3199,Michael Thomas,WR,12.5,0,0
2023,2,9,710284244835979264,5995,Justice Hill,RB,8.3,0,0
2023,2,9,710284244835979264,8205,Isiah Pacheco,RB,8.0,0,0
2023,2,9,710284244835979264,4040,JuJu Smith-Schuster,WR,7.8,0,0
2023,2,9,710284244835979264,6151,Miles Sanders,RB,7.7,1,0
2023,2,9,710284244835979264,503,Graham Gano,K,7.0,1,0
2023,2,9,710284244835979264,4988,Nick Chubb,RB,6.4,1,0
2023,2,9,710284244835979264,6783,Jerry Jeudy,WR,5.5,0,0
2023,2,9,710284244835979264,NYJ,New York Jets,DEF,0.75,1,0
2023,2,10,475399371639222272,4881,Lamar Jackson,QB,22.88,1,0
2023,2,10,475399371639222272,6943,Gabe Davis,WR,21.2,0,0
2023,2,10,475399371639222272,9758,C.J. Stroud,QB,20.96,0,0
2023,2,10,475399371639222272,6845,Zack Moss,RB,20.7,0,0
2023,2,10,475399371639222272,9229,Anthony Richardson,QB,17.74,1,0
2023,2,10,475399371639222272,9221,Jahmyr Gibbs,RB,12.6,1,0
2023,2,10,475399371639222272,7526,Jaylen Waddle,WR,12.4,1,0
2023,2,10,475399371639222272,5045,Courtland Sutton,WR,11.6,0,0
2023,2,10,475399371639222272,4037,Chris Godwin,WR,10.8,1,0
2023,2,10,475399371639222272,9488,Jaxon Smith-Njigba,WR,8.4,0,0
2023,2,10,475399371639222272,4217,George Kittle,TE,6.0,1,0
2023,2,10,475399371639222272,NE,New England Patriots,DEF,5.25,1,0
2023,2,10,475399371639222272,8119,Jahan Dotson,WR,5.2,0,0
2023,2,10,475399371639222272,5987,Alexander Mattison,RB,4.9,1,0
2023,2,10,475399371639222272,4149,Jamaal Williams,RB,2.9,1,0
2023,2,10,475399371639222272,5119,Jason Sanders,K,1.0,1,0
2023,2,10,475399371639222272,4663,Austin Ekeler,RB,0,0,0
2023,3,1,608781531883859968,1479,Keenan Allen,WR,45.46,1,0
2023,3,1,608781531883859968,5848,Marquise Brown,WR,17.1,0,0
2023,3,1,608781531883859968,7523,Trevor Lawrence,QB,14.86,1,0
2023,3,1,608781531883859968,4983,DJ Moore,WR,13.1,1,0
2023,3,1,608781531883859968,7600,Pat Freiermuth,TE,13.1,1,0
2023,3,1,608781531883859968,10937,Jake Moody,K,12.0,1,0
2023,3,1,608781531883859968,PIT,Pittsburgh Steelers,DEF,12.0,0,0
2023,3,1,608781531883859968,7596,Elijah Moore,WR,11.8,0,0
2023,3,1,608781531883859968,7591,Justin Fields,QB,10.66,1,0
2023,3,1,608781531883859968,7611,Rhamondre Stevenson,RB,7.2,1,0
2023,3,1,608781531883859968,4033,David Njoku,TE,6.0,0,0
2023,3,1,608781531883859968,7569,Nico Collins,WR,5.4,1,0
2023,3,1,608781531883859968,7045,Joshua Kelley,RB,2.7,1,0
2023,3,1,608781531883859968,4035,Alvin Kamara,RB,0,0,0
2023,3,1,608781531883859968,4866,Saquon Barkley,RB,0,0,0
2023,3,1,608781531883859968,5849,Kyler Murray,QB,0,0,0
2023,3,1,608781531883859968,JAX,Jacksonville Jaguars,DEF,-3.5,1,0
2023,3,2,736077599457026048,4068,Mike Williams,WR,26.1,1,0
2023,3,2,736077599457026048,6904,Jalen Hurts,QB,19.88,1,0
2023,3,2,736077599457026048,8144,Chris Olave,WR,18.9,1,0
2023,3,2,736077599457026048,5846,DK Metcalf,WR,17.7,0,0
2023,3,2,736077599457026048,2216,Mike Evans,WR,17.0,1,0
2023,3,2,736077599457026048,1373,Geno Smith,QB,15.44,1,0
2023,3,2,736077599457026048,8129,Dameon Pierce,RB,14.9,0,0
2023,3,2,736077599457026048,9756,Jordan Addison,WR,11.2,0,0
2023,3,2,736077599457026048,9509,Bijan Robinson,RB,10.0,1,0
2023,3,2,736077599457026048,8228,Jaylen Warren,RB,8.2,0,0
2023,3,2,736077599457026048,2505,Darren Waller,TE,5.0,1,0
2023,3,2,736077599457026048,7608,Khalil Herbert,RB,3.5,0,0
2023,3,2,736077599457026048,3198,Derrick Henry,RB,2.0,1,0
2023,3,2,736077599457026048,8259,Cameron Dicker,K,2.0,1,0
2023,3,2,736077599457026048,8162,Sam Howell,QB,0.6,0,0
2023,3,2,736077599457026048,DAL,Dallas Cowboys,DEF,-2.0,1,0
2023,3,3,737091087440674816,7564,Ja'Marr Chase,WR,26.6,1,0
2023,3,3,737091087440674816,2309,Amari Cooper,WR,25.6,1,0
2023,3,3,737091087440674816,5872,Deebo Samuel,WR,25.6,1,0
2023,3,3,737091087440674816,4137,James Conner,RB,19.6,1,0
2023,3,3,737091087440674816,8160,Kenny Pickett,QB,19.5,1,0
2023,3,3,737091087440674816,7543,Travis Etienne,RB,17.8,1,0
2023,3,3,737091087440674816,7839,Evan McPherson,K,17.0,1,0
2023,3,3,737091087440674816,4066,Evan Engram,TE,13.7,1,0
2023,3,3,737091087440674816,9997,Zay Flowers,WR,13.0,0,0
2023,3,3,737091087440674816,SF,San Francisco 49ers,DEF,12.0,1,0
2023,3,3,737091087440674816,6770,Joe Burrow,QB,8.66,0,0
2023,3,3,737091087440674816,2028,Derek Carr,QB,8.12,1,0
2023,3,3,737091087440674816,7528,Najee Harris,RB,6.5,0,0
2023,3,3,737091087440674816,8132,Tyler Allgeier,RB,4.9,0,0
2023,3,3,737091087440674816,6828,AJ Dillon,RB,3.3,0,0
2023,3,3,737091087440674816,10236,Dalton Kincaid,TE,2.3,0,0
2023,3,4,736744257179770880,2133,Davante Adams,WR,42.7,1,0
2023,3,4,736744257179770880,1689,Adam Thielen,WR,32.0,0,0
2023,3,4,736744257179770880,8151,Kenneth Walker,RB,30.6,1,0
2023,3,4,736744257179770880,4046,Patrick Mahomes,QB,25.68,1,0
2023,3,4,736744257179770880,8143,Jerome Ford,RB,19.1,0,0
2023,3,4,736744257179770880,1837,Jimmy Garoppolo,QB,18.16,0,0
2023,3,4,736744257179770880,6819,Michael Pittman,WR,16.7,1,0
2023,3,4,736744257179770880,1234,Russell Wilson,QB,14.24,1,0
2023,3,4,736744257179770880,3271,Tyler Higbee,TE,12.1,0,0
2023,3,4,736744257179770880,5850,Josh Jacobs,RB,11.0,1,0
2023,3,4,736744257179770880,BAL,Baltimore Ravens,DEF,7.75,1,0
2023,3,4,736744257179770880,5012,Mark Andrews,TE,7.5,1,0
2023,3,4,736744257179770880,8136,Rachaad White,RB,7.2,0,0
2023,3,4,736744257179770880,7525,DeVonta Smith,WR,6.8,1,0
2023,3,4,736744257179770880,9753,Zach Charbonnet,RB,5.5,0,0
2023,3,4,736744257179770880,1264,Justin Tucker,K,5.0,1,0
2023,3,5,716698629934481408,3321,Tyreek Hill,WR,32.7,1,0
2023,3,5,716698629934481408,6797,Justin Herbert,QB,29.8,1,0
2023,3,5,716698629934481408,7042,Tyler Bass,K,15.0,1,0
2023,3,5,716698629934481408,PHI,Philadelphia Eagles,DEF,14.5,1,0
2023,3,5,716698629934481408,4018,Joe Mixon,RB,14.0,1,0
2023,3,5,716698629934481408,8137,George Pickens,WR,11.5,1,0
2023,3,5,716698629934481408,5927,Terry McLaurin,WR,10.1,0,0
2023,3,5,716698629934481408,7553,Kyle Pitts,TE,8.7,0,0
2023,3,5,716698629934481408,7588,Javonte Williams,RB,8.5,0,0
2023,3,5,716698629934481408,8150,Kyren Williams,RB,8.5,1,0
2023,3,5,716698629934481408,8168,Skyy Moore,WR,8.2,0,0
2023,3,5,716698629934481408,1426,DeAndre Hopkins,WR,7.8,0,0
2023,3,5,716698629934481408,8154,Brian Robinson,RB,7.0,1,0
2023,3,5,716698629934481408,5870,Daniel Jones,QB,3.98,1,0
2023,3,5,716698629934481408,1339,Zach Ertz,TE,2.6,1,0
2023,3,5,716698629934481408,6938,Cam Akers,RB,0,0,0
2023,3,6,736740647758938112,6794,Justin Jefferson,WR,29.9,1,0
2023,3,6,736740647758938112,6768,Tua Tagovailoa,QB,29.36,1,0
2023,3,6,736740647758938112,2161,Jerick McKinnon,RB,17.8,1,0
2023,3,6,736740647758938112,NO,New Orleans Saints,DEF,12.25,1,0
2023,3,6,736740647758938112,421,Matthew Stafford,QB,11.46,1,0
2023,3,6,736740647758938112,4195,Jake Elliott,K,11.0,1,0
2023,3,6,736740647758938112,5022,Dallas Goedert,TE,9.1,1,0
2023,3,6,736740647758938112,2374,Tyler Lockett,WR,8.4,1,0
2023,3,6,736740647758938112,4029,Dalvin Cook,RB,5.9,0,0
2023,3,6,736740647758938112,6826,Cole Kmet,TE,4.2,0,0
2023,3,6,736740647758938112,6801,Tee Higgins,WR,4.1,1,0
2023,3,6,736740647758938112,8155,Breece Hall,RB,2.7,1,0
2023,3,6,736740647758938112,4039,Cooper Kupp,WR,0,0,0
2023,3,6,736740647758938112,5892,David Montgomery,RB,0,0,0
2023,3,6,736740647758938112,6813,Jonathan Taylor,RB,0,0,0
2023,3,6,736740647758938112,7090,Darnell Mooney,WR,0,0,0
2023,3,6,736740647758938112,9228,Bryce Young,QB,0,0,0
2023,3,7,735974647736213504,2749,Raheem Mostert,RB,45.2,1,0
2023,3,7,735974647736213504,1166,Kirk Cousins,QB,27.18,1,0
2023,3,7,735974647736213504,10859,Sam LaPorta,TE,22.9,0,0
2023,3,7,735974647736213504,1466,Travis Kelce,TE,19.9,1,0
2023,3,7,735974647736213504,8183,Brock Purdy,QB,19.8,1,0
2023,3,7,735974647736213504,2449,Stefon Diggs,WR,19.6,1,0
2023,3,7,735974647736213504,5947,Jakobi Meyers,WR,15.5,0,0
2023,3,7,735974647736213504,4950,Christian Kirk,WR,15.4,1,0
2023,3,7,735974647736213504,CLE,Cleveland Browns,DEF,15.25,1,0
2023,3,7,735974647736213504,KC,Kansas City Chiefs,DEF,13.25,0,0
2023,3,7,735974647736213504,8138,James Cook,RB,13.2,1,0
2023,3,7,735974647736213504,9493,Puka Nacua,WR,12.2,1,0
2023,3,7,735974647736213504,8159,Desmond Ridder,QB,6.34,0,0
2023,3,7,735974647736213504,8112,Drake London,WR,5.1,0,0
2023,3,7,735974647736213504,1433,Brandon McManus,K,0,1,0
2023,3,7,735974647736213504,4199,Aaron Jones,RB,0,0,0
2023,3,7,735974647736213504,6803,Brandon Aiyuk,WR,0,0,0
2023,3,8,736803054736822272,BUF,Buffalo Bills,DEF,30.75,1,0
2023,3,8,736803054736822272,4034,Christian McCaffrey,RB,22.9,1,0
2023,3,8,736803054736822272,5859,A.J. Brown,WR,22.6,1,0
2023,3,8,736803054736822272,4017,Deshaun Watson,QB,20.66,1,0
2023,3,8,736803054736822272,8121,Romeo Doubs,WR,18.3,1,0
2023,3,8,736803054736822272,3163,Jared Goff,QB,18.02,1,0
2023,3,8,736803054736822272,5967,Tony Pollard,RB,15.6,1,0
2023,3,8,736803054736822272,6790,D'Andre Swift,RB,15.3,0,0
2023,3,8,736803054736822272,11533,Brandon Aubrey,K,11.0,1,0
2023,3,8,736803054736822272,4892,Baker Mayfield,QB,9.04,0,0
2023,3,8,736803054736822272,4981,Calvin Ridley,WR,7.0,1,0
2023,3,8,736803054736822272,7567,Kenny Gainwell,RB,5.8,0,0
2023,3,8,736803054736822272,2197,Brandin Cooks,WR,3.7,0,0
2023,3,8,736803054736822272,3214,Hunter Henry,TE,3.7,1,0
2023,3,8,736803054736822272,9754,Quentin Johnston,WR,3.0,0,0
2023,3,8,736803054736822272,8167,Christian Watson,WR,0,0,0
2023,3,9,710284244835979264,6804,Jordan Love,QB,24.26,0,0
2023,3,9,710284244835979264,4984,Josh Allen,QB,21.32,1,0
2023,3,9,710284244835979264,7547,Amon-Ra St. Brown,WR,20.1,1,0
2023,3,9,710284244835979264,6151,Miles Sanders,RB,17.2,1,0
2023,3,9,710284244835979264,8205,Isiah Pacheco,RB,15.8,1,0
2023,3,9,710284244835979264,3294,Dak Prescott,QB,14.86,1,0
2023,3,9,710284244835979264,5844,T.J. Hockenson,TE,13.8,1,0
2023,3,9,710284244835979264,6783,Jerry Jeudy,WR,13.1,0,0
2023,3,9,710284244835979264,3199,Michael Thomas,WR,11.0,0,0
2023,3,9,710284244835979264,6786,CeeDee Lamb,WR,10.2,1,0
2023,3,9,710284244835979264,8146,Garrett Wilson,WR,9.8,1,0
2023,3,9,710284244835979264,4098,Kareem Hunt,RB,5.5,0,0
2023,3,9,710284244835979264,4666,Younghoe Koo,K,4.0,1,0
2023,3,9,710284244835979264,NYJ,New York Jets,DEF,3.5,1,0
2023,3,9,710284244835979264,4040,JuJu Smith-Schuster,WR,1.5,0,0
2023,3,9,710284244835979264,4988,Nick Chubb,RB,0,0,0
2023,3,9,710284244835979264,5995,Justice Hill,RB,0,0,0
2023,3,10,475399371639222272,4881,Lamar Jackson,QB,27.68,1,0
2023,3,10,475399371639222272,6845,Zack Moss,RB,23.0,1,0
2023,3,10,475399371639222272,9758,C.J. Stroud,QB,21.6,1,0
2023,3,10,475399371639222272,5045,Courtland Sutton,WR,19.1,0,0
2023,3,10,475399371639222272,5987,Alexander Mattison,RB,17.5,1,0
2023,3,10,475399371639222272,4217,George Kittle,TE,16.0,1,0
2023,3,10,475399371639222272,NE,New England Patriots,DEF,14.75,1,0
2023,3,10,475399371639222272,6943,Gabe Davis,WR,10.3,1,0
2023,3,10,475399371639222272,5119,Jason Sanders,K,10.0,1,0
2023,3,10,475399371639222272,9221,Jahmyr Gibbs,RB,9.2,1,0
2023,3,10,475399371639222272,4037,Chris Godwin,WR,8.2,1,0
2023,3,10,475399371639222272,5248,Gus Edwards,RB,5.1,0,0
2023,3,10,475399371639222272,8119,Jahan Dotson,WR,4.1,0,0
2023,3,10,475399371639222272,9488,Jaxon Smith-Njigba,WR,2.0,0,0
2023,3,10,475399371639222272,4663,Austin Ekeler,RB,0,0,0
2023,3,10,475399371639222272,7526,Jaylen Waddle,WR,0,0,0
2023,3,10,475399371639222272,9229,Anthony Richardson,QB,0,0,0
2023,4,1,608781531883859968,7569,Nico Collins,WR,37.8,1,0
2023,4,1,608781531883859968,7591,Justin Fields,QB,28.4,1,0
2023,4,1,608781531883859968,4983,DJ Moore,WR,27.6,1,0
2023,4,1,608781531883859968,4179,Joshua Dobbs,QB,22.9,0,0
2023,4,1,608781531883859968,4035,Alvin Kamara,RB,21.4,1,0
2023,4,1,608781531883859968,5848,Marquise Brown,WR,16.6,0,0
2023,4,1,608781531883859968,7523,Trevor Lawrence,QB,16.48,1,0
2023,4,1,608781531883859968,8110,Jake Ferguson,TE,14.7,0,0
2023,4,1,608781531883859968,1479,Keenan Allen,WR,12.2,1,0
2023,4,1,608781531883859968,7670,Joshua Palmer,WR,10.7,0,0
2023,4,1,608781531883859968,7611,Rhamondre Stevenson,RB,6.0,1,0
2023,4,1,608781531883859968,10937,Jake Moody,K,5.0,1,0
2023,4,1,608781531883859968,10235,Roschon Johnson,RB,2.5,0,0
2023,4,1,608781531883859968,7596,Elijah Moore,WR,2.0,0,0
2023,4,1,608781531883859968,9481,Luke Musgrave,TE,1.1,1,0
2023,4,1,608781531883859968,4866,Saquon Barkley,RB,0,0,0
2023,4,1,608781531883859968,5849,Kyler Murray,QB,0,0,0
2023,4,1,608781531883859968,PIT,Pittsburgh Steelers,DEF,-3.0,1,0
2023,4,2,736077599457026048,DAL,Dallas Cowboys,DEF,29.5,1,0
2023,4,2,736077599457026048,6904,Jalen Hurts,QB,25.66,1,0
2023,4,2,736077599457026048,3198,Derrick Henry,RB,24.88,1,0
2023,4,2,736077599457026048,7608,Khalil Herbert,RB,22.7,0,0
2023,4,2,736077599457026048,8162,Sam Howell,QB,20.1,0,0
2023,4,2,736077599457026048,9509,Bijan Robinson,RB,19.2,1,0
2023,4,2,736077599457026048,5846,DK Metcalf,WR,12.4,1,0
2023,4,2,736077599457026048,8129,Dameon Pierce,RB,11.8,0,0
2023,4,2,736077599457026048,8228,Jaylen Warren,RB,10.5,0,0
2023,4,2,736077599457026048,1373,Geno Smith,QB,9.2,1,0
2023,4,2,736077599457026048,7562,Tutu Atwell,WR,7.4,1,0
2023,4,2,736077599457026048,2216,Mike Evans,WR,7.0,0,0
2023,4,2,736077599457026048,8259,Cameron Dicker,K,6.0,1,0
2023,4,2,736077599457026048,2505,Darren Waller,TE,5.1,1,0
2023,4,2,736077599457026048,8144,Chris Olave,WR,1.4,1,0
2023,4,2,736077599457026048,4068,Mike Williams,WR,0,0,0
2023,4,2,736077599457026048,9756,Jordan Addison,WR,0,0,0
2023,4,3,737091087440674816,7564,Ja'Marr Chase,WR,14.3,1,0
2023,4,3,737091087440674816,4066,Evan Engram,TE,11.9,1,0
2023,4,3,737091087440674816,7528,Najee Harris,RB,11.3,0,0
2023,4,3,737091087440674816,7543,Travis Etienne,RB,10.2,1,0
2023,4,3,737091087440674816,9997,Zay Flowers,WR,8.0,1,0
2023,4,3,737091087440674816,10236,Dalton Kincaid,TE,6.7,0,0
2023,4,3,737091087440674816,4137,James Conner,RB,6.6,1,0
2023,4,3,737091087440674816,6770,Joe Burrow,QB,4.7,1,0
2023,4,3,737091087440674816,8160,Kenny Pickett,QB,3.46,1,0
2023,4,3,737091087440674816,2028,Derek Carr,QB,3.18,0,0
2023,4,3,737091087440674816,7839,Evan McPherson,K,3.0,1,0
2023,4,3,737091087440674816,2309,Amari Cooper,WR,2.6,1,0
2023,4,3,737091087440674816,SF,San Francisco 49ers,DEF,2.25,1,0
2023,4,3,737091087440674816,8132,Tyler Allgeier,RB,2.2,0,0
2023,4,3,737091087440674816,6828,AJ Dillon,RB,1.1,0,0
2023,4,3,737091087440674816,5872,Deebo Samuel,WR,0.6,0,0
2023,4,4,736744257179770880,5850,Josh Jacobs,RB,27.9,1,0
2023,4,4,736744257179770880,5012,Mark Andrews,TE,25.0,1,0
2023,4,4,736744257179770880,1234,Russell Wilson,QB,22.22,1,0
2023,4,4,736744257179770880,BAL,Baltimore Ravens,DEF,17.5,1,0
2023,4,4,736744257179770880,2133,Davante Adams,WR,15.5,1,0
2023,4,4,736744257179770880,1689,Adam Thielen,WR,15.2,0,0
2023,4,4,736744257179770880,7525,DeVonta Smith,WR,14.8,1,0
2023,4,4,736744257179770880,8151,Kenneth Walker,RB,13.9,1,0
2023,4,4,736744257179770880,4046,Patrick Mahomes,QB,12.22,1,0
2023,4,4,736744257179770880,3271,Tyler Higbee,TE,11.4,0,0
2023,4,4,736744257179770880,8136,Rachaad White,RB,10.8,0,0
2023,4,4,736744257179770880,8143,Jerome Ford,RB,9.5,1,0
2023,4,4,736744257179770880,9753,Zach Charbonnet,RB,5.0,0,0
2023,4,4,736744257179770880,6819,Michael Pittman,WR,4.5,0,0
2023,4,4,736744257179770880,1264,Justin Tucker,K,4.0,1,0
2023,4,4,736744257179770880,9502,Tank Dell,WR,2.9,0,0
2023,4,5,716698629934481408,8150,Kyren Williams,RB,27.2,1,0
2023,4,5,716698629934481408,6797,Justin Herbert,QB,23.38,1,0
2023,4,5,716698629934481408,5927,Terry McLaurin,WR,22.6,0,0
2023,4,5,716698629934481408,6803,Brandon Aiyuk,WR,21.3,1,0
2023,4,5,716698629934481408,7042,Tyler Bass,K,14.0,1,0
2023,4,5,716698629934481408,8154,Brian Robinson,RB,12.1,0,0
2023,4,5,716698629934481408,1466,Travis Kelce,TE,12.0,1,0
2023,4,5,716698629934481408,1426,DeAndre Hopkins,WR,10.3,0,0
2023,4,5,716698629934481408,4018,Joe Mixon,RB,8.6,1,0
2023,4,5,716698629934481408,5870,Daniel Jones,QB,8.22,1,0
2023,4,5,716698629934481408,6938,Cam Akers,RB,7.1,0,0
2023,4,5,716698629934481408,8137,George Pickens,WR,4.5,1,0
2023,4,5,716698629934481408,7553,Kyle Pitts,TE,4.1,0,0
2023,4,5,716698629934481408,7588,Javonte Williams,RB,3.9,1,0
2023,4,5,716698629934481408,PHI,Philadelphia Eagles,DEF,3.25,1,0
2023,4,5,716698629934481408,8168,Skyy Moore,WR,1.9,0,0
2023,4,6,736740647758938112,5892,David Montgomery,RB,34.6,0,0
2023,4,6,736740647758938112,9226,De'Von Achane,RB,27.5,1,0
2023,4,6,736740647758938112,6794,Justin Jefferson,WR,26.5,1,0
2023,4,6,736740647758938112,4195,Jake Elliott,K,18.0,1,0
2023,4,6,736740647758938112,421,Matthew Stafford,QB,16.66,0,0
2023,4,6,736740647758938112,6768,Tua Tagovailoa,QB,13.48,1,0
2023,4,6,736740647758938112,8155,Breece Hall,RB,9.9,1,0
2023,4,6,736740647758938112,2374,Tyler Lockett,WR,9.4,1,0
2023,4,6,736740647758938112,9228,Bryce Young,QB,7.66,1,0
2023,4,6,736740647758938112,5022,Dallas Goedert,TE,4.5,1,0
2023,4,6,736740647758938112,6801,Tee Higgins,WR,3.9,1,0
2023,4,6,736740647758938112,NO,New Orleans Saints,DEF,3.25,1,0
2023,4,6,736740647758938112,4029,Dalvin Cook,RB,2.8,0,0
2023,4,6,736740647758938112,2161,Jerick McKinnon,RB,0.7,0,0
2023,4,6,736740647758938112,2078,Odell Beckham,WR,0,0,0
2023,4,6,736740647758938112,4039,Cooper Kupp,WR,0,0,0
2023,4,6,736740647758938112,6813,Jonathan Taylor,RB,0,0,0
2023,4,7,735974647736213504,2449,Stefon Diggs,WR,38.0,1,0
2023,4,7,735974647736213504,9493,Puka Nacua,WR,31.8,1,0
2023,4,7,735974647736213504,8183,Brock Purdy,QB,21.32,1,0
2023,4,7,735974647736213504,4950,Christian Kirk,WR,16.4,0,0
2023,4,7,735974647736213504,8138,James Cook,RB,14.7,1,0
2023,4,7,735974647736213504,3451,Ka'imi Fairbairn,K,12.0,1,0
2023,4,7,735974647736213504,8112,Drake London,WR,11.8,0,0
2023,4,7,735974647736213504,3321,Tyreek Hill,WR,10.2,1,0
2023,4,7,735974647736213504,10859,Sam LaPorta,TE,9.6,1,0
2023,4,7,735974647736213504,1166,Kirk Cousins,QB,8.56,1,0
2023,4,7,735974647736213504,CLE,Cleveland Browns,DEF,7.75,0,0
2023,4,7,735974647736213504,8159,Desmond Ridder,QB,6.24,0,0
2023,4,7,735974647736213504,KC,Kansas City Chiefs,DEF,5.5,1,0
2023,4,7,735974647736213504,5947,Jakobi Meyers,WR,5.3,0,0
2023,4,7,735974647736213504,2749,Raheem Mostert,RB,4.5,0,0
2023,4,7,735974647736213504,4199,Aaron Jones,RB,2.4,1,0
2023,4,8,736803054736822272,4034,Christian McCaffrey,RB,49.2,1,0
2023,4,8,736803054736822272,5859,A.J. Brown,WR,40.5,1,0
2023,4,8,736803054736822272,4892,Baker Mayfield,QB,23.44,1,0
2023,4,8,736803054736822272,8121,Romeo Doubs,WR,18.5,1,0
2023,4,8,736803054736822272,6790,D'Andre Swift,RB,17.9,0,0
2023,4,8,736803054736822272,11533,Brandon Aubrey,K,12.0,1,0
2023,4,8,736803054736822272,BUF,Buffalo Bills,DEF,12.0,1,0
2023,4,8,736803054736822272,4981,Calvin Ridley,WR,11.8,1,0
2023,4,8,736803054736822272,3163,Jared Goff,QB,11.4,1,0
2023,4,8,736803054736822272,8167,Christian Watson,WR,10.5,0,0
2023,4,8,736803054736822272,3214,Hunter Henry,TE,9.1,1,0
2023,4,8,736803054736822272,5967,Tony Pollard,RB,9.0,1,0
2023,4,8,736803054736822272,2197,Brandin Cooks,WR,5.7,0,0
2023,4,8,736803054736822272,7567,Kenny Gainwell,RB,5.1,0,0
2023,4,8,736803054736822272,9754,Quentin Johnston,WR,2.8,0,0
2023,4,8,736803054736822272,4017,Deshaun Watson,QB,0,0,0
2023,4,9,710284244835979264,4984,Josh Allen,QB,37.5,1,0
2023,4,9,710284244835979264,8205,Isiah Pacheco,RB,25.8,1,0
2023,4,9,710284244835979264,6804,Jordan Love,QB,16.64,0,0
2023,4,9,710284244835979264,7547,Amon-Ra St. Brown,WR,16.6,1,0
2023,4,9,710284244835979264,8146,Garrett Wilson,WR,15.0,1,0
2023,4,9,710284244835979264,3294,Dak Prescott,QB,14.84,1,0
2023,4,9,710284244835979264,6786,CeeDee Lamb,WR,14.8,1,0
2023,4,9,710284244835979264,4227,Harrison Butker,K,11.0,0,0
2023,4,9,710284244835979264,3199,Michael Thomas,WR,9.3,0,0
2023,4,9,710284244835979264,6783,Jerry Jeudy,WR,8.2,0,0
2023,4,9,710284244835979264,6151,Miles Sanders,RB,6.2,1,0
2023,4,9,710284244835979264,5844,T.J. Hockenson,TE,4.4,1,0
2023,4,9,710284244835979264,NYJ,New York Jets,DEF,4.25,0,0
2023,4,9,710284244835979264,CIN,Cincinnati Bengals,DEF,2.75,1,0
2023,4,9,710284244835979264,4040,JuJu Smith-Schuster,WR,2.4,0,0
2023,4,9,710284244835979264,4098,Kareem Hunt,RB,1.2,0,0
2023,4,9,710284244835979264,4666,Younghoe Koo,K,1.0,1,0
2023,4,9,710284244835979264,4988,Nick Chubb,RB,0,0,0
2023,4,10,475399371639222272,9229,Anthony Richardson,QB,28.6,1,0
2023,4,10,475399371639222272,4881,Lamar Jackson,QB,27.14,1,0
2023,4,10,475399371639222272,9758,C.J. Stroud,QB,22.84,0,0
2023,4,10,475399371639222272,4037,Chris Godwin,WR,19.9,0,0
2023,4,10,475399371639222272,MIN,Minnesota Vikings,DEF,19.75,1,0
2023,4,10,475399371639222272,6943,Gabe Davis,WR,15.1,0,0
2023,4,10,475399371639222272,8119,Jahan Dotson,WR,12.7,0,0
2023,4,10,475399371639222272,5045,Courtland Sutton,WR,11.7,1,0
2023,4,10,475399371639222272,5987,Alexander Mattison,RB,10.8,1,0
2023,4,10,475399371639222272,9221,Jahmyr Gibbs,RB,9.1,1,0
2023,4,10,475399371639222272,6845,Zack Moss,RB,9.0,1,0
2023,4,10,475399371639222272,7526,Jaylen Waddle,WR,8.6,1,0
2023,4,10,475399371639222272,7045,Joshua Kelley,RB,6.5,0,0
2023,4,10,475399371639222272,9488,Jaxon Smith-Njigba,WR,3.5,0,0
2023,4,10,475399371639222272,5119,Jason Sanders,K,2.0,1,0
2023,4,10,475399371639222272,4217,George Kittle,TE,1.9,1,0
2023,4,10,475399371639222272,4663,Austin Ekeler,RB,0,0,0
2023,5,1,608781531883859968,4983,DJ Moore,WR,51.5,1,0
2023,5,1,608781531883859968,4035,Alvin Kamara,RB,18.7,1,0
2023,5,1,608781531883859968,5848,Marquise Brown,WR,16.1,1,0
2023,5,1,608781531883859968,7523,Trevor Lawrence,QB,15.2,1,0
2023,5,1,608781531883859968,4179,Joshua Dobbs,QB,8.74,1,0
2023,5,1,608781531883859968,7569,Nico Collins,WR,6.9,1,0
2023,5,1,608781531883859968,10937,Jake Moody,K,6.0,1,0
2023,5,1,608781531883859968,8110,Jake Ferguson,TE,5.8,1,0
2023,5,1,608781531883859968,4455,Matt Breida,RB,3.4,1,0
2023,5,1,608781531883859968,NE,New England Patriots,DEF,2.5,1,0
2023,5,1,608781531883859968,8148,Jameson Williams,WR,2.2,0,0
2023,5,1,608781531883859968,10235,Roschon Johnson,RB,1.9,0,0
2023,5,1,608781531883859968,1479,Keenan Allen,WR,0,0,0
2023,5,1,608781531883859968,4866,Saquon Barkley,RB,0,0,0
2023,5,1,608781531883859968,5849,Kyler Murray,QB,0,0,0
2023,5,1,608781531883859968,6797,Justin Herbert,QB,0,0,0
2023,5,1,608781531883859968,7670,Joshua Palmer,WR,0,0,0
2023,5,2,736077599457026048,6904,Jalen Hurts,QB,27.82,1,0
2023,5,2,736077599457026048,8162,Sam Howell,QB,25.92,1,0
2023,5,2,736077599457026048,9756,Jordan Addison,WR,18.4,0,0
2023,5,2,736077599457026048,2505,Darren Waller,TE,16.6,1,0
2023,5,2,736077599457026048,9509,Bijan Robinson,RB,11.8,1,0
2023,5,2,736077599457026048,8228,Jaylen Warren,RB,10.9,0,0
2023,5,2,736077599457026048,3225,Tyler Boyd,WR,9.9,1,0
2023,5,2,736077599457026048,3198,Derrick Henry,RB,9.2,1,0
2023,5,2,736077599457026048,8129,Dameon Pierce,RB,9.2,1,0
2023,5,2,736077599457026048,8144,Chris Olave,WR,9.2,1,0
2023,5,2,736077599457026048,7562,Tutu Atwell,WR,8.9,0,0
2023,5,2,736077599457026048,7608,Khalil Herbert,RB,7.6,0,0
2023,5,2,736077599457026048,4958,Brett Maher,K,2.0,1,0
2023,5,2,736077599457026048,1373,Geno Smith,QB,0,0,0
2023,5,2,736077599457026048,2216,Mike Evans,WR,0,0,0
2023,5,2,736077599457026048,5846,DK Metcalf,WR,0,0,0
2023,5,2,736077599457026048,DAL,Dallas Cowboys,DEF,-2.25,1,0
2023,5,3,737091087440674816,7564,Ja'Marr Chase,WR,54.2,1,0
2023,5,3,737091087440674816,7543,Travis Etienne,RB,36.9,1,0
2023,5,3,737091087440674816,6770,Joe Burrow,QB,24.88,1,0
2023,5,3,737091087440674816,SF,San Francisco 49ers,DEF,20.0,1,0
2023,5,3,737091087440674816,2028,Derek Carr,QB,15.72,0,0
2023,5,3,737091087440674816,6828,AJ Dillon,RB,13.6,0,0
2023,5,3,737091087440674816,9997,Zay Flowers,WR,12.3,1,0
2023,5,3,737091087440674816,7839,Evan McPherson,K,12.0,1,0
2023,5,3,737091087440674816,5872,Deebo Samuel,WR,11.5,1,0
2023,5,3,737091087440674816,4066,Evan Engram,TE,6.8,1,0
2023,5,3,737091087440674816,7538,Zach Wilson,QB,6.56,1,0
2023,5,3,737091087440674816,8132,Tyler Allgeier,RB,6.0,0,0
2023,5,3,737091087440674816,7528,Najee Harris,RB,5.0,0,0
2023,5,3,737091087440674816,4137,James Conner,RB,4.6,1,0
2023,5,3,737091087440674816,10236,Dalton Kincaid,TE,3.9,0,0
2023,5,3,737091087440674816,2309,Amari Cooper,WR,0,0,0
2023,5,4,736744257179770880,1689,Adam Thielen,WR,28.2,0,0
2023,5,4,736744257179770880,5850,Josh Jacobs,RB,19.9,1,0
2023,5,4,736744257179770880,4046,Patrick Mahomes,QB,19.74,1,0
2023,5,4,736744257179770880,9493,Puka Nacua,WR,19.1,1,0
2023,5,4,736744257179770880,1234,Russell Wilson,QB,17.74,1,0
2023,5,4,736744257179770880,2749,Raheem Mostert,RB,14.8,1,0
2023,5,4,736744257179770880,5012,Mark Andrews,TE,12.5,1,0
2023,5,4,736744257179770880,6945,Antonio Gibson,RB,10.4,0,0
2023,5,4,736744257179770880,2133,Davante Adams,WR,8.5,1,0
2023,5,4,736744257179770880,BAL,Baltimore Ravens,DEF,8.25,1,0
2023,5,4,736744257179770880,1264,Justin Tucker,K,4.0,1,0
2023,5,4,736744257179770880,7525,DeVonta Smith,WR,1.6,1,0
2023,5,4,736744257179770880,8136,Rachaad White,RB,0,0,0
2023,5,4,736744257179770880,8151,Kenneth Walker,RB,0,0,0
2023,5,4,736744257179770880,9753,Zach Charbonnet,RB,0,0,0
2023,5,5,716698629934481408,7591,Justin Fields,QB,33.98,1,0
2023,5,5,716698629934481408,8137,George Pickens,WR,27.6,0,0
2023,5,5,716698629934481408,1466,Travis Kelce,TE,22.7,1,0
2023,5,5,716698629934481408,1426,DeAndre Hopkins,WR,22.5,0,0
2023,5,5,716698629934481408,4018,Joe Mixon,RB,13.4,1,0
2023,5,5,716698629934481408,6803,Brandon Aiyuk,WR,9.8,1,0
2023,5,5,716698629934481408,5927,Terry McLaurin,WR,8.9,1,0
2023,5,5,716698629934481408,8154,Brian Robinson,RB,8.3,1,0
2023,5,5,716698629934481408,8150,Kyren Williams,RB,7.7,1,0
2023,5,5,716698629934481408,PHI,Philadelphia Eagles,DEF,7.5,1,0
2023,5,5,716698629934481408,5870,Daniel Jones,QB,7.16,1,0
2023,5,5,716698629934481408,5248,Gus Edwards,RB,4.8,0,0
2023,5,5,716698629934481408,10232,Michael Wilson,WR,2.8,0,0
2023,5,5,716698629934481408,7611,Rhamondre Stevenson,RB,2.4,0,0
2023,5,5,716698629934481408,7042,Tyler Bass,K,2.0,1,0
2023,5,5,716698629934481408,7588,Javonte Williams,RB,0,0,0
2023,5,6,736740647758938112,8155,Breece Hall,RB,30.4,1,0
2023,5,6,736740647758938112,5022,Dallas Goedert,TE,26.2,1,0
2023,5,6,736740647758938112,9226,De'Von Achane,RB,23.5,1,0
2023,5,6,736740647758938112,5892,David Montgomery,RB,21.9,1,0
2023,5,6,736740647758938112,4039,Cooper Kupp,WR,20.3,1,0
2023,5,6,736740647758938112,9228,Bryce Young,QB,18.78,0,0
2023,5,6,736740647758938112,6768,Tua Tagovailoa,QB,17.92,1,0
2023,5,6,736740647758938112,421,Matthew Stafford,QB,16.88,1,0
2023,5,6,736740647758938112,7553,Kyle Pitts,TE,15.7,0,0
2023,5,6,736740647758938112,MIA,Miami Dolphins,DEF,12.75,1,0
2023,5,6,736740647758938112,4195,Jake Elliott,K,11.0,1,0
2023,5,6,736740647758938112,1339,Zach Ertz,TE,9.0,0,0
2023,5,6,736740647758938112,6794,Justin Jefferson,WR,5.8,1,0
2023,5,6,736740647758938112,6813,Jonathan Taylor,RB,4.4,0,0
2023,5,6,736740647758938112,2374,Tyler Lockett,WR,0,0,0
2023,5,6,736740647758938112,6801,Tee Higgins,WR,0,0,0
2023,5,7,735974647736213504,3321,Tyreek Hill,WR,34.1,1,0
2023,5,7,735974647736213504,8159,Desmond Ridder,QB,26.66,1,0
2023,5,7,735974647736213504,8183,Brock Purdy,QB,26.08,0,0
2023,5,7,735974647736213504,2449,Stefon Diggs,WR,24.6,1,0
2023,5,7,735974647736213504,5947,Jakobi Meyers,WR,20.5,0,0
2023,5,7,735974647736213504,10859,Sam LaPorta,TE,19.7,1,0
2023,5,7,735974647736213504,1166,Kirk Cousins,QB,19.36,1,0
2023,5,7,735974647736213504,8112,Drake London,WR,14.68,0,0
2023,5,7,735974647736213504,4950,Christian Kirk,WR,14.4,0,0
2023,5,7,735974647736213504,6819,Michael Pittman,WR,10.2,1,0
2023,5,7,735974647736213504,9502,Tank Dell,WR,8.3,0,0
2023,5,7,735974647736213504,7922,Riley Patterson,K,6.0,1,0
2023,5,7,735974647736213504,8138,James Cook,RB,5.1,1,0
2023,5,7,735974647736213504,2359,Ameer Abdullah,RB,2.5,1,0
2023,5,7,735974647736213504,4199,Aaron Jones,RB,0,0,0
2023,5,7,735974647736213504,8143,Jerome Ford,RB,0,0,0
2023,5,7,735974647736213504,9488,Jaxon Smith-Njigba,WR,0,0,0
2023,5,7,735974647736213504,TEN,Tennessee Titans,DEF,-0.75,1,0
2023,5,8,736803054736822272,3163,Jared Goff,QB,27.44,1,0
2023,5,8,736803054736822272,4981,Calvin Ridley,WR,21.1,1,0
2023,5,8,736803054736822272,5859,A.J. Brown,WR,19.2,1,0
2023,5,8,736803054736822272,6790,D'Andre Swift,RB,16.8,1,0
2023,5,8,736803054736822272,4034,Christian McCaffrey,RB,13.8,1,0
2023,5,8,736803054736822272,8167,Christian Watson,WR,11.6,0,0
2023,5,8,736803054736822272,5967,Tony Pollard,RB,8.4,1,0
2023,5,8,736803054736822272,11533,Brandon Aubrey,K,6.0,1,0
2023,5,8,736803054736822272,BUF,Buffalo Bills,DEF,5.25,1,0
2023,5,8,736803054736822272,7567,Kenny Gainwell,RB,3.4,0,0
2023,5,8,736803054736822272,2197,Brandin Cooks,WR,2.3,0,0
2023,5,8,736803054736822272,8121,Romeo Doubs,WR,1.4,1,0
2023,5,8,736803054736822272,3214,Hunter Henry,TE,0,1,0
2023,5,8,736803054736822272,4017,Deshaun Watson,QB,0,0,0
2023,5,8,736803054736822272,4892,Baker Mayfield,QB,0,0,0
2023,5,8,736803054736822272,9754,Quentin Johnston,WR,0,0,0
2023,5,9,710284244835979264,4984,Josh Allen,QB,28.26,1,0
2023,5,9,710284244835979264,CIN,Cincinnati Bengals,DEF,22.25,0,0
2023,5,9,710284244835979264,NYJ,New York Jets,DEF,19.0,1,0
2023,5,9,710284244835979264,11439,Jaleel McLaughlin,RB,17.9,0,0
2023,5,9,710284244835979264,8205,Isiah Pacheco,RB,13.4,1,0
2023,5,9,710284244835979264,6783,Jerry Jeudy,WR,11.0,0,0
2023,5,9,710284244835979264,3199,Michael Thomas,WR,10.5,1,0
2023,5,9,710284244835979264,5844,T.J. Hockenson,TE,10.1,1,0
2023,5,9,710284244835979264,4227,Harrison Butker,K,10.0,1,0
2023,5,9,710284244835979264,6786,CeeDee Lamb,WR,8.9,1,0
2023,5,9,710284244835979264,8146,Garrett Wilson,WR,8.4,1,0
2023,5,9,710284244835979264,6804,Jordan Love,QB,4.98,0,0
2023,5,9,710284244835979264,3294,Dak Prescott,QB,4.32,1,0
2023,5,9,710284244835979264,6151,Miles Sanders,RB,1.2,1,0
2023,5,9,710284244835979264,4098,Kareem Hunt,RB,0,0,0
2023,5,9,710284244835979264,4988,Nick Chubb,RB,0,0,0
2023,5,9,710284244835979264,7547,Amon-Ra St. Brown,WR,0,0,0
2023,5,10,475399371639222272,6845,Zack Moss,RB,35.5,0,0
2023,5,10,475399371639222272,4217,George Kittle,TE,27.7,1,0
2023,5,10,475399371639222272,6943,Gabe Davis,WR,22.5,0,0
2023,5,10,475399371639222272,7526,Jaylen Waddle,WR,14.5,1,0
2023,5,10,475399371639222272,9758,C.J. Stroud,QB,14.16,0,0
2023,5,10,475399371639222272,5987,Alexander Mattison,RB,12.6,1,0
2023,5,10,475399371639222272,4881,Lamar Jackson,QB,9.94,1,0
2023,5,10,475399371639222272,5119,Jason Sanders,K,8.0,1,0
2023,5,10,475399371639222272,DET,Detroit Lions,DEF,7.75,1,0
2023,5,10,475399371639222272,8119,Jahan Dotson,WR,6.0,1,0
2023,5,10,475399371639222272,7594,Chuba Hubbard,RB,4.5,1,0
2023,5,10,475399371639222272,9229,Anthony Richardson,QB,3.42,1,0
2023,5,10,475399371639222272,5045,Courtland Sutton,WR,2.3,1,0
2023,5,10,475399371639222272,4037,Chris Godwin,WR,0,0,0
2023,5,10,475399371639222272,4663,Austin Ekeler,RB,0,0,0
2023,5,10,475399371639222272,9221,Jahmyr Gibbs,RB,0,0,0
2023,6,1,608781531883859968,1479,Keenan Allen,WR,21.5,1,0
2023,6,1,608781531883859968,6797,Justin Herbert,QB,19.08,1,0
2023,6,1,608781531883859968,4035,Alvin Kamara,RB,17.4,1,0
2023,6,1,608781531883859968,7594,Chuba Hubbard,RB,16.0,0,0
2023,6,1,608781531883859968,7523,Trevor Lawrence,QB,14.74,1,0
2023,6,1,608781531883859968,4866,Saquon Barkley,RB,13.8,1,0
2023,6,1,608781531883859968,8148,Jameson Williams,WR,13.8,0,0
2023,6,1,608781531883859968,7569,Nico Collins,WR,12.0,1,0
2023,6,1,608781531883859968,6813,Jonathan Taylor,RB,11.5,0,0
2023,6,1,608781531883859968,LV,Las Vegas Raiders,DEF,11.5,1,0
2023,6,1,608781531883859968,4179,Joshua Dobbs,QB,10.1,0,0
2023,6,1,608781531883859968,7670,Joshua Palmer,WR,10.0,0,0
2023,6,1,608781531883859968,5848,Marquise Brown,WR,7.4,1,0
2023,6,1,608781531883859968,6826,Cole Kmet,TE,2.9,1,0
2023,6,1,608781531883859968,10937,Jake Moody,K,0,1,0
2023,6,1,608781531883859968,5849,Kyler Murray,QB,0,0,0
2023,6,1,608781531883859968,6794,Justin Jefferson,WR,0,0,0
2023,6,2,736077599457026048,3198,Derrick Henry,RB,19.3,1,0
2023,6,2,736077599457026048,8162,Sam Howell,QB,18.34,0,0
2023,6,2,736077599457026048,4046,Patrick Mahomes,QB,17.84,1,0
2023,6,2,736077599457026048,8144,Chris Olave,WR,16.6,1,0
2023,6,2,736077599457026048,4958,Brett Maher,K,15.0,1,0
2023,6,2,736077599457026048,9509,Bijan Robinson,RB,13.0,1,0
2023,6,2,736077599457026048,BAL,Baltimore Ravens,DEF,12.5,1,0
2023,6,2,736077599457026048,9756,Jordan Addison,WR,11.8,1,0
2023,6,2,736077599457026048,1373,Geno Smith,QB,11.54,1,0
2023,6,2,736077599457026048,5846,DK Metcalf,WR,10.9,0,0
2023,6,2,736077599457026048,7525,DeVonta Smith,WR,9.4,0,0
2023,6,2,736077599457026048,2505,Darren Waller,TE,9.3,0,0
2023,6,2,736077599457026048,2216,Mike Evans,WR,8.9,1,0
2023,6,2,736077599457026048,8129,Dameon Pierce,RB,3.4,0,0
2023,6,2,736077599457026048,2251,Logan Thomas,TE,1.2,1,0
2023,6,2,736077599457026048,5284,Jeff Wilson,RB,0,0,0
2023,6,2,736077599457026048,8228,Jaylen Warren,RB,0,0,0
2023,6,3,737091087440674816,7543,Travis Etienne,RB,23.3,1,0
2023,6,3,737091087440674816,9997,Zay Flowers,WR,17.1,1,0
2023,6,3,737091087440674816,2028,Derek Carr,QB,16.82,0,0
2023,6,3,737091087440674816,2309,Amari Cooper,WR,14.3,0,0
2023,6,3,737091087440674816,7564,Ja'Marr Chase,WR,14.0,1,0
2023,6,3,737091087440674816,6770,Joe Burrow,QB,13.8,1,0
2023,6,3,737091087440674816,4066,Evan Engram,TE,11.1,1,0
2023,6,3,737091087440674816,6011,Gardner Minshew,QB,10.06,1,0
2023,6,3,737091087440674816,SF,San Francisco 49ers,DEF,8.0,1,0
2023,6,3,737091087440674816,9508,Tyjae Spears,RB,7.3,0,0
2023,6,3,737091087440674816,7839,Evan McPherson,K,7.0,1,0
2023,6,3,737091087440674816,8132,Tyler Allgeier,RB,5.1,0,0
2023,6,3,737091087440674816,11199,Emari Demercado,RB,2.7,1,0
2023,6,3,737091087440674816,5872,Deebo Samuel,WR,1.1,1,0
2023,6,3,737091087440674816,10236,Dalton Kincaid,TE,0,0,0
2023,6,3,737091087440674816,4137,James Conner,RB,0,0,0
2023,6,3,737091087440674816,7528,Najee Harris,RB,0,0,0
2023,6,4,736744257179770880,2749,Raheem Mostert,RB,34.7,1,0
2023,6,4,736744257179770880,1689,Adam Thielen,WR,29.0,1,0
2023,6,4,736744257179770880,6904,Jalen Hurts,QB,20.4,1,0
2023,6,4,736744257179770880,1264,Justin Tucker,K,18.0,1,0
2023,6,4,736744257179770880,8151,Kenneth Walker,RB,17.9,0,0
2023,6,4,736744257179770880,5850,Josh Jacobs,RB,11.3,1,0
2023,6,4,736744257179770880,5012,Mark Andrews,TE,10.9,1,0
2023,6,4,736744257179770880,6945,Antonio Gibson,RB,8.6,0,0
2023,6,4,736744257179770880,DAL,Dallas Cowboys,DEF,7.75,1,0
2023,6,4,736744257179770880,1234,Russell Wilson,QB,6.9,1,0
2023,6,4,736744257179770880,8136,Rachaad White,RB,6.8,0,0
2023,6,4,736744257179770880,7596,Elijah Moore,WR,6.7,0,0
2023,6,4,736744257179770880,9493,Puka Nacua,WR,6.6,1,0
2023,6,4,736744257179770880,2133,Davante Adams,WR,4.9,1,0
2023,6,4,736744257179770880,9753,Zach Charbonnet,RB,3.9,0,0
2023,6,5,716698629934481408,8150,Kyren Williams,RB,22.3,1,0
2023,6,5,716698629934481408,1466,Travis Kelce,TE,21.9,1,0
2023,6,5,716698629934481408,7611,Rhamondre Stevenson,RB,18.0,1,0
2023,6,5,716698629934481408,5927,Terry McLaurin,WR,14.1,0,0
2023,6,5,716698629934481408,8154,Brian Robinson,RB,13.6,0,0
2023,6,5,716698629934481408,6803,Brandon Aiyuk,WR,11.6,1,0
2023,6,5,716698629934481408,10232,Michael Wilson,WR,9.2,0,0
2023,6,5,716698629934481408,4018,Joe Mixon,RB,9.2,1,0
2023,6,5,716698629934481408,1837,Jimmy Garoppolo,QB,8.88,1,0
2023,6,5,716698629934481408,PHI,Philadelphia Eagles,DEF,8.25,1,0
2023,6,5,716698629934481408,7588,Javonte Williams,RB,7.2,0,0
2023,6,5,716698629934481408,7591,Justin Fields,QB,4.92,1,0
2023,6,5,716698629934481408,1426,DeAndre Hopkins,WR,3.0,1,0
2023,6,5,716698629934481408,5870,Daniel Jones,QB,0,0,0
2023,6,5,716698629934481408,8137,George Pickens,WR,0,0,0
2023,6,5,716698629934481408,7042,Tyler Bass,K,-2.0,1,0
2023,6,6,736740647758938112,4039,Cooper Kupp,WR,28.3,1,0
2023,6,6,736740647758938112,6768,Tua Tagovailoa,QB,21.48,1,0
2023,6,6,736740647758938112,8155,Breece Hall,RB,20.3,1,0
2023,6,6,736740647758938112,2374,Tyler Lockett,WR,15.4,1,0
2023,6,6,736740647758938112,7553,Kyle Pitts,TE,14.3,0,0
2023,6,6,736740647758938112,421,Matthew Stafford,QB,13.24,1,0
2023,6,6,736740647758938112,9228,Bryce Young,QB,11.68,0,0
2023,6,6,736740647758938112,MIA,Miami Dolphins,DEF,11.5,1,0
2023,6,6,736740647758938112,4983,DJ Moore,WR,10.1,1,0
2023,6,6,736740647758938112,5022,Dallas Goedert,TE,9.2,1,0
2023,6,6,736740647758938112,7066,K.J. Osborn,WR,8.8,0,0
2023,6,6,736740647758938112,1339,Zach Ertz,TE,4.2,0,0
2023,6,6,736740647758938112,6801,Tee Higgins,WR,4.0,0,0
2023,6,6,736740647758938112,5892,David Montgomery,RB,3.3,1,0
2023,6,6,736740647758938112,10235,Roschon Johnson,RB,0,0,0
2023,6,6,736740647758938112,9226,De'Von Achane,RB,0,0,0
2023,6,6,736740647758938112,4195,Jake Elliott,K,-1.0,1,0
2023,6,7,735974647736213504,3321,Tyreek Hill,WR,29.3,1,0
2023,6,7,735974647736213504,8112,Drake London,WR,22.0,0,0
2023,6,7,735974647736213504,6819,Michael Pittman,WR,20.4,0,0
2023,6,7,735974647736213504,7526,Jaylen Waddle,WR,18.1,1,0
2023,6,7,735974647736213504,4881,Lamar Jackson,QB,17.12,1,0
2023,6,7,735974647736213504,5947,Jakobi Meyers,WR,17.1,1,0
2023,6,7,735974647736213504,KC,Kansas City Chiefs,DEF,17.0,1,0
2023,6,7,735974647736213504,8159,Desmond Ridder,QB,16.58,1,0
2023,6,7,735974647736213504,4950,Christian Kirk,WR,13.9,0,0
2023,6,7,735974647736213504,8143,Jerome Ford,RB,11.1,1,0
2023,6,7,735974647736213504,9488,Jaxon Smith-Njigba,WR,8.8,0,0
2023,6,7,735974647736213504,10859,Sam LaPorta,TE,7.6,1,0
2023,6,7,735974647736213504,8138,James Cook,RB,7.1,1,0
2023,6,7,735974647736213504,5119,Jason Sanders,K,6.0,1,0
2023,6,7,735974647736213504,4199,Aaron Jones,RB,0,0,0
2023,6,7,735974647736213504,9229,Anthony Richardson,QB,0,0,0
2023,6,7,735974647736213504,9502,Tank Dell,WR,0,0,0
2023,6,8,736803054736822272,3163,Jared Goff,QB,22.92,1,0
2023,6,8,736803054736822272,5859,A.J. Brown,WR,20.6,1,0
2023,6,8,736803054736822272,6790,D'Andre Swift,RB,17.8,1,0
2023,6,8,736803054736822272,5967,Tony Pollard,RB,17.0,1,0
2023,6,8,736803054736822272,2197,Brandin Cooks,WR,15.0,0,0
2023,6,8,736803054736822272,4034,Christian McCaffrey,RB,14.2,1,0
2023,6,8,736803054736822272,11533,Brandon Aubrey,K,8.0,1,0
2023,6,8,736803054736822272,BUF,Buffalo Bills,DEF,7.75,1,0
2023,6,8,736803054736822272,4892,Baker Mayfield,QB,6.84,1,0
2023,6,8,736803054736822272,4981,Calvin Ridley,WR,6.6,1,0
2023,6,8,736803054736822272,7567,Kenny Gainwell,RB,2.7,0,0
2023,6,8,736803054736822272,3214,Hunter Henry,TE,1.7,1,0
2023,6,8,736803054736822272,4017,Deshaun Watson,QB,0,0,0
2023,6,8,736803054736822272,8121,Romeo Doubs,WR,0,0,0
2023,6,8,736803054736822272,8167,Christian Watson,WR,0,0,0
2023,6,8,736803054736822272,9754,Quentin Johnston,WR,0,0,0
2023,6,9,710284244835979264,7547,Amon-Ra St. Brown,WR,30.9,1,0
2023,6,9,710284244835979264,3294,Dak Prescott,QB,24.88,1,0
2023,6,9,710284244835979264,6786,CeeDee Lamb,WR,19.2,1,0
2023,6,9,710284244835979264,4227,Harrison Butker,K,17.0,1,0
2023,6,9,710284244835979264,8146,Garrett Wilson,WR,17.0,1,0
2023,6,9,710284244835979264,8205,Isiah Pacheco,RB,15.8,1,0
2023,6,9,710284244835979264,4984,Josh Allen,QB,13.86,1,0
2023,6,9,710284244835979264,NYJ,New York Jets,DEF,12.0,0,0
2023,6,9,710284244835979264,5844,T.J. Hockenson,TE,11.0,1,0
2023,6,9,710284244835979264,3199,Michael Thomas,WR,9.5,0,0
2023,6,9,710284244835979264,ATL,Atlanta Falcons,DEF,8.25,1,0
2023,6,9,710284244835979264,8221,Keaontay Ingram,RB,7.1,0,0
2023,6,9,710284244835979264,4111,D'Onta Foreman,RB,6.7,1,0
2023,6,9,710284244835979264,11439,Jaleel McLaughlin,RB,6.2,0,0
2023,6,9,710284244835979264,6783,Jerry Jeudy,WR,4.4,0,0
2023,6,9,710284244835979264,4988,Nick Chubb,RB,0,0,0
2023,6,9,710284244835979264,6151,Miles Sanders,RB,0,0,0
2023,6,9,710284244835979264,6804,Jordan Love,QB,0,0,0
2023,6,10,475399371639222272,2449,Stefon Diggs,WR,20.5,1,0
2023,6,10,475399371639222272,6845,Zack Moss,RB,17.9,0,0
2023,6,10,475399371639222272,5045,Courtland Sutton,WR,14.6,0,0
2023,6,10,475399371639222272,9758,C.J. Stroud,QB,14.16,0,0
2023,6,10,475399371639222272,4037,Chris Godwin,WR,13.7,1,0
2023,6,10,475399371639222272,5987,Alexander Mattison,RB,11.2,1,0
2023,6,10,475399371639222272,4663,Austin Ekeler,RB,10.2,1,0
2023,6,10,475399371639222272,4171,Josh Reynolds,WR,8.0,0,0
2023,6,10,475399371639222272,1166,Kirk Cousins,QB,7.74,1,0
2023,6,10,475399371639222272,NO,New Orleans Saints,DEF,7.5,1,0
2023,6,10,475399371639222272,8183,Brock Purdy,QB,6.7,1,0
2023,6,10,475399371639222272,7922,Riley Patterson,K,6.0,1,0
2023,6,10,475399371639222272,6943,Gabe Davis,WR,3.1,1,0
2023,6,10,475399371639222272,4217,George Kittle,TE,1.1,1,0
2023,6,10,475399371639222272,5937,Diontae Johnson,WR,0,0,0
2023,6,10,475399371639222272,8119,Jahan Dotson,WR,0,0,0
2023,6,10,475399371639222272,9221,Jahmyr Gibbs,RB,0,0,0
2023,7,1,608781531883859968,4035,Alvin Kamara,RB,29.3,1,0
2023,7,1,608781531883859968,6813,Jonathan Taylor,RB,21.0,1,0
2023,7,1,608781531883859968,4866,Saquon Barkley,RB,18.8,1,0
2023,7,1,608781531883859968,7670,Joshua Palmer,WR,18.8,0,0
2023,7,1,608781531883859968,7523,Trevor Lawrence,QB,18.06,1,0
2023,7,1,608781531883859968,6797,Justin Herbert,QB,10.86,1,0
2023,7,1,608781531883859968,1479,Keenan Allen,WR,9.5,1,0
2023,7,1,608781531883859968,KC,Kansas City Chiefs,DEF,9.25,0,0
2023,7,1,608781531883859968,2251,Logan Thomas,TE,9.1,1,0
2023,7,1,608781531883859968,5848,Marquise Brown,WR,7.9,1,0
2023,7,1,608781531883859968,LV,Las Vegas Raiders,DEF,6.0,1,0
2023,7,1,608781531883859968,10937,Jake Moody,K,4.0,1,0
2023,7,1,608781531883859968,9482,Michael Mayer,TE,3.3,0,0
2023,7,1,608781531883859968,5849,Kyler Murray,QB,0,0,0
2023,7,1,608781531883859968,6794,Justin Jefferson,WR,0,0,0
2023,7,1,608781531883859968,7569,Nico Collins,WR,0,0,0
2023,7,1,608781531883859968,8148,Jameson Williams,WR,0,0,0
2023,7,2,736077599457026048,4046,Patrick Mahomes,QB,35.36,1,0
2023,7,2,736077599457026048,9756,Jordan Addison,WR,33.3,0,0
2023,7,2,736077599457026048,2505,Darren Waller,TE,22.8,1,0
2023,7,2,736077599457026048,2216,Mike Evans,WR,20.7,1,0
2023,7,2,736077599457026048,BAL,Baltimore Ravens,DEF,16.25,1,0
2023,7,2,736077599457026048,1373,Geno Smith,QB,13.76,1,0
2023,7,2,736077599457026048,5916,Darrell Henderson,RB,13.6,0,0
2023,7,2,736077599457026048,8144,Chris Olave,WR,12.7,1,0
2023,7,2,736077599457026048,8228,Jaylen Warren,RB,10.1,0,0
2023,7,2,736077599457026048,8162,Sam Howell,QB,9.46,0,0
2023,7,2,736077599457026048,7525,DeVonta Smith,WR,8.9,1,0
2023,7,2,736077599457026048,5284,Jeff Wilson,RB,1.4,1,0
2023,7,2,736077599457026048,9509,Bijan Robinson,RB,0.3,1,0
2023,7,2,736077599457026048,3198,Derrick Henry,RB,0,0,0
2023,7,2,736077599457026048,5846,DK Metcalf,WR,0,0,0
2023,7,2,736077599457026048,8129,Dameon Pierce,RB,0,0,0
2023,7,2,736077599457026048,4958,Brett Maher,K,-1.0,1,0
2023,7,3,737091087440674816,7543,Travis Etienne,RB,22.7,1,0
2023,7,3,737091087440674816,2028,Derek Carr,QB,16.94,1,0
2023,7,3,737091087440674816,10236,Dalton Kincaid,TE,15.5,0,0
2023,7,3,737091087440674816,8160,Kenny Pickett,QB,15.2,1,0
2023,7,3,737091087440674816,7528,Najee Harris,RB,14.8,1,0
2023,7,3,737091087440674816,9997,Zay Flowers,WR,11.5,1,0
2023,7,3,737091087440674816,7562,Tutu Atwell,WR,10.1,1,0
2023,7,3,737091087440674816,4066,Evan Engram,TE,9.5,1,0
2023,7,3,737091087440674816,2309,Amari Cooper,WR,4.2,1,0
2023,7,3,737091087440674816,5095,Daniel Carlson,K,4.0,1,0
2023,7,3,737091087440674816,4137,James Conner,RB,0,0,0
2023,7,3,737091087440674816,5872,Deebo Samuel,WR,0,0,0
2023,7,3,737091087440674816,6770,Joe Burrow,QB,0,0,0
2023,7,3,737091087440674816,7564,Ja'Marr Chase,WR,0,0,0
2023,7,3,737091087440674816,7839,Evan McPherson,K,0,0,0
2023,7,3,737091087440674816,9508,Tyjae Spears,RB,0,0,0
2023,7,3,737091087440674816,SF,San Francisco 49ers,DEF,-2.0,1,0
2023,7,4,736744257179770880,9493,Puka Nacua,WR,23.9,1,0
2023,7,4,736744257179770880,6904,Jalen Hurts,QB,23.26,1,0
2023,7,4,736744257179770880,5012,Mark Andrews,TE,22.3,1,0
2023,7,4,736744257179770880,8136,Rachaad White,RB,15.9,0,0
2023,7,4,736744257179770880,1234,Russell Wilson,QB,13.86,1,0
2023,7,4,736744257179770880,8151,Kenneth Walker,RB,13.6,1,0
2023,7,4,736744257179770880,2133,Davante Adams,WR,12.7,1,0
2023,7,4,736744257179770880,7596,Elijah Moore,WR,9.9,0,0
2023,7,4,736744257179770880,WAS,Washington Commanders,DEF,9.0,1,0
2023,7,4,736744257179770880,1264,Justin Tucker,K,8.0,1,0
2023,7,4,736744257179770880,2749,Raheem Mostert,RB,6.1,1,0
2023,7,4,736744257179770880,5850,Josh Jacobs,RB,5.1,1,0
2023,7,4,736744257179770880,6945,Antonio Gibson,RB,5.1,0,0
2023,7,4,736744257179770880,1689,Adam Thielen,WR,0,0,0
2023,7,4,736744257179770880,9753,Zach Charbonnet,RB,0,0,0
2023,7,4,736744257179770880,DAL,Dallas Cowboys,DEF,0,0,0
2023,7,5,716698629934481408,4950,Christian Kirk,WR,19.5,1,0
2023,7,5,716698629934481408,8137,George Pickens,WR,16.2,0,0
2023,7,5,716698629934481408,4179,Joshua Dobbs,QB,15.14,1,0
2023,7,5,716698629934481408,5927,Terry McLaurin,WR,15.0,1,0
2023,7,5,716698629934481408,7611,Rhamondre Stevenson,RB,14.5,1,0
2023,7,5,716698629934481408,CLE,Cleveland Browns,DEF,14.0,1,0
2023,7,5,716698629934481408,8112,Drake London,WR,11.4,1,0
2023,7,5,716698629934481408,10859,Sam LaPorta,TE,11.2,1,0
2023,7,5,716698629934481408,6803,Brandon Aiyuk,WR,10.7,1,0
2023,7,5,716698629934481408,8154,Brian Robinson,RB,8.3,1,0
2023,7,5,716698629934481408,7042,Tyler Bass,K,2.0,1,0
2023,7,5,716698629934481408,1426,DeAndre Hopkins,WR,0,0,0
2023,7,5,716698629934481408,4018,Joe Mixon,RB,0,0,0
2023,7,5,716698629934481408,5870,Daniel Jones,QB,0,0,0
2023,7,5,716698629934481408,7591,Justin Fields,QB,0,0,0
2023,7,5,716698629934481408,8150,Kyren Williams,RB,0,0,0
2023,7,6,736740647758938112,5022,Dallas Goedert,TE,18.7,1,0
2023,7,6,736740647758938112,4098,Kareem Hunt,RB,15.1,1,0
2023,7,6,736740647758938112,421,Matthew Stafford,QB,14.04,1,0
2023,7,6,736740647758938112,4983,DJ Moore,WR,13.4,1,0
2023,7,6,736740647758938112,6768,Tua Tagovailoa,QB,10.34,1,0
2023,7,6,736740647758938112,MIA,Miami Dolphins,DEF,10.25,0,0
2023,7,6,736740647758938112,2374,Tyler Lockett,WR,7.8,1,0
2023,7,6,736740647758938112,7553,Kyle Pitts,TE,7.7,0,0
2023,7,6,736740647758938112,4195,Jake Elliott,K,7.0,1,0
2023,7,6,736740647758938112,4039,Cooper Kupp,WR,6.9,1,0
2023,7,6,736740647758938112,5046,Royce Freeman,RB,6.6,1,0
2023,7,6,736740647758938112,LAR,Los Angeles Rams,DEF,3.5,1,0
2023,7,6,736740647758938112,5892,David Montgomery,RB,0,0,0
2023,7,6,736740647758938112,6801,Tee Higgins,WR,0,0,0
2023,7,6,736740647758938112,8155,Breece Hall,RB,0,0,0
2023,7,6,736740647758938112,9226,De'Von Achane,RB,0,0,0
2023,7,6,736740647758938112,9228,Bryce Young,QB,0,0,0
2023,7,7,735974647736213504,1466,Travis Kelce,TE,36.4,1,0
2023,7,7,735974647736213504,4881,Lamar Jackson,QB,33.88,1,0
2023,7,7,735974647736213504,3321,Tyreek Hill,WR,25.8,1,0
2023,7,7,735974647736213504,8138,James Cook,RB,19.2,0,0
2023,7,7,735974647736213504,8143,Jerome Ford,RB,18.9,1,0
2023,7,7,735974647736213504,5947,Jakobi Meyers,WR,18.0,1,0
2023,7,7,735974647736213504,6819,Michael Pittman,WR,17.8,1,0
2023,7,7,735974647736213504,10229,Rashee Rice,WR,17.0,0,0
2023,7,7,735974647736213504,9488,Jaxon Smith-Njigba,WR,16.3,0,0
2023,7,7,735974647736213504,8159,Desmond Ridder,QB,13.8,0,0
2023,7,7,735974647736213504,SEA,Seattle Seahawks,DEF,13.0,1,0
2023,7,7,735974647736213504,7588,Javonte Williams,RB,12.6,0,0
2023,7,7,735974647736213504,7526,Jaylen Waddle,WR,12.3,1,0
2023,7,7,735974647736213504,4199,Aaron Jones,RB,8.7,1,0
2023,7,7,735974647736213504,5119,Jason Sanders,K,6.0,1,0
2023,7,7,735974647736213504,5001,Dalton Schultz,TE,0,0,0
2023,7,7,735974647736213504,9502,Tank Dell,WR,0,0,0
2023,7,8,736803054736822272,5859,A.J. Brown,WR,30.2,1,0
2023,7,8,736803054736822272,4034,Christian McCaffrey,RB,22.6,1,0
2023,7,8,736803054736822272,4892,Baker Mayfield,QB,15.7,1,0
2023,7,8,736803054736822272,8121,Romeo Doubs,WR,11.0,0,0
2023,7,8,736803054736822272,6790,D'Andre Swift,RB,10.5,1,0
2023,7,8,736803054736822272,4033,David Njoku,TE,10.4,1,0
2023,7,8,736803054736822272,2747,Jason Myers,K,9.0,1,0
2023,7,8,736803054736822272,3163,Jared Goff,QB,7.86,1,0
2023,7,8,736803054736822272,8167,Christian Watson,WR,5.7,1,0
2023,7,8,736803054736822272,3214,Hunter Henry,TE,4.7,0,0
2023,7,8,736803054736822272,9754,Quentin Johnston,WR,3.0,0,0
2023,7,8,736803054736822272,4981,Calvin Ridley,WR,1.5,1,0
2023,7,8,736803054736822272,BUF,Buffalo Bills,DEF,1.25,1,0
2023,7,8,736803054736822272,2197,Brandin Cooks,WR,0,0,0
2023,7,8,736803054736822272,5967,Tony Pollard,RB,0,0,0
2023,7,8,736803054736822272,4017,Deshaun Watson,QB,-1.8,0,0
2023,7,9,710284244835979264,4111,D'Onta Foreman,RB,33.0,0,0
2023,7,9,710284244835979264,4984,Josh Allen,QB,24.8,1,0
2023,7,9,710284244835979264,7547,Amon-Ra St. Brown,WR,23.7,1,0
2023,7,9,710284244835979264,5844,T.J. Hockenson,TE,19.6,1,0
2023,7,9,710284244835979264,8205,Isiah Pacheco,RB,16.0,1,0
2023,7,9,710284244835979264,6804,Jordan Love,QB,15.3,1,0
2023,7,9,710284244835979264,3199,Michael Thomas,WR,13.2,1,0
2023,7,9,710284244835979264,ATL,Atlanta Falcons,DEF,11.75,1,0
2023,7,9,710284244835979264,6783,Jerry Jeudy,WR,11.4,1,0
2023,7,9,710284244835979264,4227,Harrison Butker,K,7.0,1,0
2023,7,9,710284244835979264,6659,Craig Reynolds,RB,3.5,1,0
2023,7,9,710284244835979264,3294,Dak Prescott,QB,0,0,0
2023,7,9,710284244835979264,6151,Miles Sanders,RB,0,0,0
2023,7,9,710284244835979264,6786,CeeDee Lamb,WR,0,0,0
2023,7,9,710284244835979264,8146,Garrett Wilson,WR,0,0,0
2023,7,9,710284244835979264,8221,Keaontay Ingram,RB,0,0,0
2023,7,9,710284244835979264,NYJ,New York Jets,DEF,0,0,0
2023,7,10,475399371639222272,9221,Jahmyr Gibbs,RB,27.6,1,0
2023,7,10,475399371639222272,1166,Kirk Cousins,QB,22.52,1,0
2023,7,10,475399371639222272,5045,Courtland Sutton,WR,19.6,0,0
2023,7,10,475399371639222272,2449,Stefon Diggs,WR,17.8,1,0
2023,7,10,475399371639222272,4217,George Kittle,TE,13.0,1,0
2023,7,10,475399371639222272,5937,Diontae Johnson,WR,12.9,1,0
2023,7,10,475399371639222272,8183,Brock Purdy,QB,12.78,1,0
2023,7,10,475399371639222272,4037,Chris Godwin,WR,12.6,1,0
2023,7,10,475399371639222272,7066,K.J. Osborn,WR,9.7,0,0
2023,7,10,475399371639222272,6845,Zack Moss,RB,7.2,0,0
2023,7,10,475399371639222272,5987,Alexander Mattison,RB,6.2,0,0
2023,7,10,475399371639222272,NO,New Orleans Saints,DEF,6.0,1,0
2023,7,10,475399371639222272,4663,Austin Ekeler,RB,5.6,1,0
2023,7,10,475399371639222272,6943,Gabe Davis,WR,1.6,0,0
2023,7,10,475399371639222272,10235,Roschon Johnson,RB,0,0,0
2023,7,10,475399371639222272,7922,Riley Patterson,K,0,1,0
2023,7,10,475399371639222272,9758,C.J. Stroud,QB,0,0,0
2023,8,1,608781531883859968,4035,Alvin Kamara,RB,27.0,1,0
2023,8,1,608781531883859968,6797,Justin Herbert,QB,24.52,1,0
2023,8,1,608781531883859968,2251,Logan Thomas,TE,16.4,1,0
2023,8,1,608781531883859968,4866,Saquon Barkley,RB,16.3,1,0
2023,8,1,608781531883859968,7523,Trevor Lawrence,QB,15.68,1,0
2023,8,1,608781531883859968,5848,Marquise Brown,WR,15.3,0,0
2023,8,1,608781531883859968,1479,Keenan Allen,WR,14.9,1,0
2023,8,1,608781531883859968,11533,Brandon Aubrey,K,13.0,1,0
2023,8,1,608781531883859968,KC,Kansas City Chiefs,DEF,13.0,1,0
2023,8,1,608781531883859968,6813,Jonathan Taylor,RB,10.7,1,0
2023,8,1,608781531883859968,PIT,Pittsburgh Steelers,DEF,9.25,0,0
2023,8,1,608781531883859968,7569,Nico Collins,WR,7.0,1,0
2023,8,1,608781531883859968,7670,Joshua Palmer,WR,5.4,0,0
2023,8,1,608781531883859968,1837,Jimmy Garoppolo,QB,4.24,0,0
2023,8,1,608781531883859968,8148,Jameson Williams,WR,3.6,0,0
2023,8,1,608781531883859968,5849,Kyler Murray,QB,0,0,0
2023,8,1,608781531883859968,6794,Justin Jefferson,WR,0,0,0
2023,8,2,736077599457026048,8162,Sam Howell,QB,30.48,0,0
2023,8,2,736077599457026048,4663,Austin Ekeler,RB,23.3,1,0
2023,8,2,736077599457026048,7525,DeVonta Smith,WR,22.9,1,0
2023,8,2,736077599457026048,3198,Derrick Henry,RB,16.7,1,0
2023,8,2,736077599457026048,8259,Cameron Dicker,K,16.0,1,0
2023,8,2,736077599457026048,2216,Mike Evans,WR,12.9,1,0
2023,8,2,736077599457026048,1373,Geno Smith,QB,12.86,1,0
2023,8,2,736077599457026048,5846,DK Metcalf,WR,11.7,0,0
2023,8,2,736077599457026048,5916,Darrell Henderson,RB,11.5,0,0
2023,8,2,736077599457026048,10229,Rashee Rice,WR,9.6,0,0
2023,8,2,736077599457026048,8144,Chris Olave,WR,9.6,1,0
2023,8,2,736077599457026048,BAL,Baltimore Ravens,DEF,9.0,1,0
2023,8,2,736077599457026048,8228,Jaylen Warren,RB,7.8,0,0
2023,8,2,736077599457026048,4046,Patrick Mahomes,QB,5.6,1,0
2023,8,2,736077599457026048,8129,Dameon Pierce,RB,4.6,0,0
2023,8,2,736077599457026048,2505,Darren Waller,TE,1.4,1,0
2023,8,3,737091087440674816,6770,Joe Burrow,QB,28.12,1,0
2023,8,3,737091087440674816,7543,Travis Etienne,RB,27.4,1,0
2023,8,3,737091087440674816,7564,Ja'Marr Chase,WR,24.7,1,0
2023,8,3,737091087440674816,2028,Derek Carr,QB,19.3,1,0
2023,8,3,737091087440674816,10236,Dalton Kincaid,TE,17.5,0,0
2023,8,3,737091087440674816,4066,Evan Engram,TE,16.8,1,0
2023,8,3,737091087440674816,2309,Amari Cooper,WR,14.9,1,0
2023,8,3,737091087440674816,9500,Josh Downs,WR,14.2,0,0
2023,8,3,737091087440674816,7528,Najee Harris,RB,10.5,1,0
2023,8,3,737091087440674816,7839,Evan McPherson,K,7.0,1,0
2023,8,3,737091087440674816,9997,Zay Flowers,WR,6.9,1,0
2023,8,3,737091087440674816,9508,Tyjae Spears,RB,6.6,0,0
2023,8,3,737091087440674816,8160,Kenny Pickett,QB,2.92,0,0
2023,8,3,737091087440674816,5095,Daniel Carlson,K,2.0,0,0
2023,8,3,737091087440674816,SF,San Francisco 49ers,DEF,1.75,1,0
2023,8,3,737091087440674816,4137,James Conner,RB,0,0,0
2023,8,3,737091087440674816,5872,Deebo Samuel,WR,0,0,0
2023,8,4,736744257179770880,6904,Jalen Hurts,QB,27.86,1,0
2023,8,4,736744257179770880,DAL,Dallas Cowboys,DEF,20.0,1,0
2023,8,4,736744257179770880,8136,Rachaad White,RB,17.9,0,0
2023,8,4,736744257179770880,1234,Russell Wilson,QB,16.56,0,0
2023,8,4,736744257179770880,5850,Josh Jacobs,RB,15.8,1,0
2023,8,4,736744257179770880,1689,Adam Thielen,WR,15.2,1,0
2023,8,4,736744257179770880,5012,Mark Andrews,TE,14.0,1,0
2023,8,4,736744257179770880,2749,Raheem Mostert,RB,10.6,1,0
2023,8,4,736744257179770880,6945,Antonio Gibson,RB,9.2,0,0
2023,8,4,736744257179770880,9753,Zach Charbonnet,RB,8.4,0,0
2023,8,4,736744257179770880,8151,Kenneth Walker,RB,8.0,1,0
2023,8,4,736744257179770880,9493,Puka Nacua,WR,7.3,1,0
2023,8,4,736744257179770880,1264,Justin Tucker,K,6.0,1,0
2023,8,4,736744257179770880,7596,Elijah Moore,WR,5.0,0,0
2023,8,4,736744257179770880,2133,Davante Adams,WR,2.1,1,0
2023,8,4,736744257179770880,WAS,Washington Commanders,DEF,1.0,0,0
2023,8,5,716698629934481408,1426,DeAndre Hopkins,WR,37.3,0,0
2023,8,5,716698629934481408,4179,Joshua Dobbs,QB,22.42,1,0
2023,8,5,716698629934481408,4018,Joe Mixon,RB,20.0,1,0
2023,8,5,716698629934481408,10859,Sam LaPorta,TE,19.7,1,0
2023,8,5,716698629934481408,5927,Terry McLaurin,WR,17.3,1,0
2023,8,5,716698629934481408,6803,Brandon Aiyuk,WR,16.4,1,0
2023,8,5,716698629934481408,4666,Younghoe Koo,K,12.0,1,0
2023,8,5,716698629934481408,8112,Drake London,WR,10.5,0,0
2023,8,5,716698629934481408,8154,Brian Robinson,RB,9.9,0,0
2023,8,5,716698629934481408,8137,George Pickens,WR,9.2,1,0
2023,8,5,716698629934481408,4950,Christian Kirk,WR,8.6,1,0
2023,8,5,716698629934481408,7611,Rhamondre Stevenson,RB,7.0,1,0
2023,8,5,716698629934481408,CLE,Cleveland Browns,DEF,6.25,1,0
2023,8,5,716698629934481408,5870,Daniel Jones,QB,0,0,0
2023,8,5,716698629934481408,7591,Justin Fields,QB,0,0,0
2023,8,5,716698629934481408,8150,Kyren Williams,RB,0,0,0
2023,8,6,736740647758938112,5248,Gus Edwards,RB,28.4,0,0
2023,8,6,736740647758938112,8155,Breece Hall,RB,22.8,1,0
2023,8,6,736740647758938112,6768,Tua Tagovailoa,QB,22.26,1,0
2023,8,6,736740647758938112,2374,Tyler Lockett,WR,22.1,0,0
2023,8,6,736740647758938112,9228,Bryce Young,QB,14.5,0,0
2023,8,6,736740647758938112,4098,Kareem Hunt,RB,13.7,1,0
2023,8,6,736740647758938112,6801,Tee Higgins,WR,11.9,1,0
2023,8,6,736740647758938112,421,Matthew Stafford,QB,11.38,1,0
2023,8,6,736740647758938112,4195,Jake Elliott,K,10.0,1,0
2023,8,6,736740647758938112,MIA,Miami Dolphins,DEF,9.75,1,0
2023,8,6,736740647758938112,4983,DJ Moore,WR,9.5,1,0
2023,8,6,736740647758938112,11199,Emari Demercado,RB,8.9,0,0
2023,8,6,736740647758938112,5022,Dallas Goedert,TE,7.6,1,0
2023,8,6,736740647758938112,7553,Kyle Pitts,TE,6.5,0,0
2023,8,6,736740647758938112,4039,Cooper Kupp,WR,6.1,1,0
2023,8,6,736740647758938112,5892,David Montgomery,RB,0,0,0
2023,8,6,736740647758938112,9226,De'Von Achane,RB,0,0,0
2023,8,7,735974647736213504,3321,Tyreek Hill,WR,26.2,1,0
2023,8,7,735974647736213504,7526,Jaylen Waddle,WR,25.6,1,0
2023,8,7,735974647736213504,7588,Javonte Williams,RB,18.8,1,0
2023,8,7,735974647736213504,6819,Michael Pittman,WR,18.0,1,0
2023,8,7,735974647736213504,6011,Gardner Minshew,QB,14.82,1,0
2023,8,7,735974647736213504,7922,Riley Patterson,K,13.0,1,0
2023,8,7,735974647736213504,9488,Jaxon Smith-Njigba,WR,12.6,0,0
2023,8,7,735974647736213504,4881,Lamar Jackson,QB,11.98,1,0
2023,8,7,735974647736213504,1466,Travis Kelce,TE,11.8,1,0
2023,8,7,735974647736213504,8138,James Cook,RB,8.3,1,0
2023,8,7,735974647736213504,4199,Aaron Jones,RB,7.6,0,0
2023,8,7,735974647736213504,9502,Tank Dell,WR,6.1,0,0
2023,8,7,735974647736213504,8143,Jerome Ford,RB,4.9,0,0
2023,8,7,735974647736213504,8159,Desmond Ridder,QB,3.44,0,0
2023,8,7,735974647736213504,5947,Jakobi Meyers,WR,2.9,0,0
2023,8,7,735974647736213504,PHI,Philadelphia Eagles,DEF,1.25,1,0
2023,8,8,736803054736822272,5859,A.J. Brown,WR,33.5,1,0
2023,8,8,736803054736822272,4034,Christian McCaffrey,RB,29.8,1,0
2023,8,8,736803054736822272,4892,Baker Mayfield,QB,20.88,1,0
2023,8,8,736803054736822272,4033,David Njoku,TE,17.7,1,0
2023,8,8,736803054736822272,6790,D'Andre Swift,RB,14.4,1,0
2023,8,8,736803054736822272,4981,Calvin Ridley,WR,14.3,1,0
2023,8,8,736803054736822272,2197,Brandin Cooks,WR,14.2,0,0
2023,8,8,736803054736822272,3163,Jared Goff,QB,13.18,1,0
2023,8,8,736803054736822272,8121,Romeo Doubs,WR,11.8,0,0
2023,8,8,736803054736822272,9754,Quentin Johnston,WR,10.0,0,0
2023,8,8,736803054736822272,BUF,Buffalo Bills,DEF,6.75,1,0
2023,8,8,736803054736822272,5967,Tony Pollard,RB,6.5,1,0
2023,8,8,736803054736822272,8167,Christian Watson,WR,6.3,0,0
2023,8,8,736803054736822272,2747,Jason Myers,K,6.0,1,0
2023,8,8,736803054736822272,3214,Hunter Henry,TE,5.8,0,0
2023,8,8,736803054736822272,4017,Deshaun Watson,QB,0,0,0
2023,8,9,710284244835979264,6786,CeeDee Lamb,WR,41.5,1,0
2023,8,9,710284244835979264,4984,Josh Allen,QB,29.56,1,0
2023,8,9,710284244835979264,3294,Dak Prescott,QB,28.56,1,0
2023,8,9,710284244835979264,5844,T.J. Hockenson,TE,20.8,1,0
2023,8,9,710284244835979264,8146,Garrett Wilson,WR,18.1,1,0
2023,8,9,710284244835979264,7547,Amon-Ra St. Brown,WR,17.3,1,0
2023,8,9,710284244835979264,NYJ,New York Jets,DEF,14.5,1,0
2023,8,9,710284244835979264,6804,Jordan Love,QB,13.56,0,0
2023,8,9,710284244835979264,6783,Jerry Jeudy,WR,13.0,0,0
2023,8,9,710284244835979264,4227,Harrison Butker,K,11.0,1,0
2023,8,9,710284244835979264,3199,Michael Thomas,WR,10.8,0,0
2023,8,9,710284244835979264,8205,Isiah Pacheco,RB,6.7,1,0
2023,8,9,710284244835979264,4111,D'Onta Foreman,RB,4.6,1,0
2023,8,9,710284244835979264,8221,Keaontay Ingram,RB,2.6,0,0
2023,8,9,710284244835979264,ATL,Atlanta Falcons,DEF,2.5,0,0
2023,8,9,710284244835979264,6151,Miles Sanders,RB,0,0,0
2023,8,10,475399371639222272,9221,Jahmyr Gibbs,RB,30.4,1,0
2023,8,10,475399371639222272,4217,George Kittle,TE,24.4,1,0
2023,8,10,475399371639222272,6943,Gabe Davis,WR,23.7,0,0
2023,8,10,475399371639222272,9756,Jordan Addison,WR,21.4,1,0
2023,8,10,475399371639222272,1166,Kirk Cousins,QB,19.86,1,0
2023,8,10,475399371639222272,8183,Brock Purdy,QB,18.3,0,0
2023,8,10,475399371639222272,4037,Chris Godwin,WR,17.8,1,0
2023,8,10,475399371639222272,5937,Diontae Johnson,WR,16.5,0,0
2023,8,10,475399371639222272,2449,Stefon Diggs,WR,16.0,1,0
2023,8,10,475399371639222272,6845,Zack Moss,RB,14.4,0,0
2023,8,10,475399371639222272,9758,C.J. Stroud,QB,12.9,1,0
2023,8,10,475399371639222272,9509,Bijan Robinson,RB,12.2,1,0
2023,8,10,475399371639222272,5045,Courtland Sutton,WR,10.9,0,0
2023,8,10,475399371639222272,1348,Dustin Hopkins,K,8.0,1,0
2023,8,10,475399371639222272,5119,Jason Sanders,K,7.0,0,0
2023,8,10,475399371639222272,NO,New Orleans Saints,DEF,4.5,1,0
2023,8,10,475399371639222272,5987,Alexander Mattison,RB,4.3,0,0
2023,9,1,608781531883859968,6813,Jonathan Taylor,RB,17.9,1,0
2023,9,1,608781531883859968,KC,Kansas City Chiefs,DEF,16.25,0,0
2023,9,1,608781531883859968,1479,Keenan Allen,WR,15.7,1,0
2023,9,1,608781531883859968,7569,Nico Collins,WR,14.4,1,0
2023,9,1,608781531883859968,4866,Saquon Barkley,RB,14.3,1,0
2023,9,1,608781531883859968,7527,Mac Jones,QB,11.1,1,0
2023,9,1,608781531883859968,4035,Alvin Kamara,RB,11.0,1,0
2023,9,1,608781531883859968,PIT,Pittsburgh Steelers,DEF,7.5,1,0
2023,9,1,608781531883859968,2251,Logan Thomas,TE,7.1,1,0
2023,9,1,608781531883859968,11533,Brandon Aubrey,K,7.0,1,0
2023,9,1,608781531883859968,CIN,Cincinnati Bengals,DEF,6.75,0,0
2023,9,1,608781531883859968,5848,Marquise Brown,WR,6.4,0,0
2023,9,1,608781531883859968,6797,Justin Herbert,QB,6.14,1,0
2023,9,1,608781531883859968,10235,Roschon Johnson,RB,2.5,0,0
2023,9,1,608781531883859968,3969,Leonard Fournette,RB,0,0,0
2023,9,1,608781531883859968,5849,Kyler Murray,QB,0,0,0
2023,9,1,608781531883859968,6794,Justin Jefferson,WR,0,0,0
2023,9,1,608781531883859968,7523,Trevor Lawrence,QB,0,0,0
2023,9,2,736077599457026048,4663,Austin Ekeler,RB,21.0,1,0
2023,9,2,736077599457026048,3198,Derrick Henry,RB,19.2,1,0
2023,9,2,736077599457026048,8162,Sam Howell,QB,18.2,1,0
2023,9,2,736077599457026048,BAL,Baltimore Ravens,DEF,17.5,1,0
2023,9,2,736077599457026048,8144,Chris Olave,WR,16.6,1,0
2023,9,2,736077599457026048,4046,Patrick Mahomes,QB,15.8,1,0
2023,9,2,736077599457026048,8228,Jaylen Warren,RB,14.3,0,0
2023,9,2,736077599457026048,7525,DeVonta Smith,WR,14.1,1,0
2023,9,2,736077599457026048,2216,Mike Evans,WR,12.7,1,0
2023,9,2,736077599457026048,8259,Cameron Dicker,K,11.0,1,0
2023,9,2,736077599457026048,10229,Rashee Rice,WR,9.7,0,0
2023,9,2,736077599457026048,7594,Chuba Hubbard,RB,9.7,0,0
2023,9,2,736077599457026048,5846,DK Metcalf,WR,6.0,0,0
2023,9,2,736077599457026048,8130,Trey McBride,TE,5.2,1,0
2023,9,2,736077599457026048,1373,Geno Smith,QB,2.68,0,0
2023,9,2,736077599457026048,2505,Darren Waller,TE,0,0,0
2023,9,2,736077599457026048,8129,Dameon Pierce,RB,0,0,0
2023,9,3,737091087440674816,2309,Amari Cooper,WR,25.4,1,0
2023,9,3,737091087440674816,6770,Joe Burrow,QB,22.82,1,0
2023,9,3,737091087440674816,2028,Derek Carr,QB,17.24,1,0
2023,9,3,737091087440674816,10236,Dalton Kincaid,TE,16.1,1,0
2023,9,3,737091087440674816,7528,Najee Harris,RB,15.6,1,0
2023,9,3,737091087440674816,9999,Will Levis,QB,8.68,0,0
2023,9,3,737091087440674816,7564,Ja'Marr Chase,WR,8.1,1,0
2023,9,3,737091087440674816,9508,Tyjae Spears,RB,6.2,1,0
2023,9,3,737091087440674816,7839,Evan McPherson,K,6.0,1,0
2023,9,3,737091087440674816,MIN,Minnesota Vikings,DEF,3.75,1,0
2023,9,3,737091087440674816,9997,Zay Flowers,WR,2.1,1,0
2023,9,3,737091087440674816,9500,Josh Downs,WR,2.0,0,0
2023,9,3,737091087440674816,4066,Evan Engram,TE,0,0,0
2023,9,3,737091087440674816,4137,James Conner,RB,0,0,0
2023,9,3,737091087440674816,5872,Deebo Samuel,WR,0,0,0
2023,9,3,737091087440674816,7543,Travis Etienne,RB,0,0,0
2023,9,3,737091087440674816,SF,San Francisco 49ers,DEF,0,0,0
2023,9,4,736744257179770880,8136,Rachaad White,RB,27.9,0,0
2023,9,4,736744257179770880,6904,Jalen Hurts,QB,24.88,1,0
2023,9,4,736744257179770880,5850,Josh Jacobs,RB,21.8,1,0
2023,9,4,736744257179770880,5012,Mark Andrews,TE,17.0,1,0
2023,9,4,736744257179770880,1264,Justin Tucker,K,14.0,1,0
2023,9,4,736744257179770880,2749,Raheem Mostert,RB,13.5,1,0
2023,9,4,736744257179770880,6945,Antonio Gibson,RB,12.6,0,0
2023,9,4,736744257179770880,10866,Aidan O'Connell,QB,8.36,0,0
2023,9,4,736744257179770880,1689,Adam Thielen,WR,7.9,1,0
2023,9,4,736744257179770880,2133,Davante Adams,WR,7.4,1,0
2023,9,4,736744257179770880,DAL,Dallas Cowboys,DEF,6.25,1,0
2023,9,4,736744257179770880,9493,Puka Nacua,WR,6.2,1,0
2023,9,4,736744257179770880,7596,Elijah Moore,WR,3.4,0,0
2023,9,4,736744257179770880,8151,Kenneth Walker,RB,2.7,1,0
2023,9,4,736744257179770880,9753,Zach Charbonnet,RB,2.3,0,0
2023,9,4,736744257179770880,1234,Russell Wilson,QB,0,0,0
2023,9,5,716698629934481408,CLE,Cleveland Browns,DEF,25.25,1,0
2023,9,5,716698629934481408,7611,Rhamondre Stevenson,RB,24.4,1,0
2023,9,5,716698629934481408,4179,Joshua Dobbs,QB,23.92,0,0
2023,9,5,716698629934481408,8110,Jake Ferguson,TE,22.1,1,0
2023,9,5,716698629934481408,4666,Younghoe Koo,K,19.0,1,0
2023,9,5,716698629934481408,4018,Joe Mixon,RB,17.8,1,0
2023,9,5,716698629934481408,5927,Terry McLaurin,WR,12.3,1,0
2023,9,5,716698629934481408,8154,Brian Robinson,RB,11.7,1,0
2023,9,5,716698629934481408,1426,DeAndre Hopkins,WR,10.5,1,0
2023,9,5,716698629934481408,5870,Daniel Jones,QB,1.9,1,0
2023,9,5,716698629934481408,8137,George Pickens,WR,1.9,1,0
2023,9,5,716698629934481408,10859,Sam LaPorta,TE,0,0,0
2023,9,5,716698629934481408,4950,Christian Kirk,WR,0,0,0
2023,9,5,716698629934481408,6803,Brandon Aiyuk,WR,0,0,0
2023,9,5,716698629934481408,7591,Justin Fields,QB,0,0,0
2023,9,5,716698629934481408,8112,Drake London,WR,0,0,0
2023,9,5,716698629934481408,8150,Kyren Williams,RB,0,0,0
2023,9,6,736740647758938112,LV,Las Vegas Raiders,DEF,22.0,1,0
2023,9,6,736740647758938112,6801,Tee Higgins,WR,19.5,1,0
2023,9,6,736740647758938112,5248,Gus Edwards,RB,17.2,0,0
2023,9,6,736740647758938112,8119,Jahan Dotson,WR,16.9,0,0
2023,9,6,736740647758938112,6768,Tua Tagovailoa,QB,11.42,1,0
2023,9,6,736740647758938112,8155,Breece Hall,RB,10.0,1,0
2023,9,6,736740647758938112,4098,Kareem Hunt,RB,9.8,1,0
2023,9,6,736740647758938112,7553,Kyle Pitts,TE,9.6,0,0
2023,9,6,736740647758938112,9228,Bryce Young,QB,9.02,1,0
2023,9,6,736740647758938112,5022,Dallas Goedert,TE,8.0,1,0
2023,9,6,736740647758938112,4039,Cooper Kupp,WR,6.8,1,0
2023,9,6,736740647758938112,2374,Tyler Lockett,WR,6.2,0,0
2023,9,6,736740647758938112,4983,DJ Moore,WR,5.4,1,0
2023,9,6,736740647758938112,4195,Jake Elliott,K,4.0,1,0
2023,9,6,736740647758938112,421,Matthew Stafford,QB,0,0,0
2023,9,6,736740647758938112,5892,David Montgomery,RB,0,0,0
2023,9,6,736740647758938112,9226,De'Von Achane,RB,0,0,0
2023,9,7,735974647736213504,9502,Tank Dell,WR,30.1,0,0
2023,9,7,735974647736213504,LAC,Los Angeles Chargers,DEF,27.0,1,0
2023,9,7,735974647736213504,4199,Aaron Jones,RB,17.9,0,0
2023,9,7,735974647736213504,2711,Taylor Heinicke,QB,15.72,0,0
2023,9,7,735974647736213504,6819,Michael Pittman,WR,14.4,1,0
2023,9,7,735974647736213504,5947,Jakobi Meyers,WR,13.5,0,0
2023,9,7,735974647736213504,8143,Jerome Ford,RB,12.7,1,0
2023,9,7,735974647736213504,3321,Tyreek Hill,WR,12.5,1,0
2023,9,7,735974647736213504,9488,Jaxon Smith-Njigba,WR,12.3,0,0
2023,9,7,735974647736213504,6083,Matt Gay,K,11.0,1,0
2023,9,7,735974647736213504,4881,Lamar Jackson,QB,10.48,1,0
2023,9,7,735974647736213504,6011,Gardner Minshew,QB,9.58,1,0
2023,9,7,735974647736213504,7526,Jaylen Waddle,WR,8.4,1,0
2023,9,7,735974647736213504,8138,James Cook,RB,7.9,1,0
2023,9,7,735974647736213504,1466,Travis Kelce,TE,4.4,1,0
2023,9,7,735974647736213504,7588,Javonte Williams,RB,0,0,0
2023,9,8,736803054736822272,5859,A.J. Brown,WR,19.6,1,0
2023,9,8,736803054736822272,4892,Baker Mayfield,QB,19.0,1,0
2023,9,8,736803054736822272,4017,Deshaun Watson,QB,18.96,1,0
2023,9,8,736803054736822272,4033,David Njoku,TE,12.6,1,0
2023,9,8,736803054736822272,5967,Tony Pollard,RB,9.3,1,0
2023,9,8,736803054736822272,6790,D'Andre Swift,RB,7.4,1,0
2023,9,8,736803054736822272,8121,Romeo Doubs,WR,6.6,0,0
2023,9,8,736803054736822272,8676,Rashid Shaheed,WR,5.2,0,0
2023,9,8,736803054736822272,8167,Christian Watson,WR,4.7,1,0
2023,9,8,736803054736822272,7066,K.J. Osborn,WR,3.7,1,0
2023,9,8,736803054736822272,9754,Quentin Johnston,WR,3.6,0,0
2023,9,8,736803054736822272,2747,Jason Myers,K,3.0,1,0
2023,9,8,736803054736822272,BUF,Buffalo Bills,DEF,1.25,1,0
2023,9,8,736803054736822272,3163,Jared Goff,QB,0,0,0
2023,9,8,736803054736822272,4034,Christian McCaffrey,RB,0,0,0
2023,9,8,736803054736822272,4981,Calvin Ridley,WR,0,0,0
2023,9,9,710284244835979264,6786,CeeDee Lamb,WR,28.6,1,0
2023,9,9,710284244835979264,3294,Dak Prescott,QB,27.86,1,0
2023,9,9,710284244835979264,4984,Josh Allen,QB,25.22,1,0
2023,9,9,710284244835979264,5937,Diontae Johnson,WR,22.0,1,0
2023,9,9,710284244835979264,5844,T.J. Hockenson,TE,13.9,1,0
2023,9,9,710284244835979264,8146,Garrett Wilson,WR,13.0,1,0
2023,9,9,710284244835979264,NYJ,New York Jets,DEF,10.25,0,0
2023,9,9,710284244835979264,4111,D'Onta Foreman,RB,8.3,0,0
2023,9,9,710284244835979264,ATL,Atlanta Falcons,DEF,8.0,1,0
2023,9,9,710284244835979264,7538,Zach Wilson,QB,6.72,0,0
2023,9,9,710284244835979264,8205,Isiah Pacheco,RB,6.6,1,0
2023,9,9,710284244835979264,4227,Harrison Butker,K,3.0,1,0
2023,9,9,710284244835979264,6845,Zack Moss,RB,2.6,1,0
2023,9,9,710284244835979264,1837,Jimmy Garoppolo,QB,0,0,0
2023,9,9,710284244835979264,3199,Michael Thomas,WR,0,0,0
2023,9,9,710284244835979264,5127,Kyle Allen,QB,0,0,0
2023,9,9,710284244835979264,6783,Jerry Jeudy,WR,0,0,0
2023,9,9,710284244835979264,7547,Amon-Ra St. Brown,WR,0,0,0
2023,9,10,475399371639222272,9758,C.J. Stroud,QB,43.3,1,0
2023,9,10,475399371639222272,2449,Stefon Diggs,WR,22.6,1,0
2023,9,10,475399371639222272,4381,Taysom Hill,TE,20.62,1,0
2023,9,10,475399371639222272,5987,Alexander Mattison,RB,17.3,1,0
2023,9,10,475399371639222272,6804,Jordan Love,QB,12.82,1,0
2023,9,10,475399371639222272,NO,New Orleans Saints,DEF,12.5,1,0
2023,9,10,475399371639222272,9756,Jordan Addison,WR,10.2,1,0
2023,9,10,475399371639222272,6151,Miles Sanders,RB,9.1,0,0
2023,9,10,475399371639222272,1348,Dustin Hopkins,K,7.0,1,0
2023,9,10,475399371639222272,9509,Bijan Robinson,RB,5.9,1,0
2023,9,10,475399371639222272,4037,Chris Godwin,WR,3.6,1,0
2023,9,10,475399371639222272,4217,George Kittle,TE,0,0,0
2023,9,10,475399371639222272,5045,Courtland Sutton,WR,0,0,0
2023,9,10,475399371639222272,6943,Gabe Davis,WR,0,0,0
2023,9,10,475399371639222272,8183,Brock Purdy,QB,0,0,0
2023,9,10,475399371639222272,9221,Jahmyr Gibbs,RB,0,0,0
2023,10,1,608781531883859968,1479,Keenan Allen,WR,41.0,1,0
2023,10,1,608781531883859968,6797,Justin Herbert,QB,28.92,1,0
2023,10,1,608781531883859968,6130,Devin Singletary,RB,23.6,0,0
2023,10,1,608781531883859968,4035,Alvin Kamara,RB,18.5,1,0
2023,10,1,608781531883859968,5849,Kyler Murray,QB,17.26,1,0
2023,10,1,608781531883859968,6813,Jonathan Taylor,RB,14.5,1,0
2023,10,1,608781531883859968,6826,Cole Kmet,TE,9.6,1,0
2023,10,1,608781531883859968,2251,Logan Thomas,TE,9.0,0,0
2023,10,1,608781531883859968,PIT,Pittsburgh Steelers,DEF,8.25,1,0
2023,10,1,608781531883859968,4866,Saquon Barkley,RB,7.1,1,0
2023,10,1,608781531883859968,11533,Brandon Aubrey,K,7.0,1,0
2023,10,1,608781531883859968,5848,Marquise Brown,WR,3.8,1,0
2023,10,1,608781531883859968,7523,Trevor Lawrence,QB,2.1,0,0
2023,10,1,608781531883859968,3969,Leonard Fournette,RB,0,0,0
2023,10,1,608781531883859968,6794,Justin Jefferson,WR,0,0,0
2023,10,1,608781531883859968,7569,Nico Collins,WR,0,0,0
2023,10,1,608781531883859968,MIA,Miami Dolphins,DEF,0,0,0
2023,10,2,736077599457026048,2216,Mike Evans,WR,26.8,1,0
2023,10,2,736077599457026048,8162,Sam Howell,QB,25.68,1,0
2023,10,2,736077599457026048,1373,Geno Smith,QB,25.56,1,0
2023,10,2,736077599457026048,8130,Trey McBride,TE,21.6,0,0
2023,10,2,736077599457026048,4663,Austin Ekeler,RB,21.5,1,0
2023,10,2,736077599457026048,8144,Chris Olave,WR,21.4,1,0
2023,10,2,736077599457026048,8228,Jaylen Warren,RB,19.5,0,0
2023,10,2,736077599457026048,5846,DK Metcalf,WR,16.8,1,0
2023,10,2,736077599457026048,BAL,Baltimore Ravens,DEF,13.5,1,0
2023,10,2,736077599457026048,5001,Dalton Schultz,TE,11.1,1,0
2023,10,2,736077599457026048,8259,Cameron Dicker,K,9.0,1,0
2023,10,2,736077599457026048,7594,Chuba Hubbard,RB,5.9,0,0
2023,10,2,736077599457026048,3198,Derrick Henry,RB,3.0,1,0
2023,10,2,736077599457026048,10229,Rashee Rice,WR,0,0,0
2023,10,2,736077599457026048,4046,Patrick Mahomes,QB,0,0,0
2023,10,2,736077599457026048,7525,DeVonta Smith,WR,0,0,0
2023,10,3,737091087440674816,7564,Ja'Marr Chase,WR,25.4,1,0
2023,10,3,737091087440674816,SF,San Francisco 49ers,DEF,20.75,1,0
2023,10,3,737091087440674816,6770,Joe Burrow,QB,20.38,1,0
2023,10,3,737091087440674816,7528,Najee Harris,RB,18.6,0,0
2023,10,3,737091087440674816,10236,Dalton Kincaid,TE,16.1,0,0
2023,10,3,737091087440674816,5872,Deebo Samuel,WR,15.9,1,0
2023,10,3,737091087440674816,2309,Amari Cooper,WR,15.8,1,0
2023,10,3,737091087440674816,9997,Zay Flowers,WR,12.3,0,0
2023,10,3,737091087440674816,7839,Evan McPherson,K,11.0,1,0
2023,10,3,737091087440674816,9508,Tyjae Spears,RB,10.0,0,0
2023,10,3,737091087440674816,4137,James Conner,RB,7.3,1,0
2023,10,3,737091087440674816,7543,Travis Etienne,RB,6.4,1,0
2023,10,3,737091087440674816,9500,Josh Downs,WR,6.0,0,0
2023,10,3,737091087440674816,9999,Will Levis,QB,5.96,1,0
2023,10,3,737091087440674816,4066,Evan Engram,TE,5.2,1,0
2023,10,3,737091087440674816,2028,Derek Carr,QB,4.4,0,0
2023,10,4,736744257179770880,8151,Kenneth Walker,RB,21.2,1,0
2023,10,4,736744257179770880,3225,Tyler Boyd,WR,20.2,1,0
2023,10,4,736744257179770880,1234,Russell Wilson,QB,18.72,1,0
2023,10,4,736744257179770880,8136,Rachaad White,RB,18.3,1,0
2023,10,4,736744257179770880,6945,Antonio Gibson,RB,16.5,0,0
2023,10,4,736744257179770880,2133,Davante Adams,WR,14.6,1,0
2023,10,4,736744257179770880,DAL,Dallas Cowboys,DEF,13.25,1,0
2023,10,4,736744257179770880,5850,Josh Jacobs,RB,12.2,1,0
2023,10,4,736744257179770880,1689,Adam Thielen,WR,10.2,1,0
2023,10,4,736744257179770880,9753,Zach Charbonnet,RB,10.2,0,0
2023,10,4,736744257179770880,10866,Aidan O'Connell,QB,7.42,0,0
2023,10,4,736744257179770880,5012,Mark Andrews,TE,6.4,1,0
2023,10,4,736744257179770880,1264,Justin Tucker,K,5.0,1,0
2023,10,4,736744257179770880,2749,Raheem Mostert,RB,0,0,0
2023,10,4,736744257179770880,6904,Jalen Hurts,QB,0,0,0
2023,10,4,736744257179770880,9493,Puka Nacua,WR,0,0,0
2023,10,5,716698629934481408,8154,Brian Robinson,RB,29.7,0,0
2023,10,5,716698629934481408,4179,Joshua Dobbs,QB,25.12,1,0
2023,10,5,716698629934481408,4950,Christian Kirk,WR,14.9,1,0
2023,10,5,716698629934481408,CLE,Cleveland Browns,DEF,14.75,0,0
2023,10,5,716698629934481408,6803,Brandon Aiyuk,WR,14.5,1,0
2023,10,5,716698629934481408,7611,Rhamondre Stevenson,RB,13.2,1,0
2023,10,5,716698629934481408,8110,Jake Ferguson,TE,12.6,0,0
2023,10,5,716698629934481408,4018,Joe Mixon,RB,12.5,1,0
2023,10,5,716698629934481408,10859,Sam LaPorta,TE,8.0,1,0
2023,10,5,716698629934481408,8137,George Pickens,WR,7.5,0,0
2023,10,5,716698629934481408,5927,Terry McLaurin,WR,7.3,1,0
2023,10,5,716698629934481408,8112,Drake London,WR,6.6,0,0
2023,10,5,716698629934481408,1426,DeAndre Hopkins,WR,5.7,1,0
2023,10,5,716698629934481408,4666,Younghoe Koo,K,5.0,1,0
2023,10,5,716698629934481408,SEA,Seattle Seahawks,DEF,4.75,1,0
2023,10,5,716698629934481408,7591,Justin Fields,QB,0,0,0
2023,10,5,716698629934481408,8150,Kyren Williams,RB,0,0,0
2023,10,6,736740647758938112,2374,Tyler Lockett,WR,23.2,1,0
2023,10,6,736740647758938112,5892,David Montgomery,RB,19.6,1,0
2023,10,6,736740647758938112,7922,Riley Patterson,K,12.0,1,0
2023,10,6,736740647758938112,4983,DJ Moore,WR,10.9,1,0
2023,10,6,736740647758938112,8155,Breece Hall,RB,10.5,1,0
2023,10,6,736740647758938112,5248,Gus Edwards,RB,9.8,1,0
2023,10,6,736740647758938112,9228,Bryce Young,QB,9.2,1,0
2023,10,6,736740647758938112,LV,Las Vegas Raiders,DEF,7.5,1,0
2023,10,6,736740647758938112,7553,Kyle Pitts,TE,6.0,1,0
2023,10,6,736740647758938112,4039,Cooper Kupp,WR,0,0,0
2023,10,6,736740647758938112,4195,Jake Elliott,K,0,0,0
2023,10,6,736740647758938112,421,Matthew Stafford,QB,0,0,0
2023,10,6,736740647758938112,5022,Dallas Goedert,TE,0,0,0
2023,10,6,736740647758938112,6768,Tua Tagovailoa,QB,0,0,0
2023,10,6,736740647758938112,6801,Tee Higgins,WR,0,0,0
2023,10,6,736740647758938112,8119,Jahan Dotson,WR,0,1,0
2023,10,6,736740647758938112,9226,De'Von Achane,RB,0,0,0
2023,10,7,735974647736213504,7588,Javonte Williams,RB,21.0,1,0
2023,10,7,735974647736213504,9502,Tank Dell,WR,18.9,0,0
2023,10,7,735974647736213504,6819,Michael Pittman,WR,16.4,1,0
2023,10,7,735974647736213504,5095,Daniel Carlson,K,14.0,1,0
2023,10,7,735974647736213504,4881,Lamar Jackson,QB,13.02,1,0
2023,10,7,735974647736213504,8143,Jerome Ford,RB,12.4,0,0
2023,10,7,735974647736213504,8138,James Cook,RB,11.5,0,0
2023,10,7,735974647736213504,2711,Taylor Heinicke,QB,9.6,1,0
2023,10,7,735974647736213504,4199,Aaron Jones,RB,9.4,1,0
2023,10,7,735974647736213504,9488,Jaxon Smith-Njigba,WR,9.3,1,0
2023,10,7,735974647736213504,CHI,Chicago Bears,DEF,8.75,1,0
2023,10,7,735974647736213504,3214,Hunter Henry,TE,4.1,1,0
2023,10,7,735974647736213504,5947,Jakobi Meyers,WR,4.1,1,0
2023,10,7,735974647736213504,1466,Travis Kelce,TE,0,0,0
2023,10,7,735974647736213504,3321,Tyreek Hill,WR,0,0,0
2023,10,7,735974647736213504,7526,Jaylen Waddle,WR,0,0,0
2023,10,8,736803054736822272,3163,Jared Goff,QB,21.12,1,0
2023,10,8,736803054736822272,2747,Jason Myers,K,21.0,1,0
2023,10,8,736803054736822272,4034,Christian McCaffrey,RB,20.2,1,0
2023,10,8,736803054736822272,4892,Baker Mayfield,QB,17.32,1,0
2023,10,8,736803054736822272,4017,Deshaun Watson,QB,15.22,0,0
2023,10,8,736803054736822272,9754,Quentin Johnston,WR,13.4,0,0
2023,10,8,736803054736822272,8121,Romeo Doubs,WR,12.1,1,0
2023,10,8,736803054736822272,4033,David Njoku,TE,11.8,1,0
2023,10,8,736803054736822272,8676,Rashid Shaheed,WR,7.4,1,0
2023,10,8,736803054736822272,BUF,Buffalo Bills,DEF,6.0,1,0
2023,10,8,736803054736822272,5967,Tony Pollard,RB,5.5,1,0
2023,10,8,736803054736822272,8167,Christian Watson,WR,4.3,0,0
2023,10,8,736803054736822272,4981,Calvin Ridley,WR,4.0,1,0
2023,10,8,736803054736822272,5859,A.J. Brown,WR,0,0,0
2023,10,8,736803054736822272,6790,D'Andre Swift,RB,0,0,0
2023,10,8,736803054736822272,7066,K.J. Osborn,WR,0,0,0
2023,10,9,710284244835979264,6786,CeeDee Lamb,WR,40.0,1,0
2023,10,9,710284244835979264,3294,Dak Prescott,QB,39.36,1,0
2023,10,9,710284244835979264,7547,Amon-Ra St. Brown,WR,31.0,1,0
2023,10,9,710284244835979264,5844,T.J. Hockenson,TE,30.9,1,0
2023,10,9,710284244835979264,8146,Garrett Wilson,WR,18.3,1,0
2023,10,9,710284244835979264,4111,D'Onta Foreman,RB,17.2,1,0
2023,10,9,710284244835979264,4984,Josh Allen,QB,14.38,1,0
2023,10,9,710284244835979264,9511,Keaton Mitchell,RB,13.6,1,0
2023,10,9,710284244835979264,NYJ,New York Jets,DEF,11.75,1,0
2023,10,9,710284244835979264,6783,Jerry Jeudy,WR,6.5,0,0
2023,10,9,710284244835979264,5937,Diontae Johnson,WR,2.7,0,0
2023,10,9,710284244835979264,7042,Tyler Bass,K,2.0,1,0
2023,10,9,710284244835979264,3199,Michael Thomas,WR,1.9,0,0
2023,10,9,710284244835979264,6845,Zack Moss,RB,0.2,0,0
2023,10,9,710284244835979264,4227,Harrison Butker,K,0,0,0
2023,10,9,710284244835979264,8205,Isiah Pacheco,RB,0,0,0
2023,10,10,475399371639222272,9221,Jahmyr Gibbs,RB,26.2,1,0
2023,10,10,475399371639222272,8183,Brock Purdy,QB,24.84,1,0
2023,10,10,475399371639222272,4217,George Kittle,TE,22.6,1,0
2023,10,10,475399371639222272,9758,C.J. Stroud,QB,19.04,1,0
2023,10,10,475399371639222272,9509,Bijan Robinson,RB,17.6,1,0
2023,10,10,475399371639222272,5045,Courtland Sutton,WR,17.3,0,0
2023,10,10,475399371639222272,6804,Jordan Love,QB,16.66,0,0
2023,10,10,475399371639222272,1348,Dustin Hopkins,K,13.0,1,0
2023,10,10,475399371639222272,9756,Jordan Addison,WR,10.9,1,0
2023,10,10,475399371639222272,6943,Gabe Davis,WR,9.6,0,0
2023,10,10,475399371639222272,4037,Chris Godwin,WR,9.4,1,0
2023,10,10,475399371639222272,2449,Stefon Diggs,WR,6.4,1,0
2023,10,10,475399371639222272,4381,Taysom Hill,TE,4.3,0,0
2023,10,10,475399371639222272,5987,Alexander Mattison,RB,4.3,0,0
2023,10,10,475399371639222272,NO,New Orleans Saints,DEF,2.25,1,0
2023,10,10,475399371639222272,7608,Khalil Herbert,RB,0,0,0
2023,10,10,475399371639222272,JAX,Jacksonville Jaguars,DEF,0,0,0
2023,11,1,608781531883859968,7523,Trevor Lawrence,QB,32.18,0,0
2023,11,1,608781531883859968,4866,Saquon Barkley,RB,30.0,1,0
2023,11,1,608781531883859968,1479,Keenan Allen,WR,28.1,1,0
2023,11,1,608781531883859968,6797,Justin Herbert,QB,25.7,1,0
2023,11,1,608781531883859968,5849,Kyler Murray,QB,20.66,1,0
2023,11,1,608781531883859968,6130,Devin Singletary,RB,20.3,1,0
2023,11,1,608781531883859968,MIA,Miami Dolphins,DEF,16.5,1,0
2023,11,1,608781531883859968,7569,Nico Collins,WR,13.5,1,0
2023,11,1,608781531883859968,PIT,Pittsburgh Steelers,DEF,10.25,0,0
2023,11,1,608781531883859968,11533,Brandon Aubrey,K,8.0,1,0
2023,11,1,608781531883859968,6826,Cole Kmet,TE,5.0,1,0
2023,11,1,608781531883859968,5848,Marquise Brown,WR,3.2,1,0
2023,11,1,608781531883859968,3969,Leonard Fournette,RB,0,0,0
2023,11,1,608781531883859968,4035,Alvin Kamara,RB,0,0,0
2023,11,1,608781531883859968,6794,Justin Jefferson,WR,0,0,0
2023,11,1,608781531883859968,6813,Jonathan Taylor,RB,0,0,0
2023,11,2,736077599457026048,8228,Jaylen Warren,RB,25.5,0,0
2023,11,2,736077599457026048,5846,DK Metcalf,WR,20.4,1,0
2023,11,2,736077599457026048,8162,Sam Howell,QB,18.24,1,0
2023,11,2,736077599457026048,4046,Patrick Mahomes,QB,16.88,1,0
2023,11,2,736077599457026048,1373,Geno Smith,QB,13.22,0,0
2023,11,2,736077599457026048,5001,Dalton Schultz,TE,11.2,0,0
2023,11,2,736077599457026048,8130,Trey McBride,TE,9.3,1,0
2023,11,2,736077599457026048,BAL,Baltimore Ravens,DEF,8.75,1,0
2023,11,2,736077599457026048,7594,Chuba Hubbard,RB,8.5,0,0
2023,11,2,736077599457026048,10229,Rashee Rice,WR,8.2,1,0
2023,11,2,736077599457026048,8259,Cameron Dicker,K,8.0,1,0
2023,11,2,736077599457026048,2197,Brandin Cooks,WR,7.2,0,0
2023,11,2,736077599457026048,4663,Austin Ekeler,RB,7.0,1,0
2023,11,2,736077599457026048,3198,Derrick Henry,RB,5.4,1,0
2023,11,2,736077599457026048,5859,A.J. Brown,WR,1.8,1,0
2023,11,2,736077599457026048,8144,Chris Olave,WR,0,0,0
2023,11,3,737091087440674816,9999,Will Levis,QB,12.52,1,0
2023,11,3,737091087440674816,SF,San Francisco 49ers,DEF,12.5,1,0
2023,11,3,737091087440674816,10236,Dalton Kincaid,TE,10.6,0,0
2023,11,3,737091087440674816,5872,Deebo Samuel,WR,9.2,1,0
2023,11,3,737091087440674816,7564,Ja'Marr Chase,WR,9.2,1,0
2023,11,3,737091087440674816,7543,Travis Etienne,RB,8.9,1,0
2023,11,3,737091087440674816,6770,Joe Burrow,QB,8.74,1,0
2023,11,3,737091087440674816,4137,James Conner,RB,8.3,1,0
2023,11,3,737091087440674816,7839,Evan McPherson,K,8.0,1,0
2023,11,3,737091087440674816,9997,Zay Flowers,WR,8.0,0,0
2023,11,3,737091087440674816,2309,Amari Cooper,WR,7.4,1,0
2023,11,3,737091087440674816,4066,Evan Engram,TE,6.9,1,0
2023,11,3,737091087440674816,7528,Najee Harris,RB,4.6,0,0
2023,11,3,737091087440674816,9508,Tyjae Spears,RB,4.6,0,0
2023,11,3,737091087440674816,2028,Derek Carr,QB,0,0,0
2023,11,3,737091087440674816,9500,Josh Downs,WR,0,0,0
2023,11,4,736744257179770880,DAL,Dallas Cowboys,DEF,22.75,1,0
2023,11,4,736744257179770880,2133,Davante Adams,WR,21.7,1,0
2023,11,4,736744257179770880,9493,Puka Nacua,WR,18.7,1,0
2023,11,4,736744257179770880,6904,Jalen Hurts,QB,17.9,1,0
2023,11,4,736744257179770880,8136,Rachaad White,RB,17.8,0,0
2023,11,4,736744257179770880,1234,Russell Wilson,QB,14.96,1,0
2023,11,4,736744257179770880,1689,Adam Thielen,WR,14.4,0,0
2023,11,4,736744257179770880,9753,Zach Charbonnet,RB,12.9,0,0
2023,11,4,736744257179770880,1264,Justin Tucker,K,11.0,1,0
2023,11,4,736744257179770880,2749,Raheem Mostert,RB,10.3,1,0
2023,11,4,736744257179770880,10866,Aidan O'Connell,QB,9.14,0,0
2023,11,4,736744257179770880,5850,Josh Jacobs,RB,6.1,1,0
2023,11,4,736744257179770880,3225,Tyler Boyd,WR,5.2,0,0
2023,11,4,736744257179770880,5012,Mark Andrews,TE,3.3,1,0
2023,11,4,736744257179770880,8151,Kenneth Walker,RB,2.6,1,0
2023,11,4,736744257179770880,6945,Antonio Gibson,RB,0,0,0
2023,11,4,736744257179770880,7553,Kyle Pitts,TE,0,0,0
2023,11,5,716698629934481408,6803,Brandon Aiyuk,WR,28.6,1,0
2023,11,5,716698629934481408,4018,Joe Mixon,RB,21.0,1,0
2023,11,5,716698629934481408,7591,Justin Fields,QB,20.66,1,0
2023,11,5,716698629934481408,8154,Brian Robinson,RB,19.2,1,0
2023,11,5,716698629934481408,1426,DeAndre Hopkins,WR,16.4,0,0
2023,11,5,716698629934481408,4179,Joshua Dobbs,QB,14.94,1,0
2023,11,5,716698629934481408,1433,Brandon McManus,K,10.0,1,0
2023,11,5,716698629934481408,5927,Terry McLaurin,WR,9.3,1,0
2023,11,5,716698629934481408,CLE,Cleveland Browns,DEF,9.25,1,0
2023,11,5,716698629934481408,4950,Christian Kirk,WR,7.8,1,0
2023,11,5,716698629934481408,8137,George Pickens,WR,7.7,0,0
2023,11,5,716698629934481408,10859,Sam LaPorta,TE,6.8,1,0
2023,11,5,716698629934481408,8110,Jake Ferguson,TE,6.2,0,0
2023,11,5,716698629934481408,4666,Younghoe Koo,K,0,0,0
2023,11,5,716698629934481408,7611,Rhamondre Stevenson,RB,0,0,0
2023,11,5,716698629934481408,8112,Drake London,WR,0,0,0
2023,11,5,716698629934481408,8150,Kyren Williams,RB,0,0,0
2023,11,6,736740647758938112,4983,DJ Moore,WR,22.6,1,0
2023,11,6,736740647758938112,5248,Gus Edwards,RB,21.0,0,0
2023,11,6,736740647758938112,8155,Breece Hall,RB,18.3,1,0
2023,11,6,736740647758938112,6768,Tua Tagovailoa,QB,18.1,1,0
2023,11,6,736740647758938112,5892,David Montgomery,RB,17.8,1,0
2023,11,6,736740647758938112,8119,Jahan Dotson,WR,11.3,0,0
2023,11,6,736740647758938112,2374,Tyler Lockett,WR,10.1,1,0
2023,11,6,736740647758938112,421,Matthew Stafford,QB,9.7,1,0
2023,11,6,736740647758938112,2251,Logan Thomas,TE,8.8,1,0
2023,11,6,736740647758938112,DET,Detroit Lions,DEF,6.5,1,0
2023,11,6,736740647758938112,9228,Bryce Young,QB,5.22,0,0
2023,11,6,736740647758938112,4195,Jake Elliott,K,3.0,0,0
2023,11,6,736740647758938112,7922,Riley Patterson,K,3.0,1,0
2023,11,6,736740647758938112,4039,Cooper Kupp,WR,2.1,1,0
2023,11,6,736740647758938112,9226,De'Von Achane,RB,1.5,0,0
2023,11,6,736740647758938112,5022,Dallas Goedert,TE,0,0,0
2023,11,6,736740647758938112,6801,Tee Higgins,WR,0,0,0
2023,11,7,735974647736213504,3321,Tyreek Hill,WR,31.1,1,0
2023,11,7,735974647736213504,9502,Tank Dell,WR,29.9,1,0
2023,11,7,735974647736213504,4881,Lamar Jackson,QB,23.96,1,0
2023,11,7,735974647736213504,8138,James Cook,RB,19.2,0,0
2023,11,7,735974647736213504,1466,Travis Kelce,TE,15.4,1,0
2023,11,7,735974647736213504,8230,Ty Chandler,RB,15.0,0,0
2023,11,7,735974647736213504,WAS,Washington Commanders,DEF,12.25,1,0
2023,11,7,735974647736213504,8143,Jerome Ford,RB,11.9,1,0
2023,11,7,735974647736213504,7526,Jaylen Waddle,WR,9.5,1,0
2023,11,7,735974647736213504,5119,Jason Sanders,K,9.0,1,0
2023,11,7,735974647736213504,5947,Jakobi Meyers,WR,8.9,0,0
2023,11,7,735974647736213504,7588,Javonte Williams,RB,7.3,1,0
2023,11,7,735974647736213504,9488,Jaxon Smith-Njigba,WR,7.0,0,0
2023,11,7,735974647736213504,4199,Aaron Jones,RB,2.7,1,0
2023,11,7,735974647736213504,6819,Michael Pittman,WR,0,0,0
2023,11,7,735974647736213504,8159,Desmond Ridder,QB,0,0,0
2023,11,8,736803054736822272,4981,Calvin Ridley,WR,31.6,0,0
2023,11,8,736803054736822272,BUF,Buffalo Bills,DEF,21.5,1,0
2023,11,8,736803054736822272,4034,Christian McCaffrey,RB,21.3,1,0
2023,11,8,736803054736822272,6790,D'Andre Swift,RB,19.7,1,0
2023,11,8,736803054736822272,5967,Tony Pollard,RB,18.0,1,0
2023,11,8,736803054736822272,8121,Romeo Doubs,WR,16.3,0,0
2023,11,8,736803054736822272,7525,DeVonta Smith,WR,15.9,1,0
2023,11,8,736803054736822272,2216,Mike Evans,WR,15.3,1,0
2023,11,8,736803054736822272,3163,Jared Goff,QB,13.74,1,0
2023,11,8,736803054736822272,2747,Jason Myers,K,13.0,1,0
2023,11,8,736803054736822272,4033,David Njoku,TE,12.6,1,0
2023,11,8,736803054736822272,4892,Baker Mayfield,QB,10.84,1,0
2023,11,8,736803054736822272,8167,Christian Watson,WR,10.2,0,0
2023,11,8,736803054736822272,10862,Dorian Thompson-Robinson,QB,6.6,0,0
2023,11,8,736803054736822272,9754,Quentin Johnston,WR,4.1,0,0
2023,11,8,736803054736822272,7066,K.J. Osborn,WR,1.7,0,0
2023,11,9,710284244835979264,4984,Josh Allen,QB,23.5,1,0
2023,11,9,710284244835979264,7547,Amon-Ra St. Brown,WR,21.7,1,0
2023,11,9,710284244835979264,3294,Dak Prescott,QB,16.66,1,0
2023,11,9,710284244835979264,6786,CeeDee Lamb,WR,16.5,1,0
2023,11,9,710284244835979264,6783,Jerry Jeudy,WR,10.8,0,0
2023,11,9,710284244835979264,8205,Isiah Pacheco,RB,10.1,1,0
2023,11,9,710284244835979264,5844,T.J. Hockenson,TE,9.5,1,0
2023,11,9,710284244835979264,4111,D'Onta Foreman,RB,7.4,0,0
2023,11,9,710284244835979264,4227,Harrison Butker,K,6.0,1,0
2023,11,9,710284244835979264,9511,Keaton Mitchell,RB,5.1,1,0
2023,11,9,710284244835979264,LAC,Los Angeles Chargers,DEF,3.75,1,0
2023,11,9,710284244835979264,5937,Diontae Johnson,WR,3.6,0,0
2023,11,9,710284244835979264,NYJ,New York Jets,DEF,1.75,0,0
2023,11,9,710284244835979264,8146,Garrett Wilson,WR,0.9,1,0
2023,11,9,710284244835979264,3199,Michael Thomas,WR,0,0,0
2023,11,9,710284244835979264,6845,Zack Moss,RB,0,0,0
2023,11,10,475399371639222272,8183,Brock Purdy,QB,27.72,1,0
2023,11,10,475399371639222272,4217,George Kittle,TE,22.9,1,0
2023,11,10,475399371639222272,9221,Jahmyr Gibbs,RB,21.5,1,0
2023,11,10,475399371639222272,6804,Jordan Love,QB,19.38,0,0
2023,11,10,475399371639222272,5045,Courtland Sutton,WR,16.6,0,0
2023,11,10,475399371639222272,9758,C.J. Stroud,QB,15.84,1,0
2023,11,10,475399371639222272,4037,Chris Godwin,WR,9.9,1,0
2023,11,10,475399371639222272,JAX,Jacksonville Jaguars,DEF,9.5,1,0
2023,11,10,475399371639222272,9756,Jordan Addison,WR,7.4,1,0
2023,11,10,475399371639222272,1348,Dustin Hopkins,K,7.0,1,0
2023,11,10,475399371639222272,5987,Alexander Mattison,RB,7.0,1,0
2023,11,10,475399371639222272,7608,Khalil Herbert,RB,6.1,0,0
2023,11,10,475399371639222272,2449,Stefon Diggs,WR,5.7,1,0
2023,11,10,475399371639222272,4234,Noah Brown,WR,0,0,0
2023,11,10,475399371639222272,4381,Taysom Hill,TE,0,0,0
2023,11,10,475399371639222272,6943,Gabe Davis,WR,0,0,0
2023,11,10,475399371639222272,9509,Bijan Robinson,RB,0,0,0
2023,12,1,608781531883859968,MIA,Miami Dolphins,DEF,24.75,1,0
2023,12,1,608781531883859968,7569,Nico Collins,WR,23.9,1,0
2023,12,1,608781531883859968,1479,Keenan Allen,WR,23.1,1,0
2023,12,1,608781531883859968,6813,Jonathan Taylor,RB,21.1,1,0
2023,12,1,608781531883859968,5849,Kyler Murray,QB,20.94,1,0
2023,12,1,608781531883859968,4035,Alvin Kamara,RB,15.9,1,0
2023,12,1,608781531883859968,5848,Marquise Brown,WR,14.8,0,0
2023,12,1,608781531883859968,6797,Justin Herbert,QB,13.88,1,0
2023,12,1,608781531883859968,6130,Devin Singletary,RB,13.2,0,0
2023,12,1,608781531883859968,7543,Travis Etienne,RB,12.6,1,0
2023,12,1,608781531883859968,PIT,Pittsburgh Steelers,DEF,12.0,0,0
2023,12,1,608781531883859968,6826,Cole Kmet,TE,11.3,1,0
2023,12,1,608781531883859968,11533,Brandon Aubrey,K,8.0,1,0
2023,12,1,608781531883859968,8131,Isaiah Likely,TE,8.0,0,0
2023,12,1,608781531883859968,9999,Will Levis,QB,7.1,0,0
2023,12,1,608781531883859968,5012,Mark Andrews,TE,0,0,0
2023,12,1,608781531883859968,6794,Justin Jefferson,WR,0,0,0
2023,12,2,736077599457026048,9509,Bijan Robinson,RB,27.3,1,0
2023,12,2,736077599457026048,6804,Jordan Love,QB,26.62,1,0
2023,12,2,736077599457026048,10229,Rashee Rice,WR,25.2,0,0
2023,12,2,736077599457026048,4046,Patrick Mahomes,QB,21.32,1,0
2023,12,2,736077599457026048,3198,Derrick Henry,RB,20.6,1,0
2023,12,2,736077599457026048,8144,Chris Olave,WR,18.9,1,0
2023,12,2,736077599457026048,BAL,Baltimore Ravens,DEF,18.25,0,0
2023,12,2,736077599457026048,2197,Brandin Cooks,WR,17.2,0,0
2023,12,2,736077599457026048,5859,A.J. Brown,WR,14.7,1,0
2023,12,2,736077599457026048,8130,Trey McBride,TE,13.0,1,0
2023,12,2,736077599457026048,4663,Austin Ekeler,RB,9.4,1,0
2023,12,2,736077599457026048,1373,Geno Smith,QB,7.3,0,0
2023,12,2,736077599457026048,5846,DK Metcalf,WR,6.2,0,0
2023,12,2,736077599457026048,8259,Cameron Dicker,K,4.0,1,0
2023,12,2,736077599457026048,KC,Kansas City Chiefs,DEF,3.25,1,0
2023,12,2,736077599457026048,5001,Dalton Schultz,TE,1.2,0,0
2023,12,3,737091087440674816,7523,Trevor Lawrence,QB,24.56,1,0
2023,12,3,737091087440674816,9997,Zay Flowers,WR,23.2,0,0
2023,12,3,737091087440674816,5872,Deebo Samuel,WR,22.4,1,0
2023,12,3,737091087440674816,7528,Najee Harris,RB,15.9,0,0
2023,12,3,737091087440674816,SF,San Francisco 49ers,DEF,15.5,1,0
2023,12,3,737091087440674816,7564,Ja'Marr Chase,WR,12.1,1,0
2023,12,3,737091087440674816,6111,Jake Browning,QB,10.98,0,0
2023,12,3,737091087440674816,4066,Evan Engram,TE,9.9,1,0
2023,12,3,737091087440674816,2028,Derek Carr,QB,9.86,1,0
2023,12,3,737091087440674816,9500,Josh Downs,WR,9.3,0,0
2023,12,3,737091087440674816,10236,Dalton Kincaid,TE,8.8,0,0
2023,12,3,737091087440674816,4137,James Conner,RB,7.2,1,0
2023,12,3,737091087440674816,4866,Saquon Barkley,RB,6.2,1,0
2023,12,3,737091087440674816,7839,Evan McPherson,K,5.0,1,0
2023,12,3,737091087440674816,2309,Amari Cooper,WR,3.6,1,0
2023,12,3,737091087440674816,9508,Tyjae Spears,RB,1.7,0,0
2023,12,4,736744257179770880,6904,Jalen Hurts,QB,34.5,1,0
2023,12,4,736744257179770880,5850,Josh Jacobs,RB,24.5,1,0
2023,12,4,736744257179770880,2749,Raheem Mostert,RB,21.4,1,0
2023,12,4,736744257179770880,DAL,Dallas Cowboys,DEF,16.0,1,0
2023,12,4,736744257179770880,1234,Russell Wilson,QB,15.76,0,0
2023,12,4,736744257179770880,10866,Aidan O'Connell,QB,13.92,0,0
2023,12,4,736744257179770880,8136,Rachaad White,RB,13.5,1,0
2023,12,4,736744257179770880,2133,Davante Adams,WR,12.3,1,0
2023,12,4,736744257179770880,9753,Zach Charbonnet,RB,9.8,0,0
2023,12,4,736744257179770880,1264,Justin Tucker,K,7.0,1,0
2023,12,4,736744257179770880,6945,Antonio Gibson,RB,6.7,0,0
2023,12,4,736744257179770880,9493,Puka Nacua,WR,6.7,1,0
2023,12,4,736744257179770880,3225,Tyler Boyd,WR,5.3,0,0
2023,12,4,736744257179770880,7553,Kyle Pitts,TE,4.2,1,0
2023,12,4,736744257179770880,1689,Adam Thielen,WR,1.2,1,0
2023,12,4,736744257179770880,8151,Kenneth Walker,RB,0,0,0
2023,12,5,716698629934481408,8150,Kyren Williams,RB,38.9,1,0
2023,12,5,716698629934481408,7611,Rhamondre Stevenson,RB,21.7,0,0
2023,12,5,716698629934481408,10859,Sam LaPorta,TE,17.7,1,0
2023,12,5,716698629934481408,8112,Drake London,WR,14.1,0,0
2023,12,5,716698629934481408,6803,Brandon Aiyuk,WR,13.0,1,0
2023,12,5,716698629934481408,4950,Christian Kirk,WR,12.9,1,0
2023,12,5,716698629934481408,7591,Justin Fields,QB,11.08,1,0
2023,12,5,716698629934481408,5927,Terry McLaurin,WR,9.0,0,0
2023,12,5,716698629934481408,8137,George Pickens,WR,8.8,0,0
2023,12,5,716698629934481408,8154,Brian Robinson,RB,8.4,1,0
2023,12,5,716698629934481408,4018,Joe Mixon,RB,8.0,1,0
2023,12,5,716698629934481408,1426,DeAndre Hopkins,WR,7.9,0,0
2023,12,5,716698629934481408,CLE,Cleveland Browns,DEF,7.75,1,0
2023,12,5,716698629934481408,4666,Younghoe Koo,K,6.0,1,0
2023,12,5,716698629934481408,4179,Joshua Dobbs,QB,4.5,1,0
2023,12,5,716698629934481408,8110,Jake Ferguson,TE,4.5,0,0
2023,12,6,736740647758938112,421,Matthew Stafford,QB,23.86,1,0
2023,12,6,736740647758938112,4983,DJ Moore,WR,22.9,1,0
2023,12,6,736740647758938112,5947,Jakobi Meyers,WR,20.1,0,0
2023,12,6,736740647758938112,8138,James Cook,RB,16.0,1,0
2023,12,6,736740647758938112,5892,David Montgomery,RB,15.1,1,0
2023,12,6,736740647758938112,8155,Breece Hall,RB,11.9,1,0
2023,12,6,736740647758938112,4195,Jake Elliott,K,9.0,1,0
2023,12,6,736740647758938112,6768,Tua Tagovailoa,QB,7.82,1,0
2023,12,6,736740647758938112,2078,Odell Beckham,WR,6.4,0,0
2023,12,6,736740647758938112,2374,Tyler Lockett,WR,6.0,0,0
2023,12,6,736740647758938112,4039,Cooper Kupp,WR,4.8,1,0
2023,12,6,736740647758938112,5248,Gus Edwards,RB,4.7,0,0
2023,12,6,736740647758938112,2251,Logan Thomas,TE,3.5,1,0
2023,12,6,736740647758938112,4098,Kareem Hunt,RB,2.2,0,0
2023,12,6,736740647758938112,5022,Dallas Goedert,TE,0,0,0
2023,12,6,736740647758938112,6801,Tee Higgins,WR,0,0,0
2023,12,6,736740647758938112,DET,Detroit Lions,DEF,0,1,0
2023,12,7,735974647736213504,3321,Tyreek Hill,WR,25.9,1,0
2023,12,7,735974647736213504,6943,Gabe Davis,WR,23.0,0,0
2023,12,7,735974647736213504,6819,Michael Pittman,WR,21.2,1,0
2023,12,7,735974647736213504,7526,Jaylen Waddle,WR,19.9,0,0
2023,12,7,735974647736213504,9502,Tank Dell,WR,17.2,1,0
2023,12,7,735974647736213504,1466,Travis Kelce,TE,15.1,1,0
2023,12,7,735974647736213504,4881,Lamar Jackson,QB,13.98,1,0
2023,12,7,735974647736213504,6011,Gardner Minshew,QB,13.64,1,0
2023,12,7,735974647736213504,NE,New England Patriots,DEF,13.0,1,0
2023,12,7,735974647736213504,1433,Brandon McManus,K,12.0,1,0
2023,12,7,735974647736213504,8143,Jerome Ford,RB,11.9,1,0
2023,12,7,735974647736213504,7588,Javonte Williams,RB,10.1,1,0
2023,12,7,735974647736213504,ATL,Atlanta Falcons,DEF,9.75,0,0
2023,12,7,735974647736213504,9488,Jaxon Smith-Njigba,WR,6.1,0,0
2023,12,7,735974647736213504,8230,Ty Chandler,RB,2.1,0,0
2023,12,7,735974647736213504,4199,Aaron Jones,RB,0,0,0
2023,12,7,735974647736213504,9226,De'Von Achane,RB,0,0,0
2023,12,8,736803054736822272,4034,Christian McCaffrey,RB,31.4,1,0
2023,12,8,736803054736822272,2216,Mike Evans,WR,25.0,1,0
2023,12,8,736803054736822272,7525,DeVonta Smith,WR,24.1,1,0
2023,12,8,736803054736822272,4981,Calvin Ridley,WR,21.9,0,0
2023,12,8,736803054736822272,5967,Tony Pollard,RB,21.3,1,0
2023,12,8,736803054736822272,8167,Christian Watson,WR,20.4,0,0
2023,12,8,736803054736822272,3163,Jared Goff,QB,18.68,1,0
2023,12,8,736803054736822272,4892,Baker Mayfield,QB,12.36,1,0
2023,12,8,736803054736822272,4033,David Njoku,TE,11.9,1,0
2023,12,8,736803054736822272,10862,Dorian Thompson-Robinson,QB,10.46,0,0
2023,12,8,736803054736822272,6790,D'Andre Swift,RB,9.4,1,0
2023,12,8,736803054736822272,2747,Jason Myers,K,7.0,1,0
2023,12,8,736803054736822272,8121,Romeo Doubs,WR,6.7,0,0
2023,12,8,736803054736822272,7066,K.J. Osborn,WR,5.4,0,0
2023,12,8,736803054736822272,BUF,Buffalo Bills,DEF,2.0,1,0
2023,12,8,736803054736822272,9754,Quentin Johnston,WR,1.7,0,0
2023,12,9,710284244835979264,4984,Josh Allen,QB,40.16,1,0
2023,12,9,710284244835979264,3294,Dak Prescott,QB,32.24,1,0
2023,12,9,710284244835979264,8205,Isiah Pacheco,RB,25.9,1,0
2023,12,9,710284244835979264,7547,Amon-Ra St. Brown,WR,18.5,1,0
2023,12,9,710284244835979264,8146,Garrett Wilson,WR,17.4,1,0
2023,12,9,710284244835979264,6786,CeeDee Lamb,WR,17.3,1,0
2023,12,9,710284244835979264,5844,T.J. Hockenson,TE,16.0,1,0
2023,12,9,710284244835979264,NYJ,New York Jets,DEF,12.0,0,0
2023,12,9,710284244835979264,TEN,Tennessee Titans,DEF,12.0,1,0
2023,12,9,710284244835979264,9511,Keaton Mitchell,RB,10.9,1,0
2023,12,9,710284244835979264,5937,Diontae Johnson,WR,9.0,0,0
2023,12,9,710284244835979264,6845,Zack Moss,RB,9.0,0,0
2023,12,9,710284244835979264,4227,Harrison Butker,K,7.0,1,0
2023,12,9,710284244835979264,6783,Jerry Jeudy,WR,3.1,0,0
2023,12,9,710284244835979264,3199,Michael Thomas,WR,0,0,0
2023,12,9,710284244835979264,4111,D'Onta Foreman,RB,0,0,0
2023,12,10,475399371639222272,9758,C.J. Stroud,QB,31.36,1,0
2023,12,10,475399371639222272,2449,Stefon Diggs,WR,19.4,1,0
2023,12,10,475399371639222272,8162,Sam Howell,QB,17.8,0,0
2023,12,10,475399371639222272,9221,Jahmyr Gibbs,RB,11.3,1,0
2023,12,10,475399371639222272,8183,Brock Purdy,QB,10.46,1,0
2023,12,10,475399371639222272,9756,Jordan Addison,WR,9.9,1,0
2023,12,10,475399371639222272,5045,Courtland Sutton,WR,9.1,0,0
2023,12,10,475399371639222272,4381,Taysom Hill,TE,8.1,0,0
2023,12,10,475399371639222272,4037,Chris Godwin,WR,7.5,1,0
2023,12,10,475399371639222272,5987,Alexander Mattison,RB,7.3,0,0
2023,12,10,475399371639222272,8228,Jaylen Warren,RB,7.2,1,0
2023,12,10,475399371639222272,1348,Dustin Hopkins,K,6.0,1,0
2023,12,10,475399371639222272,7608,Khalil Herbert,RB,5.8,0,0
2023,12,10,475399371639222272,4217,George Kittle,TE,4.9,1,0
2023,12,10,475399371639222272,JAX,Jacksonville Jaguars,DEF,3.5,1,0
2023,12,10,475399371639222272,4234,Noah Brown,WR,0,0,0
2023,13,1,608781531883859968,7569,Nico Collins,WR,34.6,1,0
2023,13,1,608781531883859968,4035,Alvin Kamara,RB,28.9,1,0
2023,13,1,608781531883859968,7543,Travis Etienne,RB,17.9,1,0
2023,13,1,608781531883859968,MIA,Miami Dolphins,DEF,15.25,1,0
2023,13,1,608781531883859968,11533,Brandon Aubrey,K,15.0,1,0
2023,13,1,608781531883859968,1479,Keenan Allen,WR,10.8,1,0
2023,13,1,608781531883859968,5849,Kyler Murray,QB,9.8,1,0
2023,13,1,608781531883859968,9999,Will Levis,QB,9.46,0,0
2023,13,1,608781531883859968,6797,Justin Herbert,QB,7.98,1,0
2023,13,1,608781531883859968,7600,Pat Freiermuth,TE,5.9,1,0
2023,13,1,608781531883859968,PIT,Pittsburgh Steelers,DEF,5.5,0,0
2023,13,1,608781531883859968,6130,Devin Singletary,RB,5.0,0,0
2023,13,1,608781531883859968,5012,Mark Andrews,TE,0,0,0
2023,13,1,608781531883859968,5848,Marquise Brown,WR,0,1,0
2023,13,1,608781531883859968,6794,Justin Jefferson,WR,0,0,0
2023,13,1,608781531883859968,6813,Jonathan Taylor,RB,0,0,0
2023,13,1,608781531883859968,6826,Cole Kmet,TE,0,0,0
2023,13,2,736077599457026048,5846,DK Metcalf,WR,39.4,0,0
2023,13,2,736077599457026048,1373,Geno Smith,QB,30.96,0,0
2023,13,2,736077599457026048,3198,Derrick Henry,RB,25.5,1,0
2023,13,2,736077599457026048,6804,Jordan Love,QB,24.18,1,0
2023,13,2,736077599457026048,8130,Trey McBride,TE,22.9,1,0
2023,13,2,736077599457026048,5859,A.J. Brown,WR,19.9,1,0
2023,13,2,736077599457026048,8144,Chris Olave,WR,17.4,1,0
2023,13,2,736077599457026048,2197,Brandin Cooks,WR,16.5,0,0
2023,13,2,736077599457026048,10229,Rashee Rice,WR,14.4,0,0
2023,13,2,736077599457026048,4046,Patrick Mahomes,QB,13.0,1,0
2023,13,2,736077599457026048,9509,Bijan Robinson,RB,10.9,1,0
2023,13,2,736077599457026048,8259,Cameron Dicker,K,6.0,1,0
2023,13,2,736077599457026048,10222,Jayden Reed,WR,5.6,0,0
2023,13,2,736077599457026048,4663,Austin Ekeler,RB,4.7,1,0
2023,13,2,736077599457026048,KC,Kansas City Chiefs,DEF,0.5,1,0
2023,13,2,736077599457026048,5001,Dalton Schultz,TE,0,0,0
2023,13,2,736077599457026048,BAL,Baltimore Ravens,DEF,0,0,0
2023,13,3,737091087440674816,5872,Deebo Samuel,WR,37.3,1,0
2023,13,3,737091087440674816,7564,Ja'Marr Chase,WR,33.62,1,0
2023,13,3,737091087440674816,6111,Jake Browning,QB,28.16,0,0
2023,13,3,737091087440674816,7523,Trevor Lawrence,QB,24.12,1,0
2023,13,3,737091087440674816,4066,Evan Engram,TE,23.2,1,0
2023,13,3,737091087440674816,4137,James Conner,RB,23.0,1,0
2023,13,3,737091087440674816,9508,Tyjae Spears,RB,12.8,0,0
2023,13,3,737091087440674816,7839,Evan McPherson,K,11.0,1,0
2023,13,3,737091087440674816,7528,Najee Harris,RB,9.7,1,0
2023,13,3,737091087440674816,2028,Derek Carr,QB,8.94,1,0
2023,13,3,737091087440674816,2309,Amari Cooper,WR,6.4,0,0
2023,13,3,737091087440674816,SF,San Francisco 49ers,DEF,5.25,1,0
2023,13,3,737091087440674816,9500,Josh Downs,WR,4.4,1,0
2023,13,3,737091087440674816,10236,Dalton Kincaid,TE,0,0,0
2023,13,3,737091087440674816,4866,Saquon Barkley,RB,0,0,0
2023,13,3,737091087440674816,9997,Zay Flowers,WR,0,0,0
2023,13,4,736744257179770880,9493,Puka Nacua,WR,25.9,1,0
2023,13,4,736744257179770880,6904,Jalen Hurts,QB,23.42,1,0
2023,13,4,736744257179770880,8136,Rachaad White,RB,19.6,1,0
2023,13,4,736744257179770880,9753,Zach Charbonnet,RB,16.9,1,0
2023,13,4,736744257179770880,1234,Russell Wilson,QB,15.84,1,0
2023,13,4,736744257179770880,2749,Raheem Mostert,RB,12.1,1,0
2023,13,4,736744257179770880,7568,Brevin Jordan,TE,9.4,1,0
2023,13,4,736744257179770880,7922,Riley Patterson,K,9.0,1,0
2023,13,4,736744257179770880,3225,Tyler Boyd,WR,7.2,0,0
2023,13,4,736744257179770880,1689,Adam Thielen,WR,5.5,1,0
2023,13,4,736744257179770880,10866,Aidan O'Connell,QB,0,0,0
2023,13,4,736744257179770880,1264,Justin Tucker,K,0,0,0
2023,13,4,736744257179770880,2133,Davante Adams,WR,0,0,0
2023,13,4,736744257179770880,5850,Josh Jacobs,RB,0,0,0
2023,13,4,736744257179770880,8151,Kenneth Walker,RB,0,0,0
2023,13,4,736744257179770880,DAL,Dallas Cowboys,DEF,-1.25,1,0
2023,13,5,716698629934481408,4018,Joe Mixon,RB,29.7,0,0
2023,13,5,716698629934481408,10859,Sam LaPorta,TE,29.5,1,0
2023,13,5,716698629934481408,8150,Kyren Williams,RB,20.2,1,0
2023,13,5,716698629934481408,1426,DeAndre Hopkins,WR,18.9,0,0
2023,13,5,716698629934481408,6803,Brandon Aiyuk,WR,15.6,1,0
2023,13,5,716698629934481408,8137,George Pickens,WR,12.6,0,0
2023,13,5,716698629934481408,5119,Jason Sanders,K,10.0,1,0
2023,13,5,716698629934481408,8159,Desmond Ridder,QB,7.84,1,0
2023,13,5,716698629934481408,8154,Brian Robinson,RB,5.3,1,0
2023,13,5,716698629934481408,4950,Christian Kirk,WR,3.6,1,0
2023,13,5,716698629934481408,7611,Rhamondre Stevenson,RB,2.9,1,0
2023,13,5,716698629934481408,8112,Drake London,WR,1.8,1,0
2023,13,5,716698629934481408,4179,Joshua Dobbs,QB,0,0,0
2023,13,5,716698629934481408,5927,Terry McLaurin,WR,0,0,0
2023,13,5,716698629934481408,7591,Justin Fields,QB,0,0,0
2023,13,5,716698629934481408,CLE,Cleveland Browns,DEF,-0.5,1,0
2023,13,6,736740647758938112,421,Matthew Stafford,QB,23.96,1,0
2023,13,6,736740647758938112,6768,Tua Tagovailoa,QB,21.2,1,0
2023,13,6,736740647758938112,LAC,Los Angeles Chargers,DEF,17.25,1,0
2023,13,6,736740647758938112,4039,Cooper Kupp,WR,15.9,1,0
2023,13,6,736740647758938112,5892,David Montgomery,RB,12.5,1,0
2023,13,6,736740647758938112,8155,Breece Hall,RB,10.5,1,0
2023,13,6,736740647758938112,2374,Tyler Lockett,WR,9.7,1,0
2023,13,6,736740647758938112,4195,Jake Elliott,K,7.0,1,0
2023,13,6,736740647758938112,6801,Tee Higgins,WR,6.6,1,0
2023,13,6,736740647758938112,2251,Logan Thomas,TE,2.0,1,0
2023,13,6,736740647758938112,NO,New Orleans Saints,DEF,1.75,0,0
2023,13,6,736740647758938112,4983,DJ Moore,WR,0,0,0
2023,13,6,736740647758938112,5022,Dallas Goedert,TE,0,0,0
2023,13,6,736740647758938112,5248,Gus Edwards,RB,0,0,0
2023,13,6,736740647758938112,5947,Jakobi Meyers,WR,0,0,0
2023,13,6,736740647758938112,8138,James Cook,RB,0,0,0
2023,13,7,735974647736213504,3321,Tyreek Hill,WR,35.8,1,0
2023,13,7,735974647736213504,6819,Michael Pittman,WR,28.0,1,0
2023,13,7,735974647736213504,9226,De'Von Achane,RB,25.3,1,0
2023,13,7,735974647736213504,ATL,Atlanta Falcons,DEF,19.5,1,0
2023,13,7,735974647736213504,6011,Gardner Minshew,QB,18.18,1,0
2023,13,7,735974647736213504,8143,Jerome Ford,RB,14.2,0,0
2023,13,7,735974647736213504,9488,Jaxon Smith-Njigba,WR,13.2,0,0
2023,13,7,735974647736213504,1466,Travis Kelce,TE,12.1,1,0
2023,13,7,735974647736213504,7526,Jaylen Waddle,WR,10.2,1,0
2023,13,7,735974647736213504,7588,Javonte Williams,RB,10.0,1,0
2023,13,7,735974647736213504,8148,Jameson Williams,WR,10.0,0,0
2023,13,7,735974647736213504,GB,Green Bay Packers,DEF,6.75,0,0
2023,13,7,735974647736213504,1433,Brandon McManus,K,5.0,1,0
2023,13,7,735974647736213504,4199,Aaron Jones,RB,0,0,0
2023,13,7,735974647736213504,4881,Lamar Jackson,QB,0,0,0
2023,13,7,735974647736213504,6943,Gabe Davis,WR,0,0,0
2023,13,7,735974647736213504,9502,Tank Dell,WR,0,1,0
2023,13,8,736803054736822272,2216,Mike Evans,WR,31.2,1,0
2023,13,8,736803054736822272,8167,Christian Watson,WR,27.6,0,0
2023,13,8,736803054736822272,7525,DeVonta Smith,WR,24.6,1,0
2023,13,8,736803054736822272,4034,Christian McCaffrey,RB,22.3,1,0
2023,13,8,736803054736822272,IND,Indianapolis Colts,DEF,18.0,1,0
2023,13,8,736803054736822272,5967,Tony Pollard,RB,17.3,1,0
2023,13,8,736803054736822272,3163,Jared Goff,QB,16.32,1,0
2023,13,8,736803054736822272,8121,Romeo Doubs,WR,11.2,0,0
2023,13,8,736803054736822272,4892,Baker Mayfield,QB,10.88,1,0
2023,13,8,736803054736822272,9754,Quentin Johnston,WR,10.2,0,0
2023,13,8,736803054736822272,4981,Calvin Ridley,WR,7.3,0,0
2023,13,8,736803054736822272,6790,D'Andre Swift,RB,4.0,1,0
2023,13,8,736803054736822272,4033,David Njoku,TE,3.7,1,0
2023,13,8,736803054736822272,2747,Jason Myers,K,2.0,1,0
2023,13,8,736803054736822272,7066,K.J. Osborn,WR,0,0,0
2023,13,8,736803054736822272,BUF,Buffalo Bills,DEF,0,0,0
2023,13,9,710284244835979264,6786,CeeDee Lamb,WR,33.1,1,0
2023,13,9,710284244835979264,3294,Dak Prescott,QB,28.76,1,0
2023,13,9,710284244835979264,8205,Isiah Pacheco,RB,21.8,1,0
2023,13,9,710284244835979264,TB,Tampa Bay Buccaneers,DEF,13.5,1,0
2023,13,9,710284244835979264,5937,Diontae Johnson,WR,13.3,1,0
2023,13,9,710284244835979264,NYJ,New York Jets,DEF,13.25,0,0
2023,13,9,710284244835979264,7547,Amon-Ra St. Brown,WR,12.9,1,0
2023,13,9,710284244835979264,6783,Jerry Jeudy,WR,8.1,0,0
2023,13,9,710284244835979264,8146,Garrett Wilson,WR,8.0,0,0
2023,13,9,710284244835979264,6845,Zack Moss,RB,7.7,1,0
2023,13,9,710284244835979264,4227,Harrison Butker,K,7.0,1,0
2023,13,9,710284244835979264,8160,Kenny Pickett,QB,2.1,1,0
2023,13,9,710284244835979264,3199,Michael Thomas,WR,0,0,0
2023,13,9,710284244835979264,4984,Josh Allen,QB,0,0,0
2023,13,9,710284244835979264,5844,T.J. Hockenson,TE,0,0,0
2023,13,9,710284244835979264,8111,Cade Otton,TE,0,1,0
2023,13,9,710284244835979264,9511,Keaton Mitchell,RB,0,0,0
2023,13,10,475399371639222272,8183,Brock Purdy,QB,29.46,1,0
2023,13,10,475399371639222272,8162,Sam Howell,QB,19.18,0,0
2023,13,10,475399371639222272,5045,Courtland Sutton,WR,16.2,1,0
2023,13,10,475399371639222272,9758,C.J. Stroud,QB,15.06,1,0
2023,13,10,475399371639222272,4217,George Kittle,TE,10.8,1,0
2023,13,10,475399371639222272,LAR,Los Angeles Rams,DEF,9.0,0,0
2023,13,10,475399371639222272,4037,Chris Godwin,WR,7.9,1,0
2023,13,10,475399371639222272,1348,Dustin Hopkins,K,7.0,1,0
2023,13,10,475399371639222272,8228,Jaylen Warren,RB,6.5,1,0
2023,13,10,475399371639222272,9221,Jahmyr Gibbs,RB,6.4,1,0
2023,13,10,475399371639222272,8119,Jahan Dotson,WR,4.3,1,0
2023,13,10,475399371639222272,2449,Stefon Diggs,WR,0,0,0
2023,13,10,475399371639222272,4234,Noah Brown,WR,0,0,0
2023,13,10,475399371639222272,5987,Alexander Mattison,RB,0,0,0
2023,13,10,475399371639222272,9756,Jordan Addison,WR,0,0,0
2023,13,10,475399371639222272,JAX,Jacksonville Jaguars,DEF,-0.5,1,0
2023,14,1,608781531883859968,11533,Brandon Aubrey,K,22.0,1,0
2023,14,1,608781531883859968,7543,Travis Etienne,RB,17.2,1,0
2023,14,1,608781531883859968,9999,Will Levis,QB,16.58,1,0
2023,14,1,608781531883859968,4035,Alvin Kamara,RB,13.5,1,0
2023,14,1,608781531883859968,1479,Keenan Allen,WR,12.8,1,0
2023,14,1,608781531883859968,2161,Jerick McKinnon,RB,12.7,0,0
2023,14,1,608781531883859968,6130,Devin Singletary,RB,12.5,0,0
2023,14,1,608781531883859968,6826,Cole Kmet,TE,11.6,1,0
2023,14,1,608781531883859968,MIA,Miami Dolphins,DEF,9.75,0,0
2023,14,1,608781531883859968,7600,Pat Freiermuth,TE,6.8,0,0
2023,14,1,608781531883859968,PIT,Pittsburgh Steelers,DEF,6.0,1,0
2023,14,1,608781531883859968,6794,Justin Jefferson,WR,4.7,1,0
2023,14,1,608781531883859968,7569,Nico Collins,WR,2.3,1,0
2023,14,1,608781531883859968,6797,Justin Herbert,QB,1.84,1,0
2023,14,1,608781531883859968,5012,Mark Andrews,TE,0,0,0
2023,14,1,608781531883859968,5848,Marquise Brown,WR,0,0,0
2023,14,1,608781531883859968,5849,Kyler Murray,QB,0,0,0
2023,14,1,608781531883859968,6813,Jonathan Taylor,RB,0,0,0
2023,14,2,736077599457026048,4663,Austin Ekeler,RB,21.0,1,0
2023,14,2,736077599457026048,8131,Isaiah Likely,TE,20.8,1,0
2023,14,2,736077599457026048,9509,Bijan Robinson,RB,19.8,1,0
2023,14,2,736077599457026048,10229,Rashee Rice,WR,18.2,1,0
2023,14,2,736077599457026048,3198,Derrick Henry,RB,18.1,0,0
2023,14,2,736077599457026048,5859,A.J. Brown,WR,16.4,1,0
2023,14,2,736077599457026048,4046,Patrick Mahomes,QB,14.14,1,0
2023,14,2,736077599457026048,5846,DK Metcalf,WR,13.2,0,0
2023,14,2,736077599457026048,8144,Chris Olave,WR,12.8,1,0
2023,14,2,736077599457026048,6804,Jordan Love,QB,9.42,1,0
2023,14,2,736077599457026048,6820,Clyde Edwards-Helaire,RB,8.8,0,0
2023,14,2,736077599457026048,KC,Kansas City Chiefs,DEF,6.25,0,0
2023,14,2,736077599457026048,2197,Brandin Cooks,WR,5.7,0,0
2023,14,2,736077599457026048,BAL,Baltimore Ravens,DEF,5.0,1,0
2023,14,2,736077599457026048,1373,Geno Smith,QB,0,0,0
2023,14,2,736077599457026048,4381,Taysom Hill,TE,0,0,0
2023,14,2,736077599457026048,8130,Trey McBride,TE,0,0,0
2023,14,2,736077599457026048,6083,Matt Gay,K,-4.0,1,0
2023,14,3,737091087440674816,5872,Deebo Samuel,WR,36.0,1,0
2023,14,3,737091087440674816,4066,Evan Engram,TE,32.5,0,0
2023,14,3,737091087440674816,6111,Jake Browning,QB,24.7,1,0
2023,14,3,737091087440674816,4866,Saquon Barkley,RB,23.1,1,0
2023,14,3,737091087440674816,9997,Zay Flowers,WR,20.0,0,0
2023,14,3,737091087440674816,7523,Trevor Lawrence,QB,17.88,0,0
2023,14,3,737091087440674816,9508,Tyjae Spears,RB,16.8,0,0
2023,14,3,737091087440674816,2309,Amari Cooper,WR,12.7,1,0
2023,14,3,737091087440674816,2028,Derek Carr,QB,10.76,1,0
2023,14,3,737091087440674816,7839,Evan McPherson,K,10.0,1,0
2023,14,3,737091087440674816,SF,San Francisco 49ers,DEF,10.0,1,0
2023,14,3,737091087440674816,7528,Najee Harris,RB,7.8,1,0
2023,14,3,737091087440674816,10236,Dalton Kincaid,TE,7.1,1,0
2023,14,3,737091087440674816,9500,Josh Downs,WR,6.2,0,0
2023,14,3,737091087440674816,7564,Ja'Marr Chase,WR,5.9,1,0
2023,14,3,737091087440674816,4137,James Conner,RB,0,0,0
2023,14,4,736744257179770880,3164,Ezekiel Elliott,RB,27.0,1,0
2023,14,4,736744257179770880,2749,Raheem Mostert,RB,23.0,0,0
2023,14,4,736744257179770880,8136,Rachaad White,RB,21.0,1,0
2023,14,4,736744257179770880,1234,Russell Wilson,QB,15.46,0,0
2023,14,4,736744257179770880,9493,Puka Nacua,WR,14.0,1,0
2023,14,4,736744257179770880,2133,Davante Adams,WR,12.3,1,0
2023,14,4,736744257179770880,8110,Jake Ferguson,TE,12.2,1,0
2023,14,4,736744257179770880,1264,Justin Tucker,K,12.0,1,0
2023,14,4,736744257179770880,1689,Adam Thielen,WR,11.4,1,0
2023,14,4,736744257179770880,DAL,Dallas Cowboys,DEF,11.25,0,0
2023,14,4,736744257179770880,NE,New England Patriots,DEF,10.5,1,0
2023,14,4,736744257179770880,8151,Kenneth Walker,RB,9.4,0,0
2023,14,4,736744257179770880,6904,Jalen Hurts,QB,8.88,1,0
2023,14,4,736744257179770880,5850,Josh Jacobs,RB,7.0,1,0
2023,14,4,736744257179770880,9753,Zach Charbonnet,RB,5.8,0,0
2023,14,4,736744257179770880,10866,Aidan O'Connell,QB,5.04,0,0
2023,14,5,716698629934481408,8112,Drake London,WR,29.7,0,0
2023,14,5,716698629934481408,1426,DeAndre Hopkins,WR,25.9,1,0
2023,14,5,716698629934481408,7591,Justin Fields,QB,24.72,1,0
2023,14,5,716698629934481408,4018,Joe Mixon,RB,21.5,1,0
2023,14,5,716698629934481408,6803,Brandon Aiyuk,WR,17.1,1,0
2023,14,5,716698629934481408,CLE,Cleveland Browns,DEF,16.0,1,0
2023,14,5,716698629934481408,8150,Kyren Williams,RB,14.8,1,0
2023,14,5,716698629934481408,4080,Zay Jones,WR,7.9,0,0
2023,14,5,716698629934481408,8137,George Pickens,WR,6.9,1,0
2023,14,5,716698629934481408,5119,Jason Sanders,K,6.0,1,0
2023,14,5,716698629934481408,10859,Sam LaPorta,TE,4.7,1,0
2023,14,5,716698629934481408,4179,Joshua Dobbs,QB,4.62,1,0
2023,14,5,716698629934481408,4950,Christian Kirk,WR,0,0,0
2023,14,5,716698629934481408,5927,Terry McLaurin,WR,0,0,0
2023,14,5,716698629934481408,7611,Rhamondre Stevenson,RB,0,0,0
2023,14,5,716698629934481408,8154,Brian Robinson,RB,0,0,0
2023,14,6,736740647758938112,4983,DJ Moore,WR,26.8,1,0
2023,14,6,736740647758938112,8155,Breece Hall,RB,26.6,0,0
2023,14,6,736740647758938112,4039,Cooper Kupp,WR,26.0,0,0
2023,14,6,736740647758938112,8138,James Cook,RB,25.1,1,0
2023,14,6,736740647758938112,421,Matthew Stafford,QB,23.66,1,0
2023,14,6,736740647758938112,NO,New Orleans Saints,DEF,23.5,1,0
2023,14,6,736740647758938112,2374,Tyler Lockett,WR,14.9,0,0
2023,14,6,736740647758938112,5892,David Montgomery,RB,11.5,1,0
2023,14,6,736740647758938112,4195,Jake Elliott,K,10.0,1,0
2023,14,6,736740647758938112,6801,Tee Higgins,WR,9.2,1,0
2023,14,6,736740647758938112,6768,Tua Tagovailoa,QB,8.1,1,0
2023,14,6,736740647758938112,5947,Jakobi Meyers,WR,7.5,1,0
2023,14,6,736740647758938112,5022,Dallas Goedert,TE,7.0,1,0
2023,14,6,736740647758938112,LAC,Los Angeles Chargers,DEF,5.0,0,0
2023,14,6,736740647758938112,5248,Gus Edwards,RB,1.5,0,0
2023,14,6,736740647758938112,2251,Logan Thomas,TE,0,0,0
2023,14,7,735974647736213504,4881,Lamar Jackson,QB,32.64,1,0
2023,14,7,735974647736213504,8159,Desmond Ridder,QB,23.88,1,0
2023,14,7,735974647736213504,6819,Michael Pittman,WR,19.5,1,0
2023,14,7,735974647736213504,7588,Javonte Williams,RB,18.1,1,0
2023,14,7,735974647736213504,6011,Gardner Minshew,QB,14.6,0,0
2023,14,7,735974647736213504,1466,Travis Kelce,TE,14.3,1,0
2023,14,7,735974647736213504,7526,Jaylen Waddle,WR,13.9,1,0
2023,14,7,735974647736213504,8143,Jerome Ford,RB,13.2,0,0
2023,14,7,735974647736213504,9226,De'Von Achane,RB,12.1,1,0
2023,14,7,735974647736213504,3321,Tyreek Hill,WR,10.1,1,0
2023,14,7,735974647736213504,9488,Jaxon Smith-Njigba,WR,6.5,0,0
2023,14,7,735974647736213504,GB,Green Bay Packers,DEF,4.5,1,0
2023,14,7,735974647736213504,4666,Younghoe Koo,K,1.0,1,0
2023,14,7,735974647736213504,8148,Jameson Williams,WR,0.4,0,0
2023,14,7,735974647736213504,4199,Aaron Jones,RB,0,0,0
2023,14,7,735974647736213504,6943,Gabe Davis,WR,0,0,0
2023,14,8,736803054736822272,4033,David Njoku,TE,27.1,1,0
2023,14,8,736803054736822272,4892,Baker Mayfield,QB,20.06,1,0
2023,14,8,736803054736822272,4034,Christian McCaffrey,RB,16.8,1,0
2023,14,8,736803054736822272,5967,Tony Pollard,RB,16.6,1,0
2023,14,8,736803054736822272,9754,Quentin Johnston,WR,12.1,0,0
2023,14,8,736803054736822272,7525,DeVonta Smith,WR,10.3,1,0
2023,14,8,736803054736822272,4981,Calvin Ridley,WR,9.3,1,0
2023,14,8,736803054736822272,BUF,Buffalo Bills,DEF,7.75,0,0
2023,14,8,736803054736822272,8121,Romeo Doubs,WR,7.2,0,0
2023,14,8,736803054736822272,IND,Indianapolis Colts,DEF,7.0,1,0
2023,14,8,736803054736822272,7066,K.J. Osborn,WR,5.5,0,0
2023,14,8,736803054736822272,2747,Jason Myers,K,5.0,1,0
2023,14,8,736803054736822272,3163,Jared Goff,QB,4.44,1,0
2023,14,8,736803054736822272,6790,D'Andre Swift,RB,3.9,0,0
2023,14,8,736803054736822272,2216,Mike Evans,WR,1.8,1,0
2023,14,8,736803054736822272,8167,Christian Watson,WR,0,0,0
2023,14,9,710284244835979264,8146,Garrett Wilson,WR,20.6,1,0
2023,14,9,710284244835979264,4984,Josh Allen,QB,20.52,1,0
2023,14,9,710284244835979264,7538,Zach Wilson,QB,19.74,0,0
2023,14,9,710284244835979264,6786,CeeDee Lamb,WR,19.1,1,0
2023,14,9,710284244835979264,3294,Dak Prescott,QB,17.94,1,0
2023,14,9,710284244835979264,NYJ,New York Jets,DEF,15.75,1,0
2023,14,9,710284244835979264,5937,Diontae Johnson,WR,14.7,0,0
2023,14,9,710284244835979264,7594,Chuba Hubbard,RB,11.6,1,0
2023,14,9,710284244835979264,5844,T.J. Hockenson,TE,10.3,1,0
2023,14,9,710284244835979264,6845,Zack Moss,RB,9.6,1,0
2023,14,9,710284244835979264,PHI,Philadelphia Eagles,DEF,8.75,0,0
2023,14,9,710284244835979264,9511,Keaton Mitchell,RB,7.2,0,0
2023,14,9,710284244835979264,7547,Amon-Ra St. Brown,WR,5.1,1,0
2023,14,9,710284244835979264,4227,Harrison Butker,K,5.0,1,0
2023,14,9,710284244835979264,6783,Jerry Jeudy,WR,3.6,0,0
2023,14,9,710284244835979264,3199,Michael Thomas,WR,0,0,0
2023,14,9,710284244835979264,8205,Isiah Pacheco,RB,0,0,0
2023,14,10,475399371639222272,8183,Brock Purdy,QB,22.42,1,0
2023,14,10,475399371639222272,4217,George Kittle,TE,17.1,1,0
2023,14,10,475399371639222272,9221,Jahmyr Gibbs,RB,16.2,1,0
2023,14,10,475399371639222272,5045,Courtland Sutton,WR,15.7,1,0
2023,14,10,475399371639222272,4037,Chris Godwin,WR,10.3,0,0
2023,14,10,475399371639222272,1348,Dustin Hopkins,K,9.0,1,0
2023,14,10,475399371639222272,8228,Jaylen Warren,RB,8.0,0,0
2023,14,10,475399371639222272,JAX,Jacksonville Jaguars,DEF,6.75,0,0
2023,14,10,475399371639222272,5987,Alexander Mattison,RB,6.6,1,0
2023,14,10,475399371639222272,2449,Stefon Diggs,WR,6.4,1,0
2023,14,10,475399371639222272,HOU,Houston Texans,DEF,5.5,1,0
2023,14,10,475399371639222272,9756,Jordan Addison,WR,4.7,1,0
2023,14,10,475399371639222272,9758,C.J. Stroud,QB,2.64,1,0
2023,14,10,475399371639222272,4234,Noah Brown,WR,0,0,0
2023,14,10,475399371639222272,8119,Jahan Dotson,WR,0,0,0
2023,14,10,475399371639222272,8162,Sam Howell,QB,0,0,0
2023,15,1,608781531883859968,MIA,Miami Dolphins,DEF,24.0,1,1
2023,15,1,608781531883859968,7670,Joshua Palmer,WR,23.3,0,1
2023,15,1,608781531883859968,6130,Devin Singletary,RB,21.5,0,1
2023,15,1,608781531883859968,4464,Nick Mullens,QB,17.62,0,1
2023,15,1,608781531883859968,2161,Jerick McKinnon,RB,16.16,0,1
2023,15,1,608781531883859968,4035,Alvin Kamara,RB,16.0,1,1
2023,15,1,608781531883859968,6794,Justin Jefferson,WR,15.4,1,1
2023,15,1,608781531883859968,9999,Will Levis,QB,13.46,1,1
2023,15,1,608781531883859968,6826,Cole Kmet,TE,13.3,1,1
2023,15,1,608781531883859968,5849,Kyler Murray,QB,11.84,1,1
2023,15,1,608781531883859968,7543,Travis Etienne,RB,9.9,1,1
2023,15,1,608781531883859968,6945,Antonio Gibson,RB,8.5,1,1
2023,15,1,608781531883859968,11533,Brandon Aubrey,K,4.0,1,1
2023,15,1,608781531883859968,2078,Odell Beckham,WR,2.4,0,1
2023,15,1,608781531883859968,1479,Keenan Allen,WR,0,0,1
2023,15,1,608781531883859968,5848,Marquise Brown,WR,0,1,1
2023,15,1,608781531883859968,6813,Jonathan Taylor,RB,0,0,1
2023,15,1,608781531883859968,7569,Nico Collins,WR,0,0,1
2023,15,2,736077599457026048,10229,Rashee Rice,WR,23.1,0,1
2023,15,2,736077599457026048,8130,Trey McBride,TE,19.7,1,1
2023,15,2,736077599457026048,8131,Isaiah Likely,TE,18.0,0,1
2023,15,2,736077599457026048,6804,Jordan Love,QB,17.96,1,1
2023,15,2,736077599457026048,4046,Patrick Mahomes,QB,16.2,1,1
2023,15,2,736077599457026048,5846,DK Metcalf,WR,12.8,1,1
2023,15,2,736077599457026048,KC,Kansas City Chiefs,DEF,12.0,1,1
2023,15,2,736077599457026048,5859,A.J. Brown,WR,10.6,1,1
2023,15,2,736077599457026048,BAL,Baltimore Ravens,DEF,9.75,0,1
2023,15,2,736077599457026048,6083,Matt Gay,K,8.0,1,1
2023,15,2,736077599457026048,4663,Austin Ekeler,RB,7.8,1,1
2023,15,2,736077599457026048,3198,Derrick Henry,RB,5.0,1,1
2023,15,2,736077599457026048,2197,Brandin Cooks,WR,3.0,0,1
2023,15,2,736077599457026048,9509,Bijan Robinson,RB,0.4,1,1
2023,15,2,736077599457026048,1373,Geno Smith,QB,0,0,1
2023,15,2,736077599457026048,8144,Chris Olave,WR,0,0,1
2023,15,3,737091087440674816,2309,Amari Cooper,WR,22.9,1,1
2023,15,3,737091087440674816,5872,Deebo Samuel,WR,21.9,1,1
2023,15,3,737091087440674816,2028,Derek Carr,QB,20.32,0,1
2023,15,3,737091087440674816,6111,Jake Browning,QB,19.46,1,1
2023,15,3,737091087440674816,4137,James Conner,RB,17.9,1,1
2023,15,3,737091087440674816,7523,Trevor Lawrence,QB,16.16,1,1
2023,15,3,737091087440674816,SF,San Francisco 49ers,DEF,10.75,1,1
2023,15,3,737091087440674816,7564,Ja'Marr Chase,WR,10.4,1,1
2023,15,3,737091087440674816,7839,Evan McPherson,K,9.0,1,1
2023,15,3,737091087440674816,4066,Evan Engram,TE,6.8,1,1
2023,15,3,737091087440674816,4866,Saquon Barkley,RB,5.7,1,1
2023,15,3,737091087440674816,9500,Josh Downs,WR,4.9,0,1
2023,15,3,737091087440674816,9508,Tyjae Spears,RB,4.7,0,1
2023,15,3,737091087440674816,9997,Zay Flowers,WR,1.7,0,1
2023,15,3,737091087440674816,7528,Najee Harris,RB,1.3,0,1
2023,15,3,737091087440674816,10236,Dalton Kincaid,TE,0,0,1
2023,15,4,736744257179770880,2133,Davante Adams,WR,24.6,1,1
2023,15,4,736744257179770880,6904,Jalen Hurts,QB,21.92,1,1
2023,15,4,736744257179770880,8136,Rachaad White,RB,21.9,1,1
2023,15,4,736744257179770880,8151,Kenneth Walker,RB,20.2,0,1
2023,15,4,736744257179770880,2749,Raheem Mostert,RB,18.3,1,1
2023,15,4,736744257179770880,1234,Russell Wilson,QB,17.52,1,1
2023,15,4,736744257179770880,19,Joe Flacco,QB,17.36,0,1
2023,15,4,736744257179770880,1264,Justin Tucker,K,12.0,1,1
2023,15,4,736744257179770880,8110,Jake Ferguson,TE,10.4,1,1
2023,15,4,736744257179770880,9493,Puka Nacua,WR,10.3,1,1
2023,15,4,736744257179770880,3164,Ezekiel Elliott,RB,9.6,1,1
2023,15,4,736744257179770880,1689,Adam Thielen,WR,8.3,0,1
2023,15,4,736744257179770880,CIN,Cincinnati Bengals,DEF,5.75,1,1
2023,15,4,736744257179770880,9753,Zach Charbonnet,RB,1.6,0,1
2023,15,4,736744257179770880,DAL,Dallas Cowboys,DEF,0.25,0,1
2023,15,4,736744257179770880,5850,Josh Jacobs,RB,0,0,1
2023,15,5,716698629934481408,10859,Sam LaPorta,TE,28.6,1,1
2023,15,5,716698629934481408,5927,Terry McLaurin,WR,26.6,1,1
2023,15,5,716698629934481408,8150,Kyren Williams,RB,25.0,1,1
2023,15,5,716698629934481408,CLE,Cleveland Browns,DEF,19.25,1,1
2023,15,5,716698629934481408,4018,Joe Mixon,RB,15.1,1,1
2023,15,5,716698629934481408,5854,Drew Lock,QB,12.12,0,1
2023,15,5,716698629934481408,5119,Jason Sanders,K,12.0,1,1
2023,15,5,716698629934481408,4080,Zay Jones,WR,10.9,0,1
2023,15,5,716698629934481408,8137,George Pickens,WR,7.7,0,1
2023,15,5,716698629934481408,7591,Justin Fields,QB,7.64,1,1
2023,15,5,716698629934481408,9224,Chase Brown,RB,7.1,0,1
2023,15,5,716698629934481408,6803,Brandon Aiyuk,WR,6.7,1,1
2023,15,5,716698629934481408,8112,Drake London,WR,4.4,1,1
2023,15,5,716698629934481408,1426,DeAndre Hopkins,WR,4.1,1,1
2023,15,5,716698629934481408,4950,Christian Kirk,WR,0,0,1
2023,15,5,716698629934481408,7611,Rhamondre Stevenson,RB,0,0,1
2023,15,5,716698629934481408,8154,Brian Robinson,RB,0,0,1
2023,15,6,736740647758938112,8138,James Cook,RB,36.6,1,1
2023,15,6,736740647758938112,4039,Cooper Kupp,WR,27.1,1,1
2023,15,6,736740647758938112,6801,Tee Higgins,WR,22.1,0,1
2023,15,6,736740647758938112,421,Matthew Stafford,QB,20.02,1,1
2023,15,6,736740647758938112,NO,New Orleans Saints,DEF,16.25,1,1
2023,15,6,736740647758938112,5947,Jakobi Meyers,WR,15.68,0,1
2023,15,6,736740647758938112,6768,Tua Tagovailoa,QB,13.96,1,1
2023,15,6,736740647758938112,11292,Tommy DeVito,QB,10.68,0,1
2023,15,6,736740647758938112,5892,David Montgomery,RB,10.2,1,1
2023,15,6,736740647758938112,4983,DJ Moore,WR,9.2,1,1
2023,15,6,736740647758938112,5022,Dallas Goedert,TE,7.1,1,1
2023,15,6,736740647758938112,2374,Tyler Lockett,WR,5.1,0,1
2023,15,6,736740647758938112,4195,Jake Elliott,K,5.0,1,1
2023,15,6,736740647758938112,8155,Breece Hall,RB,2.8,1,1
2023,15,6,736740647758938112,LAC,Los Angeles Chargers,DEF,-1.75,0,1
2023,15,6,736740647758938112,DEN,Denver Broncos,DEF,-4.5,0,1
2023,15,7,735974647736213504,7526,Jaylen Waddle,WR,30.2,0,1
2023,15,7,735974647736213504,6011,Gardner Minshew,QB,20.6,1,1
2023,15,7,735974647736213504,4881,Lamar Jackson,QB,18.54,0,1
2023,15,7,735974647736213504,10222,Jayden Reed,WR,17.2,0,1
2023,15,7,735974647736213504,9488,Jaxon Smith-Njigba,WR,14.8,0,1
2023,15,7,735974647736213504,6819,Michael Pittman,WR,11.8,1,1
2023,15,7,735974647736213504,4199,Aaron Jones,RB,10.9,0,1
2023,15,7,735974647736213504,9226,De'Von Achane,RB,9.2,0,1
2023,15,7,735974647736213504,1466,Travis Kelce,TE,7.8,0,1
2023,15,7,735974647736213504,8143,Jerome Ford,RB,7.1,0,1
2023,15,7,735974647736213504,8159,Desmond Ridder,QB,6.88,0,1
2023,15,7,735974647736213504,7588,Javonte Williams,RB,4.0,0,1
2023,15,7,735974647736213504,WAS,Washington Commanders,DEF,3.25,0,1
2023,15,7,735974647736213504,GB,Green Bay Packers,DEF,1.25,1,1
2023,15,7,735974647736213504,4666,Younghoe Koo,K,1.0,0,1
2023,15,7,735974647736213504,3321,Tyreek Hill,WR,0,0,1
2023,15,8,736803054736822272,4034,Christian McCaffrey,RB,42.7,1,1
2023,15,8,736803054736822272,3163,Jared Goff,QB,31.12,1,1
2023,15,8,736803054736822272,4892,Baker Mayfield,QB,30.04,1,1
2023,15,8,736803054736822272,4033,David Njoku,TE,26.9,1,1
2023,15,8,736803054736822272,IND,Indianapolis Colts,DEF,16.0,1,1
2023,15,8,736803054736822272,2216,Mike Evans,WR,15.7,1,1
2023,15,8,736803054736822272,BUF,Buffalo Bills,DEF,12.25,0,1
2023,15,8,736803054736822272,9754,Quentin Johnston,WR,10.3,0,1
2023,15,8,736803054736822272,7525,DeVonta Smith,WR,10.0,1,1
2023,15,8,736803054736822272,6790,D'Andre Swift,RB,9.5,1,1
2023,15,8,736803054736822272,2747,Jason Myers,K,9.0,1,1
2023,15,8,736803054736822272,4981,Calvin Ridley,WR,8.9,0,1
2023,15,8,736803054736822272,5967,Tony Pollard,RB,7.7,1,1
2023,15,8,736803054736822272,8121,Romeo Doubs,WR,6.0,0,1
2023,15,8,736803054736822272,7066,K.J. Osborn,WR,1.3,0,1
2023,15,8,736803054736822272,2307,Marcus Mariota,QB,0,0,1
2023,15,8,736803054736822272,8167,Christian Watson,WR,0,0,1
2023,15,9,710284244835979264,7547,Amon-Ra St. Brown,WR,24.7,0,1
2023,15,9,710284244835979264,6786,CeeDee Lamb,WR,18.6,0,1
2023,15,9,710284244835979264,5937,Diontae Johnson,WR,16.2,0,1
2023,15,9,710284244835979264,4984,Josh Allen,QB,16.16,0,1
2023,15,9,710284244835979264,5844,T.J. Hockenson,TE,12.3,0,1
2023,15,9,710284244835979264,6845,Zack Moss,RB,12.3,0,1
2023,15,9,710284244835979264,7594,Chuba Hubbard,RB,12.3,0,1
2023,15,9,710284244835979264,9511,Keaton Mitchell,RB,10.8,0,1
2023,15,9,710284244835979264,6783,Jerry Jeudy,WR,10.4,0,1
2023,15,9,710284244835979264,4227,Harrison Butker,K,8.0,0,1
2023,15,9,710284244835979264,PHI,Philadelphia Eagles,DEF,6.5,0,1
2023,15,9,710284244835979264,3294,Dak Prescott,QB,6.06,0,1
2023,15,9,710284244835979264,8146,Garrett Wilson,WR,5.9,0,1
2023,15,9,710284244835979264,NYJ,New York Jets,DEF,4.75,1,1
2023,15,9,710284244835979264,3199,Michael Thomas,WR,0,0,1
2023,15,9,710284244835979264,8205,Isiah Pacheco,RB,0,0,1
2023,15,9,710284244835979264,7538,Zach Wilson,QB,-0.96,1,1
2023,15,10,475399371639222272,9756,Jordan Addison,WR,29.6,1,1
2023,15,10,475399371639222272,4037,Chris Godwin,WR,26.0,0,1
2023,15,10,475399371639222272,8183,Brock Purdy,QB,25.68,1,1
2023,15,10,475399371639222272,9221,Jahmyr Gibbs,RB,25.3,1,1
2023,15,10,475399371639222272,8230,Ty Chandler,RB,25.2,1,1
2023,15,10,475399371639222272,4234,Noah Brown,WR,22.2,0,1
2023,15,10,475399371639222272,HOU,Houston Texans,DEF,13.75,1,1
2023,15,10,475399371639222272,5045,Courtland Sutton,WR,12.1,1,1
2023,15,10,475399371639222272,8228,Jaylen Warren,RB,11.8,0,1
2023,15,10,475399371639222272,2449,Stefon Diggs,WR,8.8,1,1
2023,15,10,475399371639222272,8162,Sam Howell,QB,8.28,1,1
2023,15,10,475399371639222272,1348,Dustin Hopkins,K,8.0,1,1
2023,15,10,475399371639222272,4217,George Kittle,TE,7.4,1,1
2023,15,10,475399371639222272,7553,Kyle Pitts,TE,6.7,0,1
2023,15,10,475399371639222272,8119,Jahan Dotson,WR,2.2,0,1
2023,15,10,475399371639222272,5987,Alexander Mattison,RB,0,0,1
2023,15,10,475399371639222272,9758,C.J. Stroud,QB,0,0,1
2023,16,1,608781531883859968,6794,Justin Jefferson,WR,26.6,1,1
2023,16,1,608781531883859968,6943,Gabe Davis,WR,25.0,0,1
2023,16,1,608781531883859968,5849,Kyler Murray,QB,19.4,1,1
2023,16,1,608781531883859968,4464,Nick Mullens,QB,15.54,1,1
2023,16,1,608781531883859968,6826,Cole Kmet,TE,15.2,1,1
2023,16,1,608781531883859968,7569,Nico Collins,WR,13.8,1,1
2023,16,1,608781531883859968,3225,Tyler Boyd,WR,10.9,0,1
2023,16,1,608781531883859968,6813,Jonathan Taylor,RB,10.3,1,1
2023,16,1,608781531883859968,11533,Brandon Aubrey,K,9.0,1,1
2023,16,1,608781531883859968,4035,Alvin Kamara,RB,8.5,1,1
2023,16,1,608781531883859968,6130,Devin Singletary,RB,8.3,0,1
2023,16,1,608781531883859968,7543,Travis Etienne,RB,6.1,1,1
2023,16,1,608781531883859968,CHI,Chicago Bears,DEF,5.5,1,1
2023,16,1,608781531883859968,4082,Curtis Samuel,WR,3.0,0,1
2023,16,1,608781531883859968,1479,Keenan Allen,WR,0,0,1
2023,16,1,608781531883859968,5848,Marquise Brown,WR,0,0,1
2023,16,1,608781531883859968,9999,Will Levis,QB,0,0,1
2023,16,2,736077599457026048,6804,Jordan Love,QB,23.96,0,1
2023,16,2,736077599457026048,8144,Chris Olave,WR,23.8,1,1
2023,16,2,736077599457026048,3198,Derrick Henry,RB,21.38,1,1
2023,16,2,736077599457026048,9509,Bijan Robinson,RB,19.2,1,1
2023,16,2,736077599457026048,1373,Geno Smith,QB,16.78,1,1
2023,16,2,736077599457026048,4046,Patrick Mahomes,QB,16.2,1,1
2023,16,2,736077599457026048,5846,DK Metcalf,WR,15.6,0,1
2023,16,2,736077599457026048,5859,A.J. Brown,WR,14.0,1,1
2023,16,2,736077599457026048,BAL,Baltimore Ravens,DEF,13.5,0,1
2023,16,2,736077599457026048,10229,Rashee Rice,WR,11.7,1,1
2023,16,2,736077599457026048,4663,Austin Ekeler,RB,11.6,0,1
2023,16,2,736077599457026048,2197,Brandin Cooks,WR,10.3,0,1
2023,16,2,736077599457026048,8130,Trey McBride,TE,9.1,1,1
2023,16,2,736077599457026048,8131,Isaiah Likely,TE,8.6,0,1
2023,16,2,736077599457026048,KC,Kansas City Chiefs,DEF,8.0,1,1
2023,16,2,736077599457026048,6083,Matt Gay,K,4.0,1,1
2023,16,3,737091087440674816,2309,Amari Cooper,WR,54.0,1,1
2023,16,3,737091087440674816,2028,Derek Carr,QB,25.46,1,1
2023,16,3,737091087440674816,4137,James Conner,RB,22.2,1,1
2023,16,3,737091087440674816,9997,Zay Flowers,WR,22.2,1,1
2023,16,3,737091087440674816,4866,Saquon Barkley,RB,19.4,1,1
2023,16,3,737091087440674816,4066,Evan Engram,TE,17.5,1,1
2023,16,3,737091087440674816,6111,Jake Browning,QB,13.9,0,1
2023,16,3,737091087440674816,7528,Najee Harris,RB,13.8,0,1
2023,16,3,737091087440674816,9508,Tyjae Spears,RB,11.7,0,1
2023,16,3,737091087440674816,9500,Josh Downs,WR,9.9,0,1
2023,16,3,737091087440674816,5872,Deebo Samuel,WR,9.4,1,1
2023,16,3,737091087440674816,7523,Trevor Lawrence,QB,8.34,1,1
2023,16,3,737091087440674816,SF,San Francisco 49ers,DEF,3.5,1,1
2023,16,3,737091087440674816,7839,Evan McPherson,K,3.0,1,1
2023,16,3,737091087440674816,10236,Dalton Kincaid,TE,1.7,0,1
2023,16,3,737091087440674816,7564,Ja'Marr Chase,WR,0,0,1
2023,16,4,736744257179770880,9493,Puka Nacua,WR,33.5,1,1
2023,16,4,736744257179770880,19,Joe Flacco,QB,26.32,0,1
2023,16,4,736744257179770880,6904,Jalen Hurts,QB,22.44,1,1
2023,16,4,736744257179770880,1234,Russell Wilson,QB,22.02,1,1
2023,16,4,736744257179770880,3164,Ezekiel Elliott,RB,21.0,1,1
2023,16,4,736744257179770880,8136,Rachaad White,RB,19.7,1,1
2023,16,4,736744257179770880,1264,Justin Tucker,K,16.0,1,1
2023,16,4,736744257179770880,1689,Adam Thielen,WR,15.4,0,1
2023,16,4,736744257179770880,2749,Raheem Mostert,RB,12.0,1,1
2023,16,4,736744257179770880,8110,Jake Ferguson,TE,8.5,1,1
2023,16,4,736744257179770880,8151,Kenneth Walker,RB,6.6,0,1
2023,16,4,736744257179770880,2133,Davante Adams,WR,1.4,1,1
2023,16,4,736744257179770880,DAL,Dallas Cowboys,DEF,1.25,0,1
2023,16,4,736744257179770880,CIN,Cincinnati Bengals,DEF,0.75,1,1
2023,16,4,736744257179770880,9753,Zach Charbonnet,RB,0.6,0,1
2023,16,4,736744257179770880,5850,Josh Jacobs,RB,0,0,1
2023,16,5,716698629934481408,8137,George Pickens,WR,38.0,0,1
2023,16,5,716698629934481408,7591,Justin Fields,QB,24.5,1,1
2023,16,5,716698629934481408,5119,Jason Sanders,K,22.0,1,1
2023,16,5,716698629934481408,6803,Brandon Aiyuk,WR,17.8,1,1
2023,16,5,716698629934481408,8150,Kyren Williams,RB,16.9,1,1
2023,16,5,716698629934481408,CLE,Cleveland Browns,DEF,11.75,1,1
2023,16,5,716698629934481408,4018,Joe Mixon,RB,9.0,1,1
2023,16,5,716698629934481408,5927,Terry McLaurin,WR,8.0,1,1
2023,16,5,716698629934481408,8112,Drake London,WR,6.9,1,1
2023,16,5,716698629934481408,10859,Sam LaPorta,TE,4.8,1,1
2023,16,5,716698629934481408,9224,Chase Brown,RB,4.4,0,1
2023,16,5,716698629934481408,1426,DeAndre Hopkins,WR,4.0,1,1
2023,16,5,716698629934481408,4080,Zay Jones,WR,0,0,1
2023,16,5,716698629934481408,4950,Christian Kirk,WR,0,0,1
2023,16,5,716698629934481408,5854,Drew Lock,QB,0,0,1
2023,16,5,716698629934481408,7611,Rhamondre Stevenson,RB,0,0,1
2023,16,5,716698629934481408,8154,Brian Robinson,RB,0,0,1
2023,16,6,736740647758938112,8155,Breece Hall,RB,43.1,1,1
2023,16,6,736740647758938112,6801,Tee Higgins,WR,27.0,1,1
2023,16,6,736740647758938112,421,Matthew Stafford,QB,20.72,0,1
2023,16,6,736740647758938112,4195,Jake Elliott,K,17.0,1,1
2023,16,6,736740647758938112,2374,Tyler Lockett,WR,16.1,0,1
2023,16,6,736740647758938112,5892,David Montgomery,RB,14.9,1,1
2023,16,6,736740647758938112,6768,Tua Tagovailoa,QB,14.52,1,1
2023,16,6,736740647758938112,5022,Dallas Goedert,TE,14.1,1,1
2023,16,6,736740647758938112,4039,Cooper Kupp,WR,10.9,1,1
2023,16,6,736740647758938112,DEN,Denver Broncos,DEF,10.5,1,1
2023,16,6,736740647758938112,5947,Jakobi Meyers,WR,7.2,0,1
2023,16,6,736740647758938112,4983,DJ Moore,WR,4.8,1,1
2023,16,6,736740647758938112,8138,James Cook,RB,4.0,1,1
2023,16,6,736740647758938112,11292,Tommy DeVito,QB,2.7,0,1
2023,16,6,736740647758938112,515,Rob Gronkowski,TE,0,0,1
2023,16,7,735974647736213504,4881,Lamar Jackson,QB,22.58,1,1
2023,16,7,735974647736213504,4666,Younghoe Koo,K,19.0,1,1
2023,16,7,735974647736213504,3321,Tyreek Hill,WR,18.9,1,1
2023,16,7,735974647736213504,4199,Aaron Jones,RB,15.0,1,1
2023,16,7,735974647736213504,2711,Taylor Heinicke,QB,13.16,1,1
2023,16,7,735974647736213504,9488,Jaxon Smith-Njigba,WR,12.1,0,1
2023,16,7,735974647736213504,7588,Javonte Williams,RB,10.9,1,1
2023,16,7,735974647736213504,9486,Dontayvion Wicks,WR,10.9,0,1
2023,16,7,735974647736213504,7670,Joshua Palmer,WR,9.7,0,1
2023,16,7,735974647736213504,1466,Travis Kelce,TE,9.4,1,1
2023,16,7,735974647736213504,8143,Jerome Ford,RB,9.3,0,1
2023,16,7,735974647736213504,6011,Gardner Minshew,QB,9.14,0,1
2023,16,7,735974647736213504,7526,Jaylen Waddle,WR,6.2,1,1
2023,16,7,735974647736213504,9226,De'Von Achane,RB,4.1,1,1
2023,16,7,735974647736213504,GB,Green Bay Packers,DEF,1.5,1,1
2023,16,7,735974647736213504,10222,Jayden Reed,WR,0,0,1
2023,16,7,735974647736213504,6819,Michael Pittman,WR,0,0,1
2023,16,8,736803054736822272,2216,Mike Evans,WR,27.6,1,1
2023,16,8,736803054736822272,4981,Calvin Ridley,WR,25.8,1,1
2023,16,8,736803054736822272,4034,Christian McCaffrey,RB,25.6,1,1
2023,16,8,736803054736822272,7066,K.J. Osborn,WR,20.5,0,1
2023,16,8,736803054736822272,4892,Baker Mayfield,QB,20.32,1,1
2023,16,8,736803054736822272,7525,DeVonta Smith,WR,17.9,1,1
2023,16,8,736803054736822272,8121,Romeo Doubs,WR,16.9,0,1
2023,16,8,736803054736822272,4033,David Njoku,TE,16.4,1,1
2023,16,8,736803054736822272,6790,D'Andre Swift,RB,15.2,0,1
2023,16,8,736803054736822272,3163,Jared Goff,QB,14.78,1,1
2023,16,8,736803054736822272,2747,Jason Myers,K,8.0,1,1
2023,16,8,736803054736822272,BUF,Buffalo Bills,DEF,6.25,1,1
2023,16,8,736803054736822272,5967,Tony Pollard,RB,5.3,1,1
2023,16,8,736803054736822272,9754,Quentin Johnston,WR,5.0,0,1
2023,16,8,736803054736822272,8167,Christian Watson,WR,0,0,1
2023,16,8,736803054736822272,IND,Indianapolis Colts,DEF,-2.25,0,1
2023,16,9,710284244835979264,7547,Amon-Ra St. Brown,WR,29.1,1,1
2023,16,9,710284244835979264,6786,CeeDee Lamb,WR,26.2,1,1
2023,16,9,710284244835979264,4984,Josh Allen,QB,25.98,1,1
2023,16,9,710284244835979264,3294,Dak Prescott,QB,18.62,1,1
2023,16,9,710284244835979264,8146,Garrett Wilson,WR,15.8,1,1
2023,16,9,710284244835979264,NYJ,New York Jets,DEF,12.25,1,1
2023,16,9,710284244835979264,7594,Chuba Hubbard,RB,12.1,1,1
2023,16,9,710284244835979264,8205,Isiah Pacheco,RB,10.6,1,1
2023,16,9,710284244835979264,5844,T.J. Hockenson,TE,9.8,1,1
2023,16,9,710284244835979264,PHI,Philadelphia Eagles,DEF,9.25,0,1
2023,16,9,710284244835979264,6820,Clyde Edwards-Helaire,RB,7.8,0,1
2023,16,9,710284244835979264,6783,Jerry Jeudy,WR,7.4,0,1
2023,16,9,710284244835979264,5937,Diontae Johnson,WR,3.5,0,1
2023,16,9,710284244835979264,3199,Michael Thomas,WR,0,0,1
2023,16,9,710284244835979264,6845,Zack Moss,RB,0,0,1
2023,16,9,710284244835979264,7538,Zach Wilson,QB,0,0,1
2023,16,9,710284244835979264,4227,Harrison Butker,K,-1.0,1,1
2023,16,10,475399371639222272,9221,Jahmyr Gibbs,RB,24.0,1,1
2023,16,10,475399371639222272,4217,George Kittle,TE,20.1,1,1
2023,16,10,475399371639222272,4037,Chris Godwin,WR,13.9,0,1
2023,16,10,475399371639222272,8228,Jaylen Warren,RB,10.4,0,1
2023,16,10,475399371639222272,2449,Stefon Diggs,WR,7.9,1,1
2023,16,10,475399371639222272,8230,Ty Chandler,RB,7.7,1,1
2023,16,10,475399371639222272,4234,Noah Brown,WR,6.8,0,1
2023,16,10,475399371639222272,HOU,Houston Texans,DEF,6.25,1,1
2023,16,10,475399371639222272,8119,Jahan Dotson,WR,5.1,0,1
2023,16,10,475399371639222272,8183,Brock Purdy,QB,2.4,1,1
2023,16,10,475399371639222272,1348,Dustin Hopkins,K,2.0,1,1
2023,16,10,475399371639222272,9756,Jordan Addison,WR,1.2,1,1
2023,16,10,475399371639222272,5045,Courtland Sutton,WR,0,1,1
2023,16,10,475399371639222272,9758,C.J. Stroud,QB,0,0,1
2023,16,10,475399371639222272,5987,Alexander Mattison,RB,-0.1,0,1
2023,16,10,475399371639222272,8162,Sam Howell,QB,-1.76,1,1
2023,17,1,608781531883859968,7543,Travis Etienne,RB,27.8,1,1
2023,17,1,608781531883859968,5849,Kyler Murray,QB,23.18,1,1
2023,17,1,608781531883859968,JAX,Jacksonville Jaguars,DEF,20.5,1,1
2023,17,1,608781531883859968,827,Tyrod Taylor,QB,19.26,0,1
2023,17,1,608781531883859968,6813,Jonathan Taylor,RB,16.4,1,1
2023,17,1,608781531883859968,7569,Nico Collins,WR,14.7,1,1
2023,17,1,608781531883859968,6130,Devin Singletary,RB,11.6,0,1
2023,17,1,608781531883859968,11533,Brandon Aubrey,K,11.0,1,1
2023,17,1,608781531883859968,6794,Justin Jefferson,WR,10.9,1,1
2023,17,1,608781531883859968,2505,Darren Waller,TE,10.1,0,1
2023,17,1,608781531883859968,4035,Alvin Kamara,RB,6.9,1,1
2023,17,1,608781531883859968,8676,Rashid Shaheed,WR,3.4,0,1
2023,17,1,608781531883859968,1479,Keenan Allen,WR,0,0,1
2023,17,1,608781531883859968,559,Tim Tebow,TE,0,0,1
2023,17,1,608781531883859968,6826,Cole Kmet,TE,0,1,1
2023,17,1,608781531883859968,9231,Jaren Hall,QB,-0.92,1,1
2023,17,2,736077599457026048,6804,Jordan Love,QB,28.44,0,1
2023,17,2,736077599457026048,10229,Rashee Rice,WR,18.2,1,1
2023,17,2,736077599457026048,8131,Isaiah Likely,TE,18.2,0,1
2023,17,2,736077599457026048,2197,Brandin Cooks,WR,17.0,0,1
2023,17,2,736077599457026048,1373,Geno Smith,QB,16.9,1,1
2023,17,2,736077599457026048,5846,DK Metcalf,WR,16.1,0,1
2023,17,2,736077599457026048,4046,Patrick Mahomes,QB,12.0,1,1
2023,17,2,736077599457026048,6083,Matt Gay,K,12.0,1,1
2023,17,2,736077599457026048,KC,Kansas City Chiefs,DEF,11.0,1,1
2023,17,2,736077599457026048,8130,Trey McBride,TE,10.8,1,1
2023,17,2,736077599457026048,9509,Bijan Robinson,RB,10.6,1,1
2023,17,2,736077599457026048,5859,A.J. Brown,WR,9.3,1,1
2023,17,2,736077599457026048,8144,Chris Olave,WR,5.6,1,1
2023,17,2,736077599457026048,3198,Derrick Henry,RB,4.2,1,1
2023,17,2,736077599457026048,4663,Austin Ekeler,RB,4.0,0,1
2023,17,2,736077599457026048,184,Adrian Peterson,RB,0,0,1
2023,17,3,737091087440674816,4137,James Conner,RB,26.8,1,1
2023,17,3,737091087440674816,7528,Najee Harris,RB,24.7,0,1
2023,17,3,737091087440674816,9997,Zay Flowers,WR,21.6,1,1
2023,17,3,737091087440674816,6111,Jake Browning,QB,21.08,0,1
2023,17,3,737091087440674816,5872,Deebo Samuel,WR,18.2,1,1
2023,17,3,737091087440674816,2028,Derek Carr,QB,15.58,1,1
2023,17,3,737091087440674816,10236,Dalton Kincaid,TE,12.7,0,1
2023,17,3,737091087440674816,SF,San Francisco 49ers,DEF,12.25,1,1
2023,17,3,737091087440674816,4066,Evan Engram,TE,12.0,1,1
2023,17,3,737091087440674816,4866,Saquon Barkley,RB,8.8,1,1
2023,17,3,737091087440674816,9500,Josh Downs,WR,7.3,0,1
2023,17,3,737091087440674816,7564,Ja'Marr Chase,WR,7.1,0,1
2023,17,3,737091087440674816,9508,Tyjae Spears,RB,6.9,0,1
2023,17,3,737091087440674816,7839,Evan McPherson,K,5.0,1,1
2023,17,3,737091087440674816,2309,Amari Cooper,WR,0,1,1
2023,17,3,737091087440674816,7523,Trevor Lawrence,QB,0,1,1
2023,17,4,736744257179770880,2133,Davante Adams,WR,38.1,1,1
2023,17,4,736744257179770880,19,Joe Flacco,QB,21.66,0,1
2023,17,4,736744257179770880,9493,Puka Nacua,WR,19.2,1,1
2023,17,4,736744257179770880,6904,Jalen Hurts,QB,19.18,1,1
2023,17,4,736744257179770880,8151,Kenneth Walker,RB,15.5,0,1
2023,17,4,736744257179770880,3164,Ezekiel Elliott,RB,11.5,1,1
2023,17,4,736744257179770880,1689,Adam Thielen,WR,9.8,0,1
2023,17,4,736744257179770880,9753,Zach Charbonnet,RB,9.1,0,1
2023,17,4,736744257179770880,8136,Rachaad White,RB,8.6,1,1
2023,17,4,736744257179770880,1264,Justin Tucker,K,8.0,1,1
2023,17,4,736744257179770880,8110,Jake Ferguson,TE,7.3,1,1
2023,17,4,736744257179770880,DAL,Dallas Cowboys,DEF,5.25,0,1
2023,17,4,736744257179770880,CIN,Cincinnati Bengals,DEF,3.0,1,1
2023,17,4,736744257179770880,1234,Russell Wilson,QB,0,1,1
2023,17,4,736744257179770880,2749,Raheem Mostert,RB,0,1,1
2023,17,4,736744257179770880,5850,Josh Jacobs,RB,0,0,1
2023,17,5,716698629934481408,8150,Kyren Williams,RB,30.1,1,1
2023,17,5,716698629934481408,6803,Brandon Aiyuk,WR,24.9,1,1
2023,17,5,716698629934481408,7591,Justin Fields,QB,24.22,1,1
2023,17,5,716698629934481408,8137,George Pickens,WR,19.6,0,1
2023,17,5,716698629934481408,4018,Joe Mixon,RB,18.7,1,1
2023,17,5,716698629934481408,5927,Terry McLaurin,WR,16.1,1,1
2023,17,5,716698629934481408,CLE,Cleveland Browns,DEF,16.0,1,1
2023,17,5,716698629934481408,10859,Sam LaPorta,TE,15.4,1,1
2023,17,5,716698629934481408,1426,DeAndre Hopkins,WR,14.2,1,1
2023,17,5,716698629934481408,8154,Brian Robinson,RB,11.6,0,1
2023,17,5,716698629934481408,8112,Drake London,WR,9.6,1,1
2023,17,5,716698629934481408,5119,Jason Sanders,K,7.0,1,1
2023,17,5,716698629934481408,9224,Chase Brown,RB,4.8,0,1
2023,17,5,716698629934481408,4080,Zay Jones,WR,0,0,1
2023,17,5,716698629934481408,4950,Christian Kirk,WR,0,0,1
2023,17,5,716698629934481408,5854,Drew Lock,QB,0,0,1
2023,17,5,716698629934481408,7611,Rhamondre Stevenson,RB,0,0,1
2023,17,6,736740647758938112,4983,DJ Moore,WR,31.4,1,1
2023,17,6,736740647758938112,8155,Breece Hall,RB,27.6,1,1
2023,17,6,736740647758938112,5022,Dallas Goedert,TE,15.7,1,1
2023,17,6,736740647758938112,6768,Tua Tagovailoa,QB,14.88,1,1
2023,17,6,736740647758938112,4039,Cooper Kupp,WR,12.7,1,1
2023,17,6,736740647758938112,421,Matthew Stafford,QB,12.58,1,1
2023,17,6,736740647758938112,5892,David Montgomery,RB,12.5,0,1
2023,17,6,736740647758938112,5947,Jakobi Meyers,WR,11.6,0,1
2023,17,6,736740647758938112,DEN,Denver Broncos,DEF,9.75,1,1
2023,17,6,736740647758938112,4195,Jake Elliott,K,8.0,1,1
2023,17,6,736740647758938112,8138,James Cook,RB,5.4,1,1
2023,17,6,736740647758938112,6801,Tee Higgins,WR,2.9,1,1
2023,17,6,736740647758938112,2374,Tyler Lockett,WR,2.0,0,1
2023,17,6,736740647758938112,11292,Tommy DeVito,QB,0,0,1
2023,17,6,736740647758938112,515,Rob Gronkowski,TE,0,0,1
2023,17,7,735974647736213504,4881,Lamar Jackson,QB,37.34,1,1
2023,17,7,735974647736213504,8143,Jerome Ford,RB,27.6,0,1
2023,17,7,735974647736213504,10222,Jayden Reed,WR,26.9,1,1
2023,17,7,735974647736213504,9226,De'Von Achane,RB,24.2,1,1
2023,17,7,735974647736213504,8139,Zamir White,RB,15.6,0,1
2023,17,7,735974647736213504,4199,Aaron Jones,RB,14.5,1,1
2023,17,7,735974647736213504,6011,Gardner Minshew,QB,14.26,0,1
2023,17,7,735974647736213504,3321,Tyreek Hill,WR,13.6,1,1
2023,17,7,735974647736213504,CHI,Chicago Bears,DEF,13.0,1,1
2023,17,7,735974647736213504,6819,Michael Pittman,WR,9.6,1,1
2023,17,7,735974647736213504,10937,Jake Moody,K,9.0,1,1
2023,17,7,735974647736213504,7588,Javonte Williams,RB,8.8,1,1
2023,17,7,735974647736213504,LAR,Los Angeles Rams,DEF,8.5,0,1
2023,17,7,735974647736213504,9488,Jaxon Smith-Njigba,WR,8.2,0,1
2023,17,7,735974647736213504,1466,Travis Kelce,TE,4.6,1,1
2023,17,7,735974647736213504,7526,Jaylen Waddle,WR,0,0,1
2023,17,7,735974647736213504,9486,Dontayvion Wicks,WR,0,0,1
2023,17,8,736803054736822272,BUF,Buffalo Bills,DEF,19.75,1,1
2023,17,8,736803054736822272,4033,David Njoku,TE,17.9,1,1
2023,17,8,736803054736822272,4892,Baker Mayfield,QB,16.26,1,1
2023,17,8,736803054736822272,4034,Christian McCaffrey,RB,13.1,1,1
2023,17,8,736803054736822272,2747,Jason Myers,K,13.0,1,1
2023,17,8,736803054736822272,3163,Jared Goff,QB,10.84,1,1
2023,17,8,736803054736822272,2216,Mike Evans,WR,10.0,1,1
2023,17,8,736803054736822272,4981,Calvin Ridley,WR,7.9,1,1
2023,17,8,736803054736822272,6790,D'Andre Swift,RB,7.6,1,1
2023,17,8,736803054736822272,7525,DeVonta Smith,WR,6.0,1,1
2023,17,8,736803054736822272,5967,Tony Pollard,RB,5.9,0,1
2023,17,8,736803054736822272,9754,Quentin Johnston,WR,5.9,0,1
2023,17,8,736803054736822272,8121,Romeo Doubs,WR,5.8,0,1
2023,17,8,736803054736822272,IND,Indianapolis Colts,DEF,2.0,0,1
2023,17,8,736803054736822272,7066,K.J. Osborn,WR,0,0,1
2023,17,8,736803054736822272,8167,Christian Watson,WR,0,0,1
2023,17,9,710284244835979264,6786,CeeDee Lamb,WR,42.7,1,1
2023,17,9,710284244835979264,8205,Isiah Pacheco,RB,30.0,1,1
2023,17,9,710284244835979264,4227,Harrison Butker,K,24.0,1,1
2023,17,9,710284244835979264,7547,Amon-Ra St. Brown,WR,22.1,1,1
2023,17,9,710284244835979264,3294,Dak Prescott,QB,20.8,1,1
2023,17,9,710284244835979264,4984,Josh Allen,QB,19.16,1,1
2023,17,9,710284244835979264,7594,Chuba Hubbard,RB,11.1,1,1
2023,17,9,710284244835979264,NYJ,New York Jets,DEF,10.75,0,1
2023,17,9,710284244835979264,5937,Diontae Johnson,WR,10.6,0,1
2023,17,9,710284244835979264,8146,Garrett Wilson,WR,9.9,1,1
2023,17,9,710284244835979264,6783,Jerry Jeudy,WR,8.4,0,1
2023,17,9,710284244835979264,PHI,Philadelphia Eagles,DEF,2.25,1,1
2023,17,9,710284244835979264,7553,Kyle Pitts,TE,1.5,1,1
2023,17,9,710284244835979264,5844,T.J. Hockenson,TE,0,0,1
2023,17,9,710284244835979264,6820,Clyde Edwards-Helaire,RB,0,0,1
2023,17,9,710284244835979264,6845,Zack Moss,RB,0,0,1
2023,17,10,475399371639222272,HOU,Houston Texans,DEF,23.5,1,1
2023,17,10,475399371639222272,8228,Jaylen Warren,RB,19.8,1,1
2023,17,10,475399371639222272,4037,Chris Godwin,WR,17.6,0,1
2023,17,10,475399371639222272,8183,Brock Purdy,QB,17.6,1,1
2023,17,10,475399371639222272,9758,C.J. Stroud,QB,12.92,1,1
2023,17,10,475399371639222272,8230,Ty Chandler,RB,9.4,1,1
2023,17,10,475399371639222272,7042,Tyler Bass,K,9.0,1,1
2023,17,10,475399371639222272,2449,Stefon Diggs,WR,7.1,1,1
2023,17,10,475399371639222272,8162,Sam Howell,QB,6.66,0,1
2023,17,10,475399371639222272,4217,George Kittle,TE,5.9,1,1
2023,17,10,475399371639222272,9756,Jordan Addison,WR,5.8,1,1
2023,17,10,475399371639222272,9221,Jahmyr Gibbs,RB,5.3,1,1
2023,17,10,475399371639222272,5987,Alexander Mattison,RB,5.0,0,1
2023,17,10,475399371639222272,4234,Noah Brown,WR,1.8,0,1
2023,17,10,475399371639222272,5045,Courtland Sutton,WR,0,0,1
2023,17,10,475399371639222272,8119,Jahan Dotson,WR,0,0,1
2023,18,1,608781531883859968,6794,Justin Jefferson,WR,36.5,1,1
2023,18,1,608781531883859968,7569,Nico Collins,WR,36.5,1,1
2023,18,1,608781531883859968,6813,Jonathan Taylor,RB,28.6,1,1
2023,18,1,608781531883859968,5849,Kyler Murray,QB,17.78,1,1
2023,18,1,608781531883859968,827,Tyrod Taylor,QB,16.68,1,1
2023,18,1,608781531883859968,8676,Rashid Shaheed,WR,15.5,0,1
2023,18,1,608781531883859968,7543,Travis Etienne,RB,13.7,1,1
2023,18,1,608781531883859968,6130,Devin Singletary,RB,13.5,0,1
2023,18,1,608781531883859968,2505,Darren Waller,TE,9.5,1,1
2023,18,1,608781531883859968,6826,Cole Kmet,TE,7.1,0,1
2023,18,1,608781531883859968,11533,Brandon Aubrey,K,4.0,1,1
2023,18,1,608781531883859968,JAX,Jacksonville Jaguars,DEF,4.0,1,1
2023,18,1,608781531883859968,1479,Keenan Allen,WR,0,0,1
2023,18,1,608781531883859968,4035,Alvin Kamara,RB,0,1,1
2023,18,1,608781531883859968,559,Tim Tebow,TE,0,0,1
2023,18,1,608781531883859968,9231,Jaren Hall,QB,0,0,1
2023,18,2,736077599457026048,9509,Bijan Robinson,RB,28.1,1,1
2023,18,2,736077599457026048,3198,Derrick Henry,RB,21.8,1,1
2023,18,2,736077599457026048,1373,Geno Smith,QB,20.36,1,1
2023,18,2,736077599457026048,6804,Jordan Love,QB,19.04,0,1
2023,18,2,736077599457026048,2197,Brandin Cooks,WR,16.2,0,1
2023,18,2,736077599457026048,KC,Kansas City Chiefs,DEF,15.25,1,1
2023,18,2,736077599457026048,8144,Chris Olave,WR,14.6,1,1
2023,18,2,736077599457026048,8130,Trey McBride,TE,12.4,1,1
2023,18,2,736077599457026048,BAL,Baltimore Ravens,DEF,12.25,0,1
2023,18,2,736077599457026048,8131,Isaiah Likely,TE,11.1,0,1
2023,18,2,736077599457026048,4663,Austin Ekeler,RB,10.9,0,1
2023,18,2,736077599457026048,6083,Matt Gay,K,9.0,1,1
2023,18,2,736077599457026048,5846,DK Metcalf,WR,2.0,0,1
2023,18,2,736077599457026048,10229,Rashee Rice,WR,0,1,1
2023,18,2,736077599457026048,4046,Patrick Mahomes,QB,0,1,1
2023,18,2,736077599457026048,5859,A.J. Brown,WR,-0.1,1,1
2023,18,3,737091087440674816,4137,James Conner,RB,30.9,1,1
2023,18,3,737091087440674816,2028,Derek Carr,QB,26.16,1,1
2023,18,3,737091087440674816,7528,Najee Harris,RB,24.8,0,1
2023,18,3,737091087440674816,4066,Evan Engram,TE,23.9,1,1
2023,18,3,737091087440674816,4866,Saquon Barkley,RB,23.7,1,1
2023,18,3,737091087440674816,9508,Tyjae Spears,RB,21.6,0,1
2023,18,3,737091087440674816,7523,Trevor Lawrence,QB,17.7,1,1
2023,18,3,737091087440674816,6111,Jake Browning,QB,17.04,0,1
2023,18,3,737091087440674816,10236,Dalton Kincaid,TE,15.4,0,1
2023,18,3,737091087440674816,7839,Evan McPherson,K,8.0,1,1
2023,18,3,737091087440674816,9500,Josh Downs,WR,7.8,0,1
2023,18,3,737091087440674816,SF,San Francisco 49ers,DEF,6.5,1,1
2023,18,3,737091087440674816,7564,Ja'Marr Chase,WR,5.9,0,1
2023,18,3,737091087440674816,5872,Deebo Samuel,WR,5.2,1,1
2023,18,3,737091087440674816,2309,Amari Cooper,WR,0,1,1
2023,18,3,737091087440674816,9997,Zay Flowers,WR,0,1,1
2023,18,4,736744257179770880,DAL,Dallas Cowboys,DEF,18.5,0,1
2023,18,4,736744257179770880,2133,Davante Adams,WR,15.6,1,1
2023,18,4,736744257179770880,9493,Puka Nacua,WR,14.1,1,1
2023,18,4,736744257179770880,8136,Rachaad White,RB,13.3,1,1
2023,18,4,736744257179770880,3164,Ezekiel Elliott,RB,13.1,1,1
2023,18,4,736744257179770880,8110,Jake Ferguson,TE,12.9,1,1
2023,18,4,736744257179770880,CIN,Cincinnati Bengals,DEF,11.25,1,1
2023,18,4,736744257179770880,8151,Kenneth Walker,RB,9.1,0,1
2023,18,4,736744257179770880,9753,Zach Charbonnet,RB,8.0,0,1
2023,18,4,736744257179770880,1264,Justin Tucker,K,4.0,1,1
2023,18,4,736744257179770880,1689,Adam Thielen,WR,3.2,0,1
2023,18,4,736744257179770880,6904,Jalen Hurts,QB,0.6,1,1
2023,18,4,736744257179770880,1234,Russell Wilson,QB,0,1,1
2023,18,4,736744257179770880,19,Joe Flacco,QB,0,0,1
2023,18,4,736744257179770880,2749,Raheem Mostert,RB,0,1,1
2023,18,4,736744257179770880,5850,Josh Jacobs,RB,0,0,1
2023,18,5,716698629934481408,4018,Joe Mixon,RB,25.2,1,1
2023,18,5,716698629934481408,1426,DeAndre Hopkins,WR,17.6,1,1
2023,18,5,716698629934481408,10859,Sam LaPorta,TE,13.9,1,1
2023,18,5,716698629934481408,5927,Terry McLaurin,WR,11.6,1,1
2023,18,5,716698629934481408,4080,Zay Jones,WR,10.7,0,1
2023,18,5,716698629934481408,8154,Brian Robinson,RB,10.5,0,1
2023,18,5,716698629934481408,7591,Justin Fields,QB,8.62,1,1
2023,18,5,716698629934481408,8112,Drake London,WR,8.1,1,1
2023,18,5,716698629934481408,9224,Chase Brown,RB,6.3,0,1
2023,18,5,716698629934481408,CLE,Cleveland Browns,DEF,6.25,1,1
2023,18,5,716698629934481408,6803,Brandon Aiyuk,WR,5.5,1,1
2023,18,5,716698629934481408,5119,Jason Sanders,K,2.0,1,1
2023,18,5,716698629934481408,8137,George Pickens,WR,0.3,0,1
2023,18,5,716698629934481408,4950,Christian Kirk,WR,0,0,1
2023,18,5,716698629934481408,7611,Rhamondre Stevenson,RB,0,0,1
2023,18,5,716698629934481408,8150,Kyren Williams,RB,0,1,1
2023,18,6,736740647758938112,8155,Breece Hall,RB,31.0,1,1
2023,18,6,736740647758938112,5947,Jakobi Meyers,WR,21.6,0,1
2023,18,6,736740647758938112,2374,Tyler Lockett,WR,17.1,0,1
2023,18,6,736740647758938112,4983,DJ Moore,WR,10.4,1,1
2023,18,6,736740647758938112,5892,David Montgomery,RB,10.0,0,1
2023,18,6,736740647758938112,8138,James Cook,RB,8.2,1,1
2023,18,6,736740647758938112,6768,Tua Tagovailoa,QB,7.62,1,1
2023,18,6,736740647758938112,4195,Jake Elliott,K,4.0,1,1
2023,18,6,736740647758938112,DEN,Denver Broncos,DEF,3.25,1,1
2023,18,6,736740647758938112,5022,Dallas Goedert,TE,1.4,1,1
2023,18,6,736740647758938112,11292,Tommy DeVito,QB,0.56,0,1
2023,18,6,736740647758938112,4039,Cooper Kupp,WR,0,1,1
2023,18,6,736740647758938112,421,Matthew Stafford,QB,0,1,1
2023,18,6,736740647758938112,515,Rob Gronkowski,TE,0,0,1
2023,18,6,736740647758938112,6801,Tee Higgins,WR,0,1,1
2023,18,7,735974647736213504,9486,Dontayvion Wicks,WR,24.1,0,1
2023,18,7,735974647736213504,3321,Tyreek Hill,WR,21.2,1,1
2023,18,7,735974647736213504,7588,Javonte Williams,RB,20.5,1,1
2023,18,7,735974647736213504,4199,Aaron Jones,RB,19.6,1,1
2023,18,7,735974647736213504,10222,Jayden Reed,WR,15.7,1,1
2023,18,7,735974647736213504,8139,Zamir White,RB,13.6,0,1
2023,18,7,735974647736213504,9226,De'Von Achane,RB,13.1,1,1
2023,18,7,735974647736213504,6011,Gardner Minshew,QB,8.54,0,1
2023,18,7,735974647736213504,6819,Michael Pittman,WR,7.4,1,1
2023,18,7,735974647736213504,LAR,Los Angeles Rams,DEF,6.25,0,1
2023,18,7,735974647736213504,8143,Jerome Ford,RB,5.2,0,1
2023,18,7,735974647736213504,9488,Jaxon Smith-Njigba,WR,4.4,0,1
2023,18,7,735974647736213504,CHI,Chicago Bears,DEF,0.75,1,1
2023,18,7,735974647736213504,1466,Travis Kelce,TE,0,1,1
2023,18,7,735974647736213504,4881,Lamar Jackson,QB,0,1,1
2023,18,7,735974647736213504,7526,Jaylen Waddle,WR,0,0,1
2023,18,7,735974647736213504,10937,Jake Moody,K,-2.0,1,1
2023,18,8,736803054736822272,4981,Calvin Ridley,WR,24.6,1,1
2023,18,8,736803054736822272,3163,Jared Goff,QB,21.8,1,1
2023,18,8,736803054736822272,5967,Tony Pollard,RB,16.6,0,1
2023,18,8,736803054736822272,BUF,Buffalo Bills,DEF,15.25,1,1
2023,18,8,736803054736822272,2747,Jason Myers,K,7.0,1,1
2023,18,8,736803054736822272,4892,Baker Mayfield,QB,6.18,1,1
2023,18,8,736803054736822272,2216,Mike Evans,WR,5.2,1,1
2023,18,8,736803054736822272,IND,Indianapolis Colts,DEF,4.5,0,1
2023,18,8,736803054736822272,9754,Quentin Johnston,WR,4.3,0,1
2023,18,8,736803054736822272,7066,K.J. Osborn,WR,2.9,0,1
2023,18,8,736803054736822272,4033,David Njoku,TE,0,1,1
2023,18,8,736803054736822272,4034,Christian McCaffrey,RB,0,1,1
2023,18,8,736803054736822272,6790,D'Andre Swift,RB,0,1,1
2023,18,8,736803054736822272,7525,DeVonta Smith,WR,0,1,1
2023,18,8,736803054736822272,8121,Romeo Doubs,WR,0,0,1
2023,18,8,736803054736822272,8167,Christian Watson,WR,0,0,1
2023,18,9,710284244835979264,6786,CeeDee Lamb,WR,35.5,1,1
2023,18,9,710284244835979264,7547,Amon-Ra St. Brown,WR,29.4,1,1
2023,18,9,710284244835979264,3294,Dak Prescott,QB,25.66,1,1
2023,18,9,710284244835979264,4984,Josh Allen,QB,23.56,1,1
2023,18,9,710284244835979264,NYJ,New York Jets,DEF,22.75,0,1
2023,18,9,710284244835979264,5937,Diontae Johnson,WR,20.4,0,1
2023,18,9,710284244835979264,6783,Jerry Jeudy,WR,16.9,0,1
2023,18,9,710284244835979264,7594,Chuba Hubbard,RB,11.2,1,1
2023,18,9,710284244835979264,4227,Harrison Butker,K,8.0,1,1
2023,18,9,710284244835979264,8146,Garrett Wilson,WR,5.4,1,1
2023,18,9,710284244835979264,7553,Kyle Pitts,TE,4.7,1,1
2023,18,9,710284244835979264,6845,Zack Moss,RB,3.0,0,1
2023,18,9,710284244835979264,6820,Clyde Edwards-Helaire,RB,2.0,0,1
2023,18,9,710284244835979264,PHI,Philadelphia Eagles,DEF,1.5,1,1
2023,18,9,710284244835979264,5844,T.J. Hockenson,TE,0,0,1
2023,18,9,710284244835979264,8205,Isiah Pacheco,RB,0,1,1
2023,18,10,475399371639222272,9758,C.J. Stroud,QB,21.56,1,1
2023,18,10,475399371639222272,9756,Jordan Addison,WR,16.2,1,1
2023,18,10,475399371639222272,2449,Stefon Diggs,WR,15.7,1,1
2023,18,10,475399371639222272,4037,Chris Godwin,WR,11.5,0,1
2023,18,10,475399371639222272,8230,Ty Chandler,RB,10.9,1,1
2023,18,10,475399371639222272,9221,Jahmyr Gibbs,RB,9.0,1,1
2023,18,10,475399371639222272,8162,Sam Howell,QB,7.42,0,1
2023,18,10,475399371639222272,8228,Jaylen Warren,RB,7.0,1,1
2023,18,10,475399371639222272,HOU,Houston Texans,DEF,4.75,1,1
2023,18,10,475399371639222272,5987,Alexander Mattison,RB,3.9,0,1
2023,18,10,475399371639222272,8119,Jahan Dotson,WR,3.7,0,1
2023,18,10,475399371639222272,7042,Tyler Bass,K,3.0,1,1
2023,18,10,475399371639222272,5045,Courtland Sutton,WR,1.2,0,1
2023,18,10,475399371639222272,4217,George Kittle,TE,0,1,1
2023,18,10,475399371639222272,4234,Noah Brown,WR,0,0,1
2023,18,10,475399371639222272,8183,Brock Purdy,QB,0,1,1
2024,1,1,608781531883859968,8148,Jameson Williams,WR,26.4,0,0
2024,1,1,608781531883859968,4035,Alvin Kamara,RB,22.0,1,0
2024,1,1,608781531883859968,5967,Tony Pollard,RB,18.4,0,0
2024,1,1,608781531883859968,9509,Bijan Robinson,RB,16.1,1,0
2024,1,1,608781531883859968,SEA,Seattle Seahawks,DEF,14.5,1,0
2024,1,1,608781531883859968,5849,Kyler Murray,QB,14.18,1,0
2024,1,1,608781531883859968,7564,Ja'Marr Chase,WR,12.2,1,0
2024,1,1,608781531883859968,11632,Malik Nabers,WR,11.6,1,0
2024,1,1,608781531883859968,7523,Trevor Lawrence,QB,11.28,1,0
2024,1,1,608781531883859968,2133,Davante Adams,WR,10.9,1,0
2024,1,1,608781531883859968,7042,Tyler Bass,K,10.0,1,0
2024,1,1,608781531883859968,8130,Trey McBride,TE,8.0,1,0
2024,1,1,608781531883859968,7670,Joshua Palmer,WR,3.5,0,0
2024,1,1,608781531883859968,7588,Javonte Williams,RB,3.3,0,0
2024,1,1,608781531883859968,11625,Adonai Mitchell,WR,1.2,0,0
2024,1,1,608781531883859968,11620,Rome Odunze,WR,1.1,0,0
2024,1,1,608781531883859968,11565,J.J. McCarthy,QB,0,0,0
2024,1,2,736077599457026048,4866,Saquon Barkley,RB,33.7,1,0
2024,1,2,736077599457026048,4984,Josh Allen,QB,31.18,1,0
2024,1,2,736077599457026048,CHI,Chicago Bears,DEF,28.75,1,0
2024,1,2,736077599457026048,6806,J.K. Dobbins,RB,23.4,0,0
2024,1,2,736077599457026048,11533,Brandon Aubrey,K,21.0,1,0
2024,1,2,736077599457026048,4137,James Conner,RB,19.3,0,0
2024,1,2,736077599457026048,7569,Nico Collins,WR,18.2,1,0
2024,1,2,736077599457026048,10229,Rashee Rice,WR,17.8,1,0
2024,1,2,736077599457026048,6804,Jordan Love,QB,17.4,1,0
2024,1,2,736077599457026048,7526,Jaylen Waddle,WR,16.7,1,0
2024,1,2,736077599457026048,11631,Brian Thomas,WR,14.7,0,0
2024,1,2,736077599457026048,7591,Justin Fields,QB,10.94,0,0
2024,1,2,736077599457026048,6813,Jonathan Taylor,RB,10.8,1,0
2024,1,2,736077599457026048,4033,David Njoku,TE,8.4,1,0
2024,1,2,736077599457026048,9756,Jordan Addison,WR,6.5,0,0
2024,1,2,736077599457026048,9224,Chase Brown,RB,5.3,0,0
2024,1,3,737091087440674816,4018,Joe Mixon,RB,27.3,1,0
2024,1,3,737091087440674816,DAL,Dallas Cowboys,DEF,23.0,1,0
2024,1,3,737091087440674816,8408,Jordan Mason,RB,22.7,1,0
2024,1,3,737091087440674816,4037,Chris Godwin,WR,22.3,0,0
2024,1,3,737091087440674816,11624,Xavier Worthy,WR,20.8,0,0
2024,1,3,737091087440674816,6768,Tua Tagovailoa,QB,19.62,1,0
2024,1,3,737091087440674816,4199,Aaron Jones,RB,18.9,1,0
2024,1,3,737091087440674816,1373,Geno Smith,QB,17.84,0,0
2024,1,3,737091087440674816,8137,George Pickens,WR,13.5,1,0
2024,1,3,737091087440674816,6770,Joe Burrow,QB,7.06,1,0
2024,1,3,737091087440674816,1479,Keenan Allen,WR,6.9,0,0
2024,1,3,737091087440674816,7839,Evan McPherson,K,6.0,1,0
2024,1,3,737091087440674816,5846,DK Metcalf,WR,5.9,1,0
2024,1,3,737091087440674816,10236,Dalton Kincaid,TE,2.1,1,0
2024,1,3,737091087440674816,11586,Blake Corum,RB,0,0,0
2024,1,3,737091087440674816,4034,Christian McCaffrey,RB,0,0,0
2024,1,3,737091087440674816,4988,Nick Chubb,RB,0,0,0
2024,1,4,736744257179770880,4039,Cooper Kupp,WR,32.5,1,0
2024,1,4,736744257179770880,8154,Brian Robinson,RB,17.9,0,0
2024,1,4,736744257179770880,9221,Jahmyr Gibbs,RB,17.4,1,0
2024,1,4,736744257179770880,8136,Rachaad White,RB,16.6,1,0
2024,1,4,736744257179770880,4046,Patrick Mahomes,QB,15.14,1,0
2024,1,4,736744257179770880,4217,George Kittle,TE,8.0,1,0
2024,1,4,736744257179770880,1689,Adam Thielen,WR,7.9,0,0
2024,1,4,736744257179770880,11560,Caleb Williams,QB,6.22,1,0
2024,1,4,736744257179770880,1264,Justin Tucker,K,6.0,1,0
2024,1,4,736744257179770880,4950,Christian Kirk,WR,4.0,1,0
2024,1,4,736744257179770880,8228,Jaylen Warren,RB,4.0,0,0
2024,1,4,736744257179770880,5927,Terry McLaurin,WR,3.7,0,0
2024,1,4,736744257179770880,8144,Chris Olave,WR,3.1,1,0
2024,1,4,736744257179770880,BAL,Baltimore Ravens,DEF,2.5,1,0
2024,1,4,736744257179770880,1426,DeAndre Hopkins,WR,1.8,0,0
2024,1,4,736744257179770880,6826,Cole Kmet,TE,1.4,0,0
2024,1,5,716698629934481408,10222,Jayden Reed,WR,35.1,1,0
2024,1,5,716698629934481408,9229,Anthony Richardson,QB,28.08,1,0
2024,1,5,716698629934481408,8151,Kenneth Walker,RB,19.4,1,0
2024,1,5,716698629934481408,NO,New Orleans Saints,DEF,18.5,1,0
2024,1,5,716698629934481408,3163,Jared Goff,QB,12.38,1,0
2024,1,5,716698629934481408,7543,Travis Etienne,RB,11.9,1,0
2024,1,5,716698629934481408,4017,Deshaun Watson,QB,9.66,0,0
2024,1,5,716698629934481408,6130,Devin Singletary,RB,9.2,0,0
2024,1,5,716698629934481408,11637,Keon Coleman,WR,9.1,0,0
2024,1,5,716698629934481408,10859,Sam LaPorta,TE,8.5,1,0
2024,1,5,716698629934481408,8139,Zamir White,RB,4.6,0,0
2024,1,5,716698629934481408,7547,Amon-Ra St. Brown,WR,4.3,1,0
2024,1,5,716698629934481408,4666,Younghoe Koo,K,4.0,1,0
2024,1,5,716698629934481408,4082,Curtis Samuel,WR,3.5,0,0
2024,1,5,716698629934481408,8112,Drake London,WR,3.5,1,0
2024,1,5,716698629934481408,6801,Tee Higgins,WR,0,0,0
2024,1,6,736740647758938112,3321,Tyreek Hill,WR,28.0,1,0
2024,1,6,736740647758938112,5859,A.J. Brown,WR,24.9,1,0
2024,1,6,736740647758938112,2449,Stefon Diggs,WR,21.9,1,0
2024,1,6,736740647758938112,5892,David Montgomery,RB,16.3,1,0
2024,1,6,736740647758938112,421,Matthew Stafford,QB,15.18,1,0
2024,1,6,736740647758938112,8138,James Cook,RB,13.3,1,0
2024,1,6,736740647758938112,11604,Brock Bowers,TE,11.8,0,0
2024,1,6,736740647758938112,4663,Austin Ekeler,RB,10.2,0,0
2024,1,6,736740647758938112,4983,DJ Moore,WR,10.0,0,0
2024,1,6,736740647758938112,9228,Bryce Young,QB,9.64,0,0
2024,1,6,736740647758938112,4227,Harrison Butker,K,9.0,1,0
2024,1,6,736740647758938112,8121,Romeo Doubs,WR,9.0,0,0
2024,1,6,736740647758938112,96,Aaron Rodgers,QB,8.58,1,0
2024,1,6,736740647758938112,1466,Travis Kelce,TE,6.4,1,0
2024,1,6,736740647758938112,CLE,Cleveland Browns,DEF,6.25,1,0
2024,1,6,736740647758938112,5248,Gus Edwards,RB,3.8,0,0
2024,1,7,735974647736213504,4881,Lamar Jackson,QB,26.12,1,0
2024,1,7,735974647736213504,11566,Jayden Daniels,QB,25.16,1,0
2024,1,7,735974647736213504,8143,Jerome Ford,RB,18.9,1,0
2024,1,7,735974647736213504,9997,Zay Flowers,WR,11.1,0,0
2024,1,7,735974647736213504,3198,Derrick Henry,RB,10.6,1,0
2024,1,7,735974647736213504,2747,Jason Myers,K,10.0,1,0
2024,1,7,735974647736213504,9493,Puka Nacua,WR,8.2,1,0
2024,1,7,735974647736213504,11626,Xavier Legette,WR,7.5,0,0
2024,1,7,735974647736213504,6819,Michael Pittman,WR,7.1,1,0
2024,1,7,735974647736213504,CIN,Cincinnati Bengals,DEF,5.75,1,0
2024,1,7,735974647736213504,8110,Jake Ferguson,TE,4.5,1,0
2024,1,7,735974647736213504,11589,Trey Benson,RB,2.8,0,0
2024,1,7,735974647736213504,5133,Tyler Conklin,TE,1.6,0,0
2024,1,7,735974647736213504,11628,Marvin Harrison,WR,1.4,1,0
2024,1,7,735974647736213504,11564,Drake Maye,QB,0,0,0
2024,1,7,735974647736213504,11583,Jonathon Brooks,RB,0,0,0
2024,1,7,735974647736213504,5844,T.J. Hockenson,TE,0,0,0
2024,1,7,735974647736213504,5848,Marquise Brown,WR,0,0,0
2024,1,8,736803054736822272,2216,Mike Evans,WR,23.1,1,0
2024,1,8,736803054736822272,6794,Justin Jefferson,WR,15.9,1,0
2024,1,8,736803054736822272,7525,DeVonta Smith,WR,15.4,1,0
2024,1,8,736803054736822272,11635,Ladd McConkey,WR,14.9,0,0
2024,1,8,736803054736822272,6845,Zack Moss,RB,14.1,0,0
2024,1,8,736803054736822272,11563,Bo Nix,QB,11.52,0,0
2024,1,8,736803054736822272,6783,Jerry Jeudy,WR,11.5,0,0
2024,1,8,736803054736822272,5850,Josh Jacobs,RB,11.4,1,0
2024,1,8,736803054736822272,3294,Dak Prescott,QB,10.46,1,0
2024,1,8,736803054736822272,6797,Justin Herbert,QB,10.36,1,0
2024,1,8,736803054736822272,4195,Jake Elliott,K,10.0,1,0
2024,1,8,736803054736822272,7528,Najee Harris,RB,8.9,1,0
2024,1,8,736803054736822272,BUF,Buffalo Bills,DEF,8.0,1,0
2024,1,8,736803054736822272,9488,Jaxon Smith-Njigba,WR,3.9,0,0
2024,1,8,736803054736822272,4066,Evan Engram,TE,1.5,1,0
2024,1,8,736803054736822272,9486,Dontayvion Wicks,WR,0,0,0
2024,1,9,710284244835979264,4892,Baker Mayfield,QB,29.66,1,0
2024,1,9,710284244835979264,3451,Ka'imi Fairbairn,K,17.0,1,0
2024,1,9,710284244835979264,6904,Jalen Hurts,QB,16.42,1,0
2024,1,9,710284244835979264,8205,Isiah Pacheco,RB,15.8,1,0
2024,1,9,710284244835979264,8150,Kyren Williams,RB,14.4,1,0
2024,1,9,710284244835979264,2374,Tyler Lockett,WR,13.7,0,0
2024,1,9,710284244835979264,8146,Garrett Wilson,WR,12.0,1,0
2024,1,9,710284244835979264,8167,Christian Watson,WR,10.3,0,0
2024,1,9,710284244835979264,5045,Courtland Sutton,WR,7.8,0,0
2024,1,9,710284244835979264,9508,Tyjae Spears,RB,7.2,0,0
2024,1,9,710284244835979264,1166,Kirk Cousins,QB,6.2,0,0
2024,1,9,710284244835979264,6790,D'Andre Swift,RB,5.0,1,0
2024,1,9,710284244835979264,6803,Brandon Aiyuk,WR,4.8,1,0
2024,1,9,710284244835979264,5937,Diontae Johnson,WR,3.9,0,0
2024,1,9,710284244835979264,5012,Mark Andrews,TE,3.4,1,0
2024,1,9,710284244835979264,NYJ,New York Jets,DEF,-1.25,1,0
2024,1,10,475399371639222272,9226,De'Von Achane,RB,23.0,1,0
2024,1,10,475399371639222272,7611,Rhamondre Stevenson,RB,21.1,0,0
2024,1,10,475399371639222272,5872,Deebo Samuel,WR,18.7,1,0
2024,1,10,475399371639222272,9758,C.J. Stroud,QB,18.66,1,0
2024,1,10,475399371639222272,8155,Breece Hall,RB,18.3,1,0
2024,1,10,475399371639222272,6786,CeeDee Lamb,WR,13.6,1,0
2024,1,10,475399371639222272,3164,Ezekiel Elliott,RB,12.9,0,0
2024,1,10,475399371639222272,7553,Kyle Pitts,TE,11.6,1,0
2024,1,10,475399371639222272,8183,Brock Purdy,QB,10.34,1,0
2024,1,10,475399371639222272,SF,San Francisco 49ers,DEF,10.25,1,0
2024,1,10,475399371639222272,9502,Tank Dell,WR,8.9,0,0
2024,1,10,475399371639222272,4981,Calvin Ridley,WR,8.0,0,0
2024,1,10,475399371639222272,5119,Jason Sanders,K,7.0,1,0
2024,1,10,475399371639222272,9999,Will Levis,QB,6.68,0,0
2024,1,10,475399371639222272,2749,Raheem Mostert,RB,3.9,0,0
2024,1,10,475399371639222272,2309,Amari Cooper,WR,3.6,1,0
2024,2,1,608781531883859968,4035,Alvin Kamara,RB,46.0,1,0
2024,2,1,608781531883859968,5849,Kyler Murray,QB,29.54,1,0
2024,2,1,608781531883859968,11632,Malik Nabers,WR,29.2,1,0
2024,2,1,608781531883859968,2133,Davante Adams,WR,26.5,1,0
2024,2,1,608781531883859968,8130,Trey McBride,TE,18.7,1,0
2024,2,1,608781531883859968,9509,Bijan Robinson,RB,16.2,1,0
2024,2,1,608781531883859968,5967,Tony Pollard,RB,15.2,0,0
2024,2,1,608781531883859968,8148,Jameson Williams,WR,14.4,0,0
2024,2,1,608781531883859968,7523,Trevor Lawrence,QB,12.3,1,0
2024,2,1,608781531883859968,7588,Javonte Williams,RB,11.5,0,0
2024,2,1,608781531883859968,SEA,Seattle Seahawks,DEF,8.75,1,0
2024,2,1,608781531883859968,7564,Ja'Marr Chase,WR,7.5,1,0
2024,2,1,608781531883859968,11620,Rome Odunze,WR,5.3,0,0
2024,2,1,608781531883859968,10937,Jake Moody,K,5.0,1,0
2024,2,1,608781531883859968,11625,Adonai Mitchell,WR,4.0,0,0
2024,2,1,608781531883859968,7670,Joshua Palmer,WR,3.9,0,0
2024,2,1,608781531883859968,11565,J.J. McCarthy,QB,0,0,0
2024,2,2,736077599457026048,7569,Nico Collins,WR,28.0,1,0
2024,2,2,736077599457026048,6806,J.K. Dobbins,RB,21.1,0,0
2024,2,2,736077599457026048,10229,Rashee Rice,WR,19.0,1,0
2024,2,2,736077599457026048,4137,James Conner,RB,18.9,0,0
2024,2,2,736077599457026048,4866,Saquon Barkley,RB,17.6,1,0
2024,2,2,736077599457026048,11533,Brandon Aubrey,K,17.0,1,0
2024,2,2,736077599457026048,6813,Jonathan Taylor,RB,15.0,1,0
2024,2,2,736077599457026048,PIT,Pittsburgh Steelers,DEF,15.0,1,0
2024,2,2,736077599457026048,11631,Brian Thomas,WR,11.4,0,0
2024,2,2,736077599457026048,7591,Justin Fields,QB,10.38,1,0
2024,2,2,736077599457026048,4984,Josh Allen,QB,8.76,1,0
2024,2,2,736077599457026048,7526,Jaylen Waddle,WR,8.5,1,0
2024,2,2,736077599457026048,8131,Isaiah Likely,TE,4.6,1,0
2024,2,2,736077599457026048,9224,Chase Brown,RB,3.1,0,0
2024,2,2,736077599457026048,6804,Jordan Love,QB,0,0,0
2024,2,2,736077599457026048,9756,Jordan Addison,WR,0,0,0
2024,2,3,737091087440674816,5846,DK Metcalf,WR,30.9,0,0
2024,2,3,737091087440674816,4037,Chris Godwin,WR,25.7,1,0
2024,2,3,737091087440674816,1373,Geno Smith,QB,19.38,0,0
2024,2,3,737091087440674816,8408,Jordan Mason,RB,16.9,1,0
2024,2,3,737091087440674816,6770,Joe Burrow,QB,16.22,1,0
2024,2,3,737091087440674816,7839,Evan McPherson,K,15.0,1,0
2024,2,3,737091087440674816,4199,Aaron Jones,RB,9.8,1,0
2024,2,3,737091087440674816,4018,Joe Mixon,RB,8.0,1,0
2024,2,3,737091087440674816,10236,Dalton Kincaid,TE,7.3,1,0
2024,2,3,737091087440674816,6768,Tua Tagovailoa,QB,5.5,1,0
2024,2,3,737091087440674816,8137,George Pickens,WR,4.9,1,0
2024,2,3,737091087440674816,11624,Xavier Worthy,WR,4.2,0,0
2024,2,3,737091087440674816,11586,Blake Corum,RB,2.8,0,0
2024,2,3,737091087440674816,1479,Keenan Allen,WR,0,0,0
2024,2,3,737091087440674816,4034,Christian McCaffrey,RB,0,0,0
2024,2,3,737091087440674816,4988,Nick Chubb,RB,0,0,0
2024,2,3,737091087440674816,DAL,Dallas Cowboys,DEF,-2.25,1,0
2024,2,4,736744257179770880,4217,George Kittle,TE,20.6,1,0
2024,2,4,736744257179770880,9221,Jahmyr Gibbs,RB,17.6,1,0
2024,2,4,736744257179770880,8154,Brian Robinson,RB,15.1,1,0
2024,2,4,736744257179770880,4046,Patrick Mahomes,QB,12.94,1,0
2024,2,4,736744257179770880,8144,Chris Olave,WR,12.8,1,0
2024,2,4,736744257179770880,1264,Justin Tucker,K,11.0,1,0
2024,2,4,736744257179770880,BAL,Baltimore Ravens,DEF,10.25,1,0
2024,2,4,736744257179770880,5927,Terry McLaurin,WR,8.2,0,0
2024,2,4,736744257179770880,8228,Jaylen Warren,RB,8.1,0,0
2024,2,4,736744257179770880,4039,Cooper Kupp,WR,7.7,1,0
2024,2,4,736744257179770880,11560,Caleb Williams,QB,7.36,1,0
2024,2,4,736744257179770880,6826,Cole Kmet,TE,6.7,0,0
2024,2,4,736744257179770880,1689,Adam Thielen,WR,4.0,0,0
2024,2,4,736744257179770880,8136,Rachaad White,RB,3.3,0,0
2024,2,4,736744257179770880,1426,DeAndre Hopkins,WR,1.9,0,0
2024,2,4,736744257179770880,4950,Christian Kirk,WR,0.9,1,0
2024,2,5,716698629934481408,7547,Amon-Ra St. Brown,WR,23.4,1,0
2024,2,5,716698629934481408,9753,Zach Charbonnet,RB,17.9,1,0
2024,2,5,716698629934481408,8112,Drake London,WR,17.4,1,0
2024,2,5,716698629934481408,4017,Deshaun Watson,QB,15.44,0,0
2024,2,5,716698629934481408,7543,Travis Etienne,RB,14.8,1,0
2024,2,5,716698629934481408,6130,Devin Singletary,RB,14.5,0,0
2024,2,5,716698629934481408,4666,Younghoe Koo,K,10.0,1,0
2024,2,5,716698629934481408,3163,Jared Goff,QB,9.28,1,0
2024,2,5,716698629934481408,9229,Anthony Richardson,QB,7.86,1,0
2024,2,5,716698629934481408,JAX,Jacksonville Jaguars,DEF,6.5,1,0
2024,2,5,716698629934481408,10222,Jayden Reed,WR,5.6,1,0
2024,2,5,716698629934481408,10859,Sam LaPorta,TE,3.3,1,0
2024,2,5,716698629934481408,4082,Curtis Samuel,WR,1.3,0,0
2024,2,5,716698629934481408,11637,Keon Coleman,WR,0,0,0
2024,2,5,716698629934481408,6801,Tee Higgins,WR,0,0,0
2024,2,5,716698629934481408,8151,Kenneth Walker,RB,0,0,0
2024,2,6,736740647758938112,8138,James Cook,RB,29.0,1,0
2024,2,6,736740647758938112,11604,Brock Bowers,TE,18.8,0,0
2024,2,6,736740647758938112,5892,David Montgomery,RB,17.0,1,0
2024,2,6,736740647758938112,96,Aaron Rodgers,QB,15.14,1,0
2024,2,6,736740647758938112,4663,Austin Ekeler,RB,11.5,0,0
2024,2,6,736740647758938112,4983,DJ Moore,WR,11.3,1,0
2024,2,6,736740647758938112,CLE,Cleveland Browns,DEF,9.5,1,0
2024,2,6,736740647758938112,8121,Romeo Doubs,WR,9.2,0,0
2024,2,6,736740647758938112,4227,Harrison Butker,K,9.0,1,0
2024,2,6,736740647758938112,2449,Stefon Diggs,WR,7.7,1,0
2024,2,6,736740647758938112,421,Matthew Stafford,QB,6.64,1,0
2024,2,6,736740647758938112,3321,Tyreek Hill,WR,6.6,1,0
2024,2,6,736740647758938112,5248,Gus Edwards,RB,5.9,0,0
2024,2,6,736740647758938112,9228,Bryce Young,QB,1.96,0,0
2024,2,6,736740647758938112,1466,Travis Kelce,TE,1.6,1,0
2024,2,6,736740647758938112,5859,A.J. Brown,WR,0,0,0
2024,2,7,735974647736213504,11628,Marvin Harrison,WR,31.0,1,0
2024,2,7,735974647736213504,9997,Zay Flowers,WR,22.1,1,0
2024,2,7,735974647736213504,3198,Derrick Henry,RB,16.6,1,0
2024,2,7,735974647736213504,4881,Lamar Jackson,QB,16.38,1,0
2024,2,7,735974647736213504,LAC,Los Angeles Chargers,DEF,15.5,1,0
2024,2,7,735974647736213504,11566,Jayden Daniels,QB,13.44,1,0
2024,2,7,735974647736213504,8143,Jerome Ford,RB,7.4,1,0
2024,2,7,735974647736213504,11058,Blake Grupe,K,7.0,1,0
2024,2,7,735974647736213504,5022,Dallas Goedert,TE,6.8,1,0
2024,2,7,735974647736213504,6819,Michael Pittman,WR,5.1,1,0
2024,2,7,735974647736213504,11589,Trey Benson,RB,2.7,0,0
2024,2,7,735974647736213504,11584,Bucky Irving,RB,2.2,0,0
2024,2,7,735974647736213504,11583,Jonathon Brooks,RB,0,0,0
2024,2,7,735974647736213504,4033,David Njoku,TE,0,0,0
2024,2,7,735974647736213504,5844,T.J. Hockenson,TE,0,0,0
2024,2,7,735974647736213504,8110,Jake Ferguson,TE,0,0,0
2024,2,7,735974647736213504,9493,Puka Nacua,WR,0,0,0
2024,2,8,736803054736822272,6794,Justin Jefferson,WR,25.3,1,0
2024,2,8,736803054736822272,9488,Jaxon Smith-Njigba,WR,24.2,0,0
2024,2,8,736803054736822272,7525,DeVonta Smith,WR,20.6,1,0
2024,2,8,736803054736822272,BUF,Buffalo Bills,DEF,20.0,1,0
2024,2,8,736803054736822272,5850,Josh Jacobs,RB,13.6,1,0
2024,2,8,736803054736822272,3294,Dak Prescott,QB,13.42,1,0
2024,2,8,736803054736822272,6783,Jerry Jeudy,WR,12.3,0,0
2024,2,8,736803054736822272,9486,Dontayvion Wicks,WR,11.6,0,0
2024,2,8,736803054736822272,6797,Justin Herbert,QB,11.0,1,0
2024,2,8,736803054736822272,7528,Najee Harris,RB,8.4,1,0
2024,2,8,736803054736822272,11563,Bo Nix,QB,8.34,0,0
2024,2,8,736803054736822272,2216,Mike Evans,WR,7.2,1,0
2024,2,8,736803054736822272,4195,Jake Elliott,K,7.0,1,0
2024,2,8,736803054736822272,6845,Zack Moss,RB,5.7,0,0
2024,2,8,736803054736822272,11635,Ladd McConkey,WR,4.6,0,0
2024,2,8,736803054736822272,6865,Colby Parkinson,TE,2.2,1,0
2024,2,8,736803054736822272,4066,Evan Engram,TE,0,0,0
2024,2,9,710284244835979264,6904,Jalen Hurts,QB,23.82,1,0
2024,2,9,710284244835979264,3451,Ka'imi Fairbairn,K,20.0,1,0
2024,2,9,710284244835979264,4892,Baker Mayfield,QB,16.8,1,0
2024,2,9,710284244835979264,1166,Kirk Cousins,QB,16.54,0,0
2024,2,9,710284244835979264,8205,Isiah Pacheco,RB,16.1,1,0
2024,2,9,710284244835979264,8150,Kyren Williams,RB,15.2,1,0
2024,2,9,710284244835979264,NYJ,New York Jets,DEF,13.5,1,0
2024,2,9,710284244835979264,8146,Garrett Wilson,WR,10.2,1,0
2024,2,9,710284244835979264,5012,Mark Andrews,TE,9.1,1,0
2024,2,9,710284244835979264,6803,Brandon Aiyuk,WR,8.3,1,0
2024,2,9,710284244835979264,6790,D'Andre Swift,RB,8.2,1,0
2024,2,9,710284244835979264,9508,Tyjae Spears,RB,5.1,0,0
2024,2,9,710284244835979264,5937,Diontae Johnson,WR,4.5,0,0
2024,2,9,710284244835979264,5045,Courtland Sutton,WR,3.6,0,0
2024,2,9,710284244835979264,2374,Tyler Lockett,WR,3.5,0,0
2024,2,9,710284244835979264,8167,Christian Watson,WR,0,0,0
2024,2,10,475399371639222272,9226,De'Von Achane,RB,29.5,1,0
2024,2,10,475399371639222272,4981,Calvin Ridley,WR,25.2,0,0
2024,2,10,475399371639222272,8155,Breece Hall,RB,24.4,1,0
2024,2,10,475399371639222272,6786,CeeDee Lamb,WR,20.5,1,0
2024,2,10,475399371639222272,5872,Deebo Samuel,WR,18.5,1,0
2024,2,10,475399371639222272,7611,Rhamondre Stevenson,RB,16.0,1,0
2024,2,10,475399371639222272,8183,Brock Purdy,QB,14.46,1,0
2024,2,10,475399371639222272,9758,C.J. Stroud,QB,14.3,1,0
2024,2,10,475399371639222272,9999,Will Levis,QB,11.48,0,0
2024,2,10,475399371639222272,8139,Zamir White,RB,6.8,0,0
2024,2,10,475399371639222272,3164,Ezekiel Elliott,RB,5.2,0,0
2024,2,10,475399371639222272,7553,Kyle Pitts,TE,5.0,1,0
2024,2,10,475399371639222272,SF,San Francisco 49ers,DEF,5.0,1,0
2024,2,10,475399371639222272,2309,Amari Cooper,WR,4.1,0,0
2024,2,10,475399371639222272,5119,Jason Sanders,K,4.0,1,0
2024,2,10,475399371639222272,9502,Tank Dell,WR,2.3,0,0
2024,2,10,475399371639222272,2749,Raheem Mostert,RB,0,0,0
2024,3,1,608781531883859968,7564,Ja'Marr Chase,WR,30.8,1,0
2024,3,1,608781531883859968,11632,Malik Nabers,WR,28.2,0,0
2024,3,1,608781531883859968,11620,Rome Odunze,WR,23.9,0,0
2024,3,1,608781531883859968,SEA,Seattle Seahawks,DEF,17.0,1,0
2024,3,1,608781531883859968,4035,Alvin Kamara,RB,15.7,1,0
2024,3,1,608781531883859968,5849,Kyler Murray,QB,14.78,1,0
2024,3,1,608781531883859968,9509,Bijan Robinson,RB,13.2,1,0
2024,3,1,608781531883859968,7523,Trevor Lawrence,QB,9.42,0,0
2024,3,1,608781531883859968,2133,Davante Adams,WR,8.0,1,0
2024,3,1,608781531883859968,2028,Derek Carr,QB,7.98,1,0
2024,3,1,608781531883859968,7588,Javonte Williams,RB,6.1,0,0
2024,3,1,608781531883859968,5967,Tony Pollard,RB,5.9,0,0
2024,3,1,608781531883859968,8130,Trey McBride,TE,5.5,1,0
2024,3,1,608781531883859968,10937,Jake Moody,K,4.0,1,0
2024,3,1,608781531883859968,8148,Jameson Williams,WR,1.2,1,0
2024,3,1,608781531883859968,11565,J.J. McCarthy,QB,0,0,0
2024,3,1,608781531883859968,CIN,Cincinnati Bengals,DEF,-3.0,0,0
2024,3,2,736077599457026048,4866,Saquon Barkley,RB,35.6,1,0
2024,3,2,736077599457026048,4984,Josh Allen,QB,30.92,1,0
2024,3,2,736077599457026048,10229,Rashee Rice,WR,29.6,1,0
2024,3,2,736077599457026048,6813,Jonathan Taylor,RB,27.0,1,0
2024,3,2,736077599457026048,7591,Justin Fields,QB,19.9,0,0
2024,3,2,736077599457026048,PIT,Pittsburgh Steelers,DEF,13.25,1,0
2024,3,2,736077599457026048,7569,Nico Collins,WR,12.6,1,0
2024,3,2,736077599457026048,11533,Brandon Aubrey,K,11.0,1,0
2024,3,2,736077599457026048,6938,Cam Akers,RB,9.9,0,0
2024,3,2,736077599457026048,11631,Brian Thomas,WR,9.8,0,0
2024,3,2,736077599457026048,9224,Chase Brown,RB,8.9,0,0
2024,3,2,736077599457026048,9488,Jaxon Smith-Njigba,WR,6.9,1,0
2024,3,2,736077599457026048,7526,Jaylen Waddle,WR,6.6,0,0
2024,3,2,736077599457026048,4137,James Conner,RB,3.5,1,0
2024,3,2,736077599457026048,8131,Isaiah Likely,TE,1.4,1,0
2024,3,2,736077599457026048,6804,Jordan Love,QB,0,0,0
2024,3,2,736077599457026048,9756,Jordan Addison,WR,0,0,0
2024,3,3,737091087440674816,4199,Aaron Jones,RB,26.3,1,0
2024,3,3,737091087440674816,6770,Joe Burrow,QB,25.86,1,0
2024,3,3,737091087440674816,5846,DK Metcalf,WR,22.4,1,0
2024,3,3,737091087440674816,4037,Chris Godwin,WR,17.3,1,0
2024,3,3,737091087440674816,10236,Dalton Kincaid,TE,13.1,1,0
2024,3,3,737091087440674816,1373,Geno Smith,QB,11.86,1,0
2024,3,3,737091087440674816,8408,Jordan Mason,RB,10.8,1,0
2024,3,3,737091087440674816,8137,George Pickens,WR,10.7,1,0
2024,3,3,737091087440674816,7839,Evan McPherson,K,6.0,1,0
2024,3,3,737091087440674816,11624,Xavier Worthy,WR,5.0,0,0
2024,3,3,737091087440674816,11586,Blake Corum,RB,0,0,0
2024,3,3,737091087440674816,1479,Keenan Allen,WR,0,0,0
2024,3,3,737091087440674816,4018,Joe Mixon,RB,0,0,0
2024,3,3,737091087440674816,4034,Christian McCaffrey,RB,0,0,0
2024,3,3,737091087440674816,4988,Nick Chubb,RB,0,0,0
2024,3,3,737091087440674816,6768,Tua Tagovailoa,QB,0,0,0
2024,3,3,737091087440674816,DAL,Dallas Cowboys,DEF,-4.0,1,0
2024,3,4,736744257179770880,4943,Sam Darnold,QB,22.24,1,0
2024,3,4,736744257179770880,8144,Chris Olave,WR,20.6,1,0
2024,3,4,736744257179770880,5927,Terry McLaurin,WR,20.5,0,0
2024,3,4,736744257179770880,11560,Caleb Williams,QB,17.82,0,0
2024,3,4,736744257179770880,4046,Patrick Mahomes,QB,16.88,1,0
2024,3,4,736744257179770880,9221,Jahmyr Gibbs,RB,16.3,1,0
2024,3,4,736744257179770880,4950,Christian Kirk,WR,15.9,0,0
2024,3,4,736744257179770880,8154,Brian Robinson,RB,10.7,1,0
2024,3,4,736744257179770880,8136,Rachaad White,RB,8.5,1,0
2024,3,4,736744257179770880,5001,Dalton Schultz,TE,3.1,1,0
2024,3,4,736744257179770880,TB,Tampa Bay Buccaneers,DEF,3.0,1,0
2024,3,4,736744257179770880,BAL,Baltimore Ravens,DEF,2.75,0,0
2024,3,4,736744257179770880,8228,Jaylen Warren,RB,1.1,0,0
2024,3,4,736744257179770880,1264,Justin Tucker,K,1.0,1,0
2024,3,4,736744257179770880,4039,Cooper Kupp,WR,0,0,0
2024,3,4,736744257179770880,4217,George Kittle,TE,0,0,0
2024,3,4,736744257179770880,8676,Rashid Shaheed,WR,0,1,0
2024,3,5,716698629934481408,9753,Zach Charbonnet,RB,25.7,1,0
2024,3,5,716698629934481408,7547,Amon-Ra St. Brown,WR,20.5,1,0
2024,3,5,716698629934481408,6130,Devin Singletary,RB,18.8,0,0
2024,3,5,716698629934481408,8112,Drake London,WR,18.7,1,0
2024,3,5,716698629934481408,4017,Deshaun Watson,QB,16.44,0,0
2024,3,5,716698629934481408,3163,Jared Goff,QB,14.56,1,0
2024,3,5,716698629934481408,7543,Travis Etienne,RB,12.5,1,0
2024,3,5,716698629934481408,10222,Jayden Reed,WR,10.9,0,0
2024,3,5,716698629934481408,11637,Keon Coleman,WR,9.4,0,0
2024,3,5,716698629934481408,4666,Younghoe Koo,K,7.0,1,0
2024,3,5,716698629934481408,6801,Tee Higgins,WR,6.9,1,0
2024,3,5,716698629934481408,10859,Sam LaPorta,TE,5.6,1,0
2024,3,5,716698629934481408,4082,Curtis Samuel,WR,5.2,0,0
2024,3,5,716698629934481408,9229,Anthony Richardson,QB,5.08,1,0
2024,3,5,716698629934481408,8151,Kenneth Walker,RB,0,0,0
2024,3,5,716698629934481408,LV,Las Vegas Raiders,DEF,-4.5,1,0
2024,3,6,736740647758938112,5892,David Montgomery,RB,21.7,1,0
2024,3,6,736740647758938112,96,Aaron Rodgers,QB,21.54,1,0
2024,3,6,736740647758938112,2449,Stefon Diggs,WR,19.92,1,0
2024,3,6,736740647758938112,8138,James Cook,RB,18.7,1,0
2024,3,6,736740647758938112,4983,DJ Moore,WR,15.2,1,0
2024,3,6,736740647758938112,4663,Austin Ekeler,RB,13.7,0,0
2024,3,6,736740647758938112,421,Matthew Stafford,QB,12.84,0,0
2024,3,6,736740647758938112,4227,Harrison Butker,K,12.0,1,0
2024,3,6,736740647758938112,CLE,Cleveland Browns,DEF,7.5,1,0
2024,3,6,736740647758938112,11604,Brock Bowers,TE,7.1,1,0
2024,3,6,736740647758938112,1466,Travis Kelce,TE,7.0,1,0
2024,3,6,736740647758938112,3321,Tyreek Hill,WR,7.0,1,0
2024,3,6,736740647758938112,CHI,Chicago Bears,DEF,6.75,0,0
2024,3,6,736740647758938112,8121,Romeo Doubs,WR,2.8,0,0
2024,3,6,736740647758938112,5248,Gus Edwards,RB,0.9,0,0
2024,3,6,736740647758938112,11638,Ricky Pearsall,WR,0,0,0
2024,3,6,736740647758938112,5859,A.J. Brown,WR,0,0,0
2024,3,7,735974647736213504,3198,Derrick Henry,RB,30.9,1,0
2024,3,7,735974647736213504,11566,Jayden Daniels,QB,28.06,1,0
2024,3,7,735974647736213504,5022,Dallas Goedert,TE,26.5,1,0
2024,3,7,735974647736213504,4881,Lamar Jackson,QB,25.98,1,0
2024,3,7,735974647736213504,8134,Khalil Shakir,WR,19.2,1,0
2024,3,7,735974647736213504,11628,Marvin Harrison,WR,17.4,1,0
2024,3,7,735974647736213504,8110,Jake Ferguson,TE,15.5,0,0
2024,3,7,735974647736213504,11584,Bucky Irving,RB,11.4,0,0
2024,3,7,735974647736213504,8143,Jerome Ford,RB,10.0,1,0
2024,3,7,735974647736213504,6819,Michael Pittman,WR,7.6,0,0
2024,3,7,735974647736213504,11635,Ladd McConkey,WR,7.4,0,0
2024,3,7,735974647736213504,9997,Zay Flowers,WR,5.3,1,0
2024,3,7,735974647736213504,TEN,Tennessee Titans,DEF,3.25,1,0
2024,3,7,735974647736213504,11583,Jonathon Brooks,RB,0,0,0
2024,3,7,735974647736213504,5095,Daniel Carlson,K,0,1,0
2024,3,7,735974647736213504,5844,T.J. Hockenson,TE,0,0,0
2024,3,7,735974647736213504,9493,Puka Nacua,WR,0,0,0
2024,3,8,736803054736822272,3294,Dak Prescott,QB,29.36,1,0
2024,3,8,736803054736822272,6845,Zack Moss,RB,20.7,0,0
2024,3,8,736803054736822272,6794,Justin Jefferson,WR,20.1,1,0
2024,3,8,736803054736822272,11563,Bo Nix,QB,19.84,0,0
2024,3,8,736803054736822272,BUF,Buffalo Bills,DEF,17.25,1,0
2024,3,8,736803054736822272,7525,DeVonta Smith,WR,14.9,1,0
2024,3,8,736803054736822272,7528,Najee Harris,RB,13.6,0,0
2024,3,8,736803054736822272,6783,Jerry Jeudy,WR,8.7,0,0
2024,3,8,736803054736822272,11582,Carson Steele,RB,8.4,0,0
2024,3,8,736803054736822272,6806,J.K. Dobbins,RB,8.4,1,0
2024,3,8,736803054736822272,6797,Justin Herbert,QB,8.0,1,0
2024,3,8,736803054736822272,7600,Pat Freiermuth,TE,7.3,1,0
2024,3,8,736803054736822272,5850,Josh Jacobs,RB,5.8,1,0
2024,3,8,736803054736822272,2216,Mike Evans,WR,3.7,1,0
2024,3,8,736803054736822272,4066,Evan Engram,TE,0,0,0
2024,3,8,736803054736822272,9486,Dontayvion Wicks,WR,0,0,0
2024,3,8,736803054736822272,4195,Jake Elliott,K,-1.0,1,0
2024,3,9,710284244835979264,8150,Kyren Williams,RB,31.6,1,0
2024,3,9,710284244835979264,5937,Diontae Johnson,WR,26.7,0,0
2024,3,9,710284244835979264,NYJ,New York Jets,DEF,15.25,1,0
2024,3,9,710284244835979264,8146,Garrett Wilson,WR,14.3,1,0
2024,3,9,710284244835979264,5045,Courtland Sutton,WR,13.8,0,0
2024,3,9,710284244835979264,9754,Quentin Johnston,WR,12.4,0,0
2024,3,9,710284244835979264,6904,Jalen Hurts,QB,11.44,1,0
2024,3,9,710284244835979264,9508,Tyjae Spears,RB,10.1,0,0
2024,3,9,710284244835979264,6803,Brandon Aiyuk,WR,9.8,1,0
2024,3,9,710284244835979264,2374,Tyler Lockett,WR,9.6,1,0
2024,3,9,710284244835979264,1166,Kirk Cousins,QB,9.1,0,0
2024,3,9,710284244835979264,4892,Baker Mayfield,QB,9.02,1,0
2024,3,9,710284244835979264,8167,Christian Watson,WR,8.7,0,0
2024,3,9,710284244835979264,6790,D'Andre Swift,RB,6.2,1,0
2024,3,9,710284244835979264,5012,Mark Andrews,TE,0,1,0
2024,3,9,710284244835979264,8205,Isiah Pacheco,RB,0,0,0
2024,3,9,710284244835979264,3451,Ka'imi Fairbairn,K,-1.0,1,0
2024,3,10,475399371639222272,2309,Amari Cooper,WR,27.6,1,0
2024,3,10,475399371639222272,8183,Brock Purdy,QB,25.78,1,0
2024,3,10,475399371639222272,8155,Breece Hall,RB,17.3,1,0
2024,3,10,475399371639222272,9999,Will Levis,QB,14.1,0,0
2024,3,10,475399371639222272,9502,Tank Dell,WR,11.2,0,0
2024,3,10,475399371639222272,9758,C.J. Stroud,QB,9.8,1,0
2024,3,10,475399371639222272,9226,De'Von Achane,RB,8.8,1,0
2024,3,10,475399371639222272,6786,CeeDee Lamb,WR,8.7,1,0
2024,3,10,475399371639222272,7553,Kyle Pitts,TE,7.9,1,0
2024,3,10,475399371639222272,SF,San Francisco 49ers,DEF,4.75,1,0
2024,3,10,475399371639222272,8139,Zamir White,RB,3.4,0,0
2024,3,10,475399371639222272,3164,Ezekiel Elliott,RB,2.2,0,0
2024,3,10,475399371639222272,4981,Calvin Ridley,WR,1.9,0,0
2024,3,10,475399371639222272,5119,Jason Sanders,K,1.0,1,0
2024,3,10,475399371639222272,7611,Rhamondre Stevenson,RB,0.3,1,0
2024,3,10,475399371639222272,2749,Raheem Mostert,RB,0,0,0
2024,3,10,475399371639222272,5872,Deebo Samuel,WR,0,0,0
2024,4,1,608781531883859968,4035,Alvin Kamara,RB,24.9,1,0
2024,4,1,608781531883859968,11632,Malik Nabers,WR,23.6,1,0
2024,4,1,608781531883859968,7564,Ja'Marr Chase,WR,19.0,1,0
2024,4,1,608781531883859968,5967,Tony Pollard,RB,18.8,1,0
2024,4,1,608781531883859968,8148,Jameson Williams,WR,17.5,0,0
2024,4,1,608781531883859968,7600,Pat Freiermuth,TE,16.7,1,0
2024,4,1,608781531883859968,7523,Trevor Lawrence,QB,13.76,1,0
2024,4,1,608781531883859968,10937,Jake Moody,K,13.0,1,0
2024,4,1,608781531883859968,9509,Bijan Robinson,RB,11.4,1,0
2024,4,1,608781531883859968,7588,Javonte Williams,RB,10.0,0,0
2024,4,1,608781531883859968,5849,Kyler Murray,QB,9.98,1,0
2024,4,1,608781531883859968,2028,Derek Carr,QB,8.56,0,0
2024,4,1,608781531883859968,MIA,Miami Dolphins,DEF,5.25,1,0
2024,4,1,608781531883859968,11620,Rome Odunze,WR,2.0,0,0
2024,4,1,608781531883859968,11565,J.J. McCarthy,QB,0,0,0
2024,4,1,608781531883859968,2133,Davante Adams,WR,0,0,0
2024,4,1,608781531883859968,8130,Trey McBride,TE,0,0,0
2024,4,2,736077599457026048,7569,Nico Collins,WR,33.6,1,0
2024,4,2,736077599457026048,7591,Justin Fields,QB,30.98,1,0
2024,4,2,736077599457026048,6804,Jordan Love,QB,28.66,0,0
2024,4,2,736077599457026048,9224,Chase Brown,RB,23.2,0,0
2024,4,2,736077599457026048,9756,Jordan Addison,WR,22.9,0,0
2024,4,2,736077599457026048,11631,Brian Thomas,WR,21.9,0,0
2024,4,2,736077599457026048,6813,Jonathan Taylor,RB,19.8,1,0
2024,4,2,736077599457026048,4866,Saquon Barkley,RB,13.6,1,0
2024,4,2,736077599457026048,9488,Jaxon Smith-Njigba,WR,13.1,1,0
2024,4,2,736077599457026048,11584,Bucky Irving,RB,12.5,0,0
2024,4,2,736077599457026048,8110,Jake Ferguson,TE,10.9,1,0
2024,4,2,736077599457026048,11533,Brandon Aubrey,K,9.0,1,0
2024,4,2,736077599457026048,7526,Jaylen Waddle,WR,7.6,0,0
2024,4,2,736077599457026048,4984,Josh Allen,QB,7.3,1,0
2024,4,2,736077599457026048,8131,Isaiah Likely,TE,3.6,0,0
2024,4,2,736077599457026048,PIT,Pittsburgh Steelers,DEF,2.0,1,0
2024,4,2,736077599457026048,10229,Rashee Rice,WR,0,1,0
2024,4,3,737091087440674816,8408,Jordan Mason,RB,24.5,1,0
2024,4,3,737091087440674816,1373,Geno Smith,QB,22.1,1,0
2024,4,3,737091087440674816,4199,Aaron Jones,RB,17.9,1,0
2024,4,3,737091087440674816,11624,Xavier Worthy,WR,17.8,0,0
2024,4,3,737091087440674816,6770,Joe Burrow,QB,17.28,1,0
2024,4,3,737091087440674816,8137,George Pickens,WR,16.8,1,0
2024,4,3,737091087440674816,5846,DK Metcalf,WR,15.9,1,0
2024,4,3,737091087440674816,7839,Evan McPherson,K,13.0,1,0
2024,4,3,737091087440674816,4037,Chris Godwin,WR,12.9,1,0
2024,4,3,737091087440674816,10236,Dalton Kincaid,TE,9.7,1,0
2024,4,3,737091087440674816,DAL,Dallas Cowboys,DEF,5.75,1,0
2024,4,3,737091087440674816,1479,Keenan Allen,WR,4.9,0,0
2024,4,3,737091087440674816,11586,Blake Corum,RB,0,0,0
2024,4,3,737091087440674816,4018,Joe Mixon,RB,0,0,0
2024,4,3,737091087440674816,4034,Christian McCaffrey,RB,0,0,0
2024,4,3,737091087440674816,4988,Nick Chubb,RB,0,0,0
2024,4,3,737091087440674816,6768,Tua Tagovailoa,QB,0,0,0
2024,4,4,736744257179770880,8154,Brian Robinson,RB,20.8,1,0
2024,4,4,736744257179770880,4943,Sam Darnold,QB,20.5,0,0
2024,4,4,736744257179770880,9221,Jahmyr Gibbs,RB,19.8,1,0
2024,4,4,736744257179770880,4950,Christian Kirk,WR,19.1,1,0
2024,4,4,736744257179770880,5927,Terry McLaurin,WR,18.2,0,0
2024,4,4,736744257179770880,8144,Chris Olave,WR,16.7,1,0
2024,4,4,736744257179770880,8676,Rashid Shaheed,WR,15.7,0,0
2024,4,4,736744257179770880,4217,George Kittle,TE,14.5,1,0
2024,4,4,736744257179770880,4046,Patrick Mahomes,QB,14.0,1,0
2024,4,4,736744257179770880,7049,Jauan Jennings,WR,11.8,1,0
2024,4,4,736744257179770880,BAL,Baltimore Ravens,DEF,11.25,0,0
2024,4,4,736744257179770880,LV,Las Vegas Raiders,DEF,11.25,1,0
2024,4,4,736744257179770880,11560,Caleb Williams,QB,10.48,1,0
2024,4,4,736744257179770880,8136,Rachaad White,RB,10.4,0,0
2024,4,4,736744257179770880,5001,Dalton Schultz,TE,6.4,0,0
2024,4,4,736744257179770880,1264,Justin Tucker,K,5.0,1,0
2024,4,4,736744257179770880,4039,Cooper Kupp,WR,0,0,0
2024,4,5,716698629934481408,8151,Kenneth Walker,RB,33.6,0,0
2024,4,5,716698629934481408,3163,Jared Goff,QB,28.18,1,0
2024,4,5,716698629934481408,10222,Jayden Reed,WR,27.6,1,0
2024,4,5,716698629934481408,7547,Amon-Ra St. Brown,WR,20.78,1,0
2024,4,5,716698629934481408,4666,Younghoe Koo,K,20.0,1,0
2024,4,5,716698629934481408,CLE,Cleveland Browns,DEF,14.0,1,0
2024,4,5,716698629934481408,8112,Drake London,WR,12.4,1,0
2024,4,5,716698629934481408,6801,Tee Higgins,WR,12.0,0,0
2024,4,5,716698629934481408,4017,Deshaun Watson,QB,11.24,0,0
2024,4,5,716698629934481408,9753,Zach Charbonnet,RB,10.4,0,0
2024,4,5,716698629934481408,10859,Sam LaPorta,TE,9.3,1,0
2024,4,5,716698629934481408,11637,Keon Coleman,WR,8.1,0,0
2024,4,5,716698629934481408,7543,Travis Etienne,RB,7.0,1,0
2024,4,5,716698629934481408,6826,Cole Kmet,TE,6.4,0,0
2024,4,5,716698629934481408,6130,Devin Singletary,RB,4.8,1,0
2024,4,5,716698629934481408,9229,Anthony Richardson,QB,4.24,1,0
2024,4,6,736740647758938112,7594,Chuba Hubbard,RB,22.6,0,0
2024,4,6,736740647758938112,2449,Stefon Diggs,WR,18.5,1,0
2024,4,6,736740647758938112,829,Andy Dalton,QB,16.2,1,0
2024,4,6,736740647758938112,1466,Travis Kelce,TE,15.9,1,0
2024,4,6,736740647758938112,5892,David Montgomery,RB,15.0,1,0
2024,4,6,736740647758938112,96,Aaron Rodgers,QB,11.6,1,0
2024,4,6,736740647758938112,4983,DJ Moore,WR,11.2,1,0
2024,4,6,736740647758938112,10235,Roschon Johnson,RB,8.6,0,0
2024,4,6,736740647758938112,3321,Tyreek Hill,WR,8.2,1,0
2024,4,6,736740647758938112,8121,Romeo Doubs,WR,7.9,0,0
2024,4,6,736740647758938112,CHI,Chicago Bears,DEF,7.75,1,0
2024,4,6,736740647758938112,8138,James Cook,RB,5.8,1,0
2024,4,6,736740647758938112,11604,Brock Bowers,TE,5.1,0,0
2024,4,6,736740647758938112,421,Matthew Stafford,QB,4.86,0,0
2024,4,6,736740647758938112,4227,Harrison Butker,K,3.0,1,0
2024,4,6,736740647758938112,4663,Austin Ekeler,RB,0,0,0
2024,4,6,736740647758938112,5859,A.J. Brown,WR,0,0,0
2024,4,7,735974647736213504,3198,Derrick Henry,RB,36.9,1,0
2024,4,7,735974647736213504,11566,Jayden Daniels,QB,24.52,1,0
2024,4,7,735974647736213504,4881,Lamar Jackson,QB,23.64,1,0
2024,4,7,735974647736213504,4137,James Conner,RB,18.8,1,0
2024,4,7,735974647736213504,6819,Michael Pittman,WR,17.8,0,0
2024,4,7,735974647736213504,11635,Ladd McConkey,WR,17.7,0,0
2024,4,7,735974647736213504,11628,Marvin Harrison,WR,15.5,1,0
2024,4,7,735974647736213504,8143,Jerome Ford,RB,15.5,0,0
2024,4,7,735974647736213504,5022,Dallas Goedert,TE,13.2,1,0
2024,4,7,735974647736213504,8134,Khalil Shakir,WR,10.2,1,0
2024,4,7,735974647736213504,5095,Daniel Carlson,K,10.0,1,0
2024,4,7,735974647736213504,KC,Kansas City Chiefs,DEF,9.5,1,0
2024,4,7,735974647736213504,7090,Darnell Mooney,WR,8.6,0,0
2024,4,7,735974647736213504,9997,Zay Flowers,WR,2.0,1,0
2024,4,7,735974647736213504,11583,Jonathon Brooks,RB,0,0,0
2024,4,7,735974647736213504,5844,T.J. Hockenson,TE,0,0,0
2024,4,7,735974647736213504,9493,Puka Nacua,WR,0,0,0
2024,4,8,736803054736822272,9486,Dontayvion Wicks,WR,24.8,0,0
2024,4,8,736803054736822272,2216,Mike Evans,WR,23.4,1,0
2024,4,8,736803054736822272,6794,Justin Jefferson,WR,20.5,1,0
2024,4,8,736803054736822272,6845,Zack Moss,RB,17.8,1,0
2024,4,8,736803054736822272,3294,Dak Prescott,QB,17.74,1,0
2024,4,8,736803054736822272,6783,Jerry Jeudy,WR,13.2,0,0
2024,4,8,736803054736822272,5850,Josh Jacobs,RB,11.8,1,0
2024,4,8,736803054736822272,7528,Najee Harris,RB,10.3,0,0
2024,4,8,736803054736822272,6797,Justin Herbert,QB,10.16,1,0
2024,4,8,736803054736822272,6806,J.K. Dobbins,RB,9.2,1,0
2024,4,8,736803054736822272,11563,Bo Nix,QB,6.7,0,0
2024,4,8,736803054736822272,4195,Jake Elliott,K,2.0,1,0
2024,4,8,736803054736822272,4993,Mike Gesicki,TE,0.1,1,0
2024,4,8,736803054736822272,4066,Evan Engram,TE,0,0,0
2024,4,8,736803054736822272,7525,DeVonta Smith,WR,0,0,0
2024,4,8,736803054736822272,11582,Carson Steele,RB,-0.4,0,0
2024,4,8,736803054736822272,BUF,Buffalo Bills,DEF,-2.25,1,0
2024,4,9,710284244835979264,6790,D'Andre Swift,RB,29.5,0,0
2024,4,9,710284244835979264,4892,Baker Mayfield,QB,28.38,1,0
2024,4,9,710284244835979264,5937,Diontae Johnson,WR,21.3,1,0
2024,4,9,710284244835979264,8150,Kyren Williams,RB,20.4,1,0
2024,4,9,710284244835979264,6904,Jalen Hurts,QB,15.32,1,0
2024,4,9,710284244835979264,5045,Courtland Sutton,WR,15.0,0,0
2024,4,9,710284244835979264,9508,Tyjae Spears,RB,11.9,1,0
2024,4,9,710284244835979264,2374,Tyler Lockett,WR,11.1,0,0
2024,4,9,710284244835979264,NYJ,New York Jets,DEF,10.5,1,0
2024,4,9,710284244835979264,8146,Garrett Wilson,WR,7.1,1,0
2024,4,9,710284244835979264,6803,Brandon Aiyuk,WR,6.8,1,0
2024,4,9,710284244835979264,1166,Kirk Cousins,QB,6.52,0,0
2024,4,9,710284244835979264,3451,Ka'imi Fairbairn,K,6.0,1,0
2024,4,9,710284244835979264,9754,Quentin Johnston,WR,2.3,0,0
2024,4,9,710284244835979264,5012,Mark Andrews,TE,0,1,0
2024,4,9,710284244835979264,8167,Christian Watson,WR,0,0,0
2024,4,9,710284244835979264,8205,Isiah Pacheco,RB,0,0,0
2024,4,10,475399371639222272,SF,San Francisco 49ers,DEF,25.5,1,0
2024,4,10,475399371639222272,6786,CeeDee Lamb,WR,25.1,1,0
2024,4,10,475399371639222272,9758,C.J. Stroud,QB,24.0,1,0
2024,4,10,475399371639222272,8183,Brock Purdy,QB,12.62,1,0
2024,4,10,475399371639222272,5872,Deebo Samuel,WR,10.2,0,0
2024,4,10,475399371639222272,5870,Daniel Jones,QB,10.04,0,0
2024,4,10,475399371639222272,5947,Jakobi Meyers,WR,9.9,0,0
2024,4,10,475399371639222272,7611,Rhamondre Stevenson,RB,8.2,1,0
2024,4,10,475399371639222272,2309,Amari Cooper,WR,7.5,1,0
2024,4,10,475399371639222272,9226,De'Von Achane,RB,5.9,1,0
2024,4,10,475399371639222272,11576,Braelon Allen,RB,5.6,0,0
2024,4,10,475399371639222272,8155,Breece Hall,RB,3.8,1,0
2024,4,10,475399371639222272,7042,Tyler Bass,K,3.0,1,0
2024,4,10,475399371639222272,4981,Calvin Ridley,WR,2.5,0,0
2024,4,10,475399371639222272,2749,Raheem Mostert,RB,0,0,0
2024,4,10,475399371639222272,7553,Kyle Pitts,TE,0,1,0
2024,4,10,475399371639222272,9502,Tank Dell,WR,0,0,0
2024,5,1,608781531883859968,7564,Ja'Marr Chase,WR,43.8,1,0
2024,5,1,608781531883859968,5849,Kyler Murray,QB,24.6,1,0
2024,5,1,608781531883859968,7523,Trevor Lawrence,QB,22.74,1,0
2024,5,1,608781531883859968,8126,Wan'Dale Robinson,WR,16.0,1,0
2024,5,1,608781531883859968,9500,Josh Downs,WR,15.9,1,0
2024,5,1,608781531883859968,2028,Derek Carr,QB,12.6,0,0
2024,5,1,608781531883859968,4035,Alvin Kamara,RB,12.6,1,0
2024,5,1,608781531883859968,8130,Trey McBride,TE,11.3,1,0
2024,5,1,608781531883859968,9509,Bijan Robinson,RB,10.7,1,0
2024,5,1,608781531883859968,MIA,Miami Dolphins,DEF,10.0,1,0
2024,5,1,608781531883859968,11620,Rome Odunze,WR,9.0,0,0
2024,5,1,608781531883859968,10937,Jake Moody,K,8.0,1,0
2024,5,1,608781531883859968,11565,J.J. McCarthy,QB,0,0,0
2024,5,1,608781531883859968,11632,Malik Nabers,WR,0,0,0
2024,5,1,608781531883859968,2133,Davante Adams,WR,0,0,0
2024,5,1,608781531883859968,5967,Tony Pollard,RB,0,0,0
2024,5,1,608781531883859968,8148,Jameson Williams,WR,0,0,0
2024,5,2,736077599457026048,11631,Brian Thomas,WR,25.2,1,0
2024,5,2,736077599457026048,4098,Kareem Hunt,RB,19.2,1,0
2024,5,2,736077599457026048,DEN,Denver Broncos,DEF,18.25,1,0
2024,5,2,736077599457026048,7569,Nico Collins,WR,17.3,1,0
2024,5,2,736077599457026048,9224,Chase Brown,RB,16.4,0,0
2024,5,2,736077599457026048,6804,Jordan Love,QB,15.96,1,0
2024,5,2,736077599457026048,7591,Justin Fields,QB,14.94,0,0
2024,5,2,736077599457026048,4984,Josh Allen,QB,14.64,1,0
2024,5,2,736077599457026048,9488,Jaxon Smith-Njigba,WR,13.1,1,0
2024,5,2,736077599457026048,8110,Jake Ferguson,TE,13.0,1,0
2024,5,2,736077599457026048,7526,Jaylen Waddle,WR,8.6,0,0
2024,5,2,736077599457026048,11533,Brandon Aubrey,K,7.0,1,0
2024,5,2,736077599457026048,9756,Jordan Addison,WR,6.6,0,0
2024,5,2,736077599457026048,11584,Bucky Irving,RB,5.6,1,0
2024,5,2,736077599457026048,10229,Rashee Rice,WR,0,0,0
2024,5,2,736077599457026048,4866,Saquon Barkley,RB,0,0,0
2024,5,2,736077599457026048,6813,Jonathan Taylor,RB,0,0,0
2024,5,3,737091087440674816,6770,Joe Burrow,QB,35.28,1,0
2024,5,3,737091087440674816,1373,Geno Smith,QB,23.06,1,0
2024,5,3,737091087440674816,11624,Xavier Worthy,WR,11.8,0,0
2024,5,3,737091087440674816,4037,Chris Godwin,WR,10.6,1,0
2024,5,3,737091087440674816,8408,Jordan Mason,RB,8.8,1,0
2024,5,3,737091087440674816,DAL,Dallas Cowboys,DEF,8.75,1,0
2024,5,3,737091087440674816,5846,DK Metcalf,WR,7.5,1,0
2024,5,3,737091087440674816,1479,Keenan Allen,WR,6.3,0,0
2024,5,3,737091087440674816,4199,Aaron Jones,RB,6.3,1,0
2024,5,3,737091087440674816,8137,George Pickens,WR,5.6,1,0
2024,5,3,737091087440674816,10236,Dalton Kincaid,TE,5.4,1,0
2024,5,3,737091087440674816,11586,Blake Corum,RB,4.3,0,0
2024,5,3,737091087440674816,7839,Evan McPherson,K,2.0,1,0
2024,5,3,737091087440674816,4018,Joe Mixon,RB,0,0,0
2024,5,3,737091087440674816,4034,Christian McCaffrey,RB,0,0,0
2024,5,3,737091087440674816,4988,Nick Chubb,RB,0,0,0
2024,5,3,737091087440674816,6768,Tua Tagovailoa,QB,0,0,0
2024,5,4,736744257179770880,11560,Caleb Williams,QB,23.56,0,0
2024,5,4,736744257179770880,4217,George Kittle,TE,20.4,1,0
2024,5,4,736744257179770880,8676,Rashid Shaheed,WR,19.1,0,0
2024,5,4,736744257179770880,4046,Patrick Mahomes,QB,13.94,1,0
2024,5,4,736744257179770880,5927,Terry McLaurin,WR,13.9,1,0
2024,5,4,736744257179770880,8154,Brian Robinson,RB,13.8,1,0
2024,5,4,736744257179770880,1264,Justin Tucker,K,13.0,1,0
2024,5,4,736744257179770880,4950,Christian Kirk,WR,12.8,1,0
2024,5,4,736744257179770880,8136,Rachaad White,RB,9.6,1,0
2024,5,4,736744257179770880,5001,Dalton Schultz,TE,7.4,0,0
2024,5,4,736744257179770880,LV,Las Vegas Raiders,DEF,4.75,1,0
2024,5,4,736744257179770880,4943,Sam Darnold,QB,4.26,1,0
2024,5,4,736744257179770880,8144,Chris Olave,WR,3.0,1,0
2024,5,4,736744257179770880,7049,Jauan Jennings,WR,2.3,0,0
2024,5,4,736744257179770880,4039,Cooper Kupp,WR,0,0,0
2024,5,4,736744257179770880,9221,Jahmyr Gibbs,RB,0,0,0
2024,5,4,736744257179770880,BAL,Baltimore Ravens,DEF,-0.75,0,0
2024,5,5,716698629934481408,8112,Drake London,WR,33.9,1,0
2024,5,5,716698629934481408,6801,Tee Higgins,WR,29.3,1,0
2024,5,5,716698629934481408,19,Joe Flacco,QB,28.06,1,0
2024,5,5,716698629934481408,8151,Kenneth Walker,RB,14.6,1,0
2024,5,5,716698629934481408,10222,Jayden Reed,WR,13.7,1,0
2024,5,5,716698629934481408,11637,Keon Coleman,WR,12.4,0,0
2024,5,5,716698629934481408,4666,Younghoe Koo,K,12.0,1,0
2024,5,5,716698629934481408,7543,Travis Etienne,RB,12.0,1,0
2024,5,5,716698629934481408,6826,Cole Kmet,TE,8.7,1,0
2024,5,5,716698629934481408,4017,Deshaun Watson,QB,8.4,1,0
2024,5,5,716698629934481408,SEA,Seattle Seahawks,DEF,8.25,1,0
2024,5,5,716698629934481408,9753,Zach Charbonnet,RB,6.0,0,0
2024,5,5,716698629934481408,10859,Sam LaPorta,TE,0,0,0
2024,5,5,716698629934481408,3163,Jared Goff,QB,0,0,0
2024,5,5,716698629934481408,6130,Devin Singletary,RB,0,0,0
2024,5,5,716698629934481408,7547,Amon-Ra St. Brown,WR,0,0,0
2024,5,5,716698629934481408,9229,Anthony Richardson,QB,0,0,0
2024,5,6,736740647758938112,4983,DJ Moore,WR,28.0,1,0
2024,5,6,736740647758938112,11604,Brock Bowers,TE,25.2,0,0
2024,5,6,736740647758938112,7021,Rico Dowdle,RB,18.4,0,0
2024,5,6,736740647758938112,8138,James Cook,RB,17.9,1,0
2024,5,6,736740647758938112,7594,Chuba Hubbard,RB,17.5,1,0
2024,5,6,736740647758938112,CHI,Chicago Bears,DEF,17.0,1,0
2024,5,6,736740647758938112,1466,Travis Kelce,TE,16.0,1,0
2024,5,6,736740647758938112,2449,Stefon Diggs,WR,14.2,1,0
2024,5,6,736740647758938112,3321,Tyreek Hill,WR,12.9,1,0
2024,5,6,736740647758938112,421,Matthew Stafford,QB,12.9,1,0
2024,5,6,736740647758938112,4227,Harrison Butker,K,12.0,1,0
2024,5,6,736740647758938112,96,Aaron Rodgers,QB,11.26,1,0
2024,5,6,736740647758938112,4663,Austin Ekeler,RB,10.7,0,0
2024,5,6,736740647758938112,829,Andy Dalton,QB,1.74,0,0
2024,5,6,736740647758938112,5859,A.J. Brown,WR,0,0,0
2024,5,6,736740647758938112,5892,David Montgomery,RB,0,0,0
2024,5,6,736740647758938112,8121,Romeo Doubs,WR,0,0,0
2024,5,7,735974647736213504,4881,Lamar Jackson,QB,32.92,1,0
2024,5,7,735974647736213504,9484,Tucker Kraft,TE,26.3,1,0
2024,5,7,735974647736213504,11566,Jayden Daniels,QB,19.72,1,0
2024,5,7,735974647736213504,9997,Zay Flowers,WR,19.5,1,0
2024,5,7,735974647736213504,3198,Derrick Henry,RB,16.6,1,0
2024,5,7,735974647736213504,6819,Michael Pittman,WR,14.7,1,0
2024,5,7,735974647736213504,4137,James Conner,RB,14.0,1,0
2024,5,7,735974647736213504,NE,New England Patriots,DEF,9.75,1,0
2024,5,7,735974647736213504,8143,Jerome Ford,RB,7.9,0,0
2024,5,7,735974647736213504,11628,Marvin Harrison,WR,5.6,1,0
2024,5,7,735974647736213504,5095,Daniel Carlson,K,5.0,1,0
2024,5,7,735974647736213504,11583,Jonathon Brooks,RB,0,0,0
2024,5,7,735974647736213504,11635,Ladd McConkey,WR,0,0,0
2024,5,7,735974647736213504,5022,Dallas Goedert,TE,0,0,0
2024,5,7,735974647736213504,5844,T.J. Hockenson,TE,0,0,0
2024,5,7,735974647736213504,8134,Khalil Shakir,WR,0,0,0
2024,5,7,735974647736213504,9493,Puka Nacua,WR,0,0,0
2024,5,8,736803054736822272,2216,Mike Evans,WR,23.2,1,0
2024,5,8,736803054736822272,11563,Bo Nix,QB,23.14,1,0
2024,5,8,736803054736822272,3294,Dak Prescott,QB,16.88,1,0
2024,5,8,736803054736822272,5850,Josh Jacobs,RB,16.4,1,0
2024,5,8,736803054736822272,6794,Justin Jefferson,WR,14.2,1,0
2024,5,8,736803054736822272,7528,Najee Harris,RB,9.7,0,0
2024,5,8,736803054736822272,6845,Zack Moss,RB,8.2,1,0
2024,5,8,736803054736822272,2020,Cairo Santos,K,5.0,1,0
2024,5,8,736803054736822272,BUF,Buffalo Bills,DEF,4.25,1,0
2024,5,8,736803054736822272,9486,Dontayvion Wicks,WR,4.0,1,0
2024,5,8,736803054736822272,1339,Zach Ertz,TE,3.0,1,0
2024,5,8,736803054736822272,6783,Jerry Jeudy,WR,2.6,0,0
2024,5,8,736803054736822272,11582,Carson Steele,RB,0.2,0,0
2024,5,8,736803054736822272,4066,Evan Engram,TE,0,0,0
2024,5,8,736803054736822272,6797,Justin Herbert,QB,0,0,0
2024,5,8,736803054736822272,6806,J.K. Dobbins,RB,0,0,0
2024,5,8,736803054736822272,7525,DeVonta Smith,WR,0,0,0
2024,5,9,710284244835979264,1166,Kirk Cousins,QB,35.86,1,0
2024,5,9,710284244835979264,8146,Garrett Wilson,WR,29.6,1,0
2024,5,9,710284244835979264,4892,Baker Mayfield,QB,23.4,1,0
2024,5,9,710284244835979264,6803,Brandon Aiyuk,WR,23.2,1,0
2024,5,9,710284244835979264,6790,D'Andre Swift,RB,20.0,1,0
2024,5,9,710284244835979264,3451,Ka'imi Fairbairn,K,16.0,1,0
2024,5,9,710284244835979264,8150,Kyren Williams,RB,16.0,1,0
2024,5,9,710284244835979264,WAS,Washington Commanders,DEF,15.75,1,0
2024,5,9,710284244835979264,2374,Tyler Lockett,WR,11.5,0,0
2024,5,9,710284244835979264,NYJ,New York Jets,DEF,11.5,0,0
2024,5,9,710284244835979264,5012,Mark Andrews,TE,9.5,1,0
2024,5,9,710284244835979264,5937,Diontae Johnson,WR,5.9,1,0
2024,5,9,710284244835979264,5045,Courtland Sutton,WR,5.2,0,0
2024,5,9,710284244835979264,6904,Jalen Hurts,QB,0,0,0
2024,5,9,710284244835979264,8205,Isiah Pacheco,RB,0,0,0
2024,5,9,710284244835979264,9508,Tyjae Spears,RB,0,0,0
2024,5,9,710284244835979264,9754,Quentin Johnston,WR,0,0,0
2024,5,10,475399371639222272,5870,Daniel Jones,QB,21.08,0,0
2024,5,10,475399371639222272,7611,Rhamondre Stevenson,RB,19.2,0,0
2024,5,10,475399371639222272,9758,C.J. Stroud,QB,17.44,1,0
2024,5,10,475399371639222272,7553,Kyle Pitts,TE,15.8,1,0
2024,5,10,475399371639222272,5947,Jakobi Meyers,WR,13.2,0,0
2024,5,10,475399371639222272,8183,Brock Purdy,QB,13.06,1,0
2024,5,10,475399371639222272,2749,Raheem Mostert,RB,11.8,0,0
2024,5,10,475399371639222272,6786,CeeDee Lamb,WR,11.4,1,0
2024,5,10,475399371639222272,SF,San Francisco 49ers,DEF,11.25,1,0
2024,5,10,475399371639222272,2309,Amari Cooper,WR,10.0,1,0
2024,5,10,475399371639222272,7042,Tyler Bass,K,8.0,1,0
2024,5,10,475399371639222272,9502,Tank Dell,WR,7.3,0,0
2024,5,10,475399371639222272,8155,Breece Hall,RB,6.7,1,0
2024,5,10,475399371639222272,11576,Braelon Allen,RB,3.8,0,0
2024,5,10,475399371639222272,5872,Deebo Samuel,WR,3.0,1,0
2024,5,10,475399371639222272,9226,De'Von Achane,RB,2.7,1,0
2024,5,10,475399371639222272,4981,Calvin Ridley,WR,0,0,0
2024,6,1,608781531883859968,9509,Bijan Robinson,RB,25.5,1,0
2024,6,1,608781531883859968,9500,Josh Downs,WR,19.5,0,0
2024,6,1,608781531883859968,5967,Tony Pollard,RB,17.8,1,0
2024,6,1,608781531883859968,8148,Jameson Williams,WR,17.7,0,0
2024,6,1,608781531883859968,8130,Trey McBride,TE,17.6,1,0
2024,6,1,608781531883859968,PIT,Pittsburgh Steelers,DEF,17.25,1,0
2024,6,1,608781531883859968,7523,Trevor Lawrence,QB,17.06,1,0
2024,6,1,608781531883859968,1945,Chris Boswell,K,17.0,1,0
2024,6,1,608781531883859968,4035,Alvin Kamara,RB,16.4,1,0
2024,6,1,608781531883859968,7564,Ja'Marr Chase,WR,12.2,1,0
2024,6,1,608781531883859968,5849,Kyler Murray,QB,11.96,1,0
2024,6,1,608781531883859968,11562,Spencer Rattler,QB,11.42,0,0
2024,6,1,608781531883859968,8126,Wan'Dale Robinson,WR,10.0,1,0
2024,6,1,608781531883859968,11620,Rome Odunze,WR,6.0,0,0
2024,6,1,608781531883859968,11565,J.J. McCarthy,QB,0,0,0
2024,6,1,608781531883859968,11632,Malik Nabers,WR,0,0,0
2024,6,1,608781531883859968,2133,Davante Adams,WR,0,0,0
2024,6,2,736077599457026048,4984,Josh Allen,QB,23.4,1,0
2024,6,2,736077599457026048,7591,Justin Fields,QB,22.7,1,0
2024,6,2,736077599457026048,11584,Bucky Irving,RB,18.5,1,0
2024,6,2,736077599457026048,9224,Chase Brown,RB,13.4,0,0
2024,6,2,736077599457026048,11533,Brandon Aubrey,K,12.0,1,0
2024,6,2,736077599457026048,9488,Jaxon Smith-Njigba,WR,9.3,1,0
2024,6,2,736077599457026048,4866,Saquon Barkley,RB,7.4,1,0
2024,6,2,736077599457026048,7090,Darnell Mooney,WR,6.8,0,0
2024,6,2,736077599457026048,4983,DJ Moore,WR,6.0,1,0
2024,6,2,736077599457026048,11631,Brian Thomas,WR,5.7,1,0
2024,6,2,736077599457026048,8110,Jake Ferguson,TE,4.1,1,0
2024,6,2,736077599457026048,DEN,Denver Broncos,DEF,2.75,1,0
2024,6,2,736077599457026048,4098,Kareem Hunt,RB,0,0,0
2024,6,2,736077599457026048,6813,Jonathan Taylor,RB,0,0,0
2024,6,2,736077599457026048,7526,Jaylen Waddle,WR,0,0,0
2024,6,2,736077599457026048,7569,Nico Collins,WR,0,0,0
2024,6,2,736077599457026048,9756,Jordan Addison,WR,0,0,0
2024,6,3,737091087440674816,4037,Chris Godwin,WR,37.5,1,0
2024,6,3,737091087440674816,4018,Joe Mixon,RB,27.7,1,0
2024,6,3,737091087440674816,1479,Keenan Allen,WR,21.1,0,0
2024,6,3,737091087440674816,6770,Joe Burrow,QB,20.32,1,0
2024,6,3,737091087440674816,TB,Tampa Bay Buccaneers,DEF,18.25,1,0
2024,6,3,737091087440674816,1373,Geno Smith,QB,12.98,1,0
2024,6,3,737091087440674816,10236,Dalton Kincaid,TE,11.1,1,0
2024,6,3,737091087440674816,8408,Jordan Mason,RB,9.2,1,0
2024,6,3,737091087440674816,8137,George Pickens,WR,8.3,1,0
2024,6,3,737091087440674816,5846,DK Metcalf,WR,7.8,1,0
2024,6,3,737091087440674816,7839,Evan McPherson,K,5.0,1,0
2024,6,3,737091087440674816,11586,Blake Corum,RB,0,0,0
2024,6,3,737091087440674816,11624,Xavier Worthy,WR,0,0,0
2024,6,3,737091087440674816,4034,Christian McCaffrey,RB,0,0,0
2024,6,3,737091087440674816,4199,Aaron Jones,RB,0,0,0
2024,6,3,737091087440674816,4988,Nick Chubb,RB,0,0,0
2024,6,3,737091087440674816,6768,Tua Tagovailoa,QB,0,0,0
2024,6,4,736744257179770880,11560,Caleb Williams,QB,28.64,1,0
2024,6,4,736744257179770880,5927,Terry McLaurin,WR,23.3,1,0
2024,6,4,736744257179770880,4217,George Kittle,TE,22.8,1,0
2024,6,4,736744257179770880,1264,Justin Tucker,K,13.0,1,0
2024,6,4,736744257179770880,9221,Jahmyr Gibbs,RB,12.1,1,0
2024,6,4,736744257179770880,CIN,Cincinnati Bengals,DEF,9.0,1,0
2024,6,4,736744257179770880,8676,Rashid Shaheed,WR,8.3,1,0
2024,6,4,736744257179770880,4950,Christian Kirk,WR,6.9,1,0
2024,6,4,736744257179770880,7049,Jauan Jennings,WR,5.7,0,0
2024,6,4,736744257179770880,BAL,Baltimore Ravens,DEF,4.75,0,0
2024,6,4,736744257179770880,7593,Trey Sermon,RB,2.9,1,0
2024,6,4,736744257179770880,4039,Cooper Kupp,WR,0,0,0
2024,6,4,736744257179770880,4046,Patrick Mahomes,QB,0,0,0
2024,6,4,736744257179770880,4943,Sam Darnold,QB,0,0,0
2024,6,4,736744257179770880,8136,Rachaad White,RB,0,0,0
2024,6,4,736744257179770880,8154,Brian Robinson,RB,0,0,0
2024,6,4,736744257179770880,8144,Chris Olave,WR,-0.5,1,0
2024,6,5,716698629934481408,3163,Jared Goff,QB,26.1,1,0
2024,6,5,716698629934481408,6826,Cole Kmet,TE,24.0,0,0
2024,6,5,716698629934481408,8151,Kenneth Walker,RB,20.9,1,0
2024,6,5,716698629934481408,8112,Drake London,WR,19.4,1,0
2024,6,5,716698629934481408,10222,Jayden Reed,WR,14.8,1,0
2024,6,5,716698629934481408,6801,Tee Higgins,WR,14.7,0,0
2024,6,5,716698629934481408,10859,Sam LaPorta,TE,13.7,1,0
2024,6,5,716698629934481408,7547,Amon-Ra St. Brown,WR,13.7,1,0
2024,6,5,716698629934481408,19,Joe Flacco,QB,13.66,1,0
2024,6,5,716698629934481408,4666,Younghoe Koo,K,12.0,1,0
2024,6,5,716698629934481408,PHI,Philadelphia Eagles,DEF,8.25,1,0
2024,6,5,716698629934481408,11637,Keon Coleman,WR,5.6,0,0
2024,6,5,716698629934481408,9225,Tank Bigsby,RB,1.4,0,0
2024,6,5,716698629934481408,6130,Devin Singletary,RB,0,0,0
2024,6,5,716698629934481408,9229,Anthony Richardson,QB,0,0,0
2024,6,5,716698629934481408,7543,Travis Etienne,RB,-0.1,1,0
2024,6,6,736740647758938112,6804,Jordan Love,QB,25.62,1,0
2024,6,6,736740647758938112,5859,A.J. Brown,WR,24.1,1,0
2024,6,6,736740647758938112,5892,David Montgomery,RB,21.0,1,0
2024,6,6,736740647758938112,8121,Romeo Doubs,WR,19.9,0,0
2024,6,6,736740647758938112,2449,Stefon Diggs,WR,19.7,1,0
2024,6,6,736740647758938112,96,Aaron Rodgers,QB,17.76,1,0
2024,6,6,736740647758938112,11604,Brock Bowers,TE,16.1,1,0
2024,6,6,736740647758938112,7594,Chuba Hubbard,RB,14.3,1,0
2024,6,6,736740647758938112,CHI,Chicago Bears,DEF,12.0,1,0
2024,6,6,736740647758938112,4663,Austin Ekeler,RB,10.8,0,0
2024,6,6,736740647758938112,7021,Rico Dowdle,RB,10.5,0,0
2024,6,6,736740647758938112,6650,Chase McLaughlin,K,9.0,1,0
2024,6,6,736740647758938112,1466,Travis Kelce,TE,0,0,0
2024,6,6,736740647758938112,3321,Tyreek Hill,WR,0,0,0
2024,6,6,736740647758938112,421,Matthew Stafford,QB,0,0,0
2024,6,6,736740647758938112,8138,James Cook,RB,0,1,0
2024,6,7,735974647736213504,3198,Derrick Henry,RB,25.7,1,0
2024,6,7,735974647736213504,9997,Zay Flowers,WR,22.9,1,0
2024,6,7,735974647736213504,11566,Jayden Daniels,QB,20.96,1,0
2024,6,7,735974647736213504,4881,Lamar Jackson,QB,18.92,1,0
2024,6,7,735974647736213504,6806,J.K. Dobbins,RB,18.2,1,0
2024,6,7,735974647736213504,6819,Michael Pittman,WR,12.5,1,0
2024,6,7,735974647736213504,6149,Darius Slayton,WR,11.7,1,0
2024,6,7,735974647736213504,11635,Ladd McConkey,WR,8.3,0,0
2024,6,7,735974647736213504,4195,Jake Elliott,K,8.0,1,0
2024,6,7,735974647736213504,LAC,Los Angeles Chargers,DEF,8.0,1,0
2024,6,7,735974647736213504,8134,Khalil Shakir,WR,3.9,0,0
2024,6,7,735974647736213504,11583,Jonathon Brooks,RB,0,0,0
2024,6,7,735974647736213504,5022,Dallas Goedert,TE,0,1,0
2024,6,7,735974647736213504,5844,T.J. Hockenson,TE,0,0,0
2024,6,7,735974647736213504,5947,Jakobi Meyers,WR,0,0,0
2024,6,7,735974647736213504,6794,Justin Jefferson,WR,0,0,0
2024,6,7,735974647736213504,9493,Puka Nacua,WR,0,0,0
2024,6,8,736803054736822272,11563,Bo Nix,QB,20.74,1,0
2024,6,8,736803054736822272,7528,Najee Harris,RB,20.7,0,0
2024,6,8,736803054736822272,4066,Evan Engram,TE,18.7,0,0
2024,6,8,736803054736822272,7525,DeVonta Smith,WR,15.9,1,0
2024,6,8,736803054736822272,6797,Justin Herbert,QB,12.68,0,0
2024,6,8,736803054736822272,5850,Josh Jacobs,RB,12.0,1,0
2024,6,8,736803054736822272,4137,James Conner,RB,6.6,1,0
2024,6,8,736803054736822272,2216,Mike Evans,WR,5.4,1,0
2024,6,8,736803054736822272,BUF,Buffalo Bills,DEF,4.75,1,0
2024,6,8,736803054736822272,6783,Jerry Jeudy,WR,4.5,0,0
2024,6,8,736803054736822272,9484,Tucker Kraft,TE,3.5,1,0
2024,6,8,736803054736822272,3294,Dak Prescott,QB,3.22,1,0
2024,6,8,736803054736822272,2020,Cairo Santos,K,2.0,1,0
2024,6,8,736803054736822272,9486,Dontayvion Wicks,WR,1.9,0,0
2024,6,8,736803054736822272,6845,Zack Moss,RB,0.5,0,0
2024,6,8,736803054736822272,11628,Marvin Harrison,WR,0,1,0
2024,6,9,710284244835979264,4892,Baker Mayfield,QB,26.9,0,0
2024,6,9,710284244835979264,8146,Garrett Wilson,WR,25.2,1,0
2024,6,9,710284244835979264,6904,Jalen Hurts,QB,21.86,1,0
2024,6,9,710284244835979264,6790,D'Andre Swift,RB,20.9,1,0
2024,6,9,710284244835979264,5937,Diontae Johnson,WR,19.8,1,0
2024,6,9,710284244835979264,2374,Tyler Lockett,WR,16.5,0,0
2024,6,9,710284244835979264,5012,Mark Andrews,TE,15.6,0,0
2024,6,9,710284244835979264,5045,Courtland Sutton,WR,15.3,0,0
2024,6,9,710284244835979264,HOU,Houston Texans,DEF,14.5,1,0
2024,6,9,710284244835979264,1166,Kirk Cousins,QB,12.5,1,0
2024,6,9,710284244835979264,3451,Ka'imi Fairbairn,K,9.0,1,0
2024,6,9,710284244835979264,6803,Brandon Aiyuk,WR,5.7,1,0
2024,6,9,710284244835979264,7588,Javonte Williams,RB,4.6,1,0
2024,6,9,710284244835979264,7600,Pat Freiermuth,TE,3.6,1,0
2024,6,9,710284244835979264,NYJ,New York Jets,DEF,2.5,0,0
2024,6,9,710284244835979264,8150,Kyren Williams,RB,0,0,0
2024,6,9,710284244835979264,8205,Isiah Pacheco,RB,0,0,0
2024,6,10,475399371639222272,8183,Brock Purdy,QB,25.1,1,0
2024,6,10,475399371639222272,5872,Deebo Samuel,WR,22.7,1,0
2024,6,10,475399371639222272,8155,Breece Hall,RB,22.4,1,0
2024,6,10,475399371639222272,9502,Tank Dell,WR,18.7,1,0
2024,6,10,475399371639222272,9758,C.J. Stroud,QB,17.38,1,0
2024,6,10,475399371639222272,6786,CeeDee Lamb,WR,16.1,1,0
2024,6,10,475399371639222272,5870,Daniel Jones,QB,11.8,0,0
2024,6,10,475399371639222272,7553,Kyle Pitts,TE,10.0,1,0
2024,6,10,475399371639222272,SF,San Francisco 49ers,DEF,8.25,1,0
2024,6,10,475399371639222272,2309,Amari Cooper,WR,8.2,0,0
2024,6,10,475399371639222272,6945,Antonio Gibson,RB,7.3,1,0
2024,6,10,475399371639222272,7042,Tyler Bass,K,1.0,1,0
2024,6,10,475399371639222272,4981,Calvin Ridley,WR,0.9,0,0
2024,6,10,475399371639222272,11576,Braelon Allen,RB,0.8,0,0
2024,6,10,475399371639222272,2749,Raheem Mostert,RB,0,0,0
2024,6,10,475399371639222272,7611,Rhamondre Stevenson,RB,0,0,0
2024,6,10,475399371639222272,9226,De'Von Achane,RB,0,0,0
2024,7,1,608781531883859968,9509,Bijan Robinson,RB,23.8,1,0
2024,7,1,608781531883859968,11564,Drake Maye,QB,21.34,1,0
2024,7,1,608781531883859968,5849,Kyler Murray,QB,20.7,1,0
2024,7,1,608781531883859968,7564,Ja'Marr Chase,WR,17.6,1,0
2024,7,1,608781531883859968,7523,Trevor Lawrence,QB,15.02,0,0
2024,7,1,608781531883859968,1945,Chris Boswell,K,14.0,1,0
2024,7,1,608781531883859968,PIT,Pittsburgh Steelers,DEF,10.75,1,0
2024,7,1,608781531883859968,8130,Trey McBride,TE,10.1,1,0
2024,7,1,608781531883859968,5967,Tony Pollard,RB,8.5,1,0
2024,7,1,608781531883859968,4035,Alvin Kamara,RB,8.4,1,0
2024,7,1,608781531883859968,8126,Wan'Dale Robinson,WR,8.3,0,0
2024,7,1,608781531883859968,11632,Malik Nabers,WR,8.1,1,0
2024,7,1,608781531883859968,2133,Davante Adams,WR,6.0,0,0
2024,7,1,608781531883859968,9500,Josh Downs,WR,1.3,0,0
2024,7,1,608781531883859968,8148,Jameson Williams,WR,0.6,0,0
2024,7,1,608781531883859968,11565,J.J. McCarthy,QB,0,0,0
2024,7,1,608781531883859968,11620,Rome Odunze,WR,0,0,0
2024,7,2,736077599457026048,4866,Saquon Barkley,RB,27.2,1,0
2024,7,2,736077599457026048,4098,Kareem Hunt,RB,22.3,1,0
2024,7,2,736077599457026048,11631,Brian Thomas,WR,22.1,1,0
2024,7,2,736077599457026048,DEN,Denver Broncos,DEF,21.5,1,0
2024,7,2,736077599457026048,4984,Josh Allen,QB,21.02,1,0
2024,7,2,736077599457026048,11584,Bucky Irving,RB,16.7,0,0
2024,7,2,736077599457026048,7090,Darnell Mooney,WR,9.6,1,0
2024,7,2,736077599457026048,9756,Jordan Addison,WR,9.6,1,0
2024,7,2,736077599457026048,9224,Chase Brown,RB,7.3,0,0
2024,7,2,736077599457026048,9488,Jaxon Smith-Njigba,WR,5.3,1,0
2024,7,2,736077599457026048,7526,Jaylen Waddle,WR,2.1,0,0
2024,7,2,736077599457026048,11533,Brandon Aubrey,K,0,1,0
2024,7,2,736077599457026048,4983,DJ Moore,WR,0,0,0
2024,7,2,736077599457026048,6813,Jonathan Taylor,RB,0,0,0
2024,7,2,736077599457026048,7569,Nico Collins,WR,0,0,0
2024,7,2,736077599457026048,7591,Justin Fields,QB,0,0,0
2024,7,2,736077599457026048,8110,Jake Ferguson,TE,0,1,0
2024,7,3,737091087440674816,4018,Joe Mixon,RB,26.9,1,0
2024,7,3,737091087440674816,8137,George Pickens,WR,22.6,1,0
2024,7,3,737091087440674816,4199,Aaron Jones,RB,20.6,0,0
2024,7,3,737091087440674816,5846,DK Metcalf,WR,19.9,1,0
2024,7,3,737091087440674816,1373,Geno Smith,QB,16.78,1,0
2024,7,3,737091087440674816,6770,Joe Burrow,QB,14.94,1,0
2024,7,3,737091087440674816,4037,Chris Godwin,WR,13.5,1,0
2024,7,3,737091087440674816,IND,Indianapolis Colts,DEF,11.0,1,0
2024,7,3,737091087440674816,4988,Nick Chubb,RB,10.2,0,0
2024,7,3,737091087440674816,8408,Jordan Mason,RB,8.9,1,0
2024,7,3,737091087440674816,10236,Dalton Kincaid,TE,7.2,1,0
2024,7,3,737091087440674816,11624,Xavier Worthy,WR,5.4,0,0
2024,7,3,737091087440674816,11586,Blake Corum,RB,1.1,0,0
2024,7,3,737091087440674816,7839,Evan McPherson,K,1.0,1,0
2024,7,3,737091087440674816,1479,Keenan Allen,WR,0,0,0
2024,7,3,737091087440674816,4034,Christian McCaffrey,RB,0,0,0
2024,7,3,737091087440674816,6768,Tua Tagovailoa,QB,0,0,0
2024,7,4,736744257179770880,9221,Jahmyr Gibbs,RB,33.0,1,0
2024,7,4,736744257179770880,8136,Rachaad White,RB,29.1,0,0
2024,7,4,736744257179770880,CIN,Cincinnati Bengals,DEF,17.0,1,0
2024,7,4,736744257179770880,4943,Sam Darnold,QB,16.26,1,0
2024,7,4,736744257179770880,5927,Terry McLaurin,WR,15.8,1,0
2024,7,4,736744257179770880,4217,George Kittle,TE,15.2,1,0
2024,7,4,736744257179770880,8154,Brian Robinson,RB,13.1,1,0
2024,7,4,736744257179770880,1264,Justin Tucker,K,13.0,1,0
2024,7,4,736744257179770880,4046,Patrick Mahomes,QB,12.06,1,0
2024,7,4,736744257179770880,4950,Christian Kirk,WR,3.4,1,0
2024,7,4,736744257179770880,11560,Caleb Williams,QB,0,0,0
2024,7,4,736744257179770880,11623,Jordan Whittington,WR,0,1,0
2024,7,4,736744257179770880,4039,Cooper Kupp,WR,0,0,0
2024,7,4,736744257179770880,7049,Jauan Jennings,WR,0,0,0
2024,7,4,736744257179770880,8144,Chris Olave,WR,0,0,0
2024,7,4,736744257179770880,8676,Rashid Shaheed,WR,0,0,0
2024,7,5,716698629934481408,7547,Amon-Ra St. Brown,WR,25.7,1,0
2024,7,5,716698629934481408,9225,Tank Bigsby,RB,24.3,1,0
2024,7,5,716698629934481408,8151,Kenneth Walker,RB,23.3,1,0
2024,7,5,716698629934481408,8112,Drake London,WR,18.3,1,0
2024,7,5,716698629934481408,6801,Tee Higgins,WR,18.2,0,0
2024,7,5,716698629934481408,11637,Keon Coleman,WR,17.0,0,0
2024,7,5,716698629934481408,3163,Jared Goff,QB,16.8,1,0
2024,7,5,716698629934481408,PHI,Philadelphia Eagles,DEF,16.5,1,0
2024,7,5,716698629934481408,9229,Anthony Richardson,QB,8.76,1,0
2024,7,5,716698629934481408,10859,Sam LaPorta,TE,3.5,1,0
2024,7,5,716698629934481408,6130,Devin Singletary,RB,3.1,0,0
2024,7,5,716698629934481408,10222,Jayden Reed,WR,3.0,1,0
2024,7,5,716698629934481408,9753,Zach Charbonnet,RB,1.9,0,0
2024,7,5,716698629934481408,4666,Younghoe Koo,K,0,1,0
2024,7,5,716698629934481408,6826,Cole Kmet,TE,0,0,0
2024,7,5,716698629934481408,7543,Travis Etienne,RB,0,0,0
2024,7,6,736740647758938112,5859,A.J. Brown,WR,20.4,1,0
2024,7,6,736740647758938112,11604,Brock Bowers,TE,19.3,0,0
2024,7,6,736740647758938112,8121,Romeo Doubs,WR,17.4,0,0
2024,7,6,736740647758938112,6804,Jordan Love,QB,16.8,1,0
2024,7,6,736740647758938112,96,Aaron Rodgers,QB,13.04,0,0
2024,7,6,736740647758938112,7594,Chuba Hubbard,RB,11.2,1,0
2024,7,6,736740647758938112,8138,James Cook,RB,9.2,0,0
2024,7,6,736740647758938112,5892,David Montgomery,RB,8.0,1,0
2024,7,6,736740647758938112,2449,Stefon Diggs,WR,7.3,1,0
2024,7,6,736740647758938112,1466,Travis Kelce,TE,5.7,1,0
2024,7,6,736740647758938112,4227,Harrison Butker,K,4.0,1,0
2024,7,6,736740647758938112,4663,Austin Ekeler,RB,4.0,0,0
2024,7,6,736740647758938112,421,Matthew Stafford,QB,3.96,1,0
2024,7,6,736740647758938112,3321,Tyreek Hill,WR,2.3,1,0
2024,7,6,736740647758938112,BAL,Baltimore Ravens,DEF,2.25,0,0
2024,7,6,736740647758938112,NO,New Orleans Saints,DEF,2.0,1,0
2024,7,6,736740647758938112,7021,Rico Dowdle,RB,0,0,0
2024,7,7,735974647736213504,4881,Lamar Jackson,QB,34.44,1,0
2024,7,7,735974647736213504,3198,Derrick Henry,RB,25.7,1,0
2024,7,7,735974647736213504,4033,David Njoku,TE,23.6,1,0
2024,7,7,735974647736213504,6794,Justin Jefferson,WR,21.4,1,0
2024,7,7,735974647736213504,8134,Khalil Shakir,WR,13.5,0,0
2024,7,7,735974647736213504,JAX,Jacksonville Jaguars,DEF,12.5,1,0
2024,7,7,735974647736213504,6806,J.K. Dobbins,RB,9.6,1,0
2024,7,7,735974647736213504,6819,Michael Pittman,WR,9.3,1,0
2024,7,7,735974647736213504,11635,Ladd McConkey,WR,8.6,0,0
2024,7,7,735974647736213504,11566,Jayden Daniels,QB,5.24,1,0
2024,7,7,735974647736213504,LAC,Los Angeles Chargers,DEF,5.0,0,0
2024,7,7,735974647736213504,4195,Jake Elliott,K,4.0,1,0
2024,7,7,735974647736213504,9997,Zay Flowers,WR,4.0,1,0
2024,7,7,735974647736213504,11583,Jonathon Brooks,RB,0,0,0
2024,7,7,735974647736213504,5844,T.J. Hockenson,TE,0,0,0
2024,7,7,735974647736213504,5947,Jakobi Meyers,WR,0,0,0
2024,7,7,735974647736213504,9493,Puka Nacua,WR,0,0,0
2024,7,8,736803054736822272,5850,Josh Jacobs,RB,20.2,1,0
2024,7,8,736803054736822272,4137,James Conner,RB,16.7,1,0
2024,7,8,736803054736822272,7528,Najee Harris,RB,16.7,0,0
2024,7,8,736803054736822272,6797,Justin Herbert,QB,15.26,1,0
2024,7,8,736803054736822272,11563,Bo Nix,QB,14.06,1,0
2024,7,8,736803054736822272,9486,Dontayvion Wicks,WR,13.8,0,0
2024,7,8,736803054736822272,BUF,Buffalo Bills,DEF,13.75,1,0
2024,7,8,736803054736822272,9484,Tucker Kraft,TE,12.3,1,0
2024,7,8,736803054736822272,6083,Matt Gay,K,12.0,1,0
2024,7,8,736803054736822272,2216,Mike Evans,WR,9.5,1,0
2024,7,8,736803054736822272,4066,Evan Engram,TE,8.5,0,0
2024,7,8,736803054736822272,6845,Zack Moss,RB,7.0,0,0
2024,7,8,736803054736822272,11628,Marvin Harrison,WR,5.1,1,0
2024,7,8,736803054736822272,6783,Jerry Jeudy,WR,2.8,0,0
2024,7,8,736803054736822272,7525,DeVonta Smith,WR,0.8,1,0
2024,7,8,736803054736822272,3294,Dak Prescott,QB,0,0,0
2024,7,9,710284244835979264,4892,Baker Mayfield,QB,27.5,1,0
2024,7,9,710284244835979264,7588,Javonte Williams,RB,26.1,1,0
2024,7,9,710284244835979264,6904,Jalen Hurts,QB,22.76,1,0
2024,7,9,710284244835979264,5012,Mark Andrews,TE,20.1,1,0
2024,7,9,710284244835979264,8150,Kyren Williams,RB,19.6,1,0
2024,7,9,710284244835979264,LAR,Los Angeles Rams,DEF,17.5,1,0
2024,7,9,710284244835979264,8146,Garrett Wilson,WR,13.1,1,0
2024,7,9,710284244835979264,3451,Ka'imi Fairbairn,K,12.0,1,0
2024,7,9,710284244835979264,2374,Tyler Lockett,WR,8.5,0,0
2024,7,9,710284244835979264,1166,Kirk Cousins,QB,7.18,0,0
2024,7,9,710284244835979264,7600,Pat Freiermuth,TE,7.1,0,0
2024,7,9,710284244835979264,6803,Brandon Aiyuk,WR,4.3,1,0
2024,7,9,710284244835979264,5937,Diontae Johnson,WR,2.7,1,0
2024,7,9,710284244835979264,5045,Courtland Sutton,WR,0,0,0
2024,7,9,710284244835979264,6790,D'Andre Swift,RB,0,0,0
2024,7,9,710284244835979264,8205,Isiah Pacheco,RB,0,0,0
2024,7,9,710284244835979264,NYJ,New York Jets,DEF,-4.75,0,0
2024,7,10,475399371639222272,8155,Breece Hall,RB,26.6,1,0
2024,7,10,475399371639222272,8183,Brock Purdy,QB,17.18,1,0
2024,7,10,475399371639222272,2309,Amari Cooper,WR,16.6,1,0
2024,7,10,475399371639222272,7553,Kyle Pitts,TE,13.5,1,0
2024,7,10,475399371639222272,9226,De'Von Achane,RB,10.5,1,0
2024,7,10,475399371639222272,7042,Tyler Bass,K,10.0,1,0
2024,7,10,475399371639222272,SF,San Francisco 49ers,DEF,6.5,1,0
2024,7,10,475399371639222272,5870,Daniel Jones,QB,5.96,0,0
2024,7,10,475399371639222272,9758,C.J. Stroud,QB,5.34,1,0
2024,7,10,475399371639222272,7611,Rhamondre Stevenson,RB,4.5,0,0
2024,7,10,475399371639222272,2749,Raheem Mostert,RB,3.0,0,0
2024,7,10,475399371639222272,11576,Braelon Allen,RB,1.6,0,0
2024,7,10,475399371639222272,4040,JuJu Smith-Schuster,WR,0,0,0
2024,7,10,475399371639222272,5872,Deebo Samuel,WR,0,1,0
2024,7,10,475399371639222272,6786,CeeDee Lamb,WR,0,0,0
2024,7,10,475399371639222272,9502,Tank Dell,WR,0,1,0
2024,8,1,608781531883859968,9500,Josh Downs,WR,24.2,0,0
2024,8,1,608781531883859968,9509,Bijan Robinson,RB,23.6,1,0
2024,8,1,608781531883859968,7523,Trevor Lawrence,QB,23.32,0,0
2024,8,1,608781531883859968,8130,Trey McBride,TE,21.9,1,0
2024,8,1,608781531883859968,5849,Kyler Murray,QB,21.68,1,0
2024,8,1,608781531883859968,7564,Ja'Marr Chase,WR,20.4,1,0
2024,8,1,608781531883859968,4035,Alvin Kamara,RB,18.2,1,0
2024,8,1,608781531883859968,5967,Tony Pollard,RB,14.7,0,0
2024,8,1,608781531883859968,PIT,Pittsburgh Steelers,DEF,14.5,1,0
2024,8,1,608781531883859968,11632,Malik Nabers,WR,14.1,1,0
2024,8,1,608781531883859968,1945,Chris Boswell,K,14.0,1,0
2024,8,1,608781531883859968,9229,Anthony Richardson,QB,11.5,1,0
2024,8,1,608781531883859968,2133,Davante Adams,WR,9.4,1,0
2024,8,1,608781531883859968,11620,Rome Odunze,WR,8.4,0,0
2024,8,1,608781531883859968,8126,Wan'Dale Robinson,WR,8.0,0,0
2024,8,1,608781531883859968,11565,J.J. McCarthy,QB,0,0,0
2024,8,1,608781531883859968,8148,Jameson Williams,WR,0,0,0
2024,8,2,736077599457026048,6813,Jonathan Taylor,RB,19.2,1,0
2024,8,2,736077599457026048,4984,Josh Allen,QB,18.82,1,0
2024,8,2,736077599457026048,7090,Darnell Mooney,WR,18.6,0,0
2024,8,2,736077599457026048,11584,Bucky Irving,RB,15.4,0,0
2024,8,2,736077599457026048,11631,Brian Thomas,WR,15.0,1,0
2024,8,2,736077599457026048,1234,Russell Wilson,QB,13.82,1,0
2024,8,2,736077599457026048,DEN,Denver Broncos,DEF,13.5,1,0
2024,8,2,736077599457026048,4098,Kareem Hunt,RB,13.3,1,0
2024,8,2,736077599457026048,9488,Jaxon Smith-Njigba,WR,12.9,0,0
2024,8,2,736077599457026048,4866,Saquon Barkley,RB,12.6,1,0
2024,8,2,736077599457026048,9224,Chase Brown,RB,11.4,0,0
2024,8,2,736077599457026048,7526,Jaylen Waddle,WR,8.5,0,0
2024,8,2,736077599457026048,8110,Jake Ferguson,TE,7.3,1,0
2024,8,2,736077599457026048,11533,Brandon Aubrey,K,6.0,1,0
2024,8,2,736077599457026048,4983,DJ Moore,WR,5.4,1,0
2024,8,2,736077599457026048,7569,Nico Collins,WR,0,0,0
2024,8,2,736077599457026048,7591,Justin Fields,QB,0,0,0
2024,8,3,737091087440674816,4018,Joe Mixon,RB,23.9,1,0
2024,8,3,737091087440674816,11624,Xavier Worthy,WR,13.7,0,0
2024,8,3,737091087440674816,6770,Joe Burrow,QB,13.36,1,0
2024,8,3,737091087440674816,10236,Dalton Kincaid,TE,13.1,1,0
2024,8,3,737091087440674816,6768,Tua Tagovailoa,QB,12.16,0,0
2024,8,3,737091087440674816,4199,Aaron Jones,RB,11.5,1,0
2024,8,3,737091087440674816,8137,George Pickens,WR,11.4,1,0
2024,8,3,737091087440674816,KC,Kansas City Chiefs,DEF,10.75,1,0
2024,8,3,737091087440674816,1373,Geno Smith,QB,7.08,1,0
2024,8,3,737091087440674816,1479,Keenan Allen,WR,5.9,1,0
2024,8,3,737091087440674816,4988,Nick Chubb,RB,5.2,0,0
2024,8,3,737091087440674816,7839,Evan McPherson,K,3.0,1,0
2024,8,3,737091087440674816,11586,Blake Corum,RB,2.8,0,0
2024,8,3,737091087440674816,8408,Jordan Mason,RB,1.8,1,0
2024,8,3,737091087440674816,4034,Christian McCaffrey,RB,0,0,0
2024,8,3,737091087440674816,4037,Chris Godwin,WR,0,0,0
2024,8,3,737091087440674816,5846,DK Metcalf,WR,0,0,0
2024,8,4,736744257179770880,4217,George Kittle,TE,25.3,1,0
2024,8,4,736744257179770880,9221,Jahmyr Gibbs,RB,22.3,1,0
2024,8,4,736744257179770880,8144,Chris Olave,WR,19.2,1,0
2024,8,4,736744257179770880,4046,Patrick Mahomes,QB,18.68,0,0
2024,8,4,736744257179770880,4943,Sam Darnold,QB,18.2,1,0
2024,8,4,736744257179770880,5927,Terry McLaurin,WR,18.0,1,0
2024,8,4,736744257179770880,4039,Cooper Kupp,WR,16.1,1,0
2024,8,4,736744257179770880,8136,Rachaad White,RB,15.7,1,0
2024,8,4,736744257179770880,11560,Caleb Williams,QB,9.94,1,0
2024,8,4,736744257179770880,11618,Jalen McMillan,WR,9.2,0,0
2024,8,4,736744257179770880,8154,Brian Robinson,RB,8.6,0,0
2024,8,4,736744257179770880,4950,Christian Kirk,WR,7.9,0,0
2024,8,4,736744257179770880,1264,Justin Tucker,K,5.0,1,0
2024,8,4,736744257179770880,7049,Jauan Jennings,WR,0,0,0
2024,8,4,736744257179770880,CHI,Chicago Bears,DEF,0,1,0
2024,8,5,716698629934481408,2306,Jameis Winston,QB,24.06,1,0
2024,8,5,716698629934481408,11637,Keon Coleman,WR,18.0,0,0
2024,8,5,716698629934481408,10859,Sam LaPorta,TE,16.8,0,0
2024,8,5,716698629934481408,3163,Jared Goff,QB,13.5,1,0
2024,8,5,716698629934481408,11564,Drake Maye,QB,11.52,0,0
2024,8,5,716698629934481408,HOU,Houston Texans,DEF,10.75,1,0
2024,8,5,716698629934481408,9225,Tank Bigsby,RB,10.6,1,0
2024,8,5,716698629934481408,7547,Amon-Ra St. Brown,WR,8.7,1,0
2024,8,5,716698629934481408,8151,Kenneth Walker,RB,8.5,1,0
2024,8,5,716698629934481408,10222,Jayden Reed,WR,7.5,1,0
2024,8,5,716698629934481408,8112,Drake London,WR,7.4,1,0
2024,8,5,716698629934481408,6826,Cole Kmet,TE,4.4,1,0
2024,8,5,716698629934481408,6130,Devin Singletary,RB,4.3,0,0
2024,8,5,716698629934481408,4666,Younghoe Koo,K,4.0,1,0
2024,8,5,716698629934481408,6801,Tee Higgins,WR,0,0,0
2024,8,5,716698629934481408,7543,Travis Etienne,RB,0,0,0
2024,8,6,736740647758938112,8138,James Cook,RB,28.8,1,0
2024,8,6,736740647758938112,421,Matthew Stafford,QB,25.26,0,0
2024,8,6,736740647758938112,1466,Travis Kelce,TE,24.0,0,0
2024,8,6,736740647758938112,96,Aaron Rodgers,QB,17.32,1,0
2024,8,6,736740647758938112,5892,David Montgomery,RB,14.92,1,0
2024,8,6,736740647758938112,5859,A.J. Brown,WR,13.4,1,0
2024,8,6,736740647758938112,3321,Tyreek Hill,WR,13.2,1,0
2024,8,6,736740647758938112,2449,Stefon Diggs,WR,12.7,1,0
2024,8,6,736740647758938112,11604,Brock Bowers,TE,10.8,1,0
2024,8,6,736740647758938112,8121,Romeo Doubs,WR,10.2,0,0
2024,8,6,736740647758938112,4227,Harrison Butker,K,10.0,1,0
2024,8,6,736740647758938112,7594,Chuba Hubbard,RB,9.1,0,0
2024,8,6,736740647758938112,4663,Austin Ekeler,RB,7.8,0,0
2024,8,6,736740647758938112,6804,Jordan Love,QB,5.74,1,0
2024,8,6,736740647758938112,BAL,Baltimore Ravens,DEF,0.5,1,0
2024,8,6,736740647758938112,7021,Rico Dowdle,RB,0,0,0
2024,8,7,735974647736213504,11635,Ladd McConkey,WR,31.1,1,0
2024,8,7,735974647736213504,4881,Lamar Jackson,QB,24.16,1,0
2024,8,7,735974647736213504,7611,Rhamondre Stevenson,RB,23.5,0,0
2024,8,7,735974647736213504,11566,Jayden Daniels,QB,23.24,1,0
2024,8,7,735974647736213504,6794,Justin Jefferson,WR,20.0,1,0
2024,8,7,735974647736213504,9493,Puka Nacua,WR,18.6,0,0
2024,8,7,735974647736213504,5947,Jakobi Meyers,WR,17.2,0,0
2024,8,7,735974647736213504,4033,David Njoku,TE,17.1,1,0
2024,8,7,735974647736213504,6806,J.K. Dobbins,RB,16.8,1,0
2024,8,7,735974647736213504,3198,Derrick Henry,RB,14.7,1,0
2024,8,7,735974647736213504,9502,Tank Dell,WR,13.5,1,0
2024,8,7,735974647736213504,LAC,Los Angeles Chargers,DEF,8.25,1,0
2024,8,7,735974647736213504,1426,DeAndre Hopkins,WR,4.9,0,0
2024,8,7,735974647736213504,3678,Wil Lutz,K,4.0,1,0
2024,8,7,735974647736213504,6819,Michael Pittman,WR,2.6,0,0
2024,8,7,735974647736213504,11583,Jonathon Brooks,RB,0,0,0
2024,8,7,735974647736213504,5844,T.J. Hockenson,TE,0,0,0
2024,8,8,736803054736822272,11563,Bo Nix,QB,30.26,1,0
2024,8,8,736803054736822272,5850,Josh Jacobs,RB,26.0,1,0
2024,8,8,736803054736822272,6797,Justin Herbert,QB,25.06,1,0
2024,8,8,736803054736822272,11628,Marvin Harrison,WR,23.6,1,0
2024,8,8,736803054736822272,7525,DeVonta Smith,WR,21.0,1,0
2024,8,8,736803054736822272,9484,Tucker Kraft,TE,16.8,1,0
2024,8,8,736803054736822272,7528,Najee Harris,RB,16.6,0,0
2024,8,8,736803054736822272,4137,James Conner,RB,14.9,1,0
2024,8,8,736803054736822272,3294,Dak Prescott,QB,14.12,0,0
2024,8,8,736803054736822272,4066,Evan Engram,TE,13.6,0,0
2024,8,8,736803054736822272,6783,Jerry Jeudy,WR,12.9,1,0
2024,8,8,736803054736822272,BUF,Buffalo Bills,DEF,11.75,1,0
2024,8,8,736803054736822272,6083,Matt Gay,K,9.0,1,0
2024,8,8,736803054736822272,6845,Zack Moss,RB,6.9,0,0
2024,8,8,736803054736822272,9486,Dontayvion Wicks,WR,3.1,0,0
2024,8,8,736803054736822272,2216,Mike Evans,WR,0,0,0
2024,8,9,710284244835979264,6904,Jalen Hurts,QB,35.14,1,0
2024,8,9,710284244835979264,1166,Kirk Cousins,QB,27.64,1,0
2024,8,9,710284244835979264,8150,Kyren Williams,RB,22.6,1,0
2024,8,9,710284244835979264,4892,Baker Mayfield,QB,21.8,0,0
2024,8,9,710284244835979264,6790,D'Andre Swift,RB,20.9,1,0
2024,8,9,710284244835979264,5045,Courtland Sutton,WR,17.62,0,0
2024,8,9,710284244835979264,8146,Garrett Wilson,WR,16.8,1,0
2024,8,9,710284244835979264,DET,Detroit Lions,DEF,15.75,1,0
2024,8,9,710284244835979264,5012,Mark Andrews,TE,14.6,1,0
2024,8,9,710284244835979264,3451,Ka'imi Fairbairn,K,11.0,1,0
2024,8,9,710284244835979264,7588,Javonte Williams,RB,9.2,1,0
2024,8,9,710284244835979264,NYJ,New York Jets,DEF,5.5,0,0
2024,8,9,710284244835979264,7600,Pat Freiermuth,TE,3.9,0,0
2024,8,9,710284244835979264,2374,Tyler Lockett,WR,1.9,1,0
2024,8,9,710284244835979264,5937,Diontae Johnson,WR,0,0,0
2024,8,9,710284244835979264,6803,Brandon Aiyuk,WR,0,0,0
2024,8,9,710284244835979264,8205,Isiah Pacheco,RB,0,0,0
2024,8,10,475399371639222272,6786,CeeDee Lamb,WR,40.1,1,0
2024,8,10,475399371639222272,9226,De'Von Achane,RB,26.7,1,0
2024,8,10,475399371639222272,7553,Kyle Pitts,TE,25.6,1,0
2024,8,10,475399371639222272,8183,Brock Purdy,QB,25.0,1,0
2024,8,10,475399371639222272,11655,Tyrone Tracy,RB,24.0,0,0
2024,8,10,475399371639222272,8134,Khalil Shakir,WR,20.4,0,0
2024,8,10,475399371639222272,9997,Zay Flowers,WR,19.0,1,0
2024,8,10,475399371639222272,2749,Raheem Mostert,RB,16.0,0,0
2024,8,10,475399371639222272,9758,C.J. Stroud,QB,12.9,1,0
2024,8,10,475399371639222272,5872,Deebo Samuel,WR,12.6,0,0
2024,8,10,475399371639222272,SF,San Francisco 49ers,DEF,11.0,1,0
2024,8,10,475399371639222272,5987,Alexander Mattison,RB,9.4,0,0
2024,8,10,475399371639222272,8155,Breece Hall,RB,8.9,1,0
2024,8,10,475399371639222272,7042,Tyler Bass,K,7.0,1,0
2024,8,10,475399371639222272,5870,Daniel Jones,QB,6.66,0,0
2024,8,10,475399371639222272,2309,Amari Cooper,WR,1.3,1,0
2024,8,10,475399371639222272,4040,JuJu Smith-Schuster,WR,0,0,0
2024,9,1,608781531883859968,4035,Alvin Kamara,RB,28.0,1,0
2024,9,1,608781531883859968,2133,Davante Adams,WR,22.1,1,0
2024,9,1,608781531883859968,9509,Bijan Robinson,RB,21.5,1,0
2024,9,1,608781531883859968,7523,Trevor Lawrence,QB,19.56,0,0
2024,9,1,608781531883859968,5967,Tony Pollard,RB,18.9,0,0
2024,9,1,608781531883859968,11620,Rome Odunze,WR,15.9,0,0
2024,9,1,608781531883859968,11632,Malik Nabers,WR,14.9,1,0
2024,9,1,608781531883859968,CIN,Cincinnati Bengals,DEF,12.75,1,0
2024,9,1,608781531883859968,8130,Trey McBride,TE,12.7,1,0
2024,9,1,608781531883859968,9500,Josh Downs,WR,12.0,1,0
2024,9,1,608781531883859968,7564,Ja'Marr Chase,WR,11.3,1,0
2024,9,1,608781531883859968,6650,Chase McLaughlin,K,7.0,1,0
2024,9,1,608781531883859968,5849,Kyler Murray,QB,4.76,1,0
2024,9,1,608781531883859968,8126,Wan'Dale Robinson,WR,4.0,0,0
2024,9,1,608781531883859968,19,Joe Flacco,QB,3.06,0,0
2024,9,1,608781531883859968,11565,J.J. McCarthy,QB,0,0,0
2024,9,1,608781531883859968,1945,Chris Boswell,K,0,0,0
2024,9,1,608781531883859968,8148,Jameson Williams,WR,0,0,0
2024,9,2,736077599457026048,9488,Jaxon Smith-Njigba,WR,37.5,0,0
2024,9,2,736077599457026048,4866,Saquon Barkley,RB,33.4,1,0
2024,9,2,736077599457026048,9224,Chase Brown,RB,27.2,1,0
2024,9,2,736077599457026048,4984,Josh Allen,QB,23.6,1,0
2024,9,2,736077599457026048,8111,Cade Otton,TE,21.7,1,0
2024,9,2,736077599457026048,7090,Darnell Mooney,WR,19.8,1,0
2024,9,2,736077599457026048,4098,Kareem Hunt,RB,19.2,1,0
2024,9,2,736077599457026048,8110,Jake Ferguson,TE,14.1,0,0
2024,9,2,736077599457026048,8112,Drake London,WR,10.7,1,0
2024,9,2,736077599457026048,11533,Brandon Aubrey,K,9.0,1,0
2024,9,2,736077599457026048,7526,Jaylen Waddle,WR,7.6,0,0
2024,9,2,736077599457026048,4983,DJ Moore,WR,7.3,1,0
2024,9,2,736077599457026048,11584,Bucky Irving,RB,6.4,0,0
2024,9,2,736077599457026048,11631,Brian Thomas,WR,6.2,0,0
2024,9,2,736077599457026048,WAS,Washington Commanders,DEF,4.5,1,0
2024,9,2,736077599457026048,1234,Russell Wilson,QB,0,0,0
2024,9,2,736077599457026048,7569,Nico Collins,WR,0,0,0
2024,9,3,737091087440674816,6770,Joe Burrow,QB,29.64,1,0
2024,9,3,737091087440674816,1373,Geno Smith,QB,21.12,1,0
2024,9,3,737091087440674816,6768,Tua Tagovailoa,QB,18.04,0,0
2024,9,3,737091087440674816,4018,Joe Mixon,RB,17.1,1,0
2024,9,3,737091087440674816,4199,Aaron Jones,RB,12.2,1,0
2024,9,3,737091087440674816,7839,Evan McPherson,K,12.0,1,0
2024,9,3,737091087440674816,1479,Keenan Allen,WR,7.6,1,0
2024,9,3,737091087440674816,10236,Dalton Kincaid,TE,7.2,1,0
2024,9,3,737091087440674816,KC,Kansas City Chiefs,DEF,5.5,1,0
2024,9,3,737091087440674816,4988,Nick Chubb,RB,4.5,1,0
2024,9,3,737091087440674816,4034,Christian McCaffrey,RB,0,0,0
2024,9,3,737091087440674816,4037,Chris Godwin,WR,0,0,0
2024,9,3,737091087440674816,5846,DK Metcalf,WR,0,0,0
2024,9,3,737091087440674816,8137,George Pickens,WR,0,0,0
2024,9,3,737091087440674816,8408,Jordan Mason,RB,0,0,0
2024,9,3,737091087440674816,11586,Blake Corum,RB,-0.1,0,0
2024,9,3,737091087440674816,11624,Xavier Worthy,WR,-1.0,1,0
2024,9,4,736744257179770880,4046,Patrick Mahomes,QB,25.04,0,0
2024,9,4,736744257179770880,4039,Cooper Kupp,WR,21.9,1,0
2024,9,4,736744257179770880,4943,Sam Darnold,QB,19.5,1,0
2024,9,4,736744257179770880,4381,Taysom Hill,TE,16.0,1,0
2024,9,4,736744257179770880,5927,Terry McLaurin,WR,15.9,1,0
2024,9,4,736744257179770880,9221,Jahmyr Gibbs,RB,14.6,1,0
2024,9,4,736744257179770880,8136,Rachaad White,RB,12.5,1,0
2024,9,4,736744257179770880,1264,Justin Tucker,K,11.0,1,0
2024,9,4,736744257179770880,11560,Caleb Williams,QB,9.18,1,0
2024,9,4,736744257179770880,CHI,Chicago Bears,DEF,6.75,1,0
2024,9,4,736744257179770880,8144,Chris Olave,WR,2.3,1,0
2024,9,4,736744257179770880,11618,Jalen McMillan,WR,0,0,0
2024,9,4,736744257179770880,4217,George Kittle,TE,0,0,0
2024,9,4,736744257179770880,4950,Christian Kirk,WR,0,0,0
2024,9,4,736744257179770880,7049,Jauan Jennings,WR,0,0,0
2024,9,4,736744257179770880,8154,Brian Robinson,RB,0,0,0
2024,9,5,716698629934481408,7547,Amon-Ra St. Brown,WR,18.6,1,0
2024,9,5,716698629934481408,10222,Jayden Reed,WR,16.8,1,0
2024,9,5,716698629934481408,11564,Drake Maye,QB,15.24,0,0
2024,9,5,716698629934481408,8151,Kenneth Walker,RB,13.7,1,0
2024,9,5,716698629934481408,PHI,Philadelphia Eagles,DEF,13.0,1,0
2024,9,5,716698629934481408,2306,Jameis Winston,QB,9.6,1,0
2024,9,5,716698629934481408,3163,Jared Goff,QB,9.6,1,0
2024,9,5,716698629934481408,6813,Jonathan Taylor,RB,8.9,1,0
2024,9,5,716698629934481408,11637,Keon Coleman,WR,5.1,1,0
2024,9,5,716698629934481408,7543,Travis Etienne,RB,5.0,0,0
2024,9,5,716698629934481408,10859,Sam LaPorta,TE,4.8,1,0
2024,9,5,716698629934481408,6130,Devin Singletary,RB,3.3,0,0
2024,9,5,716698629934481408,4666,Younghoe Koo,K,3.0,1,0
2024,9,5,716698629934481408,9225,Tank Bigsby,RB,2.2,0,0
2024,9,5,716698629934481408,6801,Tee Higgins,WR,0,0,0
2024,9,5,716698629934481408,6826,Cole Kmet,TE,0,0,0
2024,9,6,736740647758938112,1466,Travis Kelce,TE,22.5,1,0
2024,9,6,736740647758938112,7021,Rico Dowdle,RB,21.7,0,0
2024,9,6,736740647758938112,7594,Chuba Hubbard,RB,21.2,1,0
2024,9,6,736740647758938112,96,Aaron Rodgers,QB,20.34,1,0
2024,9,6,736740647758938112,421,Matthew Stafford,QB,17.42,1,0
2024,9,6,736740647758938112,4663,Austin Ekeler,RB,17.3,0,0
2024,9,6,736740647758938112,11604,Brock Bowers,TE,15.5,1,0
2024,9,6,736740647758938112,TEN,Tennessee Titans,DEF,13.0,0,0
2024,9,6,736740647758938112,5892,David Montgomery,RB,12.6,0,0
2024,9,6,736740647758938112,MIN,Minnesota Vikings,DEF,12.25,1,0
2024,9,6,736740647758938112,3321,Tyreek Hill,WR,12.0,1,0
2024,9,6,736740647758938112,8138,James Cook,RB,11.9,1,0
2024,9,6,736740647758938112,6804,Jordan Love,QB,7.92,0,0
2024,9,6,736740647758938112,4227,Harrison Butker,K,7.0,1,0
2024,9,6,736740647758938112,8121,Romeo Doubs,WR,6.8,0,0
2024,9,6,736740647758938112,5859,A.J. Brown,WR,5.6,1,0
2024,9,7,735974647736213504,1426,DeAndre Hopkins,WR,28.6,0,0
2024,9,7,735974647736213504,3198,Derrick Henry,RB,25.8,1,0
2024,9,7,735974647736213504,6806,J.K. Dobbins,RB,24.5,1,0
2024,9,7,735974647736213504,4881,Lamar Jackson,QB,23.6,1,0
2024,9,7,735974647736213504,7611,Rhamondre Stevenson,RB,22.4,0,0
2024,9,7,735974647736213504,6794,Justin Jefferson,WR,22.08,1,0
2024,9,7,735974647736213504,LAC,Los Angeles Chargers,DEF,21.0,1,0
2024,9,7,735974647736213504,11566,Jayden Daniels,QB,19.86,1,0
2024,9,7,735974647736213504,9502,Tank Dell,WR,19.1,1,0
2024,9,7,735974647736213504,5947,Jakobi Meyers,WR,19.0,0,0
2024,9,7,735974647736213504,11635,Ladd McConkey,WR,11.4,0,0
2024,9,7,735974647736213504,6219,Austin Seibert,K,9.0,1,0
2024,9,7,735974647736213504,4033,David Njoku,TE,7.9,1,0
2024,9,7,735974647736213504,5844,T.J. Hockenson,TE,5.7,0,0
2024,9,7,735974647736213504,6819,Michael Pittman,WR,2.4,0,0
2024,9,7,735974647736213504,9493,Puka Nacua,WR,2.1,1,0
2024,9,7,735974647736213504,11583,Jonathon Brooks,RB,0,0,0
2024,9,8,736803054736822272,6797,Justin Herbert,QB,20.48,1,0
2024,9,8,736803054736822272,7525,DeVonta Smith,WR,18.7,1,0
2024,9,8,736803054736822272,11563,Bo Nix,QB,17.72,1,0
2024,9,8,736803054736822272,4137,James Conner,RB,15.4,1,0
2024,9,8,736803054736822272,6783,Jerry Jeudy,WR,14.3,1,0
2024,9,8,736803054736822272,5850,Josh Jacobs,RB,12.8,1,0
2024,9,8,736803054736822272,3294,Dak Prescott,QB,12.32,0,0
2024,9,8,736803054736822272,4066,Evan Engram,TE,11.5,0,0
2024,9,8,736803054736822272,6083,Matt Gay,K,8.0,1,0
2024,9,8,736803054736822272,9484,Tucker Kraft,TE,7.6,1,0
2024,9,8,736803054736822272,11628,Marvin Harrison,WR,3.4,1,0
2024,9,8,736803054736822272,BUF,Buffalo Bills,DEF,1.75,1,0
2024,9,8,736803054736822272,2216,Mike Evans,WR,0,0,0
2024,9,8,736803054736822272,6845,Zack Moss,RB,0,0,0
2024,9,8,736803054736822272,7528,Najee Harris,RB,0,0,0
2024,9,8,736803054736822272,9486,Dontayvion Wicks,WR,0,0,0
2024,9,9,710284244835979264,8146,Garrett Wilson,WR,30.0,1,0
2024,9,9,710284244835979264,6904,Jalen Hurts,QB,29.9,1,0
2024,9,9,710284244835979264,5045,Courtland Sutton,WR,23.78,1,0
2024,9,9,710284244835979264,10444,Cedric Tillman,WR,19.5,1,0
2024,9,9,710284244835979264,4892,Baker Mayfield,QB,18.0,0,0
2024,9,9,710284244835979264,1166,Kirk Cousins,QB,16.78,1,0
2024,9,9,710284244835979264,2374,Tyler Lockett,WR,15.3,0,0
2024,9,9,710284244835979264,6790,D'Andre Swift,RB,13.2,1,0
2024,9,9,710284244835979264,NYJ,New York Jets,DEF,12.0,1,0
2024,9,9,710284244835979264,7588,Javonte Williams,RB,10.4,0,0
2024,9,9,710284244835979264,8150,Kyren Williams,RB,9.5,1,0
2024,9,9,710284244835979264,DET,Detroit Lions,DEF,7.5,0,0
2024,9,9,710284244835979264,5012,Mark Andrews,TE,4.6,1,0
2024,9,9,710284244835979264,3451,Ka'imi Fairbairn,K,3.0,1,0
2024,9,9,710284244835979264,5937,Diontae Johnson,WR,0,0,0
2024,9,9,710284244835979264,7600,Pat Freiermuth,TE,0,0,0
2024,9,9,710284244835979264,8205,Isiah Pacheco,RB,0,0,0
2024,9,10,475399371639222272,9226,De'Von Achane,RB,32.1,1,0
2024,9,10,475399371639222272,9997,Zay Flowers,WR,31.7,1,0
2024,9,10,475399371639222272,6786,CeeDee Lamb,WR,16.2,1,0
2024,9,10,475399371639222272,2028,Derek Carr,QB,13.44,1,0
2024,9,10,475399371639222272,9758,C.J. Stroud,QB,11.54,1,0
2024,9,10,475399371639222272,8134,Khalil Shakir,WR,11.0,0,0
2024,9,10,475399371639222272,8155,Breece Hall,RB,9.5,1,0
2024,9,10,475399371639222272,11655,Tyrone Tracy,RB,7.9,1,0
2024,9,10,475399371639222272,NO,New Orleans Saints,DEF,5.75,1,0
2024,9,10,475399371639222272,5987,Alexander Mattison,RB,3.6,0,0
2024,9,10,475399371639222272,7553,Kyle Pitts,TE,2.1,1,0
2024,9,10,475399371639222272,2309,Amari Cooper,WR,0,0,0
2024,9,10,475399371639222272,5872,Deebo Samuel,WR,0,0,0
2024,9,10,475399371639222272,8183,Brock Purdy,QB,0,0,0
2024,9,10,475399371639222272,PIT,Pittsburgh Steelers,DEF,0,0,0
2024,9,10,475399371639222272,11792,Will Reichard,K,-2.0,1,0
2024,10,1,608781531883859968,7564,Ja'Marr Chase,WR,59.4,1,0
2024,10,1,608781531883859968,9509,Bijan Robinson,RB,29.9,1,0
2024,10,1,608781531883859968,5849,Kyler Murray,QB,27.74,1,0
2024,10,1,608781531883859968,4035,Alvin Kamara,RB,15.9,1,0
2024,10,1,608781531883859968,9500,Josh Downs,WR,14.2,1,0
2024,10,1,608781531883859968,19,Joe Flacco,QB,11.38,0,0
2024,10,1,608781531883859968,8130,Trey McBride,TE,11.1,1,0
2024,10,1,608781531883859968,11632,Malik Nabers,WR,10.8,1,0
2024,10,1,608781531883859968,5022,Dallas Goedert,TE,10.5,0,0
2024,10,1,608781531883859968,5967,Tony Pollard,RB,10.3,0,0
2024,10,1,608781531883859968,MIA,Miami Dolphins,DEF,9.5,0,0
2024,10,1,608781531883859968,2133,Davante Adams,WR,9.1,1,0
2024,10,1,608781531883859968,8148,Jameson Williams,WR,8.3,0,0
2024,10,1,608781531883859968,NYG,New York Giants,DEF,6.25,1,0
2024,10,1,608781531883859968,11620,Rome Odunze,WR,5.3,0,0
2024,10,1,608781531883859968,1945,Chris Boswell,K,4.0,1,0
2024,10,1,608781531883859968,11565,J.J. McCarthy,QB,0,0,0
2024,10,1,608781531883859968,7523,Trevor Lawrence,QB,0,0,0
2024,10,2,736077599457026048,9224,Chase Brown,RB,22.4,1,0
2024,10,2,736077599457026048,4984,Josh Allen,QB,18.2,1,0
2024,10,2,736077599457026048,1234,Russell Wilson,QB,18.1,1,0
2024,10,2,736077599457026048,11584,Bucky Irving,RB,17.7,0,0
2024,10,2,736077599457026048,8112,Drake London,WR,17.7,1,0
2024,10,2,736077599457026048,4098,Kareem Hunt,RB,17.0,1,0
2024,10,2,736077599457026048,7090,Darnell Mooney,WR,14.6,0,0
2024,10,2,736077599457026048,4866,Saquon Barkley,RB,8.8,1,0
2024,10,2,736077599457026048,8111,Cade Otton,TE,8.5,1,0
2024,10,2,736077599457026048,WAS,Washington Commanders,DEF,7.75,1,0
2024,10,2,736077599457026048,11533,Brandon Aubrey,K,7.0,1,0
2024,10,2,736077599457026048,4983,DJ Moore,WR,5.7,0,0
2024,10,2,736077599457026048,8110,Jake Ferguson,TE,4.4,0,0
2024,10,2,736077599457026048,11631,Brian Thomas,WR,3.2,0,0
2024,10,2,736077599457026048,7569,Nico Collins,WR,0,1,0
2024,10,2,736077599457026048,9488,Jaxon Smith-Njigba,WR,0,0,0
2024,10,3,737091087440674816,6770,Joe Burrow,QB,35.22,1,0
2024,10,3,737091087440674816,8137,George Pickens,WR,20.5,1,0
2024,10,3,737091087440674816,4018,Joe Mixon,RB,17.0,1,0
2024,10,3,737091087440674816,4034,Christian McCaffrey,RB,16.7,1,0
2024,10,3,737091087440674816,4199,Aaron Jones,RB,12.1,1,0
2024,10,3,737091087440674816,1479,Keenan Allen,WR,9.4,1,0
2024,10,3,737091087440674816,6768,Tua Tagovailoa,QB,8.18,1,0
2024,10,3,737091087440674816,KC,Kansas City Chiefs,DEF,8.0,1,0
2024,10,3,737091087440674816,10236,Dalton Kincaid,TE,4.4,1,0
2024,10,3,737091087440674816,7839,Evan McPherson,K,4.0,1,0
2024,10,3,737091087440674816,11586,Blake Corum,RB,2.5,0,0
2024,10,3,737091087440674816,11624,Xavier Worthy,WR,2.1,0,0
2024,10,3,737091087440674816,8408,Jordan Mason,RB,0.5,0,0
2024,10,3,737091087440674816,1373,Geno Smith,QB,0,0,0
2024,10,3,737091087440674816,4037,Chris Godwin,WR,0,0,0
2024,10,3,737091087440674816,4988,Nick Chubb,RB,0,0,0
2024,10,3,737091087440674816,5846,DK Metcalf,WR,0,0,0
2024,10,4,736744257179770880,8136,Rachaad White,RB,19.0,1,0
2024,10,4,736744257179770880,4046,Patrick Mahomes,QB,17.04,0,0
2024,10,4,736744257179770880,5927,Terry McLaurin,WR,16.8,1,0
2024,10,4,736744257179770880,7049,Jauan Jennings,WR,16.3,1,0
2024,10,4,736744257179770880,4039,Cooper Kupp,WR,15.0,1,0
2024,10,4,736744257179770880,4217,George Kittle,TE,14.7,1,0
2024,10,4,736744257179770880,9221,Jahmyr Gibbs,RB,12.8,1,0
2024,10,4,736744257179770880,4381,Taysom Hill,TE,7.0,0,0
2024,10,4,736744257179770880,4943,Sam Darnold,QB,6.44,1,0
2024,10,4,736744257179770880,11560,Caleb Williams,QB,6.3,1,0
2024,10,4,736744257179770880,CHI,Chicago Bears,DEF,5.75,1,0
2024,10,4,736744257179770880,1264,Justin Tucker,K,2.0,1,0
2024,10,4,736744257179770880,11618,Jalen McMillan,WR,0,0,0
2024,10,4,736744257179770880,4950,Christian Kirk,WR,0,0,0
2024,10,4,736744257179770880,8144,Chris Olave,WR,0,0,0
2024,10,4,736744257179770880,8154,Brian Robinson,RB,0,0,0
2024,10,5,716698629934481408,4981,Calvin Ridley,WR,25.9,1,0
2024,10,5,716698629934481408,PHI,Philadelphia Eagles,DEF,21.25,1,0
2024,10,5,716698629934481408,7547,Amon-Ra St. Brown,WR,18.0,1,0
2024,10,5,716698629934481408,10859,Sam LaPorta,TE,15.6,1,0
2024,10,5,716698629934481408,6813,Jonathan Taylor,RB,14.7,1,0
2024,10,5,716698629934481408,11564,Drake Maye,QB,11.76,1,0
2024,10,5,716698629934481408,3163,Jared Goff,QB,7.8,1,0
2024,10,5,716698629934481408,7543,Travis Etienne,RB,5.3,0,0
2024,10,5,716698629934481408,6826,Cole Kmet,TE,3.3,1,0
2024,10,5,716698629934481408,9225,Tank Bigsby,RB,0.4,1,0
2024,10,5,716698629934481408,10222,Jayden Reed,WR,0,0,0
2024,10,5,716698629934481408,11637,Keon Coleman,WR,0,0,0
2024,10,5,716698629934481408,2306,Jameis Winston,QB,0,0,0
2024,10,5,716698629934481408,6801,Tee Higgins,WR,0,0,0
2024,10,5,716698629934481408,7608,Khalil Herbert,RB,0,0,0
2024,10,5,716698629934481408,8151,Kenneth Walker,RB,0,0,0
2024,10,5,716698629934481408,4666,Younghoe Koo,K,-3.0,1,0
2024,10,6,736740647758938112,7594,Chuba Hubbard,RB,25.4,1,0
2024,10,6,736740647758938112,1466,Travis Kelce,TE,20.4,1,0
2024,10,6,736740647758938112,4663,Austin Ekeler,RB,18.1,0,0
2024,10,6,736740647758938112,5859,A.J. Brown,WR,16.4,1,0
2024,10,6,736740647758938112,8138,James Cook,RB,15.5,1,0
2024,10,6,736740647758938112,MIN,Minnesota Vikings,DEF,15.25,1,0
2024,10,6,736740647758938112,3321,Tyreek Hill,WR,11.7,1,0
2024,10,6,736740647758938112,5892,David Montgomery,RB,11.6,1,0
2024,10,6,736740647758938112,4227,Harrison Butker,K,10.0,1,0
2024,10,6,736740647758938112,7021,Rico Dowdle,RB,8.6,0,0
2024,10,6,736740647758938112,421,Matthew Stafford,QB,8.22,1,0
2024,10,6,736740647758938112,9756,Jordan Addison,WR,4.9,0,0
2024,10,6,736740647758938112,96,Aaron Rodgers,QB,4.04,1,0
2024,10,6,736740647758938112,3286,Demarcus Robinson,WR,3.3,0,0
2024,10,6,736740647758938112,11604,Brock Bowers,TE,0,0,0
2024,10,6,736740647758938112,6804,Jordan Love,QB,0,0,0
2024,10,6,736740647758938112,8121,Romeo Doubs,WR,0,0,0
2024,10,7,735974647736213504,4881,Lamar Jackson,QB,34.4,1,0
2024,10,7,735974647736213504,9493,Puka Nacua,WR,18.8,1,0
2024,10,7,735974647736213504,5844,T.J. Hockenson,TE,15.2,1,0
2024,10,7,735974647736213504,3198,Derrick Henry,RB,14.1,1,0
2024,10,7,735974647736213504,4195,Jake Elliott,K,10.0,1,0
2024,10,7,735974647736213504,6794,Justin Jefferson,WR,9.8,1,0
2024,10,7,735974647736213504,LAC,Los Angeles Chargers,DEF,9.75,1,0
2024,10,7,735974647736213504,1426,DeAndre Hopkins,WR,9.6,0,0
2024,10,7,735974647736213504,7611,Rhamondre Stevenson,RB,8.7,1,0
2024,10,7,735974647736213504,11566,Jayden Daniels,QB,8.58,1,0
2024,10,7,735974647736213504,6806,J.K. Dobbins,RB,8.5,0,0
2024,10,7,735974647736213504,9502,Tank Dell,WR,8.3,1,0
2024,10,7,735974647736213504,11635,Ladd McConkey,WR,7.2,0,0
2024,10,7,735974647736213504,11583,Jonathon Brooks,RB,0,0,0
2024,10,7,735974647736213504,4033,David Njoku,TE,0,0,0
2024,10,7,735974647736213504,5947,Jakobi Meyers,WR,0,0,0
2024,10,7,735974647736213504,9511,Keaton Mitchell,RB,0,0,0
2024,10,8,736803054736822272,4137,James Conner,RB,22.3,1,0
2024,10,8,736803054736822272,6797,Justin Herbert,QB,19.76,1,0
2024,10,8,736803054736822272,BUF,Buffalo Bills,DEF,19.5,1,0
2024,10,8,736803054736822272,11628,Marvin Harrison,WR,16.4,1,0
2024,10,8,736803054736822272,11563,Bo Nix,QB,15.1,1,0
2024,10,8,736803054736822272,7528,Najee Harris,RB,11.3,1,0
2024,10,8,736803054736822272,4066,Evan Engram,TE,10.0,1,0
2024,10,8,736803054736822272,7526,Jaylen Waddle,WR,8.6,1,0
2024,10,8,736803054736822272,6083,Matt Gay,K,8.0,1,0
2024,10,8,736803054736822272,7525,DeVonta Smith,WR,3.4,1,0
2024,10,8,736803054736822272,2216,Mike Evans,WR,0,0,0
2024,10,8,736803054736822272,3294,Dak Prescott,QB,0,0,0
2024,10,8,736803054736822272,5850,Josh Jacobs,RB,0,0,0
2024,10,8,736803054736822272,6783,Jerry Jeudy,WR,0,0,0
2024,10,8,736803054736822272,9484,Tucker Kraft,TE,0,0,0
2024,10,8,736803054736822272,9486,Dontayvion Wicks,WR,0,0,0
2024,10,8,736803054736822272,4574,Cooper Rush,QB,-2.0,0,0
2024,10,9,710284244835979264,6904,Jalen Hurts,QB,29.68,1,0
2024,10,9,710284244835979264,5045,Courtland Sutton,WR,19.0,1,0
2024,10,9,710284244835979264,5012,Mark Andrews,TE,18.8,1,0
2024,10,9,710284244835979264,8150,Kyren Williams,RB,11.2,1,0
2024,10,9,710284244835979264,3451,Ka'imi Fairbairn,K,11.0,1,0
2024,10,9,710284244835979264,7600,Pat Freiermuth,TE,10.7,0,0
2024,10,9,710284244835979264,DET,Detroit Lions,DEF,10.5,0,0
2024,10,9,710284244835979264,8146,Garrett Wilson,WR,9.1,1,0
2024,10,9,710284244835979264,1166,Kirk Cousins,QB,8.24,1,0
2024,10,9,710284244835979264,6790,D'Andre Swift,RB,7.5,1,0
2024,10,9,710284244835979264,4892,Baker Mayfield,QB,5.94,0,0
2024,10,9,710284244835979264,7588,Javonte Williams,RB,2.7,1,0
2024,10,9,710284244835979264,5937,Diontae Johnson,WR,1.6,0,0
2024,10,9,710284244835979264,10444,Cedric Tillman,WR,0,0,0
2024,10,9,710284244835979264,2374,Tyler Lockett,WR,0,0,0
2024,10,9,710284244835979264,8205,Isiah Pacheco,RB,0,0,0
2024,10,9,710284244835979264,NYJ,New York Jets,DEF,-2.75,1,0
2024,10,10,475399371639222272,8183,Brock Purdy,QB,23.32,1,0
2024,10,10,475399371639222272,11655,Tyrone Tracy,RB,14.9,1,0
2024,10,10,475399371639222272,5872,Deebo Samuel,WR,12.6,0,0
2024,10,10,475399371639222272,8155,Breece Hall,RB,12.3,1,0
2024,10,10,475399371639222272,8134,Khalil Shakir,WR,11.8,0,0
2024,10,10,475399371639222272,9226,De'Von Achane,RB,10.2,1,0
2024,10,10,475399371639222272,7553,Kyle Pitts,TE,9.5,1,0
2024,10,10,475399371639222272,PIT,Pittsburgh Steelers,DEF,9.25,1,0
2024,10,10,475399371639222272,8259,Cameron Dicker,K,9.0,1,0
2024,10,10,475399371639222272,9758,C.J. Stroud,QB,8.78,1,0
2024,10,10,475399371639222272,6786,CeeDee Lamb,WR,8.4,1,0
2024,10,10,475399371639222272,9997,Zay Flowers,WR,7.4,1,0
2024,10,10,475399371639222272,7527,Mac Jones,QB,5.24,0,0
2024,10,10,475399371639222272,11792,Will Reichard,K,0,0,0
2024,10,10,475399371639222272,2309,Amari Cooper,WR,0,0,0
2024,10,10,475399371639222272,5987,Alexander Mattison,RB,0,0,0
2024,11,1,608781531883859968,7564,Ja'Marr Chase,WR,26.5,1,0
2024,11,1,608781531883859968,8148,Jameson Williams,WR,24.6,1,0
2024,11,1,608781531883859968,1945,Chris Boswell,K,24.0,1,0
2024,11,1,608781531883859968,9500,Josh Downs,WR,19.4,1,0
2024,11,1,608781531883859968,2028,Derek Carr,QB,18.72,1,0
2024,11,1,608781531883859968,2133,Davante Adams,WR,13.2,1,0
2024,11,1,608781531883859968,4035,Alvin Kamara,RB,12.9,1,0
2024,11,1,608781531883859968,9509,Bijan Robinson,RB,10.3,1,0
2024,11,1,608781531883859968,5022,Dallas Goedert,TE,10.1,1,0
2024,11,1,608781531883859968,11579,Audric Estime,RB,5.5,0,0
2024,11,1,608781531883859968,MIA,Miami Dolphins,DEF,5.25,1,0
2024,11,1,608781531883859968,5967,Tony Pollard,RB,4.9,0,0
2024,11,1,608781531883859968,11292,Tommy DeVito,QB,0,0,0
2024,11,1,608781531883859968,11565,J.J. McCarthy,QB,0,0,0
2024,11,1,608781531883859968,11632,Malik Nabers,WR,0,0,0
2024,11,1,608781531883859968,5849,Kyler Murray,QB,0,0,0
2024,11,1,608781531883859968,8130,Trey McBride,TE,0,0,0
2024,11,2,736077599457026048,4866,Saquon Barkley,RB,34.3,1,0
2024,11,2,736077599457026048,4984,Josh Allen,QB,24.48,1,0
2024,11,2,736077599457026048,9488,Jaxon Smith-Njigba,WR,22.3,0,0
2024,11,2,736077599457026048,HOU,Houston Texans,DEF,20.75,1,0
2024,11,2,736077599457026048,9224,Chase Brown,RB,19.3,1,0
2024,11,2,736077599457026048,4983,DJ Moore,WR,13.7,0,0
2024,11,2,736077599457026048,11631,Brian Thomas,WR,13.6,0,0
2024,11,2,736077599457026048,11539,Jake Bates,K,12.0,1,0
2024,11,2,736077599457026048,7569,Nico Collins,WR,9.4,1,0
2024,11,2,736077599457026048,8112,Drake London,WR,9.1,1,0
2024,11,2,736077599457026048,5906,Dawson Knox,TE,8.0,1,0
2024,11,2,736077599457026048,1234,Russell Wilson,QB,6.3,1,0
2024,11,2,736077599457026048,4098,Kareem Hunt,RB,6.0,1,0
2024,11,2,736077599457026048,7090,Darnell Mooney,WR,4.7,0,0
2024,11,2,736077599457026048,11584,Bucky Irving,RB,0,0,0
2024,11,2,736077599457026048,8111,Cade Otton,TE,0,0,0
2024,11,3,737091087440674816,4018,Joe Mixon,RB,36.3,1,0
2024,11,3,737091087440674816,6770,Joe Burrow,QB,29.54,1,0
2024,11,3,737091087440674816,6768,Tua Tagovailoa,QB,24.02,1,0
2024,11,3,737091087440674816,5086,Marquez Valdes-Scantling,WR,18.2,0,0
2024,11,3,737091087440674816,8137,George Pickens,WR,16.9,1,0
2024,11,3,737091087440674816,11624,Xavier Worthy,WR,16.8,0,0
2024,11,3,737091087440674816,1373,Geno Smith,QB,15.24,0,0
2024,11,3,737091087440674816,4034,Christian McCaffrey,RB,14.6,1,0
2024,11,3,737091087440674816,5846,DK Metcalf,WR,14.0,1,0
2024,11,3,737091087440674816,1479,Keenan Allen,WR,8.1,0,0
2024,11,3,737091087440674816,4988,Nick Chubb,RB,5.0,0,0
2024,11,3,737091087440674816,4199,Aaron Jones,RB,4.3,1,0
2024,11,3,737091087440674816,GB,Green Bay Packers,DEF,4.25,1,0
2024,11,3,737091087440674816,7839,Evan McPherson,K,4.0,1,0
2024,11,3,737091087440674816,8110,Jake Ferguson,TE,2.1,1,0
2024,11,3,737091087440674816,10236,Dalton Kincaid,TE,0,0,0
2024,11,3,737091087440674816,4037,Chris Godwin,WR,0,0,0
2024,11,4,736744257179770880,4381,Taysom Hill,TE,43.52,1,0
2024,11,4,736744257179770880,4039,Cooper Kupp,WR,30.6,1,0
2024,11,4,736744257179770880,7049,Jauan Jennings,WR,25.1,1,0
2024,11,4,736744257179770880,4943,Sam Darnold,QB,23.64,1,0
2024,11,4,736744257179770880,9221,Jahmyr Gibbs,RB,19.3,1,0
2024,11,4,736744257179770880,11560,Caleb Williams,QB,16.24,0,0
2024,11,4,736744257179770880,4046,Patrick Mahomes,QB,15.84,1,0
2024,11,4,736744257179770880,8154,Brian Robinson,RB,14.2,0,0
2024,11,4,736744257179770880,5987,Alexander Mattison,RB,9.9,1,0
2024,11,4,736744257179770880,CHI,Chicago Bears,DEF,3.75,1,0
2024,11,4,736744257179770880,5927,Terry McLaurin,WR,2.0,1,0
2024,11,4,736744257179770880,1264,Justin Tucker,K,1.0,1,0
2024,11,4,736744257179770880,11618,Jalen McMillan,WR,0,0,0
2024,11,4,736744257179770880,4217,George Kittle,TE,0,0,0
2024,11,4,736744257179770880,8136,Rachaad White,RB,0,0,0
2024,11,4,736744257179770880,8144,Chris Olave,WR,0,0,0
2024,11,5,716698629934481408,7547,Amon-Ra St. Brown,WR,39.2,1,0
2024,11,5,716698629934481408,3163,Jared Goff,QB,36.58,1,0
2024,11,5,716698629934481408,6801,Tee Higgins,WR,30.8,0,0
2024,11,5,716698629934481408,4144,Jonnu Smith,TE,30.1,1,0
2024,11,5,716698629934481408,2306,Jameis Winston,QB,28.1,0,0
2024,11,5,716698629934481408,11564,Drake Maye,QB,18.48,1,0
2024,11,5,716698629934481408,8151,Kenneth Walker,RB,13.9,1,0
2024,11,5,716698629934481408,5119,Jason Sanders,K,11.0,1,0
2024,11,5,716698629934481408,PHI,Philadelphia Eagles,DEF,10.25,1,0
2024,11,5,716698629934481408,10222,Jayden Reed,WR,9.8,1,0
2024,11,5,716698629934481408,4981,Calvin Ridley,WR,9.8,1,0
2024,11,5,716698629934481408,6813,Jonathan Taylor,RB,7.0,1,0
2024,11,5,716698629934481408,7543,Travis Etienne,RB,6.3,0,0
2024,11,5,716698629934481408,10859,Sam LaPorta,TE,0,0,0
2024,11,5,716698629934481408,11637,Keon Coleman,WR,0,0,0
2024,11,5,716698629934481408,7608,Khalil Herbert,RB,0,0,0
2024,11,5,716698629934481408,9225,Tank Bigsby,RB,0,0,0
2024,11,6,736740647758938112,11604,Brock Bowers,TE,31.8,1,0
2024,11,6,736740647758938112,421,Matthew Stafford,QB,28.8,1,0
2024,11,6,736740647758938112,5892,David Montgomery,RB,24.5,1,0
2024,11,6,736740647758938112,6804,Jordan Love,QB,20.24,1,0
2024,11,6,736740647758938112,8138,James Cook,RB,19.7,1,0
2024,11,6,736740647758938112,3321,Tyreek Hill,WR,19.1,1,0
2024,11,6,736740647758938112,4663,Austin Ekeler,RB,16.6,0,0
2024,11,6,736740647758938112,96,Aaron Rodgers,QB,15.06,0,0
2024,11,6,736740647758938112,MIN,Minnesota Vikings,DEF,13.75,1,0
2024,11,6,736740647758938112,5859,A.J. Brown,WR,11.5,1,0
2024,11,6,736740647758938112,7021,Rico Dowdle,RB,5.4,0,0
2024,11,6,736740647758938112,11533,Brandon Aubrey,K,3.0,1,0
2024,11,6,736740647758938112,1466,Travis Kelce,TE,2.8,1,0
2024,11,6,736740647758938112,8121,Romeo Doubs,WR,2.7,0,0
2024,11,6,736740647758938112,11638,Ricky Pearsall,WR,0,0,0
2024,11,6,736740647758938112,7594,Chuba Hubbard,RB,0,0,0
2024,11,7,735974647736213504,9229,Anthony Richardson,QB,27.08,0,0
2024,11,7,735974647736213504,9493,Puka Nacua,WR,25.8,1,0
2024,11,7,735974647736213504,4033,David Njoku,TE,19.1,1,0
2024,11,7,735974647736213504,6806,J.K. Dobbins,RB,18.9,0,0
2024,11,7,735974647736213504,11635,Ladd McConkey,WR,18.8,0,0
2024,11,7,735974647736213504,4881,Lamar Jackson,QB,14.88,1,0
2024,11,7,735974647736213504,6794,Justin Jefferson,WR,14.1,1,0
2024,11,7,735974647736213504,11566,Jayden Daniels,QB,13.44,1,0
2024,11,7,735974647736213504,7611,Rhamondre Stevenson,RB,11.9,1,0
2024,11,7,735974647736213504,3198,Derrick Henry,RB,10.5,1,0
2024,11,7,735974647736213504,9502,Tank Dell,WR,9.8,1,0
2024,11,7,735974647736213504,5947,Jakobi Meyers,WR,8.8,0,0
2024,11,7,735974647736213504,LAR,Los Angeles Rams,DEF,7.75,1,0
2024,11,7,735974647736213504,1426,DeAndre Hopkins,WR,5.9,0,0
2024,11,7,735974647736213504,5844,T.J. Hockenson,TE,3.3,0,0
2024,11,7,735974647736213504,4195,Jake Elliott,K,2.0,1,0
2024,11,7,735974647736213504,11583,Jonathon Brooks,RB,0,0,0
2024,11,8,736803054736822272,11563,Bo Nix,QB,29.28,1,0
2024,11,8,736803054736822272,6783,Jerry Jeudy,WR,28.2,1,0
2024,11,8,736803054736822272,6797,Justin Herbert,QB,24.38,1,0
2024,11,8,736803054736822272,5850,Josh Jacobs,RB,23.4,1,0
2024,11,8,736803054736822272,6083,Matt Gay,K,14.0,1,0
2024,11,8,736803054736822272,7528,Najee Harris,RB,13.3,1,0
2024,11,8,736803054736822272,BUF,Buffalo Bills,DEF,10.0,1,0
2024,11,8,736803054736822272,IND,Indianapolis Colts,DEF,8.25,0,0
2024,11,8,736803054736822272,4066,Evan Engram,TE,7.8,1,0
2024,11,8,736803054736822272,7525,DeVonta Smith,WR,6.9,1,0
2024,11,8,736803054736822272,7526,Jaylen Waddle,WR,5.7,0,0
2024,11,8,736803054736822272,11628,Marvin Harrison,WR,0,0,0
2024,11,8,736803054736822272,2216,Mike Evans,WR,0,0,0
2024,11,8,736803054736822272,4137,James Conner,RB,0,0,0
2024,11,8,736803054736822272,9484,Tucker Kraft,TE,0,1,0
2024,11,8,736803054736822272,9486,Dontayvion Wicks,WR,0,0,0
2024,11,9,710284244835979264,6904,Jalen Hurts,QB,18.74,1,0
2024,11,9,710284244835979264,7588,Javonte Williams,RB,18.7,0,0
2024,11,9,710284244835979264,6790,D'Andre Swift,RB,16.4,1,0
2024,11,9,710284244835979264,5045,Courtland Sutton,WR,14.8,1,0
2024,11,9,710284244835979264,DET,Detroit Lions,DEF,12.75,1,0
2024,11,9,710284244835979264,3451,Ka'imi Fairbairn,K,10.0,1,0
2024,11,9,710284244835979264,8150,Kyren Williams,RB,8.6,1,0
2024,11,9,710284244835979264,10444,Cedric Tillman,WR,7.7,1,0
2024,11,9,710284244835979264,8146,Garrett Wilson,WR,5.8,1,0
2024,11,9,710284244835979264,NYJ,New York Jets,DEF,5.5,0,0
2024,11,9,710284244835979264,5012,Mark Andrews,TE,4.2,1,0
2024,11,9,710284244835979264,1166,Kirk Cousins,QB,3.92,1,0
2024,11,9,710284244835979264,2374,Tyler Lockett,WR,3.9,0,0
2024,11,9,710284244835979264,7600,Pat Freiermuth,TE,3.4,0,0
2024,11,9,710284244835979264,4892,Baker Mayfield,QB,0,0,0
2024,11,9,710284244835979264,5937,Diontae Johnson,WR,0,0,0
2024,11,9,710284244835979264,8205,Isiah Pacheco,RB,0,0,0
2024,11,10,475399371639222272,8155,Breece Hall,RB,31.1,1,0
2024,11,10,475399371639222272,9226,De'Von Achane,RB,20.5,1,0
2024,11,10,475399371639222272,6786,CeeDee Lamb,WR,18.6,1,0
2024,11,10,475399371639222272,8183,Brock Purdy,QB,18.36,1,0
2024,11,10,475399371639222272,8134,Khalil Shakir,WR,15.0,0,0
2024,11,10,475399371639222272,9997,Zay Flowers,WR,11.9,1,0
2024,11,10,475399371639222272,8259,Cameron Dicker,K,11.0,1,0
2024,11,10,475399371639222272,9758,C.J. Stroud,QB,10.88,1,0
2024,11,10,475399371639222272,8228,Jaylen Warren,RB,10.8,0,0
2024,11,10,475399371639222272,PIT,Pittsburgh Steelers,DEF,10.0,0,0
2024,11,10,475399371639222272,6819,Michael Pittman,WR,9.6,0,0
2024,11,10,475399371639222272,SF,San Francisco 49ers,DEF,9.0,1,0
2024,11,10,475399371639222272,2309,Amari Cooper,WR,7.5,0,0
2024,11,10,475399371639222272,5872,Deebo Samuel,WR,6.1,1,0
2024,11,10,475399371639222272,7553,Kyle Pitts,TE,1.9,1,0
2024,11,10,475399371639222272,11655,Tyrone Tracy,RB,0,0,0
2024,12,1,608781531883859968,8130,Trey McBride,TE,25.8,1,0
2024,12,1,608781531883859968,5967,Tony Pollard,RB,22.4,1,0
2024,12,1,608781531883859968,2359,Ameer Abdullah,RB,17.5,1,0
2024,12,1,608781531883859968,MIA,Miami Dolphins,DEF,16.0,1,0
2024,12,1,608781531883859968,8148,Jameson Williams,WR,11.8,1,0
2024,12,1,608781531883859968,11632,Malik Nabers,WR,11.4,1,0
2024,12,1,608781531883859968,11292,Tommy DeVito,QB,10.76,1,0
2024,12,1,608781531883859968,5849,Kyler Murray,QB,10.3,1,0
2024,12,1,608781531883859968,1945,Chris Boswell,K,6.0,1,0
2024,12,1,608781531883859968,9500,Josh Downs,WR,5.7,1,0
2024,12,1,608781531883859968,11565,J.J. McCarthy,QB,0,0,0
2024,12,1,608781531883859968,2028,Derek Carr,QB,0,0,0
2024,12,1,608781531883859968,4035,Alvin Kamara,RB,0,0,0
2024,12,1,608781531883859968,7564,Ja'Marr Chase,WR,0,0,0
2024,12,1,608781531883859968,8132,Tyler Allgeier,RB,0,0,0
2024,12,1,608781531883859968,9509,Bijan Robinson,RB,0,0,0
2024,12,2,736077599457026048,4866,Saquon Barkley,RB,50.2,1,0
2024,12,2,736077599457026048,4983,DJ Moore,WR,27.4,1,0
2024,12,2,736077599457026048,11584,Bucky Irving,RB,26.2,0,0
2024,12,2,736077599457026048,7569,Nico Collins,WR,20.2,1,0
2024,12,2,736077599457026048,9488,Jaxon Smith-Njigba,WR,19.7,1,0
2024,12,2,736077599457026048,HOU,Houston Texans,DEF,16.5,1,0
2024,12,2,736077599457026048,1234,Russell Wilson,QB,13.8,1,0
2024,12,2,736077599457026048,4098,Kareem Hunt,RB,11.7,1,0
2024,12,2,736077599457026048,11539,Jake Bates,K,8.0,1,0
2024,12,2,736077599457026048,3357,Brandon Allen,QB,7.46,1,0
2024,12,2,736077599457026048,8111,Cade Otton,TE,4.0,1,0
2024,12,2,736077599457026048,11631,Brian Thomas,WR,0,0,0
2024,12,2,736077599457026048,4984,Josh Allen,QB,0,0,0
2024,12,2,736077599457026048,7090,Darnell Mooney,WR,0,0,0
2024,12,2,736077599457026048,7523,Trevor Lawrence,QB,0,0,0
2024,12,2,736077599457026048,8112,Drake London,WR,0,0,0
2024,12,2,736077599457026048,9224,Chase Brown,RB,0,0,0
2024,12,3,737091087440674816,6768,Tua Tagovailoa,QB,28.98,1,0
2024,12,3,737091087440674816,1479,Keenan Allen,WR,22.6,0,0
2024,12,3,737091087440674816,4199,Aaron Jones,RB,20.4,1,0
2024,12,3,737091087440674816,4988,Nick Chubb,RB,19.0,0,0
2024,12,3,737091087440674816,1339,Zach Ertz,TE,15.8,1,0
2024,12,3,737091087440674816,1373,Geno Smith,QB,11.36,1,0
2024,12,3,737091087440674816,5846,DK Metcalf,WR,9.9,1,0
2024,12,3,737091087440674816,4018,Joe Mixon,RB,9.5,1,0
2024,12,3,737091087440674816,11624,Xavier Worthy,WR,9.1,0,0
2024,12,3,737091087440674816,8137,George Pickens,WR,8.8,1,0
2024,12,3,737091087440674816,4034,Christian McCaffrey,RB,7.8,1,0
2024,12,3,737091087440674816,WAS,Washington Commanders,DEF,5.75,1,0
2024,12,3,737091087440674816,6650,Chase McLaughlin,K,5.0,1,0
2024,12,3,737091087440674816,10236,Dalton Kincaid,TE,0,0,0
2024,12,3,737091087440674816,2133,Davante Adams,WR,0,0,0
2024,12,3,737091087440674816,4037,Chris Godwin,WR,0,0,0
2024,12,3,737091087440674816,5086,Marquez Valdes-Scantling,WR,0,0,0
2024,12,3,737091087440674816,6770,Joe Burrow,QB,0,0,0
2024,12,4,736744257179770880,4046,Patrick Mahomes,QB,28.26,1,0
2024,12,4,736744257179770880,11560,Caleb Williams,QB,27.4,0,0
2024,12,4,736744257179770880,9221,Jahmyr Gibbs,RB,24.9,1,0
2024,12,4,736744257179770880,5927,Terry McLaurin,WR,23.2,1,0
2024,12,4,736744257179770880,4943,Sam Darnold,QB,21.1,1,0
2024,12,4,736744257179770880,4217,George Kittle,TE,20.2,1,0
2024,12,4,736744257179770880,4039,Cooper Kupp,WR,19.0,1,0
2024,12,4,736744257179770880,8136,Rachaad White,RB,11.7,0,0
2024,12,4,736744257179770880,7049,Jauan Jennings,WR,9.0,1,0
2024,12,4,736744257179770880,1689,Adam Thielen,WR,8.7,0,0
2024,12,4,736744257179770880,1264,Justin Tucker,K,7.0,1,0
2024,12,4,736744257179770880,8154,Brian Robinson,RB,3.4,1,0
2024,12,4,736744257179770880,11618,Jalen McMillan,WR,2.1,0,0
2024,12,4,736744257179770880,CHI,Chicago Bears,DEF,1.75,1,0
2024,12,4,736744257179770880,4381,Taysom Hill,TE,0,0,0
2024,12,4,736744257179770880,5987,Alexander Mattison,RB,0,0,0
2024,12,4,736744257179770880,8144,Chris Olave,WR,0,0,0
2024,12,5,716698629934481408,4144,Jonnu Smith,TE,23.7,1,0
2024,12,5,716698629934481408,4981,Calvin Ridley,WR,14.3,1,0
2024,12,5,716698629934481408,11564,Drake Maye,QB,13.48,1,0
2024,12,5,716698629934481408,2306,Jameis Winston,QB,13.46,0,0
2024,12,5,716698629934481408,8151,Kenneth Walker,RB,13.3,1,0
2024,12,5,716698629934481408,7547,Amon-Ra St. Brown,WR,12.2,1,0
2024,12,5,716698629934481408,5119,Jason Sanders,K,12.0,1,0
2024,12,5,716698629934481408,PHI,Philadelphia Eagles,DEF,11.75,1,0
2024,12,5,716698629934481408,3163,Jared Goff,QB,10.26,1,0
2024,12,5,716698629934481408,10222,Jayden Reed,WR,5.6,1,0
2024,12,5,716698629934481408,10859,Sam LaPorta,TE,4.9,0,0
2024,12,5,716698629934481408,6813,Jonathan Taylor,RB,2.5,1,0
2024,12,5,716698629934481408,11637,Keon Coleman,WR,0,0,0
2024,12,5,716698629934481408,6801,Tee Higgins,WR,0,0,0
2024,12,5,716698629934481408,7543,Travis Etienne,RB,0,0,0
2024,12,5,716698629934481408,7608,Khalil Herbert,RB,0,0,0
2024,12,5,716698629934481408,9225,Tank Bigsby,RB,0,0,0
2024,12,6,736740647758938112,5859,A.J. Brown,WR,23.4,1,0
2024,12,6,736740647758938112,421,Matthew Stafford,QB,18.22,1,0
2024,12,6,736740647758938112,5892,David Montgomery,RB,16.3,1,0
2024,12,6,736740647758938112,7594,Chuba Hubbard,RB,15.0,1,0
2024,12,6,736740647758938112,6804,Jordan Love,QB,14.72,1,0
2024,12,6,736740647758938112,1466,Travis Kelce,TE,12.2,1,0
2024,12,6,736740647758938112,7021,Rico Dowdle,RB,10.8,0,0
2024,12,6,736740647758938112,3321,Tyreek Hill,WR,9.8,1,0
2024,12,6,736740647758938112,MIN,Minnesota Vikings,DEF,8.75,0,0
2024,12,6,736740647758938112,8121,Romeo Doubs,WR,8.4,0,0
2024,12,6,736740647758938112,11604,Brock Bowers,TE,7.8,1,0
2024,12,6,736740647758938112,11533,Brandon Aubrey,K,6.0,1,0
2024,12,6,736740647758938112,4663,Austin Ekeler,RB,3.4,0,0
2024,12,6,736740647758938112,KC,Kansas City Chiefs,DEF,2.5,1,0
2024,12,6,736740647758938112,8138,James Cook,RB,0,0,0
2024,12,6,736740647758938112,96,Aaron Rodgers,QB,0,0,0
2024,12,7,735974647736213504,11566,Jayden Daniels,QB,31.9,1,0
2024,12,7,735974647736213504,5947,Jakobi Meyers,WR,22.6,0,0
2024,12,7,735974647736213504,4881,Lamar Jackson,QB,22.58,1,0
2024,12,7,735974647736213504,9493,Puka Nacua,WR,21.2,1,0
2024,12,7,735974647736213504,5844,T.J. Hockenson,TE,18.9,0,0
2024,12,7,735974647736213504,3198,Derrick Henry,RB,14.5,1,0
2024,12,7,735974647736213504,11635,Ladd McConkey,WR,14.3,1,0
2024,12,7,735974647736213504,TB,Tampa Bay Buccaneers,DEF,13.5,1,0
2024,12,7,735974647736213504,9229,Anthony Richardson,QB,11.98,0,0
2024,12,7,735974647736213504,9502,Tank Dell,WR,10.2,0,0
2024,12,7,735974647736213504,6806,J.K. Dobbins,RB,8.9,0,0
2024,12,7,735974647736213504,6219,Austin Seibert,K,5.0,1,0
2024,12,7,735974647736213504,6794,Justin Jefferson,WR,4.7,1,0
2024,12,7,735974647736213504,4033,David Njoku,TE,3.9,1,0
2024,12,7,735974647736213504,7611,Rhamondre Stevenson,RB,3.3,1,0
2024,12,7,735974647736213504,11583,Jonathon Brooks,RB,0.7,0,0
2024,12,8,736803054736822272,5850,Josh Jacobs,RB,29.1,1,0
2024,12,8,736803054736822272,7526,Jaylen Waddle,WR,28.9,1,0
2024,12,8,736803054736822272,3678,Wil Lutz,K,22.0,1,0
2024,12,8,736803054736822272,11563,Bo Nix,QB,19.92,1,0
2024,12,8,736803054736822272,6797,Justin Herbert,QB,16.62,1,0
2024,12,8,736803054736822272,6783,Jerry Jeudy,WR,14.5,0,0
2024,12,8,736803054736822272,2216,Mike Evans,WR,11.8,1,0
2024,12,8,736803054736822272,9484,Tucker Kraft,TE,10.6,1,0
2024,12,8,736803054736822272,4137,James Conner,RB,9.9,1,0
2024,12,8,736803054736822272,DEN,Denver Broncos,DEF,8.75,1,0
2024,12,8,736803054736822272,11628,Marvin Harrison,WR,7.7,1,0
2024,12,8,736803054736822272,7528,Najee Harris,RB,7.4,0,0
2024,12,8,736803054736822272,9486,Dontayvion Wicks,WR,3.5,0,0
2024,12,8,736803054736822272,4066,Evan Engram,TE,0,0,0
2024,12,8,736803054736822272,7525,DeVonta Smith,WR,0,0,0
2024,12,8,736803054736822272,BUF,Buffalo Bills,DEF,0,0,0
2024,12,9,710284244835979264,5045,Courtland Sutton,WR,29.7,1,0
2024,12,9,710284244835979264,4892,Baker Mayfield,QB,17.66,1,0
2024,12,9,710284244835979264,5012,Mark Andrews,TE,15.6,1,0
2024,12,9,710284244835979264,6904,Jalen Hurts,QB,15.06,1,0
2024,12,9,710284244835979264,1426,DeAndre Hopkins,WR,14.5,1,0
2024,12,9,710284244835979264,8150,Kyren Williams,RB,10.2,1,0
2024,12,9,710284244835979264,6790,D'Andre Swift,RB,9.5,0,0
2024,12,9,710284244835979264,DET,Detroit Lions,DEF,8.5,1,0
2024,12,9,710284244835979264,3451,Ka'imi Fairbairn,K,7.0,1,0
2024,12,9,710284244835979264,2374,Tyler Lockett,WR,4.0,0,0
2024,12,9,710284244835979264,10444,Cedric Tillman,WR,2.8,1,0
2024,12,9,710284244835979264,7588,Javonte Williams,RB,2.4,1,0
2024,12,9,710284244835979264,1166,Kirk Cousins,QB,0,0,0
2024,12,9,710284244835979264,5937,Diontae Johnson,WR,0,0,0
2024,12,9,710284244835979264,8146,Garrett Wilson,WR,0,0,0
2024,12,9,710284244835979264,8205,Isiah Pacheco,RB,0,0,0
2024,12,9,710284244835979264,NYJ,New York Jets,DEF,0,0,0
2024,12,10,475399371639222272,9226,De'Von Achane,RB,20.6,1,0
2024,12,10,475399371639222272,6786,CeeDee Lamb,WR,16.8,1,0
2024,12,10,475399371639222272,8259,Cameron Dicker,K,16.0,1,0
2024,12,10,475399371639222272,9758,C.J. Stroud,QB,15.68,1,0
2024,12,10,475399371639222272,8228,Jaylen Warren,RB,15.4,0,0
2024,12,10,475399371639222272,6011,Gardner Minshew,QB,11.2,1,0
2024,12,10,475399371639222272,9997,Zay Flowers,WR,11.2,1,0
2024,12,10,475399371639222272,11655,Tyrone Tracy,RB,9.0,1,0
2024,12,10,475399371639222272,PIT,Pittsburgh Steelers,DEF,8.75,1,0
2024,12,10,475399371639222272,5010,Will Dissly,TE,8.7,1,0
2024,12,10,475399371639222272,5872,Deebo Samuel,WR,3.1,1,0
2024,12,10,475399371639222272,2309,Amari Cooper,WR,0,0,0
2024,12,10,475399371639222272,7553,Kyle Pitts,TE,0,0,0
2024,12,10,475399371639222272,8134,Khalil Shakir,WR,0,0,0
2024,12,10,475399371639222272,8155,Breece Hall,RB,0,0,0
2024,12,10,475399371639222272,8183,Brock Purdy,QB,0,0,0
2024,13,1,608781531883859968,9509,Bijan Robinson,RB,26.0,1,0
2024,13,1,608781531883859968,6768,Tua Tagovailoa,QB,25.7,1,0
2024,13,1,608781531883859968,8130,Trey McBride,TE,21.6,1,0
2024,13,1,608781531883859968,7564,Ja'Marr Chase,WR,20.6,1,0
2024,13,1,608781531883859968,4035,Alvin Kamara,RB,16.4,1,0
2024,13,1,608781531883859968,11632,Malik Nabers,WR,15.3,1,0
2024,13,1,608781531883859968,5849,Kyler Murray,QB,14.7,1,0
2024,13,1,608781531883859968,2028,Derek Carr,QB,14.56,0,0
2024,13,1,608781531883859968,1945,Chris Boswell,K,13.0,1,0
2024,13,1,608781531883859968,8148,Jameson Williams,WR,9.6,0,0
2024,13,1,608781531883859968,6819,Michael Pittman,WR,9.2,0,0
2024,13,1,608781531883859968,5967,Tony Pollard,RB,8.8,1,0
2024,13,1,608781531883859968,11576,Braelon Allen,RB,4.7,0,0
2024,13,1,608781531883859968,IND,Indianapolis Colts,DEF,3.5,1,0
2024,13,1,608781531883859968,8132,Tyler Allgeier,RB,3.2,0,0
2024,13,1,608781531883859968,NO,New Orleans Saints,DEF,3.0,0,0
2024,13,1,608781531883859968,11565,J.J. McCarthy,QB,0,0,0
2024,13,1,608781531883859968,9500,Josh Downs,WR,0,0,0
2024,13,2,736077599457026048,4984,Josh Allen,QB,28.42,1,0
2024,13,2,736077599457026048,1234,Russell Wilson,QB,28.36,1,0
2024,13,2,736077599457026048,11584,Bucky Irving,RB,28.0,1,0
2024,13,2,736077599457026048,4983,DJ Moore,WR,23.7,0,0
2024,13,2,736077599457026048,7569,Nico Collins,WR,20.4,1,0
2024,13,2,736077599457026048,4866,Saquon Barkley,RB,19.2,1,0
2024,13,2,736077599457026048,9224,Chase Brown,RB,19.0,1,0
2024,13,2,736077599457026048,11631,Brian Thomas,WR,18.7,0,0
2024,13,2,736077599457026048,8112,Drake London,WR,17.3,0,0
2024,13,2,736077599457026048,9488,Jaxon Smith-Njigba,WR,11.9,1,0
2024,13,2,736077599457026048,11539,Jake Bates,K,9.0,1,0
2024,13,2,736077599457026048,8111,Cade Otton,TE,6.0,1,0
2024,13,2,736077599457026048,7090,Darnell Mooney,WR,5.0,0,0
2024,13,2,736077599457026048,4098,Kareem Hunt,RB,3.5,0,0
2024,13,2,736077599457026048,HOU,Houston Texans,DEF,3.5,1,0
2024,13,2,736077599457026048,7523,Trevor Lawrence,QB,0.24,0,0
2024,13,3,737091087440674816,1479,Keenan Allen,WR,24.3,0,0
2024,13,3,737091087440674816,4018,Joe Mixon,RB,22.4,1,0
2024,13,3,737091087440674816,6770,Joe Burrow,QB,19.76,1,0
2024,13,3,737091087440674816,2133,Davante Adams,WR,17.6,0,0
2024,13,3,737091087440674816,8137,George Pickens,WR,16.4,1,0
2024,13,3,737091087440674816,6650,Chase McLaughlin,K,14.0,1,0
2024,13,3,737091087440674816,1339,Zach Ertz,TE,12.5,1,0
2024,13,3,737091087440674816,4988,Nick Chubb,RB,12.5,0,0
2024,13,3,737091087440674816,1373,Geno Smith,QB,12.44,1,0
2024,13,3,737091087440674816,5086,Marquez Valdes-Scantling,WR,11.6,0,0
2024,13,3,737091087440674816,WAS,Washington Commanders,DEF,11.0,1,0
2024,13,3,737091087440674816,5846,DK Metcalf,WR,10.6,1,0
2024,13,3,737091087440674816,11624,Xavier Worthy,WR,10.4,0,0
2024,13,3,737091087440674816,4199,Aaron Jones,RB,8.8,1,0
2024,13,3,737091087440674816,4034,Christian McCaffrey,RB,8.7,1,0
2024,13,3,737091087440674816,10236,Dalton Kincaid,TE,0,0,0
2024,13,3,737091087440674816,4037,Chris Godwin,WR,0,0,0
2024,13,4,736744257179770880,5927,Terry McLaurin,WR,27.3,1,0
2024,13,4,736744257179770880,11560,Caleb Williams,QB,26.14,0,0
2024,13,4,736744257179770880,1689,Adam Thielen,WR,23.9,0,0
2024,13,4,736744257179770880,4943,Sam Darnold,QB,19.6,1,0
2024,13,4,736744257179770880,SEA,Seattle Seahawks,DEF,19.0,1,0
2024,13,4,736744257179770880,8154,Brian Robinson,RB,18.9,1,0
2024,13,4,736744257179770880,4046,Patrick Mahomes,QB,16.14,1,0
2024,13,4,736744257179770880,9221,Jahmyr Gibbs,RB,10.4,1,0
2024,13,4,736744257179770880,4381,Taysom Hill,TE,9.7,1,0
2024,13,4,736744257179770880,8136,Rachaad White,RB,8.8,0,0
2024,13,4,736744257179770880,7049,Jauan Jennings,WR,8.6,0,0
2024,13,4,736744257179770880,4039,Cooper Kupp,WR,4.7,1,0
2024,13,4,736744257179770880,11618,Jalen McMillan,WR,4.5,0,0
2024,13,4,736744257179770880,1264,Justin Tucker,K,3.0,1,0
2024,13,4,736744257179770880,NYG,New York Giants,DEF,2.0,0,0
2024,13,4,736744257179770880,4217,George Kittle,TE,1.7,1,0
2024,13,4,736744257179770880,5987,Alexander Mattison,RB,0,0,0
2024,13,4,736744257179770880,8144,Chris Olave,WR,0,0,0
2024,13,5,716698629934481408,2306,Jameis Winston,QB,35.48,0,0
2024,13,5,716698629934481408,4144,Jonnu Smith,TE,20.8,1,0
2024,13,5,716698629934481408,DAL,Dallas Cowboys,DEF,20.5,1,0
2024,13,5,716698629934481408,10222,Jayden Reed,WR,19.7,0,0
2024,13,5,716698629934481408,11564,Drake Maye,QB,19.42,1,0
2024,13,5,716698629934481408,6801,Tee Higgins,WR,17.9,1,0
2024,13,5,716698629934481408,6813,Jonathan Taylor,RB,17.3,1,0
2024,13,5,716698629934481408,3163,Jared Goff,QB,16.94,1,0
2024,13,5,716698629934481408,10859,Sam LaPorta,TE,15.6,0,0
2024,13,5,716698629934481408,7547,Amon-Ra St. Brown,WR,12.3,1,0
2024,13,5,716698629934481408,7543,Travis Etienne,RB,8.8,0,0
2024,13,5,716698629934481408,4981,Calvin Ridley,WR,6.5,1,0
2024,13,5,716698629934481408,PHI,Philadelphia Eagles,DEF,5.75,0,0
2024,13,5,716698629934481408,8151,Kenneth Walker,RB,5.6,1,0
2024,13,5,716698629934481408,5119,Jason Sanders,K,3.0,1,0
2024,13,5,716698629934481408,11637,Keon Coleman,WR,0,0,0
2024,13,6,736740647758938112,11604,Brock Bowers,TE,30.7,0,0
2024,13,6,736740647758938112,7021,Rico Dowdle,RB,21.8,1,0
2024,13,6,736740647758938112,8138,James Cook,RB,21.0,1,0
2024,13,6,736740647758938112,3321,Tyreek Hill,WR,20.3,1,0
2024,13,6,736740647758938112,6804,Jordan Love,QB,18.96,1,0
2024,13,6,736740647758938112,421,Matthew Stafford,QB,15.62,1,0
2024,13,6,736740647758938112,5892,David Montgomery,RB,15.4,0,0
2024,13,6,736740647758938112,96,Aaron Rodgers,QB,14.0,0,0
2024,13,6,736740647758938112,1466,Travis Kelce,TE,13.8,1,0
2024,13,6,736740647758938112,5859,A.J. Brown,WR,11.6,1,0
2024,13,6,736740647758938112,11533,Brandon Aubrey,K,9.0,1,0
2024,13,6,736740647758938112,KC,Kansas City Chiefs,DEF,3.25,1,0
2024,13,6,736740647758938112,MIN,Minnesota Vikings,DEF,3.25,0,0
2024,13,6,736740647758938112,7594,Chuba Hubbard,RB,2.3,1,0
2024,13,6,736740647758938112,4663,Austin Ekeler,RB,0,0,0
2024,13,6,736740647758938112,8121,Romeo Doubs,WR,0,0,0
2024,13,7,735974647736213504,11566,Jayden Daniels,QB,27.14,1,0
2024,13,7,735974647736213504,4033,David Njoku,TE,26.2,1,0
2024,13,7,735974647736213504,4881,Lamar Jackson,QB,23.38,1,0
2024,13,7,735974647736213504,9229,Anthony Richardson,QB,21.16,0,0
2024,13,7,735974647736213504,11635,Ladd McConkey,WR,20.2,1,0
2024,13,7,735974647736213504,9493,Puka Nacua,WR,17.3,1,0
2024,13,7,735974647736213504,6794,Justin Jefferson,WR,16.9,1,0
2024,13,7,735974647736213504,5947,Jakobi Meyers,WR,15.7,0,0
2024,13,7,735974647736213504,3198,Derrick Henry,RB,14.1,1,0
2024,13,7,735974647736213504,7611,Rhamondre Stevenson,RB,11.4,1,0
2024,13,7,735974647736213504,8670,Parker Romo,K,11.0,1,0
2024,13,7,735974647736213504,11583,Jonathon Brooks,RB,7.1,0,0
2024,13,7,735974647736213504,5844,T.J. Hockenson,TE,5.8,0,0
2024,13,7,735974647736213504,5248,Gus Edwards,RB,4.3,0,0
2024,13,7,735974647736213504,TB,Tampa Bay Buccaneers,DEF,3.75,1,0
2024,13,7,735974647736213504,9502,Tank Dell,WR,3.3,0,0
2024,13,7,735974647736213504,6806,J.K. Dobbins,RB,0,0,0
2024,13,8,736803054736822272,6783,Jerry Jeudy,WR,43.0,0,0
2024,13,8,736803054736822272,2216,Mike Evans,WR,26.3,1,0
2024,13,8,736803054736822272,7528,Najee Harris,RB,24.9,0,0
2024,13,8,736803054736822272,5850,Josh Jacobs,RB,21.7,1,0
2024,13,8,736803054736822272,11628,Marvin Harrison,WR,17.0,1,0
2024,13,8,736803054736822272,DEN,Denver Broncos,DEF,14.25,1,0
2024,13,8,736803054736822272,9484,Tucker Kraft,TE,13.8,1,0
2024,13,8,736803054736822272,11563,Bo Nix,QB,13.16,1,0
2024,13,8,736803054736822272,BUF,Buffalo Bills,DEF,13.0,0,0
2024,13,8,736803054736822272,7526,Jaylen Waddle,WR,11.3,0,0
2024,13,8,736803054736822272,4066,Evan Engram,TE,11.1,1,0
2024,13,8,736803054736822272,4137,James Conner,RB,11.1,1,0
2024,13,8,736803054736822272,3678,Wil Lutz,K,11.0,1,0
2024,13,8,736803054736822272,6797,Justin Herbert,QB,7.98,1,0
2024,13,8,736803054736822272,9486,Dontayvion Wicks,WR,7.0,0,0
2024,13,8,736803054736822272,7525,DeVonta Smith,WR,0,0,0
2024,13,9,710284244835979264,NYJ,New York Jets,DEF,19.25,0,0
2024,13,9,710284244835979264,5012,Mark Andrews,TE,18.9,1,0
2024,13,9,710284244835979264,8150,Kyren Williams,RB,18.8,1,0
2024,13,9,710284244835979264,5045,Courtland Sutton,WR,16.7,1,0
2024,13,9,710284244835979264,6904,Jalen Hurts,QB,16.62,1,0
2024,13,9,710284244835979264,1426,DeAndre Hopkins,WR,13.0,1,0
2024,13,9,710284244835979264,3451,Ka'imi Fairbairn,K,13.0,1,0
2024,13,9,710284244835979264,6790,D'Andre Swift,RB,9.4,0,0
2024,13,9,710284244835979264,8146,Garrett Wilson,WR,9.1,1,0
2024,13,9,710284244835979264,DET,Detroit Lions,DEF,8.75,1,0
2024,13,9,710284244835979264,4892,Baker Mayfield,QB,8.2,1,0
2024,13,9,710284244835979264,7588,Javonte Williams,RB,7.4,0,0
2024,13,9,710284244835979264,8205,Isiah Pacheco,RB,5.9,1,0
2024,13,9,710284244835979264,1166,Kirk Cousins,QB,1.1,0,0
2024,13,9,710284244835979264,10444,Cedric Tillman,WR,0,0,0
2024,13,9,710284244835979264,5937,Diontae Johnson,WR,0,0,0
2024,13,10,475399371639222272,9226,De'Von Achane,RB,21.0,1,0
2024,13,10,475399371639222272,11655,Tyrone Tracy,RB,14.5,1,0
2024,13,10,475399371639222272,9758,C.J. Stroud,QB,14.38,1,0
2024,13,10,475399371639222272,PIT,Pittsburgh Steelers,DEF,14.0,1,0
2024,13,10,475399371639222272,8259,Cameron Dicker,K,12.0,1,0
2024,13,10,475399371639222272,8228,Jaylen Warren,RB,10.4,0,0
2024,13,10,475399371639222272,9997,Zay Flowers,WR,10.1,1,0
2024,13,10,475399371639222272,9756,Jordan Addison,WR,9.4,0,0
2024,13,10,475399371639222272,8134,Khalil Shakir,WR,7.0,0,0
2024,13,10,475399371639222272,6786,CeeDee Lamb,WR,5.9,1,0
2024,13,10,475399371639222272,8155,Breece Hall,RB,5.0,1,0
2024,13,10,475399371639222272,2309,Amari Cooper,WR,4.2,0,0
2024,13,10,475399371639222272,5872,Deebo Samuel,WR,4.0,0,0
2024,13,10,475399371639222272,8183,Brock Purdy,QB,2.16,1,0
2024,13,10,475399371639222272,5010,Will Dissly,TE,0,0,0
2024,13,10,475399371639222272,7553,Kyle Pitts,TE,0,1,0
2024,14,1,608781531883859968,7564,Ja'Marr Chase,WR,46.1,1,0
2024,14,1,608781531883859968,6768,Tua Tagovailoa,QB,24.04,1,0
2024,14,1,608781531883859968,9509,Bijan Robinson,RB,20.1,1,0
2024,14,1,608781531883859968,9226,De'Von Achane,RB,18.9,1,0
2024,14,1,608781531883859968,5849,Kyler Murray,QB,18.46,1,0
2024,14,1,608781531883859968,11632,Malik Nabers,WR,14.9,1,0
2024,14,1,608781531883859968,8130,Trey McBride,TE,14.0,1,0
2024,14,1,608781531883859968,NO,New Orleans Saints,DEF,13.5,1,0
2024,14,1,608781531883859968,8148,Jameson Williams,WR,13.0,0,0
2024,14,1,608781531883859968,4035,Alvin Kamara,RB,12.9,1,0
2024,14,1,608781531883859968,8132,Tyler Allgeier,RB,12.3,0,0
2024,14,1,608781531883859968,11576,Braelon Allen,RB,12.1,0,0
2024,14,1,608781531883859968,1945,Chris Boswell,K,11.0,1,0
2024,14,1,608781531883859968,2028,Derek Carr,QB,10.96,0,0
2024,14,1,608781531883859968,7596,Elijah Moore,WR,6.4,0,0
2024,14,1,608781531883859968,9500,Josh Downs,WR,0,0,0
2024,14,2,736077599457026048,4984,Josh Allen,QB,52.88,1,0
2024,14,2,736077599457026048,9224,Chase Brown,RB,24.3,1,0
2024,14,2,736077599457026048,7090,Darnell Mooney,WR,20.7,0,0
2024,14,2,736077599457026048,9488,Jaxon Smith-Njigba,WR,19.6,1,0
2024,14,2,736077599457026048,11631,Brian Thomas,WR,16.6,0,0
2024,14,2,736077599457026048,1234,Russell Wilson,QB,16.02,1,0
2024,14,2,736077599457026048,4866,Saquon Barkley,RB,14.9,1,0
2024,14,2,736077599457026048,8112,Drake London,WR,12.0,1,0
2024,14,2,736077599457026048,11539,Jake Bates,K,11.0,1,0
2024,14,2,736077599457026048,4983,DJ Moore,WR,10.9,0,0
2024,14,2,736077599457026048,8111,Cade Otton,TE,10.0,1,0
2024,14,2,736077599457026048,8110,Jake Ferguson,TE,6.2,0,0
2024,14,2,736077599457026048,9999,Will Levis,QB,6.02,0,0
2024,14,2,736077599457026048,11584,Bucky Irving,RB,2.8,1,0
2024,14,2,736077599457026048,7569,Nico Collins,WR,0,0,0
2024,14,2,736077599457026048,ARI,Arizona Cardinals,DEF,-2.5,1,0
2024,14,3,737091087440674816,11651,Isaac Guerendo,RB,26.8,1,0
2024,14,3,737091087440674816,2133,Davante Adams,WR,26.4,1,0
2024,14,3,737091087440674816,6770,Joe Burrow,QB,24.06,1,0
2024,14,3,737091087440674816,4199,Aaron Jones,RB,16.4,1,0
2024,14,3,737091087440674816,1373,Geno Smith,QB,12.32,1,0
2024,14,3,737091087440674816,TEN,Tennessee Titans,DEF,11.75,1,0
2024,14,3,737091087440674816,11624,Xavier Worthy,WR,9.6,0,0
2024,14,3,737091087440674816,5086,Marquez Valdes-Scantling,WR,9.1,0,0
2024,14,3,737091087440674816,5846,DK Metcalf,WR,8.9,1,0
2024,14,3,737091087440674816,1479,Keenan Allen,WR,6.0,0,0
2024,14,3,737091087440674816,4988,Nick Chubb,RB,4.8,1,0
2024,14,3,737091087440674816,6650,Chase McLaughlin,K,4.0,1,0
2024,14,3,737091087440674816,5010,Will Dissly,TE,3.9,1,0
2024,14,3,737091087440674816,10236,Dalton Kincaid,TE,0,0,0
2024,14,3,737091087440674816,4018,Joe Mixon,RB,0,0,0
2024,14,3,737091087440674816,4037,Chris Godwin,WR,0,0,0
2024,14,3,737091087440674816,8137,George Pickens,WR,0,0,0
2024,14,4,736744257179770880,7049,Jauan Jennings,WR,28.0,1,0
2024,14,4,736744257179770880,8136,Rachaad White,RB,24.9,1,0
2024,14,4,736744257179770880,4217,George Kittle,TE,21.6,1,0
2024,14,4,736744257179770880,4039,Cooper Kupp,WR,20.2,1,0
2024,14,4,736744257179770880,1689,Adam Thielen,WR,19.7,1,0
2024,14,4,736744257179770880,9221,Jahmyr Gibbs,RB,19.3,1,0
2024,14,4,736744257179770880,4046,Patrick Mahomes,QB,14.1,1,0
2024,14,4,736744257179770880,11560,Caleb Williams,QB,14.06,1,0
2024,14,4,736744257179770880,SEA,Seattle Seahawks,DEF,7.0,1,0
2024,14,4,736744257179770880,7042,Tyler Bass,K,6.0,1,0
2024,14,4,736744257179770880,5927,Terry McLaurin,WR,0,0,0
2024,14,4,736744257179770880,6806,J.K. Dobbins,RB,0,0,0
2024,14,4,736744257179770880,8144,Chris Olave,WR,0,0,0
2024,14,4,736744257179770880,8154,Brian Robinson,RB,0,0,0
2024,14,4,736744257179770880,9229,Anthony Richardson,QB,0,0,0
2024,14,4,736744257179770880,9502,Tank Dell,WR,0,0,0
2024,14,5,716698629934481408,9753,Zach Charbonnet,RB,40.3,1,0
2024,14,5,716698629934481408,3163,Jared Goff,QB,22.52,1,0
2024,14,5,716698629934481408,5119,Jason Sanders,K,15.0,1,0
2024,14,5,716698629934481408,2306,Jameis Winston,QB,14.28,1,0
2024,14,5,716698629934481408,4144,Jonnu Smith,TE,13.4,1,0
2024,14,5,716698629934481408,4981,Calvin Ridley,WR,12.9,1,0
2024,14,5,716698629934481408,7543,Travis Etienne,RB,11.0,1,0
2024,14,5,716698629934481408,10859,Sam LaPorta,TE,10.4,0,0
2024,14,5,716698629934481408,7547,Amon-Ra St. Brown,WR,10.3,1,0
2024,14,5,716698629934481408,PHI,Philadelphia Eagles,DEF,5.75,1,0
2024,14,5,716698629934481408,6801,Tee Higgins,WR,4.3,1,0
2024,14,5,716698629934481408,10222,Jayden Reed,WR,0,0,0
2024,14,5,716698629934481408,11564,Drake Maye,QB,0,0,0
2024,14,5,716698629934481408,11637,Keon Coleman,WR,0,0,0
2024,14,5,716698629934481408,6813,Jonathan Taylor,RB,0,0,0
2024,14,5,716698629934481408,8151,Kenneth Walker,RB,0,0,0
2024,14,6,736740647758938112,3321,Tyreek Hill,WR,28.6,1,0
2024,14,6,736740647758938112,421,Matthew Stafford,QB,20.8,0,0
2024,14,6,736740647758938112,7594,Chuba Hubbard,RB,20.7,0,0
2024,14,6,736740647758938112,11620,Rome Odunze,WR,20.2,0,0
2024,14,6,736740647758938112,5892,David Montgomery,RB,19.4,1,0
2024,14,6,736740647758938112,96,Aaron Rodgers,QB,18.06,0,0
2024,14,6,736740647758938112,7021,Rico Dowdle,RB,15.6,1,0
2024,14,6,736740647758938112,6804,Jordan Love,QB,14.54,1,0
2024,14,6,736740647758938112,1466,Travis Kelce,TE,9.5,1,0
2024,14,6,736740647758938112,11533,Brandon Aubrey,K,9.0,1,0
2024,14,6,736740647758938112,5859,A.J. Brown,WR,8.3,1,0
2024,14,6,736740647758938112,11604,Brock Bowers,TE,8.2,1,0
2024,14,6,736740647758938112,8138,James Cook,RB,4.9,1,0
2024,14,6,736740647758938112,MIN,Minnesota Vikings,DEF,4.75,1,0
2024,14,6,736740647758938112,8121,Romeo Doubs,WR,0,0,0
2024,14,6,736740647758938112,BAL,Baltimore Ravens,DEF,0,0,0
2024,14,7,735974647736213504,9493,Puka Nacua,WR,42.3,1,0
2024,14,7,735974647736213504,4943,Sam Darnold,QB,35.58,1,0
2024,14,7,735974647736213504,6794,Justin Jefferson,WR,34.2,1,0
2024,14,7,735974647736213504,4033,David Njoku,TE,17.2,0,0
2024,14,7,735974647736213504,9754,Quentin Johnston,WR,15.8,1,0
2024,14,7,735974647736213504,5947,Jakobi Meyers,WR,13.7,1,0
2024,14,7,735974647736213504,TB,Tampa Bay Buccaneers,DEF,11.5,1,0
2024,14,7,735974647736213504,8220,Sincere McCormick,RB,10.9,1,0
2024,14,7,735974647736213504,5844,T.J. Hockenson,TE,8.5,1,0
2024,14,7,735974647736213504,9508,Tyjae Spears,RB,3.3,1,0
2024,14,7,735974647736213504,11792,Will Reichard,K,3.0,1,0
2024,14,7,735974647736213504,11566,Jayden Daniels,QB,0,0,0
2024,14,7,735974647736213504,11635,Ladd McConkey,WR,0,0,0
2024,14,7,735974647736213504,3198,Derrick Henry,RB,0,0,0
2024,14,7,735974647736213504,4881,Lamar Jackson,QB,0,0,0
2024,14,7,735974647736213504,7611,Rhamondre Stevenson,RB,0,0,0
2024,14,7,735974647736213504,11583,Jonathon Brooks,RB,-0.3,0,0
2024,14,8,736803054736822272,5850,Josh Jacobs,RB,24.6,1,0
2024,14,8,736803054736822272,4137,James Conner,RB,21.2,1,0
2024,14,8,736803054736822272,7526,Jaylen Waddle,WR,20.9,0,0
2024,14,8,736803054736822272,6783,Jerry Jeudy,WR,17.4,1,0
2024,14,8,736803054736822272,6797,Justin Herbert,QB,13.72,1,0
2024,14,8,736803054736822272,7525,DeVonta Smith,WR,13.7,1,0
2024,14,8,736803054736822272,9484,Tucker Kraft,TE,13.1,0,0
2024,14,8,736803054736822272,7528,Najee Harris,RB,11.3,0,0
2024,14,8,736803054736822272,2216,Mike Evans,WR,10.9,1,0
2024,14,8,736803054736822272,11628,Marvin Harrison,WR,8.9,1,0
2024,14,8,736803054736822272,9486,Dontayvion Wicks,WR,8.9,0,0
2024,14,8,736803054736822272,4066,Evan Engram,TE,7.3,1,0
2024,14,8,736803054736822272,11563,Bo Nix,QB,0,0,0
2024,14,8,736803054736822272,4195,Jake Elliott,K,0,1,0
2024,14,8,736803054736822272,DEN,Denver Broncos,DEF,0,0,0
2024,14,8,736803054736822272,BUF,Buffalo Bills,DEF,-7.0,1,0
2024,14,9,710284244835979264,8150,Kyren Williams,RB,23.7,1,0
2024,14,9,710284244835979264,6904,Jalen Hurts,QB,23.22,1,0
2024,14,9,710284244835979264,4892,Baker Mayfield,QB,19.0,1,0
2024,14,9,710284244835979264,8146,Garrett Wilson,WR,18.9,1,0
2024,14,9,710284244835979264,SF,San Francisco 49ers,DEF,15.25,1,0
2024,14,9,710284244835979264,7600,Pat Freiermuth,TE,13.8,1,0
2024,14,9,710284244835979264,1426,DeAndre Hopkins,WR,13.2,1,0
2024,14,9,710284244835979264,1166,Kirk Cousins,QB,9.76,0,0
2024,14,9,710284244835979264,8258,Cade York,K,9.0,1,0
2024,14,9,710284244835979264,8205,Isiah Pacheco,RB,8.1,0,0
2024,14,9,710284244835979264,6790,D'Andre Swift,RB,5.0,1,0
2024,14,9,710284244835979264,DET,Detroit Lions,DEF,4.75,0,0
2024,14,9,710284244835979264,10444,Cedric Tillman,WR,0,1,0
2024,14,9,710284244835979264,3451,Ka'imi Fairbairn,K,0,0,0
2024,14,9,710284244835979264,5012,Mark Andrews,TE,0,0,0
2024,14,9,710284244835979264,5045,Courtland Sutton,WR,0,0,0
2024,14,10,475399371639222272,9756,Jordan Addison,WR,40.3,1,0
2024,14,10,475399371639222272,8134,Khalil Shakir,WR,23.6,1,0
2024,14,10,475399371639222272,8183,Brock Purdy,QB,22.1,1,0
2024,14,10,475399371639222272,6786,CeeDee Lamb,WR,21.4,1,0
2024,14,10,475399371639222272,11655,Tyrone Tracy,RB,19.3,1,0
2024,14,10,475399371639222272,2309,Amari Cooper,WR,15.5,0,0
2024,14,10,475399371639222272,5967,Tony Pollard,RB,14.9,1,0
2024,14,10,475399371639222272,PIT,Pittsburgh Steelers,DEF,11.25,1,0
2024,14,10,475399371639222272,8228,Jaylen Warren,RB,9.2,0,0
2024,14,10,475399371639222272,5872,Deebo Samuel,WR,5.5,1,0
2024,14,10,475399371639222272,8259,Cameron Dicker,K,5.0,1,0
2024,14,10,475399371639222272,7553,Kyle Pitts,TE,2.4,1,0
2024,14,10,475399371639222272,11565,J.J. McCarthy,QB,0,0,0
2024,14,10,475399371639222272,8155,Breece Hall,RB,0,0,0
2024,14,10,475399371639222272,9758,C.J. Stroud,QB,0,0,0
2024,14,10,475399371639222272,9997,Zay Flowers,WR,0,0,0
2024,15,1,608781531883859968,11632,Malik Nabers,WR,24.2,0,1
2024,15,1,608781531883859968,7564,Ja'Marr Chase,WR,18.4,0,1
2024,15,1,608781531883859968,8130,Trey McBride,TE,17.7,1,1
2024,15,1,608781531883859968,4035,Alvin Kamara,RB,17.0,0,1
2024,15,1,608781531883859968,GB,Green Bay Packers,DEF,16.25,1,1
2024,15,1,608781531883859968,9509,Bijan Robinson,RB,15.0,1,1
2024,15,1,608781531883859968,9226,De'Von Achane,RB,13.6,0,1
2024,15,1,608781531883859968,8148,Jameson Williams,WR,12.7,0,1
2024,15,1,608781531883859968,5849,Kyler Murray,QB,10.06,1,1
2024,15,1,608781531883859968,1945,Chris Boswell,K,8.0,1,1
2024,15,1,608781531883859968,9500,Josh Downs,WR,6.2,0,1
2024,15,1,608781531883859968,6768,Tua Tagovailoa,QB,4.34,1,1
2024,15,1,608781531883859968,8132,Tyler Allgeier,RB,4.3,0,1
2024,15,1,608781531883859968,7596,Elijah Moore,WR,1.9,0,1
2024,15,1,608781531883859968,11576,Braelon Allen,RB,0.5,0,1
2024,15,1,608781531883859968,LAC,Los Angeles Chargers,DEF,-4.25,0,1
2024,15,2,736077599457026048,4984,Josh Allen,QB,41.28,1,1
2024,15,2,736077599457026048,11631,Brian Thomas,WR,33.0,1,1
2024,15,2,736077599457026048,9224,Chase Brown,RB,26.3,1,1
2024,15,2,736077599457026048,9488,Jaxon Smith-Njigba,WR,18.3,1,1
2024,15,2,736077599457026048,7569,Nico Collins,WR,17.7,1,1
2024,15,2,736077599457026048,4983,DJ Moore,WR,15.0,0,1
2024,15,2,736077599457026048,8112,Drake London,WR,14.3,1,1
2024,15,2,736077599457026048,11584,Bucky Irving,RB,13.8,0,1
2024,15,2,736077599457026048,4866,Saquon Barkley,RB,9.4,1,1
2024,15,2,736077599457026048,1234,Russell Wilson,QB,8.42,0,1
2024,15,2,736077599457026048,ARI,Arizona Cardinals,DEF,7.0,1,1
2024,15,2,736077599457026048,1339,Zach Ertz,TE,4.5,1,1
2024,15,2,736077599457026048,8111,Cade Otton,TE,4.4,0,1
2024,15,2,736077599457026048,11539,Jake Bates,K,4.0,1,1
2024,15,2,736077599457026048,7090,Darnell Mooney,WR,0,0,1
2024,15,2,736077599457026048,9999,Will Levis,QB,-4.44,0,1
2024,15,3,737091087440674816,2133,Davante Adams,WR,44.8,1,1
2024,15,3,737091087440674816,1479,Keenan Allen,WR,20.2,0,1
2024,15,3,737091087440674816,11624,Xavier Worthy,WR,19.6,0,1
2024,15,3,737091087440674816,4199,Aaron Jones,RB,18.6,1,1
2024,15,3,737091087440674816,6650,Chase McLaughlin,K,18.0,1,1
2024,15,3,737091087440674816,6770,Joe Burrow,QB,17.34,1,1
2024,15,3,737091087440674816,11651,Isaac Guerendo,RB,11.5,1,1
2024,15,3,737091087440674816,4018,Joe Mixon,RB,10.6,1,1
2024,15,3,737091087440674816,10236,Dalton Kincaid,TE,9.3,1,1
2024,15,3,737091087440674816,5086,Marquez Valdes-Scantling,WR,8.8,0,1
2024,15,3,737091087440674816,5846,DK Metcalf,WR,5.8,1,1
2024,15,3,737091087440674816,1373,Geno Smith,QB,4.46,1,1
2024,15,3,737091087440674816,NYJ,New York Jets,DEF,3.5,1,1
2024,15,3,737091087440674816,4988,Nick Chubb,RB,2.1,0,1
2024,15,3,737091087440674816,4037,Chris Godwin,WR,0,0,1
2024,15,3,737091087440674816,5010,Will Dissly,TE,0,0,1
2024,15,3,737091087440674816,8137,George Pickens,WR,0,0,1
2024,15,4,736744257179770880,9221,Jahmyr Gibbs,RB,28.4,1,1
2024,15,4,736744257179770880,5927,Terry McLaurin,WR,26.3,1,1
2024,15,4,736744257179770880,4046,Patrick Mahomes,QB,15.76,1,1
2024,15,4,736744257179770880,9229,Anthony Richardson,QB,14.38,1,1
2024,15,4,736744257179770880,8136,Rachaad White,RB,14.1,0,1
2024,15,4,736744257179770880,8154,Brian Robinson,RB,11.7,1,1
2024,15,4,736744257179770880,7042,Tyler Bass,K,11.0,1,1
2024,15,4,736744257179770880,1689,Adam Thielen,WR,10.1,0,1
2024,15,4,736744257179770880,4217,George Kittle,TE,10.1,1,1
2024,15,4,736744257179770880,11560,Caleb Williams,QB,9.94,0,1
2024,15,4,736744257179770880,WAS,Washington Commanders,DEF,8.25,1,1
2024,15,4,736744257179770880,9502,Tank Dell,WR,6.1,0,1
2024,15,4,736744257179770880,7049,Jauan Jennings,WR,5.1,1,1
2024,15,4,736744257179770880,4039,Cooper Kupp,WR,0,1,1
2024,15,4,736744257179770880,6806,J.K. Dobbins,RB,0,0,1
2024,15,4,736744257179770880,8144,Chris Olave,WR,0,0,1
2024,15,5,716698629934481408,3163,Jared Goff,QB,42.56,1,1
2024,15,5,716698629934481408,7547,Amon-Ra St. Brown,WR,39.3,1,1
2024,15,5,716698629934481408,4144,Jonnu Smith,TE,19.8,1,1
2024,15,5,716698629934481408,6801,Tee Higgins,WR,19.8,1,1
2024,15,5,716698629934481408,10859,Sam LaPorta,TE,18.6,0,1
2024,15,5,716698629934481408,11564,Drake Maye,QB,16.48,1,1
2024,15,5,716698629934481408,9753,Zach Charbonnet,RB,13.6,1,1
2024,15,5,716698629934481408,PHI,Philadelphia Eagles,DEF,11.5,1,1
2024,15,5,716698629934481408,6813,Jonathan Taylor,RB,10.6,1,1
2024,15,5,716698629934481408,10222,Jayden Reed,WR,10.1,0,1
2024,15,5,716698629934481408,4981,Calvin Ridley,WR,9.0,1,1
2024,15,5,716698629934481408,11637,Keon Coleman,WR,7.4,0,1
2024,15,5,716698629934481408,5119,Jason Sanders,K,7.0,1,1
2024,15,5,716698629934481408,9225,Tank Bigsby,RB,3.2,0,1
2024,15,5,716698629934481408,8151,Kenneth Walker,RB,0,0,1
2024,15,5,716698629934481408,2306,Jameis Winston,QB,-1.36,0,1
2024,15,6,736740647758938112,96,Aaron Rodgers,QB,31.06,0,1
2024,15,6,736740647758938112,8138,James Cook,RB,27.3,0,1
2024,15,6,736740647758938112,5859,A.J. Brown,WR,25.5,1,1
2024,15,6,736740647758938112,ATL,Atlanta Falcons,DEF,21.5,0,1
2024,15,6,736740647758938112,6804,Jordan Love,QB,17.56,1,1
2024,15,6,736740647758938112,7021,Rico Dowdle,RB,15.4,1,1
2024,15,6,736740647758938112,11533,Brandon Aubrey,K,14.0,1,1
2024,15,6,736740647758938112,MIN,Minnesota Vikings,DEF,11.0,0,1
2024,15,6,736740647758938112,BAL,Baltimore Ravens,DEF,10.25,1,1
2024,15,6,736740647758938112,7594,Chuba Hubbard,RB,8.9,1,1
2024,15,6,736740647758938112,421,Matthew Stafford,QB,8.2,1,1
2024,15,6,736740647758938112,5892,David Montgomery,RB,7.5,1,1
2024,15,6,736740647758938112,1466,Travis Kelce,TE,6.7,1,1
2024,15,6,736740647758938112,11604,Brock Bowers,TE,6.5,0,1
2024,15,6,736740647758938112,11620,Rome Odunze,WR,5.9,0,1
2024,15,6,736740647758938112,3321,Tyreek Hill,WR,5.6,1,1
2024,15,7,735974647736213504,4881,Lamar Jackson,QB,36.1,0,1
2024,15,7,735974647736213504,KC,Kansas City Chiefs,DEF,23.25,0,1
2024,15,7,735974647736213504,11566,Jayden Daniels,QB,23.14,0,1
2024,15,7,735974647736213504,6794,Justin Jefferson,WR,20.3,1,1
2024,15,7,735974647736213504,9493,Puka Nacua,WR,17.8,0,1
2024,15,7,735974647736213504,11635,Ladd McConkey,WR,16.8,0,1
2024,15,7,735974647736213504,9754,Quentin Johnston,WR,15.5,0,1
2024,15,7,735974647736213504,11792,Will Reichard,K,15.0,1,1
2024,15,7,735974647736213504,4943,Sam Darnold,QB,11.24,1,1
2024,15,7,735974647736213504,5947,Jakobi Meyers,WR,10.9,0,1
2024,15,7,735974647736213504,5844,T.J. Hockenson,TE,10.2,1,1
2024,15,7,735974647736213504,7611,Rhamondre Stevenson,RB,9.5,0,1
2024,15,7,735974647736213504,6938,Cam Akers,RB,8.4,0,1
2024,15,7,735974647736213504,3198,Derrick Henry,RB,6.7,0,1
2024,15,7,735974647736213504,3214,Hunter Henry,TE,6.5,0,1
2024,15,7,735974647736213504,8220,Sincere McCormick,RB,4.5,0,1
2024,15,7,735974647736213504,11589,Trey Benson,RB,2.2,0,1
2024,15,7,735974647736213504,4033,David Njoku,TE,0,0,1
2024,15,8,736803054736822272,2216,Mike Evans,WR,38.9,1,1
2024,15,8,736803054736822272,4137,James Conner,RB,31.3,1,1
2024,15,8,736803054736822272,7525,DeVonta Smith,WR,28.5,0,1
2024,15,8,736803054736822272,DEN,Denver Broncos,DEF,23.0,1,1
2024,15,8,736803054736822272,6783,Jerry Jeudy,WR,22.3,1,1
2024,15,8,736803054736822272,5850,Josh Jacobs,RB,21.6,1,1
2024,15,8,736803054736822272,6797,Justin Herbert,QB,13.8,1,1
2024,15,8,736803054736822272,11563,Bo Nix,QB,13.5,1,1
2024,15,8,736803054736822272,3678,Wil Lutz,K,8.0,1,1
2024,15,8,736803054736822272,9484,Tucker Kraft,TE,5.4,1,1
2024,15,8,736803054736822272,11628,Marvin Harrison,WR,5.2,1,1
2024,15,8,736803054736822272,9486,Dontayvion Wicks,WR,3.4,0,1
2024,15,8,736803054736822272,7528,Najee Harris,RB,3.1,0,1
2024,15,8,736803054736822272,4066,Evan Engram,TE,0,0,1
2024,15,8,736803054736822272,7526,Jaylen Waddle,WR,0,0,1
2024,15,8,736803054736822272,BUF,Buffalo Bills,DEF,-3.25,0,1
2024,15,9,710284244835979264,4892,Baker Mayfield,QB,29.02,1,1
2024,15,9,710284244835979264,6904,Jalen Hurts,QB,28.6,1,1
2024,15,9,710284244835979264,8146,Garrett Wilson,WR,14.6,1,1
2024,15,9,710284244835979264,8150,Kyren Williams,RB,13.7,1,1
2024,15,9,710284244835979264,5045,Courtland Sutton,WR,12.2,1,1
2024,15,9,710284244835979264,5012,Mark Andrews,TE,10.4,1,1
2024,15,9,710284244835979264,7600,Pat Freiermuth,TE,10.2,0,1
2024,15,9,710284244835979264,6790,D'Andre Swift,RB,9.9,0,1
2024,15,9,710284244835979264,3451,Ka'imi Fairbairn,K,9.0,1,1
2024,15,9,710284244835979264,1426,DeAndre Hopkins,WR,8.6,1,1
2024,15,9,710284244835979264,8258,Cade York,K,6.0,0,1
2024,15,9,710284244835979264,8205,Isiah Pacheco,RB,5.7,1,1
2024,15,9,710284244835979264,SF,San Francisco 49ers,DEF,5.5,1,1
2024,15,9,710284244835979264,1166,Kirk Cousins,QB,5.48,0,1
2024,15,9,710284244835979264,10444,Cedric Tillman,WR,0,0,1
2024,15,9,710284244835979264,DET,Detroit Lions,DEF,-10.0,0,1
2024,15,10,475399371639222272,6786,CeeDee Lamb,WR,27.1,1,1
2024,15,10,475399371639222272,8134,Khalil Shakir,WR,15.9,0,1
2024,15,10,475399371639222272,9756,Jordan Addison,WR,13.3,1,1
2024,15,10,475399371639222272,8155,Breece Hall,RB,13.1,1,1
2024,15,10,475399371639222272,9758,C.J. Stroud,QB,11.64,1,1
2024,15,10,475399371639222272,9997,Zay Flowers,WR,11.3,1,1
2024,15,10,475399371639222272,5967,Tony Pollard,RB,8.5,0,1
2024,15,10,475399371639222272,7553,Kyle Pitts,TE,6.8,1,1
2024,15,10,475399371639222272,8259,Cameron Dicker,K,6.0,1,1
2024,15,10,475399371639222272,5872,Deebo Samuel,WR,4.9,0,1
2024,15,10,475399371639222272,11655,Tyrone Tracy,RB,4.5,1,1
2024,15,10,475399371639222272,8183,Brock Purdy,QB,3.98,1,1
2024,15,10,475399371639222272,PIT,Pittsburgh Steelers,DEF,3.75,1,1
2024,15,10,475399371639222272,8228,Jaylen Warren,RB,2.5,0,1
2024,15,10,475399371639222272,11565,J.J. McCarthy,QB,0,0,1
2024,15,10,475399371639222272,2309,Amari Cooper,WR,0,0,1
2024,16,1,608781531883859968,9226,De'Von Achane,RB,33.0,1,1
2024,16,1,608781531883859968,8148,Jameson Williams,WR,28.0,0,1
2024,16,1,608781531883859968,9509,Bijan Robinson,RB,24.3,1,1
2024,16,1,608781531883859968,8143,Jerome Ford,RB,24.1,1,1
2024,16,1,608781531883859968,7564,Ja'Marr Chase,WR,22.4,1,1
2024,16,1,608781531883859968,5849,Kyler Murray,QB,20.38,1,1
2024,16,1,608781531883859968,GB,Green Bay Packers,DEF,17.25,1,1
2024,16,1,608781531883859968,11618,Jalen McMillan,WR,16.7,0,1
2024,16,1,608781531883859968,9500,Josh Downs,WR,15.1,0,1
2024,16,1,608781531883859968,11632,Malik Nabers,WR,13.8,1,1
2024,16,1,608781531883859968,6768,Tua Tagovailoa,QB,11.5,1,1
2024,16,1,608781531883859968,1945,Chris Boswell,K,7.0,1,1
2024,16,1,608781531883859968,7543,Travis Etienne,RB,5.7,0,1
2024,16,1,608781531883859968,9757,Kendre Miller,RB,5.1,0,1
2024,16,1,608781531883859968,8130,Trey McBride,TE,5.0,1,1
2024,16,1,608781531883859968,LAC,Los Angeles Chargers,DEF,2.0,0,1
2024,16,1,608781531883859968,4035,Alvin Kamara,RB,0,0,1
2024,16,2,736077599457026048,11631,Brian Thomas,WR,30.2,1,1
2024,16,2,736077599457026048,4866,Saquon Barkley,RB,29.0,1,1
2024,16,2,736077599457026048,9488,Jaxon Smith-Njigba,WR,24.0,1,1
2024,16,2,736077599457026048,11584,Bucky Irving,RB,18.2,1,1
2024,16,2,736077599457026048,1234,Russell Wilson,QB,15.38,0,1
2024,16,2,736077599457026048,4983,DJ Moore,WR,14.0,0,1
2024,16,2,736077599457026048,9224,Chase Brown,RB,13.9,1,1
2024,16,2,736077599457026048,7090,Darnell Mooney,WR,13.2,0,1
2024,16,2,736077599457026048,7569,Nico Collins,WR,13.0,1,1
2024,16,2,736077599457026048,4984,Josh Allen,QB,11.16,1,1
2024,16,2,736077599457026048,8112,Drake London,WR,10.9,0,1
2024,16,2,736077599457026048,11539,Jake Bates,K,8.0,1,1
2024,16,2,736077599457026048,1339,Zach Ertz,TE,2.2,1,1
2024,16,2,736077599457026048,8111,Cade Otton,TE,0,0,1
2024,16,2,736077599457026048,ARI,Arizona Cardinals,DEF,-1.25,1,1
2024,16,3,737091087440674816,1479,Keenan Allen,WR,30.1,0,1
2024,16,3,737091087440674816,6770,Joe Burrow,QB,21.98,1,1
2024,16,3,737091087440674816,1373,Geno Smith,QB,21.86,1,1
2024,16,3,737091087440674816,11624,Xavier Worthy,WR,20.5,0,1
2024,16,3,737091087440674816,2133,Davante Adams,WR,19.8,1,1
2024,16,3,737091087440674816,5846,DK Metcalf,WR,14.7,1,1
2024,16,3,737091087440674816,4199,Aaron Jones,RB,12.3,1,1
2024,16,3,737091087440674816,4018,Joe Mixon,RB,8.1,1,1
2024,16,3,737091087440674816,6650,Chase McLaughlin,K,7.0,1,1
2024,16,3,737091087440674816,10236,Dalton Kincaid,TE,5.5,1,1
2024,16,3,737091087440674816,NYJ,New York Jets,DEF,5.5,1,1
2024,16,3,737091087440674816,11651,Isaac Guerendo,RB,0,1,1
2024,16,3,737091087440674816,4037,Chris Godwin,WR,0,0,1
2024,16,3,737091087440674816,4988,Nick Chubb,RB,0,0,1
2024,16,3,737091087440674816,5010,Will Dissly,TE,0,0,1
2024,16,3,737091087440674816,5086,Marquez Valdes-Scantling,WR,0,0,1
2024,16,3,737091087440674816,8137,George Pickens,WR,0,0,1
2024,16,4,736744257179770880,9221,Jahmyr Gibbs,RB,25.9,1,1
2024,16,4,736744257179770880,4046,Patrick Mahomes,QB,24.2,1,1
2024,16,4,736744257179770880,11560,Caleb Williams,QB,22.26,0,1
2024,16,4,736744257179770880,9502,Tank Dell,WR,21.8,0,1
2024,16,4,736744257179770880,9229,Anthony Richardson,QB,20.24,1,1
2024,16,4,736744257179770880,4217,George Kittle,TE,19.1,1,1
2024,16,4,736744257179770880,5927,Terry McLaurin,WR,17.0,1,1
2024,16,4,736744257179770880,1689,Adam Thielen,WR,15.3,0,1
2024,16,4,736744257179770880,8136,Rachaad White,RB,11.0,0,1
2024,16,4,736744257179770880,7049,Jauan Jennings,WR,9.1,1,1
2024,16,4,736744257179770880,7042,Tyler Bass,K,8.0,1,1
2024,16,4,736744257179770880,WAS,Washington Commanders,DEF,7.5,1,1
2024,16,4,736744257179770880,4039,Cooper Kupp,WR,5.4,1,1
2024,16,4,736744257179770880,8154,Brian Robinson,RB,2.1,1,1
2024,16,4,736744257179770880,6806,J.K. Dobbins,RB,0,0,1
2024,16,4,736744257179770880,8144,Chris Olave,WR,0,0,1
2024,16,5,716698629934481408,6813,Jonathan Taylor,RB,43.8,1,1
2024,16,5,716698629934481408,3163,Jared Goff,QB,26.34,1,1
2024,16,5,716698629934481408,6801,Tee Higgins,WR,19.8,1,1
2024,16,5,716698629934481408,7547,Amon-Ra St. Brown,WR,19.0,1,1
2024,16,5,716698629934481408,4981,Calvin Ridley,WR,16.8,1,1
2024,16,5,716698629934481408,11564,Drake Maye,QB,16.44,0,1
2024,16,5,716698629934481408,10859,Sam LaPorta,TE,14.3,0,1
2024,16,5,716698629934481408,8151,Kenneth Walker,RB,13.9,1,1
2024,16,5,716698629934481408,1433,Brandon McManus,K,13.0,1,1
2024,16,5,716698629934481408,4144,Jonnu Smith,TE,12.2,1,1
2024,16,5,716698629934481408,10222,Jayden Reed,WR,11.1,0,1
2024,16,5,716698629934481408,PHI,Philadelphia Eagles,DEF,7.75,0,1
2024,16,5,716698629934481408,11559,Michael Penix,QB,6.38,1,1
2024,16,5,716698629934481408,JAX,Jacksonville Jaguars,DEF,3.5,1,1
2024,16,5,716698629934481408,9753,Zach Charbonnet,RB,3.3,0,1
2024,16,5,716698629934481408,11637,Keon Coleman,WR,2.7,0,1
2024,16,6,736740647758938112,7594,Chuba Hubbard,RB,33.0,1,1
2024,16,6,736740647758938112,ATL,Atlanta Falcons,DEF,27.75,0,1
2024,16,6,736740647758938112,8138,James Cook,RB,27.6,1,1
2024,16,6,736740647758938112,5859,A.J. Brown,WR,23.7,1,1
2024,16,6,736740647758938112,11533,Brandon Aubrey,K,21.0,1,1
2024,16,6,736740647758938112,11604,Brock Bowers,TE,20.9,1,1
2024,16,6,736740647758938112,96,Aaron Rodgers,QB,13.34,1,1
2024,16,6,736740647758938112,3321,Tyreek Hill,WR,11.9,1,1
2024,16,6,736740647758938112,6804,Jordan Love,QB,11.48,1,1
2024,16,6,736740647758938112,11620,Rome Odunze,WR,9.7,0,1
2024,16,6,736740647758938112,7021,Rico Dowdle,RB,8.1,1,1
2024,16,6,736740647758938112,1466,Travis Kelce,TE,8.0,0,1
2024,16,6,736740647758938112,MIN,Minnesota Vikings,DEF,6.5,1,1
2024,16,6,736740647758938112,421,Matthew Stafford,QB,6.0,0,1
2024,16,6,736740647758938112,344,Julian Edelman,WR,0,0,1
2024,16,6,736740647758938112,515,Rob Gronkowski,TE,0,0,1
2024,16,6,736740647758938112,5892,David Montgomery,RB,0,0,1
2024,16,7,735974647736213504,6794,Justin Jefferson,WR,36.9,1,1
2024,16,7,735974647736213504,11566,Jayden Daniels,QB,34.42,1,1
2024,16,7,735974647736213504,4943,Sam Darnold,QB,21.94,0,1
2024,16,7,735974647736213504,3198,Derrick Henry,RB,21.4,1,1
2024,16,7,735974647736213504,4881,Lamar Jackson,QB,19.48,1,1
2024,16,7,735974647736213504,5987,Alexander Mattison,RB,15.6,0,1
2024,16,7,735974647736213504,11635,Ladd McConkey,WR,14.7,0,1
2024,16,7,735974647736213504,4033,David Njoku,TE,14.6,1,1
2024,16,7,735974647736213504,9493,Puka Nacua,WR,13.6,1,1
2024,16,7,735974647736213504,7611,Rhamondre Stevenson,RB,12.3,1,1
2024,16,7,735974647736213504,IND,Indianapolis Colts,DEF,7.75,1,1
2024,16,7,735974647736213504,5947,Jakobi Meyers,WR,6.1,1,1
2024,16,7,735974647736213504,6083,Matt Gay,K,6.0,1,1
2024,16,7,735974647736213504,9754,Quentin Johnston,WR,4.8,0,1
2024,16,7,735974647736213504,5844,T.J. Hockenson,TE,4.7,0,1
2024,16,7,735974647736213504,7567,Kenny Gainwell,RB,2.3,0,1
2024,16,7,735974647736213504,9480,Brenton Strange,TE,2.2,0,1
2024,16,7,735974647736213504,5937,Diontae Johnson,WR,0,0,1
2024,16,7,735974647736213504,NO,New Orleans Saints,DEF,-3.5,0,1
2024,16,8,736803054736822272,4137,James Conner,RB,27.1,1,1
2024,16,8,736803054736822272,6797,Justin Herbert,QB,22.16,1,1
2024,16,8,736803054736822272,5850,Josh Jacobs,RB,20.7,1,1
2024,16,8,736803054736822272,11563,Bo Nix,QB,20.52,1,1
2024,16,8,736803054736822272,BUF,Buffalo Bills,DEF,13.0,1,1
2024,16,8,736803054736822272,3678,Wil Lutz,K,12.0,1,1
2024,16,8,736803054736822272,2216,Mike Evans,WR,11.9,1,1
2024,16,8,736803054736822272,7525,DeVonta Smith,WR,11.1,1,1
2024,16,8,736803054736822272,9486,Dontayvion Wicks,WR,10.3,0,1
2024,16,8,736803054736822272,9484,Tucker Kraft,TE,9.5,1,1
2024,16,8,736803054736822272,11628,Marvin Harrison,WR,7.9,0,1
2024,16,8,736803054736822272,7528,Najee Harris,RB,4.2,0,1
2024,16,8,736803054736822272,6783,Jerry Jeudy,WR,4.0,1,1
2024,16,8,736803054736822272,DEN,Denver Broncos,DEF,4.0,0,1
2024,16,8,736803054736822272,4066,Evan Engram,TE,0,0,1
2024,16,8,736803054736822272,7526,Jaylen Waddle,WR,0,0,1
2024,16,9,710284244835979264,4892,Baker Mayfield,QB,21.82,1,1
2024,16,9,710284244835979264,8150,Kyren Williams,RB,20.4,1,1
2024,16,9,710284244835979264,CIN,Cincinnati Bengals,DEF,19.75,1,1
2024,16,9,710284244835979264,5012,Mark Andrews,TE,13.8,1,1
2024,16,9,710284244835979264,8146,Garrett Wilson,WR,11.4,1,1
2024,16,9,710284244835979264,5045,Courtland Sutton,WR,10.0,1,1
2024,16,9,710284244835979264,6790,D'Andre Swift,RB,8.3,0,1
2024,16,9,710284244835979264,1426,DeAndre Hopkins,WR,7.7,1,1
2024,16,9,710284244835979264,DET,Detroit Lions,DEF,6.5,0,1
2024,16,9,710284244835979264,3451,Ka'imi Fairbairn,K,6.0,1,1
2024,16,9,710284244835979264,8258,Cade York,K,5.0,0,1
2024,16,9,710284244835979264,7600,Pat Freiermuth,TE,4.6,0,1
2024,16,9,710284244835979264,6904,Jalen Hurts,QB,4.54,1,1
2024,16,9,710284244835979264,8205,Isiah Pacheco,RB,3.5,1,1
2024,16,9,710284244835979264,10444,Cedric Tillman,WR,0,0,1
2024,16,9,710284244835979264,1166,Kirk Cousins,QB,0,0,1
2024,16,10,475399371639222272,5872,Deebo Samuel,WR,25.1,0,1
2024,16,10,475399371639222272,8183,Brock Purdy,QB,21.62,1,1
2024,16,10,475399371639222272,6786,CeeDee Lamb,WR,18.0,1,1
2024,16,10,475399371639222272,11655,Tyrone Tracy,RB,16.9,1,1
2024,16,10,475399371639222272,9758,C.J. Stroud,QB,16.06,1,1
2024,16,10,475399371639222272,9997,Zay Flowers,WR,15.8,1,1
2024,16,10,475399371639222272,9756,Jordan Addison,WR,14.5,0,1
2024,16,10,475399371639222272,8155,Breece Hall,RB,14.0,1,1
2024,16,10,475399371639222272,8228,Jaylen Warren,RB,13.2,0,1
2024,16,10,475399371639222272,8259,Cameron Dicker,K,10.0,1,1
2024,16,10,475399371639222272,5967,Tony Pollard,RB,8.0,1,1
2024,16,10,475399371639222272,KC,Kansas City Chiefs,DEF,8.0,1,1
2024,16,10,475399371639222272,8134,Khalil Shakir,WR,3.2,0,1
2024,16,10,475399371639222272,2309,Amari Cooper,WR,2.0,0,1
2024,16,10,475399371639222272,7553,Kyle Pitts,TE,1.7,1,1
2024,16,10,475399371639222272,11565,J.J. McCarthy,QB,0,0,1
2024,16,10,475399371639222272,PIT,Pittsburgh Steelers,DEF,-0.25,0,1
2024,17,1,608781531883859968,11632,Malik Nabers,WR,38.1,1,1
2024,17,1,608781531883859968,8130,Trey McBride,TE,30.8,1,1
2024,17,1,608781531883859968,8148,Jameson Williams,WR,25.0,0,1
2024,17,1,608781531883859968,9509,Bijan Robinson,RB,23.8,1,1
2024,17,1,608781531883859968,11618,Jalen McMillan,WR,23.0,0,1
2024,17,1,608781531883859968,7564,Ja'Marr Chase,WR,19.7,1,1
2024,17,1,608781531883859968,5849,Kyler Murray,QB,16.54,1,1
2024,17,1,608781531883859968,19,Joe Flacco,QB,15.8,1,1
2024,17,1,608781531883859968,LAC,Los Angeles Chargers,DEF,15.5,1,1
2024,17,1,608781531883859968,9226,De'Von Achane,RB,5.8,1,1
2024,17,1,608781531883859968,9500,Josh Downs,WR,5.2,0,1
2024,17,1,608781531883859968,1945,Chris Boswell,K,4.0,1,1
2024,17,1,608781531883859968,8143,Jerome Ford,RB,2.2,1,1
2024,17,1,608781531883859968,4035,Alvin Kamara,RB,0,0,1
2024,17,1,608781531883859968,6768,Tua Tagovailoa,QB,0,0,1
2024,17,2,736077599457026048,1339,Zach Ertz,TE,25.2,1,1
2024,17,2,736077599457026048,11631,Brian Thomas,WR,23.9,1,1
2024,17,2,736077599457026048,11584,Bucky Irving,RB,23.5,1,1
2024,17,2,736077599457026048,4984,Josh Allen,QB,22.98,1,1
2024,17,2,736077599457026048,4866,Saquon Barkley,RB,19.4,1,1
2024,17,2,736077599457026048,8112,Drake London,WR,18.1,0,1
2024,17,2,736077599457026048,1234,Russell Wilson,QB,16.7,0,1
2024,17,2,736077599457026048,9224,Chase Brown,RB,13.1,1,1
2024,17,2,736077599457026048,4983,DJ Moore,WR,12.2,0,1
2024,17,2,736077599457026048,11539,Jake Bates,K,9.0,1,1
2024,17,2,736077599457026048,7569,Nico Collins,WR,8.9,1,1
2024,17,2,736077599457026048,ARI,Arizona Cardinals,DEF,7.0,1,1
2024,17,2,736077599457026048,9488,Jaxon Smith-Njigba,WR,6.2,1,1
2024,17,2,736077599457026048,7090,Darnell Mooney,WR,5.7,0,1
2024,17,2,736077599457026048,8111,Cade Otton,TE,0,0,1
2024,17,3,737091087440674816,6770,Joe Burrow,QB,38.48,1,1
2024,17,3,737091087440674816,11624,Xavier Worthy,WR,22.9,0,1
2024,17,3,737091087440674816,11651,Isaac Guerendo,RB,13.9,1,1
2024,17,3,737091087440674816,6650,Chase McLaughlin,K,12.0,1,1
2024,17,3,737091087440674816,4199,Aaron Jones,RB,11.7,1,1
2024,17,3,737091087440674816,2133,Davante Adams,WR,9.7,1,1
2024,17,3,737091087440674816,8137,George Pickens,WR,8.0,0,1
2024,17,3,737091087440674816,1479,Keenan Allen,WR,7.5,0,1
2024,17,3,737091087440674816,5846,DK Metcalf,WR,7.2,1,1
2024,17,3,737091087440674816,1373,Geno Smith,QB,6.3,1,1
2024,17,3,737091087440674816,4018,Joe Mixon,RB,5.9,1,1
2024,17,3,737091087440674816,10236,Dalton Kincaid,TE,4.4,1,1
2024,17,3,737091087440674816,5010,Will Dissly,TE,4.1,0,1
2024,17,3,737091087440674816,4037,Chris Godwin,WR,0,0,1
2024,17,3,737091087440674816,4988,Nick Chubb,RB,0,0,1
2024,17,3,737091087440674816,5086,Marquez Valdes-Scantling,WR,0,0,1
2024,17,3,737091087440674816,NYJ,New York Jets,DEF,-2.5,1,1
2024,17,4,736744257179770880,1689,Adam Thielen,WR,29.0,0,1
2024,17,4,736744257179770880,9221,Jahmyr Gibbs,RB,26.8,0,1
2024,17,4,736744257179770880,4046,Patrick Mahomes,QB,26.5,1,1
2024,17,4,736744257179770880,4217,George Kittle,TE,19.7,0,1
2024,17,4,736744257179770880,6806,J.K. Dobbins,RB,15.3,0,1
2024,17,4,736744257179770880,7049,Jauan Jennings,WR,12.7,0,1
2024,17,4,736744257179770880,8154,Brian Robinson,RB,8.9,0,1
2024,17,4,736744257179770880,7042,Tyler Bass,K,8.0,0,1
2024,17,4,736744257179770880,11560,Caleb Williams,QB,5.58,0,1
2024,17,4,736744257179770880,WAS,Washington Commanders,DEF,5.5,0,1
2024,17,4,736744257179770880,8136,Rachaad White,RB,4.4,0,1
2024,17,4,736744257179770880,4039,Cooper Kupp,WR,3.9,0,1
2024,17,4,736744257179770880,5927,Terry McLaurin,WR,1.5,0,1
2024,17,4,736744257179770880,8144,Chris Olave,WR,0,0,1
2024,17,4,736744257179770880,9229,Anthony Richardson,QB,0,0,1
2024,17,4,736744257179770880,9502,Tank Dell,WR,0,0,1
2024,17,5,716698629934481408,6801,Tee Higgins,WR,40.6,1,1
2024,17,5,716698629934481408,6813,Jonathan Taylor,RB,28.1,1,1
2024,17,5,716698629934481408,3163,Jared Goff,QB,26.32,1,1
2024,17,5,716698629934481408,PHI,Philadelphia Eagles,DEF,21.25,1,1
2024,17,5,716698629934481408,7547,Amon-Ra St. Brown,WR,20.0,1,1
2024,17,5,716698629934481408,10859,Sam LaPorta,TE,18.4,0,1
2024,17,5,716698629934481408,4981,Calvin Ridley,WR,14.1,1,1
2024,17,5,716698629934481408,11637,Keon Coleman,WR,11.7,0,1
2024,17,5,716698629934481408,4144,Jonnu Smith,TE,11.6,1,1
2024,17,5,716698629934481408,9753,Zach Charbonnet,RB,10.6,1,1
2024,17,5,716698629934481408,11564,Drake Maye,QB,9.88,1,1
2024,17,5,716698629934481408,11559,Michael Penix,QB,9.22,0,1
2024,17,5,716698629934481408,JAX,Jacksonville Jaguars,DEF,8.75,0,1
2024,17,5,716698629934481408,1433,Brandon McManus,K,5.0,1,1
2024,17,5,716698629934481408,10222,Jayden Reed,WR,1.6,0,1
2024,17,5,716698629934481408,8151,Kenneth Walker,RB,0,0,1
2024,17,6,736740647758938112,1466,Travis Kelce,TE,22.4,0,1
2024,17,6,736740647758938112,3321,Tyreek Hill,WR,20.0,1,1
2024,17,6,736740647758938112,11604,Brock Bowers,TE,14.6,1,1
2024,17,6,736740647758938112,6804,Jordan Love,QB,14.0,1,1
2024,17,6,736740647758938112,5859,A.J. Brown,WR,12.6,1,1
2024,17,6,736740647758938112,8138,James Cook,RB,11.3,1,1
2024,17,6,736740647758938112,7021,Rico Dowdle,RB,10.3,1,1
2024,17,6,736740647758938112,421,Matthew Stafford,QB,9.16,0,1
2024,17,6,736740647758938112,MIN,Minnesota Vikings,DEF,8.75,1,1
2024,17,6,736740647758938112,ATL,Atlanta Falcons,DEF,2.75,0,1
2024,17,6,736740647758938112,11620,Rome Odunze,WR,2.5,0,1
2024,17,6,736740647758938112,96,Aaron Rodgers,QB,0.48,1,1
2024,17,6,736740647758938112,344,Julian Edelman,WR,0,0,1
2024,17,6,736740647758938112,515,Rob Gronkowski,TE,0,0,1
2024,17,6,736740647758938112,5892,David Montgomery,RB,0,0,1
2024,17,6,736740647758938112,7594,Chuba Hubbard,RB,0,1,1
2024,17,6,736740647758938112,11533,Brandon Aubrey,K,-1.0,1,1
2024,17,7,735974647736213504,11566,Jayden Daniels,QB,32.28,1,1
2024,17,7,735974647736213504,4881,Lamar Jackson,QB,29.92,1,1
2024,17,7,735974647736213504,11635,Ladd McConkey,WR,29.9,1,1
2024,17,7,735974647736213504,4943,Sam Darnold,QB,25.28,0,1
2024,17,7,735974647736213504,3198,Derrick Henry,RB,25.0,1,1
2024,17,7,735974647736213504,9493,Puka Nacua,WR,23.4,1,1
2024,17,7,735974647736213504,MIA,Miami Dolphins,DEF,17.25,1,1
2024,17,7,735974647736213504,6794,Justin Jefferson,WR,17.2,1,1
2024,17,7,735974647736213504,5947,Jakobi Meyers,WR,17.1,0,1
2024,17,7,735974647736213504,9508,Tyjae Spears,RB,12.3,1,1
2024,17,7,735974647736213504,5844,T.J. Hockenson,TE,11.8,1,1
2024,17,7,735974647736213504,11792,Will Reichard,K,6.0,1,1
2024,17,7,735974647736213504,5987,Alexander Mattison,RB,4.8,0,1
2024,17,7,735974647736213504,8255,Raheem Blackshear,RB,2.0,0,1
2024,17,7,735974647736213504,7611,Rhamondre Stevenson,RB,0.1,0,1
2024,17,7,735974647736213504,IND,Indianapolis Colts,DEF,-2.0,0,1
2024,17,8,736803054736822272,7525,DeVonta Smith,WR,30.5,1,1
2024,17,8,736803054736822272,2216,Mike Evans,WR,29.7,1,1
2024,17,8,736803054736822272,6797,Justin Herbert,QB,24.94,1,1
2024,17,8,736803054736822272,11563,Bo Nix,QB,21.86,1,1
2024,17,8,736803054736822272,6783,Jerry Jeudy,WR,21.4,0,1
2024,17,8,736803054736822272,BUF,Buffalo Bills,DEF,16.0,1,1
2024,17,8,736803054736822272,11628,Marvin Harrison,WR,15.6,1,1
2024,17,8,736803054736822272,5850,Josh Jacobs,RB,10.9,1,1
2024,17,8,736803054736822272,7528,Najee Harris,RB,10.1,0,1
2024,17,8,736803054736822272,9486,Dontayvion Wicks,WR,8.3,0,1
2024,17,8,736803054736822272,9484,Tucker Kraft,TE,7.3,1,1
2024,17,8,736803054736822272,3678,Wil Lutz,K,6.0,1,1
2024,17,8,736803054736822272,DEN,Denver Broncos,DEF,4.25,0,1
2024,17,8,736803054736822272,4137,James Conner,RB,2.8,1,1
2024,17,8,736803054736822272,4066,Evan Engram,TE,0,0,1
2024,17,8,736803054736822272,7526,Jaylen Waddle,WR,0,0,1
2024,17,9,710284244835979264,4892,Baker Mayfield,QB,35.06,1,1
2024,17,9,710284244835979264,8146,Garrett Wilson,WR,17.6,1,1
2024,17,9,710284244835979264,5045,Courtland Sutton,WR,16.5,1,1
2024,17,9,710284244835979264,8150,Kyren Williams,RB,16.2,1,1
2024,17,9,710284244835979264,5012,Mark Andrews,TE,14.8,1,1
2024,17,9,710284244835979264,6790,D'Andre Swift,RB,12.1,0,1
2024,17,9,710284244835979264,7600,Pat Freiermuth,TE,11.0,0,1
2024,17,9,710284244835979264,CIN,Cincinnati Bengals,DEF,6.0,1,1
2024,17,9,710284244835979264,8258,Cade York,K,3.0,0,1
2024,17,9,710284244835979264,1426,DeAndre Hopkins,WR,2.7,1,1
2024,17,9,710284244835979264,8205,Isiah Pacheco,RB,1.8,1,1
2024,17,9,710284244835979264,DET,Detroit Lions,DEF,1.5,0,1
2024,17,9,710284244835979264,10444,Cedric Tillman,WR,0,0,1
2024,17,9,710284244835979264,1166,Kirk Cousins,QB,0,0,1
2024,17,9,710284244835979264,3451,Ka'imi Fairbairn,K,0,1,1
2024,17,9,710284244835979264,6904,Jalen Hurts,QB,0,1,1
2024,17,10,475399371639222272,8183,Brock Purdy,QB,30.78,1,1
2024,17,10,475399371639222272,9756,Jordan Addison,WR,18.9,0,1
2024,17,10,475399371639222272,8259,Cameron Dicker,K,17.0,1,1
2024,17,10,475399371639222272,8228,Jaylen Warren,RB,16.2,0,1
2024,17,10,475399371639222272,2309,Amari Cooper,WR,14.6,0,1
2024,17,10,475399371639222272,7553,Kyle Pitts,TE,14.4,1,1
2024,17,10,475399371639222272,KC,Kansas City Chiefs,DEF,12.25,1,1
2024,17,10,475399371639222272,11655,Tyrone Tracy,RB,8.3,1,1
2024,17,10,475399371639222272,5872,Deebo Samuel,WR,8.1,0,1
2024,17,10,475399371639222272,8155,Breece Hall,RB,6.3,1,1
2024,17,10,475399371639222272,9758,C.J. Stroud,QB,6.1,1,1
2024,17,10,475399371639222272,8134,Khalil Shakir,WR,5.5,0,1
2024,17,10,475399371639222272,9997,Zay Flowers,WR,5.1,1,1
2024,17,10,475399371639222272,11565,J.J. McCarthy,QB,0,0,1
2024,17,10,475399371639222272,5967,Tony Pollard,RB,0,1,1
2024,17,10,475399371639222272,6786,CeeDee Lamb,WR,0,1,1
2024,17,10,475399371639222272,PIT,Pittsburgh Steelers,DEF,0,0,1
2024,18,1,608781531883859968,9509,Bijan Robinson,RB,31.8,1,1
2024,18,1,608781531883859968,5849,Kyler Murray,QB,28.38,1,1
2024,18,1,608781531883859968,7564,Ja'Marr Chase,WR,25.6,1,1
2024,18,1,608781531883859968,8130,Trey McBride,TE,19.5,1,1
2024,18,1,608781531883859968,9500,Josh Downs,WR,19.4,0,1
2024,18,1,608781531883859968,11618,Jalen McMillan,WR,19.0,0,1
2024,18,1,608781531883859968,9226,De'Von Achane,RB,18.6,1,1
2024,18,1,608781531883859968,11632,Malik Nabers,WR,17.9,1,1
2024,18,1,608781531883859968,19,Joe Flacco,QB,14.56,1,1
2024,18,1,608781531883859968,8148,Jameson Williams,WR,9.4,0,1
2024,18,1,608781531883859968,LAC,Los Angeles Chargers,DEF,7.5,1,1
2024,18,1,608781531883859968,1945,Chris Boswell,K,7.0,1,1
2024,18,1,608781531883859968,4035,Alvin Kamara,RB,0,0,1
2024,18,1,608781531883859968,6768,Tua Tagovailoa,QB,0,0,1
2024,18,1,608781531883859968,8143,Jerome Ford,RB,0,1,1
2024,18,2,736077599457026048,8112,Drake London,WR,41.2,0,1
2024,18,2,736077599457026048,4983,DJ Moore,WR,22.1,0,1
2024,18,2,736077599457026048,11631,Brian Thomas,WR,17.8,1,1
2024,18,2,736077599457026048,11584,Bucky Irving,RB,16.4,1,1
2024,18,2,736077599457026048,1339,Zach Ertz,TE,15.4,1,1
2024,18,2,736077599457026048,7569,Nico Collins,WR,14.8,1,1
2024,18,2,736077599457026048,1234,Russell Wilson,QB,11.52,0,1
2024,18,2,736077599457026048,11539,Jake Bates,K,8.0,1,1
2024,18,2,736077599457026048,ARI,Arizona Cardinals,DEF,7.5,1,1
2024,18,2,736077599457026048,9488,Jaxon Smith-Njigba,WR,5.3,1,1
2024,18,2,736077599457026048,4866,Saquon Barkley,RB,0,1,1
2024,18,2,736077599457026048,4984,Josh Allen,QB,0,1,1
2024,18,2,736077599457026048,7090,Darnell Mooney,WR,0,0,1
2024,18,2,736077599457026048,8111,Cade Otton,TE,0,0,1
2024,18,2,736077599457026048,9224,Chase Brown,RB,0,1,1
2024,18,3,737091087440674816,1373,Geno Smith,QB,26.32,1,1
2024,18,3,737091087440674816,2133,Davante Adams,WR,20.8,1,1
2024,18,3,737091087440674816,5010,Will Dissly,TE,15.2,0,1
2024,18,3,737091087440674816,5846,DK Metcalf,WR,14.3,1,1
2024,18,3,737091087440674816,NYJ,New York Jets,DEF,14.0,1,1
2024,18,3,737091087440674816,4199,Aaron Jones,RB,12.5,1,1
2024,18,3,737091087440674816,6770,Joe Burrow,QB,12.48,1,1
2024,18,3,737091087440674816,6650,Chase McLaughlin,K,11.0,1,1
2024,18,3,737091087440674816,5086,Marquez Valdes-Scantling,WR,6.3,0,1
2024,18,3,737091087440674816,4018,Joe Mixon,RB,3.8,1,1
2024,18,3,737091087440674816,1479,Keenan Allen,WR,3.5,0,1
2024,18,3,737091087440674816,8137,George Pickens,WR,1.0,0,1
2024,18,3,737091087440674816,11651,Isaac Guerendo,RB,0.5,1,1
2024,18,3,737091087440674816,10236,Dalton Kincaid,TE,0,1,1
2024,18,3,737091087440674816,11624,Xavier Worthy,WR,0,0,1
2024,18,3,737091087440674816,4037,Chris Godwin,WR,0,0,1
2024,18,3,737091087440674816,4988,Nick Chubb,RB,0,0,1
2024,18,4,736744257179770880,9221,Jahmyr Gibbs,RB,46.5,0,1
2024,18,4,736744257179770880,5927,Terry McLaurin,WR,20.2,0,1
2024,18,4,736744257179770880,7049,Jauan Jennings,WR,12.2,0,1
2024,18,4,736744257179770880,6806,J.K. Dobbins,RB,10.5,0,1
2024,18,4,736744257179770880,11560,Caleb Williams,QB,9.92,0,1
2024,18,4,736744257179770880,1689,Adam Thielen,WR,9.4,0,1
2024,18,4,736744257179770880,4217,George Kittle,TE,4.7,0,1
2024,18,4,736744257179770880,7042,Tyler Bass,K,4.0,0,1
2024,18,4,736744257179770880,WAS,Washington Commanders,DEF,3.5,0,1
2024,18,4,736744257179770880,8154,Brian Robinson,RB,2.6,0,1
2024,18,4,736744257179770880,4039,Cooper Kupp,WR,0,0,1
2024,18,4,736744257179770880,4046,Patrick Mahomes,QB,0,1,1
2024,18,4,736744257179770880,8136,Rachaad White,RB,0,0,1
2024,18,4,736744257179770880,8144,Chris Olave,WR,0,0,1
2024,18,4,736744257179770880,9229,Anthony Richardson,QB,0,0,1
2024,18,4,736744257179770880,9502,Tank Dell,WR,0,0,1
2024,18,5,716698629934481408,6813,Jonathan Taylor,RB,25.5,1,1
2024,18,5,716698629934481408,11559,Michael Penix,QB,24.98,0,1
2024,18,5,716698629934481408,4144,Jonnu Smith,TE,18.6,1,1
2024,18,5,716698629934481408,7547,Amon-Ra St. Brown,WR,13.7,1,1
2024,18,5,716698629934481408,10859,Sam LaPorta,TE,13.3,0,1
2024,18,5,716698629934481408,1433,Brandon McManus,K,12.0,1,1
2024,18,5,716698629934481408,PHI,Philadelphia Eagles,DEF,10.5,1,1
2024,18,5,716698629934481408,4981,Calvin Ridley,WR,10.3,1,1
2024,18,5,716698629934481408,3163,Jared Goff,QB,9.74,1,1
2024,18,5,716698629934481408,6801,Tee Higgins,WR,9.3,1,1
2024,18,5,716698629934481408,9753,Zach Charbonnet,RB,9.1,1,1
2024,18,5,716698629934481408,11637,Keon Coleman,WR,6.0,0,1
2024,18,5,716698629934481408,10222,Jayden Reed,WR,5.1,0,1
2024,18,5,716698629934481408,JAX,Jacksonville Jaguars,DEF,1.25,0,1
2024,18,5,716698629934481408,11564,Drake Maye,QB,0,1,1
2024,18,5,716698629934481408,8151,Kenneth Walker,RB,0,0,1
2024,18,6,736740647758938112,96,Aaron Rodgers,QB,24.96,1,1
2024,18,6,736740647758938112,7021,Rico Dowdle,RB,16.4,1,1
2024,18,6,736740647758938112,11604,Brock Bowers,TE,15.0,1,1
2024,18,6,736740647758938112,11533,Brandon Aubrey,K,14.0,1,1
2024,18,6,736740647758938112,8138,James Cook,RB,8.8,1,1
2024,18,6,736740647758938112,MIN,Minnesota Vikings,DEF,6.0,1,1
2024,18,6,736740647758938112,3321,Tyreek Hill,WR,4.0,1,1
2024,18,6,736740647758938112,11620,Rome Odunze,WR,3.8,0,1
2024,18,6,736740647758938112,6804,Jordan Love,QB,2.76,1,1
2024,18,6,736740647758938112,1466,Travis Kelce,TE,0,0,1
2024,18,6,736740647758938112,344,Julian Edelman,WR,0,0,1
2024,18,6,736740647758938112,421,Matthew Stafford,QB,0,0,1
2024,18,6,736740647758938112,515,Rob Gronkowski,TE,0,0,1
2024,18,6,736740647758938112,5859,A.J. Brown,WR,0,1,1
2024,18,6,736740647758938112,5892,David Montgomery,RB,0,0,1
2024,18,6,736740647758938112,7594,Chuba Hubbard,RB,0,1,1
2024,18,6,736740647758938112,ATL,Atlanta Falcons,DEF,-5.0,0,1
2024,18,7,735974647736213504,3198,Derrick Henry,RB,31.1,1,1
2024,18,7,735974647736213504,5947,Jakobi Meyers,WR,27.8,0,1
2024,18,7,735974647736213504,4881,Lamar Jackson,QB,22.98,1,1
2024,18,7,735974647736213504,11635,Ladd McConkey,WR,16.5,1,1
2024,18,7,735974647736213504,11792,Will Reichard,K,9.0,1,1
2024,18,7,735974647736213504,6794,Justin Jefferson,WR,8.4,1,1
2024,18,7,735974647736213504,4943,Sam Darnold,QB,7.64,0,1
2024,18,7,735974647736213504,5987,Alexander Mattison,RB,7.1,0,1
2024,18,7,735974647736213504,IND,Indianapolis Colts,DEF,6.5,0,1
2024,18,7,735974647736213504,8255,Raheem Blackshear,RB,4.7,0,1
2024,18,7,735974647736213504,MIA,Miami Dolphins,DEF,4.25,1,1
2024,18,7,735974647736213504,11566,Jayden Daniels,QB,4.22,1,1
2024,18,7,735974647736213504,5844,T.J. Hockenson,TE,2.9,1,1
2024,18,7,735974647736213504,7611,Rhamondre Stevenson,RB,0,0,1
2024,18,7,735974647736213504,9493,Puka Nacua,WR,0,1,1
2024,18,7,735974647736213504,9508,Tyjae Spears,RB,0,1,1
2024,18,8,736803054736822272,11563,Bo Nix,QB,34.04,1,1
2024,18,8,736803054736822272,6797,Justin Herbert,QB,28.54,1,1
2024,18,8,736803054736822272,2216,Mike Evans,WR,17.9,1,1
2024,18,8,736803054736822272,11628,Marvin Harrison,WR,17.3,1,1
2024,18,8,736803054736822272,DEN,Denver Broncos,DEF,16.75,0,1
2024,18,8,736803054736822272,7528,Najee Harris,RB,15.6,0,1
2024,18,8,736803054736822272,6783,Jerry Jeudy,WR,12.3,0,1
2024,18,8,736803054736822272,5850,Josh Jacobs,RB,11.6,1,1
2024,18,8,736803054736822272,9486,Dontayvion Wicks,WR,9.9,0,1
2024,18,8,736803054736822272,7526,Jaylen Waddle,WR,9.0,0,1
2024,18,8,736803054736822272,3678,Wil Lutz,K,8.0,1,1
2024,18,8,736803054736822272,9484,Tucker Kraft,TE,7.6,1,1
2024,18,8,736803054736822272,BUF,Buffalo Bills,DEF,3.25,1,1
2024,18,8,736803054736822272,4066,Evan Engram,TE,0,0,1
2024,18,8,736803054736822272,4137,James Conner,RB,0,1,1
2024,18,8,736803054736822272,7525,DeVonta Smith,WR,0,1,1
2024,18,9,710284244835979264,7600,Pat Freiermuth,TE,22.5,0,1
2024,18,9,710284244835979264,4892,Baker Mayfield,QB,21.64,1,1
2024,18,9,710284244835979264,5045,Courtland Sutton,WR,20.8,1,1
2024,18,9,710284244835979264,5012,Mark Andrews,TE,15.4,1,1
2024,18,9,710284244835979264,8258,Cade York,K,14.0,0,1
2024,18,9,710284244835979264,CIN,Cincinnati Bengals,DEF,13.0,1,1
2024,18,9,710284244835979264,6790,D'Andre Swift,RB,12.5,0,1
2024,18,9,710284244835979264,DET,Detroit Lions,DEF,10.0,0,1
2024,18,9,710284244835979264,8146,Garrett Wilson,WR,9.1,1,1
2024,18,9,710284244835979264,3451,Ka'imi Fairbairn,K,4.0,1,1
2024,18,9,710284244835979264,10444,Cedric Tillman,WR,0,0,1
2024,18,9,710284244835979264,1166,Kirk Cousins,QB,0,0,1
2024,18,9,710284244835979264,1426,DeAndre Hopkins,WR,0,1,1
2024,18,9,710284244835979264,6904,Jalen Hurts,QB,0,1,1
2024,18,9,710284244835979264,8150,Kyren Williams,RB,0,1,1
2024,18,9,710284244835979264,8205,Isiah Pacheco,RB,0,1,1
2024,18,10,475399371639222272,8155,Breece Hall,RB,18.2,1,1
2024,18,10,475399371639222272,8259,Cameron Dicker,K,13.0,1,1
2024,18,10,475399371639222272,PIT,Pittsburgh Steelers,DEF,10.5,0,1
2024,18,10,475399371639222272,11655,Tyrone Tracy,RB,8.6,1,1
2024,18,10,475399371639222272,5967,Tony Pollard,RB,6.2,1,1
2024,18,10,475399371639222272,9758,C.J. Stroud,QB,6.0,1,1
2024,18,10,475399371639222272,7553,Kyle Pitts,TE,3.5,1,1
2024,18,10,475399371639222272,9997,Zay Flowers,WR,3.1,1,1
2024,18,10,475399371639222272,8228,Jaylen Warren,RB,2.1,0,1
2024,18,10,475399371639222272,9756,Jordan Addison,WR,1.0,0,1
2024,18,10,475399371639222272,11565,J.J. McCarthy,QB,0,0,1
2024,18,10,475399371639222272,2309,Amari Cooper,WR,0,0,1
2024,18,10,475399371639222272,5872,Deebo Samuel,WR,0,0,1
2024,18,10,475399371639222272,6786,CeeDee Lamb,WR,0,1,1
2024,18,10,475399371639222272,8134,Khalil Shakir,WR,0,0,1
2024,18,10,475399371639222272,8183,Brock Purdy,QB,0,1,1
2024,18,10,475399371639222272,KC,Kansas City Chiefs,DEF,-8.0,1,1
2025,1,1,608781531883859968,12514,Emeka Egbuka,WR,23.6,1,0
2025,1,1,608781531883859968,11565,J.J. McCarthy,QB,21.22,1,0
2025,1,1,608781531883859968,4035,Alvin Kamara,RB,13.7,1,0
2025,1,1,608781531883859968,8112,Drake London,WR,13.5,1,0
2025,1,1,608781531883859968,8130,Trey McBride,TE,12.1,1,0
2025,1,1,608781531883859968,12526,Tetairoa McMillan,WR,11.8,1,0
2025,1,1,608781531883859968,11533,Brandon Aubrey,K,11.0,1,0
2025,1,1,608781531883859968,9228,Bryce Young,QB,8.16,1,0
2025,1,1,608781531883859968,4981,Calvin Ridley,WR,6.7,0,0
2025,1,1,608781531883859968,8148,Jameson Williams,WR,6.6,0,0
2025,1,1,608781531883859968,12541,Dont'e Thornton,WR,6.5,0,0
2025,1,1,608781531883859968,ARI,Arizona Cardinals,DEF,5.75,1,0
2025,1,1,608781531883859968,11655,Tyrone Tracy,RB,5.5,0,0
2025,1,1,608781531883859968,8151,Kenneth Walker,RB,5.4,1,0
2025,1,1,608781531883859968,12490,Bhayshul Tuten,RB,1.1,0,0
2025,1,1,608781531883859968,12508,Jaxson Dart,QB,0,0,0
2025,1,1,608781531883859968,6803,Brandon Aiyuk,WR,0,0,0
2025,1,2,736077599457026048,7591,Justin Fields,QB,29.52,0,0
2025,1,2,736077599457026048,11566,Jayden Daniels,QB,20.12,1,0
2025,1,2,736077599457026048,9488,Jaxon Smith-Njigba,WR,18.9,1,0
2025,1,2,736077599457026048,12469,Dylan Sampson,RB,17.3,0,0
2025,1,2,736077599457026048,9226,De'Von Achane,RB,16.5,1,0
2025,1,2,736077599457026048,4137,James Conner,RB,14.4,1,0
2025,1,2,736077599457026048,1466,Travis Kelce,TE,12.7,1,0
2025,1,2,736077599457026048,LAR,Los Angeles Rams,DEF,12.25,1,0
2025,1,2,736077599457026048,2449,Stefon Diggs,WR,11.7,0,0
2025,1,2,736077599457026048,6790,D'Andre Swift,RB,9.5,0,0
2025,1,2,736077599457026048,11631,Brian Thomas,WR,9.0,1,0
2025,1,2,736077599457026048,6768,Tua Tagovailoa,QB,5.26,1,0
2025,1,2,736077599457026048,7839,Evan McPherson,K,5.0,1,0
2025,1,2,736077599457026048,12499,Elic Ayomanor,WR,3.3,0,0
2025,1,2,736077599457026048,12547,Kyle Williams,WR,2.2,0,0
2025,1,2,736077599457026048,5859,A.J. Brown,WR,1.8,1,0
2025,1,2,736077599457026048,12457,Jaydon Blue,RB,0,0,0
2025,1,3,737091087440674816,9997,Zay Flowers,WR,28.6,0,0
2025,1,3,737091087440674816,11637,Keon Coleman,WR,25.7,0,0
2025,1,3,737091087440674816,8138,James Cook,RB,21.2,1,0
2025,1,3,737091087440674816,1373,Geno Smith,QB,17.48,1,0
2025,1,3,737091087440674816,6804,Jordan Love,QB,15.92,1,0
2025,1,3,737091087440674816,12518,Tyler Warren,TE,14.9,1,0
2025,1,3,737091087440674816,6794,Justin Jefferson,WR,14.8,1,0
2025,1,3,737091087440674816,8150,Kyren Williams,RB,13.9,1,0
2025,1,3,737091087440674816,8126,Wan'Dale Robinson,WR,11.5,0,0
2025,1,3,737091087440674816,7547,Amon-Ra St. Brown,WR,8.5,1,0
2025,1,3,737091087440674816,4195,Jake Elliott,K,8.0,1,0
2025,1,3,737091087440674816,MIN,Minnesota Vikings,DEF,7.0,1,0
2025,1,3,737091087440674816,4943,Sam Darnold,QB,5.4,0,0
2025,1,3,737091087440674816,12495,Ollie Gordon,RB,1.3,0,0
2025,1,3,737091087440674816,9225,Tank Bigsby,RB,1.2,0,0
2025,1,3,737091087440674816,11624,Xavier Worthy,WR,0,1,0
2025,1,4,736744257179770880,6797,Justin Herbert,QB,28.42,1,0
2025,1,4,736744257179770880,11559,Michael Penix,QB,24.52,0,0
2025,1,4,736744257179770880,8146,Garrett Wilson,WR,22.5,1,0
2025,1,4,736744257179770880,4866,Saquon Barkley,RB,18.4,1,0
2025,1,4,736744257179770880,6806,J.K. Dobbins,RB,14.8,1,0
2025,1,4,736744257179770880,421,Matthew Stafford,QB,12.6,1,0
2025,1,4,736744257179770880,4217,George Kittle,TE,12.5,1,0
2025,1,4,736744257179770880,2216,Mike Evans,WR,10.1,1,0
2025,1,4,736744257179770880,HOU,Houston Texans,DEF,8.25,1,0
2025,1,4,736744257179770880,11539,Jake Bates,K,7.0,1,0
2025,1,4,736744257179770880,4033,David Njoku,TE,6.7,1,0
2025,1,4,736744257179770880,7611,Rhamondre Stevenson,RB,4.7,0,0
2025,1,4,736744257179770880,7049,Jauan Jennings,WR,3.6,0,0
2025,1,4,736744257179770880,12481,Cam Skattebo,RB,2.9,0,0
2025,1,4,736744257179770880,10229,Rashee Rice,WR,0,0,0
2025,1,4,736744257179770880,4018,Joe Mixon,RB,0,0,0
2025,1,5,716698629934481408,9509,Bijan Robinson,RB,26.4,1,0
2025,1,5,716698629934481408,8183,Brock Purdy,QB,17.28,1,0
2025,1,5,716698629934481408,12527,Ashton Jeanty,RB,12.0,1,0
2025,1,5,716698629934481408,1234,Russell Wilson,QB,10.12,0,0
2025,1,5,716698629934481408,8259,Cameron Dicker,K,9.0,1,0
2025,1,5,716698629934481408,4983,DJ Moore,WR,8.6,1,0
2025,1,5,716698629934481408,8110,Jake Ferguson,TE,7.3,1,0
2025,1,5,716698629934481408,6801,Tee Higgins,WR,6.3,1,0
2025,1,5,716698629934481408,8205,Isiah Pacheco,RB,4.8,0,0
2025,1,5,716698629934481408,5927,Terry McLaurin,WR,4.7,1,0
2025,1,5,716698629934481408,12522,Cam Ward,QB,2.48,1,0
2025,1,5,716698629934481408,8132,Tyler Allgeier,RB,2.4,0,0
2025,1,5,716698629934481408,12509,Tre' Harris,WR,2.1,0,0
2025,1,5,716698629934481408,4037,Chris Godwin,WR,0,0,0
2025,1,5,716698629934481408,7090,Darnell Mooney,WR,0,0,0
2025,1,5,716698629934481408,9508,Tyjae Spears,RB,0,0,0
2025,1,5,716698629934481408,BAL,Baltimore Ravens,DEF,-5.75,1,0
2025,1,6,736740647758938112,5872,Deebo Samuel,WR,22.6,1,0
2025,1,6,736740647758938112,11604,Brock Bowers,TE,15.8,1,0
2025,1,6,736740647758938112,11584,Bucky Irving,RB,14.5,1,0
2025,1,6,736740647758938112,7553,Kyle Pitts,TE,12.9,0,0
2025,1,6,736740647758938112,8134,Khalil Shakir,WR,12.4,0,0
2025,1,6,736740647758938112,7523,Trevor Lawrence,QB,10.32,1,0
2025,1,6,736740647758938112,2133,Davante Adams,WR,9.1,1,0
2025,1,6,736740647758938112,6770,Joe Burrow,QB,8.82,1,0
2025,1,6,736740647758938112,5892,David Montgomery,RB,8.3,0,0
2025,1,6,736740647758938112,12507,Omarion Hampton,RB,8.1,1,0
2025,1,6,736740647758938112,11576,Braelon Allen,RB,6.9,0,0
2025,1,6,736740647758938112,7569,Nico Collins,WR,5.5,1,0
2025,1,6,736740647758938112,7021,Rico Dowdle,RB,3.6,0,0
2025,1,6,736740647758938112,PIT,Pittsburgh Steelers,DEF,2.75,1,0
2025,1,6,736740647758938112,6650,Chase McLaughlin,K,2.0,1,0
2025,1,6,736740647758938112,12519,Luther Burden,WR,0.7,0,0
2025,1,6,736740647758938112,12511,Will Howard,QB,0,0,0
2025,1,7,735974647736213504,5870,Daniel Jones,QB,29.48,1,0
2025,1,7,735974647736213504,11560,Caleb Williams,QB,24.2,0,0
2025,1,7,735974647736213504,7588,Javonte Williams,RB,20.4,1,0
2025,1,7,735974647736213504,5849,Kyler Murray,QB,18.32,1,0
2025,1,7,735974647736213504,12185,Spencer Shrader,K,16.0,1,0
2025,1,7,735974647736213504,12533,Jacory Croskey-Merritt,RB,14.2,0,0
2025,1,7,735974647736213504,11632,Malik Nabers,WR,12.1,1,0
2025,1,7,735974647736213504,WAS,Washington Commanders,DEF,10.5,1,0
2025,1,7,735974647736213504,12489,RJ Harvey,RB,7.9,1,0
2025,1,7,735974647736213504,12484,Jayden Higgins,WR,5.2,0,0
2025,1,7,735974647736213504,7564,Ja'Marr Chase,WR,4.6,1,0
2025,1,7,735974647736213504,5844,T.J. Hockenson,TE,4.5,1,0
2025,1,7,735974647736213504,12501,Matthew Golden,WR,3.6,1,0
2025,1,7,735974647736213504,1689,Adam Thielen,WR,2.0,0,0
2025,1,7,735974647736213504,12512,Quinshon Judkins,RB,0,0,0
2025,1,7,735974647736213504,7042,Tyler Bass,K,0,0,0
2025,1,7,735974647736213504,12504,Kaleb Johnson,RB,-1.2,0,0
2025,1,8,736803054736822272,3198,Derrick Henry,RB,30.2,1,0
2025,1,8,736803054736822272,4034,Christian McCaffrey,RB,23.2,1,0
2025,1,8,736803054736822272,1945,Chris Boswell,K,14.0,1,0
2025,1,8,736803054736822272,9484,Tucker Kraft,TE,9.9,0,0
2025,1,8,736803054736822272,12530,Travis Hunter,WR,9.3,1,0
2025,1,8,736803054736822272,9758,C.J. Stroud,QB,8.72,1,0
2025,1,8,736803054736822272,8408,Jordan Mason,RB,8.5,0,0
2025,1,8,736803054736822272,3321,Tyreek Hill,WR,8.0,1,0
2025,1,8,736803054736822272,11563,Bo Nix,QB,7.34,1,0
2025,1,8,736803054736822272,7525,DeVonta Smith,WR,4.6,1,0
2025,1,8,736803054736822272,4039,Cooper Kupp,WR,3.5,0,0
2025,1,8,736803054736822272,9494,Marvin Mims,WR,2.2,0,0
2025,1,8,736803054736822272,5012,Mark Andrews,TE,1.5,1,0
2025,1,8,736803054736822272,8143,Jerome Ford,RB,1.5,0,0
2025,1,8,736803054736822272,4950,Christian Kirk,WR,0,0,0
2025,1,8,736803054736822272,BUF,Buffalo Bills,DEF,-1.5,1,0
2025,1,9,710284244835979264,4881,Lamar Jackson,QB,29.36,1,0
2025,1,9,710284244835979264,4892,Baker Mayfield,QB,22.58,1,0
2025,1,9,710284244835979264,5045,Courtland Sutton,WR,18.1,1,0
2025,1,9,710284244835979264,11620,Rome Odunze,WR,15.7,0,0
2025,1,9,710284244835979264,4199,Aaron Jones,RB,15.7,1,0
2025,1,9,710284244835979264,10859,Sam LaPorta,TE,13.9,1,0
2025,1,9,710284244835979264,11635,Ladd McConkey,WR,13.4,1,0
2025,1,9,710284244835979264,6813,Jonathan Taylor,RB,12.8,1,0
2025,1,9,710284244835979264,11562,Spencer Rattler,QB,11.96,0,0
2025,1,9,710284244835979264,12529,TreVeyon Henderson,RB,11.1,1,0
2025,1,9,710284244835979264,4227,Harrison Butker,K,10.0,1,0
2025,1,9,710284244835979264,8676,Rashid Shaheed,WR,9.3,0,0
2025,1,9,710284244835979264,NE,New England Patriots,DEF,6.5,1,0
2025,1,9,710284244835979264,4988,Nick Chubb,RB,6.0,0,0
2025,1,9,710284244835979264,12498,Mason Taylor,TE,3.0,0,0
2025,1,9,710284244835979264,9756,Jordan Addison,WR,0,0,0
2025,1,10,475399371639222272,4984,Josh Allen,QB,39.26,1,0
2025,1,10,475399371639222272,96,Aaron Rodgers,QB,25.66,0,0
2025,1,10,475399371639222272,1479,Keenan Allen,WR,19.8,0,0
2025,1,10,475399371639222272,6786,CeeDee Lamb,WR,18.5,1,0
2025,1,10,475399371639222272,DEN,Denver Broncos,DEF,18.0,1,0
2025,1,10,475399371639222272,7594,Chuba Hubbard,RB,17.9,1,0
2025,1,10,475399371639222272,9221,Jahmyr Gibbs,RB,15.0,1,0
2025,1,10,475399371639222272,10236,Dalton Kincaid,TE,13.8,0,0
2025,1,10,475399371639222272,6783,Jerry Jeudy,WR,11.6,1,0
2025,1,10,475399371639222272,9753,Zach Charbonnet,RB,10.7,0,0
2025,1,10,475399371639222272,3214,Hunter Henry,TE,10.6,1,0
2025,1,10,475399371639222272,3678,Wil Lutz,K,8.0,1,0
2025,1,10,475399371639222272,5967,Tony Pollard,RB,7.9,0,0
2025,1,10,475399371639222272,3294,Dak Prescott,QB,7.82,1,0
2025,1,10,475399371639222272,7526,Jaylen Waddle,WR,7.0,1,0
2025,1,10,475399371639222272,9500,Josh Downs,WR,3.2,0,0
2025,1,11,865793938542456832,6904,Jalen Hurts,QB,24.28,1,0
2025,1,11,865793938542456832,6819,Michael Pittman,WR,20.0,0,0
2025,1,11,865793938542456832,7543,Travis Etienne,RB,19.1,0,0
2025,1,11,865793938542456832,11628,Marvin Harrison,WR,18.1,1,0
2025,1,11,865793938542456832,11638,Ricky Pearsall,WR,15.3,1,0
2025,1,11,865793938542456832,11564,Drake Maye,QB,15.28,1,0
2025,1,11,865793938542456832,11786,Cam Little,K,15.0,1,0
2025,1,11,865793938542456832,5850,Josh Jacobs,RB,14.0,1,0
2025,1,11,865793938542456832,SF,San Francisco 49ers,DEF,11.75,1,0
2025,1,11,865793938542456832,4663,Austin Ekeler,RB,8.7,1,0
2025,1,11,865793938542456832,8137,George Pickens,WR,6.0,1,0
2025,1,11,865793938542456832,4066,Evan Engram,TE,5.1,1,0
2025,1,11,865793938542456832,8154,Brian Robinson,RB,4.7,0,0
2025,1,11,865793938542456832,7571,Rashod Bateman,WR,3.0,0,0
2025,1,11,865793938542456832,8136,Rachaad White,RB,2.6,0,0
2025,1,11,865793938542456832,7528,Najee Harris,RB,2.0,0,0
2025,1,12,1136842855890366464,4046,Patrick Mahomes,QB,26.02,1,0
2025,1,12,1136842855890366464,9493,Puka Nacua,WR,23.6,1,0
2025,1,12,1136842855890366464,5947,Jakobi Meyers,WR,17.7,0,0
2025,1,12,1136842855890366464,8155,Breece Hall,RB,17.0,1,0
2025,1,12,1136842855890366464,8228,Jaylen Warren,RB,13.9,0,0
2025,1,12,1136842855890366464,10222,Jayden Reed,WR,13.5,0,0
2025,1,12,1136842855890366464,9224,Chase Brown,RB,13.1,1,0
2025,1,12,1136842855890366464,19,Joe Flacco,QB,12.7,0,0
2025,1,12,1136842855890366464,8144,Chris Olave,WR,12.4,1,0
2025,1,12,1136842855890366464,5846,DK Metcalf,WR,12.3,1,0
2025,1,12,1136842855890366464,3163,Jared Goff,QB,11.4,1,0
2025,1,12,1136842855890366464,5022,Dallas Goedert,TE,11.4,1,0
2025,1,12,1136842855890366464,4666,Younghoe Koo,K,6.0,1,0
2025,1,12,1136842855890366464,PHI,Philadelphia Eagles,DEF,4.0,1,0
2025,1,12,1136842855890366464,12517,Colston Loveland,TE,3.2,0,0
2025,1,12,1136842855890366464,12536,Jaylin Noel,WR,1.7,0,0
2025,2,1,608781531883859968,11533,Brandon Aubrey,K,22.0,1,0
2025,2,1,608781531883859968,9228,Bryce Young,QB,21.82,0,0
2025,2,1,608781531883859968,8148,Jameson Williams,WR,19.8,0,0
2025,2,1,608781531883859968,8151,Kenneth Walker,RB,19.3,1,0
2025,2,1,608781531883859968,12526,Tetairoa McMillan,WR,16.5,1,0
2025,2,1,608781531883859968,4035,Alvin Kamara,RB,16.0,1,0
2025,2,1,608781531883859968,12490,Bhayshul Tuten,RB,15.4,0,0
2025,2,1,608781531883859968,8130,Trey McBride,TE,13.8,1,0
2025,2,1,608781531883859968,12514,Emeka Egbuka,WR,12.9,1,0
2025,2,1,608781531883859968,ARI,Arizona Cardinals,DEF,12.75,1,0
2025,2,1,608781531883859968,11655,Tyrone Tracy,RB,9.1,0,0
2025,2,1,608781531883859968,4981,Calvin Ridley,WR,8.7,1,0
2025,2,1,608781531883859968,9504,Kayshon Boutte,WR,8.6,0,0
2025,2,1,608781531883859968,8112,Drake London,WR,5.9,1,0
2025,2,1,608781531883859968,11565,J.J. McCarthy,QB,0.82,1,0
2025,2,1,608781531883859968,6803,Brandon Aiyuk,WR,0,0,0
2025,2,1,608781531883859968,12508,Jaxson Dart,QB,-0.3,0,0
2025,2,2,736077599457026048,9226,De'Von Achane,RB,26.2,1,0
2025,2,2,736077599457026048,11566,Jayden Daniels,QB,19.7,1,0
2025,2,2,736077599457026048,6768,Tua Tagovailoa,QB,19.1,0,0
2025,2,2,736077599457026048,9488,Jaxon Smith-Njigba,WR,18.8,1,0
2025,2,2,736077599457026048,7002,Juwan Johnson,TE,15.9,0,0
2025,2,2,736077599457026048,12499,Elic Ayomanor,WR,15.6,0,0
2025,2,2,736077599457026048,6790,D'Andre Swift,RB,13.9,0,0
2025,2,2,736077599457026048,4137,James Conner,RB,12.2,1,0
2025,2,2,736077599457026048,12711,Tyler Loop,K,12.0,1,0
2025,2,2,736077599457026048,12469,Dylan Sampson,RB,10.9,0,0
2025,2,2,736077599457026048,LAR,Los Angeles Rams,DEF,10.75,1,0
2025,2,2,736077599457026048,1466,Travis Kelce,TE,10.1,1,0
2025,2,2,736077599457026048,11631,Brian Thomas,WR,8.9,1,0
2025,2,2,736077599457026048,5859,A.J. Brown,WR,7.7,1,0
2025,2,2,736077599457026048,2449,Stefon Diggs,WR,7.2,0,0
2025,2,2,736077599457026048,7591,Justin Fields,QB,2.98,1,0
2025,2,2,736077599457026048,12457,Jaydon Blue,RB,0,0,0
2025,2,3,737091087440674816,7547,Amon-Ra St. Brown,WR,39.7,1,0
2025,2,3,737091087440674816,8126,Wan'Dale Robinson,WR,28.7,0,0
2025,2,3,737091087440674816,8138,James Cook,RB,26.5,1,0
2025,2,3,737091087440674816,6804,Jordan Love,QB,20.88,1,0
2025,2,3,737091087440674816,4943,Sam Darnold,QB,15.8,0,0
2025,2,3,737091087440674816,9997,Zay Flowers,WR,14.9,0,0
2025,2,3,737091087440674816,4195,Jake Elliott,K,12.0,1,0
2025,2,3,737091087440674816,12518,Tyler Warren,TE,11.9,1,0
2025,2,3,737091087440674816,6794,Justin Jefferson,WR,11.1,1,0
2025,2,3,737091087440674816,8150,Kyren Williams,RB,10.0,1,0
2025,2,3,737091087440674816,11637,Keon Coleman,WR,5.6,1,0
2025,2,3,737091087440674816,MIN,Minnesota Vikings,DEF,5.25,1,0
2025,2,3,737091087440674816,1373,Geno Smith,QB,3.2,1,0
2025,2,3,737091087440674816,12495,Ollie Gordon,RB,2.3,0,0
2025,2,3,737091087440674816,11624,Xavier Worthy,WR,0,0,0
2025,2,3,737091087440674816,9225,Tank Bigsby,RB,0,0,0
2025,2,4,736744257179770880,7049,Jauan Jennings,WR,20.4,0,0
2025,2,4,736744257179770880,6797,Justin Herbert,QB,18.78,1,0
2025,2,4,736744257179770880,4866,Saquon Barkley,RB,17.4,1,0
2025,2,4,736744257179770880,9754,Quentin Johnston,WR,17.4,0,0
2025,2,4,736744257179770880,421,Matthew Stafford,QB,16.32,0,0
2025,2,4,736744257179770880,6806,J.K. Dobbins,RB,15.5,1,0
2025,2,4,736744257179770880,12481,Cam Skattebo,RB,13.9,0,0
2025,2,4,736744257179770880,2216,Mike Evans,WR,10.6,1,0
2025,2,4,736744257179770880,11539,Jake Bates,K,8.0,1,0
2025,2,4,736744257179770880,4033,David Njoku,TE,8.0,1,0
2025,2,4,736744257179770880,5848,Marquise Brown,WR,8.0,1,0
2025,2,4,736744257179770880,8146,Garrett Wilson,WR,8.0,1,0
2025,2,4,736744257179770880,HOU,Houston Texans,DEF,6.5,1,0
2025,2,4,736744257179770880,11559,Michael Penix,QB,5.3,1,0
2025,2,4,736744257179770880,10229,Rashee Rice,WR,0,0,0
2025,2,4,736744257179770880,4018,Joe Mixon,RB,0,0,0
2025,2,4,736744257179770880,4217,George Kittle,TE,0,0,0
2025,2,5,716698629934481408,1234,Russell Wilson,QB,30.8,1,0
2025,2,5,716698629934481408,9509,Bijan Robinson,RB,20.3,1,0
2025,2,5,716698629934481408,8110,Jake Ferguson,TE,16.8,1,0
2025,2,5,716698629934481408,BAL,Baltimore Ravens,DEF,16.5,1,0
2025,2,5,716698629934481408,6801,Tee Higgins,WR,15.1,1,0
2025,2,5,716698629934481408,8132,Tyler Allgeier,RB,15.0,0,0
2025,2,5,716698629934481408,10444,Cedric Tillman,WR,10.2,0,0
2025,2,5,716698629934481408,12522,Cam Ward,QB,9.8,1,0
2025,2,5,716698629934481408,5927,Terry McLaurin,WR,9.8,1,0
2025,2,5,716698629934481408,4983,DJ Moore,WR,9.6,1,0
2025,2,5,716698629934481408,8259,Cameron Dicker,K,8.0,1,0
2025,2,5,716698629934481408,12527,Ashton Jeanty,RB,7.4,1,0
2025,2,5,716698629934481408,12509,Tre' Harris,WR,5.4,0,0
2025,2,5,716698629934481408,7090,Darnell Mooney,WR,4.0,0,0
2025,2,5,716698629934481408,8205,Isiah Pacheco,RB,3.9,0,0
2025,2,5,716698629934481408,4037,Chris Godwin,WR,0,0,0
2025,2,5,716698629934481408,8183,Brock Purdy,QB,0,0,0
2025,2,6,736740647758938112,2133,Davante Adams,WR,23.1,1,0
2025,2,6,736740647758938112,7523,Trevor Lawrence,QB,18.24,1,0
2025,2,6,736740647758938112,11584,Bucky Irving,RB,18.1,1,0
2025,2,6,736740647758938112,5872,Deebo Samuel,WR,17.4,1,0
2025,2,6,736740647758938112,7569,Nico Collins,WR,14.2,1,0
2025,2,6,736740647758938112,5892,David Montgomery,RB,13.1,1,0
2025,2,6,736740647758938112,11604,Brock Bowers,TE,8.8,1,0
2025,2,6,736740647758938112,7553,Kyle Pitts,TE,7.7,0,0
2025,2,6,736740647758938112,6770,Joe Burrow,QB,7.04,1,0
2025,2,6,736740647758938112,4144,Jonnu Smith,TE,6.7,0,0
2025,2,6,736740647758938112,PIT,Pittsburgh Steelers,DEF,5.5,1,0
2025,2,6,736740647758938112,12507,Omarion Hampton,RB,3.5,0,0
2025,2,6,736740647758938112,4098,Kareem Hunt,RB,3.4,0,0
2025,2,6,736740647758938112,8134,Khalil Shakir,WR,2.2,0,0
2025,2,6,736740647758938112,11576,Braelon Allen,RB,1.1,0,0
2025,2,6,736740647758938112,12511,Will Howard,QB,0,0,0
2025,2,6,736740647758938112,6650,Chase McLaughlin,K,-1.0,1,0
2025,2,7,735974647736213504,11632,Malik Nabers,WR,38.7,1,0
2025,2,7,735974647736213504,7564,Ja'Marr Chase,WR,37.0,1,0
2025,2,7,735974647736213504,7588,Javonte Williams,RB,25.0,1,0
2025,2,7,735974647736213504,5870,Daniel Jones,QB,22.84,0,0
2025,2,7,735974647736213504,12185,Spencer Shrader,K,18.0,1,0
2025,2,7,735974647736213504,11560,Caleb Williams,QB,16.98,1,0
2025,2,7,735974647736213504,5849,Kyler Murray,QB,14.0,1,0
2025,2,7,735974647736213504,DET,Detroit Lions,DEF,10.5,1,0
2025,2,7,735974647736213504,12512,Quinshon Judkins,RB,10.1,0,0
2025,2,7,735974647736213504,11589,Trey Benson,RB,8.4,1,0
2025,2,7,735974647736213504,1689,Adam Thielen,WR,4.6,1,0
2025,2,7,735974647736213504,12484,Jayden Higgins,WR,3.8,0,0
2025,2,7,735974647736213504,12489,RJ Harvey,RB,3.4,0,0
2025,2,7,735974647736213504,5844,T.J. Hockenson,TE,2.2,1,0
2025,2,7,735974647736213504,12533,Jacory Croskey-Merritt,RB,1.7,0,0
2025,2,7,735974647736213504,12501,Matthew Golden,WR,1.5,0,0
2025,2,7,735974647736213504,7042,Tyler Bass,K,0,0,0
2025,2,8,736803054736822272,9484,Tucker Kraft,TE,24.9,1,0
2025,2,8,736803054736822272,4034,Christian McCaffrey,RB,22.7,1,0
2025,2,8,736803054736822272,11563,Bo Nix,QB,20.24,1,0
2025,2,8,736803054736822272,3321,Tyreek Hill,WR,17.4,1,0
2025,2,8,736803054736822272,4039,Cooper Kupp,WR,16.0,0,0
2025,2,8,736803054736822272,9758,C.J. Stroud,QB,14.98,1,0
2025,2,8,736803054736822272,BUF,Buffalo Bills,DEF,14.0,1,0
2025,2,8,736803054736822272,1945,Chris Boswell,K,12.0,1,0
2025,2,8,736803054736822272,9494,Marvin Mims,WR,10.4,0,0
2025,2,8,736803054736822272,7525,DeVonta Smith,WR,9.3,1,0
2025,2,8,736803054736822272,8408,Jordan Mason,RB,5.8,0,0
2025,2,8,736803054736822272,12530,Travis Hunter,WR,5.2,1,0
2025,2,8,736803054736822272,8125,Calvin Austin,WR,3.2,0,0
2025,2,8,736803054736822272,5012,Mark Andrews,TE,1.4,0,0
2025,2,8,736803054736822272,3198,Derrick Henry,RB,1.3,1,0
2025,2,8,736803054736822272,4950,Christian Kirk,WR,0,0,0
2025,2,9,710284244835979264,11620,Rome Odunze,WR,32.3,0,0
2025,2,9,710284244835979264,6813,Jonathan Taylor,RB,30.0,1,0
2025,2,9,710284244835979264,4881,Lamar Jackson,QB,26.3,1,0
2025,2,9,710284244835979264,11562,Spencer Rattler,QB,21.18,0,0
2025,2,9,710284244835979264,4892,Baker Mayfield,QB,19.4,1,0
2025,2,9,710284244835979264,4988,Nick Chubb,RB,15.2,0,0
2025,2,9,710284244835979264,8676,Rashid Shaheed,WR,15.2,0,0
2025,2,9,710284244835979264,11635,Ladd McConkey,WR,9.8,1,0
2025,2,9,710284244835979264,12529,TreVeyon Henderson,RB,6.0,1,0
2025,2,9,710284244835979264,10859,Sam LaPorta,TE,5.6,1,0
2025,2,9,710284244835979264,4227,Harrison Butker,K,5.0,1,0
2025,2,9,710284244835979264,4199,Aaron Jones,RB,2.3,1,0
2025,2,9,710284244835979264,5045,Courtland Sutton,WR,1.6,1,0
2025,2,9,710284244835979264,12498,Mason Taylor,TE,1.5,0,0
2025,2,9,710284244835979264,9756,Jordan Addison,WR,0,0,0
2025,2,9,710284244835979264,DAL,Dallas Cowboys,DEF,-2.75,1,0
2025,2,10,475399371639222272,3294,Dak Prescott,QB,21.64,1,0
2025,2,10,475399371639222272,6786,CeeDee Lamb,WR,20.7,1,0
2025,2,10,475399371639222272,9221,Jahmyr Gibbs,RB,19.4,1,0
2025,2,10,475399371639222272,7594,Chuba Hubbard,RB,18.7,1,0
2025,2,10,475399371639222272,7526,Jaylen Waddle,WR,17.8,0,0
2025,2,10,475399371639222272,1479,Keenan Allen,WR,17.1,0,0
2025,2,10,475399371639222272,4984,Josh Allen,QB,11.82,1,0
2025,2,10,475399371639222272,9500,Josh Downs,WR,11.1,0,0
2025,2,10,475399371639222272,96,Aaron Rodgers,QB,10.42,0,0
2025,2,10,475399371639222272,5967,Tony Pollard,RB,9.2,1,0
2025,2,10,475399371639222272,6783,Jerry Jeudy,WR,9.1,1,0
2025,2,10,475399371639222272,10236,Dalton Kincaid,TE,7.7,0,0
2025,2,10,475399371639222272,3214,Hunter Henry,TE,1.9,1,0
2025,2,10,475399371639222272,3678,Wil Lutz,K,1.0,1,0
2025,2,10,475399371639222272,9753,Zach Charbonnet,RB,1.0,0,0
2025,2,10,475399371639222272,DEN,Denver Broncos,DEF,-2.25,1,0
2025,2,11,865793938542456832,11564,Drake Maye,QB,26.3,1,0
2025,2,11,865793938542456832,8137,George Pickens,WR,17.8,1,0
2025,2,11,865793938542456832,7543,Travis Etienne,RB,16.9,1,0
2025,2,11,865793938542456832,8136,Rachaad White,RB,14.6,0,0
2025,2,11,865793938542456832,5850,Josh Jacobs,RB,14.4,1,0
2025,2,11,865793938542456832,6904,Jalen Hurts,QB,10.54,1,0
2025,2,11,865793938542456832,11786,Cam Little,K,10.0,1,0
2025,2,11,865793938542456832,11638,Ricky Pearsall,WR,9.2,1,0
2025,2,11,865793938542456832,6819,Michael Pittman,WR,8.0,0,0
2025,2,11,865793938542456832,SF,San Francisco 49ers,DEF,7.25,1,0
2025,2,11,865793938542456832,7528,Najee Harris,RB,6.8,0,0
2025,2,11,865793938542456832,11628,Marvin Harrison,WR,4.7,1,0
2025,2,11,865793938542456832,4663,Austin Ekeler,RB,4.4,0,0
2025,2,11,865793938542456832,7571,Rashod Bateman,WR,3.5,0,0
2025,2,11,865793938542456832,8154,Brian Robinson,RB,2.9,0,0
2025,2,11,865793938542456832,4066,Evan Engram,TE,2.2,1,0
2025,2,12,1136842855890366464,3163,Jared Goff,QB,33.96,1,0
2025,2,12,1136842855890366464,9493,Puka Nacua,WR,28.1,1,0
2025,2,12,1136842855890366464,4046,Patrick Mahomes,QB,22.08,1,0
2025,2,12,1136842855890366464,8228,Jaylen Warren,RB,17.4,0,0
2025,2,12,1136842855890366464,17,Matt Prater,K,14.0,1,0
2025,2,12,1136842855890366464,5947,Jakobi Meyers,WR,12.8,1,0
2025,2,12,1136842855890366464,8144,Chris Olave,WR,11.4,0,0
2025,2,12,1136842855890366464,5846,DK Metcalf,WR,11.0,1,0
2025,2,12,1136842855890366464,12506,Harold Fannin,TE,9.8,1,0
2025,2,12,1136842855890366464,PHI,Philadelphia Eagles,DEF,9.5,1,0
2025,2,12,1136842855890366464,19,Joe Flacco,QB,9.26,0,0
2025,2,12,1136842855890366464,9224,Chase Brown,RB,8.5,1,0
2025,2,12,1136842855890366464,8155,Breece Hall,RB,5.8,1,0
2025,2,12,1136842855890366464,10222,Jayden Reed,WR,0,0,0
2025,2,12,1136842855890366464,12517,Colston Loveland,TE,0,0,0
2025,2,12,1136842855890366464,12536,Jaylin Noel,WR,0,0,0
2025,2,12,1136842855890366464,5022,Dallas Goedert,TE,0,0,0
2025,3,1,608781531883859968,8151,Kenneth Walker,RB,18.0,1,0
2025,3,1,608781531883859968,TB,Tampa Bay Buccaneers,DEF,18.0,1,0
2025,3,1,608781531883859968,8130,Trey McBride,TE,15.3,1,0
2025,3,1,608781531883859968,12514,Emeka Egbuka,WR,14.5,0,0
2025,3,1,608781531883859968,9228,Bryce Young,QB,11.64,1,0
2025,3,1,608781531883859968,8112,Drake London,WR,10.5,1,0
2025,3,1,608781531883859968,12490,Bhayshul Tuten,RB,8.1,0,0
2025,3,1,608781531883859968,11533,Brandon Aubrey,K,8.0,1,0
2025,3,1,608781531883859968,12526,Tetairoa McMillan,WR,7.8,1,0
2025,3,1,608781531883859968,4035,Alvin Kamara,RB,6.6,1,0
2025,3,1,608781531883859968,8148,Jameson Williams,WR,6.3,1,0
2025,3,1,608781531883859968,11655,Tyrone Tracy,RB,5.6,0,0
2025,3,1,608781531883859968,6111,Jake Browning,QB,4.9,1,0
2025,3,1,608781531883859968,4981,Calvin Ridley,WR,3.7,0,0
2025,3,1,608781531883859968,12508,Jaxson Dart,QB,0.3,0,0
2025,3,1,608781531883859968,11565,J.J. McCarthy,QB,0,0,0
2025,3,1,608781531883859968,6803,Brandon Aiyuk,WR,0,0,0
2025,3,2,736077599457026048,5859,A.J. Brown,WR,23.4,1,0
2025,3,2,736077599457026048,SEA,Seattle Seahawks,DEF,21.5,1,0
2025,3,2,736077599457026048,9488,Jaxon Smith-Njigba,WR,20.6,1,0
2025,3,2,736077599457026048,9226,De'Von Achane,RB,16.1,1,0
2025,3,2,736077599457026048,12499,Elic Ayomanor,WR,13.8,0,0
2025,3,2,736077599457026048,7527,Mac Jones,QB,13.76,1,0
2025,3,2,736077599457026048,6768,Tua Tagovailoa,QB,11.84,1,0
2025,3,2,736077599457026048,7002,Juwan Johnson,TE,11.1,0,0
2025,3,2,736077599457026048,6790,D'Andre Swift,RB,10.8,1,0
2025,3,2,736077599457026048,11631,Brian Thomas,WR,7.5,1,0
2025,3,2,736077599457026048,12711,Tyler Loop,K,7.0,1,0
2025,3,2,736077599457026048,1466,Travis Kelce,TE,6.6,1,0
2025,3,2,736077599457026048,4137,James Conner,RB,5.7,0,0
2025,3,2,736077599457026048,2449,Stefon Diggs,WR,5.3,0,0
2025,3,2,736077599457026048,12469,Dylan Sampson,RB,0.2,0,0
2025,3,2,736077599457026048,11566,Jayden Daniels,QB,0,0,0
2025,3,2,736077599457026048,7591,Justin Fields,QB,0,0,0
2025,3,3,737091087440674816,MIN,Minnesota Vikings,DEF,34.5,1,0
2025,3,3,737091087440674816,1373,Geno Smith,QB,27.06,0,0
2025,3,3,737091087440674816,8138,James Cook,RB,21.3,1,0
2025,3,3,737091087440674816,7547,Amon-Ra St. Brown,WR,20.7,1,0
2025,3,3,737091087440674816,8150,Kyren Williams,RB,19.2,1,0
2025,3,3,737091087440674816,4943,Sam Darnold,QB,16.72,1,0
2025,3,3,737091087440674816,6794,Justin Jefferson,WR,12.5,1,0
2025,3,3,737091087440674816,6804,Jordan Love,QB,11.12,1,0
2025,3,3,737091087440674816,12495,Ollie Gordon,RB,9.8,0,0
2025,3,3,737091087440674816,12518,Tyler Warren,TE,6.8,1,0
2025,3,3,737091087440674816,11637,Keon Coleman,WR,5.0,0,0
2025,3,3,737091087440674816,7611,Rhamondre Stevenson,RB,4.6,0,0
2025,3,3,737091087440674816,8126,Wan'Dale Robinson,WR,3.6,0,0
2025,3,3,737091087440674816,9997,Zay Flowers,WR,3.3,1,0
2025,3,3,737091087440674816,4195,Jake Elliott,K,3.0,1,0
2025,3,3,737091087440674816,11624,Xavier Worthy,WR,0,0,0
2025,3,4,736744257179770880,8146,Garrett Wilson,WR,24.4,1,0
2025,3,4,736744257179770880,12481,Cam Skattebo,RB,24.1,0,0
2025,3,4,736744257179770880,6806,J.K. Dobbins,RB,15.3,1,0
2025,3,4,736744257179770880,6797,Justin Herbert,QB,15.1,1,0
2025,3,4,736744257179770880,9754,Quentin Johnston,WR,14.9,1,0
2025,3,4,736744257179770880,421,Matthew Stafford,QB,13.84,0,0
2025,3,4,736744257179770880,2216,Mike Evans,WR,13.3,1,0
2025,3,4,736744257179770880,4866,Saquon Barkley,RB,9.5,1,0
2025,3,4,736744257179770880,HOU,Houston Texans,DEF,9.5,1,0
2025,3,4,736744257179770880,4033,David Njoku,TE,9.0,1,0
2025,3,4,736744257179770880,5848,Marquise Brown,WR,8.2,0,0
2025,3,4,736744257179770880,11539,Jake Bates,K,7.0,1,0
2025,3,4,736744257179770880,11559,Michael Penix,QB,2.78,1,0
2025,3,4,736744257179770880,10229,Rashee Rice,WR,0,0,0
2025,3,4,736744257179770880,4018,Joe Mixon,RB,0,0,0
2025,3,4,736744257179770880,4217,George Kittle,TE,0,0,0
2025,3,4,736744257179770880,7049,Jauan Jennings,WR,0,0,0
2025,3,5,716698629934481408,8110,Jake Ferguson,TE,21.2,1,0
2025,3,5,716698629934481408,2307,Marcus Mariota,QB,20.28,1,0
2025,3,5,716698629934481408,9509,Bijan Robinson,RB,16.1,1,0
2025,3,5,716698629934481408,4983,DJ Moore,WR,12.8,1,0
2025,3,5,716698629934481408,8259,Cameron Dicker,K,12.0,1,0
2025,3,5,716698629934481408,12522,Cam Ward,QB,10.96,1,0
2025,3,5,716698629934481408,5927,Terry McLaurin,WR,10.4,1,0
2025,3,5,716698629934481408,12527,Ashton Jeanty,RB,6.3,1,0
2025,3,5,716698629934481408,8205,Isiah Pacheco,RB,5.8,0,0
2025,3,5,716698629934481408,10444,Cedric Tillman,WR,5.6,0,0
2025,3,5,716698629934481408,6801,Tee Higgins,WR,2.5,1,0
2025,3,5,716698629934481408,8132,Tyler Allgeier,RB,1.4,0,0
2025,3,5,716698629934481408,12509,Tre' Harris,WR,0,0,0
2025,3,5,716698629934481408,4037,Chris Godwin,WR,0,0,0
2025,3,5,716698629934481408,8183,Brock Purdy,QB,0,0,0
2025,3,5,716698629934481408,BAL,Baltimore Ravens,DEF,-6.0,1,0
2025,3,6,736740647758938112,5892,David Montgomery,RB,29.9,1,0
2025,3,6,736740647758938112,7569,Nico Collins,WR,24.4,1,0
2025,3,6,736740647758938112,12507,Omarion Hampton,RB,23.9,0,0
2025,3,6,736740647758938112,3161,Carson Wentz,QB,15.32,1,0
2025,3,6,736740647758938112,2133,Davante Adams,WR,15.1,1,0
2025,3,6,736740647758938112,8134,Khalil Shakir,WR,14.5,0,0
2025,3,6,736740647758938112,11584,Bucky Irving,RB,13.9,1,0
2025,3,6,736740647758938112,4098,Kareem Hunt,RB,11.4,0,0
2025,3,6,736740647758938112,11604,Brock Bowers,TE,9.8,1,0
2025,3,6,736740647758938112,7553,Kyle Pitts,TE,7.9,0,0
2025,3,6,736740647758938112,7523,Trevor Lawrence,QB,7.78,1,0
2025,3,6,736740647758938112,5872,Deebo Samuel,WR,4.9,1,0
2025,3,6,736740647758938112,ATL,Atlanta Falcons,DEF,4.75,1,0
2025,3,6,736740647758938112,11627,Troy Franklin,WR,2.8,0,0
2025,3,6,736740647758938112,3451,Ka'imi Fairbairn,K,2.0,1,0
2025,3,6,736740647758938112,12511,Will Howard,QB,0,0,0
2025,3,6,736740647758938112,6770,Joe Burrow,QB,0,0,0
2025,3,7,735974647736213504,11560,Caleb Williams,QB,30.12,1,0
2025,3,7,735974647736213504,12512,Quinshon Judkins,RB,16.5,0,0
2025,3,7,735974647736213504,5844,T.J. Hockenson,TE,15.9,0,0
2025,3,7,735974647736213504,5870,Daniel Jones,QB,15.82,1,0
2025,3,7,735974647736213504,5849,Kyler Murray,QB,14.06,0,0
2025,3,7,735974647736213504,7588,Javonte Williams,RB,12.2,1,0
2025,3,7,735974647736213504,8210,Chig Okonkwo,TE,11.6,1,0
2025,3,7,735974647736213504,GB,Green Bay Packers,DEF,10.5,1,0
2025,3,7,735974647736213504,12501,Matthew Golden,WR,10.1,1,0
2025,3,7,735974647736213504,12533,Jacory Croskey-Merritt,RB,10.1,1,0
2025,3,7,735974647736213504,12185,Spencer Shrader,K,9.0,1,0
2025,3,7,735974647736213504,7564,Ja'Marr Chase,WR,8.9,1,0
2025,3,7,735974647736213504,11589,Trey Benson,RB,8.1,0,0
2025,3,7,735974647736213504,12489,RJ Harvey,RB,4.6,0,0
2025,3,7,735974647736213504,11632,Malik Nabers,WR,3.3,1,0
2025,3,7,735974647736213504,12484,Jayden Higgins,WR,1.5,0,0
2025,3,7,735974647736213504,7042,Tyler Bass,K,0,0,0
2025,3,8,736803054736822272,5012,Mark Andrews,TE,27.1,0,0
2025,3,8,736803054736822272,8408,Jordan Mason,RB,24.1,1,0
2025,3,8,736803054736822272,4034,Christian McCaffrey,RB,24.0,1,0
2025,3,8,736803054736822272,7525,DeVonta Smith,WR,20.0,0,0
2025,3,8,736803054736822272,3321,Tyreek Hill,WR,15.9,1,0
2025,3,8,736803054736822272,11563,Bo Nix,QB,14.42,1,0
2025,3,8,736803054736822272,8125,Calvin Austin,WR,12.4,0,0
2025,3,8,736803054736822272,9758,C.J. Stroud,QB,11.86,1,0
2025,3,8,736803054736822272,3198,Derrick Henry,RB,10.7,1,0
2025,3,8,736803054736822272,BUF,Buffalo Bills,DEF,6.0,1,0
2025,3,8,736803054736822272,9484,Tucker Kraft,TE,5.9,1,0
2025,3,8,736803054736822272,4950,Christian Kirk,WR,5.5,0,0
2025,3,8,736803054736822272,4039,Cooper Kupp,WR,5.1,1,0
2025,3,8,736803054736822272,12530,Travis Hunter,WR,3.1,0,0
2025,3,8,736803054736822272,1945,Chris Boswell,K,3.0,1,0
2025,3,8,736803054736822272,9494,Marvin Mims,WR,1.4,0,0
2025,3,9,710284244835979264,6813,Jonathan Taylor,RB,33.8,1,0
2025,3,9,710284244835979264,4881,Lamar Jackson,QB,26.02,1,0
2025,3,9,710284244835979264,5045,Courtland Sutton,WR,25.8,1,0
2025,3,9,710284244835979264,IND,Indianapolis Colts,DEF,17.5,1,0
2025,3,9,710284244835979264,4892,Baker Mayfield,QB,16.72,1,0
2025,3,9,710284244835979264,11620,Rome Odunze,WR,15.2,1,0
2025,3,9,710284244835979264,11562,Spencer Rattler,QB,12.22,0,0
2025,3,9,710284244835979264,4227,Harrison Butker,K,9.0,1,0
2025,3,9,710284244835979264,8676,Rashid Shaheed,WR,8.2,0,0
2025,3,9,710284244835979264,11635,Ladd McConkey,WR,8.1,1,0
2025,3,9,710284244835979264,12529,TreVeyon Henderson,RB,7.7,0,0
2025,3,9,710284244835979264,10859,Sam LaPorta,TE,7.3,1,0
2025,3,9,710284244835979264,4988,Nick Chubb,RB,7.0,1,0
2025,3,9,710284244835979264,12498,Mason Taylor,TE,5.8,0,0
2025,3,9,710284244835979264,4199,Aaron Jones,RB,0,0,0
2025,3,9,710284244835979264,9756,Jordan Addison,WR,0,0,0
2025,3,9,710284244835979264,DAL,Dallas Cowboys,DEF,-0.5,0,0
2025,3,10,475399371639222272,3214,Hunter Henry,TE,29.0,1,0
2025,3,10,475399371639222272,9221,Jahmyr Gibbs,RB,26.9,1,0
2025,3,10,475399371639222272,4984,Josh Allen,QB,22.02,1,0
2025,3,10,475399371639222272,1479,Keenan Allen,WR,19.5,1,0
2025,3,10,475399371639222272,6650,Chase McLaughlin,K,18.0,1,0
2025,3,10,475399371639222272,10236,Dalton Kincaid,TE,17.6,0,0
2025,3,10,475399371639222272,7526,Jaylen Waddle,WR,14.9,0,0
2025,3,10,475399371639222272,5967,Tony Pollard,RB,13.9,1,0
2025,3,10,475399371639222272,3294,Dak Prescott,QB,12.54,1,0
2025,3,10,475399371639222272,96,Aaron Rodgers,QB,11.66,0,0
2025,3,10,475399371639222272,7594,Chuba Hubbard,RB,9.6,1,0
2025,3,10,475399371639222272,DEN,Denver Broncos,DEF,8.75,1,0
2025,3,10,475399371639222272,9500,Josh Downs,WR,5.4,0,0
2025,3,10,475399371639222272,6783,Jerry Jeudy,WR,2.7,0,0
2025,3,10,475399371639222272,6786,CeeDee Lamb,WR,0,1,0
2025,3,10,475399371639222272,9753,Zach Charbonnet,RB,0,0,0
2025,3,11,865793938542456832,6904,Jalen Hurts,QB,29.04,1,0
2025,3,11,865793938542456832,11638,Ricky Pearsall,WR,20.2,1,0
2025,3,11,865793938542456832,11564,Drake Maye,QB,19.72,1,0
2025,3,11,865793938542456832,6819,Michael Pittman,WR,19.3,0,0
2025,3,11,865793938542456832,8137,George Pickens,WR,17.8,1,0
2025,3,11,865793938542456832,7571,Rashod Bateman,WR,17.3,0,0
2025,3,11,865793938542456832,7543,Travis Etienne,RB,11.6,1,0
2025,3,11,865793938542456832,5850,Josh Jacobs,RB,11.4,1,0
2025,3,11,865793938542456832,SF,San Francisco 49ers,DEF,7.75,1,0
2025,3,11,865793938542456832,11628,Marvin Harrison,WR,7.4,1,0
2025,3,11,865793938542456832,1339,Zach Ertz,TE,6.8,1,0
2025,3,11,865793938542456832,7528,Najee Harris,RB,2.8,0,0
2025,3,11,865793938542456832,8136,Rachaad White,RB,2.4,0,0
2025,3,11,865793938542456832,8154,Brian Robinson,RB,2.2,0,0
2025,3,11,865793938542456832,11786,Cam Little,K,2.0,1,0
2025,3,11,865793938542456832,4066,Evan Engram,TE,0,0,0
2025,3,12,1136842855890366464,9493,Puka Nacua,WR,23.3,1,0
2025,3,12,1136842855890366464,8144,Chris Olave,WR,15.7,0,0
2025,3,12,1136842855890366464,8228,Jaylen Warren,RB,13.1,1,0
2025,3,12,1136842855890366464,PHI,Philadelphia Eagles,DEF,12.75,1,0
2025,3,12,1136842855890366464,5846,DK Metcalf,WR,12.2,1,0
2025,3,12,1136842855890366464,3163,Jared Goff,QB,11.68,1,0
2025,3,12,1136842855890366464,4046,Patrick Mahomes,QB,11.16,1,0
2025,3,12,1136842855890366464,5022,Dallas Goedert,TE,10.3,1,0
2025,3,12,1136842855890366464,5947,Jakobi Meyers,WR,9.3,0,0
2025,3,12,1136842855890366464,8155,Breece Hall,RB,9.2,1,0
2025,3,12,1136842855890366464,12506,Harold Fannin,TE,5.5,0,0
2025,3,12,1136842855890366464,17,Matt Prater,K,5.0,1,0
2025,3,12,1136842855890366464,9224,Chase Brown,RB,5.0,1,0
2025,3,12,1136842855890366464,12517,Colston Loveland,TE,4.1,0,0
2025,3,12,1136842855890366464,19,Joe Flacco,QB,3.68,0,0
2025,3,12,1136842855890366464,12536,Jaylin Noel,WR,1.4,0,0
2025,3,12,1136842855890366464,10222,Jayden Reed,WR,0,0,0
2025,4,1,608781531883859968,8112,Drake London,WR,25.5,1,0
2025,4,1,608781531883859968,12514,Emeka Egbuka,WR,22.1,1,0
2025,4,1,608781531883859968,12508,Jaxson Dart,QB,18.84,1,0
2025,4,1,608781531883859968,8130,Trey McBride,TE,12.2,1,0
2025,4,1,608781531883859968,8151,Kenneth Walker,RB,12.0,1,0
2025,4,1,608781531883859968,4035,Alvin Kamara,RB,11.2,1,0
2025,4,1,608781531883859968,PIT,Pittsburgh Steelers,DEF,10.5,1,0
2025,4,1,608781531883859968,9228,Bryce Young,QB,10.3,1,0
2025,4,1,608781531883859968,12526,Tetairoa McMillan,WR,10.2,1,0
2025,4,1,608781531883859968,11533,Brandon Aubrey,K,8.0,1,0
2025,4,1,608781531883859968,8148,Jameson Williams,WR,5.7,0,0
2025,4,1,608781531883859968,6111,Jake Browning,QB,5.4,0,0
2025,4,1,608781531883859968,4981,Calvin Ridley,WR,5.0,0,0
2025,4,1,608781531883859968,12493,Oronde Gadsden,TE,3.6,0,0
2025,4,1,608781531883859968,12490,Bhayshul Tuten,RB,3.2,0,0
2025,4,1,608781531883859968,11565,J.J. McCarthy,QB,0,0,0
2025,4,1,608781531883859968,6803,Brandon Aiyuk,WR,0,0,0
2025,4,2,736077599457026048,12474,Woody Marks,RB,27.9,0,0
2025,4,2,736077599457026048,7591,Justin Fields,QB,27.64,1,0
2025,4,2,736077599457026048,7588,Javonte Williams,RB,19.0,1,0
2025,4,2,736077599457026048,2449,Stefon Diggs,WR,16.6,0,0
2025,4,2,736077599457026048,9226,De'Von Achane,RB,16.1,1,0
2025,4,2,736077599457026048,6790,D'Andre Swift,RB,16.0,1,0
2025,4,2,736077599457026048,6768,Tua Tagovailoa,QB,14.68,1,0
2025,4,2,736077599457026048,SEA,Seattle Seahawks,DEF,12.5,1,0
2025,4,2,736077599457026048,1466,Travis Kelce,TE,9.8,0,0
2025,4,2,736077599457026048,12711,Tyler Loop,K,9.0,1,0
2025,4,2,736077599457026048,7564,Ja'Marr Chase,WR,7.3,1,0
2025,4,2,736077599457026048,12499,Elic Ayomanor,WR,6.4,0,0
2025,4,2,736077599457026048,7002,Juwan Johnson,TE,5.8,1,0
2025,4,2,736077599457026048,3200,Sterling Shepard,WR,4.0,0,0
2025,4,2,736077599457026048,11586,Blake Corum,RB,3.6,0,0
2025,4,2,736077599457026048,5859,A.J. Brown,WR,2.7,1,0
2025,4,2,736077599457026048,11566,Jayden Daniels,QB,0,0,0
2025,4,3,737091087440674816,6804,Jordan Love,QB,26.78,1,0
2025,4,3,737091087440674816,7547,Amon-Ra St. Brown,WR,26.0,1,0
2025,4,3,737091087440674816,6794,Justin Jefferson,WR,23.1,1,0
2025,4,3,737091087440674816,8138,James Cook,RB,23.0,1,0
2025,4,3,737091087440674816,12518,Tyler Warren,TE,18.3,1,0
2025,4,3,737091087440674816,11624,Xavier Worthy,WR,17.1,0,0
2025,4,3,737091087440674816,4943,Sam Darnold,QB,15.08,0,0
2025,4,3,737091087440674816,9997,Zay Flowers,WR,14.4,1,0
2025,4,3,737091087440674816,8150,Kyren Williams,RB,10.4,1,0
2025,4,3,737091087440674816,1373,Geno Smith,QB,9.78,1,0
2025,4,3,737091087440674816,11637,Keon Coleman,WR,7.5,0,0
2025,4,3,737091087440674816,4195,Jake Elliott,K,7.0,1,0
2025,4,3,737091087440674816,MIN,Minnesota Vikings,DEF,6.5,1,0
2025,4,3,737091087440674816,7611,Rhamondre Stevenson,RB,5.1,0,0
2025,4,3,737091087440674816,8126,Wan'Dale Robinson,WR,4.4,0,0
2025,4,3,737091087440674816,12495,Ollie Gordon,RB,1.0,0,0
2025,4,4,736744257179770880,421,Matthew Stafford,QB,28.9,1,0
2025,4,4,736744257179770880,9754,Quentin Johnston,WR,23.8,1,0
2025,4,4,736744257179770880,8146,Garrett Wilson,WR,20.2,1,0
2025,4,4,736744257179770880,11559,Michael Penix,QB,18.72,0,0
2025,4,4,736744257179770880,4866,Saquon Barkley,RB,17.4,1,0
2025,4,4,736744257179770880,HOU,Houston Texans,DEF,14.0,1,0
2025,4,4,736744257179770880,11539,Jake Bates,K,13.0,1,0
2025,4,4,736744257179770880,12481,Cam Skattebo,RB,13.0,1,0
2025,4,4,736744257179770880,5848,Marquise Brown,WR,12.8,0,0
2025,4,4,736744257179770880,6797,Justin Herbert,QB,12.52,1,0
2025,4,4,736744257179770880,6806,J.K. Dobbins,RB,12.0,1,0
2025,4,4,736744257179770880,7049,Jauan Jennings,WR,6.4,0,0
2025,4,4,736744257179770880,9500,Josh Downs,WR,6.4,0,0
2025,4,4,736744257179770880,4033,David Njoku,TE,3.1,1,0
2025,4,4,736744257179770880,10229,Rashee Rice,WR,0,0,0
2025,4,4,736744257179770880,2216,Mike Evans,WR,0,0,0
2025,4,4,736744257179770880,4217,George Kittle,TE,0,0,0
2025,4,5,716698629934481408,12527,Ashton Jeanty,RB,35.5,1,0
2025,4,5,716698629934481408,9509,Bijan Robinson,RB,27.6,1,0
2025,4,5,716698629934481408,DET,Detroit Lions,DEF,21.75,1,0
2025,4,5,716698629934481408,8183,Brock Purdy,QB,17.66,1,0
2025,4,5,716698629934481408,8110,Jake Ferguson,TE,17.0,1,0
2025,4,5,716698629934481408,2307,Marcus Mariota,QB,16.24,1,0
2025,4,5,716698629934481408,8205,Isiah Pacheco,RB,12.8,0,0
2025,4,5,716698629934481408,8132,Tyler Allgeier,RB,11.1,0,0
2025,4,5,716698629934481408,4983,DJ Moore,WR,7.8,1,0
2025,4,5,716698629934481408,6801,Tee Higgins,WR,6.2,0,0
2025,4,5,716698629934481408,4037,Chris Godwin,WR,5.6,1,0
2025,4,5,716698629934481408,8259,Cameron Dicker,K,5.0,1,0
2025,4,5,716698629934481408,12522,Cam Ward,QB,4.52,0,0
2025,4,5,716698629934481408,10444,Cedric Tillman,WR,1.6,1,0
2025,4,5,716698629934481408,12509,Tre' Harris,WR,0,0,0
2025,4,5,716698629934481408,5927,Terry McLaurin,WR,0,0,0
2025,4,6,736740647758938112,12507,Omarion Hampton,RB,29.5,1,0
2025,4,6,736740647758938112,11584,Bucky Irving,RB,27.5,1,0
2025,4,6,736740647758938112,3161,Carson Wentz,QB,20.7,1,0
2025,4,6,736740647758938112,5872,Deebo Samuel,WR,19.1,1,0
2025,4,6,736740647758938112,8134,Khalil Shakir,WR,18.4,0,0
2025,4,6,736740647758938112,7553,Kyle Pitts,TE,18.0,0,0
2025,4,6,736740647758938112,2133,Davante Adams,WR,15.6,1,0
2025,4,6,736740647758938112,NE,New England Patriots,DEF,13.25,1,0
2025,4,6,736740647758938112,7569,Nico Collins,WR,11.9,1,0
2025,4,6,736740647758938112,7523,Trevor Lawrence,QB,11.66,1,0
2025,4,6,736740647758938112,11604,Brock Bowers,TE,9.6,1,0
2025,4,6,736740647758938112,11627,Troy Franklin,WR,9.5,0,0
2025,4,6,736740647758938112,11792,Will Reichard,K,8.0,1,0
2025,4,6,736740647758938112,4098,Kareem Hunt,RB,5.7,0,0
2025,4,6,736740647758938112,5892,David Montgomery,RB,1.2,0,0
2025,4,6,736740647758938112,12511,Will Howard,QB,0,0,0
2025,4,6,736740647758938112,6770,Joe Burrow,QB,0,0,0
2025,4,7,735974647736213504,12512,Quinshon Judkins,RB,21.5,1,0
2025,4,7,735974647736213504,12489,RJ Harvey,RB,19.8,0,0
2025,4,7,735974647736213504,5849,Kyler Murray,QB,16.6,0,0
2025,4,7,735974647736213504,9488,Jaxon Smith-Njigba,WR,13.0,1,0
2025,4,7,735974647736213504,12501,Matthew Golden,WR,11.3,0,0
2025,4,7,735974647736213504,11631,Brian Thomas,WR,10.6,1,0
2025,4,7,735974647736213504,11589,Trey Benson,RB,10.4,1,0
2025,4,7,735974647736213504,12185,Spencer Shrader,K,10.0,1,0
2025,4,7,735974647736213504,11560,Caleb Williams,QB,9.78,1,0
2025,4,7,735974647736213504,5870,Daniel Jones,QB,9.38,1,0
2025,4,7,735974647736213504,LAC,Los Angeles Chargers,DEF,8.5,1,0
2025,4,7,735974647736213504,5844,T.J. Hockenson,TE,7.9,1,0
2025,4,7,735974647736213504,12533,Jacory Croskey-Merritt,RB,7.7,0,0
2025,4,7,735974647736213504,11632,Malik Nabers,WR,4.0,1,0
2025,4,7,735974647736213504,8210,Chig Okonkwo,TE,1.4,0,0
2025,4,7,735974647736213504,GB,Green Bay Packers,DEF,-5.25,0,0
2025,4,8,736803054736822272,11563,Bo Nix,QB,26.24,1,0
2025,4,8,736803054736822272,4034,Christian McCaffrey,RB,25.1,1,0
2025,4,8,736803054736822272,9494,Marvin Mims,WR,20.5,0,0
2025,4,8,736803054736822272,9758,C.J. Stroud,QB,18.42,1,0
2025,4,8,736803054736822272,3321,Tyreek Hill,WR,12.7,1,0
2025,4,8,736803054736822272,9484,Tucker Kraft,TE,10.6,1,0
2025,4,8,736803054736822272,BUF,Buffalo Bills,DEF,10.25,1,0
2025,4,8,736803054736822272,5012,Mark Andrews,TE,10.0,0,0
2025,4,8,736803054736822272,8408,Jordan Mason,RB,9.2,1,0
2025,4,8,736803054736822272,3198,Derrick Henry,RB,7.8,1,0
2025,4,8,736803054736822272,4039,Cooper Kupp,WR,6.6,0,0
2025,4,8,736803054736822272,12530,Travis Hunter,WR,6.2,0,0
2025,4,8,736803054736822272,4950,Christian Kirk,WR,5.0,0,0
2025,4,8,736803054736822272,7525,DeVonta Smith,WR,4.9,1,0
2025,4,8,736803054736822272,8125,Calvin Austin,WR,3.3,0,0
2025,4,8,736803054736822272,1945,Chris Boswell,K,3.0,1,0
2025,4,9,710284244835979264,4892,Baker Mayfield,QB,19.86,1,0
2025,4,9,710284244835979264,5045,Courtland Sutton,WR,19.1,1,0
2025,4,9,710284244835979264,11620,Rome Odunze,WR,16.9,1,0
2025,4,9,710284244835979264,9756,Jordan Addison,WR,15.9,0,0
2025,4,9,710284244835979264,6813,Jonathan Taylor,RB,14.6,1,0
2025,4,9,710284244835979264,11562,Spencer Rattler,QB,12.94,0,0
2025,4,9,710284244835979264,12529,TreVeyon Henderson,RB,12.6,0,0
2025,4,9,710284244835979264,1433,Brandon McManus,K,11.0,1,0
2025,4,9,710284244835979264,4881,Lamar Jackson,QB,10.68,1,0
2025,4,9,710284244835979264,8676,Rashid Shaheed,WR,9.2,0,0
2025,4,9,710284244835979264,4988,Nick Chubb,RB,8.2,1,0
2025,4,9,710284244835979264,8188,Tyquan Thornton,WR,8.1,0,0
2025,4,9,710284244835979264,10859,Sam LaPorta,TE,6.9,1,0
2025,4,9,710284244835979264,IND,Indianapolis Colts,DEF,2.25,1,0
2025,4,9,710284244835979264,11635,Ladd McConkey,WR,2.1,1,0
2025,4,9,710284244835979264,4199,Aaron Jones,RB,0,0,0
2025,4,9,710284244835979264,DAL,Dallas Cowboys,DEF,-1.25,0,0
2025,4,10,475399371639222272,3294,Dak Prescott,QB,31.46,1,0
2025,4,10,475399371639222272,4984,Josh Allen,QB,24.86,1,0
2025,4,10,475399371639222272,9221,Jahmyr Gibbs,RB,17.7,1,0
2025,4,10,475399371639222272,6650,Chase McLaughlin,K,16.0,1,0
2025,4,10,475399371639222272,96,Aaron Rodgers,QB,12.8,0,0
2025,4,10,475399371639222272,9753,Zach Charbonnet,RB,12.4,0,0
2025,4,10,475399371639222272,3214,Hunter Henry,TE,11.9,1,0
2025,4,10,475399371639222272,DEN,Denver Broncos,DEF,11.25,1,0
2025,4,10,475399371639222272,5967,Tony Pollard,RB,10.6,1,0
2025,4,10,475399371639222272,7594,Chuba Hubbard,RB,9.9,1,0
2025,4,10,475399371639222272,10236,Dalton Kincaid,TE,9.8,0,0
2025,4,10,475399371639222272,1479,Keenan Allen,WR,8.7,1,0
2025,4,10,475399371639222272,6783,Jerry Jeudy,WR,7.8,0,0
2025,4,10,475399371639222272,7526,Jaylen Waddle,WR,7.8,1,0
2025,4,10,475399371639222272,10213,Tre Tucker,WR,4.2,0,0
2025,4,10,475399371639222272,11655,Tyrone Tracy,RB,0,0,0
2025,4,10,475399371639222272,6786,CeeDee Lamb,WR,0,0,0
2025,4,11,865793938542456832,8137,George Pickens,WR,33.9,1,0
2025,4,11,865793938542456832,5850,Josh Jacobs,RB,31.7,1,0
2025,4,11,865793938542456832,11564,Drake Maye,QB,23.22,1,0
2025,4,11,865793938542456832,7543,Travis Etienne,RB,20.5,1,0
2025,4,11,865793938542456832,11628,Marvin Harrison,WR,18.6,1,0
2025,4,11,865793938542456832,6904,Jalen Hurts,QB,18.4,1,0
2025,4,11,865793938542456832,6819,Michael Pittman,WR,15.1,0,0
2025,4,11,865793938542456832,11638,Ricky Pearsall,WR,8.6,1,0
2025,4,11,865793938542456832,8136,Rachaad White,RB,8.6,0,0
2025,4,11,865793938542456832,4066,Evan Engram,TE,6.9,0,0
2025,4,11,865793938542456832,11786,Cam Little,K,6.0,1,0
2025,4,11,865793938542456832,10219,Chris Rodriguez,RB,5.9,0,0
2025,4,11,865793938542456832,1339,Zach Ertz,TE,5.1,1,0
2025,4,11,865793938542456832,7571,Rashod Bateman,WR,3.4,0,0
2025,4,11,865793938542456832,8154,Brian Robinson,RB,2.1,0,0
2025,4,11,865793938542456832,SF,San Francisco 49ers,DEF,2.0,1,0
2025,4,12,1136842855890366464,9493,Puka Nacua,WR,36.5,1,0
2025,4,12,1136842855890366464,8121,Romeo Doubs,WR,29.8,0,0
2025,4,12,1136842855890366464,4046,Patrick Mahomes,QB,27.8,1,0
2025,4,12,1136842855890366464,5846,DK Metcalf,WR,25.6,1,0
2025,4,12,1136842855890366464,5022,Dallas Goedert,TE,19.7,1,0
2025,4,12,1136842855890366464,8155,Breece Hall,RB,16.1,1,0
2025,4,12,1136842855890366464,PHI,Philadelphia Eagles,DEF,16.0,1,0
2025,4,12,1136842855890366464,3163,Jared Goff,QB,12.72,1,0
2025,4,12,1136842855890366464,9224,Chase Brown,RB,10.1,0,0
2025,4,12,1136842855890366464,8144,Chris Olave,WR,9.0,1,0
2025,4,12,1136842855890366464,17,Matt Prater,K,7.0,1,0
2025,4,12,1136842855890366464,5947,Jakobi Meyers,WR,7.0,0,0
2025,4,12,1136842855890366464,12506,Harold Fannin,TE,4.5,0,0
2025,4,12,1136842855890366464,19,Joe Flacco,QB,1.26,0,0
2025,4,12,1136842855890366464,10222,Jayden Reed,WR,0,0,0
2025,4,12,1136842855890366464,12517,Colston Loveland,TE,0,0,0
2025,4,12,1136842855890366464,8228,Jaylen Warren,RB,0,1,0
2025,5,1,608781531883859968,7021,Rico Dowdle,RB,33.4,1,0
2025,5,1,608781531883859968,12514,Emeka Egbuka,WR,31.8,1,0
2025,5,1,608781531883859968,4981,Calvin Ridley,WR,18.6,0,0
2025,5,1,608781531883859968,12508,Jaxson Dart,QB,16.08,1,0
2025,5,1,608781531883859968,12526,Tetairoa McMillan,WR,13.3,1,0
2025,5,1,608781531883859968,9228,Bryce Young,QB,12.02,1,0
2025,5,1,608781531883859968,8151,Kenneth Walker,RB,9.6,1,0
2025,5,1,608781531883859968,4035,Alvin Kamara,RB,9.5,1,0
2025,5,1,608781531883859968,8130,Trey McBride,TE,9.1,1,0
2025,5,1,608781531883859968,KC,Kansas City Chiefs,DEF,8.25,1,0
2025,5,1,608781531883859968,12455,Brashard Smith,RB,6.6,0,0
2025,5,1,608781531883859968,11533,Brandon Aubrey,K,6.0,1,0
2025,5,1,608781531883859968,12490,Bhayshul Tuten,RB,2.1,0,0
2025,5,1,608781531883859968,8148,Jameson Williams,WR,2.0,0,0
2025,5,1,608781531883859968,11565,J.J. McCarthy,QB,0,0,0
2025,5,1,608781531883859968,6803,Brandon Aiyuk,WR,0,0,0
2025,5,1,608781531883859968,8112,Drake London,WR,0,0,0
2025,5,2,736077599457026048,7564,Ja'Marr Chase,WR,31.0,1,0
2025,5,2,736077599457026048,7588,Javonte Williams,RB,27.4,1,0
2025,5,2,736077599457026048,7591,Justin Fields,QB,26.42,1,0
2025,5,2,736077599457026048,2449,Stefon Diggs,WR,25.1,0,0
2025,5,2,736077599457026048,6768,Tua Tagovailoa,QB,23.24,0,0
2025,5,2,736077599457026048,1466,Travis Kelce,TE,19.1,1,0
2025,5,2,736077599457026048,11566,Jayden Daniels,QB,17.14,1,0
2025,5,2,736077599457026048,9226,De'Von Achane,RB,16.6,1,0
2025,5,2,736077599457026048,5859,A.J. Brown,WR,9.3,1,0
2025,5,2,736077599457026048,9757,Kendre Miller,RB,5.9,0,0
2025,5,2,736077599457026048,12499,Elic Ayomanor,WR,3.8,0,0
2025,5,2,736077599457026048,7002,Juwan Johnson,TE,3.7,0,0
2025,5,2,736077599457026048,12474,Woody Marks,RB,2.4,1,0
2025,5,2,736077599457026048,12711,Tyler Loop,K,2.0,1,0
2025,5,2,736077599457026048,11586,Blake Corum,RB,1.3,0,0
2025,5,2,736077599457026048,SEA,Seattle Seahawks,DEF,-5.75,1,0
2025,5,3,737091087440674816,8150,Kyren Williams,RB,31.1,1,0
2025,5,3,737091087440674816,4943,Sam Darnold,QB,28.14,1,0
2025,5,3,737091087440674816,6794,Justin Jefferson,WR,19.8,1,0
2025,5,3,737091087440674816,7547,Amon-Ra St. Brown,WR,18.5,1,0
2025,5,3,737091087440674816,12518,Tyler Warren,TE,14.4,1,0
2025,5,3,737091087440674816,9997,Zay Flowers,WR,12.2,1,0
2025,5,3,737091087440674816,11624,Xavier Worthy,WR,11.1,0,0
2025,5,3,737091087440674816,11637,Keon Coleman,WR,10.3,0,0
2025,5,3,737091087440674816,8126,Wan'Dale Robinson,WR,8.2,0,0
2025,5,3,737091087440674816,1373,Geno Smith,QB,6.42,1,0
2025,5,3,737091087440674816,4195,Jake Elliott,K,5.0,1,0
2025,5,3,737091087440674816,MIN,Minnesota Vikings,DEF,5.0,1,0
2025,5,3,737091087440674816,8138,James Cook,RB,4.9,1,0
2025,5,3,737091087440674816,6804,Jordan Love,QB,0,0,0
2025,5,3,737091087440674816,7567,Kenny Gainwell,RB,0,0,0
2025,5,3,737091087440674816,12495,Ollie Gordon,RB,-0.2,0,0
2025,5,4,736744257179770880,421,Matthew Stafford,QB,26.06,1,0
2025,5,4,736744257179770880,8146,Garrett Wilson,WR,19.1,1,0
2025,5,4,736744257179770880,4866,Saquon Barkley,RB,18.3,1,0
2025,5,4,736744257179770880,6806,J.K. Dobbins,RB,15.4,1,0
2025,5,4,736744257179770880,6797,Justin Herbert,QB,14.64,1,0
2025,5,4,736744257179770880,12481,Cam Skattebo,RB,14.4,1,0
2025,5,4,736744257179770880,HOU,Houston Texans,DEF,14.25,1,0
2025,5,4,736744257179770880,9500,Josh Downs,WR,11.4,0,0
2025,5,4,736744257179770880,5001,Dalton Schultz,TE,11.0,1,0
2025,5,4,736744257179770880,5848,Marquise Brown,WR,8.8,0,0
2025,5,4,736744257179770880,9754,Quentin Johnston,WR,6.9,1,0
2025,5,4,736744257179770880,11539,Jake Bates,K,5.0,1,0
2025,5,4,736744257179770880,10229,Rashee Rice,WR,0,0,0
2025,5,4,736744257179770880,11559,Michael Penix,QB,0,0,0
2025,5,4,736744257179770880,2216,Mike Evans,WR,0,0,0
2025,5,4,736744257179770880,4217,George Kittle,TE,0,0,0
2025,5,4,736744257179770880,7049,Jauan Jennings,WR,0,0,0
2025,5,5,716698629934481408,8110,Jake Ferguson,TE,23.9,1,0
2025,5,5,716698629934481408,7607,Michael Carter,RB,18.3,1,0
2025,5,5,716698629934481408,12527,Ashton Jeanty,RB,15.9,1,0
2025,5,5,716698629934481408,3161,Carson Wentz,QB,15.24,1,0
2025,5,5,716698629934481408,DET,Detroit Lions,DEF,11.5,1,0
2025,5,5,716698629934481408,6801,Tee Higgins,WR,11.2,1,0
2025,5,5,716698629934481408,8205,Isiah Pacheco,RB,8.6,1,0
2025,5,5,716698629934481408,12522,Cam Ward,QB,8.0,1,0
2025,5,5,716698629934481408,4037,Chris Godwin,WR,5.6,1,0
2025,5,5,716698629934481408,12503,Isaiah Bond,WR,4.9,0,0
2025,5,5,716698629934481408,2747,Jason Myers,K,2.0,1,0
2025,5,5,716698629934481408,4983,DJ Moore,WR,0,0,0
2025,5,5,716698629934481408,5927,Terry McLaurin,WR,0,0,0
2025,5,5,716698629934481408,8132,Tyler Allgeier,RB,0,0,0
2025,5,5,716698629934481408,8183,Brock Purdy,QB,0,0,0
2025,5,5,716698629934481408,9509,Bijan Robinson,RB,0,0,0
2025,5,6,736740647758938112,7523,Trevor Lawrence,QB,26.24,1,0
2025,5,6,736740647758938112,5872,Deebo Samuel,WR,23.6,1,0
2025,5,6,736740647758938112,2505,Darren Waller,TE,18.8,1,0
2025,5,6,736740647758938112,5892,David Montgomery,RB,18.22,1,0
2025,5,6,736740647758938112,12486,Dillon Gabriel,QB,16.1,0,0
2025,5,6,736740647758938112,7569,Nico Collins,WR,16.0,1,0
2025,5,6,736740647758938112,2133,Davante Adams,WR,13.8,1,0
2025,5,6,736740647758938112,12507,Omarion Hampton,RB,13.0,1,0
2025,5,6,736740647758938112,8134,Khalil Shakir,WR,11.0,1,0
2025,5,6,736740647758938112,11627,Troy Franklin,WR,8.5,0,0
2025,5,6,736740647758938112,CLE,Cleveland Browns,DEF,7.75,1,0
2025,5,6,736740647758938112,NE,New England Patriots,DEF,6.25,0,0
2025,5,6,736740647758938112,11792,Will Reichard,K,1.0,1,0
2025,5,6,736740647758938112,11584,Bucky Irving,RB,0,0,0
2025,5,6,736740647758938112,11604,Brock Bowers,TE,0,0,0
2025,5,6,736740647758938112,12511,Will Howard,QB,0,0,0
2025,5,6,736740647758938112,6790,D'Andre Swift,RB,0,0,0
2025,5,6,736740647758938112,7553,Kyle Pitts,TE,0,0,0
2025,5,7,735974647736213504,9488,Jaxon Smith-Njigba,WR,27.7,1,0
2025,5,7,735974647736213504,12533,Jacory Croskey-Merritt,RB,27.5,0,0
2025,5,7,735974647736213504,5870,Daniel Jones,QB,15.68,1,0
2025,5,7,735974647736213504,5849,Kyler Murray,QB,15.3,1,0
2025,5,7,735974647736213504,12512,Quinshon Judkins,RB,14.3,1,0
2025,5,7,735974647736213504,11631,Brian Thomas,WR,12.0,1,0
2025,5,7,735974647736213504,5844,T.J. Hockenson,TE,9.8,0,0
2025,5,7,735974647736213504,ARI,Arizona Cardinals,DEF,8.0,1,0
2025,5,7,735974647736213504,12489,RJ Harvey,RB,6.0,1,0
2025,5,7,735974647736213504,6149,Darius Slayton,WR,4.1,0,0
2025,5,7,735974647736213504,11610,Malik Washington,WR,4.0,1,0
2025,5,7,735974647736213504,9480,Brenton Strange,TE,3.2,1,0
2025,5,7,735974647736213504,12185,Spencer Shrader,K,2.0,1,0
2025,5,7,735974647736213504,11560,Caleb Williams,QB,0,0,0
2025,5,7,735974647736213504,11589,Trey Benson,RB,0,0,0
2025,5,7,735974647736213504,12501,Matthew Golden,WR,0,0,0
2025,5,7,735974647736213504,GB,Green Bay Packers,DEF,0,0,0
2025,5,8,736803054736822272,9758,C.J. Stroud,QB,28.76,1,0
2025,5,8,736803054736822272,4034,Christian McCaffrey,RB,27.9,1,0
2025,5,8,736803054736822272,7525,DeVonta Smith,WR,19.9,1,0
2025,5,8,736803054736822272,3451,Ka'imi Fairbairn,K,18.0,1,0
2025,5,8,736803054736822272,11563,Bo Nix,QB,17.88,1,0
2025,5,8,736803054736822272,8408,Jordan Mason,RB,12.6,1,0
2025,5,8,736803054736822272,4039,Cooper Kupp,WR,11.9,1,0
2025,5,8,736803054736822272,12530,Travis Hunter,WR,9.4,0,0
2025,5,8,736803054736822272,3198,Derrick Henry,RB,9.3,1,0
2025,5,8,736803054736822272,BUF,Buffalo Bills,DEF,6.0,1,0
2025,5,8,736803054736822272,5012,Mark Andrews,TE,4.2,1,0
2025,5,8,736803054736822272,9494,Marvin Mims,WR,3.9,0,0
2025,5,8,736803054736822272,1945,Chris Boswell,K,0,0,0
2025,5,8,736803054736822272,8125,Calvin Austin,WR,0,0,0
2025,5,8,736803054736822272,8167,Christian Watson,WR,0,0,0
2025,5,8,736803054736822272,9484,Tucker Kraft,TE,0,0,0
2025,5,9,710284244835979264,6813,Jonathan Taylor,RB,31.6,1,0
2025,5,9,710284244835979264,4892,Baker Mayfield,QB,27.16,1,0
2025,5,9,710284244835979264,8676,Rashid Shaheed,WR,23.4,0,0
2025,5,9,710284244835979264,10859,Sam LaPorta,TE,20.2,1,0
2025,5,9,710284244835979264,5045,Courtland Sutton,WR,17.9,1,0
2025,5,9,710284244835979264,11562,Spencer Rattler,QB,17.1,1,0
2025,5,9,710284244835979264,IND,Indianapolis Colts,DEF,16.0,1,0
2025,5,9,710284244835979264,9756,Jordan Addison,WR,15.1,0,0
2025,5,9,710284244835979264,11635,Ladd McConkey,WR,14.9,1,0
2025,5,9,710284244835979264,4988,Nick Chubb,RB,12.1,0,0
2025,5,9,710284244835979264,8188,Tyquan Thornton,WR,12.0,0,0
2025,5,9,710284244835979264,11199,Emari Demercado,RB,6.1,1,0
2025,5,9,710284244835979264,12529,TreVeyon Henderson,RB,4.7,1,0
2025,5,9,710284244835979264,4227,Harrison Butker,K,4.0,1,0
2025,5,9,710284244835979264,11620,Rome Odunze,WR,0,0,0
2025,5,9,710284244835979264,4199,Aaron Jones,RB,0,0,0
2025,5,9,710284244835979264,4881,Lamar Jackson,QB,0,0,0
2025,5,10,475399371639222272,3294,Dak Prescott,QB,28.28,1,0
2025,5,10,475399371639222272,7526,Jaylen Waddle,WR,24.0,1,0
2025,5,10,475399371639222272,4984,Josh Allen,QB,19.42,1,0
2025,5,10,475399371639222272,10236,Dalton Kincaid,TE,17.3,0,0
2025,5,10,475399371639222272,9221,Jahmyr Gibbs,RB,16.7,1,0
2025,5,10,475399371639222272,5967,Tony Pollard,RB,14.8,1,0
2025,5,10,475399371639222272,6650,Chase McLaughlin,K,12.0,1,0
2025,5,10,475399371639222272,9753,Zach Charbonnet,RB,11.8,0,0
2025,5,10,475399371639222272,10213,Tre Tucker,WR,11.1,1,0
2025,5,10,475399371639222272,1479,Keenan Allen,WR,10.8,1,0
2025,5,10,475399371639222272,DEN,Denver Broncos,DEF,8.0,1,0
2025,5,10,475399371639222272,3214,Hunter Henry,TE,6.6,1,0
2025,5,10,475399371639222272,6783,Jerry Jeudy,WR,3.5,0,0
2025,5,10,475399371639222272,11655,Tyrone Tracy,RB,0,0,0
2025,5,10,475399371639222272,6786,CeeDee Lamb,WR,0,0,0
2025,5,10,475399371639222272,7594,Chuba Hubbard,RB,0,0,0
2025,5,10,475399371639222272,96,Aaron Rodgers,QB,0,0,0
2025,5,11,865793938542456832,8136,Rachaad White,RB,23.1,1,0
2025,5,11,865793938542456832,6904,Jalen Hurts,QB,19.5,1,0
2025,5,11,865793938542456832,6819,Michael Pittman,WR,14.9,1,0
2025,5,11,865793938542456832,8137,George Pickens,WR,14.2,1,0
2025,5,11,865793938542456832,11628,Marvin Harrison,WR,13.8,1,0
2025,5,11,865793938542456832,4066,Evan Engram,TE,13.3,0,0
2025,5,11,865793938542456832,11564,Drake Maye,QB,12.12,1,0
2025,5,11,865793938542456832,11786,Cam Little,K,9.0,1,0
2025,5,11,865793938542456832,7543,Travis Etienne,RB,8.8,1,0
2025,5,11,865793938542456832,SF,San Francisco 49ers,DEF,3.75,1,0
2025,5,11,865793938542456832,8154,Brian Robinson,RB,1.2,0,0
2025,5,11,865793938542456832,10219,Chris Rodriguez,RB,0.7,0,0
2025,5,11,865793938542456832,11638,Ricky Pearsall,WR,0,0,0
2025,5,11,865793938542456832,1339,Zach Ertz,TE,0,1,0
2025,5,11,865793938542456832,5850,Josh Jacobs,RB,0,0,0
2025,5,11,865793938542456832,7571,Rashod Bateman,WR,0,0,0
2025,5,12,1136842855890366464,4046,Patrick Mahomes,QB,26.22,1,0
2025,5,12,1136842855890366464,9493,Puka Nacua,WR,24.5,1,0
2025,5,12,1136842855890366464,3163,Jared Goff,QB,20.12,1,0
2025,5,12,1136842855890366464,8155,Breece Hall,RB,18.0,1,0
2025,5,12,1136842855890366464,8144,Chris Olave,WR,12.9,1,0
2025,5,12,1136842855890366464,12506,Harold Fannin,TE,11.3,0,0
2025,5,12,1136842855890366464,5022,Dallas Goedert,TE,10.9,1,0
2025,5,12,1136842855890366464,9224,Chase Brown,RB,10.8,1,0
2025,5,12,1136842855890366464,17,Matt Prater,K,9.0,1,0
2025,5,12,1136842855890366464,5947,Jakobi Meyers,WR,7.2,1,0
2025,5,12,1136842855890366464,8259,Cameron Dicker,K,6.0,0,0
2025,5,12,1136842855890366464,PHI,Philadelphia Eagles,DEF,2.0,1,0
2025,5,12,1136842855890366464,10222,Jayden Reed,WR,0,0,0
2025,5,12,1136842855890366464,19,Joe Flacco,QB,0,0,0
2025,5,12,1136842855890366464,5846,DK Metcalf,WR,0,0,0
2025,5,12,1136842855890366464,8121,Romeo Doubs,WR,0,0,0
2025,5,12,1136842855890366464,8228,Jaylen Warren,RB,0,0,0
2025,6,1,608781531883859968,7021,Rico Dowdle,RB,33.4,1,0
2025,6,1,608781531883859968,8112,Drake London,WR,32.3,1,0
2025,6,1,608781531883859968,12508,Jaxson Dart,QB,23.6,1,0
2025,6,1,608781531883859968,11647,Kimani Vidal,RB,23.3,0,0
2025,6,1,608781531883859968,8130,Trey McBride,TE,21.2,1,0
2025,6,1,608781531883859968,LAR,Los Angeles Rams,DEF,19.0,1,0
2025,6,1,608781531883859968,8148,Jameson Williams,WR,18.6,0,0
2025,6,1,608781531883859968,9228,Bryce Young,QB,18.46,1,0
2025,6,1,608781531883859968,12526,Tetairoa McMillan,WR,17.9,1,0
2025,6,1,608781531883859968,4035,Alvin Kamara,RB,12.6,0,0
2025,6,1,608781531883859968,11533,Brandon Aubrey,K,9.0,1,0
2025,6,1,608781531883859968,12490,Bhayshul Tuten,RB,4.8,0,0
2025,6,1,608781531883859968,8151,Kenneth Walker,RB,4.7,1,0
2025,6,1,608781531883859968,12514,Emeka Egbuka,WR,4.4,1,0
2025,6,1,608781531883859968,4981,Calvin Ridley,WR,2.8,0,0
2025,6,1,608781531883859968,11565,J.J. McCarthy,QB,0,0,0
2025,6,1,608781531883859968,6803,Brandon Aiyuk,WR,0,0,0
2025,6,2,736077599457026048,9226,De'Von Achane,RB,32.0,1,0
2025,6,2,736077599457026048,7564,Ja'Marr Chase,WR,25.1,1,0
2025,6,2,736077599457026048,11566,Jayden Daniels,QB,20.64,1,0
2025,6,2,736077599457026048,7523,Trevor Lawrence,QB,19.72,1,0
2025,6,2,736077599457026048,5859,A.J. Brown,WR,14.0,1,0
2025,6,2,736077599457026048,1466,Travis Kelce,TE,13.8,1,0
2025,6,2,736077599457026048,8122,Zonovan Knight,RB,12.4,0,0
2025,6,2,736077599457026048,LAC,Los Angeles Chargers,DEF,8.5,1,0
2025,6,2,736077599457026048,7588,Javonte Williams,RB,8.4,1,0
2025,6,2,736077599457026048,6768,Tua Tagovailoa,QB,6.6,0,0
2025,6,2,736077599457026048,6083,Matt Gay,K,6.0,1,0
2025,6,2,736077599457026048,2449,Stefon Diggs,WR,5.8,1,0
2025,6,2,736077599457026048,12499,Elic Ayomanor,WR,5.7,0,0
2025,6,2,736077599457026048,11597,Theo Johnson,TE,4.7,0,0
2025,6,2,736077599457026048,9757,Kendre Miller,RB,4.2,0,0
2025,6,2,736077599457026048,7611,Rhamondre Stevenson,RB,1.8,0,0
2025,6,2,736077599457026048,12474,Woody Marks,RB,0,0,0
2025,6,2,736077599457026048,12507,Omarion Hampton,RB,0,0,0
2025,6,3,737091087440674816,4943,Sam Darnold,QB,21.0,1,0
2025,6,3,737091087440674816,8126,Wan'Dale Robinson,WR,20.4,0,0
2025,6,3,737091087440674816,12518,Tyler Warren,TE,18.3,1,0
2025,6,3,737091087440674816,8150,Kyren Williams,RB,16.7,1,0
2025,6,3,737091087440674816,6804,Jordan Love,QB,14.96,1,0
2025,6,3,737091087440674816,7547,Amon-Ra St. Brown,WR,12.7,1,0
2025,6,3,737091087440674816,11624,Xavier Worthy,WR,10.6,1,0
2025,6,3,737091087440674816,7567,Kenny Gainwell,RB,9.6,0,0
2025,6,3,737091087440674816,8138,James Cook,RB,8.7,1,0
2025,6,3,737091087440674816,1373,Geno Smith,QB,8.66,0,0
2025,6,3,737091087440674816,9997,Zay Flowers,WR,8.6,1,0
2025,6,3,737091087440674816,4195,Jake Elliott,K,6.0,1,0
2025,6,3,737091087440674816,11637,Keon Coleman,WR,4.1,0,0
2025,6,3,737091087440674816,DET,Detroit Lions,DEF,1.75,1,0
2025,6,3,737091087440674816,6794,Justin Jefferson,WR,0,0,0
2025,6,3,737091087440674816,MIN,Minnesota Vikings,DEF,0,0,0
2025,6,4,736744257179770880,12481,Cam Skattebo,RB,31.0,1,0
2025,6,4,736744257179770880,5848,Marquise Brown,WR,20.5,0,0
2025,6,4,736744257179770880,6797,Justin Herbert,QB,19.26,1,0
2025,6,4,736744257179770880,LV,Las Vegas Raiders,DEF,16.5,1,0
2025,6,4,736744257179770880,9500,Josh Downs,WR,16.2,0,0
2025,6,4,736744257179770880,11559,Michael Penix,QB,14.6,0,0
2025,6,4,736744257179770880,8698,Jake Tonges,TE,11.8,1,0
2025,6,4,736744257179770880,4866,Saquon Barkley,RB,8.7,1,0
2025,6,4,736744257179770880,421,Matthew Stafford,QB,8.34,1,0
2025,6,4,736744257179770880,11539,Jake Bates,K,5.0,1,0
2025,6,4,736744257179770880,8146,Garrett Wilson,WR,4.3,1,0
2025,6,4,736744257179770880,6806,J.K. Dobbins,RB,4.0,1,0
2025,6,4,736744257179770880,7049,Jauan Jennings,WR,1.7,1,0
2025,6,4,736744257179770880,10229,Rashee Rice,WR,0,0,0
2025,6,4,736744257179770880,2216,Mike Evans,WR,0,0,0
2025,6,4,736744257179770880,4217,George Kittle,TE,0,0,0
2025,6,4,736744257179770880,9754,Quentin Johnston,WR,0,0,0
2025,6,5,716698629934481408,96,Aaron Rodgers,QB,17.5,1,0
2025,6,5,716698629934481408,7526,Jaylen Waddle,WR,15.82,1,0
2025,6,5,716698629934481408,PIT,Pittsburgh Steelers,DEF,12.5,1,0
2025,6,5,716698629934481408,8110,Jake Ferguson,TE,12.3,1,0
2025,6,5,716698629934481408,6801,Tee Higgins,WR,11.2,0,0
2025,6,5,716698629934481408,2747,Jason Myers,K,10.0,1,0
2025,6,5,716698629934481408,7607,Michael Carter,RB,8.4,1,0
2025,6,5,716698629934481408,4983,DJ Moore,WR,8.2,1,0
2025,6,5,716698629934481408,12522,Cam Ward,QB,7.38,1,0
2025,6,5,716698629934481408,5967,Tony Pollard,RB,6.7,1,0
2025,6,5,716698629934481408,8205,Isiah Pacheco,RB,6.1,0,0
2025,6,5,716698629934481408,12529,TreVeyon Henderson,RB,4.6,1,0
2025,6,5,716698629934481408,4037,Chris Godwin,WR,0,0,0
2025,6,5,716698629934481408,5927,Terry McLaurin,WR,0,0,0
2025,6,5,716698629934481408,8183,Brock Purdy,QB,0,0,0
2025,6,5,716698629934481408,9756,Jordan Addison,WR,0,0,0
2025,6,6,736740647758938112,6790,D'Andre Swift,RB,27.5,1,0
2025,6,6,736740647758938112,5189,Eddy Pineiro,K,18.0,1,0
2025,6,6,736740647758938112,12486,Dillon Gabriel,QB,9.34,1,0
2025,6,6,736740647758938112,2505,Darren Waller,TE,9.2,1,0
2025,6,6,736740647758938112,5892,David Montgomery,RB,8.1,1,0
2025,6,6,736740647758938112,2133,Davante Adams,WR,7.9,1,0
2025,6,6,736740647758938112,NE,New England Patriots,DEF,6.5,1,0
2025,6,6,736740647758938112,8134,Khalil Shakir,WR,6.3,1,0
2025,6,6,736740647758938112,5872,Deebo Samuel,WR,5.4,1,0
2025,6,6,736740647758938112,7591,Justin Fields,QB,4.9,1,0
2025,6,6,736740647758938112,7553,Kyle Pitts,TE,4.8,0,0
2025,6,6,736740647758938112,4098,Kareem Hunt,RB,4.4,0,0
2025,6,6,736740647758938112,11627,Troy Franklin,WR,3.1,0,0
2025,6,6,736740647758938112,11584,Bucky Irving,RB,0,0,0
2025,6,6,736740647758938112,11604,Brock Bowers,TE,0,0,0
2025,6,6,736740647758938112,12511,Will Howard,QB,0,0,0
2025,6,6,736740647758938112,7569,Nico Collins,WR,0,0,0
2025,6,7,735974647736213504,9488,Jaxon Smith-Njigba,WR,32.2,1,0
2025,6,7,735974647736213504,11631,Brian Thomas,WR,23.0,1,0
2025,6,7,735974647736213504,5870,Daniel Jones,QB,22.48,1,0
2025,6,7,735974647736213504,11560,Caleb Williams,QB,20.88,1,0
2025,6,7,735974647736213504,12501,Matthew Golden,WR,13.2,1,0
2025,6,7,735974647736213504,5230,Michael Badgley,K,8.0,1,0
2025,6,7,735974647736213504,12489,RJ Harvey,RB,6.5,0,0
2025,6,7,735974647736213504,12533,Jacory Croskey-Merritt,RB,5.8,1,0
2025,6,7,735974647736213504,4033,David Njoku,TE,5.8,1,0
2025,6,7,735974647736213504,GB,Green Bay Packers,DEF,5.25,1,0
2025,6,7,735974647736213504,12512,Quinshon Judkins,RB,3.6,1,0
2025,6,7,735974647736213504,8123,Hassan Haskins,RB,3.3,0,0
2025,6,7,735974647736213504,11589,Trey Benson,RB,0,0,0
2025,6,7,735974647736213504,12457,Jaydon Blue,RB,0,0,0
2025,6,7,735974647736213504,12497,Tory Horton,WR,0,0,0
2025,6,7,735974647736213504,5844,T.J. Hockenson,TE,0,0,0
2025,6,7,735974647736213504,5849,Kyler Murray,QB,0,0,0
2025,6,8,736803054736822272,4034,Christian McCaffrey,RB,24.1,1,0
2025,6,8,736803054736822272,3198,Derrick Henry,RB,14.5,1,0
2025,6,8,736803054736822272,11563,Bo Nix,QB,13.36,1,0
2025,6,8,736803054736822272,1945,Chris Boswell,K,13.0,1,0
2025,6,8,736803054736822272,9484,Tucker Kraft,TE,12.3,1,0
2025,6,8,736803054736822272,4039,Cooper Kupp,WR,12.0,1,0
2025,6,8,736803054736822272,7525,DeVonta Smith,WR,8.9,1,0
2025,6,8,736803054736822272,5012,Mark Andrews,TE,6.6,1,0
2025,6,8,736803054736822272,12530,Travis Hunter,WR,5.5,1,0
2025,6,8,736803054736822272,9494,Marvin Mims,WR,3.8,0,0
2025,6,8,736803054736822272,BUF,Buffalo Bills,DEF,2.5,1,0
2025,6,8,736803054736822272,3451,Ka'imi Fairbairn,K,0,0,0
2025,6,8,736803054736822272,8125,Calvin Austin,WR,0,0,0
2025,6,8,736803054736822272,8167,Christian Watson,WR,0,0,0
2025,6,8,736803054736822272,8408,Jordan Mason,RB,0,0,0
2025,6,8,736803054736822272,9758,C.J. Stroud,QB,0,0,0
2025,6,9,710284244835979264,6813,Jonathan Taylor,RB,24.2,1,0
2025,6,9,710284244835979264,11635,Ladd McConkey,WR,23.5,1,0
2025,6,9,710284244835979264,4892,Baker Mayfield,QB,18.64,1,0
2025,6,9,710284244835979264,12527,Ashton Jeanty,RB,16.6,1,0
2025,6,9,710284244835979264,10859,Sam LaPorta,TE,16.5,1,0
2025,6,9,710284244835979264,11562,Spencer Rattler,QB,11.08,1,0
2025,6,9,710284244835979264,KC,Kansas City Chiefs,DEF,7.25,0,0
2025,6,9,710284244835979264,8676,Rashid Shaheed,WR,6.8,0,0
2025,6,9,710284244835979264,11620,Rome Odunze,WR,5.2,1,0
2025,6,9,710284244835979264,4227,Harrison Butker,K,5.0,1,0
2025,6,9,710284244835979264,5045,Courtland Sutton,WR,2.7,1,0
2025,6,9,710284244835979264,IND,Indianapolis Colts,DEF,2.5,1,0
2025,6,9,710284244835979264,4199,Aaron Jones,RB,0,0,0
2025,6,9,710284244835979264,4881,Lamar Jackson,QB,0,0,0
2025,6,9,710284244835979264,4988,Nick Chubb,RB,0,0,0
2025,6,9,710284244835979264,7090,Darnell Mooney,WR,0,0,0
2025,6,9,710284244835979264,8188,Tyquan Thornton,WR,0,0,0
2025,6,10,475399371639222272,9509,Bijan Robinson,RB,37.8,1,0
2025,6,10,475399371639222272,3294,Dak Prescott,QB,21.84,1,0
2025,6,10,475399371639222272,4454,Kendrick Bourne,WR,19.7,1,0
2025,6,10,475399371639222272,DEN,Denver Broncos,DEF,18.25,1,0
2025,6,10,475399371639222272,4984,Josh Allen,QB,13.4,1,0
2025,6,10,475399371639222272,10213,Tre Tucker,WR,12.0,1,0
2025,6,10,475399371639222272,6783,Jerry Jeudy,WR,9.3,0,0
2025,6,10,475399371639222272,9508,Tyjae Spears,RB,9.0,0,0
2025,6,10,475399371639222272,9221,Jahmyr Gibbs,RB,7.5,1,0
2025,6,10,475399371639222272,1479,Keenan Allen,WR,5.7,1,0
2025,6,10,475399371639222272,3214,Hunter Henry,TE,5.7,1,0
2025,6,10,475399371639222272,9753,Zach Charbonnet,RB,4.7,0,0
2025,6,10,475399371639222272,6650,Chase McLaughlin,K,4.0,1,0
2025,6,10,475399371639222272,10236,Dalton Kincaid,TE,0,0,0
2025,6,10,475399371639222272,6770,Joe Burrow,QB,0,0,0
2025,6,10,475399371639222272,6786,CeeDee Lamb,WR,0,0,0
2025,6,10,475399371639222272,7594,Chuba Hubbard,RB,0,0,0
2025,6,11,865793938542456832,8137,George Pickens,WR,32.3,1,0
2025,6,11,865793938542456832,5850,Josh Jacobs,RB,32.0,1,0
2025,6,11,865793938542456832,11564,Drake Maye,QB,27.24,1,0
2025,6,11,865793938542456832,6904,Jalen Hurts,QB,20.62,1,0
2025,6,11,865793938542456832,8136,Rachaad White,RB,17.6,1,0
2025,6,11,865793938542456832,1339,Zach Ertz,TE,16.3,0,0
2025,6,11,865793938542456832,4066,Evan Engram,TE,9.9,1,0
2025,6,11,865793938542456832,7543,Travis Etienne,RB,9.5,0,0
2025,6,11,865793938542456832,11628,Marvin Harrison,WR,5.2,1,0
2025,6,11,865793938542456832,6819,Michael Pittman,WR,4.0,1,0
2025,6,11,865793938542456832,8154,Brian Robinson,RB,3.8,0,0
2025,6,11,865793938542456832,7571,Rashod Bateman,WR,1.8,0,0
2025,6,11,865793938542456832,10219,Chris Rodriguez,RB,0,0,0
2025,6,11,865793938542456832,11638,Ricky Pearsall,WR,0,0,0
2025,6,11,865793938542456832,SF,San Francisco 49ers,DEF,-1.25,1,0
2025,6,11,865793938542456832,11786,Cam Little,K,-3.0,1,0
2025,6,12,1136842855890366464,4046,Patrick Mahomes,QB,30.48,1,0
2025,6,12,1136842855890366464,5022,Dallas Goedert,TE,26.5,1,0
2025,6,12,1136842855890366464,5846,DK Metcalf,WR,19.5,1,0
2025,6,12,1136842855890366464,19,Joe Flacco,QB,19.26,0,0
2025,6,12,1136842855890366464,8259,Cameron Dicker,K,17.0,0,0
2025,6,12,1136842855890366464,3163,Jared Goff,QB,16.82,1,0
2025,6,12,1136842855890366464,8144,Chris Olave,WR,15.8,0,0
2025,6,12,1136842855890366464,12506,Harold Fannin,TE,15.1,0,0
2025,6,12,1136842855890366464,8121,Romeo Doubs,WR,10.5,0,0
2025,6,12,1136842855890366464,9224,Chase Brown,RB,8.9,1,0
2025,6,12,1136842855890366464,8228,Jaylen Warren,RB,8.3,0,0
2025,6,12,1136842855890366464,5947,Jakobi Meyers,WR,7.9,1,0
2025,6,12,1136842855890366464,8155,Breece Hall,RB,5.9,1,0
2025,6,12,1136842855890366464,9493,Puka Nacua,WR,4.8,1,0
2025,6,12,1136842855890366464,17,Matt Prater,K,2.0,1,0
2025,6,12,1136842855890366464,PHI,Philadelphia Eagles,DEF,1.0,1,0
2025,6,12,1136842855890366464,10222,Jayden Reed,WR,0,0,0
2025,7,1,608781531883859968,8130,Trey McBride,TE,29.4,1,0
2025,7,1,608781531883859968,12508,Jaxson Dart,QB,28.42,1,0
2025,7,1,608781531883859968,CLE,Cleveland Browns,DEF,26.5,1,0
2025,7,1,608781531883859968,11533,Brandon Aubrey,K,17.0,1,0
2025,7,1,608781531883859968,7021,Rico Dowdle,RB,10.6,1,0
2025,7,1,608781531883859968,12514,Emeka Egbuka,WR,9.8,1,0
2025,7,1,608781531883859968,9228,Bryce Young,QB,9.52,1,0
2025,7,1,608781531883859968,8112,Drake London,WR,8.2,1,0
2025,7,1,608781531883859968,3269,Chris Moore,WR,7.9,0,0
2025,7,1,608781531883859968,11647,Kimani Vidal,RB,7.5,1,0
2025,7,1,608781531883859968,8151,Kenneth Walker,RB,6.6,0,0
2025,7,1,608781531883859968,12526,Tetairoa McMillan,WR,6.3,1,0
2025,7,1,608781531883859968,4035,Alvin Kamara,RB,5.9,0,0
2025,7,1,608781531883859968,8132,Tyler Allgeier,RB,1.6,0,0
2025,7,1,608781531883859968,11565,J.J. McCarthy,QB,0,0,0
2025,7,1,608781531883859968,4981,Calvin Ridley,WR,0,0,0
2025,7,1,608781531883859968,6803,Brandon Aiyuk,WR,0,0,0
2025,7,1,608781531883859968,8148,Jameson Williams,WR,0,0,0
2025,7,2,736077599457026048,7564,Ja'Marr Chase,WR,38.6,1,0
2025,7,2,736077599457026048,5859,A.J. Brown,WR,28.6,1,0
2025,7,2,736077599457026048,7588,Javonte Williams,RB,19.3,1,0
2025,7,2,736077599457026048,11566,Jayden Daniels,QB,17.74,1,0
2025,7,2,736077599457026048,7523,Trevor Lawrence,QB,17.64,1,0
2025,7,2,736077599457026048,7611,Rhamondre Stevenson,RB,16.8,0,0
2025,7,2,736077599457026048,SEA,Seattle Seahawks,DEF,14.25,1,0
2025,7,2,736077599457026048,2449,Stefon Diggs,WR,13.9,1,0
2025,7,2,736077599457026048,9226,De'Von Achane,RB,12.8,1,0
2025,7,2,736077599457026048,12474,Woody Marks,RB,12.5,0,0
2025,7,2,736077599457026048,1466,Travis Kelce,TE,8.4,1,0
2025,7,2,736077599457026048,12499,Elic Ayomanor,WR,4.9,0,0
2025,7,2,736077599457026048,6083,Matt Gay,K,2.0,1,0
2025,7,2,736077599457026048,9757,Kendre Miller,RB,0.7,0,0
2025,7,2,736077599457026048,11646,Jalen Coker,WR,0,0,0
2025,7,2,736077599457026048,12507,Omarion Hampton,RB,0,0,0
2025,7,2,736077599457026048,6768,Tua Tagovailoa,QB,-5.4,0,0
2025,7,3,737091087440674816,7547,Amon-Ra St. Brown,WR,20.6,1,0
2025,7,3,737091087440674816,12518,Tyler Warren,TE,16.9,1,0
2025,7,3,737091087440674816,8126,Wan'Dale Robinson,WR,15.5,1,0
2025,7,3,737091087440674816,6794,Justin Jefferson,WR,12.9,1,0
2025,7,3,737091087440674816,6804,Jordan Love,QB,11.36,1,0
2025,7,3,737091087440674816,4943,Sam Darnold,QB,8.62,1,0
2025,7,3,737091087440674816,8150,Kyren Williams,RB,8.5,1,0
2025,7,3,737091087440674816,11624,Xavier Worthy,WR,7.8,0,0
2025,7,3,737091087440674816,MIN,Minnesota Vikings,DEF,3.75,1,0
2025,7,3,737091087440674816,7567,Kenny Gainwell,RB,3.5,1,0
2025,7,3,737091087440674816,1373,Geno Smith,QB,1.78,0,0
2025,7,3,737091087440674816,4195,Jake Elliott,K,1.0,1,0
2025,7,3,737091087440674816,11637,Keon Coleman,WR,0,0,0
2025,7,3,737091087440674816,8138,James Cook,RB,0,0,0
2025,7,3,737091087440674816,9997,Zay Flowers,WR,0,0,0
2025,7,4,736744257179770880,12493,Oronde Gadsden,TE,29.9,0,0
2025,7,4,736744257179770880,6797,Justin Herbert,QB,29.4,1,0
2025,7,4,736744257179770880,421,Matthew Stafford,QB,27.38,1,0
2025,7,4,736744257179770880,10229,Rashee Rice,WR,23.2,1,0
2025,7,4,736744257179770880,12481,Cam Skattebo,RB,18.4,1,0
2025,7,4,736744257179770880,CHI,Chicago Bears,DEF,17.0,1,0
2025,7,4,736744257179770880,11559,Michael Penix,QB,12.24,0,0
2025,7,4,736744257179770880,9754,Quentin Johnston,WR,11.0,0,0
2025,7,4,736744257179770880,6806,J.K. Dobbins,RB,9.0,1,0
2025,7,4,736744257179770880,5848,Marquise Brown,WR,8.4,0,0
2025,7,4,736744257179770880,7049,Jauan Jennings,WR,7.1,0,0
2025,7,4,736744257179770880,11539,Jake Bates,K,6.0,1,0
2025,7,4,736744257179770880,4866,Saquon Barkley,RB,5.2,1,0
2025,7,4,736744257179770880,2216,Mike Evans,WR,0,1,0
2025,7,4,736744257179770880,4217,George Kittle,TE,0,1,0
2025,7,4,736744257179770880,8146,Garrett Wilson,WR,0,0,0
2025,7,4,736744257179770880,9500,Josh Downs,WR,0,0,0
2025,7,5,716698629934481408,96,Aaron Rodgers,QB,23.56,1,0
2025,7,5,716698629934481408,9756,Jordan Addison,WR,22.3,1,0
2025,7,5,716698629934481408,8110,Jake Ferguson,TE,21.9,1,0
2025,7,5,716698629934481408,6801,Tee Higgins,WR,21.6,1,0
2025,7,5,716698629934481408,8205,Isiah Pacheco,RB,12.4,0,0
2025,7,5,716698629934481408,5967,Tony Pollard,RB,12.1,1,0
2025,7,5,716698629934481408,12522,Cam Ward,QB,10.7,1,0
2025,7,5,716698629934481408,4983,DJ Moore,WR,8.2,0,0
2025,7,5,716698629934481408,2747,Jason Myers,K,8.0,1,0
2025,7,5,716698629934481408,7607,Michael Carter,RB,5.6,0,0
2025,7,5,716698629934481408,7526,Jaylen Waddle,WR,2.5,1,0
2025,7,5,716698629934481408,12529,TreVeyon Henderson,RB,0.5,1,0
2025,7,5,716698629934481408,4037,Chris Godwin,WR,0,0,0
2025,7,5,716698629934481408,5927,Terry McLaurin,WR,0,0,0
2025,7,5,716698629934481408,8183,Brock Purdy,QB,0,0,0
2025,7,5,716698629934481408,PIT,Pittsburgh Steelers,DEF,-3.5,1,0
2025,7,6,736740647758938112,2133,Davante Adams,WR,26.5,1,0
2025,7,6,736740647758938112,6790,D'Andre Swift,RB,21.3,1,0
2025,7,6,736740647758938112,NE,New England Patriots,DEF,20.75,1,0
2025,7,6,736740647758938112,7553,Kyle Pitts,TE,13.2,0,0
2025,7,6,736740647758938112,5189,Eddy Pineiro,K,11.0,1,0
2025,7,6,736740647758938112,3161,Carson Wentz,QB,9.82,1,0
2025,7,6,736740647758938112,7569,Nico Collins,WR,6.7,1,0
2025,7,6,736740647758938112,5892,David Montgomery,RB,5.9,1,0
2025,7,6,736740647758938112,7591,Justin Fields,QB,4.04,1,0
2025,7,6,736740647758938112,4098,Kareem Hunt,RB,1.8,0,0
2025,7,6,736740647758938112,11584,Bucky Irving,RB,0,0,0
2025,7,6,736740647758938112,11604,Brock Bowers,TE,0,0,0
2025,7,6,736740647758938112,11650,Luke McCaffrey,WR,0,1,0
2025,7,6,736740647758938112,12511,Will Howard,QB,0,0,0
2025,7,6,736740647758938112,2505,Darren Waller,TE,0,1,0
2025,7,6,736740647758938112,5872,Deebo Samuel,WR,0,0,0
2025,7,6,736740647758938112,8134,Khalil Shakir,WR,0,0,0
2025,7,7,735974647736213504,12512,Quinshon Judkins,RB,26.9,1,0
2025,7,7,735974647736213504,9488,Jaxon Smith-Njigba,WR,26.8,1,0
2025,7,7,735974647736213504,5870,Daniel Jones,QB,22.22,1,0
2025,7,7,735974647736213504,8111,Cade Otton,TE,13.5,1,0
2025,7,7,735974647736213504,5844,T.J. Hockenson,TE,10.3,0,0
2025,7,7,735974647736213504,GB,Green Bay Packers,DEF,8.5,1,0
2025,7,7,735974647736213504,12501,Matthew Golden,WR,7.7,1,0
2025,7,7,735974647736213504,12489,RJ Harvey,RB,7.2,0,0
2025,7,7,735974647736213504,11631,Brian Thomas,WR,6.1,1,0
2025,7,7,735974647736213504,5230,Michael Badgley,K,5.0,1,0
2025,7,7,735974647736213504,12533,Jacory Croskey-Merritt,RB,4.2,1,0
2025,7,7,735974647736213504,12519,Luther Burden,WR,3.1,0,0
2025,7,7,735974647736213504,11560,Caleb Williams,QB,2.68,1,0
2025,7,7,735974647736213504,8123,Hassan Haskins,RB,2.5,0,0
2025,7,7,735974647736213504,11589,Trey Benson,RB,0,0,0
2025,7,7,735974647736213504,4033,David Njoku,TE,0,0,0
2025,7,7,735974647736213504,5849,Kyler Murray,QB,0,0,0
2025,7,8,736803054736822272,4034,Christian McCaffrey,RB,39.6,1,0
2025,7,8,736803054736822272,11563,Bo Nix,QB,39.46,1,0
2025,7,8,736803054736822272,7525,DeVonta Smith,WR,35.3,1,0
2025,7,8,736803054736822272,12530,Travis Hunter,WR,24.6,0,0
2025,7,8,736803054736822272,HOU,Houston Texans,DEF,19.5,1,0
2025,7,8,736803054736822272,9484,Tucker Kraft,TE,16.8,1,0
2025,7,8,736803054736822272,9494,Marvin Mims,WR,15.8,0,0
2025,7,8,736803054736822272,9758,C.J. Stroud,QB,13.66,1,0
2025,7,8,736803054736822272,9504,Kayshon Boutte,WR,13.5,1,0
2025,7,8,736803054736822272,8408,Jordan Mason,RB,11.7,1,0
2025,7,8,736803054736822272,1945,Chris Boswell,K,8.0,1,0
2025,7,8,736803054736822272,3451,Ka'imi Fairbairn,K,8.0,0,0
2025,7,8,736803054736822272,4039,Cooper Kupp,WR,2.2,1,0
2025,7,8,736803054736822272,3198,Derrick Henry,RB,0,0,0
2025,7,8,736803054736822272,5012,Mark Andrews,TE,0,0,0
2025,7,8,736803054736822272,8167,Christian Watson,WR,0,0,0
2025,7,8,736803054736822272,BUF,Buffalo Bills,DEF,0,0,0
2025,7,9,710284244835979264,6813,Jonathan Taylor,RB,34.2,1,0
2025,7,9,710284244835979264,5045,Courtland Sutton,WR,16.7,1,0
2025,7,9,710284244835979264,11635,Ladd McConkey,WR,15.7,1,0
2025,7,9,710284244835979264,KC,Kansas City Chiefs,DEF,14.75,1,0
2025,7,9,710284244835979264,4892,Baker Mayfield,QB,10.62,1,0
2025,7,9,710284244835979264,11562,Spencer Rattler,QB,10.52,1,0
2025,7,9,710284244835979264,7090,Darnell Mooney,WR,9.8,0,0
2025,7,9,710284244835979264,8676,Rashid Shaheed,WR,8.0,0,0
2025,7,9,710284244835979264,4227,Harrison Butker,K,7.0,1,0
2025,7,9,710284244835979264,11620,Rome Odunze,WR,5.1,1,0
2025,7,9,710284244835979264,10859,Sam LaPorta,TE,4.5,1,0
2025,7,9,710284244835979264,12527,Ashton Jeanty,RB,4.4,1,0
2025,7,9,710284244835979264,IND,Indianapolis Colts,DEF,4.25,0,0
2025,7,9,710284244835979264,4988,Nick Chubb,RB,2.1,0,0
2025,7,9,710284244835979264,9482,Michael Mayer,TE,2.0,0,0
2025,7,9,710284244835979264,4199,Aaron Jones,RB,0,0,0
2025,7,9,710284244835979264,4881,Lamar Jackson,QB,0,0,0
2025,7,10,475399371639222272,9221,Jahmyr Gibbs,RB,38.8,1,0
2025,7,10,475399371639222272,1479,Keenan Allen,WR,29.4,1,0
2025,7,10,475399371639222272,6786,CeeDee Lamb,WR,24.0,1,0
2025,7,10,475399371639222272,3294,Dak Prescott,QB,23.26,1,0
2025,7,10,475399371639222272,9509,Bijan Robinson,RB,21.2,1,0
2025,7,10,475399371639222272,9753,Zach Charbonnet,RB,19.5,0,0
2025,7,10,475399371639222272,10213,Tre Tucker,WR,8.3,1,0
2025,7,10,475399371639222272,7594,Chuba Hubbard,RB,7.5,0,0
2025,7,10,475399371639222272,3214,Hunter Henry,TE,7.3,1,0
2025,7,10,475399371639222272,9508,Tyjae Spears,RB,7.0,0,0
2025,7,10,475399371639222272,6650,Chase McLaughlin,K,5.0,1,0
2025,7,10,475399371639222272,DEN,Denver Broncos,DEF,4.5,1,0
2025,7,10,475399371639222272,6783,Jerry Jeudy,WR,3.7,0,0
2025,7,10,475399371639222272,4454,Kendrick Bourne,WR,3.4,1,0
2025,7,10,475399371639222272,10236,Dalton Kincaid,TE,0,0,0
2025,7,10,475399371639222272,4984,Josh Allen,QB,0,0,0
2025,7,10,475399371639222272,6770,Joe Burrow,QB,0,0,0
2025,7,11,865793938542456832,6904,Jalen Hurts,QB,25.04,1,0
2025,7,11,865793938542456832,11564,Drake Maye,QB,23.08,1,0
2025,7,11,865793938542456832,6819,Michael Pittman,WR,20.8,1,0
2025,7,11,865793938542456832,5850,Josh Jacobs,RB,18.8,1,0
2025,7,11,865793938542456832,CAR,Carolina Panthers,DEF,17.0,1,0
2025,7,11,865793938542456832,1339,Zach Ertz,TE,12.7,1,0
2025,7,11,865793938542456832,8137,George Pickens,WR,12.2,1,0
2025,7,11,865793938542456832,4066,Evan Engram,TE,9.2,0,0
2025,7,11,865793938542456832,8136,Rachaad White,RB,8.4,1,0
2025,7,11,865793938542456832,11628,Marvin Harrison,WR,7.8,1,0
2025,7,11,865793938542456832,10219,Chris Rodriguez,RB,7.2,0,0
2025,7,11,865793938542456832,7543,Travis Etienne,RB,6.5,0,0
2025,7,11,865793938542456832,8154,Brian Robinson,RB,3.6,0,0
2025,7,11,865793938542456832,11638,Ricky Pearsall,WR,0,0,0
2025,7,11,865793938542456832,7571,Rashod Bateman,WR,0,0,0
2025,7,11,865793938542456832,11786,Cam Little,K,-1.0,1,0
2025,7,12,1136842855890366464,8144,Chris Olave,WR,26.8,1,0
2025,7,12,1136842855890366464,4046,Patrick Mahomes,QB,26.74,1,0
2025,7,12,1136842855890366464,19,Joe Flacco,QB,26.48,0,0
2025,7,12,1136842855890366464,8228,Jaylen Warren,RB,20.3,1,0
2025,7,12,1136842855890366464,8121,Romeo Doubs,WR,13.2,1,0
2025,7,12,1136842855890366464,9224,Chase Brown,RB,12.5,0,0
2025,7,12,1136842855890366464,PHI,Philadelphia Eagles,DEF,10.5,1,0
2025,7,12,1136842855890366464,3163,Jared Goff,QB,10.34,1,0
2025,7,12,1136842855890366464,5846,DK Metcalf,WR,8.0,1,0
2025,7,12,1136842855890366464,12506,Harold Fannin,TE,7.6,0,0
2025,7,12,1136842855890366464,8155,Breece Hall,RB,7.2,1,0
2025,7,12,1136842855890366464,8259,Cameron Dicker,K,7.0,1,0
2025,7,12,1136842855890366464,5022,Dallas Goedert,TE,4.8,1,0
2025,7,12,1136842855890366464,10222,Jayden Reed,WR,0,0,0
2025,7,12,1136842855890366464,12541,Dont'e Thornton,WR,0,0,0
2025,7,12,1136842855890366464,5947,Jakobi Meyers,WR,0,0,0
2025,7,12,1136842855890366464,9493,Puka Nacua,WR,0,0,0
2025,8,1,608781531883859968,11647,Kimani Vidal,RB,20.2,1,0
2025,8,1,608781531883859968,12508,Jaxson Dart,QB,19.42,1,0
2025,8,1,608781531883859968,12526,Tetairoa McMillan,WR,16.9,1,0
2025,8,1,608781531883859968,GB,Green Bay Packers,DEF,8.25,1,0
2025,8,1,608781531883859968,1166,Kirk Cousins,QB,7.12,1,0
2025,8,1,608781531883859968,12514,Emeka Egbuka,WR,6.5,1,0
2025,8,1,608781531883859968,4035,Alvin Kamara,RB,6.5,1,0
2025,8,1,608781531883859968,11533,Brandon Aubrey,K,6.0,1,0
2025,8,1,608781531883859968,7021,Rico Dowdle,RB,5.4,1,0
2025,8,1,608781531883859968,5001,Dalton Schultz,TE,4.4,1,0
2025,8,1,608781531883859968,11565,J.J. McCarthy,QB,0,0,0
2025,8,1,608781531883859968,4981,Calvin Ridley,WR,0,0,0
2025,8,1,608781531883859968,6803,Brandon Aiyuk,WR,0,0,0
2025,8,1,608781531883859968,8112,Drake London,WR,0,0,0
2025,8,1,608781531883859968,8130,Trey McBride,TE,0,0,0
2025,8,1,608781531883859968,8151,Kenneth Walker,RB,0,0,0
2025,8,1,608781531883859968,9228,Bryce Young,QB,0,0,0
2025,8,2,736077599457026048,6768,Tua Tagovailoa,QB,24.2,1,0
2025,8,2,736077599457026048,1466,Travis Kelce,TE,21.9,1,0
2025,8,2,736077599457026048,7564,Ja'Marr Chase,WR,21.1,1,0
2025,8,2,736077599457026048,9226,De'Von Achane,RB,20.1,1,0
2025,8,2,736077599457026048,7588,Javonte Williams,RB,17.9,1,0
2025,8,2,736077599457026048,12474,Woody Marks,RB,15.1,1,0
2025,8,2,736077599457026048,12711,Tyler Loop,K,13.0,1,0
2025,8,2,736077599457026048,2449,Stefon Diggs,WR,10.4,1,0
2025,8,2,736077599457026048,2307,Marcus Mariota,QB,10.32,1,0
2025,8,2,736077599457026048,12499,Elic Ayomanor,WR,9.2,0,0
2025,8,2,736077599457026048,7611,Rhamondre Stevenson,RB,5.9,0,0
2025,8,2,736077599457026048,ATL,Atlanta Falcons,DEF,1.75,1,0
2025,8,2,736077599457026048,11566,Jayden Daniels,QB,0,0,0
2025,8,2,736077599457026048,12507,Omarion Hampton,RB,0,0,0
2025,8,2,736077599457026048,5859,A.J. Brown,WR,0,0,0
2025,8,2,736077599457026048,7523,Trevor Lawrence,QB,0,0,0
2025,8,2,736077599457026048,SEA,Seattle Seahawks,DEF,0,0,0
2025,8,3,737091087440674816,8138,James Cook,RB,36.1,1,0
2025,8,3,737091087440674816,6804,Jordan Love,QB,28.8,1,0
2025,8,3,737091087440674816,6794,Justin Jefferson,WR,14.4,1,0
2025,8,3,737091087440674816,9997,Zay Flowers,WR,14.1,1,0
2025,8,3,737091087440674816,11624,Xavier Worthy,WR,10.3,1,0
2025,8,3,737091087440674816,12518,Tyler Warren,TE,9.3,1,0
2025,8,3,737091087440674816,8126,Wan'Dale Robinson,WR,7.8,1,0
2025,8,3,737091087440674816,4195,Jake Elliott,K,7.0,1,0
2025,8,3,737091087440674816,11637,Keon Coleman,WR,6.0,0,0
2025,8,3,737091087440674816,7567,Kenny Gainwell,RB,3.5,1,0
2025,8,3,737091087440674816,4943,Sam Darnold,QB,0,0,0
2025,8,3,737091087440674816,7547,Amon-Ra St. Brown,WR,0,0,0
2025,8,3,737091087440674816,8150,Kyren Williams,RB,0,0,0
2025,8,3,737091087440674816,827,Tyrod Taylor,QB,0,0,0
2025,8,3,737091087440674816,12455,Brashard Smith,RB,-0.2,0,0
2025,8,3,737091087440674816,MIN,Minnesota Vikings,DEF,-3.5,1,0
2025,8,4,736744257179770880,4866,Saquon Barkley,RB,35.4,1,0
2025,8,4,736744257179770880,6797,Justin Herbert,QB,25.28,1,0
2025,8,4,736744257179770880,10229,Rashee Rice,WR,24.5,1,0
2025,8,4,736744257179770880,12493,Oronde Gadsden,TE,18.7,0,0
2025,8,4,736744257179770880,6806,J.K. Dobbins,RB,14.6,1,0
2025,8,4,736744257179770880,4217,George Kittle,TE,14.3,1,0
2025,8,4,736744257179770880,9500,Josh Downs,WR,12.9,0,0
2025,8,4,736744257179770880,12481,Cam Skattebo,RB,10.0,1,0
2025,8,4,736744257179770880,7049,Jauan Jennings,WR,8.5,0,0
2025,8,4,736744257179770880,7839,Evan McPherson,K,8.0,1,0
2025,8,4,736744257179770880,11559,Michael Penix,QB,0,1,0
2025,8,4,736744257179770880,2216,Mike Evans,WR,0,0,0
2025,8,4,736744257179770880,421,Matthew Stafford,QB,0,0,0
2025,8,4,736744257179770880,5848,Marquise Brown,WR,0,0,0
2025,8,4,736744257179770880,8146,Garrett Wilson,WR,0,0,0
2025,8,4,736744257179770880,9754,Quentin Johnston,WR,0,1,0
2025,8,4,736744257179770880,NYJ,New York Jets,DEF,-1.75,1,0
2025,8,5,716698629934481408,TB,Tampa Bay Buccaneers,DEF,26.25,1,0
2025,8,5,716698629934481408,7526,Jaylen Waddle,WR,21.4,1,0
2025,8,5,716698629934481408,96,Aaron Rodgers,QB,16.76,1,0
2025,8,5,716698629934481408,5927,Terry McLaurin,WR,14.4,0,0
2025,8,5,716698629934481408,12522,Cam Ward,QB,12.76,1,0
2025,8,5,716698629934481408,6801,Tee Higgins,WR,11.9,1,0
2025,8,5,716698629934481408,4983,DJ Moore,WR,11.6,0,0
2025,8,5,716698629934481408,9756,Jordan Addison,WR,11.6,1,0
2025,8,5,716698629934481408,3678,Wil Lutz,K,9.0,1,0
2025,8,5,716698629934481408,5967,Tony Pollard,RB,6.3,1,0
2025,8,5,716698629934481408,8205,Isiah Pacheco,RB,5.8,1,0
2025,8,5,716698629934481408,12529,TreVeyon Henderson,RB,5.5,0,0
2025,8,5,716698629934481408,12534,Kyle Monangai,RB,2.4,0,0
2025,8,5,716698629934481408,4037,Chris Godwin,WR,0,0,0
2025,8,5,716698629934481408,8110,Jake Ferguson,TE,0,1,0
2025,8,5,716698629934481408,8183,Brock Purdy,QB,0,0,0
2025,8,6,736740647758938112,12489,RJ Harvey,RB,24.6,1,0
2025,8,6,736740647758938112,8134,Khalil Shakir,WR,22.3,1,0
2025,8,6,736740647758938112,7591,Justin Fields,QB,20.86,1,0
2025,8,6,736740647758938112,6790,D'Andre Swift,RB,15.1,1,0
2025,8,6,736740647758938112,7553,Kyle Pitts,TE,14.9,1,0
2025,8,6,736740647758938112,NE,New England Patriots,DEF,14.75,1,0
2025,8,6,736740647758938112,8142,Alec Pierce,WR,8.9,1,0
2025,8,6,736740647758938112,3161,Carson Wentz,QB,6.76,1,0
2025,8,6,736740647758938112,5872,Deebo Samuel,WR,4.2,1,0
2025,8,6,736740647758938112,5189,Eddy Pineiro,K,1.0,1,0
2025,8,6,736740647758938112,11584,Bucky Irving,RB,0,0,0
2025,8,6,736740647758938112,12511,Will Howard,QB,0,0,0
2025,8,6,736740647758938112,2133,Davante Adams,WR,0,0,0
2025,8,6,736740647758938112,5892,David Montgomery,RB,0,0,0
2025,8,6,736740647758938112,7569,Nico Collins,WR,0,0,0
2025,8,6,736740647758938112,8122,Zonovan Knight,RB,0,0,0
2025,8,7,735974647736213504,11627,Troy Franklin,WR,26.9,1,0
2025,8,7,735974647736213504,5870,Daniel Jones,QB,23.18,1,0
2025,8,7,735974647736213504,11571,Isaiah Davis,RB,17.9,0,0
2025,8,7,735974647736213504,11560,Caleb Williams,QB,12.3,1,0
2025,8,7,735974647736213504,12485,Tez Johnson,WR,9.3,1,0
2025,8,7,735974647736213504,5230,Michael Badgley,K,9.0,1,0
2025,8,7,735974647736213504,8111,Cade Otton,TE,8.0,1,0
2025,8,7,735974647736213504,12512,Quinshon Judkins,RB,4.7,1,0
2025,8,7,735974647736213504,5844,T.J. Hockenson,TE,4.6,0,0
2025,8,7,735974647736213504,11626,Xavier Legette,WR,3.7,0,0
2025,8,7,735974647736213504,12501,Matthew Golden,WR,3.4,1,0
2025,8,7,735974647736213504,12533,Jacory Croskey-Merritt,RB,2.5,1,0
2025,8,7,735974647736213504,11589,Trey Benson,RB,0,0,0
2025,8,7,735974647736213504,11604,Brock Bowers,TE,0,0,0
2025,8,7,735974647736213504,11631,Brian Thomas,WR,0,0,0
2025,8,7,735974647736213504,5849,Kyler Murray,QB,0,0,0
2025,8,7,735974647736213504,8148,Jameson Williams,WR,0,0,0
2025,8,7,735974647736213504,9488,Jaxon Smith-Njigba,WR,0,0,0
2025,8,7,735974647736213504,CIN,Cincinnati Bengals,DEF,-8.0,1,0
2025,8,8,736803054736822272,9484,Tucker Kraft,TE,33.8,1,0
2025,8,8,736803054736822272,11563,Bo Nix,QB,23.78,1,0
2025,8,8,736803054736822272,9758,C.J. Stroud,QB,22.22,1,0
2025,8,8,736803054736822272,1945,Chris Boswell,K,20.0,1,0
2025,8,8,736803054736822272,3198,Derrick Henry,RB,19.1,1,0
2025,8,8,736803054736822272,BUF,Buffalo Bills,DEF,17.75,1,0
2025,8,8,736803054736822272,9504,Kayshon Boutte,WR,16.5,0,0
2025,8,8,736803054736822272,7525,DeVonta Smith,WR,14.4,1,0
2025,8,8,736803054736822272,8167,Christian Watson,WR,12.5,1,0
2025,8,8,736803054736822272,HOU,Houston Texans,DEF,10.0,0,0
2025,8,8,736803054736822272,4034,Christian McCaffrey,RB,9.8,1,0
2025,8,8,736803054736822272,5012,Mark Andrews,TE,5.4,0,0
2025,8,8,736803054736822272,9494,Marvin Mims,WR,1.8,0,0
2025,8,8,736803054736822272,8408,Jordan Mason,RB,1.6,1,0
2025,8,8,736803054736822272,12530,Travis Hunter,WR,0,0,0
2025,8,8,736803054736822272,4039,Cooper Kupp,WR,0,0,0
2025,8,9,710284244835979264,6813,Jonathan Taylor,RB,39.4,1,0
2025,8,9,710284244835979264,11635,Ladd McConkey,WR,20.8,1,0
2025,8,9,710284244835979264,11620,Rome Odunze,WR,18.9,1,0
2025,8,9,710284244835979264,8676,Rashid Shaheed,WR,14.5,0,0
2025,8,9,710284244835979264,5045,Courtland Sutton,WR,10.7,1,0
2025,8,9,710284244835979264,IND,Indianapolis Colts,DEF,9.0,1,0
2025,8,9,710284244835979264,4988,Nick Chubb,RB,8.9,0,0
2025,8,9,710284244835979264,4199,Aaron Jones,RB,5.0,1,0
2025,8,9,710284244835979264,4892,Baker Mayfield,QB,4.08,1,0
2025,8,9,710284244835979264,4227,Harrison Butker,K,4.0,1,0
2025,8,9,710284244835979264,4144,Jonnu Smith,TE,3.7,1,0
2025,8,9,710284244835979264,7090,Darnell Mooney,WR,2.1,0,0
2025,8,9,710284244835979264,11562,Spencer Rattler,QB,1.64,1,0
2025,8,9,710284244835979264,10859,Sam LaPorta,TE,0,0,0
2025,8,9,710284244835979264,12527,Ashton Jeanty,RB,0,0,0
2025,8,9,710284244835979264,4881,Lamar Jackson,QB,0,0,0
2025,8,10,475399371639222272,4984,Josh Allen,QB,24.22,1,0
2025,8,10,475399371639222272,9508,Tyjae Spears,RB,17.2,0,0
2025,8,10,475399371639222272,6650,Chase McLaughlin,K,17.0,1,0
2025,8,10,475399371639222272,6786,CeeDee Lamb,WR,14.6,1,0
2025,8,10,475399371639222272,7594,Chuba Hubbard,RB,9.4,1,0
2025,8,10,475399371639222272,1479,Keenan Allen,WR,8.4,1,0
2025,8,10,475399371639222272,3214,Hunter Henry,TE,7.7,0,0
2025,8,10,475399371639222272,DEN,Denver Broncos,DEF,7.5,1,0
2025,8,10,475399371639222272,4454,Kendrick Bourne,WR,7.4,1,0
2025,8,10,475399371639222272,3294,Dak Prescott,QB,6.62,1,0
2025,8,10,475399371639222272,9509,Bijan Robinson,RB,5.8,1,0
2025,8,10,475399371639222272,10236,Dalton Kincaid,TE,3.3,1,0
2025,8,10,475399371639222272,10213,Tre Tucker,WR,0,0,0
2025,8,10,475399371639222272,6770,Joe Burrow,QB,0,0,0
2025,8,10,475399371639222272,6783,Jerry Jeudy,WR,0,0,0
2025,8,10,475399371639222272,9221,Jahmyr Gibbs,RB,0,0,0
2025,8,10,475399371639222272,9753,Zach Charbonnet,RB,0,0,0
2025,8,11,865793938542456832,6904,Jalen Hurts,QB,25.36,1,0
2025,8,11,865793938542456832,11564,Drake Maye,QB,25.28,1,0
2025,8,11,865793938542456832,6819,Michael Pittman,WR,23.5,1,0
2025,8,11,865793938542456832,8137,George Pickens,WR,14.8,1,0
2025,8,11,865793938542456832,11610,Malik Washington,WR,13.6,1,0
2025,8,11,865793938542456832,5850,Josh Jacobs,RB,13.5,1,0
2025,8,11,865793938542456832,17,Matt Prater,K,11.0,1,0
2025,8,11,865793938542456832,8136,Rachaad White,RB,8.1,1,0
2025,8,11,865793938542456832,4066,Evan Engram,TE,7.6,0,0
2025,8,11,865793938542456832,7571,Rashod Bateman,WR,7.1,0,0
2025,8,11,865793938542456832,8125,Calvin Austin,WR,6.8,0,0
2025,8,11,865793938542456832,1339,Zach Ertz,TE,5.6,1,0
2025,8,11,865793938542456832,11628,Marvin Harrison,WR,0,0,0
2025,8,11,865793938542456832,11638,Ricky Pearsall,WR,0,0,0
2025,8,11,865793938542456832,7543,Travis Etienne,RB,0,0,0
2025,8,11,865793938542456832,8154,Brian Robinson,RB,0,0,0
2025,8,11,865793938542456832,SF,San Francisco 49ers,DEF,-1.5,1,0
2025,8,12,1136842855890366464,8155,Breece Hall,RB,33.36,0,0
2025,8,12,1136842855890366464,9224,Chase Brown,RB,25.5,1,0
2025,8,12,1136842855890366464,19,Joe Flacco,QB,24.32,1,0
2025,8,12,1136842855890366464,4046,Patrick Mahomes,QB,23.46,1,0
2025,8,12,1136842855890366464,12506,Harold Fannin,TE,18.4,0,0
2025,8,12,1136842855890366464,5022,Dallas Goedert,TE,17.8,1,0
2025,8,12,1136842855890366464,5846,DK Metcalf,WR,16.5,1,0
2025,8,12,1136842855890366464,8144,Chris Olave,WR,14.0,1,0
2025,8,12,1136842855890366464,8259,Cameron Dicker,K,12.0,1,0
2025,8,12,1136842855890366464,8121,Romeo Doubs,WR,9.4,1,0
2025,8,12,1136842855890366464,8228,Jaylen Warren,RB,9.3,1,0
2025,8,12,1136842855890366464,PHI,Philadelphia Eagles,DEF,8.25,1,0
2025,8,12,1136842855890366464,10222,Jayden Reed,WR,0,0,0
2025,8,12,1136842855890366464,3163,Jared Goff,QB,0,0,0
2025,8,12,1136842855890366464,4171,Josh Reynolds,WR,0,0,0
2025,8,12,1136842855890366464,5947,Jakobi Meyers,WR,0,0,0
2025,8,12,1136842855890366464,9493,Puka Nacua,WR,0,0,0
2025,9,1,608781531883859968,8112,Drake London,WR,39.3,1,0
2025,9,1,608781531883859968,7021,Rico Dowdle,RB,28.6,1,0
2025,9,1,608781531883859968,12508,Jaxson Dart,QB,27.24,1,0
2025,9,1,608781531883859968,3257,Jacoby Brissett,QB,23.84,1,0
2025,9,1,608781531883859968,8130,Trey McBride,TE,16.5,1,0
2025,9,1,608781531883859968,LAR,Los Angeles Rams,DEF,13.75,1,0
2025,9,1,608781531883859968,12490,Bhayshul Tuten,RB,9.6,0,0
2025,9,1,608781531883859968,12526,Tetairoa McMillan,WR,8.6,1,0
2025,9,1,608781531883859968,8151,Kenneth Walker,RB,8.1,1,0
2025,9,1,608781531883859968,11533,Brandon Aubrey,K,3.0,1,0
2025,9,1,608781531883859968,11647,Kimani Vidal,RB,2.0,1,0
2025,9,1,608781531883859968,9228,Bryce Young,QB,1.98,0,0
2025,9,1,608781531883859968,4035,Alvin Kamara,RB,0.7,0,0
2025,9,1,608781531883859968,12514,Emeka Egbuka,WR,0,0,0
2025,9,1,608781531883859968,4981,Calvin Ridley,WR,0,0,0
2025,9,1,608781531883859968,6803,Brandon Aiyuk,WR,0,0,0
2025,9,1,608781531883859968,CLE,Cleveland Browns,DEF,0,0,0
2025,9,2,736077599457026048,7523,Trevor Lawrence,QB,21.2,1,0
2025,9,2,736077599457026048,7564,Ja'Marr Chase,WR,17.6,1,0
2025,9,2,736077599457026048,9226,De'Von Achane,RB,16.6,1,0
2025,9,2,736077599457026048,11566,Jayden Daniels,QB,15.22,1,0
2025,9,2,736077599457026048,7049,Jauan Jennings,WR,14.1,1,0
2025,9,2,736077599457026048,2449,Stefon Diggs,WR,12.8,1,0
2025,9,2,736077599457026048,1466,Travis Kelce,TE,12.6,1,0
2025,9,2,736077599457026048,SEA,Seattle Seahawks,DEF,11.5,0,0
2025,9,2,736077599457026048,5844,T.J. Hockenson,TE,9.1,0,0
2025,9,2,736077599457026048,6768,Tua Tagovailoa,QB,9.04,0,0
2025,9,2,736077599457026048,DET,Detroit Lions,DEF,8.75,1,0
2025,9,2,736077599457026048,11627,Troy Franklin,WR,8.3,0,0
2025,9,2,736077599457026048,7588,Javonte Williams,RB,7.3,1,0
2025,9,2,736077599457026048,12711,Tyler Loop,K,4.0,1,0
2025,9,2,736077599457026048,12474,Woody Marks,RB,2.7,0,0
2025,9,2,736077599457026048,12507,Omarion Hampton,RB,0,0,0
2025,9,2,736077599457026048,5859,A.J. Brown,WR,0,0,0
2025,9,3,737091087440674816,4943,Sam Darnold,QB,28.2,1,0
2025,9,3,737091087440674816,7547,Amon-Ra St. Brown,WR,18.7,1,0
2025,9,3,737091087440674816,8150,Kyren Williams,RB,17.9,1,0
2025,9,3,737091087440674816,6794,Justin Jefferson,WR,16.7,1,0
2025,9,3,737091087440674816,8138,James Cook,RB,14.0,1,0
2025,9,3,737091087440674816,8126,Wan'Dale Robinson,WR,13.6,0,0
2025,9,3,737091087440674816,9997,Zay Flowers,WR,11.4,1,0
2025,9,3,737091087440674816,MIN,Minnesota Vikings,DEF,9.75,1,0
2025,9,3,737091087440674816,6804,Jordan Love,QB,9.52,1,0
2025,9,3,737091087440674816,2747,Jason Myers,K,9.0,1,0
2025,9,3,737091087440674816,12518,Tyler Warren,TE,7.6,1,0
2025,9,3,737091087440674816,7567,Kenny Gainwell,RB,7.4,0,0
2025,9,3,737091087440674816,11624,Xavier Worthy,WR,6.0,0,0
2025,9,3,737091087440674816,11637,Keon Coleman,WR,3.7,0,0
2025,9,3,737091087440674816,12455,Brashard Smith,RB,0.7,0,0
2025,9,3,737091087440674816,4195,Jake Elliott,K,0,0,0
2025,9,4,736744257179770880,421,Matthew Stafford,QB,26.84,1,0
2025,9,4,736744257179770880,6797,Justin Herbert,QB,26.7,1,0
2025,9,4,736744257179770880,11559,Michael Penix,QB,21.74,0,0
2025,9,4,736744257179770880,10229,Rashee Rice,WR,18.6,1,0
2025,9,4,736744257179770880,9500,Josh Downs,WR,15.7,0,0
2025,9,4,736744257179770880,9754,Quentin Johnston,WR,15.3,1,0
2025,9,4,736744257179770880,12493,Oronde Gadsden,TE,11.8,1,0
2025,9,4,736744257179770880,5848,Marquise Brown,WR,9.3,0,0
2025,9,4,736744257179770880,7839,Evan McPherson,K,9.0,1,0
2025,9,4,736744257179770880,4217,George Kittle,TE,6.9,1,0
2025,9,4,736744257179770880,6806,J.K. Dobbins,RB,6.9,1,0
2025,9,4,736744257179770880,LV,Las Vegas Raiders,DEF,1.25,1,0
2025,9,4,736744257179770880,12481,Cam Skattebo,RB,0,0,0
2025,9,4,736744257179770880,4866,Saquon Barkley,RB,0,0,0
2025,9,4,736744257179770880,7607,Michael Carter,RB,0,1,0
2025,9,4,736744257179770880,7611,Rhamondre Stevenson,RB,0,0,0
2025,9,4,736744257179770880,8146,Garrett Wilson,WR,0,0,0
2025,9,5,716698629934481408,6801,Tee Higgins,WR,34.1,1,0
2025,9,5,716698629934481408,12534,Kyle Monangai,RB,23.3,1,0
2025,9,5,716698629934481408,4983,DJ Moore,WR,22.98,1,0
2025,9,5,716698629934481408,7527,Mac Jones,QB,15.8,1,0
2025,9,5,716698629934481408,7526,Jaylen Waddle,WR,14.2,1,0
2025,9,5,716698629934481408,12529,TreVeyon Henderson,RB,12.7,1,0
2025,9,5,716698629934481408,96,Aaron Rodgers,QB,12.62,1,0
2025,9,5,716698629934481408,9756,Jordan Addison,WR,8.4,0,0
2025,9,5,716698629934481408,8110,Jake Ferguson,TE,8.0,1,0
2025,9,5,716698629934481408,5967,Tony Pollard,RB,7.8,0,0
2025,9,5,716698629934481408,GB,Green Bay Packers,DEF,6.75,1,0
2025,9,5,716698629934481408,12522,Cam Ward,QB,4.4,0,0
2025,9,5,716698629934481408,3678,Wil Lutz,K,2.0,1,0
2025,9,5,716698629934481408,4037,Chris Godwin,WR,0,0,0
2025,9,5,716698629934481408,5927,Terry McLaurin,WR,0,0,0
2025,9,5,716698629934481408,8183,Brock Purdy,QB,0,0,0
2025,9,5,716698629934481408,8205,Isiah Pacheco,RB,0,0,0
2025,9,6,736740647758938112,11560,Caleb Williams,QB,39.7,1,0
2025,9,6,736740647758938112,1373,Geno Smith,QB,26.76,1,0
2025,9,6,736740647758938112,2133,Davante Adams,WR,23.0,1,0
2025,9,6,736740647758938112,12489,RJ Harvey,RB,16.6,0,0
2025,9,6,736740647758938112,7569,Nico Collins,WR,14.5,1,0
2025,9,6,736740647758938112,5189,Eddy Pineiro,K,12.0,1,0
2025,9,6,736740647758938112,8134,Khalil Shakir,WR,11.3,1,0
2025,9,6,736740647758938112,5892,David Montgomery,RB,11.0,1,0
2025,9,6,736740647758938112,5872,Deebo Samuel,WR,9.4,0,0
2025,9,6,736740647758938112,LAC,Los Angeles Chargers,DEF,9.0,1,0
2025,9,6,736740647758938112,7553,Kyle Pitts,TE,7.8,1,0
2025,9,6,736740647758938112,8122,Zonovan Knight,RB,6.7,1,0
2025,9,6,736740647758938112,NE,New England Patriots,DEF,5.75,0,0
2025,9,6,736740647758938112,11584,Bucky Irving,RB,0,0,0
2025,9,6,736740647758938112,12511,Will Howard,QB,0,0,0
2025,9,6,736740647758938112,6790,D'Andre Swift,RB,0,0,0
2025,9,6,736740647758938112,7591,Justin Fields,QB,0,0,0
2025,9,7,735974647736213504,11604,Brock Bowers,TE,43.8,1,0
2025,9,7,735974647736213504,9488,Jaxon Smith-Njigba,WR,22.5,1,0
2025,9,7,735974647736213504,8148,Jameson Williams,WR,16.6,1,0
2025,9,7,735974647736213504,5870,Daniel Jones,QB,13.58,1,0
2025,9,7,735974647736213504,4098,Kareem Hunt,RB,12.5,1,0
2025,9,7,735974647736213504,6149,Darius Slayton,WR,11.2,1,0
2025,9,7,735974647736213504,11631,Brian Thomas,WR,8.5,1,0
2025,9,7,735974647736213504,12533,Jacory Croskey-Merritt,RB,5.1,1,0
2025,9,7,735974647736213504,JAX,Jacksonville Jaguars,DEF,3.5,1,0
2025,9,7,735974647736213504,12501,Matthew Golden,WR,2.9,0,0
2025,9,7,735974647736213504,11435,Emanuel Wilson,RB,2.7,0,0
2025,9,7,735974647736213504,11571,Isaiah Davis,RB,0,0,0
2025,9,7,735974647736213504,11589,Trey Benson,RB,0,0,0
2025,9,7,735974647736213504,11789,Joshua Karty,K,0,1,0
2025,9,7,735974647736213504,12485,Tez Johnson,WR,0,0,0
2025,9,7,735974647736213504,12512,Quinshon Judkins,RB,0,0,0
2025,9,7,735974647736213504,5849,Kyler Murray,QB,0,0,0
2025,9,8,736803054736822272,4034,Christian McCaffrey,RB,34.8,1,0
2025,9,8,736803054736822272,12497,Tory Horton,WR,20.8,1,0
2025,9,8,736803054736822272,11563,Bo Nix,QB,18.52,1,0
2025,9,8,736803054736822272,5012,Mark Andrews,TE,16.6,0,0
2025,9,8,736803054736822272,3198,Derrick Henry,RB,13.6,1,0
2025,9,8,736803054736822272,HOU,Houston Texans,DEF,11.75,0,0
2025,9,8,736803054736822272,1945,Chris Boswell,K,10.0,1,0
2025,9,8,736803054736822272,8167,Christian Watson,WR,7.8,1,0
2025,9,8,736803054736822272,BUF,Buffalo Bills,DEF,6.25,1,0
2025,9,8,736803054736822272,8408,Jordan Mason,RB,4.7,0,0
2025,9,8,736803054736822272,9758,C.J. Stroud,QB,4.36,1,0
2025,9,8,736803054736822272,9484,Tucker Kraft,TE,4.0,1,0
2025,9,8,736803054736822272,12530,Travis Hunter,WR,0,0,0
2025,9,8,736803054736822272,4039,Cooper Kupp,WR,0,0,0
2025,9,8,736803054736822272,7525,DeVonta Smith,WR,0,0,0
2025,9,8,736803054736822272,9494,Marvin Mims,WR,0,0,0
2025,9,8,736803054736822272,9504,Kayshon Boutte,WR,0,1,0
2025,9,9,710284244835979264,4881,Lamar Jackson,QB,25.56,1,0
2025,9,9,710284244835979264,10859,Sam LaPorta,TE,22.2,1,0
2025,9,9,710284244835979264,12527,Ashton Jeanty,RB,19.9,1,0
2025,9,9,710284244835979264,9487,Parker Washington,WR,17.0,1,0
2025,9,9,710284244835979264,4199,Aaron Jones,RB,11.8,0,0
2025,9,9,710284244835979264,8676,Rashid Shaheed,WR,11.8,0,0
2025,9,9,710284244835979264,5045,Courtland Sutton,WR,10.0,1,0
2025,9,9,710284244835979264,11635,Ladd McConkey,WR,9.6,1,0
2025,9,9,710284244835979264,IND,Indianapolis Colts,DEF,9.25,1,0
2025,9,9,710284244835979264,6813,Jonathan Taylor,RB,7.7,1,0
2025,9,9,710284244835979264,4227,Harrison Butker,K,7.0,1,0
2025,9,9,710284244835979264,4144,Jonnu Smith,TE,5.5,0,0
2025,9,9,710284244835979264,4988,Nick Chubb,RB,3.4,0,0
2025,9,9,710284244835979264,7090,Darnell Mooney,WR,2.5,0,0
2025,9,9,710284244835979264,11620,Rome Odunze,WR,0,1,0
2025,9,9,710284244835979264,4892,Baker Mayfield,QB,0,0,0
2025,9,10,475399371639222272,4984,Josh Allen,QB,28.82,1,0
2025,9,10,475399371639222272,10236,Dalton Kincaid,TE,22.6,1,0
2025,9,10,475399371639222272,9509,Bijan Robinson,RB,17.6,1,0
2025,9,10,475399371639222272,6786,CeeDee Lamb,WR,15.5,1,0
2025,9,10,475399371639222272,3294,Dak Prescott,QB,15.4,1,0
2025,9,10,475399371639222272,DEN,Denver Broncos,DEF,9.5,1,0
2025,9,10,475399371639222272,12545,Tyler Shough,QB,9.24,0,0
2025,9,10,475399371639222272,9508,Tyjae Spears,RB,9.2,0,0
2025,9,10,475399371639222272,3214,Hunter Henry,TE,9.1,0,0
2025,9,10,475399371639222272,10213,Tre Tucker,WR,6.8,0,0
2025,9,10,475399371639222272,11655,Tyrone Tracy,RB,6.7,1,0
2025,9,10,475399371639222272,1479,Keenan Allen,WR,6.1,1,0
2025,9,10,475399371639222272,9221,Jahmyr Gibbs,RB,5.8,1,0
2025,9,10,475399371639222272,9753,Zach Charbonnet,RB,5.6,0,0
2025,9,10,475399371639222272,11539,Jake Bates,K,4.0,1,0
2025,9,10,475399371639222272,7594,Chuba Hubbard,RB,1.7,0,0
2025,9,10,475399371639222272,6770,Joe Burrow,QB,0,0,0
2025,9,11,865793938542456832,11628,Marvin Harrison,WR,22.6,1,0
2025,9,11,865793938542456832,6819,Michael Pittman,WR,21.0,1,0
2025,9,11,865793938542456832,5850,Josh Jacobs,RB,20.0,1,0
2025,9,11,865793938542456832,7543,Travis Etienne,RB,15.5,1,0
2025,9,11,865793938542456832,11564,Drake Maye,QB,15.36,1,0
2025,9,11,865793938542456832,8137,George Pickens,WR,11.9,1,0
2025,9,11,865793938542456832,1339,Zach Ertz,TE,8.6,1,0
2025,9,11,865793938542456832,12540,Chimere Dike,WR,7.5,0,0
2025,9,11,865793938542456832,11610,Malik Washington,WR,7.1,1,0
2025,9,11,865793938542456832,SF,San Francisco 49ers,DEF,5.0,1,0
2025,9,11,865793938542456832,4177,Mack Hollins,WR,2.9,0,0
2025,9,11,865793938542456832,17,Matt Prater,K,2.0,1,0
2025,9,11,865793938542456832,4147,Samaje Perine,RB,0.5,0,0
2025,9,11,865793938542456832,11638,Ricky Pearsall,WR,0,0,0
2025,9,11,865793938542456832,4066,Evan Engram,TE,0,0,0
2025,9,11,865793938542456832,6904,Jalen Hurts,QB,0,0,0
2025,9,11,865793938542456832,8136,Rachaad White,RB,0,0,0
2025,9,12,1136842855890366464,19,Joe Flacco,QB,32.2,0,0
2025,9,12,1136842855890366464,9493,Puka Nacua,WR,22.8,1,0
2025,9,12,1136842855890366464,3163,Jared Goff,QB,19.86,1,0
2025,9,12,1136842855890366464,9224,Chase Brown,RB,19.2,1,0
2025,9,12,1136842855890366464,8228,Jaylen Warren,RB,16.9,1,0
2025,9,12,1136842855890366464,8121,Romeo Doubs,WR,16.1,0,0
2025,9,12,1136842855890366464,BAL,Baltimore Ravens,DEF,13.0,0,0
2025,9,12,1136842855890366464,11597,Theo Johnson,TE,11.7,1,0
2025,9,12,1136842855890366464,8259,Cameron Dicker,K,11.0,1,0
2025,9,12,1136842855890366464,4046,Patrick Mahomes,QB,10.5,1,0
2025,9,12,1136842855890366464,8144,Chris Olave,WR,8.7,1,0
2025,9,12,1136842855890366464,5947,Jakobi Meyers,WR,6.3,0,0
2025,9,12,1136842855890366464,5846,DK Metcalf,WR,2.6,1,0
2025,9,12,1136842855890366464,CHI,Chicago Bears,DEF,0.75,1,0
2025,9,12,1136842855890366464,10222,Jayden Reed,WR,0,0,0
2025,9,12,1136842855890366464,12506,Harold Fannin,TE,0,0,0
2025,9,12,1136842855890366464,5022,Dallas Goedert,TE,0,0,0
2025,9,12,1136842855890366464,8155,Breece Hall,RB,0,0,0
2025,10,1,608781531883859968,8130,Trey McBride,TE,28.2,1,0
2025,10,1,608781531883859968,12508,Jaxson Dart,QB,26.28,1,0
2025,10,1,608781531883859968,8112,Drake London,WR,24.9,1,0
2025,10,1,608781531883859968,12514,Emeka Egbuka,WR,24.0,1,0
2025,10,1,608781531883859968,3257,Jacoby Brissett,QB,19.42,1,0
2025,10,1,608781531883859968,11647,Kimani Vidal,RB,17.8,0,0
2025,10,1,608781531883859968,7021,Rico Dowdle,RB,15.3,1,0
2025,10,1,608781531883859968,2747,Jason Myers,K,15.0,1,0
2025,10,1,608781531883859968,4035,Alvin Kamara,RB,14.5,0,0
2025,10,1,608781531883859968,12526,Tetairoa McMillan,WR,11.0,1,0
2025,10,1,608781531883859968,CLE,Cleveland Browns,DEF,9.75,1,0
2025,10,1,608781531883859968,8151,Kenneth Walker,RB,8.0,1,0
2025,10,1,608781531883859968,12490,Bhayshul Tuten,RB,2.0,0,0
2025,10,1,608781531883859968,9228,Bryce Young,QB,1.56,0,0
2025,10,1,608781531883859968,11533,Brandon Aubrey,K,0,0,0
2025,10,1,608781531883859968,4981,Calvin Ridley,WR,0,0,0
2025,10,1,608781531883859968,6803,Brandon Aiyuk,WR,0,0,0
2025,10,2,736077599457026048,9226,De'Von Achane,RB,42.5,1,0
2025,10,2,736077599457026048,SEA,Seattle Seahawks,DEF,23.25,1,0
2025,10,2,736077599457026048,7049,Jauan Jennings,WR,17.1,0,0
2025,10,2,736077599457026048,12474,Woody Marks,RB,16.1,1,0
2025,10,2,736077599457026048,2449,Stefon Diggs,WR,15.6,1,0
2025,10,2,736077599457026048,11627,Troy Franklin,WR,15.0,1,0
2025,10,2,736077599457026048,11565,J.J. McCarthy,QB,14.72,1,0
2025,10,2,736077599457026048,12711,Tyler Loop,K,12.0,1,0
2025,10,2,736077599457026048,6768,Tua Tagovailoa,QB,10.82,1,0
2025,10,2,736077599457026048,7523,Trevor Lawrence,QB,8.82,0,0
2025,10,2,736077599457026048,5859,A.J. Brown,WR,3.3,1,0
2025,10,2,736077599457026048,5844,T.J. Hockenson,TE,2.8,1,0
2025,10,2,736077599457026048,11566,Jayden Daniels,QB,0,0,0
2025,10,2,736077599457026048,12507,Omarion Hampton,RB,0,0,0
2025,10,2,736077599457026048,1466,Travis Kelce,TE,0,0,0
2025,10,2,736077599457026048,7564,Ja'Marr Chase,WR,0,0,0
2025,10,2,736077599457026048,7588,Javonte Williams,RB,0,0,0
2025,10,3,737091087440674816,8150,Kyren Williams,RB,22.4,1,0
2025,10,3,737091087440674816,12518,Tyler Warren,TE,17.9,1,0
2025,10,3,737091087440674816,7547,Amon-Ra St. Brown,WR,16.8,1,0
2025,10,3,737091087440674816,11637,Keon Coleman,WR,13.6,0,0
2025,10,3,737091087440674816,8126,Wan'Dale Robinson,WR,12.2,0,0
2025,10,3,737091087440674816,9997,Zay Flowers,WR,12.1,1,0
2025,10,3,737091087440674816,8138,James Cook,RB,10.7,1,0
2025,10,3,737091087440674816,6794,Justin Jefferson,WR,7.7,1,0
2025,10,3,737091087440674816,6804,Jordan Love,QB,6.84,1,0
2025,10,3,737091087440674816,9481,Luke Musgrave,TE,5.3,0,0
2025,10,3,737091087440674816,4943,Sam Darnold,QB,4.92,1,0
2025,10,3,737091087440674816,4195,Jake Elliott,K,4.0,1,0
2025,10,3,737091087440674816,MIN,Minnesota Vikings,DEF,3.75,1,0
2025,10,3,737091087440674816,7567,Kenny Gainwell,RB,2.4,0,0
2025,10,3,737091087440674816,11624,Xavier Worthy,WR,0,0,0
2025,10,3,737091087440674816,12455,Brashard Smith,RB,0,0,0
2025,10,4,736744257179770880,421,Matthew Stafford,QB,26.9,1,0
2025,10,4,736744257179770880,4217,George Kittle,TE,23.4,1,0
2025,10,4,736744257179770880,6797,Justin Herbert,QB,14.7,1,0
2025,10,4,736744257179770880,LV,Las Vegas Raiders,DEF,14.0,1,0
2025,10,4,736744257179770880,4866,Saquon Barkley,RB,13.1,1,0
2025,10,4,736744257179770880,11559,Michael Penix,QB,10.98,0,0
2025,10,4,736744257179770880,6806,J.K. Dobbins,RB,9.4,1,0
2025,10,4,736744257179770880,9754,Quentin Johnston,WR,9.2,1,0
2025,10,4,736744257179770880,12493,Oronde Gadsden,TE,4.3,1,0
2025,10,4,736744257179770880,9500,Josh Downs,WR,1.3,0,0
2025,10,4,736744257179770880,10229,Rashee Rice,WR,0,0,0
2025,10,4,736744257179770880,12481,Cam Skattebo,RB,0,0,0
2025,10,4,736744257179770880,5848,Marquise Brown,WR,0,0,0
2025,10,4,736744257179770880,7611,Rhamondre Stevenson,RB,0,0,0
2025,10,4,736744257179770880,7839,Evan McPherson,K,0,0,0
2025,10,4,736744257179770880,8146,Garrett Wilson,WR,0,1,0
2025,10,4,736744257179770880,1433,Brandon McManus,K,-1.0,1,0
2025,10,5,716698629934481408,12529,TreVeyon Henderson,RB,31.5,1,0
2025,10,5,716698629934481408,7526,Jaylen Waddle,WR,19.4,1,0
2025,10,5,716698629934481408,GB,Green Bay Packers,DEF,10.5,1,0
2025,10,5,716698629934481408,12517,Colston Loveland,TE,9.5,1,0
2025,10,5,716698629934481408,12534,Kyle Monangai,RB,8.8,1,0
2025,10,5,716698629934481408,9756,Jordan Addison,WR,6.5,1,0
2025,10,5,716698629934481408,96,Aaron Rodgers,QB,5.44,1,0
2025,10,5,716698629934481408,3678,Wil Lutz,K,2.0,1,0
2025,10,5,716698629934481408,6271,Olamide Zaccheaus,WR,1.5,1,0
2025,10,5,716698629934481408,12522,Cam Ward,QB,0,0,0
2025,10,5,716698629934481408,4037,Chris Godwin,WR,0,0,0
2025,10,5,716698629934481408,4983,DJ Moore,WR,0,1,0
2025,10,5,716698629934481408,5967,Tony Pollard,RB,0,0,0
2025,10,5,716698629934481408,6801,Tee Higgins,WR,0,0,0
2025,10,5,716698629934481408,8110,Jake Ferguson,TE,0,0,0
2025,10,5,716698629934481408,8183,Brock Purdy,QB,0,0,0
2025,10,5,716698629934481408,8205,Isiah Pacheco,RB,0,0,0
2025,10,6,736740647758938112,11560,Caleb Williams,QB,25.1,1,0
2025,10,6,736740647758938112,7569,Nico Collins,WR,23.1,1,0
2025,10,6,736740647758938112,2133,Davante Adams,WR,19.7,1,0
2025,10,6,736740647758938112,6790,D'Andre Swift,RB,14.8,1,0
2025,10,6,736740647758938112,5872,Deebo Samuel,WR,12.9,1,0
2025,10,6,736740647758938112,8134,Khalil Shakir,WR,12.8,0,0
2025,10,6,736740647758938112,5892,David Montgomery,RB,10.1,1,0
2025,10,6,736740647758938112,11792,Will Reichard,K,9.0,1,0
2025,10,6,736740647758938112,7591,Justin Fields,QB,6.96,1,0
2025,10,6,736740647758938112,7553,Kyle Pitts,TE,5.8,1,0
2025,10,6,736740647758938112,CAR,Carolina Panthers,DEF,5.0,1,0
2025,10,6,736740647758938112,1373,Geno Smith,QB,4.42,0,0
2025,10,6,736740647758938112,12489,RJ Harvey,RB,3.8,0,0
2025,10,6,736740647758938112,NE,New England Patriots,DEF,3.0,0,0
2025,10,6,736740647758938112,5189,Eddy Pineiro,K,1.0,0,0
2025,10,6,736740647758938112,11584,Bucky Irving,RB,0,0,0
2025,10,6,736740647758938112,12511,Will Howard,QB,0,0,0
2025,10,7,735974647736213504,8148,Jameson Williams,WR,24.4,1,0
2025,10,7,735974647736213504,9488,Jaxon Smith-Njigba,WR,20.8,1,0
2025,10,7,735974647736213504,12485,Tez Johnson,WR,20.2,0,0
2025,10,7,735974647736213504,2307,Marcus Mariota,QB,18.72,1,0
2025,10,7,735974647736213504,5870,Daniel Jones,QB,13.5,1,0
2025,10,7,735974647736213504,6149,Darius Slayton,WR,12.9,1,0
2025,10,7,735974647736213504,BAL,Baltimore Ravens,DEF,11.25,1,0
2025,10,7,735974647736213504,12512,Quinshon Judkins,RB,10.5,1,0
2025,10,7,735974647736213504,2020,Cairo Santos,K,6.0,1,0
2025,10,7,735974647736213504,11604,Brock Bowers,TE,3.7,1,0
2025,10,7,735974647736213504,12533,Jacory Croskey-Merritt,RB,3.0,1,0
2025,10,7,735974647736213504,11571,Isaiah Davis,RB,2.1,0,0
2025,10,7,735974647736213504,11435,Emanuel Wilson,RB,1.4,0,0
2025,10,7,735974647736213504,11575,Ray Davis,RB,0.8,0,0
2025,10,7,735974647736213504,11589,Trey Benson,RB,0,0,0
2025,10,7,735974647736213504,11631,Brian Thomas,WR,0,0,0
2025,10,7,735974647736213504,4098,Kareem Hunt,RB,0,0,0
2025,10,7,735974647736213504,5849,Kyler Murray,QB,0,0,0
2025,10,8,736803054736822272,7585,Davis Mills,QB,27.18,1,0
2025,10,8,736803054736822272,8142,Alec Pierce,WR,18.4,1,0
2025,10,8,736803054736822272,4034,Christian McCaffrey,RB,17.6,1,0
2025,10,8,736803054736822272,7525,DeVonta Smith,WR,16.9,1,0
2025,10,8,736803054736822272,HOU,Houston Texans,DEF,16.25,1,0
2025,10,8,736803054736822272,3198,Derrick Henry,RB,11.4,1,0
2025,10,8,736803054736822272,5012,Mark Andrews,TE,10.4,1,0
2025,10,8,736803054736822272,4039,Cooper Kupp,WR,9.4,0,0
2025,10,8,736803054736822272,8167,Christian Watson,WR,6.5,1,0
2025,10,8,736803054736822272,11563,Bo Nix,QB,5.8,1,0
2025,10,8,736803054736822272,8408,Jordan Mason,RB,4.1,0,0
2025,10,8,736803054736822272,1945,Chris Boswell,K,3.0,1,0
2025,10,8,736803054736822272,12497,Tory Horton,WR,0,0,0
2025,10,8,736803054736822272,12530,Travis Hunter,WR,0,0,0
2025,10,8,736803054736822272,9484,Tucker Kraft,TE,0,0,0
2025,10,8,736803054736822272,9504,Kayshon Boutte,WR,0,0,0
2025,10,8,736803054736822272,9758,C.J. Stroud,QB,0,0,0
2025,10,9,710284244835979264,6813,Jonathan Taylor,RB,51.1,1,0
2025,10,9,710284244835979264,4892,Baker Mayfield,QB,23.42,1,0
2025,10,9,710284244835979264,11635,Ladd McConkey,WR,21.2,1,0
2025,10,9,710284244835979264,11620,Rome Odunze,WR,20.6,0,0
2025,10,9,710284244835979264,9487,Parker Washington,WR,17.9,0,0
2025,10,9,710284244835979264,4199,Aaron Jones,RB,15.9,1,0
2025,10,9,710284244835979264,4881,Lamar Jackson,QB,15.64,1,0
2025,10,9,710284244835979264,12527,Ashton Jeanty,RB,14.3,1,0
2025,10,9,710284244835979264,10859,Sam LaPorta,TE,10.3,1,0
2025,10,9,710284244835979264,6130,Devin Singletary,RB,10.3,0,0
2025,10,9,710284244835979264,IND,Indianapolis Colts,DEF,7.25,1,0
2025,10,9,710284244835979264,4988,Nick Chubb,RB,6.2,0,0
2025,10,9,710284244835979264,5045,Courtland Sutton,WR,5.4,1,0
2025,10,9,710284244835979264,6650,Chase McLaughlin,K,5.0,1,0
2025,10,9,710284244835979264,8676,Rashid Shaheed,WR,2.3,0,0
2025,10,9,710284244835979264,4144,Jonnu Smith,TE,1.4,0,0
2025,10,10,475399371639222272,9221,Jahmyr Gibbs,RB,39.2,1,0
2025,10,10,475399371639222272,7527,Mac Jones,QB,23.56,1,0
2025,10,10,475399371639222272,4984,Josh Allen,QB,19.84,1,0
2025,10,10,475399371639222272,DEN,Denver Broncos,DEF,18.0,1,0
2025,10,10,475399371639222272,9753,Zach Charbonnet,RB,14.3,0,0
2025,10,10,475399371639222272,9509,Bijan Robinson,RB,10.8,1,0
2025,10,10,475399371639222272,11655,Tyrone Tracy,RB,8.1,1,0
2025,10,10,475399371639222272,10236,Dalton Kincaid,TE,5.7,1,0
2025,10,10,475399371639222272,10213,Tre Tucker,WR,5.5,1,0
2025,10,10,475399371639222272,5230,Michael Badgley,K,5.0,1,0
2025,10,10,475399371639222272,1479,Keenan Allen,WR,3.9,1,0
2025,10,10,475399371639222272,7594,Chuba Hubbard,RB,2.5,0,0
2025,10,10,475399371639222272,3214,Hunter Henry,TE,1.9,0,0
2025,10,10,475399371639222272,3294,Dak Prescott,QB,0,0,0
2025,10,10,475399371639222272,6770,Joe Burrow,QB,0,0,0
2025,10,10,475399371639222272,6786,CeeDee Lamb,WR,0,0,0
2025,10,10,475399371639222272,9508,Tyjae Spears,RB,0,0,0
2025,10,11,865793938542456832,NYJ,New York Jets,DEF,22.0,1,0
2025,10,11,865793938542456832,5850,Josh Jacobs,RB,19.7,1,0
2025,10,11,865793938542456832,11564,Drake Maye,QB,19.1,1,0
2025,10,11,865793938542456832,4177,Mack Hollins,WR,17.1,0,0
2025,10,11,865793938542456832,7543,Travis Etienne,RB,15.7,0,0
2025,10,11,865793938542456832,11628,Marvin Harrison,WR,14.3,1,0
2025,10,11,865793938542456832,6904,Jalen Hurts,QB,12.02,1,0
2025,10,11,865793938542456832,8136,Rachaad White,RB,10.4,1,0
2025,10,11,865793938542456832,1339,Zach Ertz,TE,9.4,1,0
2025,10,11,865793938542456832,11610,Malik Washington,WR,9.3,1,0
2025,10,11,865793938542456832,6819,Michael Pittman,WR,3.9,1,0
2025,10,11,865793938542456832,4066,Evan Engram,TE,3.2,0,0
2025,10,11,865793938542456832,17,Matt Prater,K,1.0,1,0
2025,10,11,865793938542456832,11638,Ricky Pearsall,WR,0,0,0
2025,10,11,865793938542456832,12540,Chimere Dike,WR,0,0,0
2025,10,11,865793938542456832,4147,Samaje Perine,RB,0,0,0
2025,10,11,865793938542456832,8137,George Pickens,WR,0,0,0
2025,10,12,1136842855890366464,3163,Jared Goff,QB,25.3,1,0
2025,10,12,1136842855890366464,8144,Chris Olave,WR,23.4,1,0
2025,10,12,1136842855890366464,8155,Breece Hall,RB,20.0,1,0
2025,10,12,1136842855890366464,9493,Puka Nacua,WR,17.4,1,0
2025,10,12,1136842855890366464,11597,Theo Johnson,TE,14.5,0,0
2025,10,12,1136842855890366464,8259,Cameron Dicker,K,12.0,1,0
2025,10,12,1136842855890366464,8228,Jaylen Warren,RB,11.1,1,0
2025,10,12,1136842855890366464,12506,Harold Fannin,TE,8.4,0,0
2025,10,12,1136842855890366464,5022,Dallas Goedert,TE,8.3,1,0
2025,10,12,1136842855890366464,5947,Jakobi Meyers,WR,7.1,0,0
2025,10,12,1136842855890366464,5846,DK Metcalf,WR,6.5,1,0
2025,10,12,1136842855890366464,BUF,Buffalo Bills,DEF,2.5,1,0
2025,10,12,1136842855890366464,8121,Romeo Doubs,WR,1.5,1,0
2025,10,12,1136842855890366464,10222,Jayden Reed,WR,0,0,0
2025,10,12,1136842855890366464,19,Joe Flacco,QB,0,0,0
2025,10,12,1136842855890366464,4046,Patrick Mahomes,QB,0,0,0
2025,10,12,1136842855890366464,9224,Chase Brown,RB,0,0,0
2025,11,1,608781531883859968,12526,Tetairoa McMillan,WR,33.5,1,0
2025,11,1,608781531883859968,9228,Bryce Young,QB,33.32,1,0
2025,11,1,608781531883859968,8130,Trey McBride,TE,28.0,1,0
2025,11,1,608781531883859968,3257,Jacoby Brissett,QB,23.38,1,0
2025,11,1,608781531883859968,8151,Kenneth Walker,RB,20.1,0,0
2025,11,1,608781531883859968,8112,Drake London,WR,19.4,1,0
2025,11,1,608781531883859968,7021,Rico Dowdle,RB,15.0,1,0
2025,11,1,608781531883859968,8132,Tyler Allgeier,RB,9.6,0,0
2025,11,1,608781531883859968,11533,Brandon Aubrey,K,9.0,1,0
2025,11,1,608781531883859968,12514,Emeka Egbuka,WR,9.0,1,0
2025,11,1,608781531883859968,5844,T.J. Hockenson,TE,6.9,0,0
2025,11,1,608781531883859968,11647,Kimani Vidal,RB,3.2,1,0
2025,11,1,608781531883859968,KC,Kansas City Chiefs,DEF,3.0,1,0
2025,11,1,608781531883859968,4981,Calvin Ridley,WR,2.3,0,0
2025,11,1,608781531883859968,12508,Jaxson Dart,QB,0,0,0
2025,11,1,608781531883859968,4035,Alvin Kamara,RB,0,0,0
2025,11,1,608781531883859968,6803,Brandon Aiyuk,WR,0,0,0
2025,11,2,736077599457026048,1466,Travis Kelce,TE,24.1,1,0
2025,11,2,736077599457026048,9226,De'Von Achane,RB,22.0,1,0
2025,11,2,736077599457026048,2449,Stefon Diggs,WR,20.0,1,0
2025,11,2,736077599457026048,7523,Trevor Lawrence,QB,15.02,0,0
2025,11,2,736077599457026048,11627,Troy Franklin,WR,12.4,0,0
2025,11,2,736077599457026048,12711,Tyler Loop,K,12.0,1,0
2025,11,2,736077599457026048,5859,A.J. Brown,WR,11.9,0,0
2025,11,2,736077599457026048,7588,Javonte Williams,RB,10.3,1,0
2025,11,2,736077599457026048,7049,Jauan Jennings,WR,9.4,0,0
2025,11,2,736077599457026048,6768,Tua Tagovailoa,QB,6.84,1,0
2025,11,2,736077599457026048,SEA,Seattle Seahawks,DEF,6.5,1,0
2025,11,2,736077599457026048,12474,Woody Marks,RB,6.1,1,0
2025,11,2,736077599457026048,11565,J.J. McCarthy,QB,6.0,1,0
2025,11,2,736077599457026048,7564,Ja'Marr Chase,WR,6.0,1,0
2025,11,2,736077599457026048,8111,Cade Otton,TE,4.8,0,0
2025,11,2,736077599457026048,11566,Jayden Daniels,QB,0,0,0
2025,11,2,736077599457026048,12507,Omarion Hampton,RB,0,0,0
2025,11,3,737091087440674816,7567,Kenny Gainwell,RB,29.5,0,0
2025,11,3,737091087440674816,8138,James Cook,RB,20.4,1,0
2025,11,3,737091087440674816,6804,Jordan Love,QB,17.66,1,0
2025,11,3,737091087440674816,8150,Kyren Williams,RB,16.6,1,0
2025,11,3,737091087440674816,9997,Zay Flowers,WR,11.3,1,0
2025,11,3,737091087440674816,6794,Justin Jefferson,WR,11.1,1,0
2025,11,3,737091087440674816,4195,Jake Elliott,K,11.0,1,0
2025,11,3,737091087440674816,8126,Wan'Dale Robinson,WR,7.6,0,0
2025,11,3,737091087440674816,7547,Amon-Ra St. Brown,WR,6.2,1,0
2025,11,3,737091087440674816,11624,Xavier Worthy,WR,5.5,0,0
2025,11,3,737091087440674816,4943,Sam Darnold,QB,4.76,1,0
2025,11,3,737091087440674816,MIN,Minnesota Vikings,DEF,4.0,1,0
2025,11,3,737091087440674816,12455,Brashard Smith,RB,2.8,0,0
2025,11,3,737091087440674816,11637,Keon Coleman,WR,0,0,0
2025,11,3,737091087440674816,12518,Tyler Warren,TE,0,0,0
2025,11,3,737091087440674816,9481,Luke Musgrave,TE,-0.1,1,0
2025,11,4,736744257179770880,9506,Sean Tucker,RB,35.0,1,0
2025,11,4,736744257179770880,4217,George Kittle,TE,24.7,1,0
2025,11,4,736744257179770880,421,Matthew Stafford,QB,13.2,1,0
2025,11,4,736744257179770880,4866,Saquon Barkley,RB,10.0,1,0
2025,11,4,736744257179770880,10229,Rashee Rice,WR,9.8,1,0
2025,11,4,736744257179770880,5848,Marquise Brown,WR,8.0,0,0
2025,11,4,736744257179770880,7839,Evan McPherson,K,8.0,1,0
2025,11,4,736744257179770880,11559,Michael Penix,QB,7.9,0,0
2025,11,4,736744257179770880,12493,Oronde Gadsden,TE,6.1,1,0
2025,11,4,736744257179770880,BUF,Buffalo Bills,DEF,3.75,1,0
2025,11,4,736744257179770880,6797,Justin Herbert,QB,3.34,1,0
2025,11,4,736744257179770880,12481,Cam Skattebo,RB,0,0,0
2025,11,4,736744257179770880,1433,Brandon McManus,K,0,0,0
2025,11,4,736744257179770880,7611,Rhamondre Stevenson,RB,0,0,0
2025,11,4,736744257179770880,8146,Garrett Wilson,WR,0,0,0
2025,11,4,736744257179770880,9500,Josh Downs,WR,0,0,0
2025,11,4,736744257179770880,9754,Quentin Johnston,WR,0,1,0
2025,11,5,716698629934481408,12529,TreVeyon Henderson,RB,32.3,1,0
2025,11,5,716698629934481408,8183,Brock Purdy,QB,19.3,1,0
2025,11,5,716698629934481408,6801,Tee Higgins,WR,15.3,1,0
2025,11,5,716698629934481408,12522,Cam Ward,QB,13.06,0,0
2025,11,5,716698629934481408,8110,Jake Ferguson,TE,11.6,1,0
2025,11,5,716698629934481408,12534,Kyle Monangai,RB,10.7,1,0
2025,11,5,716698629934481408,9756,Jordan Addison,WR,10.0,1,0
2025,11,5,716698629934481408,96,Aaron Rodgers,QB,9.44,1,0
2025,11,5,716698629934481408,GB,Green Bay Packers,DEF,8.5,1,0
2025,11,5,716698629934481408,7526,Jaylen Waddle,WR,8.2,1,0
2025,11,5,716698629934481408,12517,Colston Loveland,TE,7.0,0,0
2025,11,5,716698629934481408,4227,Harrison Butker,K,6.0,1,0
2025,11,5,716698629934481408,5967,Tony Pollard,RB,5.6,0,0
2025,11,5,716698629934481408,4983,DJ Moore,WR,3.1,0,0
2025,11,5,716698629934481408,4037,Chris Godwin,WR,0,0,0
2025,11,5,716698629934481408,8205,Isiah Pacheco,RB,0,0,0
2025,11,6,736740647758938112,7569,Nico Collins,WR,24.2,1,0
2025,11,6,736740647758938112,5872,Deebo Samuel,WR,20.7,0,0
2025,11,6,736740647758938112,7591,Justin Fields,QB,19.34,0,0
2025,11,6,736740647758938112,8122,Zonovan Knight,RB,14.5,0,0
2025,11,6,736740647758938112,1373,Geno Smith,QB,13.42,1,0
2025,11,6,736740647758938112,5189,Eddy Pineiro,K,12.0,1,0
2025,11,6,736740647758938112,11560,Caleb Williams,QB,9.32,1,0
2025,11,6,736740647758938112,6790,D'Andre Swift,RB,9.0,1,0
2025,11,6,736740647758938112,NE,New England Patriots,DEF,8.5,1,0
2025,11,6,736740647758938112,12489,RJ Harvey,RB,8.0,1,0
2025,11,6,736740647758938112,2133,Davante Adams,WR,7.1,1,0
2025,11,6,736740647758938112,5892,David Montgomery,RB,4.7,0,0
2025,11,6,736740647758938112,7553,Kyle Pitts,TE,3.4,1,0
2025,11,6,736740647758938112,8125,Calvin Austin,WR,1.5,0,0
2025,11,6,736740647758938112,8134,Khalil Shakir,WR,0.7,1,0
2025,11,6,736740647758938112,11584,Bucky Irving,RB,0,0,0
2025,11,7,735974647736213504,9488,Jaxon Smith-Njigba,WR,21.1,1,0
2025,11,7,735974647736213504,8148,Jameson Williams,WR,20.2,1,0
2025,11,7,735974647736213504,2307,Marcus Mariota,QB,15.42,1,0
2025,11,7,735974647736213504,11604,Brock Bowers,TE,14.2,1,0
2025,11,7,735974647736213504,BAL,Baltimore Ravens,DEF,13.25,1,0
2025,11,7,735974647736213504,4098,Kareem Hunt,RB,13.2,1,0
2025,11,7,735974647736213504,2747,Jason Myers,K,13.0,1,0
2025,11,7,735974647736213504,2306,Jameis Winston,QB,11.04,1,0
2025,11,7,735974647736213504,12512,Quinshon Judkins,RB,5.9,1,0
2025,11,7,735974647736213504,12533,Jacory Croskey-Merritt,RB,4.3,0,0
2025,11,7,735974647736213504,11199,Emari Demercado,RB,4.0,0,0
2025,11,7,735974647736213504,12485,Tez Johnson,WR,1.6,1,0
2025,11,7,735974647736213504,11589,Trey Benson,RB,0,0,0
2025,11,7,735974647736213504,11631,Brian Thomas,WR,0,0,0
2025,11,7,735974647736213504,5849,Kyler Murray,QB,0,0,0
2025,11,7,735974647736213504,5870,Daniel Jones,QB,0,0,0
2025,11,7,735974647736213504,6149,Darius Slayton,WR,0,0,0
2025,11,8,736803054736822272,4034,Christian McCaffrey,RB,35.1,1,0
2025,11,8,736803054736822272,10232,Michael Wilson,WR,34.0,1,0
2025,11,8,736803054736822272,3198,Derrick Henry,RB,20.7,1,0
2025,11,8,736803054736822272,8167,Christian Watson,WR,20.6,1,0
2025,11,8,736803054736822272,7585,Davis Mills,QB,16.86,1,0
2025,11,8,736803054736822272,5012,Mark Andrews,TE,15.7,1,0
2025,11,8,736803054736822272,11563,Bo Nix,QB,12.6,1,0
2025,11,8,736803054736822272,HOU,Houston Texans,DEF,11.75,1,0
2025,11,8,736803054736822272,8408,Jordan Mason,RB,10.5,0,0
2025,11,8,736803054736822272,1945,Chris Boswell,K,10.0,1,0
2025,11,8,736803054736822272,4039,Cooper Kupp,WR,5.3,0,0
2025,11,8,736803054736822272,7525,DeVonta Smith,WR,1.8,1,0
2025,11,8,736803054736822272,12497,Tory Horton,WR,0,0,0
2025,11,8,736803054736822272,8142,Alec Pierce,WR,0,0,0
2025,11,8,736803054736822272,9484,Tucker Kraft,TE,0,0,0
2025,11,8,736803054736822272,9504,Kayshon Boutte,WR,0,0,0
2025,11,8,736803054736822272,9758,C.J. Stroud,QB,0,0,0
2025,11,9,710284244835979264,PIT,Pittsburgh Steelers,DEF,23.25,1,0
2025,11,9,710284244835979264,6130,Devin Singletary,RB,17.7,0,0
2025,11,9,710284244835979264,4892,Baker Mayfield,QB,16.82,1,0
2025,11,9,710284244835979264,4199,Aaron Jones,RB,10.1,1,0
2025,11,9,710284244835979264,5045,Courtland Sutton,WR,9.9,1,0
2025,11,9,710284244835979264,12527,Ashton Jeanty,RB,9.4,1,0
2025,11,9,710284244835979264,6650,Chase McLaughlin,K,8.0,1,0
2025,11,9,710284244835979264,11620,Rome Odunze,WR,6.1,1,0
2025,11,9,710284244835979264,8676,Rashid Shaheed,WR,4.9,0,0
2025,11,9,710284244835979264,11635,Ladd McConkey,WR,4.3,1,0
2025,11,9,710284244835979264,9487,Parker Washington,WR,4.0,0,0
2025,11,9,710284244835979264,4881,Lamar Jackson,QB,3.72,1,0
2025,11,9,710284244835979264,4988,Nick Chubb,RB,1.7,0,0
2025,11,9,710284244835979264,10859,Sam LaPorta,TE,0,0,0
2025,11,9,710284244835979264,4144,Jonnu Smith,TE,0,1,0
2025,11,9,710284244835979264,6813,Jonathan Taylor,RB,0,0,0
2025,11,10,475399371639222272,4984,Josh Allen,QB,43.68,1,0
2025,11,10,475399371639222272,9509,Bijan Robinson,RB,30.8,1,0
2025,11,10,475399371639222272,3294,Dak Prescott,QB,24.82,1,0
2025,11,10,475399371639222272,9221,Jahmyr Gibbs,RB,20.1,1,0
2025,11,10,475399371639222272,11655,Tyrone Tracy,RB,17.9,1,0
2025,11,10,475399371639222272,6786,CeeDee Lamb,WR,17.6,1,0
2025,11,10,475399371639222272,10213,Tre Tucker,WR,14.7,1,0
2025,11,10,475399371639222272,DEN,Denver Broncos,DEF,9.75,1,0
2025,11,10,475399371639222272,1479,Keenan Allen,WR,9.3,0,0
2025,11,10,475399371639222272,3214,Hunter Henry,TE,8.5,1,0
2025,11,10,475399371639222272,9508,Tyjae Spears,RB,8.4,0,0
2025,11,10,475399371639222272,9753,Zach Charbonnet,RB,6.7,0,0
2025,11,10,475399371639222272,11539,Jake Bates,K,4.0,1,0
2025,11,10,475399371639222272,10236,Dalton Kincaid,TE,0,0,0
2025,11,10,475399371639222272,2216,Mike Evans,WR,0,0,0
2025,11,10,475399371639222272,5927,Terry McLaurin,WR,0,0,0
2025,11,10,475399371639222272,6770,Joe Burrow,QB,0,0,0
2025,11,11,865793938542456832,8137,George Pickens,WR,29.9,1,0
2025,11,11,865793938542456832,7543,Travis Etienne,RB,19.3,1,0
2025,11,11,865793938542456832,11564,Drake Maye,QB,15.94,1,0
2025,11,11,865793938542456832,6904,Jalen Hurts,QB,13.5,1,0
2025,11,11,865793938542456832,5001,Dalton Schultz,TE,11.1,0,0
2025,11,11,865793938542456832,4177,Mack Hollins,WR,10.4,0,0
2025,11,11,865793938542456832,1339,Zach Ertz,TE,8.2,1,0
2025,11,11,865793938542456832,8136,Rachaad White,RB,8.2,1,0
2025,11,11,865793938542456832,17,Matt Prater,K,8.0,1,0
2025,11,11,865793938542456832,11610,Malik Washington,WR,7.2,0,0
2025,11,11,865793938542456832,6783,Jerry Jeudy,WR,5.1,0,0
2025,11,11,865793938542456832,5850,Josh Jacobs,RB,4.0,1,0
2025,11,11,865793938542456832,8180,Jalen Nailor,WR,2.6,0,0
2025,11,11,865793938542456832,ATL,Atlanta Falcons,DEF,1.25,1,0
2025,11,11,865793938542456832,11638,Ricky Pearsall,WR,1.0,1,0
2025,11,11,865793938542456832,11628,Marvin Harrison,WR,0,0,0
2025,11,11,865793938542456832,6819,Michael Pittman,WR,0,0,0
2025,11,12,1136842855890366464,9224,Chase Brown,RB,18.7,1,0
2025,11,12,1136842855890366464,9493,Puka Nacua,WR,14.3,1,0
2025,11,12,1136842855890366464,4046,Patrick Mahomes,QB,13.84,1,0
2025,11,12,1136842855890366464,3163,Jared Goff,QB,12.1,0,0
2025,11,12,1136842855890366464,5947,Jakobi Meyers,WR,11.4,0,0
2025,11,12,1136842855890366464,5846,DK Metcalf,WR,9.9,1,0
2025,11,12,1136842855890366464,8121,Romeo Doubs,WR,9.3,0,0
2025,11,12,1136842855890366464,19,Joe Flacco,QB,8.86,1,0
2025,11,12,1136842855890366464,8228,Jaylen Warren,RB,8.7,1,0
2025,11,12,1136842855890366464,8155,Breece Hall,RB,8.4,1,0
2025,11,12,1136842855890366464,8259,Cameron Dicker,K,8.0,1,0
2025,11,12,1136842855890366464,11597,Theo Johnson,TE,6.6,0,0
2025,11,12,1136842855890366464,12506,Harold Fannin,TE,4.6,0,0
2025,11,12,1136842855890366464,5022,Dallas Goedert,TE,4.4,1,0
2025,11,12,1136842855890366464,10222,Jayden Reed,WR,0,0,0
2025,11,12,1136842855890366464,8144,Chris Olave,WR,0,0,0
2025,11,12,1136842855890366464,LAC,Los Angeles Chargers,DEF,0,1,0
2025,12,1,608781531883859968,LAR,Los Angeles Rams,DEF,24.5,0,0
2025,12,1,608781531883859968,3257,Jacoby Brissett,QB,19.18,1,0
2025,12,1,608781531883859968,GB,Green Bay Packers,DEF,18.75,1,0
2025,12,1,608781531883859968,8130,Trey McBride,TE,16.9,1,0
2025,12,1,608781531883859968,8151,Kenneth Walker,RB,13.1,1,0
2025,12,1,608781531883859968,12526,Tetairoa McMillan,WR,11.5,1,0
2025,12,1,608781531883859968,7021,Rico Dowdle,RB,11.4,1,0
2025,12,1,608781531883859968,12519,Luther Burden,WR,9.1,0,0
2025,12,1,608781531883859968,9228,Bryce Young,QB,8.26,1,0
2025,12,1,608781531883859968,12514,Emeka Egbuka,WR,6.2,1,0
2025,12,1,608781531883859968,11533,Brandon Aubrey,K,5.0,1,0
2025,12,1,608781531883859968,4035,Alvin Kamara,RB,3.5,1,0
2025,12,1,608781531883859968,12490,Bhayshul Tuten,RB,1.7,0,0
2025,12,1,608781531883859968,11647,Kimani Vidal,RB,0,0,0
2025,12,1,608781531883859968,12508,Jaxson Dart,QB,0,0,0
2025,12,1,608781531883859968,6803,Brandon Aiyuk,WR,0,0,0
2025,12,1,608781531883859968,8112,Drake London,WR,0,0,0
2025,12,2,736077599457026048,5859,A.J. Brown,WR,25.5,1,0
2025,12,2,736077599457026048,7523,Trevor Lawrence,QB,17.14,1,0
2025,12,2,736077599457026048,7049,Jauan Jennings,WR,15.1,1,0
2025,12,2,736077599457026048,7588,Javonte Williams,RB,12.1,1,0
2025,12,2,736077599457026048,SF,San Francisco 49ers,DEF,11.75,0,0
2025,12,2,736077599457026048,12711,Tyler Loop,K,11.0,1,0
2025,12,2,736077599457026048,1466,Travis Kelce,TE,8.4,1,0
2025,12,2,736077599457026048,SEA,Seattle Seahawks,DEF,8.0,1,0
2025,12,2,736077599457026048,12474,Woody Marks,RB,7.9,1,0
2025,12,2,736077599457026048,2449,Stefon Diggs,WR,4.0,1,0
2025,12,2,736077599457026048,11566,Jayden Daniels,QB,0,0,0
2025,12,2,736077599457026048,11627,Troy Franklin,WR,0,0,0
2025,12,2,736077599457026048,12507,Omarion Hampton,RB,0,0,0
2025,12,2,736077599457026048,6768,Tua Tagovailoa,QB,0,0,0
2025,12,2,736077599457026048,7564,Ja'Marr Chase,WR,0,0,0
2025,12,2,736077599457026048,9226,De'Von Achane,RB,0,0,0
2025,12,2,736077599457026048,11565,J.J. McCarthy,QB,-0.52,1,0
2025,12,3,737091087440674816,7547,Amon-Ra St. Brown,WR,30.4,1,0
2025,12,3,737091087440674816,8126,Wan'Dale Robinson,WR,30.1,0,0
2025,12,3,737091087440674816,8138,James Cook,RB,22.9,1,0
2025,12,3,737091087440674816,4943,Sam Darnold,QB,18.66,1,0
2025,12,3,737091087440674816,7567,Kenny Gainwell,RB,18.2,0,0
2025,12,3,737091087440674816,9997,Zay Flowers,WR,11.9,1,0
2025,12,3,737091087440674816,11624,Xavier Worthy,WR,9.9,0,0
2025,12,3,737091087440674816,12518,Tyler Warren,TE,9.5,1,0
2025,12,3,737091087440674816,6794,Justin Jefferson,WR,8.8,1,0
2025,12,3,737091087440674816,6804,Jordan Love,QB,7.06,1,0
2025,12,3,737091087440674816,12455,Brashard Smith,RB,6.6,0,0
2025,12,3,737091087440674816,8150,Kyren Williams,RB,5.8,1,0
2025,12,3,737091087440674816,MIN,Minnesota Vikings,DEF,3.25,1,0
2025,12,3,737091087440674816,4195,Jake Elliott,K,1.0,1,0
2025,12,3,737091087440674816,11637,Keon Coleman,WR,0,0,0
2025,12,4,736744257179770880,2306,Jameis Winston,QB,32.24,1,0
2025,12,4,736744257179770880,10229,Rashee Rice,WR,24.6,1,0
2025,12,4,736744257179770880,421,Matthew Stafford,QB,23.42,1,0
2025,12,4,736744257179770880,4217,George Kittle,TE,13.8,1,0
2025,12,4,736744257179770880,4866,Saquon Barkley,RB,12.4,1,0
2025,12,4,736744257179770880,7839,Evan McPherson,K,12.0,1,0
2025,12,4,736744257179770880,BUF,Buffalo Bills,DEF,10.5,1,0
2025,12,4,736744257179770880,9506,Sean Tucker,RB,5.6,1,0
2025,12,4,736744257179770880,9500,Josh Downs,WR,3.0,1,0
2025,12,4,736744257179770880,5848,Marquise Brown,WR,2.0,0,0
2025,12,4,736744257179770880,7611,Rhamondre Stevenson,RB,2.0,1,0
2025,12,4,736744257179770880,12481,Cam Skattebo,RB,0,0,0
2025,12,4,736744257179770880,12493,Oronde Gadsden,TE,0,0,0
2025,12,4,736744257179770880,6797,Justin Herbert,QB,0,0,0
2025,12,4,736744257179770880,9754,Quentin Johnston,WR,0,0,0
2025,12,5,716698629934481408,12522,Cam Ward,QB,24.44,1,0
2025,12,5,716698629934481408,4983,DJ Moore,WR,23.4,1,0
2025,12,5,716698629934481408,CLE,Cleveland Browns,DEF,19.0,1,0
2025,12,5,716698629934481408,4227,Harrison Butker,K,16.0,1,0
2025,12,5,716698629934481408,12517,Colston Loveland,TE,14.9,0,0
2025,12,5,716698629934481408,12529,TreVeyon Henderson,RB,11.1,1,0
2025,12,5,716698629934481408,12534,Kyle Monangai,RB,10.8,1,0
2025,12,5,716698629934481408,8110,Jake Ferguson,TE,10.1,1,0
2025,12,5,716698629934481408,5967,Tony Pollard,RB,8.1,0,0
2025,12,5,716698629934481408,6801,Tee Higgins,WR,8.1,1,0
2025,12,5,716698629934481408,8183,Brock Purdy,QB,7.32,1,0
2025,12,5,716698629934481408,4037,Chris Godwin,WR,2.9,0,0
2025,12,5,716698629934481408,7526,Jaylen Waddle,WR,0,0,0
2025,12,5,716698629934481408,8205,Isiah Pacheco,RB,0,0,0
2025,12,5,716698629934481408,96,Aaron Rodgers,QB,0,0,0
2025,12,5,716698629934481408,9756,Jordan Addison,WR,0,1,0
2025,12,6,736740647758938112,2133,Davante Adams,WR,23.2,1,0
2025,12,6,736740647758938112,11560,Caleb Williams,QB,21.66,1,0
2025,12,6,736740647758938112,8134,Khalil Shakir,WR,17.5,0,0
2025,12,6,736740647758938112,1166,Kirk Cousins,QB,12.46,0,0
2025,12,6,736740647758938112,12524,Shedeur Sanders,QB,11.26,1,0
2025,12,6,736740647758938112,NE,New England Patriots,DEF,11.25,1,0
2025,12,6,736740647758938112,JAX,Jacksonville Jaguars,DEF,9.0,0,0
2025,12,6,736740647758938112,7569,Nico Collins,WR,8.5,1,0
2025,12,6,736740647758938112,2020,Cairo Santos,K,8.0,1,0
2025,12,6,736740647758938112,5892,David Montgomery,RB,6.7,1,0
2025,12,6,736740647758938112,7553,Kyle Pitts,TE,4.5,1,0
2025,12,6,736740647758938112,9504,Kayshon Boutte,WR,3.5,1,0
2025,12,6,736740647758938112,6790,D'Andre Swift,RB,1.9,1,0
2025,12,6,736740647758938112,11584,Bucky Irving,RB,0,0,0
2025,12,6,736740647758938112,12489,RJ Harvey,RB,0,0,0
2025,12,6,736740647758938112,5872,Deebo Samuel,WR,0,0,0
2025,12,7,735974647736213504,9488,Jaxon Smith-Njigba,WR,39.1,1,0
2025,12,7,735974647736213504,4098,Kareem Hunt,RB,20.5,1,0
2025,12,7,735974647736213504,5870,Daniel Jones,QB,16.84,1,0
2025,12,7,735974647736213504,12512,Quinshon Judkins,RB,16.7,1,0
2025,12,7,735974647736213504,BAL,Baltimore Ravens,DEF,13.75,1,0
2025,12,7,735974647736213504,2747,Jason Myers,K,13.0,1,0
2025,12,7,735974647736213504,12485,Tez Johnson,WR,12.3,0,0
2025,12,7,735974647736213504,11604,Brock Bowers,TE,11.5,1,0
2025,12,7,735974647736213504,10226,Andrei Iosivas,WR,10.6,1,0
2025,12,7,735974647736213504,4972,Mason Rudolph,QB,7.54,1,0
2025,12,7,735974647736213504,8154,Brian Robinson,RB,5.4,0,0
2025,12,7,735974647736213504,6149,Darius Slayton,WR,3.3,0,0
2025,12,7,735974647736213504,11586,Blake Corum,RB,2.4,0,0
2025,12,7,735974647736213504,11571,Isaiah Davis,RB,0.7,0,0
2025,12,7,735974647736213504,11589,Trey Benson,RB,0,0,0
2025,12,7,735974647736213504,11631,Brian Thomas,WR,0,0,0
2025,12,7,735974647736213504,2307,Marcus Mariota,QB,0,0,0
2025,12,7,735974647736213504,5849,Kyler Murray,QB,0,0,0
2025,12,7,735974647736213504,8148,Jameson Williams,WR,0,1,0
2025,12,8,736803054736822272,11435,Emanuel Wilson,RB,27.0,0,0
2025,12,8,736803054736822272,4034,Christian McCaffrey,RB,26.2,1,0
2025,12,8,736803054736822272,3198,Derrick Henry,RB,22.8,1,0
2025,12,8,736803054736822272,10232,Michael Wilson,WR,22.3,1,0
2025,12,8,736803054736822272,HOU,Houston Texans,DEF,16.0,1,0
2025,12,8,736803054736822272,7525,DeVonta Smith,WR,14.9,1,0
2025,12,8,736803054736822272,7585,Davis Mills,QB,14.52,1,0
2025,12,8,736803054736822272,8167,Christian Watson,WR,9.9,1,0
2025,12,8,736803054736822272,12545,Tyler Shough,QB,8.42,1,0
2025,12,8,736803054736822272,4039,Cooper Kupp,WR,4.4,0,0
2025,12,8,736803054736822272,8408,Jordan Mason,RB,4.2,0,0
2025,12,8,736803054736822272,1945,Chris Boswell,K,4.0,1,0
2025,12,8,736803054736822272,8142,Alec Pierce,WR,3.6,0,0
2025,12,8,736803054736822272,5012,Mark Andrews,TE,2.1,1,0
2025,12,8,736803054736822272,11563,Bo Nix,QB,0,0,0
2025,12,8,736803054736822272,9484,Tucker Kraft,TE,0,0,0
2025,12,8,736803054736822272,9758,C.J. Stroud,QB,0,0,0
2025,12,9,710284244835979264,12527,Ashton Jeanty,RB,24.8,1,0
2025,12,9,710284244835979264,9487,Parker Washington,WR,18.1,0,0
2025,12,9,710284244835979264,7002,Juwan Johnson,TE,10.6,1,0
2025,12,9,710284244835979264,LV,Las Vegas Raiders,DEF,9.75,1,0
2025,12,9,710284244835979264,4199,Aaron Jones,RB,8.7,1,0
2025,12,9,710284244835979264,6813,Jonathan Taylor,RB,8.6,1,0
2025,12,9,710284244835979264,11620,Rome Odunze,WR,8.3,1,0
2025,12,9,710284244835979264,4881,Lamar Jackson,QB,6.22,1,0
2025,12,9,710284244835979264,4144,Jonnu Smith,TE,5.8,0,0
2025,12,9,710284244835979264,6130,Devin Singletary,RB,4.7,0,0
2025,12,9,710284244835979264,4892,Baker Mayfield,QB,2.54,1,0
2025,12,9,710284244835979264,4988,Nick Chubb,RB,2.5,0,0
2025,12,9,710284244835979264,6650,Chase McLaughlin,K,1.0,1,0
2025,12,9,710284244835979264,8676,Rashid Shaheed,WR,0.5,1,0
2025,12,9,710284244835979264,10859,Sam LaPorta,TE,0,0,0
2025,12,9,710284244835979264,11635,Ladd McConkey,WR,0,0,0
2025,12,9,710284244835979264,5045,Courtland Sutton,WR,0,0,0
2025,12,10,475399371639222272,9221,Jahmyr Gibbs,RB,58.4,1,0
2025,12,10,475399371639222272,3294,Dak Prescott,QB,27.06,1,0
2025,12,10,475399371639222272,3214,Hunter Henry,TE,25.0,1,0
2025,12,10,475399371639222272,11655,Tyrone Tracy,RB,16.0,1,0
2025,12,10,475399371639222272,9509,Bijan Robinson,RB,14.7,1,0
2025,12,10,475399371639222272,11539,Jake Bates,K,12.0,1,0
2025,12,10,475399371639222272,6786,CeeDee Lamb,WR,11.5,1,0
2025,12,10,475399371639222272,9753,Zach Charbonnet,RB,9.5,0,0
2025,12,10,475399371639222272,4984,Josh Allen,QB,8.12,1,0
2025,12,10,475399371639222272,10213,Tre Tucker,WR,5.8,1,0
2025,12,10,475399371639222272,DET,Detroit Lions,DEF,1.25,1,0
2025,12,10,475399371639222272,10236,Dalton Kincaid,TE,0,0,0
2025,12,10,475399371639222272,1479,Keenan Allen,WR,0,0,0
2025,12,10,475399371639222272,2216,Mike Evans,WR,0,0,0
2025,12,10,475399371639222272,5927,Terry McLaurin,WR,0,0,0
2025,12,10,475399371639222272,6770,Joe Burrow,QB,0,0,0
2025,12,10,475399371639222272,DEN,Denver Broncos,DEF,0,0,0
2025,12,11,865793938542456832,6904,Jalen Hurts,QB,31.36,1,0
2025,12,11,865793938542456832,8137,George Pickens,WR,30.1,1,0
2025,12,11,865793938542456832,7543,Travis Etienne,RB,20.6,1,0
2025,12,11,865793938542456832,7090,Darnell Mooney,WR,16.9,1,0
2025,12,11,865793938542456832,ATL,Atlanta Falcons,DEF,16.75,1,0
2025,12,11,865793938542456832,11564,Drake Maye,QB,14.96,1,0
2025,12,11,865793938542456832,6819,Michael Pittman,WR,13.7,1,0
2025,12,11,865793938542456832,8122,Zonovan Knight,RB,13.2,1,0
2025,12,11,865793938542456832,17,Matt Prater,K,7.0,1,0
2025,12,11,865793938542456832,8136,Rachaad White,RB,5.2,0,0
2025,12,11,865793938542456832,4177,Mack Hollins,WR,5.0,0,0
2025,12,11,865793938542456832,6783,Jerry Jeudy,WR,2.9,0,0
2025,12,11,865793938542456832,11638,Ricky Pearsall,WR,2.8,0,0
2025,12,11,865793938542456832,5001,Dalton Schultz,TE,1.8,1,0
2025,12,11,865793938542456832,11628,Marvin Harrison,WR,0,0,0
2025,12,11,865793938542456832,1339,Zach Ertz,TE,0,0,0
2025,12,11,865793938542456832,5850,Josh Jacobs,RB,0,0,0
2025,12,12,1136842855890366464,3163,Jared Goff,QB,17.66,1,0
2025,12,12,1136842855890366464,4046,Patrick Mahomes,QB,17.58,1,0
2025,12,12,1136842855890366464,9493,Puka Nacua,WR,16.7,1,0
2025,12,12,1136842855890366464,8144,Chris Olave,WR,16.0,1,0
2025,12,12,1136842855890366464,9224,Chase Brown,RB,15.5,1,0
2025,12,12,1136842855890366464,5947,Jakobi Meyers,WR,15.0,0,0
2025,12,12,1136842855890366464,5846,DK Metcalf,WR,14.4,1,0
2025,12,12,1136842855890366464,8155,Breece Hall,RB,13.9,0,0
2025,12,12,1136842855890366464,11786,Cam Little,K,13.0,1,0
2025,12,12,1136842855890366464,8228,Jaylen Warren,RB,12.8,1,0
2025,12,12,1136842855890366464,19,Joe Flacco,QB,8.62,0,0
2025,12,12,1136842855890366464,12506,Harold Fannin,TE,8.4,0,0
2025,12,12,1136842855890366464,8121,Romeo Doubs,WR,4.3,0,0
2025,12,12,1136842855890366464,PHI,Philadelphia Eagles,DEF,4.25,1,0
2025,12,12,1136842855890366464,5022,Dallas Goedert,TE,4.0,1,0
2025,12,12,1136842855890366464,10222,Jayden Reed,WR,0,0,0
2025,12,12,1136842855890366464,8259,Cameron Dicker,K,0,0,0
2025,13,1,608781531883859968,11647,Kimani Vidal,RB,22.7,1,0
2025,13,1,608781531883859968,9228,Bryce Young,QB,22.54,0,0
2025,13,1,608781531883859968,8130,Trey McBride,TE,22.2,1,0
2025,13,1,608781531883859968,3257,Jacoby Brissett,QB,20.14,1,0
2025,13,1,608781531883859968,12508,Jaxson Dart,QB,13.56,1,0
2025,13,1,608781531883859968,11533,Brandon Aubrey,K,12.0,1,0
2025,13,1,608781531883859968,12526,Tetairoa McMillan,WR,11.8,1,0
2025,13,1,608781531883859968,8151,Kenneth Walker,RB,10.4,1,0
2025,13,1,608781531883859968,7021,Rico Dowdle,RB,9.9,1,0
2025,13,1,608781531883859968,12490,Bhayshul Tuten,RB,8.9,0,0
2025,13,1,608781531883859968,12514,Emeka Egbuka,WR,8.2,1,0
2025,13,1,608781531883859968,12519,Luther Burden,WR,7.6,0,0
2025,13,1,608781531883859968,6920,Isaiah Hodgins,WR,1.4,0,0
2025,13,1,608781531883859968,LAR,Los Angeles Rams,DEF,1.0,1,0
2025,13,1,608781531883859968,4035,Alvin Kamara,RB,0,0,0
2025,13,1,608781531883859968,6803,Brandon Aiyuk,WR,0,0,0
2025,13,1,608781531883859968,8112,Drake London,WR,0,0,0
2025,13,2,736077599457026048,5859,A.J. Brown,WR,35.7,1,0
2025,13,2,736077599457026048,SEA,Seattle Seahawks,DEF,29.5,1,0
2025,13,2,736077599457026048,7523,Trevor Lawrence,QB,21.66,1,0
2025,13,2,736077599457026048,9226,De'Von Achane,RB,19.9,1,0
2025,13,2,736077599457026048,7564,Ja'Marr Chase,WR,18.5,1,0
2025,13,2,736077599457026048,7588,Javonte Williams,RB,17.0,1,0
2025,13,2,736077599457026048,1466,Travis Kelce,TE,15.5,1,0
2025,13,2,736077599457026048,SF,San Francisco 49ers,DEF,15.25,0,0
2025,13,2,736077599457026048,7049,Jauan Jennings,WR,13.9,0,0
2025,13,2,736077599457026048,9480,Brenton Strange,TE,13.5,0,0
2025,13,2,736077599457026048,3451,Ka'imi Fairbairn,K,9.0,1,0
2025,13,2,736077599457026048,12474,Woody Marks,RB,6.7,0,0
2025,13,2,736077599457026048,2449,Stefon Diggs,WR,5.6,1,0
2025,13,2,736077599457026048,11627,Troy Franklin,WR,4.1,0,0
2025,13,2,736077599457026048,6768,Tua Tagovailoa,QB,3.68,1,0
2025,13,2,736077599457026048,11566,Jayden Daniels,QB,0,0,0
2025,13,2,736077599457026048,12507,Omarion Hampton,RB,0,0,0
2025,13,3,737091087440674816,6804,Jordan Love,QB,25.76,1,0
2025,13,3,737091087440674816,8138,James Cook,RB,18.2,1,0
2025,13,3,737091087440674816,LAC,Los Angeles Chargers,DEF,13.75,1,0
2025,13,3,737091087440674816,8150,Kyren Williams,RB,13.2,1,0
2025,13,3,737091087440674816,11624,Xavier Worthy,WR,11.4,0,0
2025,13,3,737091087440674816,8126,Wan'Dale Robinson,WR,10.4,0,0
2025,13,3,737091087440674816,12518,Tyler Warren,TE,10.2,1,0
2025,13,3,737091087440674816,11637,Keon Coleman,WR,8.9,0,0
2025,13,3,737091087440674816,7567,Kenny Gainwell,RB,6.5,0,0
2025,13,3,737091087440674816,5970,Greg Dortch,WR,3.4,0,0
2025,13,3,737091087440674816,6794,Justin Jefferson,WR,2.4,1,0
2025,13,3,737091087440674816,4943,Sam Darnold,QB,2.12,1,0
2025,13,3,737091087440674816,4195,Jake Elliott,K,1.0,1,0
2025,13,3,737091087440674816,9997,Zay Flowers,WR,0.6,1,0
2025,13,3,737091087440674816,7547,Amon-Ra St. Brown,WR,0,1,0
2025,13,4,736744257179770880,10229,Rashee Rice,WR,28.4,1,0
2025,13,4,736744257179770880,7839,Evan McPherson,K,24.0,1,0
2025,13,4,736744257179770880,BUF,Buffalo Bills,DEF,18.75,0,0
2025,13,4,736744257179770880,6797,Justin Herbert,QB,12.84,1,0
2025,13,4,736744257179770880,9754,Quentin Johnston,WR,11.3,1,0
2025,13,4,736744257179770880,7611,Rhamondre Stevenson,RB,11.0,0,0
2025,13,4,736744257179770880,4217,George Kittle,TE,10.7,1,0
2025,13,4,736744257179770880,421,Matthew Stafford,QB,10.62,1,0
2025,13,4,736744257179770880,5848,Marquise Brown,WR,10.0,0,0
2025,13,4,736744257179770880,IND,Indianapolis Colts,DEF,7.0,1,0
2025,13,4,736744257179770880,9500,Josh Downs,WR,6.4,0,0
2025,13,4,736744257179770880,4866,Saquon Barkley,RB,5.6,1,0
2025,13,4,736744257179770880,12493,Oronde Gadsden,TE,3.7,1,0
2025,13,4,736744257179770880,12481,Cam Skattebo,RB,0,0,0
2025,13,4,736744257179770880,2306,Jameis Winston,QB,0,0,0
2025,13,4,736744257179770880,9506,Sean Tucker,RB,0,1,0
2025,13,5,716698629934481408,12534,Kyle Monangai,RB,19.5,1,0
2025,13,5,716698629934481408,8183,Brock Purdy,QB,17.12,1,0
2025,13,5,716698629934481408,12529,TreVeyon Henderson,RB,11.6,1,0
2025,13,5,716698629934481408,4037,Chris Godwin,WR,10.8,0,0
2025,13,5,716698629934481408,12476,Devin Neal,RB,9.9,1,0
2025,13,5,716698629934481408,8110,Jake Ferguson,TE,8.6,1,0
2025,13,5,716698629934481408,9756,Jordan Addison,WR,8.6,0,0
2025,13,5,716698629934481408,7526,Jaylen Waddle,WR,7.0,1,0
2025,13,5,716698629934481408,12517,Colston Loveland,TE,5.8,0,0
2025,13,5,716698629934481408,12522,Cam Ward,QB,5.34,1,0
2025,13,5,716698629934481408,5967,Tony Pollard,RB,5.3,0,0
2025,13,5,716698629934481408,8205,Isiah Pacheco,RB,5.3,0,0
2025,13,5,716698629934481408,4983,DJ Moore,WR,4.7,1,0
2025,13,5,716698629934481408,4227,Harrison Butker,K,4.0,1,0
2025,13,5,716698629934481408,CLE,Cleveland Browns,DEF,3.75,1,0
2025,13,5,716698629934481408,96,Aaron Rodgers,QB,2.68,0,0
2025,13,5,716698629934481408,6801,Tee Higgins,WR,0,0,0
2025,13,6,736740647758938112,2133,Davante Adams,WR,21.8,1,0
2025,13,6,736740647758938112,7569,Nico Collins,WR,21.5,1,0
2025,13,6,736740647758938112,6790,D'Andre Swift,RB,21.3,0,0
2025,13,6,736740647758938112,12489,RJ Harvey,RB,21.2,1,0
2025,13,6,736740647758938112,JAX,Jacksonville Jaguars,DEF,18.75,1,0
2025,13,6,736740647758938112,NE,New England Patriots,DEF,16.5,0,0
2025,13,6,736740647758938112,11584,Bucky Irving,RB,16.1,1,0
2025,13,6,736740647758938112,7553,Kyle Pitts,TE,15.2,1,0
2025,13,6,736740647758938112,9504,Kayshon Boutte,WR,13.5,0,0
2025,13,6,736740647758938112,1166,Kirk Cousins,QB,13.36,1,0
2025,13,6,736740647758938112,5892,David Montgomery,RB,11.8,0,0
2025,13,6,736740647758938112,12524,Shedeur Sanders,QB,10.56,0,0
2025,13,6,736740647758938112,5872,Deebo Samuel,WR,10.1,0,0
2025,13,6,736740647758938112,11560,Caleb Williams,QB,9.46,1,0
2025,13,6,736740647758938112,2020,Cairo Santos,K,6.0,1,0
2025,13,6,736740647758938112,8134,Khalil Shakir,WR,1.5,1,0
2025,13,7,735974647736213504,8148,Jameson Williams,WR,27.4,1,0
2025,13,7,735974647736213504,6786,CeeDee Lamb,WR,24.7,1,0
2025,13,7,735974647736213504,827,Tyrod Taylor,QB,22.28,0,0
2025,13,7,735974647736213504,6770,Joe Burrow,QB,19.24,1,0
2025,13,7,735974647736213504,2747,Jason Myers,K,19.0,1,0
2025,13,7,735974647736213504,12512,Quinshon Judkins,RB,15.9,1,0
2025,13,7,735974647736213504,5870,Daniel Jones,QB,15.14,1,0
2025,13,7,735974647736213504,8132,Tyler Allgeier,RB,13.5,1,0
2025,13,7,735974647736213504,4098,Kareem Hunt,RB,9.0,0,0
2025,13,7,735974647736213504,TB,Tampa Bay Buccaneers,DEF,8.5,1,0
2025,13,7,735974647736213504,8147,John Metchie,WR,5.7,0,0
2025,13,7,735974647736213504,11631,Brian Thomas,WR,4.8,1,0
2025,13,7,735974647736213504,8111,Cade Otton,TE,2.9,1,0
2025,13,7,735974647736213504,12485,Tez Johnson,WR,1.5,0,0
2025,13,7,735974647736213504,10236,Dalton Kincaid,TE,0,0,0
2025,13,7,735974647736213504,11589,Trey Benson,RB,0,0,0
2025,13,7,735974647736213504,5849,Kyler Murray,QB,0,0,0
2025,13,8,736803054736822272,8167,Christian Watson,WR,19.8,1,0
2025,13,8,736803054736822272,8142,Alec Pierce,WR,17.8,0,0
2025,13,8,736803054736822272,3198,Derrick Henry,RB,17.4,1,0
2025,13,8,736803054736822272,4034,Christian McCaffrey,RB,17.4,1,0
2025,13,8,736803054736822272,11563,Bo Nix,QB,15.94,1,0
2025,13,8,736803054736822272,7525,DeVonta Smith,WR,9.8,1,0
2025,13,8,736803054736822272,9758,C.J. Stroud,QB,9.04,1,0
2025,13,8,736803054736822272,5012,Mark Andrews,TE,8.7,1,0
2025,13,8,736803054736822272,HOU,Houston Texans,DEF,6.75,1,0
2025,13,8,736803054736822272,10232,Michael Wilson,WR,6.6,1,0
2025,13,8,736803054736822272,4039,Cooper Kupp,WR,5.4,0,0
2025,13,8,736803054736822272,8408,Jordan Mason,RB,4.8,0,0
2025,13,8,736803054736822272,11435,Emanuel Wilson,RB,1.4,0,0
2025,13,8,736803054736822272,1945,Chris Boswell,K,1.0,1,0
2025,13,8,736803054736822272,7585,Davis Mills,QB,0,0,0
2025,13,8,736803054736822272,9484,Tucker Kraft,TE,0,0,0
2025,13,9,710284244835979264,6130,Devin Singletary,RB,19.2,0,0
2025,13,9,710284244835979264,5045,Courtland Sutton,WR,17.2,1,0
2025,13,9,710284244835979264,MIA,Miami Dolphins,DEF,15.5,1,0
2025,13,9,710284244835979264,6813,Jonathan Taylor,RB,15.1,1,0
2025,13,9,710284244835979264,11635,Ladd McConkey,WR,13.9,1,0
2025,13,9,710284244835979264,4892,Baker Mayfield,QB,13.46,1,0
2025,13,9,710284244835979264,12527,Ashton Jeanty,RB,12.1,1,0
2025,13,9,710284244835979264,6650,Chase McLaughlin,K,10.0,1,0
2025,13,9,710284244835979264,4988,Nick Chubb,RB,9.4,0,0
2025,13,9,710284244835979264,7002,Juwan Johnson,TE,8.9,1,0
2025,13,9,710284244835979264,4881,Lamar Jackson,QB,6.54,1,0
2025,13,9,710284244835979264,4199,Aaron Jones,RB,4.5,0,0
2025,13,9,710284244835979264,9487,Parker Washington,WR,3.6,0,0
2025,13,9,710284244835979264,11620,Rome Odunze,WR,2.8,1,0
2025,13,9,710284244835979264,8676,Rashid Shaheed,WR,2.6,0,0
2025,13,9,710284244835979264,4144,Jonnu Smith,TE,1.6,0,0
2025,13,9,710284244835979264,10859,Sam LaPorta,TE,0,0,0
2025,13,10,475399371639222272,9509,Bijan Robinson,RB,30.8,1,0
2025,13,10,475399371639222272,2307,Marcus Mariota,QB,22.76,0,0
2025,13,10,475399371639222272,5927,Terry McLaurin,WR,22.6,0,0
2025,13,10,475399371639222272,11604,Brock Bowers,TE,22.3,1,0
2025,13,10,475399371639222272,3294,Dak Prescott,QB,21.1,1,0
2025,13,10,475399371639222272,4984,Josh Allen,QB,16.72,1,0
2025,13,10,475399371639222272,9221,Jahmyr Gibbs,RB,11.6,1,0
2025,13,10,475399371639222272,12484,Jayden Higgins,WR,11.5,0,0
2025,13,10,475399371639222272,3214,Hunter Henry,TE,11.3,0,0
2025,13,10,475399371639222272,9753,Zach Charbonnet,RB,11.2,0,0
2025,13,10,475399371639222272,1479,Keenan Allen,WR,7.0,1,0
2025,13,10,475399371639222272,11539,Jake Bates,K,6.0,1,0
2025,13,10,475399371639222272,10213,Tre Tucker,WR,5.0,0,0
2025,13,10,475399371639222272,11655,Tyrone Tracy,RB,4.3,1,0
2025,13,10,475399371639222272,9488,Jaxon Smith-Njigba,WR,4.3,1,0
2025,13,10,475399371639222272,DEN,Denver Broncos,DEF,2.0,1,0
2025,13,10,475399371639222272,2216,Mike Evans,WR,0,0,0
2025,13,11,865793938542456832,1339,Zach Ertz,TE,21.1,0,0
2025,13,11,865793938542456832,11564,Drake Maye,QB,20.48,1,0
2025,13,11,865793938542456832,8122,Zonovan Knight,RB,16.8,0,0
2025,13,11,865793938542456832,6904,Jalen Hurts,QB,16.3,1,0
2025,13,11,865793938542456832,8137,George Pickens,WR,15.8,1,0
2025,13,11,865793938542456832,11628,Marvin Harrison,WR,12.9,1,0
2025,13,11,865793938542456832,5001,Dalton Schultz,TE,12.5,1,0
2025,13,11,865793938542456832,5850,Josh Jacobs,RB,10.1,1,0
2025,13,11,865793938542456832,17,Matt Prater,K,7.0,1,0
2025,13,11,865793938542456832,8136,Rachaad White,RB,5.9,0,0
2025,13,11,865793938542456832,6783,Jerry Jeudy,WR,5.6,0,0
2025,13,11,865793938542456832,ATL,Atlanta Falcons,DEF,5.5,1,0
2025,13,11,865793938542456832,7543,Travis Etienne,RB,5.1,1,0
2025,13,11,865793938542456832,7090,Darnell Mooney,WR,4.5,0,0
2025,13,11,865793938542456832,11638,Ricky Pearsall,WR,3.4,0,0
2025,13,11,865793938542456832,6819,Michael Pittman,WR,2.3,1,0
2025,13,11,865793938542456832,8146,Garrett Wilson,WR,0,0,0
2025,13,12,1136842855890366464,4046,Patrick Mahomes,QB,29.44,1,0
2025,13,12,1136842855890366464,5947,Jakobi Meyers,WR,21.3,1,0
2025,13,12,1136842855890366464,3163,Jared Goff,QB,20.64,1,0
2025,13,12,1136842855890366464,9224,Chase Brown,RB,18.3,1,0
2025,13,12,1136842855890366464,8155,Breece Hall,RB,15.6,1,0
2025,13,12,1136842855890366464,8144,Chris Olave,WR,14.7,1,0
2025,13,12,1136842855890366464,9493,Puka Nacua,WR,13.2,1,0
2025,13,12,1136842855890366464,8228,Jaylen Warren,RB,12.4,0,0
2025,13,12,1136842855890366464,12506,Harold Fannin,TE,11.3,0,0
2025,13,12,1136842855890366464,8121,Romeo Doubs,WR,11.0,0,0
2025,13,12,1136842855890366464,8259,Cameron Dicker,K,9.0,1,0
2025,13,12,1136842855890366464,5846,DK Metcalf,WR,6.2,0,0
2025,13,12,1136842855890366464,11786,Cam Little,K,6.0,0,0
2025,13,12,1136842855890366464,5022,Dallas Goedert,TE,4.7,1,0
2025,13,12,1136842855890366464,PHI,Philadelphia Eagles,DEF,3.0,1,0
2025,13,12,1136842855890366464,10222,Jayden Reed,WR,0,0,0
2025,13,12,1136842855890366464,19,Joe Flacco,QB,0,0,0
2025,14,1,608781531883859968,11533,Brandon Aubrey,K,23.0,1,0
2025,14,1,608781531883859968,3257,Jacoby Brissett,QB,19.54,1,0
2025,14,1,608781531883859968,11647,Kimani Vidal,RB,11.4,1,0
2025,14,1,608781531883859968,12519,Luther Burden,WR,11.0,1,0
2025,14,1,608781531883859968,8130,Trey McBride,TE,10.8,1,0
2025,14,1,608781531883859968,LAR,Los Angeles Rams,DEF,8.25,1,0
2025,14,1,608781531883859968,11834,Devaughn Vele,WR,7.0,1,0
2025,14,1,608781531883859968,8151,Kenneth Walker,RB,3.8,1,0
2025,14,1,608781531883859968,12514,Emeka Egbuka,WR,3.5,1,0
2025,14,1,608781531883859968,11625,Adonai Mitchell,WR,3.4,1,0
2025,14,1,608781531883859968,12508,Jaxson Dart,QB,0,0,0
2025,14,1,608781531883859968,12526,Tetairoa McMillan,WR,0,0,0
2025,14,1,608781531883859968,6803,Brandon Aiyuk,WR,0,0,0
2025,14,1,608781531883859968,7021,Rico Dowdle,RB,0,0,0
2025,14,1,608781531883859968,7594,Chuba Hubbard,RB,0,0,0
2025,14,1,608781531883859968,8112,Drake London,WR,0,0,0
2025,14,1,608781531883859968,9228,Bryce Young,QB,0,0,0
2025,14,2,736077599457026048,SEA,Seattle Seahawks,DEF,20.75,1,0
2025,14,2,736077599457026048,7523,Trevor Lawrence,QB,19.36,1,0
2025,14,2,736077599457026048,9226,De'Von Achane,RB,17.5,1,0
2025,14,2,736077599457026048,5859,A.J. Brown,WR,16.5,1,0
2025,14,2,736077599457026048,12474,Woody Marks,RB,15.6,0,0
2025,14,2,736077599457026048,12507,Omarion Hampton,RB,14.7,0,0
2025,14,2,736077599457026048,7588,Javonte Williams,RB,14.7,1,0
2025,14,2,736077599457026048,7564,Ja'Marr Chase,WR,10.2,1,0
2025,14,2,736077599457026048,6768,Tua Tagovailoa,QB,8.08,0,0
2025,14,2,736077599457026048,3451,Ka'imi Fairbairn,K,8.0,1,0
2025,14,2,736077599457026048,9480,Brenton Strange,TE,5.7,0,0
2025,14,2,736077599457026048,11627,Troy Franklin,WR,4.1,1,0
2025,14,2,736077599457026048,11566,Jayden Daniels,QB,2.72,1,0
2025,14,2,736077599457026048,1466,Travis Kelce,TE,1.8,1,0
2025,14,2,736077599457026048,2449,Stefon Diggs,WR,0,0,0
2025,14,2,736077599457026048,7049,Jauan Jennings,WR,0,0,0
2025,14,2,736077599457026048,SF,San Francisco 49ers,DEF,0,0,0
2025,14,3,737091087440674816,4943,Sam Darnold,QB,22.26,1,0
2025,14,3,737091087440674816,9997,Zay Flowers,WR,21.1,1,0
2025,14,3,737091087440674816,6804,Jordan Love,QB,19.26,1,0
2025,14,3,737091087440674816,8150,Kyren Williams,RB,17.7,1,0
2025,14,3,737091087440674816,7567,Kenny Gainwell,RB,16.2,0,0
2025,14,3,737091087440674816,7547,Amon-Ra St. Brown,WR,15.2,1,0
2025,14,3,737091087440674816,4195,Jake Elliott,K,14.0,1,0
2025,14,3,737091087440674816,LAC,Los Angeles Chargers,DEF,12.25,1,0
2025,14,3,737091087440674816,8138,James Cook,RB,10.1,1,0
2025,14,3,737091087440674816,11624,Xavier Worthy,WR,8.5,0,0
2025,14,3,737091087440674816,12518,Tyler Warren,TE,3.7,1,0
2025,14,3,737091087440674816,11637,Keon Coleman,WR,3.6,0,0
2025,14,3,737091087440674816,6794,Justin Jefferson,WR,3.1,1,0
2025,14,3,737091087440674816,5970,Greg Dortch,WR,0,0,0
2025,14,3,737091087440674816,8126,Wan'Dale Robinson,WR,0,0,0
2025,14,4,736744257179770880,421,Matthew Stafford,QB,23.24,1,0
2025,14,4,736744257179770880,4866,Saquon Barkley,RB,20.2,1,0
2025,14,4,736744257179770880,6797,Justin Herbert,QB,11.16,1,0
2025,14,4,736744257179770880,BUF,Buffalo Bills,DEF,10.25,0,0
2025,14,4,736744257179770880,9506,Sean Tucker,RB,8.9,0,0
2025,14,4,736744257179770880,10229,Rashee Rice,WR,7.4,1,0
2025,14,4,736744257179770880,9508,Tyjae Spears,RB,6.7,1,0
2025,14,4,736744257179770880,9500,Josh Downs,WR,6.3,1,0
2025,14,4,736744257179770880,5848,Marquise Brown,WR,4.5,0,0
2025,14,4,736744257179770880,7839,Evan McPherson,K,4.0,1,0
2025,14,4,736744257179770880,9754,Quentin Johnston,WR,2.8,1,0
2025,14,4,736744257179770880,IND,Indianapolis Colts,DEF,2.5,1,0
2025,14,4,736744257179770880,12493,Oronde Gadsden,TE,1.7,1,0
2025,14,4,736744257179770880,12481,Cam Skattebo,RB,0,0,0
2025,14,4,736744257179770880,2306,Jameis Winston,QB,0,0,0
2025,14,4,736744257179770880,4217,George Kittle,TE,0,0,0
2025,14,4,736744257179770880,7611,Rhamondre Stevenson,RB,0,0,0
2025,14,5,716698629934481408,5967,Tony Pollard,RB,30.1,0,0
2025,14,5,716698629934481408,6801,Tee Higgins,WR,27.2,1,0
2025,14,5,716698629934481408,96,Aaron Rodgers,QB,21.46,1,0
2025,14,5,716698629934481408,7526,Jaylen Waddle,WR,18.1,1,0
2025,14,5,716698629934481408,12476,Devin Neal,RB,15.4,1,0
2025,14,5,716698629934481408,12517,Colston Loveland,TE,12.9,0,0
2025,14,5,716698629934481408,12522,Cam Ward,QB,11.08,1,0
2025,14,5,716698629934481408,8110,Jake Ferguson,TE,10.8,1,0
2025,14,5,716698629934481408,4037,Chris Godwin,WR,10.5,0,0
2025,14,5,716698629934481408,9756,Jordan Addison,WR,10.2,0,0
2025,14,5,716698629934481408,12534,Kyle Monangai,RB,8.7,1,0
2025,14,5,716698629934481408,CLE,Cleveland Browns,DEF,5.25,1,0
2025,14,5,716698629934481408,4227,Harrison Butker,K,1.0,1,0
2025,14,5,716698629934481408,4983,DJ Moore,WR,0.6,1,0
2025,14,5,716698629934481408,12529,TreVeyon Henderson,RB,0,0,0
2025,14,5,716698629934481408,8183,Brock Purdy,QB,0,0,0
2025,14,6,736740647758938112,12524,Shedeur Sanders,QB,34.46,1,0
2025,14,6,736740647758938112,12489,RJ Harvey,RB,22.0,1,0
2025,14,6,736740647758938112,7569,Nico Collins,WR,16.6,1,0
2025,14,6,736740647758938112,11584,Bucky Irving,RB,16.1,1,0
2025,14,6,736740647758938112,7553,Kyle Pitts,TE,15.0,1,0
2025,14,6,736740647758938112,11560,Caleb Williams,QB,14.94,1,0
2025,14,6,736740647758938112,5892,David Montgomery,RB,14.3,0,0
2025,14,6,736740647758938112,6790,D'Andre Swift,RB,11.2,1,0
2025,14,6,736740647758938112,8134,Khalil Shakir,WR,9.6,0,0
2025,14,6,736740647758938112,KC,Kansas City Chiefs,DEF,7.75,1,0
2025,14,6,736740647758938112,2133,Davante Adams,WR,6.9,1,0
2025,14,6,736740647758938112,5872,Deebo Samuel,WR,6.7,0,0
2025,14,6,736740647758938112,3678,Wil Lutz,K,6.0,1,0
2025,14,6,736740647758938112,1166,Kirk Cousins,QB,2.48,0,0
2025,14,6,736740647758938112,5189,Eddy Pineiro,K,0,0,0
2025,14,6,736740647758938112,9504,Kayshon Boutte,WR,0,0,0
2025,14,6,736740647758938112,NE,New England Patriots,DEF,0,0,0
2025,14,7,735974647736213504,6770,Joe Burrow,QB,22.86,1,0
2025,14,7,735974647736213504,6786,CeeDee Lamb,WR,18.6,1,0
2025,14,7,735974647736213504,8148,Jameson Williams,WR,17.3,1,0
2025,14,7,735974647736213504,10236,Dalton Kincaid,TE,14.1,1,0
2025,14,7,735974647736213504,2747,Jason Myers,K,14.0,1,0
2025,14,7,735974647736213504,11631,Brian Thomas,WR,11.7,1,0
2025,14,7,735974647736213504,12512,Quinshon Judkins,RB,9.4,1,0
2025,14,7,735974647736213504,4098,Kareem Hunt,RB,9.0,1,0
2025,14,7,735974647736213504,8132,Tyler Allgeier,RB,8.7,0,0
2025,14,7,735974647736213504,TB,Tampa Bay Buccaneers,DEF,8.25,1,0
2025,14,7,735974647736213504,8147,John Metchie,WR,7.4,0,0
2025,14,7,735974647736213504,4147,Samaje Perine,RB,4.8,0,0
2025,14,7,735974647736213504,PIT,Pittsburgh Steelers,DEF,2.0,0,0
2025,14,7,735974647736213504,5870,Daniel Jones,QB,0.8,1,0
2025,14,7,735974647736213504,11589,Trey Benson,RB,0,0,0
2025,14,7,735974647736213504,5849,Kyler Murray,QB,0,0,0
2025,14,7,735974647736213504,827,Tyrod Taylor,QB,-1.76,0,0
2025,14,8,736803054736822272,10232,Michael Wilson,WR,37.7,1,0
2025,14,8,736803054736822272,8167,Christian Watson,WR,25.4,1,0
2025,14,8,736803054736822272,11563,Bo Nix,QB,16.48,1,0
2025,14,8,736803054736822272,HOU,Houston Texans,DEF,15.0,1,0
2025,14,8,736803054736822272,8142,Alec Pierce,WR,13.0,0,0
2025,14,8,736803054736822272,9758,C.J. Stroud,QB,12.62,1,0
2025,14,8,736803054736822272,4039,Cooper Kupp,WR,11.5,0,0
2025,14,8,736803054736822272,3198,Derrick Henry,RB,11.2,1,0
2025,14,8,736803054736822272,8408,Jordan Mason,RB,11.2,0,0
2025,14,8,736803054736822272,1945,Chris Boswell,K,9.0,1,0
2025,14,8,736803054736822272,7525,DeVonta Smith,WR,7.7,1,0
2025,14,8,736803054736822272,10219,Chris Rodriguez,RB,5.2,1,0
2025,14,8,736803054736822272,5012,Mark Andrews,TE,1.9,1,0
2025,14,8,736803054736822272,11435,Emanuel Wilson,RB,1.0,0,0
2025,14,8,736803054736822272,4034,Christian McCaffrey,RB,0,0,0
2025,14,8,736803054736822272,7585,Davis Mills,QB,0,0,0
2025,14,8,736803054736822272,9484,Tucker Kraft,TE,0,0,0
2025,14,9,710284244835979264,4881,Lamar Jackson,QB,21.06,1,0
2025,14,9,710284244835979264,MIA,Miami Dolphins,DEF,19.0,1,0
2025,14,9,710284244835979264,8676,Rashid Shaheed,WR,16.7,0,0
2025,14,9,710284244835979264,5045,Courtland Sutton,WR,12.2,1,0
2025,14,9,710284244835979264,6813,Jonathan Taylor,RB,11.4,1,0
2025,14,9,710284244835979264,4892,Baker Mayfield,QB,11.08,1,0
2025,14,9,710284244835979264,6650,Chase McLaughlin,K,9.0,1,0
2025,14,9,710284244835979264,7002,Juwan Johnson,TE,7.8,1,0
2025,14,9,710284244835979264,4199,Aaron Jones,RB,7.6,1,0
2025,14,9,710284244835979264,12527,Ashton Jeanty,RB,5.8,1,0
2025,14,9,710284244835979264,11635,Ladd McConkey,WR,2.2,1,0
2025,14,9,710284244835979264,4988,Nick Chubb,RB,0.3,0,0
2025,14,9,710284244835979264,10859,Sam LaPorta,TE,0,0,0
2025,14,9,710284244835979264,11620,Rome Odunze,WR,0,0,0
2025,14,9,710284244835979264,4144,Jonnu Smith,TE,0,0,0
2025,14,9,710284244835979264,6130,Devin Singletary,RB,0,0,0
2025,14,9,710284244835979264,9487,Parker Washington,WR,0,0,0
2025,14,10,475399371639222272,4984,Josh Allen,QB,38.34,1,0
2025,14,10,475399371639222272,9221,Jahmyr Gibbs,RB,37.0,1,0
2025,14,10,475399371639222272,9488,Jaxon Smith-Njigba,WR,27.1,1,0
2025,14,10,475399371639222272,12545,Tyler Shough,QB,21.26,0,0
2025,14,10,475399371639222272,3294,Dak Prescott,QB,17.94,1,0
2025,14,10,475399371639222272,11604,Brock Bowers,TE,14.6,1,0
2025,14,10,475399371639222272,DEN,Denver Broncos,DEF,14.5,1,0
2025,14,10,475399371639222272,11539,Jake Bates,K,14.0,1,0
2025,14,10,475399371639222272,9509,Bijan Robinson,RB,9.4,1,0
2025,14,10,475399371639222272,9753,Zach Charbonnet,RB,8.6,0,0
2025,14,10,475399371639222272,5927,Terry McLaurin,WR,7.1,1,0
2025,14,10,475399371639222272,12484,Jayden Higgins,WR,6.4,1,0
2025,14,10,475399371639222272,1479,Keenan Allen,WR,5.2,0,0
2025,14,10,475399371639222272,10213,Tre Tucker,WR,4.4,0,0
2025,14,10,475399371639222272,11655,Tyrone Tracy,RB,0,0,0
2025,14,10,475399371639222272,2216,Mike Evans,WR,0,0,0
2025,14,10,475399371639222272,3214,Hunter Henry,TE,0,0,0
2025,14,11,865793938542456832,11586,Blake Corum,RB,27.1,0,0
2025,14,11,865793938542456832,7543,Travis Etienne,RB,21.2,1,0
2025,14,11,865793938542456832,6783,Jerry Jeudy,WR,18.1,1,0
2025,14,11,865793938542456832,5850,Josh Jacobs,RB,17.2,1,0
2025,14,11,865793938542456832,6819,Michael Pittman,WR,16.9,1,0
2025,14,11,865793938542456832,8137,George Pickens,WR,7.7,1,0
2025,14,11,865793938542456832,17,Matt Prater,K,7.0,1,0
2025,14,11,865793938542456832,8122,Zonovan Knight,RB,6.4,0,0
2025,14,11,865793938542456832,5001,Dalton Schultz,TE,5.2,0,0
2025,14,11,865793938542456832,1339,Zach Ertz,TE,2.1,1,0
2025,14,11,865793938542456832,BAL,Baltimore Ravens,DEF,2.0,1,0
2025,14,11,865793938542456832,7090,Darnell Mooney,WR,1.6,1,0
2025,14,11,865793938542456832,6904,Jalen Hurts,QB,0.4,1,0
2025,14,11,865793938542456832,11564,Drake Maye,QB,0,0,0
2025,14,11,865793938542456832,11628,Marvin Harrison,WR,0,0,0
2025,14,11,865793938542456832,11638,Ricky Pearsall,WR,0,0,0
2025,14,11,865793938542456832,8146,Garrett Wilson,WR,0,0,0
2025,14,12,1136842855890366464,9493,Puka Nacua,WR,36.2,1,0
2025,14,12,1136842855890366464,12506,Harold Fannin,TE,25.9,1,0
2025,14,12,1136842855890366464,5846,DK Metcalf,WR,22.3,0,0
2025,14,12,1136842855890366464,8259,Cameron Dicker,K,20.0,1,0
2025,14,12,1136842855890366464,9224,Chase Brown,RB,18.5,1,0
2025,14,12,1136842855890366464,3163,Jared Goff,QB,16.66,1,0
2025,14,12,1136842855890366464,5022,Dallas Goedert,TE,15.8,0,0
2025,14,12,1136842855890366464,8228,Jaylen Warren,RB,15.2,0,0
2025,14,12,1136842855890366464,5947,Jakobi Meyers,WR,14.8,1,0
2025,14,12,1136842855890366464,PHI,Philadelphia Eagles,DEF,14.75,1,0
2025,14,12,1136842855890366464,11786,Cam Little,K,11.0,0,0
2025,14,12,1136842855890366464,10222,Jayden Reed,WR,9.3,0,0
2025,14,12,1136842855890366464,4046,Patrick Mahomes,QB,6.3,1,0
2025,14,12,1136842855890366464,8144,Chris Olave,WR,6.0,1,0
2025,14,12,1136842855890366464,8155,Breece Hall,RB,4.3,1,0
2025,14,12,1136842855890366464,19,Joe Flacco,QB,0,0,0
2025,14,12,1136842855890366464,8121,Romeo Doubs,WR,0,0,0
2025,15,1,608781531883859968,8130,Trey McBride,TE,37.9,1,1
2025,15,1,608781531883859968,12508,Jaxson Dart,QB,21.14,1,1
2025,15,1,608781531883859968,3257,Jacoby Brissett,QB,21.06,0,1
2025,15,1,608781531883859968,CHI,Chicago Bears,DEF,20.75,1,1
2025,15,1,608781531883859968,9228,Bryce Young,QB,15.42,1,1
2025,15,1,608781531883859968,12519,Luther Burden,WR,14.4,0,1
2025,15,1,608781531883859968,11533,Brandon Aubrey,K,12.6,1,1
2025,15,1,608781531883859968,7021,Rico Dowdle,RB,12.4,1,1
2025,15,1,608781531883859968,12514,Emeka Egbuka,WR,10.4,1,1
2025,15,1,608781531883859968,11647,Kimani Vidal,RB,5.8,0,1
2025,15,1,608781531883859968,7594,Chuba Hubbard,RB,4.8,0,1
2025,15,1,608781531883859968,12526,Tetairoa McMillan,WR,4.5,1,1
2025,15,1,608781531883859968,8151,Kenneth Walker,RB,2.9,1,1
2025,15,1,608781531883859968,6803,Brandon Aiyuk,WR,0,0,1
2025,15,1,608781531883859968,8112,Drake London,WR,0,0,1
2025,15,1,608781531883859968,8131,Isaiah Likely,TE,0,1,1
2025,15,2,736077599457026048,7523,Trevor Lawrence,QB,44.3,1,1
2025,15,2,736077599457026048,2505,Darren Waller,TE,25.6,0,1
2025,15,2,736077599457026048,7564,Ja'Marr Chase,WR,23.7,1,1
2025,15,2,736077599457026048,7049,Jauan Jennings,WR,18.7,0,1
2025,15,2,736077599457026048,9226,De'Von Achane,RB,18.7,1,1
2025,15,2,736077599457026048,3451,Ka'imi Fairbairn,K,16.0,1,1
2025,15,2,736077599457026048,7588,Javonte Williams,RB,15.1,1,1
2025,15,2,736077599457026048,2307,Marcus Mariota,QB,14.74,1,1
2025,15,2,736077599457026048,1466,Travis Kelce,TE,14.0,1,1
2025,15,2,736077599457026048,5859,A.J. Brown,WR,12.1,1,1
2025,15,2,736077599457026048,12474,Woody Marks,RB,10.8,1,1
2025,15,2,736077599457026048,12507,Omarion Hampton,RB,7.5,0,1
2025,15,2,736077599457026048,SEA,Seattle Seahawks,DEF,6.75,1,1
2025,15,2,736077599457026048,2449,Stefon Diggs,WR,5.6,0,1
2025,15,2,736077599457026048,9480,Brenton Strange,TE,3.6,0,1
2025,15,2,736077599457026048,8154,Brian Robinson,RB,2.1,0,1
2025,15,2,736077599457026048,SF,San Francisco 49ers,DEF,1.5,0,1
2025,15,2,736077599457026048,11566,Jayden Daniels,QB,0,0,1
2025,15,3,737091087440674816,7547,Amon-Ra St. Brown,WR,41.9,1,1
2025,15,3,737091087440674816,8138,James Cook,RB,31.6,1,1
2025,15,3,737091087440674816,8150,Kyren Williams,RB,21.8,1,1
2025,15,3,737091087440674816,7567,Kenny Gainwell,RB,19.6,0,1
2025,15,3,737091087440674816,8126,Wan'Dale Robinson,WR,16.4,0,1
2025,15,3,737091087440674816,9997,Zay Flowers,WR,15.8,1,1
2025,15,3,737091087440674816,6804,Jordan Love,QB,13.94,1,1
2025,15,3,737091087440674816,4943,Sam Darnold,QB,10.34,1,1
2025,15,3,737091087440674816,11783,Ryan Flournoy,WR,8.0,0,1
2025,15,3,737091087440674816,4195,Jake Elliott,K,7.0,1,1
2025,15,3,737091087440674816,11624,Xavier Worthy,WR,5.5,0,1
2025,15,3,737091087440674816,12518,Tyler Warren,TE,4.9,1,1
2025,15,3,737091087440674816,6794,Justin Jefferson,WR,4.2,1,1
2025,15,3,737091087440674816,CLE,Cleveland Browns,DEF,2.75,1,1
2025,15,3,737091087440674816,11637,Keon Coleman,WR,0,0,1
2025,15,3,737091087440674816,5970,Greg Dortch,WR,0,0,1
2025,15,4,736744257179770880,4217,George Kittle,TE,22.8,1,1
2025,15,4,736744257179770880,421,Matthew Stafford,QB,19.92,1,1
2025,15,4,736744257179770880,4866,Saquon Barkley,RB,17.2,1,1
2025,15,4,736744257179770880,10229,Rashee Rice,WR,12.1,1,1
2025,15,4,736744257179770880,7611,Rhamondre Stevenson,RB,10.7,0,1
2025,15,4,736744257179770880,6797,Justin Herbert,QB,10.4,1,1
2025,15,4,736744257179770880,9500,Josh Downs,WR,10.3,0,1
2025,15,4,736744257179770880,12493,Oronde Gadsden,TE,10.1,1,1
2025,15,4,736744257179770880,9506,Sean Tucker,RB,6.7,0,1
2025,15,4,736744257179770880,9508,Tyjae Spears,RB,5.6,1,1
2025,15,4,736744257179770880,BUF,Buffalo Bills,DEF,4.75,0,1
2025,15,4,736744257179770880,IND,Indianapolis Colts,DEF,3.75,1,1
2025,15,4,736744257179770880,12481,Cam Skattebo,RB,0,0,1
2025,15,4,736744257179770880,2306,Jameis Winston,QB,0,0,1
2025,15,4,736744257179770880,5848,Marquise Brown,WR,0,0,1
2025,15,4,736744257179770880,7839,Evan McPherson,K,0,1,1
2025,15,4,736744257179770880,9754,Quentin Johnston,WR,0,1,1
2025,15,5,716698629934481408,12529,TreVeyon Henderson,RB,33.6,1,1
2025,15,5,716698629934481408,8183,Brock Purdy,QB,26.2,1,1
2025,15,5,716698629934481408,4983,DJ Moore,WR,22.9,0,1
2025,15,5,716698629934481408,5967,Tony Pollard,RB,18.7,0,1
2025,15,5,716698629934481408,96,Aaron Rodgers,QB,16.96,1,1
2025,15,5,716698629934481408,12522,Cam Ward,QB,15.0,0,1
2025,15,5,716698629934481408,4037,Chris Godwin,WR,14.0,0,1
2025,15,5,716698629934481408,JAX,Jacksonville Jaguars,DEF,13.25,1,1
2025,15,5,716698629934481408,12476,Devin Neal,RB,10.2,1,1
2025,15,5,716698629934481408,12517,Colston Loveland,TE,10.1,0,1
2025,15,5,716698629934481408,9756,Jordan Addison,WR,8.6,1,1
2025,15,5,716698629934481408,12711,Tyler Loop,K,6.0,1,1
2025,15,5,716698629934481408,7526,Jaylen Waddle,WR,4.6,1,1
2025,15,5,716698629934481408,8110,Jake Ferguson,TE,3.6,1,1
2025,15,5,716698629934481408,12534,Kyle Monangai,RB,3.3,1,1
2025,15,5,716698629934481408,6801,Tee Higgins,WR,0,0,1
2025,15,6,736740647758938112,7553,Kyle Pitts,TE,46.1,1,1
2025,15,6,736740647758938112,1166,Kirk Cousins,QB,26.42,0,1
2025,15,6,736740647758938112,7569,Nico Collins,WR,25.0,1,1
2025,15,6,736740647758938112,6790,D'Andre Swift,RB,22.6,0,1
2025,15,6,736740647758938112,11560,Caleb Williams,QB,17.98,1,1
2025,15,6,736740647758938112,5189,Eddy Pineiro,K,14.0,1,1
2025,15,6,736740647758938112,8134,Khalil Shakir,WR,11.5,0,1
2025,15,6,736740647758938112,2133,Davante Adams,WR,11.1,1,1
2025,15,6,736740647758938112,12489,RJ Harvey,RB,10.5,1,1
2025,15,6,736740647758938112,5892,David Montgomery,RB,9.2,0,1
2025,15,6,736740647758938112,11584,Bucky Irving,RB,8.1,1,1
2025,15,6,736740647758938112,5872,Deebo Samuel,WR,7.3,1,1
2025,15,6,736740647758938112,9504,Kayshon Boutte,WR,4.0,0,1
2025,15,6,736740647758938112,12524,Shedeur Sanders,QB,3.48,1,1
2025,15,6,736740647758938112,GB,Green Bay Packers,DEF,3.0,1,1
2025,15,6,736740647758938112,NE,New England Patriots,DEF,-1.0,0,1
2025,15,7,735974647736213504,8148,Jameson Williams,WR,26.9,1,1
2025,15,7,735974647736213504,2747,Jason Myers,K,24.0,1,1
2025,15,7,735974647736213504,11565,J.J. McCarthy,QB,23.5,1,1
2025,15,7,735974647736213504,6786,CeeDee Lamb,WR,17.6,1,1
2025,15,7,735974647736213504,11631,Brian Thomas,WR,17.1,1,1
2025,15,7,735974647736213504,12533,Jacory Croskey-Merritt,RB,14.6,1,1
2025,15,7,735974647736213504,6149,Darius Slayton,WR,9.3,0,1
2025,15,7,735974647736213504,PIT,Pittsburgh Steelers,DEF,9.0,0,1
2025,15,7,735974647736213504,KC,Kansas City Chiefs,DEF,8.0,0,1
2025,15,7,735974647736213504,10236,Dalton Kincaid,TE,6.4,1,1
2025,15,7,735974647736213504,6770,Joe Burrow,QB,5.0,1,1
2025,15,7,735974647736213504,12512,Quinshon Judkins,RB,4.7,1,1
2025,15,7,735974647736213504,4098,Kareem Hunt,RB,3.0,0,1
2025,15,7,735974647736213504,8132,Tyler Allgeier,RB,1.8,0,1
2025,15,7,735974647736213504,DAL,Dallas Cowboys,DEF,1.5,1,1
2025,15,7,735974647736213504,4035,Alvin Kamara,RB,0,0,1
2025,15,7,735974647736213504,5870,Daniel Jones,QB,0,0,1
2025,15,7,735974647736213504,TB,Tampa Bay Buccaneers,DEF,-1.25,0,1
2025,15,8,736803054736822272,11563,Bo Nix,QB,29.08,1,1
2025,15,8,736803054736822272,9758,C.J. Stroud,QB,23.4,1,1
2025,15,8,736803054736822272,10232,Michael Wilson,WR,16.4,1,1
2025,15,8,736803054736822272,4034,Christian McCaffrey,RB,15.7,1,1
2025,15,8,736803054736822272,3198,Derrick Henry,RB,10.5,1,1
2025,15,8,736803054736822272,HOU,Houston Texans,DEF,10.0,1,1
2025,15,8,736803054736822272,4039,Cooper Kupp,WR,9.6,0,1
2025,15,8,736803054736822272,7525,DeVonta Smith,WR,7.0,1,1
2025,15,8,736803054736822272,8167,Christian Watson,WR,5.9,1,1
2025,15,8,736803054736822272,1945,Chris Boswell,K,4.0,1,1
2025,15,8,736803054736822272,5012,Mark Andrews,TE,3.8,1,1
2025,15,8,736803054736822272,8408,Jordan Mason,RB,2.9,0,1
2025,15,8,736803054736822272,8142,Alec Pierce,WR,2.6,0,1
2025,15,8,736803054736822272,11435,Emanuel Wilson,RB,0.3,0,1
2025,15,8,736803054736822272,10219,Chris Rodriguez,RB,0,0,1
2025,15,8,736803054736822272,7585,Davis Mills,QB,0,0,1
2025,15,8,736803054736822272,9484,Tucker Kraft,TE,0,0,1
2025,15,9,710284244835979264,5045,Courtland Sutton,WR,24.8,1,1
2025,15,9,710284244835979264,4892,Baker Mayfield,QB,19.18,1,1
2025,15,9,710284244835979264,4881,Lamar Jackson,QB,13.6,1,1
2025,15,9,710284244835979264,6813,Jonathan Taylor,RB,13.1,1,1
2025,15,9,710284244835979264,8676,Rashid Shaheed,WR,12.1,0,1
2025,15,9,710284244835979264,6650,Chase McLaughlin,K,11.0,1,1
2025,15,9,710284244835979264,4144,Jonnu Smith,TE,10.6,0,1
2025,15,9,710284244835979264,4199,Aaron Jones,RB,9.5,1,1
2025,15,9,710284244835979264,9487,Parker Washington,WR,8.3,0,1
2025,15,9,710284244835979264,12527,Ashton Jeanty,RB,8.2,1,1
2025,15,9,710284244835979264,7002,Juwan Johnson,TE,7.0,1,1
2025,15,9,710284244835979264,11635,Ladd McConkey,WR,4.0,1,1
2025,15,9,710284244835979264,MIA,Miami Dolphins,DEF,3.25,1,1
2025,15,9,710284244835979264,6130,Devin Singletary,RB,2.4,0,1
2025,15,9,710284244835979264,10859,Sam LaPorta,TE,0,0,1
2025,15,9,710284244835979264,11620,Rome Odunze,WR,0,0,1
2025,15,9,710284244835979264,4988,Nick Chubb,RB,0,0,1
2025,15,10,475399371639222272,9509,Bijan Robinson,RB,29.5,1,1
2025,15,10,475399371639222272,11655,Tyrone Tracy,RB,24.7,1,1
2025,15,10,475399371639222272,4984,Josh Allen,QB,24.52,1,1
2025,15,10,475399371639222272,2216,Mike Evans,WR,19.7,0,1
2025,15,10,475399371639222272,9488,Jaxon Smith-Njigba,WR,18.8,1,1
2025,15,10,475399371639222272,12545,Tyler Shough,QB,18.08,0,1
2025,15,10,475399371639222272,5927,Terry McLaurin,WR,17.4,1,1
2025,15,10,475399371639222272,3294,Dak Prescott,QB,11.96,1,1
2025,15,10,475399371639222272,9221,Jahmyr Gibbs,RB,9.8,1,1
2025,15,10,475399371639222272,11604,Brock Bowers,TE,8.8,1,1
2025,15,10,475399371639222272,11539,Jake Bates,K,8.0,1,1
2025,15,10,475399371639222272,1479,Keenan Allen,WR,7.6,0,1
2025,15,10,475399371639222272,DEN,Denver Broncos,DEF,7.25,1,1
2025,15,10,475399371639222272,9753,Zach Charbonnet,RB,3.1,0,1
2025,15,10,475399371639222272,3214,Hunter Henry,TE,2.8,0,1
2025,15,10,475399371639222272,12484,Jayden Higgins,WR,1.4,0,1
2025,15,10,475399371639222272,DET,Detroit Lions,DEF,-5.0,0,1
2025,15,11,865793938542456832,7543,Travis Etienne,RB,32.0,1,1
2025,15,11,865793938542456832,5850,Josh Jacobs,RB,23.7,1,1
2025,15,11,865793938542456832,6904,Jalen Hurts,QB,22.9,1,1
2025,15,11,865793938542456832,BAL,Baltimore Ravens,DEF,22.25,1,1
2025,15,11,865793938542456832,5001,Dalton Schultz,TE,21.6,1,1
2025,15,11,865793938542456832,11564,Drake Maye,QB,20.5,1,1
2025,15,11,865793938542456832,11638,Ricky Pearsall,WR,15.6,0,1
2025,15,11,865793938542456832,11586,Blake Corum,RB,13.1,0,1
2025,15,11,865793938542456832,8137,George Pickens,WR,6.3,1,1
2025,15,11,865793938542456832,6819,Michael Pittman,WR,5.6,1,1
2025,15,11,865793938542456832,7090,Darnell Mooney,WR,5.5,0,1
2025,15,11,865793938542456832,17,Matt Prater,K,5.0,1,1
2025,15,11,865793938542456832,6783,Jerry Jeudy,WR,4.2,1,1
2025,15,11,865793938542456832,8160,Kenny Pickett,QB,1.26,0,1
2025,15,11,865793938542456832,11628,Marvin Harrison,WR,0,0,1
2025,15,11,865793938542456832,8146,Garrett Wilson,WR,0,0,1
2025,15,11,865793938542456832,8122,Zonovan Knight,RB,-0.2,0,1
2025,15,12,1136842855890366464,9493,Puka Nacua,WR,28.4,1,1
2025,15,12,1136842855890366464,3163,Jared Goff,QB,26.02,1,1
2025,15,12,1136842855890366464,5022,Dallas Goedert,TE,25.0,0,1
2025,15,12,1136842855890366464,8144,Chris Olave,WR,20.5,0,1
2025,15,12,1136842855890366464,PHI,Philadelphia Eagles,DEF,18.0,1,1
2025,15,12,1136842855890366464,9224,Chase Brown,RB,16.0,1,1
2025,15,12,1136842855890366464,5846,DK Metcalf,WR,14.5,1,1
2025,15,12,1136842855890366464,4046,Patrick Mahomes,QB,13.06,1,1
2025,15,12,1136842855890366464,5947,Jakobi Meyers,WR,12.1,1,1
2025,15,12,1136842855890366464,11786,Cam Little,K,12.0,0,1
2025,15,12,1136842855890366464,12506,Harold Fannin,TE,12.0,1,1
2025,15,12,1136842855890366464,8259,Cameron Dicker,K,12.0,1,1
2025,15,12,1136842855890366464,10222,Jayden Reed,WR,10.5,0,1
2025,15,12,1136842855890366464,8228,Jaylen Warren,RB,7.8,1,1
2025,15,12,1136842855890366464,8155,Breece Hall,RB,5.7,0,1
2025,15,12,1136842855890366464,8121,Romeo Doubs,WR,5.6,0,1
2025,16,1,608781531883859968,8151,Kenneth Walker,RB,27.4,1,1
2025,16,1,608781531883859968,12526,Tetairoa McMillan,WR,19.3,1,1
2025,16,1,608781531883859968,9228,Bryce Young,QB,17.64,0,1
2025,16,1,608781531883859968,TEN,Tennessee Titans,DEF,13.5,1,1
2025,16,1,608781531883859968,11588,Jawhar Jordan,RB,12.0,0,1
2025,16,1,608781531883859968,3257,Jacoby Brissett,QB,10.62,1,1
2025,16,1,608781531883859968,7021,Rico Dowdle,RB,8.3,1,1
2025,16,1,608781531883859968,8130,Trey McBride,TE,6.7,1,1
2025,16,1,608781531883859968,8112,Drake London,WR,5.7,1,1
2025,16,1,608781531883859968,11533,Brandon Aubrey,K,5.0,1,1
2025,16,1,608781531883859968,12514,Emeka Egbuka,WR,5.0,1,1
2025,16,1,608781531883859968,7594,Chuba Hubbard,RB,4.4,0,1
2025,16,1,608781531883859968,11647,Kimani Vidal,RB,1.1,0,1
2025,16,1,608781531883859968,12508,Jaxson Dart,QB,0.02,1,1
2025,16,1,608781531883859968,6803,Brandon Aiyuk,WR,0,0,1
2025,16,1,608781531883859968,8131,Isaiah Likely,TE,0,0,1
2025,16,2,736077599457026048,7523,Trevor Lawrence,QB,31.16,1,1
2025,16,2,736077599457026048,2449,Stefon Diggs,WR,23.3,0,1
2025,16,2,736077599457026048,7564,Ja'Marr Chase,WR,20.4,1,1
2025,16,2,736077599457026048,5859,A.J. Brown,WR,18.5,1,1
2025,16,2,736077599457026048,9226,De'Von Achane,RB,18.5,1,1
2025,16,2,736077599457026048,7049,Jauan Jennings,WR,18.1,0,1
2025,16,2,736077599457026048,12507,Omarion Hampton,RB,16.5,1,1
2025,16,2,736077599457026048,3451,Ka'imi Fairbairn,K,16.0,1,1
2025,16,2,736077599457026048,MIN,Minnesota Vikings,DEF,14.25,1,1
2025,16,2,736077599457026048,12534,Kyle Monangai,RB,12.3,0,1
2025,16,2,736077599457026048,2505,Darren Waller,TE,7.0,0,1
2025,16,2,736077599457026048,7588,Javonte Williams,RB,6.3,1,1
2025,16,2,736077599457026048,2307,Marcus Mariota,QB,3.7,1,1
2025,16,2,736077599457026048,1466,Travis Kelce,TE,1.6,1,1
2025,16,2,736077599457026048,12474,Woody Marks,RB,0,0,1
2025,16,2,736077599457026048,SEA,Seattle Seahawks,DEF,-1.5,0,1
2025,16,3,737091087440674816,8138,James Cook,RB,27.4,1,1
2025,16,3,737091087440674816,7567,Kenny Gainwell,RB,24.3,0,1
2025,16,3,737091087440674816,9997,Zay Flowers,WR,21.2,1,1
2025,16,3,737091087440674816,4943,Sam Darnold,QB,19.5,1,1
2025,16,3,737091087440674816,6794,Justin Jefferson,WR,14.5,1,1
2025,16,3,737091087440674816,8150,Kyren Williams,RB,11.5,1,1
2025,16,3,737091087440674816,11783,Ryan Flournoy,WR,9.8,0,1
2025,16,3,737091087440674816,7547,Amon-Ra St. Brown,WR,9.4,1,1
2025,16,3,737091087440674816,CLE,Cleveland Browns,DEF,7.0,1,1
2025,16,3,737091087440674816,11624,Xavier Worthy,WR,6.1,0,1
2025,16,3,737091087440674816,12518,Tyler Warren,TE,6.0,1,1
2025,16,3,737091087440674816,8126,Wan'Dale Robinson,WR,5.2,0,1
2025,16,3,737091087440674816,6804,Jordan Love,QB,2.78,1,1
2025,16,3,737091087440674816,11637,Keon Coleman,WR,0,0,1
2025,16,3,737091087440674816,5970,Greg Dortch,WR,0,0,1
2025,16,3,737091087440674816,4195,Jake Elliott,K,-2.0,1,1
2025,16,4,736744257179770880,421,Matthew Stafford,QB,32.38,1,1
2025,16,4,736744257179770880,6797,Justin Herbert,QB,29.2,1,1
2025,16,4,736744257179770880,4217,George Kittle,TE,25.0,1,1
2025,16,4,736744257179770880,4866,Saquon Barkley,RB,21.7,1,1
2025,16,4,736744257179770880,9508,Tyjae Spears,RB,21.5,0,1
2025,16,4,736744257179770880,9754,Quentin Johnston,WR,20.9,1,1
2025,16,4,736744257179770880,7611,Rhamondre Stevenson,RB,17.8,0,1
2025,16,4,736744257179770880,9500,Josh Downs,WR,11.8,0,1
2025,16,4,736744257179770880,BUF,Buffalo Bills,DEF,10.75,1,1
2025,16,4,736744257179770880,7839,Evan McPherson,K,10.0,1,1
2025,16,4,736744257179770880,12509,Tre' Harris,WR,9.4,0,1
2025,16,4,736744257179770880,11646,Jalen Coker,WR,7.7,1,1
2025,16,4,736744257179770880,5848,Marquise Brown,WR,5.2,0,1
2025,16,4,736744257179770880,12493,Oronde Gadsden,TE,1.7,1,1
2025,16,4,736744257179770880,9220,Evan Hull,RB,0.3,1,1
2025,16,4,736744257179770880,10229,Rashee Rice,WR,0,0,1
2025,16,4,736744257179770880,12481,Cam Skattebo,RB,0,0,1
2025,16,5,716698629934481408,8183,Brock Purdy,QB,30.4,1,1
2025,16,5,716698629934481408,4983,DJ Moore,WR,22.4,1,1
2025,16,5,716698629934481408,12522,Cam Ward,QB,18.02,0,1
2025,16,5,716698629934481408,96,Aaron Rodgers,QB,16.04,1,1
2025,16,5,716698629934481408,6801,Tee Higgins,WR,14.3,1,1
2025,16,5,716698629934481408,7526,Jaylen Waddle,WR,11.2,1,1
2025,16,5,716698629934481408,5967,Tony Pollard,RB,9.7,0,1
2025,16,5,716698629934481408,4037,Chris Godwin,WR,8.0,0,1
2025,16,5,716698629934481408,11608,Isaiah Williams,WR,6.5,0,1
2025,16,5,716698629934481408,7607,Michael Carter,RB,6.5,1,1
2025,16,5,716698629934481408,12517,Colston Loveland,TE,6.0,1,1
2025,16,5,716698629934481408,8110,Jake Ferguson,TE,4.9,0,1
2025,16,5,716698629934481408,JAX,Jacksonville Jaguars,DEF,4.75,1,1
2025,16,5,716698629934481408,9756,Jordan Addison,WR,4.6,0,1
2025,16,5,716698629934481408,12711,Tyler Loop,K,4.0,1,1
2025,16,5,716698629934481408,12529,TreVeyon Henderson,RB,2.2,1,1
2025,16,6,736740647758938112,12489,RJ Harvey,RB,22.1,1,1
2025,16,6,736740647758938112,11560,Caleb Williams,QB,21.0,1,1
2025,16,6,736740647758938112,7553,Kyle Pitts,TE,18.7,1,1
2025,16,6,736740647758938112,1166,Kirk Cousins,QB,17.58,1,1
2025,16,6,736740647758938112,SF,San Francisco 49ers,DEF,14.0,1,1
2025,16,6,736740647758938112,12524,Shedeur Sanders,QB,11.18,0,1
2025,16,6,736740647758938112,11786,Cam Little,K,11.0,1,1
2025,16,6,736740647758938112,7569,Nico Collins,WR,9.9,1,1
2025,16,6,736740647758938112,6790,D'Andre Swift,RB,9.0,1,1
2025,16,6,736740647758938112,8134,Khalil Shakir,WR,7.4,0,1
2025,16,6,736740647758938112,11584,Bucky Irving,RB,7.1,1,1
2025,16,6,736740647758938112,5872,Deebo Samuel,WR,6.5,1,1
2025,16,6,736740647758938112,NE,New England Patriots,DEF,5.25,0,1
2025,16,6,736740647758938112,9504,Kayshon Boutte,WR,2.6,0,1
2025,16,6,736740647758938112,5892,David Montgomery,RB,1.4,0,1
2025,16,6,736740647758938112,2133,Davante Adams,WR,0,0,1
2025,16,7,735974647736213504,6770,Joe Burrow,QB,29.46,1,1
2025,16,7,735974647736213504,11653,Charlie Smyth,K,18.0,1,1
2025,16,7,735974647736213504,331,Philip Rivers,QB,15.08,0,1
2025,16,7,735974647736213504,8148,Jameson Williams,WR,12.0,1,1
2025,16,7,735974647736213504,6786,CeeDee Lamb,WR,11.1,1,1
2025,16,7,735974647736213504,12512,Quinshon Judkins,RB,10.1,1,1
2025,16,7,735974647736213504,12533,Jacory Croskey-Merritt,RB,8.5,0,1
2025,16,7,735974647736213504,11565,J.J. McCarthy,QB,8.32,1,1
2025,16,7,735974647736213504,11579,Audric Estime,RB,6.6,1,1
2025,16,7,735974647736213504,KC,Kansas City Chiefs,DEF,4.0,1,1
2025,16,7,735974647736213504,11631,Brian Thomas,WR,3.8,1,1
2025,16,7,735974647736213504,2747,Jason Myers,K,2.0,0,1
2025,16,7,735974647736213504,6149,Darius Slayton,WR,1.8,0,1
2025,16,7,735974647736213504,4098,Kareem Hunt,RB,0.2,0,1
2025,16,7,735974647736213504,10236,Dalton Kincaid,TE,0,0,1
2025,16,7,735974647736213504,11597,Theo Johnson,TE,0,1,1
2025,16,7,735974647736213504,4035,Alvin Kamara,RB,0,0,1
2025,16,7,735974647736213504,5870,Daniel Jones,QB,0,0,1
2025,16,8,736803054736822272,4034,Christian McCaffrey,RB,33.1,1,1
2025,16,8,736803054736822272,8142,Alec Pierce,WR,24.6,0,1
2025,16,8,736803054736822272,3198,Derrick Henry,RB,23.3,1,1
2025,16,8,736803054736822272,7525,DeVonta Smith,WR,16.2,1,1
2025,16,8,736803054736822272,11563,Bo Nix,QB,15.68,1,1
2025,16,8,736803054736822272,10219,Chris Rodriguez,RB,13.9,0,1
2025,16,8,736803054736822272,10232,Michael Wilson,WR,13.2,1,1
2025,16,8,736803054736822272,HOU,Houston Texans,DEF,12.75,1,1
2025,16,8,736803054736822272,9758,C.J. Stroud,QB,10.48,1,1
2025,16,8,736803054736822272,11435,Emanuel Wilson,RB,8.2,0,1
2025,16,8,736803054736822272,1945,Chris Boswell,K,8.0,1,1
2025,16,8,736803054736822272,4039,Cooper Kupp,WR,6.9,0,1
2025,16,8,736803054736822272,5012,Mark Andrews,TE,4.4,1,1
2025,16,8,736803054736822272,8167,Christian Watson,WR,3.7,1,1
2025,16,8,736803054736822272,8408,Jordan Mason,RB,2.1,0,1
2025,16,8,736803054736822272,7585,Davis Mills,QB,0,0,1
2025,16,8,736803054736822272,9484,Tucker Kraft,TE,0,0,1
2025,16,9,710284244835979264,12527,Ashton Jeanty,RB,35.3,0,1
2025,16,9,710284244835979264,9487,Parker Washington,WR,27.0,0,1
2025,16,9,710284244835979264,5045,Courtland Sutton,WR,20.6,1,1
2025,16,9,710284244835979264,6813,Jonathan Taylor,RB,16.9,1,1
2025,16,9,710284244835979264,7002,Juwan Johnson,TE,16.9,1,1
2025,16,9,710284244835979264,11635,Ladd McConkey,WR,14.3,1,1
2025,16,9,710284244835979264,4892,Baker Mayfield,QB,12.7,1,1
2025,16,9,710284244835979264,4199,Aaron Jones,RB,11.3,1,1
2025,16,9,710284244835979264,6650,Chase McLaughlin,K,10.0,1,1
2025,16,9,710284244835979264,8676,Rashid Shaheed,WR,9.1,1,1
2025,16,9,710284244835979264,CIN,Cincinnati Bengals,DEF,7.5,1,1
2025,16,9,710284244835979264,6130,Devin Singletary,RB,5.6,0,1
2025,16,9,710284244835979264,4988,Nick Chubb,RB,5.2,0,1
2025,16,9,710284244835979264,4881,Lamar Jackson,QB,4.74,1,1
2025,16,9,710284244835979264,4144,Jonnu Smith,TE,2.8,0,1
2025,16,9,710284244835979264,10859,Sam LaPorta,TE,0,0,1
2025,16,9,710284244835979264,11620,Rome Odunze,WR,0,0,1
2025,16,10,475399371639222272,9509,Bijan Robinson,RB,29.8,1,1
2025,16,10,475399371639222272,9488,Jaxon Smith-Njigba,WR,23.6,1,1
2025,16,10,475399371639222272,9221,Jahmyr Gibbs,RB,21.8,1,1
2025,16,10,475399371639222272,3294,Dak Prescott,QB,19.16,1,1
2025,16,10,475399371639222272,12545,Tyler Shough,QB,17.62,0,1
2025,16,10,475399371639222272,9753,Zach Charbonnet,RB,17.4,0,1
2025,16,10,475399371639222272,11604,Brock Bowers,TE,14.3,1,1
2025,16,10,475399371639222272,2216,Mike Evans,WR,14.1,1,1
2025,16,10,475399371639222272,11627,Troy Franklin,WR,10.6,0,1
2025,16,10,475399371639222272,11655,Tyrone Tracy,RB,9.8,1,1
2025,16,10,475399371639222272,1479,Keenan Allen,WR,9.4,0,1
2025,16,10,475399371639222272,5927,Terry McLaurin,WR,8.3,0,1
2025,16,10,475399371639222272,4984,Josh Allen,QB,6.9,1,1
2025,16,10,475399371639222272,11539,Jake Bates,K,6.0,1,1
2025,16,10,475399371639222272,DEN,Denver Broncos,DEF,4.75,1,1
2025,16,10,475399371639222272,DET,Detroit Lions,DEF,0.5,0,1
2025,16,11,865793938542456832,8137,George Pickens,WR,26.5,1,1
2025,16,11,865793938542456832,11564,Drake Maye,QB,23.2,1,1
2025,16,11,865793938542456832,NO,New Orleans Saints,DEF,19.5,1,1
2025,16,11,865793938542456832,6904,Jalen Hurts,QB,18.4,1,1
2025,16,11,865793938542456832,7543,Travis Etienne,RB,16.6,1,1
2025,16,11,865793938542456832,5001,Dalton Schultz,TE,14.5,0,1
2025,16,11,865793938542456832,11586,Blake Corum,RB,13.1,0,1
2025,16,11,865793938542456832,4227,Harrison Butker,K,10.0,1,1
2025,16,11,865793938542456832,11625,Adonai Mitchell,WR,7.3,1,1
2025,16,11,865793938542456832,6819,Michael Pittman,WR,7.2,1,1
2025,16,11,865793938542456832,5850,Josh Jacobs,RB,4.8,1,1
2025,16,11,865793938542456832,6783,Jerry Jeudy,WR,4.2,0,1
2025,16,11,865793938542456832,6865,Colby Parkinson,TE,4.1,1,1
2025,16,11,865793938542456832,11628,Marvin Harrison,WR,2.4,0,1
2025,16,11,865793938542456832,8800,Malik Davis,RB,2.3,0,1
2025,16,11,865793938542456832,11638,Ricky Pearsall,WR,0,0,1
2025,16,12,1136842855890366464,9493,Puka Nacua,WR,48.0,1,1
2025,16,12,1136842855890366464,8144,Chris Olave,WR,37.3,1,1
2025,16,12,1136842855890366464,9224,Chase Brown,RB,32.9,1,1
2025,16,12,1136842855890366464,8228,Jaylen Warren,RB,30.6,1,1
2025,16,12,1136842855890366464,3163,Jared Goff,QB,26.96,1,1
2025,16,12,1136842855890366464,12506,Harold Fannin,TE,19.5,1,1
2025,16,12,1136842855890366464,8121,Romeo Doubs,WR,19.4,0,1
2025,16,12,1136842855890366464,5022,Dallas Goedert,TE,12.2,0,1
2025,16,12,1136842855890366464,8259,Cameron Dicker,K,10.0,1,1
2025,16,12,1136842855890366464,5947,Jakobi Meyers,WR,8.6,0,1
2025,16,12,1136842855890366464,8155,Breece Hall,RB,8.3,0,1
2025,16,12,1136842855890366464,5846,DK Metcalf,WR,8.2,1,1
2025,16,12,1136842855890366464,PHI,Philadelphia Eagles,DEF,7.5,1,1
2025,16,12,1136842855890366464,10222,Jayden Reed,WR,7.1,0,1
2025,16,12,1136842855890366464,6011,Gardner Minshew,QB,1.4,1,1
2025,16,12,1136842855890366464,4046,Patrick Mahomes,QB,0,0,1
2025,17,1,608781531883859968,12508,Jaxson Dart,QB,25.08,1,1
2025,17,1,608781531883859968,8130,Trey McBride,TE,23.6,1,1
2025,17,1,608781531883859968,3257,Jacoby Brissett,QB,16.48,1,1
2025,17,1,608781531883859968,11533,Brandon Aubrey,K,15.0,1,1
2025,17,1,608781531883859968,7021,Rico Dowdle,RB,9.3,1,1
2025,17,1,608781531883859968,9228,Bryce Young,QB,8.86,0,1
2025,17,1,608781531883859968,8151,Kenneth Walker,RB,6.7,1,1
2025,17,1,608781531883859968,8131,Isaiah Likely,TE,5.7,0,1
2025,17,1,608781531883859968,12514,Emeka Egbuka,WR,5.0,1,1
2025,17,1,608781531883859968,11588,Jawhar Jordan,RB,3.6,0,1
2025,17,1,608781531883859968,7594,Chuba Hubbard,RB,2.8,0,1
2025,17,1,608781531883859968,12526,Tetairoa McMillan,WR,1.5,1,1
2025,17,1,608781531883859968,TEN,Tennessee Titans,DEF,1.5,1,1
2025,17,1,608781531883859968,8112,Drake London,WR,1.4,1,1
2025,17,1,608781531883859968,11647,Kimani Vidal,RB,0,0,1
2025,17,1,608781531883859968,6803,Brandon Aiyuk,WR,0,0,1
2025,17,2,736077599457026048,8161,Malik Willis,QB,31.52,1,1
2025,17,2,736077599457026048,7564,Ja'Marr Chase,WR,25.0,1,1
2025,17,2,736077599457026048,7523,Trevor Lawrence,QB,23.12,1,1
2025,17,2,736077599457026048,2449,Stefon Diggs,WR,22.6,1,1
2025,17,2,736077599457026048,12507,Omarion Hampton,RB,20.0,0,1
2025,17,2,736077599457026048,SEA,Seattle Seahawks,DEF,15.5,0,1
2025,17,2,736077599457026048,9226,De'Von Achane,RB,14.2,1,1
2025,17,2,736077599457026048,PIT,Pittsburgh Steelers,DEF,13.0,1,1
2025,17,2,736077599457026048,7049,Jauan Jennings,WR,12.2,0,1
2025,17,2,736077599457026048,5859,A.J. Brown,WR,11.8,1,1
2025,17,2,736077599457026048,7588,Javonte Williams,RB,11.4,1,1
2025,17,2,736077599457026048,3451,Ka'imi Fairbairn,K,10.0,1,1
2025,17,2,736077599457026048,1466,Travis Kelce,TE,8.6,0,1
2025,17,2,736077599457026048,12474,Woody Marks,RB,8.5,0,1
2025,17,2,736077599457026048,9480,Brenton Strange,TE,8.4,1,1
2025,17,2,736077599457026048,2307,Marcus Mariota,QB,0,0,1
2025,17,3,737091087440674816,8126,Wan'Dale Robinson,WR,22.8,0,1
2025,17,3,737091087440674816,8150,Kyren Williams,RB,16.0,1,1
2025,17,3,737091087440674816,7547,Amon-Ra St. Brown,WR,14.8,1,1
2025,17,3,737091087440674816,9997,Zay Flowers,WR,13.0,1,1
2025,17,3,737091087440674816,CLE,Cleveland Browns,DEF,13.0,1,1
2025,17,3,737091087440674816,12518,Tyler Warren,TE,9.3,1,1
2025,17,3,737091087440674816,8138,James Cook,RB,8.7,1,1
2025,17,3,737091087440674816,4195,Jake Elliott,K,8.0,1,1
2025,17,3,737091087440674816,6794,Justin Jefferson,WR,7.0,1,1
2025,17,3,737091087440674816,7567,Kenny Gainwell,RB,6.8,0,1
2025,17,3,737091087440674816,4943,Sam Darnold,QB,5.08,1,1
2025,17,3,737091087440674816,11624,Xavier Worthy,WR,0.1,0,1
2025,17,3,737091087440674816,11637,Keon Coleman,WR,0,0,1
2025,17,3,737091087440674816,11783,Ryan Flournoy,WR,0,0,1
2025,17,3,737091087440674816,5970,Greg Dortch,WR,0,0,1
2025,17,3,737091087440674816,6804,Jordan Love,QB,0,1,1
2025,17,4,736744257179770880,7611,Rhamondre Stevenson,RB,27.2,0,1
2025,17,4,736744257179770880,9754,Quentin Johnston,WR,14.8,1,1
2025,17,4,736744257179770880,6797,Justin Herbert,QB,13.14,1,1
2025,17,4,736744257179770880,12493,Oronde Gadsden,TE,12.2,1,1
2025,17,4,736744257179770880,421,Matthew Stafford,QB,11.76,1,1
2025,17,4,736744257179770880,BUF,Buffalo Bills,DEF,9.25,1,1
2025,17,4,736744257179770880,7839,Evan McPherson,K,8.0,1,1
2025,17,4,736744257179770880,4866,Saquon Barkley,RB,6.8,1,1
2025,17,4,736744257179770880,9500,Josh Downs,WR,5.4,0,1
2025,17,4,736744257179770880,11646,Jalen Coker,WR,3.6,1,1
2025,17,4,736744257179770880,12509,Tre' Harris,WR,2.5,0,1
2025,17,4,736744257179770880,5848,Marquise Brown,WR,1.7,0,1
2025,17,4,736744257179770880,9508,Tyjae Spears,RB,1.1,0,1
2025,17,4,736744257179770880,9220,Evan Hull,RB,0.3,1,1
2025,17,4,736744257179770880,10229,Rashee Rice,WR,0,0,1
2025,17,4,736744257179770880,12481,Cam Skattebo,RB,0,0,1
2025,17,4,736744257179770880,4217,George Kittle,TE,0,1,1
2025,17,5,716698629934481408,8183,Brock Purdy,QB,35.92,1,1
2025,17,5,716698629934481408,12519,Luther Burden,WR,28.3,1,1
2025,17,5,716698629934481408,4037,Chris Godwin,WR,24.3,0,1
2025,17,5,716698629934481408,12517,Colston Loveland,TE,21.4,1,1
2025,17,5,716698629934481408,12522,Cam Ward,QB,16.04,1,1
2025,17,5,716698629934481408,9756,Jordan Addison,WR,14.0,0,1
2025,17,5,716698629934481408,5967,Tony Pollard,RB,11.5,0,1
2025,17,5,716698629934481408,6801,Tee Higgins,WR,9.9,1,1
2025,17,5,716698629934481408,LAR,Los Angeles Rams,DEF,9.5,0,1
2025,17,5,716698629934481408,12529,TreVeyon Henderson,RB,8.2,1,1
2025,17,5,716698629934481408,8110,Jake Ferguson,TE,7.6,0,1
2025,17,5,716698629934481408,96,Aaron Rodgers,QB,6.32,0,1
2025,17,5,716698629934481408,7607,Michael Carter,RB,6.3,1,1
2025,17,5,716698629934481408,12713,Andy Borregales,K,3.0,1,1
2025,17,5,716698629934481408,4983,DJ Moore,WR,1.7,0,1
2025,17,5,716698629934481408,7526,Jaylen Waddle,WR,0.7,1,1
2025,17,6,736740647758938112,11560,Caleb Williams,QB,23.5,1,1
2025,17,6,736740647758938112,6790,D'Andre Swift,RB,21.9,1,1
2025,17,6,736740647758938112,12489,RJ Harvey,RB,18.6,1,1
2025,17,6,736740647758938112,11786,Cam Little,K,14.0,1,1
2025,17,6,736740647758938112,5872,Deebo Samuel,WR,11.3,1,1
2025,17,6,736740647758938112,NE,New England Patriots,DEF,10.75,1,1
2025,17,6,736740647758938112,8134,Khalil Shakir,WR,9.5,0,1
2025,17,6,736740647758938112,12524,Shedeur Sanders,QB,9.44,1,1
2025,17,6,736740647758938112,1166,Kirk Cousins,QB,9.14,0,1
2025,17,6,736740647758938112,7569,Nico Collins,WR,8.7,1,1
2025,17,6,736740647758938112,11584,Bucky Irving,RB,8.3,1,1
2025,17,6,736740647758938112,5892,David Montgomery,RB,6.0,0,1
2025,17,6,736740647758938112,7553,Kyle Pitts,TE,3.6,1,1
2025,17,6,736740647758938112,2133,Davante Adams,WR,0,0,1
2025,17,6,736740647758938112,9504,Kayshon Boutte,WR,0,0,1
2025,17,6,736740647758938112,SF,San Francisco 49ers,DEF,-3.0,0,1
2025,17,7,735974647736213504,6770,Joe Burrow,QB,20.4,1,1
2025,17,7,735974647736213504,9482,Michael Mayer,TE,17.9,1,1
2025,17,7,735974647736213504,11579,Audric Estime,RB,16.8,0,1
2025,17,7,735974647736213504,2747,Jason Myers,K,10.0,1,1
2025,17,7,735974647736213504,6786,CeeDee Lamb,WR,9.6,1,1
2025,17,7,735974647736213504,10222,Jayden Reed,WR,8.1,0,1
2025,17,7,735974647736213504,11631,Brian Thomas,WR,7.9,1,1
2025,17,7,735974647736213504,331,Philip Rivers,QB,7.78,0,1
2025,17,7,735974647736213504,12534,Kyle Monangai,RB,7.7,1,1
2025,17,7,735974647736213504,1373,Geno Smith,QB,7.14,1,1
2025,17,7,735974647736213504,12469,Dylan Sampson,RB,5.7,1,1
2025,17,7,735974647736213504,8148,Jameson Williams,WR,5.7,1,1
2025,17,7,735974647736213504,12472,Raheim Sanders,RB,4.1,0,1
2025,17,7,735974647736213504,DAL,Dallas Cowboys,DEF,2.0,1,1
2025,17,7,735974647736213504,10236,Dalton Kincaid,TE,0,0,1
2025,17,7,735974647736213504,12512,Quinshon Judkins,RB,0,0,1
2025,17,7,735974647736213504,5870,Daniel Jones,QB,0,0,1
2025,17,8,736803054736822272,3198,Derrick Henry,RB,46.6,1,1
2025,17,8,736803054736822272,4034,Christian McCaffrey,RB,28.6,1,1
2025,17,8,736803054736822272,8167,Christian Watson,WR,22.8,1,1
2025,17,8,736803054736822272,11563,Bo Nix,QB,19.98,1,1
2025,17,8,736803054736822272,10232,Michael Wilson,WR,19.9,1,1
2025,17,8,736803054736822272,9758,C.J. Stroud,QB,14.76,1,1
2025,17,8,736803054736822272,HOU,Houston Texans,DEF,11.75,1,1
2025,17,8,736803054736822272,5012,Mark Andrews,TE,6.8,1,1
2025,17,8,736803054736822272,1945,Chris Boswell,K,6.0,1,1
2025,17,8,736803054736822272,7525,DeVonta Smith,WR,4.5,1,1
2025,17,8,736803054736822272,11435,Emanuel Wilson,RB,3.4,0,1
2025,17,8,736803054736822272,4039,Cooper Kupp,WR,1.6,0,1
2025,17,8,736803054736822272,10219,Chris Rodriguez,RB,0,0,1
2025,17,8,736803054736822272,7585,Davis Mills,QB,0,0,1
2025,17,8,736803054736822272,8142,Alec Pierce,WR,0,0,1
2025,17,8,736803054736822272,8408,Jordan Mason,RB,0,0,1
2025,17,8,736803054736822272,9484,Tucker Kraft,TE,0,0,1
2025,17,9,710284244835979264,9487,Parker Washington,WR,19.5,1,1
2025,17,9,710284244835979264,6813,Jonathan Taylor,RB,17.4,1,1
2025,17,9,710284244835979264,6130,Devin Singletary,RB,17.0,0,1
2025,17,9,710284244835979264,4892,Baker Mayfield,QB,16.94,1,1
2025,17,9,710284244835979264,4199,Aaron Jones,RB,15.3,1,1
2025,17,9,710284244835979264,7002,Juwan Johnson,TE,13.5,1,1
2025,17,9,710284244835979264,12527,Ashton Jeanty,RB,9.3,1,1
2025,17,9,710284244835979264,5045,Courtland Sutton,WR,8.0,1,1
2025,17,9,710284244835979264,4144,Jonnu Smith,TE,7.7,0,1
2025,17,9,710284244835979264,TB,Tampa Bay Buccaneers,DEF,6.0,1,1
2025,17,9,710284244835979264,12538,Brady Cook,QB,4.18,0,1
2025,17,9,710284244835979264,11635,Ladd McConkey,WR,4.1,1,1
2025,17,9,710284244835979264,6650,Chase McLaughlin,K,3.0,1,1
2025,17,9,710284244835979264,8676,Rashid Shaheed,WR,1.8,0,1
2025,17,9,710284244835979264,10859,Sam LaPorta,TE,0,0,1
2025,17,9,710284244835979264,11620,Rome Odunze,WR,0,0,1
2025,17,9,710284244835979264,4881,Lamar Jackson,QB,0,0,1
2025,17,10,475399371639222272,9509,Bijan Robinson,RB,41.9,1,1
2025,17,10,475399371639222272,9753,Zach Charbonnet,RB,26.7,0,1
2025,17,10,475399371639222272,3294,Dak Prescott,QB,23.68,1,1
2025,17,10,475399371639222272,4984,Josh Allen,QB,22.18,1,1
2025,17,10,475399371639222272,12545,Tyler Shough,QB,20.92,0,1
2025,17,10,475399371639222272,9488,Jaxon Smith-Njigba,WR,16.2,1,1
2025,17,10,475399371639222272,3214,Hunter Henry,TE,13.9,1,1
2025,17,10,475399371639222272,2216,Mike Evans,WR,12.1,1,1
2025,17,10,475399371639222272,5927,Terry McLaurin,WR,11.3,1,1
2025,17,10,475399371639222272,DET,Detroit Lions,DEF,10.75,0,1
2025,17,10,475399371639222272,DEN,Denver Broncos,DEF,8.25,1,1
2025,17,10,475399371639222272,11655,Tyrone Tracy,RB,6.7,0,1
2025,17,10,475399371639222272,9221,Jahmyr Gibbs,RB,6.4,1,1
2025,17,10,475399371639222272,11627,Troy Franklin,WR,5.7,0,1
2025,17,10,475399371639222272,11539,Jake Bates,K,5.0,1,1
2025,17,10,475399371639222272,1479,Keenan Allen,WR,2.7,0,1
2025,17,11,865793938542456832,11564,Drake Maye,QB,32.44,1,1
2025,17,11,865793938542456832,11638,Ricky Pearsall,WR,13.5,0,1
2025,17,11,865793938542456832,NO,New Orleans Saints,DEF,13.0,1,1
2025,17,11,865793938542456832,8137,George Pickens,WR,11.8,1,1
2025,17,11,865793938542456832,6865,Colby Parkinson,TE,11.3,0,1
2025,17,11,865793938542456832,7543,Travis Etienne,RB,11.2,1,1
2025,17,11,865793938542456832,6783,Jerry Jeudy,WR,10.4,0,1
2025,17,11,865793938542456832,4227,Harrison Butker,K,10.0,1,1
2025,17,11,865793938542456832,6904,Jalen Hurts,QB,8.9,1,1
2025,17,11,865793938542456832,11625,Adonai Mitchell,WR,5.2,0,1
2025,17,11,865793938542456832,5001,Dalton Schultz,TE,3.9,1,1
2025,17,11,865793938542456832,6819,Michael Pittman,WR,3.6,0,1
2025,17,11,865793938542456832,11586,Blake Corum,RB,1.8,1,1
2025,17,11,865793938542456832,5850,Josh Jacobs,RB,1.3,1,1
2025,17,11,865793938542456832,11628,Marvin Harrison,WR,0,1,1
2025,17,12,1136842855890366464,9224,Chase Brown,RB,29.6,1,1
2025,17,12,1136842855890366464,8144,Chris Olave,WR,26.4,1,1
2025,17,12,1136842855890366464,8155,Breece Hall,RB,22.9,0,1
2025,17,12,1136842855890366464,9493,Puka Nacua,WR,15.7,1,1
2025,17,12,1136842855890366464,PHI,Philadelphia Eagles,DEF,12.75,1,1
2025,17,12,1136842855890366464,12506,Harold Fannin,TE,11.0,1,1
2025,17,12,1136842855890366464,5022,Dallas Goedert,TE,9.8,0,1
2025,17,12,1136842855890366464,5947,Jakobi Meyers,WR,7.9,0,1
2025,17,12,1136842855890366464,8228,Jaylen Warren,RB,5.4,1,1
2025,17,12,1136842855890366464,3163,Jared Goff,QB,2.08,1,1
2025,17,12,1136842855890366464,4046,Patrick Mahomes,QB,0,0,1
2025,17,12,1136842855890366464,5846,DK Metcalf,WR,0,1,1
2025,17,12,1136842855890366464,6011,Gardner Minshew,QB,0,1,1
2025,17,12,1136842855890366464,8259,Cameron Dicker,K,0,1,1
2025,18,1,608781531883859968,12508,Jaxson Dart,QB,19.4,1,1
2025,18,1,608781531883859968,8112,Drake London,WR,17.8,1,1
2025,18,1,608781531883859968,8151,Kenneth Walker,RB,17.3,1,1
2025,18,1,608781531883859968,3257,Jacoby Brissett,QB,15.62,1,1
2025,18,1,608781531883859968,9228,Bryce Young,QB,15.54,0,1
2025,18,1,608781531883859968,8130,Trey McBride,TE,13.5,1,1
2025,18,1,608781531883859968,12526,Tetairoa McMillan,WR,10.5,1,1
2025,18,1,608781531883859968,8131,Isaiah Likely,TE,5.2,0,1
2025,18,1,608781531883859968,7594,Chuba Hubbard,RB,3.7,0,1
2025,18,1,608781531883859968,11533,Brandon Aubrey,K,3.0,1,1
2025,18,1,608781531883859968,7021,Rico Dowdle,RB,3.0,1,1
2025,18,1,608781531883859968,11647,Kimani Vidal,RB,2.0,0,1
2025,18,1,608781531883859968,12514,Emeka Egbuka,WR,1.8,1,1
2025,18,1,608781531883859968,11588,Jawhar Jordan,RB,0.3,0,1
2025,18,1,608781531883859968,6803,Brandon Aiyuk,WR,0,0,1
2025,18,1,608781531883859968,TEN,Tennessee Titans,DEF,-1.5,1,1
2025,18,2,736077599457026048,3451,Ka'imi Fairbairn,K,26.0,1,1
2025,18,2,736077599457026048,7564,Ja'Marr Chase,WR,23.6,1,1
2025,18,2,736077599457026048,7523,Trevor Lawrence,QB,23.3,1,1
2025,18,2,736077599457026048,9480,Brenton Strange,TE,17.2,1,1
2025,18,2,736077599457026048,SEA,Seattle Seahawks,DEF,14.75,0,1
2025,18,2,736077599457026048,7049,Jauan Jennings,WR,7.5,0,1
2025,18,2,736077599457026048,2449,Stefon Diggs,WR,7.3,1,1
2025,18,2,736077599457026048,12474,Woody Marks,RB,6.8,0,1
2025,18,2,736077599457026048,PIT,Pittsburgh Steelers,DEF,3.75,1,1
2025,18,2,736077599457026048,1466,Travis Kelce,TE,3.2,0,1
2025,18,2,736077599457026048,12507,Omarion Hampton,RB,0,0,1
2025,18,2,736077599457026048,2307,Marcus Mariota,QB,0,0,1
2025,18,2,736077599457026048,5859,A.J. Brown,WR,0,1,1
2025,18,2,736077599457026048,7588,Javonte Williams,RB,0,1,1
2025,18,2,736077599457026048,8161,Malik Willis,QB,0,1,1
2025,18,2,736077599457026048,9226,De'Von Achane,RB,0,1,1
2025,18,3,737091087440674816,9997,Zay Flowers,WR,33.3,1,1
2025,18,3,737091087440674816,7547,Amon-Ra St. Brown,WR,25.4,1,1
2025,18,3,737091087440674816,7567,Kenny Gainwell,RB,21.4,0,1
2025,18,3,737091087440674816,CLE,Cleveland Browns,DEF,20.5,1,1
2025,18,3,737091087440674816,6794,Justin Jefferson,WR,18.9,1,1
2025,18,3,737091087440674816,11783,Ryan Flournoy,WR,11.8,0,1
2025,18,3,737091087440674816,8150,Kyren Williams,RB,11.1,1,1
2025,18,3,737091087440674816,11637,Keon Coleman,WR,8.9,0,1
2025,18,3,737091087440674816,4943,Sam Darnold,QB,7.82,1,1
2025,18,3,737091087440674816,12518,Tyler Warren,TE,7.6,1,1
2025,18,3,737091087440674816,4195,Jake Elliott,K,5.0,1,1
2025,18,3,737091087440674816,8138,James Cook,RB,1.5,1,1
2025,18,3,737091087440674816,11624,Xavier Worthy,WR,0,0,1
2025,18,3,737091087440674816,5970,Greg Dortch,WR,0,0,1
2025,18,3,737091087440674816,6804,Jordan Love,QB,0,1,1
2025,18,3,737091087440674816,8126,Wan'Dale Robinson,WR,0,0,1
2025,18,4,736744257179770880,7611,Rhamondre Stevenson,RB,35.8,0,1
2025,18,4,736744257179770880,421,Matthew Stafford,QB,27.16,1,1
2025,18,4,736744257179770880,11646,Jalen Coker,WR,16.7,1,1
2025,18,4,736744257179770880,BUF,Buffalo Bills,DEF,10.75,1,1
2025,18,4,736744257179770880,9508,Tyjae Spears,RB,9.7,0,1
2025,18,4,736744257179770880,9500,Josh Downs,WR,9.6,0,1
2025,18,4,736744257179770880,5848,Marquise Brown,WR,9.4,0,1
2025,18,4,736744257179770880,4217,George Kittle,TE,7.9,1,1
2025,18,4,736744257179770880,12493,Oronde Gadsden,TE,4.3,1,1
2025,18,4,736744257179770880,9220,Evan Hull,RB,1.1,1,1
2025,18,4,736744257179770880,10229,Rashee Rice,WR,0,0,1
2025,18,4,736744257179770880,12481,Cam Skattebo,RB,0,0,1
2025,18,4,736744257179770880,4866,Saquon Barkley,RB,0,1,1
2025,18,4,736744257179770880,6797,Justin Herbert,QB,0,1,1
2025,18,4,736744257179770880,9754,Quentin Johnston,WR,0,1,1
2025,18,4,736744257179770880,7839,Evan McPherson,K,-2.0,1,1
2025,18,5,716698629934481408,12517,Colston Loveland,TE,25.1,1,1
2025,18,5,716698629934481408,6801,Tee Higgins,WR,18.7,1,1
2025,18,5,716698629934481408,96,Aaron Rodgers,QB,18.26,0,1
2025,18,5,716698629934481408,12529,TreVeyon Henderson,RB,17.3,1,1
2025,18,5,716698629934481408,LAR,Los Angeles Rams,DEF,11.5,0,1
2025,18,5,716698629934481408,5967,Tony Pollard,RB,9.5,0,1
2025,18,5,716698629934481408,12522,Cam Ward,QB,9.18,1,1
2025,18,5,716698629934481408,12519,Luther Burden,WR,7.5,1,1
2025,18,5,716698629934481408,12713,Andy Borregales,K,7.0,1,1
2025,18,5,716698629934481408,7607,Michael Carter,RB,6.9,1,1
2025,18,5,716698629934481408,8183,Brock Purdy,QB,5.18,1,1
2025,18,5,716698629934481408,4983,DJ Moore,WR,2.1,0,1
2025,18,5,716698629934481408,4037,Chris Godwin,WR,1.8,0,1
2025,18,5,716698629934481408,9756,Jordan Addison,WR,1.8,0,1
2025,18,5,716698629934481408,8110,Jake Ferguson,TE,1.5,0,1
2025,18,5,716698629934481408,7526,Jaylen Waddle,WR,0,1,1
2025,18,6,736740647758938112,NE,New England Patriots,DEF,16.5,1,1
2025,18,6,736740647758938112,11560,Caleb Williams,QB,15.58,1,1
2025,18,6,736740647758938112,11786,Cam Little,K,15.0,1,1
2025,18,6,736740647758938112,7553,Kyle Pitts,TE,11.8,1,1
2025,18,6,736740647758938112,11584,Bucky Irving,RB,10.8,1,1
2025,18,6,736740647758938112,1166,Kirk Cousins,QB,9.2,0,1
2025,18,6,736740647758938112,5892,David Montgomery,RB,6.5,0,1
2025,18,6,736740647758938112,6790,D'Andre Swift,RB,5.8,1,1
2025,18,6,736740647758938112,12524,Shedeur Sanders,QB,5.04,1,1
2025,18,6,736740647758938112,SF,San Francisco 49ers,DEF,4.5,0,1
2025,18,6,736740647758938112,9504,Kayshon Boutte,WR,4.4,0,1
2025,18,6,736740647758938112,12489,RJ Harvey,RB,4.3,1,1
2025,18,6,736740647758938112,5872,Deebo Samuel,WR,3.1,1,1
2025,18,6,736740647758938112,2133,Davante Adams,WR,0,0,1
2025,18,6,736740647758938112,7569,Nico Collins,WR,0,1,1
2025,18,6,736740647758938112,8134,Khalil Shakir,WR,0,0,1
2025,18,7,735974647736213504,6770,Joe Burrow,QB,20.64,1,1
2025,18,7,735974647736213504,11579,Audric Estime,RB,15.6,0,1
2025,18,7,735974647736213504,8148,Jameson Williams,WR,13.4,1,1
2025,18,7,735974647736213504,11631,Brian Thomas,WR,7.9,1,1
2025,18,7,735974647736213504,10236,Dalton Kincaid,TE,7.8,0,1
2025,18,7,735974647736213504,9482,Michael Mayer,TE,7.7,1,1
2025,18,7,735974647736213504,12469,Dylan Sampson,RB,6.4,1,1
2025,18,7,735974647736213504,12534,Kyle Monangai,RB,5.9,1,1
2025,18,7,735974647736213504,DAL,Dallas Cowboys,DEF,3.5,1,1
2025,18,7,735974647736213504,6786,CeeDee Lamb,WR,1.4,1,1
2025,18,7,735974647736213504,2747,Jason Myers,K,1.0,1,1
2025,18,7,735974647736213504,10222,Jayden Reed,WR,0,0,1
2025,18,7,735974647736213504,12512,Quinshon Judkins,RB,0,0,1
2025,18,7,735974647736213504,1373,Geno Smith,QB,0,1,1
2025,18,7,735974647736213504,331,Philip Rivers,QB,0,0,1
2025,18,7,735974647736213504,4035,Alvin Kamara,RB,0,0,1
2025,18,7,735974647736213504,5870,Daniel Jones,QB,0,0,1
2025,18,8,736803054736822272,8142,Alec Pierce,WR,31.2,0,1
2025,18,8,736803054736822272,10232,Michael Wilson,WR,21.4,1,1
2025,18,8,736803054736822272,9758,C.J. Stroud,QB,17.26,1,1
2025,18,8,736803054736822272,10219,Chris Rodriguez,RB,15.3,0,1
2025,18,8,736803054736822272,3198,Derrick Henry,RB,13.1,1,1
2025,18,8,736803054736822272,HOU,Houston Texans,DEF,11.75,1,1
2025,18,8,736803054736822272,4034,Christian McCaffrey,RB,11.7,1,1
2025,18,8,736803054736822272,11563,Bo Nix,QB,10.54,1,1
2025,18,8,736803054736822272,8408,Jordan Mason,RB,9.4,0,1
2025,18,8,736803054736822272,1945,Chris Boswell,K,9.0,1,1
2025,18,8,736803054736822272,7525,DeVonta Smith,WR,8.2,1,1
2025,18,8,736803054736822272,11435,Emanuel Wilson,RB,5.8,0,1
2025,18,8,736803054736822272,4039,Cooper Kupp,WR,4.9,0,1
2025,18,8,736803054736822272,5012,Mark Andrews,TE,3.4,1,1
2025,18,8,736803054736822272,7585,Davis Mills,QB,2.64,0,1
2025,18,8,736803054736822272,8167,Christian Watson,WR,0,1,1
2025,18,8,736803054736822272,9484,Tucker Kraft,TE,0,0,1
2025,18,9,710284244835979264,4881,Lamar Jackson,QB,22.42,0,1
2025,18,9,710284244835979264,9487,Parker Washington,WR,18.7,1,1
2025,18,9,710284244835979264,12527,Ashton Jeanty,RB,12.4,1,1
2025,18,9,710284244835979264,4892,Baker Mayfield,QB,12.22,1,1
2025,18,9,710284244835979264,6130,Devin Singletary,RB,10.6,0,1
2025,18,9,710284244835979264,12538,Brady Cook,QB,9.1,0,1
2025,18,9,710284244835979264,TB,Tampa Bay Buccaneers,DEF,8.5,1,1
2025,18,9,710284244835979264,6650,Chase McLaughlin,K,8.0,1,1
2025,18,9,710284244835979264,7002,Juwan Johnson,TE,7.1,1,1
2025,18,9,710284244835979264,6813,Jonathan Taylor,RB,5.9,1,1
2025,18,9,710284244835979264,5045,Courtland Sutton,WR,1.5,1,1
2025,18,9,710284244835979264,4144,Jonnu Smith,TE,1.4,0,1
2025,18,9,710284244835979264,8676,Rashid Shaheed,WR,1.2,0,1
2025,18,9,710284244835979264,10859,Sam LaPorta,TE,0,0,1
2025,18,9,710284244835979264,11620,Rome Odunze,WR,0,0,1
2025,18,9,710284244835979264,11635,Ladd McConkey,WR,0,1,1
2025,18,9,710284244835979264,4199,Aaron Jones,RB,0,1,1
2025,18,10,475399371639222272,11655,Tyrone Tracy,RB,28.4,0,1
2025,18,10,475399371639222272,DEN,Denver Broncos,DEF,22.5,1,1
2025,18,10,475399371639222272,12545,Tyler Shough,QB,21.76,0,1
2025,18,10,475399371639222272,9221,Jahmyr Gibbs,RB,20.3,1,1
2025,18,10,475399371639222272,9753,Zach Charbonnet,RB,18.7,0,1
2025,18,10,475399371639222272,9488,Jaxon Smith-Njigba,WR,14.4,1,1
2025,18,10,475399371639222272,11539,Jake Bates,K,12.0,1,1
2025,18,10,475399371639222272,1479,Keenan Allen,WR,10.6,0,1
2025,18,10,475399371639222272,3214,Hunter Henry,TE,10.6,1,1
2025,18,10,475399371639222272,5927,Terry McLaurin,WR,9.7,1,1
2025,18,10,475399371639222272,DET,Detroit Lions,DEF,8.25,0,1
2025,18,10,475399371639222272,9509,Bijan Robinson,RB,7.3,1,1
2025,18,10,475399371639222272,2216,Mike Evans,WR,5.4,1,1
2025,18,10,475399371639222272,3294,Dak Prescott,QB,0.7,1,1
2025,18,10,475399371639222272,11627,Troy Franklin,WR,0,0,1
2025,18,10,475399371639222272,4984,Josh Allen,QB,0,1,1
2025,18,11,865793938542456832,6865,Colby Parkinson,TE,19.6,0,1
2025,18,11,865793938542456832,11564,Drake Maye,QB,15.74,1,1
2025,18,11,865793938542456832,4227,Harrison Butker,K,15.0,1,1
2025,18,11,865793938542456832,5001,Dalton Schultz,TE,11.3,1,1
2025,18,11,865793938542456832,NO,New Orleans Saints,DEF,9.0,1,1
2025,18,11,865793938542456832,11586,Blake Corum,RB,7.9,1,1
2025,18,11,865793938542456832,7543,Travis Etienne,RB,4.8,1,1
2025,18,11,865793938542456832,6783,Jerry Jeudy,WR,4.2,0,1
2025,18,11,865793938542456832,6819,Michael Pittman,WR,3.1,0,1
2025,18,11,865793938542456832,8137,George Pickens,WR,1.9,1,1
2025,18,11,865793938542456832,11625,Adonai Mitchell,WR,0,0,1
2025,18,11,865793938542456832,11628,Marvin Harrison,WR,0,1,1
2025,18,11,865793938542456832,11638,Ricky Pearsall,WR,0,0,1
2025,18,11,865793938542456832,5850,Josh Jacobs,RB,0,1,1
2025,18,11,865793938542456832,6904,Jalen Hurts,QB,0,1,1
2025,18,11,865793938542456832,8800,Malik Davis,RB,0,0,1
2025,18,12,1136842855890366464,9493,Puka Nacua,WR,26.0,1,1
2025,18,12,1136842855890366464,9224,Chase Brown,RB,19.0,1,1
2025,18,12,1136842855890366464,3163,Jared Goff,QB,15.74,1,1
2025,18,12,1136842855890366464,8228,Jaylen Warren,RB,14.9,1,1
2025,18,12,1136842855890366464,5947,Jakobi Meyers,WR,9.4,0,1
2025,18,12,1136842855890366464,PHI,Philadelphia Eagles,DEF,7.5,1,1
2025,18,12,1136842855890366464,8259,Cameron Dicker,K,3.0,1,1
2025,18,12,1136842855890366464,12506,Harold Fannin,TE,0,1,1
2025,18,12,1136842855890366464,4046,Patrick Mahomes,QB,0,0,1
2025,18,12,1136842855890366464,5022,Dallas Goedert,TE,0,0,1
2025,18,12,1136842855890366464,5846,DK Metcalf,WR,0,1,1
2025,18,12,1136842855890366464,6011,Gardner Minshew,QB,0,1,1
2025,18,12,1136842855890366464,8144,Chris Olave,WR,0,1,1
2025,18,12,1136842855890366464,8155,Breece Hall,RB,0,0,1
