season,transaction_id,week,type,status,created_ms,created_date,roster_id,manager,action,player_id,player_name,position,faab_bid
2021,743705510959812608,1,waiver,complete,1631675720494,2021-09-14,2,Erjohnson14,add,2152,Teddy Bridgewater,QB,
2021,743611394401923072,1,waiver,complete,1631653281358,2021-09-14,10,cc5597,add,7561,Elijah Mitchell,RB,
2021,743576557544673280,1,waiver,failed,1631644975604,2021-09-14,8,TylerWicks,add,7561,Elijah Mitchell,RB,
2021,743576557544673280,1,waiver,failed,1631644975604,2021-09-14,8,TylerWicks,drop,1408,Le'Veon Bell,RB,
2021,743534841240358912,1,waiver,complete,1631635029662,2021-09-14,10,cc5597,add,5052,Ronald Jones,RB,
2021,743534476981911552,1,waiver,failed,1631634942816,2021-09-14,10,cc5597,add,NE,New England Patriots,DEF,
2021,743509792051564544,1,waiver,complete,1631629057470,2021-09-14,8,TylerWicks,add,2711,Taylor Heinicke,QB,
2021,743498282482995200,1,waiver,failed,1631626313375,2021-09-14,2,Erjohnson14,add,7561,Elijah Mitchell,RB,
2021,743497357806698496,1,waiver,failed,1631626092915,2021-09-14,3,MaxSirianni,add,7561,Elijah Mitchell,RB,
2021,743355072750239744,1,waiver,failed,1631592169514,2021-09-13,1,bgreenblatt,add,7561,Elijah Mitchell,RB,
2021,742975835996786688,1,waiver,complete,1631501752426,2021-09-12,1,bgreenblatt,add,5947,Jakobi Meyers,WR,
2021,742975835996786688,1,waiver,complete,1631501752426,2021-09-12,1,bgreenblatt,drop,7596,Elijah Moore,WR,
2021,742921355678683136,1,waiver,complete,1631488763306,2021-09-12,1,bgreenblatt,add,3200,Sterling Shepard,WR,
2021,742921355678683136,1,waiver,complete,1631488763306,2021-09-12,1,bgreenblatt,drop,7565,Terrace Marshall,WR,
2021,741882881189916672,1,free_agent,complete,1631241171694,2021-09-09,9,brockhusk,add,1476,Latavius Murray,RB,
2021,741882881189916672,1,free_agent,complete,1631241171694,2021-09-09,9,brockhusk,drop,5052,Ronald Jones,RB,
2021,741783560553615360,1,free_agent,complete,1631217491809,2021-09-09,8,TylerWicks,add,1408,Le'Veon Bell,RB,
2021,741783560553615360,1,free_agent,complete,1631217491809,2021-09-09,8,TylerWicks,drop,5848,Marquise Brown,WR,
2021,741768382344511488,1,free_agent,complete,1631213873042,2021-09-09,7,KingTowsk,add,7098,Ty'Son Williams,RB,
2021,741768382344511488,1,free_agent,complete,1631213873042,2021-09-09,7,KingTowsk,drop,4066,Evan Engram,TE,
2021,741522133913583616,1,free_agent,complete,1631155162841,2021-09-08,7,KingTowsk,add,CAR,Carolina Panthers,DEF,
2021,741522133913583616,1,free_agent,complete,1631155162841,2021-09-08,7,KingTowsk,drop,2391,David Johnson,RB,
2021,741509383661469696,1,free_agent,complete,1631152122944,2021-09-08,1,bgreenblatt,add,7565,Terrace Marshall,WR,
2021,746178549412651008,2,waiver,failed,1632265338808,2021-09-21,7,KingTowsk,add,3200,Sterling Shepard,WR,
2021,746178549412651008,2,waiver,failed,1632265338808,2021-09-21,7,KingTowsk,drop,6798,Jalen Reagor,WR,
2021,746081173406683136,2,waiver,failed,1632242122559,2021-09-21,7,KingTowsk,add,CAR,Carolina Panthers,DEF,
2021,746081173406683136,2,waiver,failed,1632242122559,2021-09-21,7,KingTowsk,drop,6083,Matt Gay,K,
2021,746078920184610816,2,waiver,failed,1632241585349,2021-09-21,7,KingTowsk,add,1535,Cordarrelle Patterson,RB,
2021,746078920184610816,2,waiver,failed,1632241585349,2021-09-21,7,KingTowsk,drop,4950,Christian Kirk,WR,
2021,746078775850237952,2,waiver,failed,1632241550937,2021-09-21,3,MaxSirianni,add,7601,Rondale Moore,WR,
2021,746078775850237952,2,waiver,failed,1632241550937,2021-09-21,3,MaxSirianni,drop,6814,Laviska Shenault,WR,
2021,746074750106886144,2,waiver,complete,1632240591125,2021-09-21,7,KingTowsk,add,7601,Rondale Moore,WR,
2021,746074750106886144,2,waiver,complete,1632240591125,2021-09-21,7,KingTowsk,drop,4950,Christian Kirk,WR,
2021,746074310615146496,2,waiver,failed,1632240486342,2021-09-21,7,KingTowsk,add,5870,Daniel Jones,QB,
2021,746074310615146496,2,waiver,failed,1632240486342,2021-09-21,7,KingTowsk,drop,2306,Jameis Winston,QB,
2021,746068298566840320,2,waiver,failed,1632239052958,2021-09-21,1,bgreenblatt,add,1535,Cordarrelle Patterson,RB,
2021,746068298566840320,2,waiver,failed,1632239052958,2021-09-21,1,bgreenblatt,drop,7593,Trey Sermon,RB,
2021,746045494714884096,2,waiver,complete,1632233616096,2021-09-21,9,brockhusk,add,17,Matt Prater,K,
2021,746045494714884096,2,waiver,complete,1632233616096,2021-09-21,9,brockhusk,drop,7547,Amon-Ra St. Brown,WR,
2021,746040595507744768,2,waiver,complete,1632232448034,2021-09-21,2,Erjohnson14,add,3200,Sterling Shepard,WR,
2021,746040595507744768,2,waiver,complete,1632232448034,2021-09-21,2,Erjohnson14,drop,3209,Devontae Booker,RB,
2021,746034605722820608,2,waiver,complete,1632231019958,2021-09-21,3,MaxSirianni,add,1535,Cordarrelle Patterson,RB,
2021,746034605722820608,2,waiver,complete,1632231019958,2021-09-21,3,MaxSirianni,drop,6814,Laviska Shenault,WR,
2021,745865035200528384,2,waiver,complete,1632190591195,2021-09-20,1,bgreenblatt,add,CAR,Carolina Panthers,DEF,
2021,745865035200528384,2,waiver,complete,1632190591195,2021-09-20,1,bgreenblatt,drop,GB,Green Bay Packers,DEF,
2021,745821229034123264,2,waiver,complete,1632180146991,2021-09-20,10,cc5597,add,5870,Daniel Jones,QB,
2021,745821229034123264,2,waiver,complete,1632180146991,2021-09-20,10,cc5597,drop,6768,Tua Tagovailoa,QB,
2021,745719348433387520,2,waiver,failed,1632155856763,2021-09-20,9,brockhusk,add,7601,Rondale Moore,WR,
2021,745719076583829504,2,waiver,complete,1632155791949,2021-09-20,9,brockhusk,add,827,Tyrod Taylor,QB,
2021,745360321467953152,2,free_agent,complete,1632070258064,2021-09-19,10,cc5597,drop,5052,Ronald Jones,RB,
2021,744655843290644480,2,free_agent,complete,1631902297378,2021-09-17,1,bgreenblatt,add,GB,Green Bay Packers,DEF,
2021,744655843290644480,2,free_agent,complete,1631902297378,2021-09-17,1,bgreenblatt,drop,SF,San Francisco 49ers,DEF,
2021,744418115320045568,2,waiver,failed,1631845618613,2021-09-16,1,bgreenblatt,add,3200,Sterling Shepard,WR,
2021,744418115320045568,2,waiver,failed,1631845618613,2021-09-16,1,bgreenblatt,drop,2410,Jamison Crowder,WR,
2021,744272091951546368,2,free_agent,complete,1631810803929,2021-09-16,6,JSanDusky69,add,1817,Sammy Watkins,WR,
2021,744270403232440320,2,free_agent,complete,1631810401307,2021-09-16,1,bgreenblatt,add,2410,Jamison Crowder,WR,
2021,744270403232440320,2,free_agent,complete,1631810401307,2021-09-16,1,bgreenblatt,drop,3200,Sterling Shepard,WR,
2021,744261475731914752,2,free_agent,complete,1631808272825,2021-09-16,7,KingTowsk,add,6083,Matt Gay,K,
2021,744261475731914752,2,free_agent,complete,1631808272825,2021-09-16,7,KingTowsk,drop,7594,Chuba Hubbard,RB,
2021,744258526477660160,2,free_agent,complete,1631807569668,2021-09-16,7,KingTowsk,add,4950,Christian Kirk,WR,
2021,744258490222170112,2,free_agent,complete,1631807561024,2021-09-16,7,KingTowsk,add,5848,Marquise Brown,WR,
2021,744256647588909056,2,free_agent,complete,1631807121706,2021-09-16,7,KingTowsk,add,6798,Jalen Reagor,WR,
2021,744256647588909056,2,free_agent,complete,1631807121706,2021-09-16,7,KingTowsk,drop,1837,Jimmy Garoppolo,QB,
2021,744255649457790976,2,free_agent,complete,1631806883733,2021-09-16,7,KingTowsk,add,1837,Jimmy Garoppolo,QB,
2021,744255649457790976,2,free_agent,complete,1631806883733,2021-09-16,7,KingTowsk,drop,CAR,Carolina Panthers,DEF,
2021,744060911135907840,2,free_agent,complete,1631760454499,2021-09-15,9,brockhusk,add,NE,New England Patriots,DEF,
2021,744060911135907840,2,free_agent,complete,1631760454499,2021-09-15,9,brockhusk,drop,1476,Latavius Murray,RB,
2021,743922752767045632,2,free_agent,complete,1631727514977,2021-09-15,2,Erjohnson14,add,49,Robbie Gould,K,
2021,743922752767045632,2,free_agent,complete,1631727514977,2021-09-15,2,Erjohnson14,drop,1266,Greg Zuerlein,K,
2021,743909906083655680,2,free_agent,complete,1631724452089,2021-09-15,1,bgreenblatt,add,1848,James White,RB,
2021,743866624699985920,2,free_agent,complete,1631714133003,2021-09-15,2,Erjohnson14,add,3209,Devontae Booker,RB,
2021,743866409511206912,2,free_agent,complete,1631714081698,2021-09-15,2,Erjohnson14,drop,5870,Daniel Jones,QB,
2021,748722355391545344,3,commissioner,complete,1632871829415,2021-09-28,6,JSanDusky69,add,7594,Chuba Hubbard,RB,
2021,748702199848267776,3,free_agent,complete,1632867023959,2021-09-28,4,jdrobny,drop,5170,Phillip Lindsay,RB,
2021,748701972244385792,3,commissioner,complete,1632866969694,2021-09-28,4,jdrobny,add,538,Emmanuel Sanders,WR,
2021,748686033129967616,3,waiver,failed,1632863169513,2021-09-28,6,JSanDusky69,add,7594,Chuba Hubbard,RB,0
2021,748634446349127680,3,waiver,complete,1632850870266,2021-09-28,2,Erjohnson14,add,6083,Matt Gay,K,0
2021,748634446349127680,3,waiver,complete,1632850870266,2021-09-28,2,Erjohnson14,drop,650,Nick Folk,K,
2021,748618236358258688,3,waiver,failed,1632847005503,2021-09-28,7,KingTowsk,add,4351,Tim Patrick,WR,3
2021,748618236358258688,3,waiver,failed,1632847005503,2021-09-28,7,KingTowsk,drop,6798,Jalen Reagor,WR,
2021,748607215153307648,3,waiver,complete,1632844377843,2021-09-28,7,KingTowsk,add,NO,New Orleans Saints,DEF,5
2021,748607215153307648,3,waiver,complete,1632844377843,2021-09-28,7,KingTowsk,drop,6798,Jalen Reagor,WR,
2021,748588790003658752,3,waiver,complete,1632839984945,2021-09-28,5,kaufmannc,add,3594,Peyton Barber,RB,15
2021,748588790003658752,3,waiver,complete,1632839984945,2021-09-28,5,kaufmannc,drop,3214,Hunter Henry,TE,
2021,748584561755250688,3,waiver,failed,1632838976852,2021-09-28,5,kaufmannc,add,7594,Chuba Hubbard,RB,20
2021,748584561755250688,3,waiver,failed,1632838976852,2021-09-28,5,kaufmannc,drop,3214,Hunter Henry,TE,
2021,748580808801026048,3,waiver,failed,1632838082078,2021-09-28,3,MaxSirianni,add,7594,Chuba Hubbard,RB,
2021,748569613574467584,3,waiver,failed,1632835412928,2021-09-28,10,cc5597,add,NO,New Orleans Saints,DEF,
2021,748310525980577792,3,free_agent,complete,1632773641632,2021-09-27,6,JSanDusky69,drop,3161,Carson Wentz,QB,
2021,748308715924496384,3,waiver,failed,1632773210081,2021-09-27,9,brockhusk,add,1244,Josh Gordon,WR,
2021,748308715924496384,3,waiver,failed,1632773210081,2021-09-27,9,brockhusk,drop,5110,Russell Gage,WR,
2021,748306793154883584,3,waiver,complete,1632772751679,2021-09-27,1,bgreenblatt,add,1244,Josh Gordon,WR,21
2021,748306793154883584,3,waiver,complete,1632772751679,2021-09-27,1,bgreenblatt,drop,1848,James White,RB,
2021,748006267129491456,3,waiver,complete,1632701100669,2021-09-26,1,bgreenblatt,add,TEN,Tennessee Titans,DEF,
2021,748006267129491456,3,waiver,complete,1632701100669,2021-09-26,1,bgreenblatt,drop,CAR,Carolina Panthers,DEF,
2021,747879294365421568,3,free_agent,complete,1632670828003,2021-09-26,6,JSanDusky69,drop,1339,Zach Ertz,TE,
2021,747144133721919488,3,free_agent,complete,1632495552047,2021-09-24,7,KingTowsk,add,5284,Jeff Wilson,RB,
2021,747144133721919488,3,free_agent,complete,1632495552047,2021-09-24,7,KingTowsk,drop,6083,Matt Gay,K,
2021,746846956210503680,3,free_agent,complete,1632424699407,2021-09-23,1,bgreenblatt,add,5987,Alexander Mattison,RB,
2021,746846956210503680,3,free_agent,complete,1632424699407,2021-09-23,1,bgreenblatt,drop,4089,Gerald Everett,TE,
2021,746794878305943552,3,free_agent,complete,1632412283067,2021-09-23,10,cc5597,add,1266,Greg Zuerlein,K,
2021,746794878305943552,3,free_agent,complete,1632412283067,2021-09-23,10,cc5597,drop,391,Ryan Succop,K,
2021,746400717610328064,3,free_agent,complete,1632318307834,2021-09-22,8,TylerWicks,add,ARI,Arizona Cardinals,DEF,
2021,746400717610328064,3,free_agent,complete,1632318307834,2021-09-22,8,TylerWicks,drop,1408,Le'Veon Bell,RB,
2021,746400370162597888,3,free_agent,complete,1632318224996,2021-09-22,2,Erjohnson14,add,650,Nick Folk,K,
2021,746400370162597888,3,free_agent,complete,1632318224996,2021-09-22,2,Erjohnson14,drop,49,Robbie Gould,K,
2021,746391578150588416,3,free_agent,complete,1632316128817,2021-09-22,9,brockhusk,add,6870,Bryan Edwards,WR,
2021,746330747023069184,3,waiver,complete,1632301625546,2021-09-22,1,bgreenblatt,add,6814,Laviska Shenault,WR,
2021,746330747023069184,3,waiver,complete,1632301625546,2021-09-22,1,bgreenblatt,drop,2410,Jamison Crowder,WR,
2021,751269549818683392,4,waiver,failed,1633479127891,2021-10-05,3,MaxSirianni,add,1833,Damien Williams,RB,10
2021,751263743509409792,4,waiver,complete,1633477743559,2021-10-05,7,KingTowsk,add,7608,Khalil Herbert,RB,5
2021,751263743509409792,4,waiver,complete,1633477743559,2021-10-05,7,KingTowsk,drop,7601,Rondale Moore,WR,
2021,751263302860025856,4,waiver,failed,1633477638500,2021-10-05,7,KingTowsk,add,4147,Samaje Perine,RB,20
2021,751263302860025856,4,waiver,failed,1633477638500,2021-10-05,7,KingTowsk,drop,7098,Ty'Son Williams,RB,
2021,751263235897950208,4,waiver,complete,1633477622535,2021-10-05,7,KingTowsk,add,1833,Damien Williams,RB,29
2021,751263235897950208,4,waiver,complete,1633477622535,2021-10-05,7,KingTowsk,drop,7098,Ty'Son Williams,RB,
2021,751221810963578880,4,waiver,failed,1633467746061,2021-10-05,5,kaufmannc,add,1833,Damien Williams,RB,5
2021,751216522168479744,4,waiver,failed,1633466485114,2021-10-05,4,jdrobny,add,5001,Dalton Schultz,TE,1
2021,751216522168479744,4,waiver,failed,1633466485114,2021-10-05,4,jdrobny,drop,6826,Cole Kmet,TE,
2021,751174000801067008,4,trade,complete,1633456347230,2021-10-05,7,KingTowsk,add,24,Matt Ryan,QB,
2021,751174000801067008,4,trade,complete,1633456347230,2021-10-05,2,Erjohnson14,add,4881,Lamar Jackson,QB,
2021,751174000801067008,4,trade,complete,1633456347230,2021-10-05,7,KingTowsk,add,7588,Javonte Williams,RB,
2021,751174000801067008,4,trade,complete,1633456347230,2021-10-05,2,Erjohnson14,drop,24,Matt Ryan,QB,
2021,751174000801067008,4,trade,complete,1633456347230,2021-10-05,7,KingTowsk,drop,4881,Lamar Jackson,QB,
2021,751174000801067008,4,trade,complete,1633456347230,2021-10-05,2,Erjohnson14,drop,7588,Javonte Williams,RB,
2021,751173587574128640,4,trade,complete,1633456248709,2021-10-05,6,JSanDusky69,add,6820,Clyde Edwards-Helaire,RB,
2021,751173587574128640,4,trade,complete,1633456248709,2021-10-05,7,KingTowsk,drop,6820,Clyde Edwards-Helaire,RB,
2021,751163434120450048,4,trade,complete,1633453827937,2021-10-05,1,bgreenblatt,add,1466,Travis Kelce,TE,
2021,751163434120450048,4,trade,complete,1633453827937,2021-10-05,1,bgreenblatt,add,6790,D'Andre Swift,RB,
2021,751163434120450048,4,trade,complete,1633453827937,2021-10-05,7,KingTowsk,add,6945,Antonio Gibson,RB,
2021,751163434120450048,4,trade,complete,1633453827937,2021-10-05,7,KingTowsk,add,7553,Kyle Pitts,TE,
2021,751163434120450048,4,trade,complete,1633453827937,2021-10-05,7,KingTowsk,drop,1466,Travis Kelce,TE,
2021,751163434120450048,4,trade,complete,1633453827937,2021-10-05,7,KingTowsk,drop,6790,D'Andre Swift,RB,
2021,751163434120450048,4,trade,complete,1633453827937,2021-10-05,1,bgreenblatt,drop,6945,Antonio Gibson,RB,
2021,751163434120450048,4,trade,complete,1633453827937,2021-10-05,1,bgreenblatt,drop,7553,Kyle Pitts,TE,
2021,751148041305772032,4,waiver,failed,1633450158004,2021-10-05,6,JSanDusky69,add,1476,Latavius Murray,RB,0
2021,751128381894037504,4,waiver,complete,1633445470835,2021-10-05,2,Erjohnson14,add,5001,Dalton Schultz,TE,5
2021,751128381894037504,4,waiver,complete,1633445470835,2021-10-05,2,Erjohnson14,drop,367,Jared Cook,TE,
2021,751101773405642752,4,waiver,complete,1633439126877,2021-10-05,2,Erjohnson14,add,CAR,Carolina Panthers,DEF,0
2021,751101773405642752,4,waiver,complete,1633439126877,2021-10-05,2,Erjohnson14,drop,DEN,Denver Broncos,DEF,
2021,750935285495529472,4,waiver,failed,1633399433066,2021-10-04,9,brockhusk,add,5001,Dalton Schultz,TE,10
2021,750935285495529472,4,waiver,failed,1633399433066,2021-10-04,9,brockhusk,drop,5110,Russell Gage,WR,
2021,750935125696765952,4,waiver,complete,1633399394967,2021-10-04,9,brockhusk,add,5906,Dawson Knox,TE,20
2021,750935125696765952,4,waiver,complete,1633399394967,2021-10-04,9,brockhusk,drop,5110,Russell Gage,WR,
2021,750474710038626304,4,waiver,failed,1633289623320,2021-10-03,1,bgreenblatt,add,1833,Damien Williams,RB,11
2021,750474710038626304,4,waiver,failed,1633289623320,2021-10-03,1,bgreenblatt,drop,3157,William Fuller,WR,
2021,750472549162557440,4,waiver,failed,1633289108127,2021-10-03,1,bgreenblatt,add,5906,Dawson Knox,TE,0
2021,750472549162557440,4,waiver,failed,1633289108127,2021-10-03,1,bgreenblatt,drop,3157,William Fuller,WR,
2021,749351866680389632,4,free_agent,complete,1633021916602,2021-09-30,5,kaufmannc,drop,7607,Michael Carter,RB,
2021,749351531815546880,4,free_agent,complete,1633021836764,2021-09-30,5,kaufmannc,add,4351,Tim Patrick,WR,
2021,749348843770015744,4,free_agent,complete,1633021195884,2021-09-30,10,cc5597,add,CIN,Cincinnati Bengals,DEF,
2021,753798584687796224,5,waiver,complete,1634082096791,2021-10-12,7,KingTowsk,add,3209,Devontae Booker,RB,19
2021,753798248942161920,5,free_agent,complete,1634082016743,2021-10-12,7,KingTowsk,drop,5284,Jeff Wilson,RB,
2021,753794806068801536,5,waiver,failed,1634081195898,2021-10-12,7,KingTowsk,add,7606,Kadarius Toney,WR,11
2021,753794806068801536,5,waiver,failed,1634081195898,2021-10-12,7,KingTowsk,drop,4082,Curtis Samuel,WR,
2021,753782258468499456,5,waiver,failed,1634078204317,2021-10-12,6,JSanDusky69,add,3214,Hunter Henry,TE,6
2021,753781180062617600,5,free_agent,complete,1634077947205,2021-10-12,6,JSanDusky69,drop,4147,Samaje Perine,RB,
2021,753780862130208768,5,free_agent,complete,1634077871404,2021-10-12,6,JSanDusky69,drop,2214,Cameron Brate,TE,
2021,753780236755251200,5,waiver,complete,1634077722303,2021-10-12,6,JSanDusky69,add,7601,Rondale Moore,WR,9
2021,753760204365119488,5,waiver,failed,1634072946209,2021-10-12,2,Erjohnson14,add,7606,Kadarius Toney,WR,0
2021,753760204365119488,5,waiver,failed,1634072946209,2021-10-12,2,Erjohnson14,drop,3327,Alex Collins,RB,
2021,753725204580188160,5,waiver,complete,1634064601610,2021-10-12,1,bgreenblatt,add,5549,Darrel Williams,RB,26
2021,753725204580188160,5,waiver,complete,1634064601610,2021-10-12,1,bgreenblatt,drop,7593,Trey Sermon,RB,
2021,753698748902817792,5,waiver,failed,1634058294085,2021-10-12,10,cc5597,add,3214,Hunter Henry,TE,26
2021,753698692590116864,5,waiver,complete,1634058280659,2021-10-12,4,jdrobny,add,1339,Zach Ertz,TE,6
2021,753637032470974464,5,waiver,complete,1634043579741,2021-10-12,2,Erjohnson14,add,GB,Green Bay Packers,DEF,0
2021,753637032470974464,5,waiver,complete,1634043579741,2021-10-12,2,Erjohnson14,drop,CAR,Carolina Panthers,DEF,
2021,753632657350516736,5,waiver,failed,1634042536631,2021-10-12,3,MaxSirianni,add,5549,Darrel Williams,RB,15
2021,753505192565178368,5,waiver,failed,1634012146658,2021-10-11,6,JSanDusky69,add,5549,Darrel Williams,RB,21
2021,753470647694680064,5,waiver,failed,1634003910519,2021-10-11,1,bgreenblatt,add,3214,Hunter Henry,TE,0
2021,753470647694680064,5,waiver,failed,1634003910519,2021-10-11,1,bgreenblatt,drop,1244,Josh Gordon,WR,
2021,753453857576763392,5,waiver,failed,1633999907443,2021-10-11,2,Erjohnson14,add,5549,Darrel Williams,RB,25
2021,753377753776185344,5,waiver,complete,1633981762883,2021-10-11,4,jdrobny,add,3214,Hunter Henry,TE,26
2021,753377753776185344,5,waiver,complete,1633981762883,2021-10-11,4,jdrobny,drop,6826,Cole Kmet,TE,
2021,753370393368203264,5,free_agent,complete,1633980008025,2021-10-11,6,JSanDusky69,drop,4040,JuJu Smith-Schuster,WR,
2021,753153798993780736,5,waiver,complete,1633928367902,2021-10-10,1,bgreenblatt,add,CIN,Cincinnati Bengals,DEF,0
2021,753153798993780736,5,waiver,complete,1633928367902,2021-10-10,1,bgreenblatt,drop,MIN,Minnesota Vikings,DEF,
2021,753102765253107712,5,waiver,complete,1633916200510,2021-10-10,1,bgreenblatt,add,7606,Kadarius Toney,WR,22
2021,753102765253107712,5,waiver,complete,1633916200510,2021-10-10,1,bgreenblatt,drop,6814,Laviska Shenault,WR,
2021,752653841094311936,5,waiver,complete,1633809168650,2021-10-09,5,kaufmannc,add,CLE,Cleveland Browns,DEF,1
2021,752653841094311936,5,waiver,complete,1633809168650,2021-10-09,5,kaufmannc,drop,DAL,Dallas Cowboys,DEF,
2021,752633778131972096,5,free_agent,complete,1633804385267,2021-10-09,10,cc5597,add,CHI,Chicago Bears,DEF,
2021,752633778131972096,5,free_agent,complete,1633804385267,2021-10-09,10,cc5597,drop,CLE,Cleveland Browns,DEF,
2021,752633572023746560,5,free_agent,complete,1633804336127,2021-10-09,10,cc5597,add,367,Jared Cook,TE,
2021,752633572023746560,5,free_agent,complete,1633804336127,2021-10-09,10,cc5597,drop,4602,Robert Tonyan,TE,
2021,752550029008486400,5,free_agent,complete,1633784417920,2021-10-09,1,bgreenblatt,add,7537,Jaret Patterson,RB,
2021,752550029008486400,5,free_agent,complete,1633784417920,2021-10-09,1,bgreenblatt,drop,3157,William Fuller,WR,
2021,752351717475106816,5,free_agent,complete,1633737136766,2021-10-08,6,JSanDusky69,add,2214,Cameron Brate,TE,
2021,752239172722515968,5,free_agent,complete,1633710304006,2021-10-08,5,kaufmannc,add,391,Ryan Succop,K,
2021,752239172722515968,5,free_agent,complete,1633710304006,2021-10-08,5,kaufmannc,drop,3594,Peyton Barber,RB,
2021,752033339422285824,5,free_agent,complete,1633661229523,2021-10-07,10,cc5597,drop,CIN,Cincinnati Bengals,DEF,
2021,751983243326402560,5,waiver,complete,1633649285683,2021-10-07,8,TylerWicks,add,5967,Tony Pollard,RB,10
2021,751871243556368384,5,waiver,complete,1633622582857,2021-10-07,7,KingTowsk,add,DEN,Denver Broncos,DEF,6
2021,751871243556368384,5,waiver,complete,1633622582857,2021-10-07,7,KingTowsk,drop,7608,Khalil Herbert,RB,
2021,751870979134885888,5,free_agent,complete,1633622519814,2021-10-07,3,MaxSirianni,add,LV,Las Vegas Raiders,DEF,
2021,751870979134885888,5,free_agent,complete,1633622519814,2021-10-07,3,MaxSirianni,drop,5967,Tony Pollard,RB,
2021,751862355322847232,5,free_agent,complete,1633620463737,2021-10-07,6,JSanDusky69,add,1476,Latavius Murray,RB,
2021,751859157530968064,5,free_agent,complete,1633619701324,2021-10-07,2,Erjohnson14,drop,1476,Latavius Murray,RB,
2021,751859039146803200,5,free_agent,complete,1633619673099,2021-10-07,6,JSanDusky69,add,4147,Samaje Perine,RB,
2021,751858490674438144,5,trade,complete,1633619542333,2021-10-07,7,KingTowsk,add,1466,Travis Kelce,TE,
2021,751858490674438144,5,trade,complete,1633619542333,2021-10-07,7,KingTowsk,add,6790,D'Andre Swift,RB,
2021,751858490674438144,5,trade,complete,1633619542333,2021-10-07,1,bgreenblatt,add,6945,Antonio Gibson,RB,
2021,751858490674438144,5,trade,complete,1633619542333,2021-10-07,1,bgreenblatt,add,7553,Kyle Pitts,TE,
2021,751858490674438144,5,trade,complete,1633619542333,2021-10-07,1,bgreenblatt,drop,1466,Travis Kelce,TE,
2021,751858490674438144,5,trade,complete,1633619542333,2021-10-07,1,bgreenblatt,drop,6790,D'Andre Swift,RB,
2021,751858490674438144,5,trade,complete,1633619542333,2021-10-07,7,KingTowsk,drop,6945,Antonio Gibson,RB,
2021,751858490674438144,5,trade,complete,1633619542333,2021-10-07,7,KingTowsk,drop,7553,Kyle Pitts,TE,
2021,751858241994153984,5,trade,complete,1633619483043,2021-10-07,7,KingTowsk,add,6820,Clyde Edwards-Helaire,RB,
2021,751858241994153984,5,trade,complete,1633619483043,2021-10-07,6,JSanDusky69,drop,6820,Clyde Edwards-Helaire,RB,
2021,751858142513639424,5,trade,complete,1633619459325,2021-10-07,2,Erjohnson14,add,24,Matt Ryan,QB,
2021,751858142513639424,5,trade,complete,1633619459325,2021-10-07,7,KingTowsk,add,4881,Lamar Jackson,QB,
2021,751858142513639424,5,trade,complete,1633619459325,2021-10-07,2,Erjohnson14,add,7588,Javonte Williams,RB,
2021,751858142513639424,5,trade,complete,1633619459325,2021-10-07,7,KingTowsk,drop,24,Matt Ryan,QB,
2021,751858142513639424,5,trade,complete,1633619459325,2021-10-07,2,Erjohnson14,drop,4881,Lamar Jackson,QB,
2021,751858142513639424,5,trade,complete,1633619459325,2021-10-07,7,KingTowsk,drop,7588,Javonte Williams,RB,
2021,751599628843089920,5,free_agent,complete,1633557824863,2021-10-06,2,Erjohnson14,add,3327,Alex Collins,RB,
2021,751599628843089920,5,free_agent,complete,1633557824863,2021-10-06,2,Erjohnson14,drop,7794,Chris Evans,RB,
2021,751514990594363392,5,free_agent,complete,1633537645532,2021-10-06,2,Erjohnson14,add,1476,Latavius Murray,RB,
2021,751514990594363392,5,free_agent,complete,1633537645532,2021-10-06,2,Erjohnson14,drop,4962,Sony Michel,RB,
2021,751495036730023936,5,free_agent,complete,1633532888160,2021-10-06,6,JSanDusky69,drop,5980,Myles Gaskin,RB,
2021,751476541720006656,5,free_agent,complete,1633528478606,2021-10-06,2,Erjohnson14,add,7794,Chris Evans,RB,
2021,751467521441431552,5,free_agent,complete,1633526328004,2021-10-06,1,bgreenblatt,add,MIN,Minnesota Vikings,DEF,
2021,751467521441431552,5,free_agent,complete,1633526328004,2021-10-06,1,bgreenblatt,drop,TEN,Tennessee Titans,DEF,
2021,751467498435661824,5,waiver,failed,1633526322519,2021-10-06,1,bgreenblatt,add,DEN,Denver Broncos,DEF,0
2021,751467498435661824,5,waiver,failed,1633526322519,2021-10-06,1,bgreenblatt,drop,3157,William Fuller,WR,
2021,751441063947919360,5,free_agent,complete,1633520020046,2021-10-06,5,kaufmannc,add,DAL,Dallas Cowboys,DEF,
2021,756384634157314048,6,waiver,complete,1634698659031,2021-10-19,2,Erjohnson14,add,6694,D'Ernest Johnson,RB,11
2021,756384634157314048,6,waiver,complete,1634698659031,2021-10-19,2,Erjohnson14,drop,3225,Tyler Boyd,WR,
2021,756357335361925120,6,waiver,complete,1634692150491,2021-10-19,3,MaxSirianni,add,1110,T.Y. Hilton,WR,10
2021,756357335361925120,6,waiver,complete,1634692150491,2021-10-19,3,MaxSirianni,drop,1433,Brandon McManus,K,
2021,756232560471838720,6,waiver,failed,1634662401839,2021-10-19,7,KingTowsk,add,5095,Daniel Carlson,K,2
2021,756232560471838720,6,waiver,failed,1634662401839,2021-10-19,7,KingTowsk,drop,4195,Jake Elliott,K,
2021,756232258486161408,6,waiver,failed,1634662329840,2021-10-19,7,KingTowsk,add,6694,D'Ernest Johnson,RB,7
2021,756232258486161408,6,waiver,failed,1634662329840,2021-10-19,7,KingTowsk,drop,DEN,Denver Broncos,DEF,
2021,756228123846094848,6,waiver,complete,1634661344065,2021-10-19,10,cc5597,add,2251,Logan Thomas,TE,11
2021,756228123846094848,6,waiver,complete,1634661344065,2021-10-19,10,cc5597,drop,CHI,Chicago Bears,DEF,
2021,756216865017176064,6,waiver,complete,1634658659751,2021-10-19,9,brockhusk,add,4950,Christian Kirk,WR,0
2021,756216865017176064,6,waiver,complete,1634658659751,2021-10-19,9,brockhusk,drop,JAX,Jacksonville Jaguars,DEF,
2021,756212855031898112,6,waiver,failed,1634657703696,2021-10-19,2,Erjohnson14,add,CAR,Carolina Panthers,DEF,0
2021,756212855031898112,6,waiver,failed,1634657703696,2021-10-19,2,Erjohnson14,drop,GB,Green Bay Packers,DEF,
2021,756194255776657408,6,waiver,failed,1634653269289,2021-10-19,1,bgreenblatt,add,5095,Daniel Carlson,K,0
2021,756194255776657408,6,waiver,failed,1634653269289,2021-10-19,1,bgreenblatt,drop,5987,Alexander Mattison,RB,
2021,756185587970629632,6,waiver,complete,1634651202722,2021-10-19,10,cc5597,add,5095,Daniel Carlson,K,6
2021,756185587970629632,6,waiver,complete,1634651202722,2021-10-19,10,cc5597,drop,1266,Greg Zuerlein,K,
2021,756026468538359808,6,waiver,failed,1634613265693,2021-10-18,5,kaufmannc,add,1110,T.Y. Hilton,WR,0
2021,756026273079435264,6,waiver,failed,1634613219092,2021-10-18,5,kaufmannc,add,6694,D'Ernest Johnson,RB,0
2021,756006640309964800,6,waiver,complete,1634608538275,2021-10-18,1,bgreenblatt,add,7609,Demetric Felton,RB,0
2021,756006640309964800,6,waiver,complete,1634608538275,2021-10-18,1,bgreenblatt,drop,7608,Khalil Herbert,RB,
2021,755906835990577152,6,waiver,complete,1634584743071,2021-10-18,1,bgreenblatt,add,CAR,Carolina Panthers,DEF,0
2021,755906835990577152,6,waiver,complete,1634584743071,2021-10-18,1,bgreenblatt,drop,CIN,Cincinnati Bengals,DEF,
2021,755906013756022784,6,free_agent,complete,1634584547035,2021-10-18,1,bgreenblatt,add,1837,Jimmy Garoppolo,QB,
2021,755906013756022784,6,free_agent,complete,1634584547035,2021-10-18,1,bgreenblatt,drop,7610,Trey Lance,QB,
2021,755553752760766464,6,free_agent,complete,1634500561469,2021-10-17,2,Erjohnson14,add,5955,Hunter Renfrow,WR,
2021,755553752760766464,6,free_agent,complete,1634500561469,2021-10-17,2,Erjohnson14,drop,4994,Kalen Ballage,RB,
2021,755201870523400192,6,free_agent,complete,1634416666206,2021-10-16,5,kaufmannc,add,6814,Laviska Shenault,WR,
2021,755201729523507200,6,free_agent,complete,1634416632589,2021-10-16,5,kaufmannc,drop,1945,Chris Boswell,K,
2021,755201646883110912,6,free_agent,complete,1634416612886,2021-10-16,5,kaufmannc,add,1945,Chris Boswell,K,
2021,755201278983946240,6,free_agent,complete,1634416525172,2021-10-16,5,kaufmannc,drop,4951,DJ Chark,WR,
2021,754890237964099584,6,free_agent,complete,1634342367214,2021-10-15,1,bgreenblatt,add,3327,Alex Collins,RB,
2021,754890237964099584,6,free_agent,complete,1634342367214,2021-10-15,1,bgreenblatt,drop,CAR,Carolina Panthers,DEF,
2021,754883167827156992,6,free_agent,complete,1634340681562,2021-10-15,1,bgreenblatt,add,CAR,Carolina Panthers,DEF,
2021,754883167827156992,6,free_agent,complete,1634340681562,2021-10-15,1,bgreenblatt,drop,3327,Alex Collins,RB,
2021,754882308229705728,6,free_agent,complete,1634340476618,2021-10-15,1,bgreenblatt,add,3327,Alex Collins,RB,
2021,754856157293731840,6,waiver,complete,1634334241749,2021-10-15,1,bgreenblatt,add,5987,Alexander Mattison,RB,0
2021,754856157293731840,6,waiver,complete,1634334241749,2021-10-15,1,bgreenblatt,drop,1244,Josh Gordon,WR,
2021,754820798530891776,6,waiver,complete,1634325811563,2021-10-15,5,kaufmannc,add,7594,Chuba Hubbard,RB,10
2021,754820798530891776,6,waiver,complete,1634325811563,2021-10-15,5,kaufmannc,drop,6989,Marquez Callaway,WR,
2021,754783381656547329,6,waiver,failed,1634316890685,2021-10-15,7,KingTowsk,add,7594,Chuba Hubbard,RB,5
2021,754783381656547329,6,waiver,failed,1634316890685,2021-10-15,7,KingTowsk,drop,6828,AJ Dillon,RB,
2021,754780218069286912,6,waiver,failed,1634316136427,2021-10-15,2,Erjohnson14,add,7594,Chuba Hubbard,RB,0
2021,754780218069286912,6,waiver,failed,1634316136427,2021-10-15,2,Erjohnson14,drop,4994,Kalen Ballage,RB,
2021,754762118254981120,6,free_agent,complete,1634311821095,2021-10-15,6,JSanDusky69,drop,7567,Kenny Gainwell,RB,
2021,754757205055799296,6,trade,complete,1634310649697,2021-10-15,6,JSanDusky69,add,5549,Darrel Williams,RB,
2021,754757205055799296,6,trade,complete,1634310649697,2021-10-15,1,bgreenblatt,drop,5549,Darrel Williams,RB,
2021,754468228138397696,6,free_agent,complete,1634241752231,2021-10-14,1,bgreenblatt,add,7608,Khalil Herbert,RB,
2021,754468228138397696,6,free_agent,complete,1634241752231,2021-10-14,1,bgreenblatt,drop,5987,Alexander Mattison,RB,
2021,754133399056302080,6,waiver,failed,1634161922757,2021-10-13,1,bgreenblatt,add,7594,Chuba Hubbard,RB,1
2021,754133399056302080,6,waiver,failed,1634161922757,2021-10-13,1,bgreenblatt,drop,1244,Josh Gordon,WR,
2021,754132766207148032,6,free_agent,complete,1634161771874,2021-10-13,6,JSanDusky69,add,7567,Kenny Gainwell,RB,
2021,754132766207148032,6,free_agent,complete,1634161771874,2021-10-13,6,JSanDusky69,drop,7594,Chuba Hubbard,RB,
2021,754026379661717504,6,free_agent,complete,1634136407345,2021-10-13,7,KingTowsk,add,4195,Jake Elliott,K,
2021,754026379661717504,6,free_agent,complete,1634136407345,2021-10-13,7,KingTowsk,drop,5095,Daniel Carlson,K,
2021,754025270763253760,6,free_agent,complete,1634136142963,2021-10-13,7,KingTowsk,add,4152,Marlon Mack,RB,
2021,754025270763253760,6,free_agent,complete,1634136142963,2021-10-13,7,KingTowsk,drop,4082,Curtis Samuel,WR,
2021,754013821588365312,6,free_agent,complete,1634133413267,2021-10-13,9,brockhusk,add,JAX,Jacksonville Jaguars,DEF,
2021,754013821588365312,6,free_agent,complete,1634133413267,2021-10-13,9,brockhusk,drop,5119,Jason Sanders,K,
2021,754012273382703104,6,free_agent,complete,1634133044146,2021-10-13,6,JSanDusky69,add,4066,Evan Engram,TE,
2021,754011457540202496,6,free_agent,complete,1634132849634,2021-10-13,6,JSanDusky69,add,6768,Tua Tagovailoa,QB,
2021,754007983465357312,6,free_agent,complete,1634132021350,2021-10-13,3,MaxSirianni,drop,3163,Jared Goff,QB,
2021,754007826241884160,6,free_agent,complete,1634131983865,2021-10-13,3,MaxSirianni,add,3161,Carson Wentz,QB,
2021,754004568555311104,6,free_agent,complete,1634131207172,2021-10-13,3,MaxSirianni,add,1433,Brandon McManus,K,
2021,754004568555311104,6,free_agent,complete,1634131207172,2021-10-13,3,MaxSirianni,drop,2251,Logan Thomas,TE,
2021,754000002413658112,6,free_agent,complete,1634130118519,2021-10-13,2,Erjohnson14,add,4994,Kalen Ballage,RB,
2021,754000002413658112,6,free_agent,complete,1634130118519,2021-10-13,2,Erjohnson14,drop,3161,Carson Wentz,QB,
2021,753999679838130176,6,free_agent,complete,1634130041611,2021-10-13,2,Erjohnson14,add,3161,Carson Wentz,QB,
2021,753997979215659008,6,free_agent,complete,1634129636151,2021-10-13,1,bgreenblatt,add,4531,Ricky Seals-Jones,TE,
2021,753997979215659008,6,free_agent,complete,1634129636151,2021-10-13,1,bgreenblatt,drop,7537,Jaret Patterson,RB,
2021,753997565837553664,6,free_agent,complete,1634129537594,2021-10-13,2,Erjohnson14,drop,3327,Alex Collins,RB,
2021,753971332382875648,6,free_agent,complete,1634123283051,2021-10-13,3,MaxSirianni,add,5980,Myles Gaskin,RB,
2021,758978697469534208,7,waiver,failed,1635317131920,2021-10-27,6,JSanDusky69,add,5967,Tony Pollard,RB,0
2021,758978621347053568,7,waiver,failed,1635317113771,2021-10-27,6,JSanDusky69,add,3327,Alex Collins,RB,0
2021,758977789553680384,7,waiver,complete,1635316915456,2021-10-27,6,JSanDusky69,add,1825,Jarvis Landry,WR,0
2021,758977722109267968,7,waiver,failed,1635316899376,2021-10-27,6,JSanDusky69,add,7567,Kenny Gainwell,RB,6
2021,758977288787382272,7,free_agent,complete,1635316796064,2021-10-27,6,JSanDusky69,drop,1476,Latavius Murray,RB,
2021,758907724305129472,7,waiver,complete,1635300210599,2021-10-26,7,KingTowsk,add,5272,Greg Joseph,K,0
2021,758907724305129472,7,waiver,complete,1635300210599,2021-10-26,7,KingTowsk,drop,650,Nick Folk,K,
2021,758907687445606400,7,waiver,failed,1635300201811,2021-10-26,7,KingTowsk,add,1266,Greg Zuerlein,K,0
2021,758907687445606400,7,waiver,failed,1635300201811,2021-10-26,7,KingTowsk,drop,650,Nick Folk,K,
2021,758907198695923712,7,waiver,failed,1635300085284,2021-10-26,7,KingTowsk,add,CIN,Cincinnati Bengals,DEF,2
2021,758907198695923712,7,waiver,failed,1635300085284,2021-10-26,7,KingTowsk,drop,NO,New Orleans Saints,DEF,
2021,758818073175289856,7,waiver,complete,1635278836104,2021-10-26,2,Erjohnson14,add,7567,Kenny Gainwell,RB,7
2021,758818073175289856,7,waiver,complete,1635278836104,2021-10-26,2,Erjohnson14,drop,956,Mark Ingram,RB,
2021,758815109303914496,7,waiver,failed,1635278129462,2021-10-26,3,MaxSirianni,add,CIN,Cincinnati Bengals,DEF,5
2021,758814922984525824,7,waiver,complete,1635278085040,2021-10-26,3,MaxSirianni,add,5022,Dallas Goedert,TE,30
2021,758808011635544064,7,waiver,complete,1635276437246,2021-10-26,4,jdrobny,add,CIN,Cincinnati Bengals,DEF,6
2021,758808011635544064,7,waiver,complete,1635276437246,2021-10-26,4,jdrobny,drop,IND,Indianapolis Colts,DEF,
2021,758760523713114112,7,waiver,failed,1635265115243,2021-10-26,7,KingTowsk,add,7567,Kenny Gainwell,RB,4
2021,758760523713114112,7,waiver,failed,1635265115243,2021-10-26,7,KingTowsk,drop,1833,Damien Williams,RB,
2021,758759134618374144,7,waiver,complete,1635264784057,2021-10-26,10,cc5597,add,1266,Greg Zuerlein,K,2
2021,758759134618374144,7,waiver,complete,1635264784057,2021-10-26,10,cc5597,drop,4144,Jonnu Smith,TE,
2021,758758902727819264,7,waiver,failed,1635264728770,2021-10-26,10,cc5597,add,CIN,Cincinnati Bengals,DEF,6
2021,758728052346871808,7,waiver,failed,1635257373466,2021-10-26,9,brockhusk,add,CIN,Cincinnati Bengals,DEF,2
2021,758728052346871808,7,waiver,failed,1635257373466,2021-10-26,9,brockhusk,drop,138,Ben Roethlisberger,QB,
2021,758727402879897600,7,waiver,failed,1635257218621,2021-10-26,5,kaufmannc,add,7567,Kenny Gainwell,RB,0
2021,758727402879897600,7,waiver,failed,1635257218621,2021-10-26,5,kaufmannc,drop,4985,Rashaad Penny,RB,
2021,758727118065680384,7,waiver,complete,1635257150716,2021-10-26,1,bgreenblatt,add,DEN,Denver Broncos,DEF,0
2021,758727118065680384,7,waiver,complete,1635257150716,2021-10-26,1,bgreenblatt,drop,2747,Jason Myers,K,
2021,758727075921244160,7,waiver,failed,1635257140668,2021-10-26,1,bgreenblatt,add,5022,Dallas Goedert,TE,6
2021,758727075921244160,7,waiver,failed,1635257140668,2021-10-26,1,bgreenblatt,drop,4531,Ricky Seals-Jones,TE,
2021,758726971613175808,7,waiver,complete,1635257115799,2021-10-26,1,bgreenblatt,add,7610,Trey Lance,QB,0
2021,758726971613175808,7,waiver,complete,1635257115799,2021-10-26,1,bgreenblatt,drop,7609,Demetric Felton,RB,
2021,758458619606986752,7,waiver,complete,1635193135695,2021-10-25,9,brockhusk,add,5870,Daniel Jones,QB,0
2021,758458619606986752,7,waiver,complete,1635193135695,2021-10-25,9,brockhusk,drop,138,Ben Roethlisberger,QB,
2021,758386404291170304,7,waiver,failed,1635175918222,2021-10-25,5,kaufmannc,add,5022,Dallas Goedert,TE,2
2021,758386404291170304,7,waiver,failed,1635175918222,2021-10-25,5,kaufmannc,drop,4985,Rashaad Penny,RB,
2021,758179292781121536,7,free_agent,complete,1635126538990,2021-10-24,1,bgreenblatt,add,5987,Alexander Mattison,RB,
2021,758179292781121536,7,free_agent,complete,1635126538990,2021-10-24,1,bgreenblatt,drop,3327,Alex Collins,RB,
2021,758179027268956160,7,waiver,failed,1635126475687,2021-10-24,1,bgreenblatt,add,CIN,Cincinnati Bengals,DEF,2
2021,758179027268956160,7,waiver,failed,1635126475687,2021-10-24,1,bgreenblatt,drop,CAR,Carolina Panthers,DEF,
2021,758132909042720768,7,free_agent,complete,1635115480245,2021-10-24,1,bgreenblatt,add,2747,Jason Myers,K,
2021,758132909042720768,7,free_agent,complete,1635115480245,2021-10-24,1,bgreenblatt,drop,6528,Joey Slye,K,
2021,758073832266735616,7,free_agent,complete,1635101395244,2021-10-24,8,TylerWicks,add,2214,Cameron Brate,TE,
2021,758073832266735616,7,free_agent,complete,1635101395244,2021-10-24,8,TylerWicks,drop,5967,Tony Pollard,RB,
2021,757648238827417600,7,free_agent,complete,1634999925861,2021-10-23,4,jdrobny,drop,5022,Dallas Goedert,TE,
2021,757647251962228736,7,free_agent,complete,1634999690574,2021-10-23,4,jdrobny,drop,1825,Jarvis Landry,WR,
2021,757383377241448448,7,free_agent,complete,1634936777938,2021-10-22,2,Erjohnson14,add,2168,Devonta Freeman,RB,
2021,757367686002024448,7,free_agent,complete,1634933036855,2021-10-22,6,JSanDusky69,add,4602,Robert Tonyan,TE,
2021,757367613444722688,7,free_agent,complete,1634933019556,2021-10-22,6,JSanDusky69,drop,7601,Rondale Moore,WR,
2021,757113342753243136,7,free_agent,complete,1634872396699,2021-10-21,2,Erjohnson14,add,956,Mark Ingram,RB,
2021,757113342753243136,7,free_agent,complete,1634872396699,2021-10-21,2,Erjohnson14,drop,4149,Jamaal Williams,RB,
2021,757049259840442368,7,free_agent,complete,1634857118142,2021-10-21,6,JSanDusky69,add,6989,Marquez Callaway,WR,
2021,757049159361896448,7,waiver,failed,1634857094186,2021-10-21,6,JSanDusky69,add,7608,Khalil Herbert,RB,2
2021,757049143951867904,7,waiver,failed,1634857090512,2021-10-21,1,bgreenblatt,add,4152,Marlon Mack,RB,0
2021,757049143951867904,7,waiver,failed,1634857090512,2021-10-21,1,bgreenblatt,drop,7609,Demetric Felton,RB,
2021,757049051031400448,7,free_agent,complete,1634857068358,2021-10-21,6,JSanDusky69,drop,4066,Evan Engram,TE,
2021,756759941909467136,7,waiver,complete,1634788139372,2021-10-20,4,jdrobny,add,7608,Khalil Herbert,RB,1
2021,756644533596463104,7,free_agent,complete,1634760623886,2021-10-20,1,bgreenblatt,add,4017,Deshaun Watson,QB,
2021,756644533596463104,7,free_agent,complete,1634760623886,2021-10-20,1,bgreenblatt,drop,1837,Jimmy Garoppolo,QB,
2021,756627874555068416,7,waiver,complete,1634756652062,2021-10-20,7,KingTowsk,add,4152,Marlon Mack,RB,1
2021,756627874555068416,7,waiver,complete,1634756652062,2021-10-20,7,KingTowsk,drop,7537,Jaret Patterson,RB,
2021,756627188131934208,7,waiver,complete,1634756488405,2021-10-20,10,cc5597,add,GB,Green Bay Packers,DEF,3
2021,756627188131934208,7,waiver,complete,1634756488405,2021-10-20,10,cc5597,drop,5870,Daniel Jones,QB,
2021,756623293318086656,7,free_agent,complete,1634755559809,2021-10-20,7,KingTowsk,add,7537,Jaret Patterson,RB,
2021,756623293318086656,7,free_agent,complete,1634755559809,2021-10-20,7,KingTowsk,drop,4152,Marlon Mack,RB,
2021,756607362403590144,7,free_agent,complete,1634751761583,2021-10-20,3,MaxSirianni,add,1373,Geno Smith,QB,
2021,756607362403590144,7,free_agent,complete,1634751761583,2021-10-20,3,MaxSirianni,drop,WAS,Washington Commanders,DEF,
2021,756567932166889472,7,free_agent,complete,1634742360682,2021-10-20,7,KingTowsk,add,7607,Michael Carter,RB,
2021,756567932166889472,7,free_agent,complete,1634742360682,2021-10-20,7,KingTowsk,drop,DEN,Denver Broncos,DEF,
2021,756548718509039616,7,free_agent,complete,1634737779789,2021-10-20,5,kaufmannc,add,4985,Rashaad Penny,RB,
2021,756541505119838208,7,free_agent,complete,1634736059983,2021-10-20,1,bgreenblatt,add,6528,Joey Slye,K,
2021,756541505119838208,7,free_agent,complete,1634736059983,2021-10-20,1,bgreenblatt,drop,5987,Alexander Mattison,RB,
2021,756541073488289792,7,free_agent,complete,1634735957074,2021-10-20,2,Erjohnson14,add,SF,San Francisco 49ers,DEF,
2021,756541073488289792,7,free_agent,complete,1634735957074,2021-10-20,2,Erjohnson14,drop,GB,Green Bay Packers,DEF,
2021,756522026331713536,7,free_agent,complete,1634731415878,2021-10-20,7,KingTowsk,add,650,Nick Folk,K,
2021,756522026331713536,7,free_agent,complete,1634731415878,2021-10-20,7,KingTowsk,drop,4195,Jake Elliott,K,
2021,761427347663622144,8,waiver,complete,1635900935620,2021-11-02,2,Erjohnson14,add,6753,Derrick Gore,RB,0
2021,761427347663622144,8,waiver,complete,1635900935620,2021-11-02,2,Erjohnson14,drop,7567,Kenny Gainwell,RB,
2021,761427261135142912,8,waiver,complete,1635900914990,2021-11-02,2,Erjohnson14,add,5347,Nyheim Miller-Hines,RB,2
2021,761427261135142912,8,waiver,complete,1635900914990,2021-11-02,2,Erjohnson14,drop,6694,D'Ernest Johnson,RB,
2021,761427200351289344,8,waiver,complete,1635900900499,2021-11-02,2,Erjohnson14,add,2319,DeVante Parker,WR,0
2021,761427200351289344,8,waiver,complete,1635900900499,2021-11-02,2,Erjohnson14,drop,1992,Allen Robinson,WR,
2021,761427008474501120,8,waiver,complete,1635900854751,2021-11-02,2,Erjohnson14,add,MIA,Miami Dolphins,DEF,2
2021,761427008474501120,8,waiver,complete,1635900854751,2021-11-02,2,Erjohnson14,drop,SF,San Francisco 49ers,DEF,
2021,761376713933451264,8,waiver,complete,1635888863598,2021-11-02,7,KingTowsk,add,2257,Carlos Hyde,RB,0
2021,761376531141496832,8,waiver,failed,1635888820017,2021-11-02,7,KingTowsk,add,4219,Jeremy McNichols,RB,11
2021,761364926257319936,8,free_agent,complete,1635886053197,2021-11-02,7,KingTowsk,drop,4152,Marlon Mack,RB,
2021,761342192529842176,8,waiver,complete,1635880633054,2021-11-02,6,JSanDusky69,add,4381,Taysom Hill,TE,5
2021,761309812624609280,8,waiver,failed,1635872913083,2021-11-02,7,KingTowsk,add,1837,Jimmy Garoppolo,QB,0
2021,761309812624609280,8,waiver,failed,1635872913083,2021-11-02,7,KingTowsk,drop,2306,Jameis Winston,QB,
2021,761308440407863296,8,waiver,complete,1635872585921,2021-11-02,7,KingTowsk,add,650,Nick Folk,K,0
2021,761308440407863296,8,waiver,complete,1635872585921,2021-11-02,7,KingTowsk,drop,5272,Greg Joseph,K,
2021,761307330091630592,8,waiver,failed,1635872321201,2021-11-02,7,KingTowsk,add,4381,Taysom Hill,TE,1
2021,761307330091630592,8,waiver,failed,1635872321201,2021-11-02,7,KingTowsk,drop,2306,Jameis Winston,QB,
2021,761303494417350656,8,free_agent,complete,1635871406705,2021-11-02,6,JSanDusky69,drop,6989,Marquez Callaway,WR,
2021,761303396128018432,8,waiver,failed,1635871383271,2021-11-02,6,JSanDusky69,add,4219,Jeremy McNichols,RB,21
2021,761303071388225536,8,waiver,complete,1635871305847,2021-11-02,6,JSanDusky69,add,4066,Evan Engram,TE,3
2021,761301840846565376,8,waiver,failed,1635871012463,2021-11-02,1,bgreenblatt,add,4381,Taysom Hill,TE,0
2021,761301840846565376,8,waiver,failed,1635871012463,2021-11-02,1,bgreenblatt,drop,DEN,Denver Broncos,DEF,
2021,761267790735876096,8,waiver,complete,1635862894284,2021-11-02,10,cc5597,add,1837,Jimmy Garoppolo,QB,21
2021,761267790735876096,8,waiver,complete,1635862894284,2021-11-02,10,cc5597,drop,5095,Daniel Carlson,K,
2021,761105154257911808,8,free_agent,complete,1635824118726,2021-11-01,6,JSanDusky69,drop,4602,Robert Tonyan,TE,
2021,760917709692231680,8,free_agent,complete,1635779428459,2021-11-01,1,bgreenblatt,add,184,Adrian Peterson,RB,
2021,760917709692231680,8,free_agent,complete,1635779428459,2021-11-01,1,bgreenblatt,drop,7045,Joshua Kelley,RB,
2021,760912353540845568,8,waiver,complete,1635778151453,2021-11-01,3,MaxSirianni,add,4219,Jeremy McNichols,RB,47
2021,760912353540845568,8,waiver,complete,1635778151453,2021-11-01,3,MaxSirianni,drop,5980,Myles Gaskin,RB,
2021,760900020995235840,8,waiver,failed,1635775211145,2021-11-01,1,bgreenblatt,add,4219,Jeremy McNichols,RB,25
2021,760900020995235840,8,waiver,failed,1635775211145,2021-11-01,1,bgreenblatt,drop,5987,Alexander Mattison,RB,
2021,760668237326471168,8,free_agent,complete,1635719949612,2021-10-31,5,kaufmannc,add,6149,Darius Slayton,WR,
2021,760668237326471168,8,free_agent,complete,1635719949612,2021-10-31,5,kaufmannc,drop,6814,Laviska Shenault,WR,
2021,760567491348074496,8,free_agent,complete,1635695929899,2021-10-31,1,bgreenblatt,add,IND,Indianapolis Colts,DEF,
2021,760567491348074496,8,free_agent,complete,1635695929899,2021-10-31,1,bgreenblatt,drop,4017,Deshaun Watson,QB,
2021,760562073725149184,8,free_agent,complete,1635694638237,2021-10-31,3,MaxSirianni,add,138,Ben Roethlisberger,QB,
2021,760562073725149184,8,free_agent,complete,1635694638237,2021-10-31,3,MaxSirianni,drop,LV,Las Vegas Raiders,DEF,
2021,760227050471682048,8,free_agent,complete,1635614762469,2021-10-30,2,Erjohnson14,add,1992,Allen Robinson,WR,
2021,759943856350412800,8,free_agent,complete,1635547243729,2021-10-29,1,bgreenblatt,add,7045,Joshua Kelley,RB,
2021,759943856350412800,8,free_agent,complete,1635547243729,2021-10-29,1,bgreenblatt,drop,956,Mark Ingram,RB,
2021,759932910806626304,8,free_agent,complete,1635544634108,2021-10-29,3,MaxSirianni,add,7596,Elijah Moore,WR,
2021,759932910806626304,8,free_agent,complete,1635544634108,2021-10-29,3,MaxSirianni,drop,1373,Geno Smith,QB,
2021,759932613325619200,8,free_agent,complete,1635544563183,2021-10-29,8,TylerWicks,add,3225,Tyler Boyd,WR,
2021,759932613325619200,8,free_agent,complete,1635544563183,2021-10-29,8,TylerWicks,drop,2214,Cameron Brate,TE,
2021,759543491293540352,8,free_agent,complete,1635451789261,2021-10-28,8,TylerWicks,add,928,Randall Cobb,WR,
2021,759543331549257728,8,free_agent,complete,1635451751175,2021-10-28,8,TylerWicks,drop,333,Ryan Fitzpatrick,QB,
2021,759471953177329664,8,free_agent,complete,1635434733245,2021-10-28,9,brockhusk,add,CHI,Chicago Bears,DEF,
2021,759471953177329664,8,free_agent,complete,1635434733245,2021-10-28,9,brockhusk,drop,6870,Bryan Edwards,WR,
2021,759437517052313600,8,free_agent,complete,1635426523033,2021-10-28,4,jdrobny,add,4195,Jake Elliott,K,
2021,759416310638780416,8,free_agent,complete,1635421467030,2021-10-28,5,kaufmannc,add,2391,David Johnson,RB,
2021,759416310638780416,8,free_agent,complete,1635421467030,2021-10-28,5,kaufmannc,drop,4985,Rashaad Penny,RB,
2021,759205498343002112,8,waiver,complete,1635371205462,2021-10-27,1,bgreenblatt,add,956,Mark Ingram,RB,0
2021,759205498343002112,8,waiver,complete,1635371205462,2021-10-27,1,bgreenblatt,drop,CAR,Carolina Panthers,DEF,
2021,759145005486112768,8,free_agent,complete,1635356782841,2021-10-27,10,cc5597,add,SEA,Seattle Seahawks,DEF,
2021,759102737240756224,8,free_agent,complete,1635346705307,2021-10-27,1,bgreenblatt,add,5122,Boston Scott,RB,
2021,759100062386278400,8,free_agent,complete,1635346067571,2021-10-27,7,KingTowsk,add,4082,Curtis Samuel,WR,
2021,759100062386278400,8,free_agent,complete,1635346067571,2021-10-27,7,KingTowsk,drop,1833,Damien Williams,RB,
2021,759091740916441088,8,free_agent,complete,1635344083578,2021-10-27,1,bgreenblatt,drop,7610,Trey Lance,QB,
2021,759090992145092608,8,free_agent,complete,1635343905057,2021-10-27,3,MaxSirianni,add,LAC,Los Angeles Chargers,DEF,
2021,759090992145092608,8,free_agent,complete,1635343905057,2021-10-27,3,MaxSirianni,drop,2319,DeVante Parker,WR,
2021,759090926688821248,8,free_agent,complete,1635343889451,2021-10-27,3,MaxSirianni,drop,1992,Allen Robinson,WR,
2021,759090731402002432,8,free_agent,complete,1635343842891,2021-10-27,4,jdrobny,drop,5347,Nyheim Miller-Hines,RB,
2021,759090147617820672,8,free_agent,complete,1635343703706,2021-10-27,2,Erjohnson14,drop,2168,Devonta Freeman,RB,
2021,759027271314104320,8,free_agent,complete,1635328712827,2021-10-27,1,bgreenblatt,drop,4531,Ricky Seals-Jones,TE,
2021,758984793966006272,8,free_agent,complete,1635318585438,2021-10-27,6,JSanDusky69,add,5967,Tony Pollard,RB,
2021,758984793966006272,8,free_agent,complete,1635318585438,2021-10-27,6,JSanDusky69,drop,1817,Sammy Watkins,WR,
2021,763985799036399616,9,waiver,complete,1636510917961,2021-11-09,7,KingTowsk,add,6694,D'Ernest Johnson,RB,9
2021,763985799036399616,9,waiver,complete,1636510917961,2021-11-09,7,KingTowsk,drop,4082,Curtis Samuel,WR,
2021,763953754583183360,9,waiver,complete,1636503277968,2021-11-09,1,bgreenblatt,add,4335,P.J. Walker,QB,0
2021,763953754583183360,9,waiver,complete,1636503277968,2021-11-09,1,bgreenblatt,drop,DEN,Denver Broncos,DEF,
2021,763937182263140352,9,waiver,failed,1636499326819,2021-11-09,2,Erjohnson14,add,6694,D'Ernest Johnson,RB,5
2021,763937182263140352,9,waiver,failed,1636499326819,2021-11-09,2,Erjohnson14,drop,2319,DeVante Parker,WR,
2021,763850395570319360,9,waiver,complete,1636478635259,2021-11-09,7,KingTowsk,add,7610,Trey Lance,QB,2
2021,763850395570319360,9,waiver,complete,1636478635259,2021-11-09,7,KingTowsk,drop,6804,Jordan Love,QB,
2021,763849717061914624,9,waiver,complete,1636478473490,2021-11-09,7,KingTowsk,add,PHI,Philadelphia Eagles,DEF,0
2021,763849717061914624,9,waiver,complete,1636478473490,2021-11-09,7,KingTowsk,drop,NO,New Orleans Saints,DEF,
2021,763838137138077696,9,waiver,complete,1636475712621,2021-11-09,2,Erjohnson14,add,TEN,Tennessee Titans,DEF,3
2021,763838137138077696,9,waiver,complete,1636475712621,2021-11-09,2,Erjohnson14,drop,MIA,Miami Dolphins,DEF,
2021,763828241210408960,9,waiver,complete,1636473353248,2021-11-09,6,JSanDusky69,add,7567,Kenny Gainwell,RB,0
2021,763827798757482496,9,waiver,failed,1636473247759,2021-11-09,5,kaufmannc,add,TEN,Tennessee Titans,DEF,2
2021,763827798757482496,9,waiver,failed,1636473247759,2021-11-09,5,kaufmannc,drop,CLE,Cleveland Browns,DEF,
2021,763825861827891200,9,free_agent,complete,1636472785959,2021-11-09,2,Erjohnson14,drop,6753,Derrick Gore,RB,
2021,763825233907089408,9,trade,complete,1636472636251,2021-11-09,2,Erjohnson14,add,4066,Evan Engram,TE,
2021,763825233907089408,9,trade,complete,1636472636251,2021-11-09,6,JSanDusky69,drop,4066,Evan Engram,TE,
2021,763824402046529536,9,free_agent,complete,1636472437920,2021-11-09,6,JSanDusky69,drop,4943,Sam Darnold,QB,
2021,763824150103097344,9,free_agent,complete,1636472377852,2021-11-09,1,bgreenblatt,drop,6870,Bryan Edwards,WR,
2021,763805476038299648,9,free_agent,complete,1636467925608,2021-11-09,8,TylerWicks,drop,5086,Marquez Valdes-Scantling,WR,
2021,763792642369814528,9,free_agent,complete,1636464865823,2021-11-09,7,KingTowsk,drop,7601,Rondale Moore,WR,
2021,763148795952537600,9,waiver,complete,1636311360875,2021-11-07,5,kaufmannc,add,6824,Donovan Peoples-Jones,WR,0
2021,763148795952537600,9,waiver,complete,1636311360875,2021-11-07,5,kaufmannc,drop,6149,Darius Slayton,WR,
2021,763133018834927616,9,free_agent,complete,1636307599317,2021-11-07,9,brockhusk,drop,7538,Zach Wilson,QB,
2021,763132942829846528,9,free_agent,complete,1636307581196,2021-11-07,9,brockhusk,drop,CHI,Chicago Bears,DEF,
2021,763125776165064704,9,free_agent,complete,1636305872530,2021-11-07,7,KingTowsk,add,7601,Rondale Moore,WR,
2021,763125776165064704,9,free_agent,complete,1636305872530,2021-11-07,7,KingTowsk,drop,2257,Carlos Hyde,RB,
2021,762756766420287488,9,free_agent,complete,1636217893751,2021-11-06,6,JSanDusky69,add,4943,Sam Darnold,QB,
2021,762751119511379968,9,free_agent,complete,1636216547423,2021-11-06,1,bgreenblatt,add,6870,Bryan Edwards,WR,
2021,762751119511379968,9,free_agent,complete,1636216547423,2021-11-06,1,bgreenblatt,drop,5122,Boston Scott,RB,
2021,762747964711100416,9,free_agent,complete,1636215795260,2021-11-06,6,JSanDusky69,drop,4335,P.J. Walker,QB,
2021,762442460000534528,9,free_agent,complete,1636142957261,2021-11-05,6,JSanDusky69,add,4335,P.J. Walker,QB,
2021,762355303785291776,9,free_agent,complete,1636122177600,2021-11-05,7,KingTowsk,add,1992,Allen Robinson,WR,
2021,762131337544245248,9,free_agent,complete,1636068779887,2021-11-04,4,jdrobny,add,6853,Van Jefferson,WR,
2021,762131265049776128,9,free_agent,complete,1636068762603,2021-11-04,4,jdrobny,add,6814,Laviska Shenault,WR,
2021,762130969863131136,9,waiver,failed,1636068692225,2021-11-04,4,jdrobny,add,5980,Myles Gaskin,RB,2
2021,762078158961950720,9,free_agent,complete,1636056101125,2021-11-04,4,jdrobny,drop,4195,Jake Elliott,K,
2021,762044752190410752,9,waiver,failed,1636048136330,2021-11-04,7,KingTowsk,add,5980,Myles Gaskin,RB,0
2021,762019168605327360,9,waiver,complete,1636042036728,2021-11-04,1,bgreenblatt,add,5980,Myles Gaskin,RB,6
2021,761751584811118592,9,waiver,failed,1635978239780,2021-11-03,2,Erjohnson14,add,5980,Myles Gaskin,RB,0
2021,761688123708174336,9,free_agent,complete,1635963109474,2021-11-03,10,cc5597,add,DAL,Dallas Cowboys,DEF,
2021,761688123708174336,9,free_agent,complete,1635963109474,2021-11-03,10,cc5597,drop,SEA,Seattle Seahawks,DEF,
2021,761651981772300288,9,free_agent,complete,1635954492565,2021-11-03,5,kaufmannc,add,4741,Dan Arnold,TE,
2021,761651981772300288,9,free_agent,complete,1635954492565,2021-11-03,5,kaufmannc,drop,6789,Henry Ruggs,WR,
2021,761651611427852288,9,free_agent,complete,1635954404268,2021-11-03,5,kaufmannc,add,5230,Michael Badgley,K,
2021,761651611427852288,9,free_agent,complete,1635954404268,2021-11-03,5,kaufmannc,drop,391,Ryan Succop,K,
2021,761651295210881024,9,free_agent,complete,1635954328876,2021-11-03,7,KingTowsk,drop,7610,Trey Lance,QB,
2021,761642763619057664,9,waiver,failed,1635952294786,2021-11-03,6,JSanDusky69,add,5980,Myles Gaskin,RB,4
2021,761638735812214784,9,free_agent,complete,1635951334482,2021-11-03,7,KingTowsk,add,6804,Jordan Love,QB,
2021,761624204364972032,9,free_agent,complete,1635947869915,2021-11-03,7,KingTowsk,drop,3199,Michael Thomas,WR,
2021,761612947951878144,9,free_agent,complete,1635945186177,2021-11-03,6,JSanDusky69,drop,4943,Sam Darnold,QB,
2021,761609758275911680,9,free_agent,complete,1635944425699,2021-11-03,2,Erjohnson14,drop,3200,Sterling Shepard,WR,
2021,761600442252840960,9,free_agent,complete,1635942204586,2021-11-03,7,KingTowsk,add,7610,Trey Lance,QB,
2021,761600442252840960,9,free_agent,complete,1635942204586,2021-11-03,7,KingTowsk,drop,2306,Jameis Winston,QB,
2021,766478073301491712,10,waiver,failed,1637105122450,2021-11-16,2,Erjohnson14,add,7611,Rhamondre Stevenson,RB,5
2021,766478073301491712,10,waiver,failed,1637105122450,2021-11-16,2,Erjohnson14,drop,4066,Evan Engram,TE,
2021,766365431391997952,10,waiver,complete,1637078266526,2021-11-16,9,brockhusk,add,5870,Daniel Jones,QB,0
2021,766365431391997952,10,waiver,complete,1637078266526,2021-11-16,9,brockhusk,drop,5089,Mike White,QB,
2021,766357753563336704,10,free_agent,complete,1637076435989,2021-11-16,4,jdrobny,drop,DEN,Denver Broncos,DEF,
2021,766357694713081856,10,waiver,complete,1637076421958,2021-11-16,4,jdrobny,add,2168,Devonta Freeman,RB,37
2021,766350226918342656,10,waiver,complete,1637074641497,2021-11-16,6,JSanDusky69,add,138,Ben Roethlisberger,QB,6
2021,766350115588988928,10,waiver,failed,1637074614954,2021-11-16,6,JSanDusky69,add,2168,Devonta Freeman,RB,4
2021,766346129905434624,10,waiver,failed,1637073664693,2021-11-16,3,MaxSirianni,add,2168,Devonta Freeman,RB,10
2021,766345766238326784,10,free_agent,complete,1637073577988,2021-11-16,6,JSanDusky69,drop,3327,Alex Collins,RB,
2021,766345470233698304,10,waiver,complete,1637073507415,2021-11-16,2,Erjohnson14,add,391,Ryan Succop,K,0
2021,766345252327047168,10,waiver,failed,1637073455462,2021-11-16,5,kaufmannc,add,391,Ryan Succop,K,0
2021,766345252327047168,10,waiver,failed,1637073455462,2021-11-16,5,kaufmannc,drop,5230,Michael Badgley,K,
2021,766345009069953024,10,waiver,complete,1637073397465,2021-11-16,5,kaufmannc,add,5133,Tyler Conklin,TE,5
2021,766345009069953024,10,waiver,complete,1637073397465,2021-11-16,5,kaufmannc,drop,6951,Eno Benjamin,RB,
2021,766344678714015744,10,free_agent,complete,1637073318702,2021-11-16,2,Erjohnson14,drop,1034,Brandon Bolden,RB,
2021,766069146269192192,10,waiver,failed,1637007626648,2021-11-15,3,MaxSirianni,add,2168,Devonta Freeman,RB,0
2021,765980551176941568,10,waiver,complete,1636986503932,2021-11-15,10,cc5597,add,7611,Rhamondre Stevenson,RB,17
2021,765980551176941568,10,waiver,complete,1636986503932,2021-11-15,10,cc5597,drop,GB,Green Bay Packers,DEF,
2021,765700718081536000,10,waiver,failed,1636919786523,2021-11-14,8,TylerWicks,add,7611,Rhamondre Stevenson,RB,0
2021,765697296959979520,10,free_agent,complete,1636918970864,2021-11-14,1,bgreenblatt,add,5284,Jeff Wilson,RB,
2021,765697296959979520,10,free_agent,complete,1636918970864,2021-11-14,1,bgreenblatt,drop,184,Adrian Peterson,RB,
2021,765669234108973056,10,free_agent,complete,1636912280159,2021-11-14,9,brockhusk,add,533,Colt McCoy,QB,
2021,765669234108973056,10,free_agent,complete,1636912280159,2021-11-14,9,brockhusk,drop,3423,Robbie Chosen,WR,
2021,765651986719977472,10,free_agent,complete,1636908168061,2021-11-14,9,brockhusk,drop,5870,Daniel Jones,QB,
2021,765414120685260800,10,free_agent,complete,1636851456379,2021-11-13,3,MaxSirianni,drop,138,Ben Roethlisberger,QB,
2021,765308882846429184,10,free_agent,complete,1636826365723,2021-11-13,4,jdrobny,add,2410,Jamison Crowder,WR,
2021,765308324165177344,10,free_agent,complete,1636826232523,2021-11-13,4,jdrobny,drop,SEA,Seattle Seahawks,DEF,
2021,765308188991107072,10,free_agent,complete,1636826200295,2021-11-13,4,jdrobny,add,5110,Russell Gage,WR,
2021,765306226216161280,10,free_agent,complete,1636825732363,2021-11-13,4,jdrobny,drop,1352,Robert Woods,WR,
2021,765271493348306944,10,free_agent,complete,1636817451372,2021-11-13,6,JSanDusky69,add,CAR,Carolina Panthers,DEF,
2021,765271493348306944,10,free_agent,complete,1636817451372,2021-11-13,6,JSanDusky69,drop,4381,Taysom Hill,TE,
2021,765270513194008576,10,free_agent,complete,1636817217685,2021-11-13,6,JSanDusky69,add,3327,Alex Collins,RB,
2021,765252909070946304,10,free_agent,complete,1636813020535,2021-11-13,1,bgreenblatt,add,SF,San Francisco 49ers,DEF,
2021,765252909070946304,10,free_agent,complete,1636813020535,2021-11-13,1,bgreenblatt,drop,4335,P.J. Walker,QB,
2021,765252737813315584,10,free_agent,complete,1636812979704,2021-11-13,1,bgreenblatt,add,NO,New Orleans Saints,DEF,
2021,764994345781858304,10,free_agent,complete,1636751374243,2021-11-12,5,kaufmannc,add,3306,Jordan Howard,RB,
2021,764984610353451008,10,waiver,complete,1636749053136,2021-11-12,4,jdrobny,add,5347,Nyheim Miller-Hines,RB,5
2021,764984535887794176,10,free_agent,complete,1636749035382,2021-11-12,4,jdrobny,add,DEN,Denver Broncos,DEF,
2021,764983979882442752,10,free_agent,complete,1636748902820,2021-11-12,2,Erjohnson14,add,956,Mark Ingram,RB,
2021,764983979882442752,10,free_agent,complete,1636748902820,2021-11-12,2,Erjohnson14,drop,5347,Nyheim Miller-Hines,RB,
2021,764749536081211392,10,free_agent,complete,1636693007062,2021-11-11,2,Erjohnson14,drop,2749,Raheem Mostert,RB,
2021,764748860248928256,10,free_agent,complete,1636692845931,2021-11-11,2,Erjohnson14,drop,2319,DeVante Parker,WR,
2021,764746224460148736,10,trade,complete,1636692217510,2021-11-11,2,Erjohnson14,add,536,Antonio Brown,WR,
2021,764746224460148736,10,trade,complete,1636692217510,2021-11-11,1,bgreenblatt,add,6819,Michael Pittman,WR,
2021,764746224460148736,10,trade,complete,1636692217510,2021-11-11,2,Erjohnson14,add,6938,Cam Akers,RB,
2021,764746224460148736,10,trade,complete,1636692217510,2021-11-11,2,Erjohnson14,add,6945,Antonio Gibson,RB,
2021,764746224460148736,10,trade,complete,1636692217510,2021-11-11,1,bgreenblatt,drop,536,Antonio Brown,WR,
2021,764746224460148736,10,trade,complete,1636692217510,2021-11-11,2,Erjohnson14,drop,6819,Michael Pittman,WR,
2021,764746224460148736,10,trade,complete,1636692217510,2021-11-11,1,bgreenblatt,drop,6938,Cam Akers,RB,
2021,764746224460148736,10,trade,complete,1636692217510,2021-11-11,1,bgreenblatt,drop,6945,Antonio Gibson,RB,
2021,764572300183011328,10,free_agent,complete,1636650750731,2021-11-11,6,JSanDusky69,drop,7567,Kenny Gainwell,RB,
2021,764542266730774528,10,free_agent,complete,1636643590198,2021-11-11,7,KingTowsk,add,954,Cam Newton,QB,
2021,764542266730774528,10,free_agent,complete,1636643590198,2021-11-11,7,KingTowsk,drop,7610,Trey Lance,QB,
2021,764542130684321792,10,free_agent,complete,1636643557762,2021-11-11,5,kaufmannc,add,6951,Eno Benjamin,RB,
2021,764542130684321792,10,free_agent,complete,1636643557762,2021-11-11,5,kaufmannc,drop,2391,David Johnson,RB,
2021,764285698453970944,10,free_agent,complete,1636582419554,2021-11-10,10,cc5597,add,5095,Daniel Carlson,K,
2021,764285698453970944,10,free_agent,complete,1636582419554,2021-11-10,10,cc5597,drop,1266,Greg Zuerlein,K,
2021,764271290919075840,10,free_agent,complete,1636578984530,2021-11-10,5,kaufmannc,drop,4741,Dan Arnold,TE,
2021,764205145725714432,10,waiver,complete,1636563214287,2021-11-10,3,MaxSirianni,add,7608,Khalil Herbert,RB,0
2021,764204586486583296,10,free_agent,complete,1636563080954,2021-11-10,4,jdrobny,add,SEA,Seattle Seahawks,DEF,
2021,764204586486583296,10,free_agent,complete,1636563080954,2021-11-10,4,jdrobny,drop,CIN,Cincinnati Bengals,DEF,
2021,764204432408891392,10,free_agent,complete,1636563044219,2021-11-10,4,jdrobny,drop,7608,Khalil Herbert,RB,
2021,764201928770121728,10,free_agent,complete,1636562447305,2021-11-10,9,brockhusk,add,7600,Pat Freiermuth,TE,
2021,764201162965643264,10,free_agent,complete,1636562264723,2021-11-10,9,brockhusk,add,5089,Mike White,QB,
2021,764201162965643264,10,free_agent,complete,1636562264723,2021-11-10,9,brockhusk,drop,827,Tyrod Taylor,QB,
2021,764197178200666112,10,free_agent,complete,1636561314682,2021-11-10,2,Erjohnson14,add,1034,Brandon Bolden,RB,
2021,769018995729956864,11,waiver,complete,1637710925565,2021-11-23,2,Erjohnson14,add,2378,Tevin Coleman,RB,3
2021,769018995729956864,11,waiver,complete,1637710925565,2021-11-23,2,Erjohnson14,drop,391,Ryan Succop,K,
2021,769016102079553536,11,waiver,complete,1637710235665,2021-11-23,2,Erjohnson14,add,6156,Benny Snell,RB,0
2021,769013013213765632,11,waiver,complete,1637709499222,2021-11-23,7,KingTowsk,add,5133,Tyler Conklin,TE,0
2021,769012824751136768,11,waiver,failed,1637709454289,2021-11-23,7,KingTowsk,add,4066,Evan Engram,TE,0
2021,768992174024019968,11,waiver,complete,1637704530772,2021-11-23,5,kaufmannc,add,5536,Dontrell Hilliard,RB,15
2021,768992174024019968,11,waiver,complete,1637704530772,2021-11-23,5,kaufmannc,drop,6824,Donovan Peoples-Jones,WR,
2021,768934860394991616,11,waiver,complete,1637690866138,2021-11-23,6,JSanDusky69,add,2020,Cairo Santos,K,0
2021,768934860394991616,11,waiver,complete,1637690866138,2021-11-23,6,JSanDusky69,drop,5549,Darrel Williams,RB,
2021,768926895839506432,11,waiver,complete,1637688967240,2021-11-23,7,KingTowsk,add,827,Tyrod Taylor,QB,1
2021,768926895839506432,11,waiver,complete,1637688967240,2021-11-23,7,KingTowsk,drop,7523,Trevor Lawrence,QB,
2021,768902588795092992,11,waiver,complete,1637683171989,2021-11-23,9,brockhusk,add,1945,Chris Boswell,K,0
2021,768902588795092992,11,waiver,complete,1637683171989,2021-11-23,9,brockhusk,drop,533,Colt McCoy,QB,
2021,768897127316353024,11,waiver,complete,1637681869871,2021-11-23,8,TylerWicks,add,CHI,Chicago Bears,DEF,5
2021,768727312002002944,11,waiver,failed,1637641382745,2021-11-22,5,kaufmannc,add,2391,David Johnson,RB,0
2021,768727312002002944,11,waiver,failed,1637641382745,2021-11-22,5,kaufmannc,drop,6824,Donovan Peoples-Jones,WR,
2021,768504004891299840,11,waiver,complete,1637588142181,2021-11-22,1,bgreenblatt,add,3327,Alex Collins,RB,8
2021,768504004891299840,11,waiver,complete,1637588142181,2021-11-22,1,bgreenblatt,drop,5947,Jakobi Meyers,WR,
2021,768314744418627584,11,waiver,failed,1637543018968,2021-11-21,1,bgreenblatt,add,CHI,Chicago Bears,DEF,0
2021,768314744418627584,11,waiver,failed,1637543018968,2021-11-21,1,bgreenblatt,drop,5284,Jeff Wilson,RB,
2021,768164493053325312,11,free_agent,complete,1637507196251,2021-11-21,4,jdrobny,add,WAS,Washington Commanders,DEF,
2021,768164493053325312,11,free_agent,complete,1637507196251,2021-11-21,4,jdrobny,drop,5110,Russell Gage,WR,
2021,767954382309478400,11,free_agent,complete,1637457101946,2021-11-20,6,JSanDusky69,drop,1067,Marvin Jones,WR,
2021,767444573483012096,11,waiver,complete,1637335554050,2021-11-19,1,bgreenblatt,add,2711,Taylor Heinicke,QB,2
2021,767444573483012096,11,waiver,complete,1637335554050,2021-11-19,1,bgreenblatt,drop,NO,New Orleans Saints,DEF,
2021,767439092400156672,11,waiver,complete,1637334247258,2021-11-19,2,Erjohnson14,add,1837,Jimmy Garoppolo,QB,2
2021,767439092400156672,11,waiver,complete,1637334247258,2021-11-19,2,Erjohnson14,drop,24,Matt Ryan,QB,
2021,767430905001320448,11,free_agent,complete,1637332295230,2021-11-19,5,kaufmannc,add,4741,Dan Arnold,TE,
2021,767430905001320448,11,free_agent,complete,1637332295230,2021-11-19,5,kaufmannc,drop,5133,Tyler Conklin,TE,
2021,767430022586875904,11,free_agent,complete,1637332084846,2021-11-19,5,kaufmannc,drop,3306,Jordan Howard,RB,
2021,767211308017057792,11,free_agent,complete,1637279939229,2021-11-18,8,TylerWicks,drop,3225,Tyler Boyd,WR,
2021,767211138504212480,11,free_agent,complete,1637279898814,2021-11-18,8,TylerWicks,drop,2711,Taylor Heinicke,QB,
2021,767210940965089280,11,free_agent,complete,1637279851717,2021-11-18,8,TylerWicks,add,1266,Greg Zuerlein,K,
2021,767210940965089280,11,free_agent,complete,1637279851717,2021-11-18,8,TylerWicks,drop,59,Mason Crosby,K,
2021,767210642947219456,11,free_agent,complete,1637279780664,2021-11-18,8,TylerWicks,add,2549,Trevor Siemian,QB,
2021,767210288180342784,11,free_agent,complete,1637279696081,2021-11-18,3,MaxSirianni,add,4150,Wayne Gallman,RB,
2021,767210288180342784,11,free_agent,complete,1637279696081,2021-11-18,3,MaxSirianni,drop,1034,Brandon Bolden,RB,
2021,767209260815077376,11,free_agent,complete,1637279451138,2021-11-18,3,MaxSirianni,add,1034,Brandon Bolden,RB,
2021,766735315472945152,11,waiver,failed,1637166453763,2021-11-17,1,bgreenblatt,add,1837,Jimmy Garoppolo,QB,0
2021,766735315472945152,11,waiver,failed,1637166453763,2021-11-17,1,bgreenblatt,drop,NO,New Orleans Saints,DEF,
2021,766734364645134336,11,free_agent,complete,1637166227068,2021-11-17,4,jdrobny,add,4111,D'Onta Foreman,RB,
2021,766734364645134336,11,free_agent,complete,1637166227068,2021-11-17,4,jdrobny,drop,2410,Jamison Crowder,WR,
2021,766733964214960128,11,free_agent,complete,1637166131598,2021-11-17,10,cc5597,add,MIA,Miami Dolphins,DEF,
2021,766733964214960128,11,free_agent,complete,1637166131598,2021-11-17,10,cc5597,drop,1837,Jimmy Garoppolo,QB,
2021,766698058149941248,11,free_agent,complete,1637157570926,2021-11-17,2,Erjohnson14,drop,4066,Evan Engram,TE,
2021,771622801328181248,12,waiver,failed,1638331721196,2021-11-30,2,Erjohnson14,add,4149,Jamaal Williams,RB,12
2021,771622801328181248,12,waiver,failed,1638331721196,2021-11-30,2,Erjohnson14,drop,2378,Tevin Coleman,RB,
2021,771612978012377088,12,waiver,failed,1638329379136,2021-11-30,7,KingTowsk,add,391,Ryan Succop,K,0
2021,771612978012377088,12,waiver,failed,1638329379136,2021-11-30,7,KingTowsk,drop,650,Nick Folk,K,
2021,771612382647672832,12,waiver,failed,1638329237189,2021-11-30,3,MaxSirianni,add,4149,Jamaal Williams,RB,5
2021,771612382647672832,12,waiver,failed,1638329237189,2021-11-30,3,MaxSirianni,drop,4150,Wayne Gallman,RB,
2021,771607113314217984,12,waiver,failed,1638327980882,2021-11-30,7,KingTowsk,add,7599,Jermar Jefferson,RB,0
2021,771606909307461632,12,waiver,complete,1638327932243,2021-11-30,7,KingTowsk,add,7720,Kene Nwangwu,RB,0
2021,771606841808560128,12,waiver,failed,1638327916150,2021-11-30,8,TylerWicks,add,5987,Alexander Mattison,RB,45
2021,771606378363162624,12,free_agent,complete,1638327805656,2021-11-30,8,TylerWicks,drop,4273,Chris Carson,RB,
2021,771606262981971968,12,free_agent,complete,1638327778147,2021-11-30,7,KingTowsk,drop,5133,Tyler Conklin,TE,
2021,771606221907177472,12,free_agent,complete,1638327768354,2021-11-30,7,KingTowsk,drop,6694,D'Ernest Johnson,RB,
2021,771605922689757184,12,waiver,failed,1638327697015,2021-11-30,7,KingTowsk,add,4381,Taysom Hill,TE,0
2021,771605922689757184,12,waiver,failed,1638327697015,2021-11-30,7,KingTowsk,drop,827,Tyrod Taylor,QB,
2021,771605734851997696,12,waiver,complete,1638327652231,2021-11-30,7,KingTowsk,add,4149,Jamaal Williams,RB,27
2021,771605685262745600,12,waiver,failed,1638327640408,2021-11-30,7,KingTowsk,add,5987,Alexander Mattison,RB,28
2021,771586326960132096,12,free_agent,complete,1638323025029,2021-11-30,3,MaxSirianni,drop,4219,Jeremy McNichols,RB,
2021,771561153427030016,12,waiver,complete,1638317023191,2021-11-30,1,bgreenblatt,add,2359,Ameer Abdullah,RB,0
2021,771561153427030016,12,waiver,complete,1638317023191,2021-11-30,1,bgreenblatt,drop,5284,Jeff Wilson,RB,
2021,771545045265403904,12,waiver,complete,1638313182706,2021-11-30,2,Erjohnson14,add,5987,Alexander Mattison,RB,56
2021,771545045265403904,12,waiver,complete,1638313182706,2021-11-30,2,Erjohnson14,drop,2378,Tevin Coleman,RB,
2021,771487679933227008,12,waiver,failed,1638299505745,2021-11-30,1,bgreenblatt,add,4149,Jamaal Williams,RB,0
2021,771487679933227008,12,waiver,failed,1638299505745,2021-11-30,1,bgreenblatt,drop,3327,Alex Collins,RB,
2021,771450367316824064,12,free_agent,complete,1638290609724,2021-11-30,8,TylerWicks,drop,CHI,Chicago Bears,DEF,
2021,771450309548634112,12,free_agent,complete,1638290595951,2021-11-30,7,KingTowsk,drop,PIT,Pittsburgh Steelers,DEF,
2021,771445032912912384,12,waiver,complete,1638289337903,2021-11-30,9,brockhusk,add,391,Ryan Succop,K,10
2021,771445032912912384,12,waiver,complete,1638289337903,2021-11-30,9,brockhusk,drop,1945,Chris Boswell,K,
2021,771444775676268544,12,waiver,failed,1638289276573,2021-11-30,9,brockhusk,add,5987,Alexander Mattison,RB,10
2021,771444775676268544,12,waiver,failed,1638289276573,2021-11-30,9,brockhusk,drop,17,Matt Prater,K,
2021,771440207303159808,12,waiver,complete,1638288187388,2021-11-30,6,JSanDusky69,add,DEN,Denver Broncos,DEF,6
2021,771440207303159808,12,waiver,complete,1638288187388,2021-11-30,6,JSanDusky69,drop,830,A.J. Green,WR,
2021,771421360734982144,12,waiver,complete,1638283694016,2021-11-30,2,Erjohnson14,add,MIN,Minnesota Vikings,DEF,5
2021,771421360734982144,12,waiver,complete,1638283694016,2021-11-30,2,Erjohnson14,drop,HOU,Houston Texans,DEF,
2021,771290312755806208,12,waiver,failed,1638252449743,2021-11-30,10,cc5597,add,391,Ryan Succop,K,6
2021,771290312755806208,12,waiver,failed,1638252449743,2021-11-30,10,cc5597,drop,5095,Daniel Carlson,K,
2021,771257985300377600,12,waiver,complete,1638244742277,2021-11-29,6,JSanDusky69,add,4157,Tarik Cohen,RB,0
2021,771257985300377600,12,waiver,complete,1638244742277,2021-11-29,6,JSanDusky69,drop,2020,Cairo Santos,K,
2021,771138615177760768,12,waiver,failed,1638216282222,2021-11-29,6,JSanDusky69,add,5987,Alexander Mattison,RB,37
2021,771138615177760768,12,waiver,failed,1638216282222,2021-11-29,6,JSanDusky69,drop,CAR,Carolina Panthers,DEF,
2021,771132483512188928,12,waiver,complete,1638214820319,2021-11-29,8,TylerWicks,add,4381,Taysom Hill,TE,15
2021,771132483512188928,12,waiver,complete,1638214820319,2021-11-29,8,TylerWicks,drop,2549,Trevor Siemian,QB,
2021,771128555676540928,12,waiver,failed,1638213883850,2021-11-29,5,kaufmannc,add,4149,Jamaal Williams,RB,20
2021,771128555676540928,12,waiver,failed,1638213883850,2021-11-29,5,kaufmannc,drop,4034,Christian McCaffrey,RB,
2021,771120367313104896,12,waiver,failed,1638211931592,2021-11-29,5,kaufmannc,add,5987,Alexander Mattison,RB,25
2021,771120367313104896,12,waiver,failed,1638211931592,2021-11-29,5,kaufmannc,drop,4034,Christian McCaffrey,RB,
2021,771100083939823616,12,waiver,failed,1638207095659,2021-11-29,3,MaxSirianni,add,5987,Alexander Mattison,RB,13
2021,771100083939823616,12,waiver,failed,1638207095659,2021-11-29,3,MaxSirianni,drop,4150,Wayne Gallman,RB,
2021,770832612201017344,12,waiver,failed,1638143325427,2021-11-28,1,bgreenblatt,add,5987,Alexander Mattison,RB,30
2021,770832612201017344,12,waiver,failed,1638143325427,2021-11-28,1,bgreenblatt,drop,642,Golden Tate,WR,
2021,770731258392576000,12,free_agent,complete,1638119160796,2021-11-28,9,brockhusk,add,24,Matt Ryan,QB,
2021,770731258392576000,12,free_agent,complete,1638119160796,2021-11-28,9,brockhusk,drop,5870,Daniel Jones,QB,
2021,770485883328729088,12,free_agent,complete,1638060658822,2021-11-27,1,bgreenblatt,add,642,Golden Tate,WR,
2021,770485883328729088,12,free_agent,complete,1638060658822,2021-11-27,1,bgreenblatt,drop,5987,Alexander Mattison,RB,
2021,770480558848524288,12,free_agent,complete,1638059389367,2021-11-27,10,cc5597,drop,5248,Gus Edwards,RB,
2021,770456229129637888,12,free_agent,complete,1638053588710,2021-11-27,8,TylerWicks,add,5122,Boston Scott,RB,
2021,770455100719280128,12,free_agent,complete,1638053319676,2021-11-27,2,Erjohnson14,add,5947,Jakobi Meyers,WR,
2021,770455100719280128,12,free_agent,complete,1638053319676,2021-11-27,2,Erjohnson14,drop,7496,Nick Westbrook-Ikhine,WR,
2021,769811441313488896,12,free_agent,complete,1637899859315,2021-11-25,4,jdrobny,add,4089,Gerald Everett,TE,
2021,769811441313488896,12,free_agent,complete,1637899859315,2021-11-25,4,jdrobny,drop,6130,Devin Singletary,RB,
2021,769701547415588864,12,free_agent,complete,1637873658568,2021-11-25,2,Erjohnson14,add,7496,Nick Westbrook-Ikhine,WR,
2021,769646039815901184,12,free_agent,complete,1637860424525,2021-11-25,2,Erjohnson14,add,HOU,Houston Texans,DEF,
2021,769646039815901184,12,free_agent,complete,1637860424525,2021-11-25,2,Erjohnson14,drop,TEN,Tennessee Titans,DEF,
2021,769358027097784320,12,free_agent,complete,1637791756942,2021-11-24,6,JSanDusky69,add,2391,David Johnson,RB,
2021,769358027097784320,12,free_agent,complete,1637791756942,2021-11-24,6,JSanDusky69,drop,3242,Kenyan Drake,RB,
2021,769254940685287424,12,free_agent,complete,1637767179226,2021-11-24,2,Erjohnson14,drop,6156,Benny Snell,RB,
2021,774158378409803776,13,waiver,complete,1638936249881,2021-12-07,6,JSanDusky69,add,SEA,Seattle Seahawks,DEF,30
2021,774158378409803776,13,waiver,complete,1638936249881,2021-12-07,6,JSanDusky69,drop,4157,Tarik Cohen,RB,
2021,774153207009128448,13,waiver,complete,1638935016923,2021-12-07,7,KingTowsk,add,7538,Zach Wilson,QB,1
2021,774153207009128448,13,waiver,complete,1638935016923,2021-12-07,7,KingTowsk,drop,827,Tyrod Taylor,QB,
2021,774004291743637504,13,waiver,failed,1638899512757,2021-12-07,2,Erjohnson14,add,SEA,Seattle Seahawks,DEF,0
2021,774003615772827648,13,waiver,failed,1638899351593,2021-12-07,9,brockhusk,add,SEA,Seattle Seahawks,DEF,0
2021,774003615772827648,13,waiver,failed,1638899351593,2021-12-07,9,brockhusk,drop,17,Matt Prater,K,
2021,773954808288772096,13,free_agent,complete,1638887714982,2021-12-07,4,jdrobny,drop,NYG,New York Giants,DEF,
2021,773954590335959040,13,free_agent,complete,1638887663018,2021-12-07,4,jdrobny,drop,829,Andy Dalton,QB,
2021,773940833849319424,13,free_agent,complete,1638884383216,2021-12-07,7,KingTowsk,drop,6039,Ty Johnson,RB,
2021,773783721383149568,13,waiver,complete,1638846924685,2021-12-06,8,TylerWicks,add,4089,Gerald Everett,TE,30
2021,773783721383149568,13,waiver,complete,1638846924685,2021-12-06,8,TylerWicks,drop,4131,Kenny Golladay,WR,
2021,773718456624361472,13,waiver,complete,1638831364354,2021-12-06,9,brockhusk,add,5110,Russell Gage,WR,30
2021,773718456624361472,13,waiver,complete,1638831364354,2021-12-06,9,brockhusk,drop,2431,Mike Davis,RB,
2021,773623342606462976,13,waiver,complete,1638808687405,2021-12-06,8,TylerWicks,add,956,Mark Ingram,RB,35
2021,773623342606462976,13,waiver,complete,1638808687405,2021-12-06,8,TylerWicks,drop,4036,Corey Davis,WR,
2021,773324540754694144,13,free_agent,complete,1638737447492,2021-12-05,1,bgreenblatt,add,4454,Kendrick Bourne,WR,
2021,773277807299211264,13,free_agent,complete,1638726305368,2021-12-05,4,jdrobny,add,NYG,New York Giants,DEF,
2021,773277807299211264,13,free_agent,complete,1638726305368,2021-12-05,4,jdrobny,drop,WAS,Washington Commanders,DEF,
2021,773277604609642496,13,free_agent,complete,1638726257043,2021-12-05,4,jdrobny,add,829,Andy Dalton,QB,
2021,773277604609642496,13,free_agent,complete,1638726257043,2021-12-05,4,jdrobny,drop,6814,Laviska Shenault,WR,
2021,773277210122592256,13,free_agent,complete,1638726162990,2021-12-05,1,bgreenblatt,add,6826,Cole Kmet,TE,
2021,773270927328088064,13,free_agent,complete,1638724665056,2021-12-05,5,kaufmannc,add,KC,Kansas City Chiefs,DEF,
2021,773270927328088064,13,free_agent,complete,1638724665056,2021-12-05,5,kaufmannc,drop,CLE,Cleveland Browns,DEF,
2021,773252357311201280,13,free_agent,complete,1638720237618,2021-12-05,7,KingTowsk,add,6039,Ty Johnson,RB,
2021,773251869769441280,13,free_agent,complete,1638720121379,2021-12-05,7,KingTowsk,add,GB,Green Bay Packers,DEF,
2021,773251869769441280,13,free_agent,complete,1638720121379,2021-12-05,7,KingTowsk,drop,7720,Kene Nwangwu,RB,
2021,772867797842812928,13,free_agent,complete,1638628551496,2021-12-04,5,kaufmannc,add,3242,Kenyan Drake,RB,
2021,772665955426934784,13,free_agent,complete,1638580428514,2021-12-03,2,Erjohnson14,drop,956,Mark Ingram,RB,
2021,772637401062440960,13,free_agent,complete,1638573620623,2021-12-03,1,bgreenblatt,add,5052,Ronald Jones,RB,
2021,772637401062440960,13,free_agent,complete,1638573620623,2021-12-03,1,bgreenblatt,drop,3327,Alex Collins,RB,
2021,772617056125386752,13,free_agent,complete,1638568770012,2021-12-03,2,Erjohnson14,add,4962,Sony Michel,RB,
2021,772500204896256000,13,free_agent,complete,1638540910508,2021-12-03,5,kaufmannc,drop,4034,Christian McCaffrey,RB,
2021,772479371343720448,13,free_agent,complete,1638535943402,2021-12-03,5,kaufmannc,add,4455,Matt Breida,RB,
2021,772479329287421952,13,free_agent,complete,1638535933375,2021-12-03,5,kaufmannc,drop,4741,Dan Arnold,TE,
2021,772282690807635968,13,free_agent,complete,1638489051108,2021-12-02,8,TylerWicks,add,7839,Evan McPherson,K,
2021,772282690807635968,13,free_agent,complete,1638489051108,2021-12-02,8,TylerWicks,drop,1266,Greg Zuerlein,K,
2021,772264802381938688,13,waiver,complete,1638484786175,2021-12-02,1,bgreenblatt,add,536,Antonio Brown,WR,0
2021,772264802381938688,13,waiver,complete,1638484786175,2021-12-02,1,bgreenblatt,drop,5985,Foster Moreau,TE,
2021,772264610920300544,13,free_agent,complete,1638484740527,2021-12-02,2,Erjohnson14,drop,536,Antonio Brown,WR,
2021,772257984528175104,13,waiver,complete,1638483160672,2021-12-02,10,cc5597,add,2378,Tevin Coleman,RB,21
2021,772257984528175104,13,waiver,complete,1638483160672,2021-12-02,10,cc5597,drop,6845,Zack Moss,RB,
2021,772160048469245952,13,free_agent,complete,1638459810896,2021-12-02,4,jdrobny,drop,4089,Gerald Everett,TE,
2021,772154916868333568,13,waiver,failed,1638458587427,2021-12-02,5,kaufmannc,add,2378,Tevin Coleman,RB,10
2021,772154916868333568,13,waiver,failed,1638458587427,2021-12-02,5,kaufmannc,drop,4034,Christian McCaffrey,RB,
2021,772154661544316928,13,free_agent,complete,1638458526553,2021-12-02,5,kaufmannc,drop,7062,Rodrigo Blankenship,K,
2021,771978478491963392,13,free_agent,complete,1638416521240,2021-12-01,8,TylerWicks,drop,5122,Boston Scott,RB,
2021,771963943378857984,13,trade,complete,1638413055799,2021-12-01,8,TylerWicks,add,1689,Adam Thielen,WR,
2021,771963943378857984,13,trade,complete,1638413055799,2021-12-01,8,TylerWicks,add,5980,Myles Gaskin,RB,
2021,771963943378857984,13,trade,complete,1638413055799,2021-12-01,1,bgreenblatt,add,6794,Justin Jefferson,WR,
2021,771963943378857984,13,trade,complete,1638413055799,2021-12-01,1,bgreenblatt,drop,1689,Adam Thielen,WR,
2021,771963943378857984,13,trade,complete,1638413055799,2021-12-01,1,bgreenblatt,drop,5980,Myles Gaskin,RB,
2021,771963943378857984,13,trade,complete,1638413055799,2021-12-01,8,TylerWicks,drop,6794,Justin Jefferson,WR,
2021,771926414529314816,13,free_agent,complete,1638404108224,2021-12-01,7,KingTowsk,add,5272,Greg Joseph,K,
2021,771926414529314816,13,free_agent,complete,1638404108224,2021-12-01,7,KingTowsk,drop,49,Robbie Gould,K,
2021,771926202876284928,13,free_agent,complete,1638404057762,2021-12-01,7,KingTowsk,add,49,Robbie Gould,K,
2021,771926202876284928,13,free_agent,complete,1638404057762,2021-12-01,7,KingTowsk,drop,650,Nick Folk,K,
2021,771799076789481472,13,free_agent,complete,1638373748541,2021-12-01,6,JSanDusky69,add,7523,Trevor Lawrence,QB,
2021,771798986347679744,13,free_agent,complete,1638373726978,2021-12-01,6,JSanDusky69,drop,CAR,Carolina Panthers,DEF,
2021,771798685540564992,13,free_agent,complete,1638373655260,2021-12-01,3,MaxSirianni,add,6130,Devin Singletary,RB,
2021,771798685540564992,13,free_agent,complete,1638373655260,2021-12-01,3,MaxSirianni,drop,4150,Wayne Gallman,RB,
2021,771794546009956352,13,trade,complete,1638372668319,2021-12-01,9,brockhusk,add,6768,Tua Tagovailoa,QB,
2021,771794546009956352,13,trade,complete,1638372668319,2021-12-01,6,JSanDusky69,add,6955,James Robinson,RB,
2021,771794546009956352,13,trade,complete,1638372668319,2021-12-01,6,JSanDusky69,drop,6768,Tua Tagovailoa,QB,
2021,771794546009956352,13,trade,complete,1638372668319,2021-12-01,9,brockhusk,drop,6955,James Robinson,RB,
2021,771790483226763264,13,free_agent,complete,1638371699676,2021-12-01,1,bgreenblatt,add,5985,Foster Moreau,TE,
2021,771790356110020608,13,free_agent,complete,1638371669369,2021-12-01,8,TylerWicks,add,3225,Tyler Boyd,WR,
2021,771790105269645312,13,free_agent,complete,1638371609564,2021-12-01,1,bgreenblatt,add,2319,DeVante Parker,WR,
2021,771790105269645312,13,free_agent,complete,1638371609564,2021-12-01,1,bgreenblatt,drop,642,Golden Tate,WR,
2021,776710127842619392,14,waiver,failed,1639544634355,2021-12-14,6,JSanDusky69,add,6943,Gabe Davis,WR,0
2021,776710014193795072,14,waiver,complete,1639544607259,2021-12-14,6,JSanDusky69,add,830,A.J. Green,WR,0
2021,776707924096561152,14,free_agent,complete,1639544108941,2021-12-14,4,jdrobny,drop,CAR,Carolina Panthers,DEF,
2021,776707549763338240,14,free_agent,complete,1639544019693,2021-12-14,4,jdrobny,drop,3163,Jared Goff,QB,
2021,776633276415787008,14,waiver,complete,1639526311547,2021-12-14,10,cc5597,add,391,Ryan Succop,K,1
2021,776633276415787008,14,waiver,complete,1639526311547,2021-12-14,10,cc5597,drop,5095,Daniel Carlson,K,
2021,776570959028203520,14,waiver,complete,1639511453924,2021-12-14,9,brockhusk,add,5046,Royce Freeman,RB,20
2021,776570959028203520,14,waiver,complete,1639511453924,2021-12-14,9,brockhusk,drop,5284,Jeff Wilson,RB,
2021,776510324265369600,14,free_agent,complete,1639496997470,2021-12-14,6,JSanDusky69,drop,DEN,Denver Broncos,DEF,
2021,776500451582525440,14,waiver,complete,1639494643639,2021-12-14,9,brockhusk,add,MIN,Minnesota Vikings,DEF,20
2021,776500451582525440,14,waiver,complete,1639494643639,2021-12-14,9,brockhusk,drop,5110,Russell Gage,WR,
2021,776183441720000512,14,free_agent,complete,1639419062598,2021-12-13,7,KingTowsk,drop,7599,Jermar Jefferson,RB,
2021,775900930368790528,14,waiver,complete,1639351706643,2021-12-12,1,bgreenblatt,add,7547,Amon-Ra St. Brown,WR,0
2021,775900930368790528,14,waiver,complete,1639351706643,2021-12-12,1,bgreenblatt,drop,4531,Ricky Seals-Jones,TE,
2021,775859873123901440,14,free_agent,complete,1639341917833,2021-12-12,6,JSanDusky69,add,5870,Daniel Jones,QB,
2021,775859873123901440,14,free_agent,complete,1639341917833,2021-12-12,6,JSanDusky69,drop,7523,Trevor Lawrence,QB,
2021,775859721579327488,14,waiver,complete,1639341881702,2021-12-12,1,bgreenblatt,add,4985,Rashaad Penny,RB,21
2021,775859721579327488,14,waiver,complete,1639341881702,2021-12-12,1,bgreenblatt,drop,5220,Godwin Igwebuike,RB,
2021,775849874972520448,14,free_agent,complete,1639339534088,2021-12-12,1,bgreenblatt,add,5220,Godwin Igwebuike,RB,
2021,775803534536200192,14,free_agent,complete,1639328485667,2021-12-12,7,KingTowsk,add,2410,Jamison Crowder,WR,
2021,775803332651700224,14,free_agent,complete,1639328437534,2021-12-12,6,JSanDusky69,add,3200,Sterling Shepard,WR,
2021,775803249814093824,14,free_agent,complete,1639328417784,2021-12-12,6,JSanDusky69,add,4171,Josh Reynolds,WR,
2021,775802882804240384,14,free_agent,complete,1639328330282,2021-12-12,7,KingTowsk,add,7599,Jermar Jefferson,RB,
2021,775802882804240384,14,free_agent,complete,1639328330282,2021-12-12,7,KingTowsk,drop,3209,Devontae Booker,RB,
2021,775619871454195712,14,waiver,complete,1639284696976,2021-12-11,1,bgreenblatt,add,2359,Ameer Abdullah,RB,0
2021,775619871454195712,14,waiver,complete,1639284696976,2021-12-11,1,bgreenblatt,drop,6039,Ty Johnson,RB,
2021,775513301084925952,14,free_agent,complete,1639259288620,2021-12-11,9,brockhusk,add,5284,Jeff Wilson,RB,
2021,775513301084925952,14,free_agent,complete,1639259288620,2021-12-11,9,brockhusk,drop,391,Ryan Succop,K,
2021,775145534917881856,14,free_agent,complete,1639171606333,2021-12-10,1,bgreenblatt,add,6039,Ty Johnson,RB,
2021,775145534917881856,14,free_agent,complete,1639171606333,2021-12-10,1,bgreenblatt,drop,3202,Austin Hooper,TE,
2021,775145290977153024,14,free_agent,complete,1639171548173,2021-12-10,1,bgreenblatt,add,3202,Austin Hooper,TE,
2021,775145290977153024,14,free_agent,complete,1639171548173,2021-12-10,1,bgreenblatt,drop,2359,Ameer Abdullah,RB,
2021,775141243780014080,14,free_agent,complete,1639170583246,2021-12-10,4,jdrobny,add,3163,Jared Goff,QB,
2021,775136661486022656,14,free_agent,complete,1639169490742,2021-12-10,10,cc5597,add,4131,Kenny Golladay,WR,
2021,775136661486022656,14,free_agent,complete,1639169490742,2021-12-10,10,cc5597,drop,5917,Mecole Hardman,WR,
2021,774829424536469504,14,free_agent,complete,1639096239745,2021-12-09,8,TylerWicks,add,5086,Marquez Valdes-Scantling,WR,
2021,774829010076221440,14,free_agent,complete,1639096140930,2021-12-09,8,TylerWicks,drop,928,Randall Cobb,WR,
2021,774802294276485120,14,free_agent,complete,1639089771387,2021-12-09,8,TylerWicks,add,7066,K.J. Osborn,WR,
2021,774659676540440576,14,free_agent,complete,1639055768669,2021-12-09,3,MaxSirianni,add,7496,Nick Westbrook-Ikhine,WR,
2021,774659676540440576,14,free_agent,complete,1639055768669,2021-12-09,3,MaxSirianni,drop,7608,Khalil Herbert,RB,
2021,774433933638176768,14,free_agent,complete,1639001947367,2021-12-08,5,kaufmannc,drop,3242,Kenyan Drake,RB,
2021,774433854139285504,14,free_agent,complete,1639001928413,2021-12-08,5,kaufmannc,add,1348,Dustin Hopkins,K,
2021,774433854139285504,14,free_agent,complete,1639001928413,2021-12-08,5,kaufmannc,drop,5230,Michael Badgley,K,
2021,774423820030337024,14,free_agent,complete,1638999536095,2021-12-08,8,TylerWicks,add,5549,Darrel Williams,RB,
2021,774423820030337024,14,free_agent,complete,1638999536095,2021-12-08,8,TylerWicks,drop,956,Mark Ingram,RB,
2021,774362749915500544,14,waiver,complete,1638984975845,2021-12-08,2,Erjohnson14,add,TB,Tampa Bay Buccaneers,DEF,0
2021,774362749915500544,14,waiver,complete,1638984975845,2021-12-08,2,Erjohnson14,drop,MIN,Minnesota Vikings,DEF,
2021,774359212129140736,14,free_agent,complete,1638984132371,2021-12-08,10,cc5597,add,5133,Tyler Conklin,TE,
2021,774359212129140736,14,free_agent,complete,1638984132371,2021-12-08,10,cc5597,drop,2251,Logan Thomas,TE,
2021,774342594070179840,14,free_agent,complete,1638980170317,2021-12-08,1,bgreenblatt,add,4531,Ricky Seals-Jones,TE,
2021,774342594070179840,14,free_agent,complete,1638980170317,2021-12-08,1,bgreenblatt,drop,6826,Cole Kmet,TE,
2021,774341418834653184,14,free_agent,complete,1638979890119,2021-12-08,4,jdrobny,add,CAR,Carolina Panthers,DEF,
2021,774303586862661632,14,free_agent,complete,1638970870274,2021-12-08,1,bgreenblatt,drop,4454,Kendrick Bourne,WR,
2021,774302591952760832,14,free_agent,complete,1638970633069,2021-12-08,8,TylerWicks,add,TEN,Tennessee Titans,DEF,
2021,774302591952760832,14,free_agent,complete,1638970633069,2021-12-08,8,TylerWicks,drop,TB,Tampa Bay Buccaneers,DEF,
2021,774301521239203840,14,free_agent,complete,1638970377791,2021-12-08,2,Erjohnson14,add,NO,New Orleans Saints,DEF,
2021,779223742328016896,15,waiver,complete,1640143926749,2021-12-21,4,jdrobny,add,5110,Russell Gage,WR,10
2021,779223742328016896,15,waiver,complete,1640143926749,2021-12-21,4,jdrobny,drop,4089,Gerald Everett,TE,
2021,779223383551373312,15,waiver,complete,1640143841210,2021-12-21,4,jdrobny,add,NYJ,New York Jets,DEF,1
2021,779223383551373312,15,waiver,complete,1640143841210,2021-12-21,4,jdrobny,drop,5127,Kyle Allen,QB,
2021,779163254961541120,15,waiver,complete,1640129505437,2021-12-21,7,KingTowsk,add,6943,Gabe Davis,WR,0
2021,779163254961541120,15,waiver,complete,1640129505437,2021-12-21,7,KingTowsk,drop,2410,Jamison Crowder,WR,
2021,778810923526959104,15,free_agent,complete,1640045503077,2021-12-20,6,JSanDusky69,drop,5870,Daniel Jones,QB,
2021,778421669269565440,15,free_agent,complete,1639952697630,2021-12-19,4,jdrobny,add,5127,Kyle Allen,QB,
2021,778421669269565440,15,free_agent,complete,1639952697630,2021-12-19,4,jdrobny,drop,538,Emmanuel Sanders,WR,
2021,778396049797939200,15,free_agent,complete,1639946589472,2021-12-19,1,bgreenblatt,add,6011,Gardner Minshew,QB,
2021,778396049797939200,15,free_agent,complete,1639946589472,2021-12-19,1,bgreenblatt,drop,2711,Taylor Heinicke,QB,
2021,778387995329265664,15,free_agent,complete,1639944669137,2021-12-19,6,JSanDusky69,drop,3200,Sterling Shepard,WR,
2021,778343033346551808,15,free_agent,complete,1639933949365,2021-12-19,7,KingTowsk,add,5284,Jeff Wilson,RB,
2021,778343033346551808,15,free_agent,complete,1639933949365,2021-12-19,7,KingTowsk,drop,1992,Allen Robinson,WR,
2021,778147656924082176,15,free_agent,complete,1639887367996,2021-12-18,4,jdrobny,add,4089,Gerald Everett,TE,
2021,777378645810573312,15,free_agent,complete,1639704021459,2021-12-16,4,jdrobny,add,LV,Las Vegas Raiders,DEF,
2021,777209001443246080,15,free_agent,complete,1639663575090,2021-12-16,7,KingTowsk,add,7601,Rondale Moore,WR,
2021,777209001443246080,15,free_agent,complete,1639663575090,2021-12-16,7,KingTowsk,drop,1426,DeAndre Hopkins,WR,
2021,777011269692727296,15,free_agent,complete,1639616432167,2021-12-15,8,TylerWicks,add,1266,Greg Zuerlein,K,
2021,777011241154703360,15,free_agent,complete,1639616425363,2021-12-15,8,TylerWicks,drop,7839,Evan McPherson,K,
2021,777011064838725632,15,free_agent,complete,1639616383326,2021-12-15,8,TylerWicks,drop,4089,Gerald Everett,TE,
2021,777010570036625408,15,free_agent,complete,1639616265356,2021-12-15,8,TylerWicks,drop,5086,Marquez Valdes-Scantling,WR,
2021,776835012032110592,15,free_agent,complete,1639574409066,2021-12-15,7,KingTowsk,add,7083,Tyler Huntley,QB,
2021,776835012032110592,15,free_agent,complete,1639574409066,2021-12-15,7,KingTowsk,drop,7538,Zach Wilson,QB,
2021,776834426918268928,15,free_agent,complete,1639574269565,2021-12-15,7,KingTowsk,add,650,Nick Folk,K,
2021,781621782959546368,16,waiver,complete,1640715664189,2021-12-28,6,JSanDusky69,add,650,Nick Folk,K,0
2021,781621782959546368,16,waiver,complete,1640715664189,2021-12-28,6,JSanDusky69,drop,4195,Jake Elliott,K,
2021,781621281794752512,16,waiver,complete,1640715544702,2021-12-28,6,JSanDusky69,add,CHI,Chicago Bears,DEF,30
2021,781621281794752512,16,waiver,complete,1640715544702,2021-12-28,6,JSanDusky69,drop,4171,Josh Reynolds,WR,
2021,781620081766596608,16,free_agent,complete,1640715258593,2021-12-28,6,JSanDusky69,drop,6955,James Robinson,RB,
2021,781346069287391232,16,waiver,complete,1640649928927,2021-12-27,1,bgreenblatt,add,7610,Trey Lance,QB,0
2021,781316325296431104,16,waiver,failed,1640642837407,2021-12-27,4,jdrobny,add,CHI,Chicago Bears,DEF,0
2021,781316325296431104,16,waiver,failed,1640642837407,2021-12-27,4,jdrobny,drop,LV,Las Vegas Raiders,DEF,
2021,781315353820217344,16,waiver,complete,1640642605789,2021-12-27,4,jdrobny,add,5122,Boston Scott,RB,8
2021,781315353820217344,16,waiver,complete,1640642605789,2021-12-27,4,jdrobny,drop,NYJ,New York Jets,DEF,
2021,780547887103942656,16,free_agent,complete,1640459627465,2021-12-25,7,KingTowsk,add,260,Josh Johnson,QB,
2021,780547887103942656,16,free_agent,complete,1640459627465,2021-12-25,7,KingTowsk,drop,2711,Taylor Heinicke,QB,
2021,780541691232124928,16,free_agent,complete,1640458150254,2021-12-25,7,KingTowsk,add,2711,Taylor Heinicke,QB,
2021,780541691232124928,16,free_agent,complete,1640458150254,2021-12-25,7,KingTowsk,drop,7083,Tyler Huntley,QB,
2021,780146639942905856,16,free_agent,complete,1640363962687,2021-12-24,7,KingTowsk,add,2460,C.J. Uzomah,TE,
2021,779902114842570752,16,free_agent,complete,1640305663360,2021-12-23,1,bgreenblatt,drop,7606,Kadarius Toney,WR,
2021,779805803384307712,16,free_agent,complete,1640282700919,2021-12-23,4,jdrobny,add,5131,Justin Jackson,RB,
2021,779415947445452800,16,free_agent,complete,1640189752020,2021-12-22,6,JSanDusky69,add,4195,Jake Elliott,K,
2021,779410770952835072,16,free_agent,complete,1640188517848,2021-12-22,7,KingTowsk,add,5095,Daniel Carlson,K,
2021,779410628866613248,16,free_agent,complete,1640188483972,2021-12-22,7,KingTowsk,drop,650,Nick Folk,K,
2021,779410603163938816,16,free_agent,complete,1640188477844,2021-12-22,7,KingTowsk,drop,7601,Rondale Moore,WR,
2021,779410543810363392,16,free_agent,complete,1640188463693,2021-12-22,7,KingTowsk,drop,5272,Greg Joseph,K,
2021,779374830351953920,16,free_agent,complete,1640179948941,2021-12-22,1,bgreenblatt,drop,6011,Gardner Minshew,QB,
2021,784311499333173248,17,free_agent,complete,1641356942545,2022-01-04,1,bgreenblatt,drop,536,Antonio Brown,WR,
2021,781952140150243328,17,free_agent,complete,1640794427481,2021-12-29,4,jdrobny,add,CLE,Cleveland Browns,DEF,
2021,781952106730020864,17,free_agent,complete,1640794419513,2021-12-29,4,jdrobny,drop,5122,Boston Scott,RB,
2021,781952074576420864,17,free_agent,complete,1640794411847,2021-12-29,4,jdrobny,drop,LV,Las Vegas Raiders,DEF,
2022,875525289927749632,1,waiver,complete,1663104004893,2022-09-13,3,MaxSirianni,add,4951,DJ Chark,WR,3
2022,875525289927749632,1,waiver,complete,1663104004893,2022-09-13,3,MaxSirianni,drop,5890,Damien Harris,RB,
2022,875524131414843392,1,free_agent,complete,1663103728682,2022-09-13,7,KingTowsk,drop,6126,Irv Smith,TE,
2022,875482101884067840,1,waiver,complete,1663093708061,2022-09-13,10,cc5597,add,2307,Marcus Mariota,QB,11
2022,875482101884067840,1,waiver,complete,1663093708061,2022-09-13,10,cc5597,drop,7538,Zach Wilson,QB,
2022,875423700965658624,1,waiver,complete,1663079784197,2022-09-13,9,brockhusk,add,5284,Jeff Wilson,RB,25
2022,875423700965658624,1,waiver,complete,1663079784197,2022-09-13,9,brockhusk,drop,7600,Pat Freiermuth,TE,
2022,875405211336871936,1,waiver,failed,1663075375926,2022-09-13,5,kaufmannc,add,4082,Curtis Samuel,WR,15
2022,875056273173966848,1,waiver,complete,1662992182585,2022-09-12,5,kaufmannc,add,6955,James Robinson,RB,40
2022,875031777486495744,1,waiver,complete,1662986342358,2022-09-12,8,TylerWicks,add,4089,Gerald Everett,TE,20
2022,875031777486495744,1,waiver,complete,1662986342358,2022-09-12,8,TylerWicks,drop,4993,Mike Gesicki,TE,
2022,875019751309631488,1,waiver,complete,1662983475094,2022-09-12,8,TylerWicks,add,1825,Jarvis Landry,WR,35
2022,875019751309631488,1,waiver,complete,1662983475094,2022-09-12,8,TylerWicks,drop,5086,Marquez Valdes-Scantling,WR,
2022,874808532565336064,1,waiver,complete,1662933116621,2022-09-11,1,bgreenblatt,add,CLE,Cleveland Browns,DEF,1
2022,874808532565336064,1,waiver,complete,1662933116621,2022-09-11,1,bgreenblatt,drop,NO,New Orleans Saints,DEF,
2022,874721746987798528,1,commissioner,complete,1662912425327,2022-09-11,7,KingTowsk,add,6126,Irv Smith,TE,
2022,874714654948216832,1,waiver,complete,1662910734453,2022-09-11,10,cc5597,add,947,Julio Jones,WR,11
2022,872332797824667648,1,waiver,complete,1662342855462,2022-09-04,1,bgreenblatt,add,NO,New Orleans Saints,DEF,1
2022,861057101949173760,1,trade,complete,1659654520073,2022-08-04,7,KingTowsk,add,6819,Michael Pittman,WR,
2022,861057101949173760,1,trade,complete,1659654520073,2022-08-04,1,bgreenblatt,drop,6819,Michael Pittman,WR,
2022,837115572734009344,1,free_agent,complete,1653946414696,2022-05-30,1,bgreenblatt,drop,2359,Ameer Abdullah,RB,
2022,837115549078097920,1,free_agent,complete,1653946409056,2022-05-30,1,bgreenblatt,drop,SF,San Francisco 49ers,DEF,
2022,808881854966063104,1,free_agent,complete,1647214971823,2022-03-13,10,cc5597,drop,4981,Calvin Ridley,WR,
2022,878089962875244544,2,waiver,failed,1663715470573,2022-09-20,7,KingTowsk,add,NYG,New York Giants,DEF,1
2022,878089962875244544,2,waiver,failed,1663715470573,2022-09-20,7,KingTowsk,drop,4381,Taysom Hill,TE,
2022,878089856151330816,2,waiver,complete,1663715445128,2022-09-20,7,KingTowsk,add,PHI,Philadelphia Eagles,DEF,26
2022,878089856151330816,2,waiver,complete,1663715445128,2022-09-20,7,KingTowsk,drop,4381,Taysom Hill,TE,
2022,878000886067269632,2,waiver,complete,1663694233007,2022-09-20,9,brockhusk,add,19,Joe Flacco,QB,3
2022,877942918185385984,2,waiver,complete,1663680412387,2022-09-20,5,kaufmannc,add,5970,Greg Dortch,WR,2
2022,877942918185385984,2,waiver,complete,1663680412387,2022-09-20,5,kaufmannc,drop,1352,Robert Woods,WR,
2022,877661132054294528,2,free_agent,complete,1663613229338,2022-09-19,2,Erjohnson14,drop,956,Mark Ingram,RB,
2022,877655125295063040,2,waiver,complete,1663611797215,2022-09-19,5,kaufmannc,add,3271,Tyler Higbee,TE,5
2022,877655125295063040,2,waiver,complete,1663611797215,2022-09-19,5,kaufmannc,drop,5844,T.J. Hockenson,TE,
2022,877627028915122176,2,waiver,complete,1663605098516,2022-09-19,1,bgreenblatt,add,8119,Jahan Dotson,WR,15
2022,877627028915122176,2,waiver,complete,1663605098516,2022-09-19,1,bgreenblatt,drop,8136,Rachaad White,RB,
2022,877269171506302976,2,free_agent,complete,1663519778661,2022-09-18,7,KingTowsk,add,4381,Taysom Hill,TE,
2022,877269171506302976,2,free_agent,complete,1663519778661,2022-09-18,7,KingTowsk,drop,7090,Darnell Mooney,WR,
2022,877266907777208320,2,free_agent,complete,1663519238946,2022-09-18,7,KingTowsk,add,4082,Curtis Samuel,WR,
2022,877094536462147584,2,waiver,complete,1663478142422,2022-09-18,2,Erjohnson14,add,956,Mark Ingram,RB,1
2022,876200682884104192,2,waiver,complete,1663265031122,2022-09-15,10,cc5597,add,7600,Pat Freiermuth,TE,5
2022,876200682884104192,2,waiver,complete,1663265031122,2022-09-15,10,cc5597,drop,6826,Cole Kmet,TE,
2022,875881041926406144,2,waiver,complete,1663188822779,2022-09-14,1,bgreenblatt,add,8136,Rachaad White,RB,1
2022,875881041926406144,2,waiver,complete,1663188822779,2022-09-14,1,bgreenblatt,drop,7606,Kadarius Toney,WR,
2022,875874751808159744,2,waiver,complete,1663187323098,2022-09-14,8,TylerWicks,add,3225,Tyler Boyd,WR,1
2022,875842673075023872,2,waiver,complete,1663179674932,2022-09-14,5,kaufmannc,add,4195,Jake Elliott,K,1
2022,875842673075023872,2,waiver,complete,1663179674932,2022-09-14,5,kaufmannc,drop,4227,Harrison Butker,K,
2022,875766470968283136,2,waiver,failed,1663161506934,2022-09-14,5,kaufmannc,add,5284,Jeff Wilson,RB,25
2022,880658479810076672,3,waiver,failed,1664327852731,2022-09-27,7,KingTowsk,add,IND,Indianapolis Colts,DEF,1
2022,880658479810076672,3,waiver,failed,1664327852731,2022-09-27,7,KingTowsk,drop,BAL,Baltimore Ravens,DEF,
2022,880658425485500416,3,waiver,complete,1664327839779,2022-09-27,7,KingTowsk,add,NYG,New York Giants,DEF,1
2022,880658425485500416,3,waiver,complete,1664327839779,2022-09-27,7,KingTowsk,drop,BAL,Baltimore Ravens,DEF,
2022,880658100422807552,3,waiver,failed,1664327762278,2022-09-27,7,KingTowsk,add,5987,Alexander Mattison,RB,3
2022,880658100422807552,3,waiver,failed,1664327762278,2022-09-27,7,KingTowsk,drop,6945,Antonio Gibson,RB,
2022,880658052087681024,3,waiver,complete,1664327750754,2022-09-27,7,KingTowsk,add,7608,Khalil Herbert,RB,9
2022,880658052087681024,3,waiver,complete,1664327750754,2022-09-27,7,KingTowsk,drop,6945,Antonio Gibson,RB,
2022,880591618531758080,3,waiver,complete,1664311911760,2022-09-27,7,KingTowsk,add,1373,Geno Smith,QB,2
2022,880591618531758080,3,waiver,complete,1664311911760,2022-09-27,7,KingTowsk,drop,5870,Daniel Jones,QB,
2022,880591377455603712,3,waiver,failed,1664311854283,2022-09-27,7,KingTowsk,add,GB,Green Bay Packers,DEF,6
2022,880591377455603712,3,waiver,failed,1664311854283,2022-09-27,7,KingTowsk,drop,BAL,Baltimore Ravens,DEF,
2022,880555749254946816,3,waiver,complete,1664303359858,2022-09-27,4,jdrobny,add,4080,Zay Jones,WR,24
2022,880555749254946816,3,waiver,complete,1664303359858,2022-09-27,4,jdrobny,drop,8168,Skyy Moore,WR,
2022,880545183752769536,3,waiver,complete,1664300840846,2022-09-27,5,kaufmannc,add,4666,Younghoe Koo,K,1
2022,880545183752769536,3,waiver,complete,1664300840846,2022-09-27,5,kaufmannc,drop,4195,Jake Elliott,K,
2022,880486156876783616,3,waiver,complete,1664286767742,2022-09-27,2,Erjohnson14,add,GB,Green Bay Packers,DEF,7
2022,880486156876783616,3,waiver,complete,1664286767742,2022-09-27,2,Erjohnson14,drop,NO,New Orleans Saints,DEF,
2022,880470499908718592,3,waiver,failed,1664283034830,2022-09-27,3,MaxSirianni,add,7608,Khalil Herbert,RB,20
2022,880470466954137600,3,waiver,complete,1664283026973,2022-09-27,3,MaxSirianni,add,5987,Alexander Mattison,RB,20
2022,880298729847283712,3,waiver,failed,1664242081656,2022-09-26,2,Erjohnson14,add,4666,Younghoe Koo,K,1
2022,880298729847283712,3,waiver,failed,1664242081656,2022-09-26,2,Erjohnson14,drop,6083,Matt Gay,K,
2022,880150977796370432,3,waiver,failed,1664206854822,2022-09-26,1,bgreenblatt,add,GB,Green Bay Packers,DEF,6
2022,880150977796370432,3,waiver,failed,1664206854822,2022-09-26,1,bgreenblatt,drop,CLE,Cleveland Browns,DEF,
2022,879854233057656832,3,waiver,complete,1664136105363,2022-09-25,1,bgreenblatt,add,7611,Rhamondre Stevenson,RB,11
2022,879854233057656832,3,waiver,complete,1664136105363,2022-09-25,1,bgreenblatt,drop,8151,Kenneth Walker,RB,
2022,879469335327014912,3,waiver,complete,1664044338593,2022-09-24,2,Erjohnson14,add,4066,Evan Engram,TE,1
2022,879152597230227456,3,waiver,failed,1663968822346,2022-09-23,6,JSanDusky69,add,3664,J.D. McKissic,RB,1
2022,879152597230227456,3,waiver,failed,1663968822346,2022-09-23,6,JSanDusky69,drop,7611,Rhamondre Stevenson,RB,
2022,879152407223922688,3,waiver,complete,1663968777045,2022-09-23,6,JSanDusky69,add,5890,Damien Harris,RB,3
2022,879152407223922688,3,waiver,complete,1663968777045,2022-09-23,6,JSanDusky69,drop,7611,Rhamondre Stevenson,RB,
2022,878703610677215232,3,waiver,failed,1663861775610,2022-09-22,2,Erjohnson14,add,CIN,Cincinnati Bengals,DEF,1
2022,878703610677215232,3,waiver,failed,1663861775610,2022-09-22,2,Erjohnson14,drop,DEN,Denver Broncos,DEF,
2022,878354483472891904,3,waiver,complete,1663778537198,2022-09-21,2,Erjohnson14,add,NO,New Orleans Saints,DEF,2
2022,878354483472891904,3,waiver,complete,1663778537198,2022-09-21,2,Erjohnson14,drop,DEN,Denver Broncos,DEF,
2022,878350632057339904,3,waiver,complete,1663777618949,2022-09-21,4,jdrobny,add,CHI,Chicago Bears,DEF,1
2022,878350632057339904,3,waiver,complete,1663777618949,2022-09-21,4,jdrobny,drop,IND,Indianapolis Colts,DEF,
2022,878346972803833856,3,free_agent,complete,1663776746515,2022-09-21,7,KingTowsk,drop,8167,Christian Watson,WR,
2022,878346918273646592,3,waiver,complete,1663776733514,2022-09-21,3,MaxSirianni,add,5844,T.J. Hockenson,TE,5
2022,878346918273646592,3,waiver,complete,1663776733514,2022-09-21,3,MaxSirianni,drop,4951,DJ Chark,WR,
2022,878297139036561408,3,waiver,failed,1663764865219,2022-09-21,3,MaxSirianni,add,3271,Tyler Higbee,TE,1
2022,878297139036561408,3,waiver,failed,1663764865219,2022-09-21,3,MaxSirianni,drop,4951,DJ Chark,WR,
2022,878277502844563456,3,waiver,failed,1663760183586,2022-09-21,5,kaufmannc,add,8119,Jahan Dotson,WR,2
2022,878277502844563456,3,waiver,failed,1663760183586,2022-09-21,5,kaufmannc,drop,1352,Robert Woods,WR,
2022,883166546003042304,4,waiver,failed,1664925822309,2022-10-04,7,KingTowsk,add,8132,Tyler Allgeier,RB,1
2022,883166546003042304,4,waiver,failed,1664925822309,2022-10-04,7,KingTowsk,drop,NYG,New York Giants,DEF,
2022,883166503032274944,4,waiver,complete,1664925812064,2022-10-04,7,KingTowsk,add,2749,Raheem Mostert,RB,21
2022,883166503032274944,4,waiver,complete,1664925812064,2022-10-04,7,KingTowsk,drop,NYG,New York Giants,DEF,
2022,883166006422577152,4,waiver,failed,1664925693663,2022-10-04,7,KingTowsk,add,8126,Wan'Dale Robinson,WR,1
2022,883166006422577152,4,waiver,failed,1664925693663,2022-10-04,7,KingTowsk,drop,8135,Treylon Burks,WR,
2022,883165942027411456,4,waiver,complete,1664925678310,2022-10-04,7,KingTowsk,add,7606,Kadarius Toney,WR,1
2022,883165942027411456,4,waiver,complete,1664925678310,2022-10-04,7,KingTowsk,drop,8135,Treylon Burks,WR,
2022,883164362058375168,4,waiver,failed,1664925301616,2022-10-04,7,KingTowsk,add,TEN,Tennessee Titans,DEF,1
2022,883164362058375168,4,waiver,failed,1664925301616,2022-10-04,7,KingTowsk,drop,NYG,New York Giants,DEF,
2022,883164232986828800,4,waiver,failed,1664925270843,2022-10-04,7,KingTowsk,add,MIA,Miami Dolphins,DEF,1
2022,883164232986828800,4,waiver,failed,1664925270843,2022-10-04,7,KingTowsk,drop,NYG,New York Giants,DEF,
2022,883164203907883008,4,waiver,failed,1664925263910,2022-10-04,7,KingTowsk,add,JAX,Jacksonville Jaguars,DEF,1
2022,883164203907883008,4,waiver,failed,1664925263910,2022-10-04,7,KingTowsk,drop,NYG,New York Giants,DEF,
2022,883107708335751168,4,waiver,complete,1664911794316,2022-10-04,2,Erjohnson14,add,4033,David Njoku,TE,6
2022,883061400354955264,4,waiver,complete,1664900753633,2022-10-04,10,cc5597,add,2152,Teddy Bridgewater,QB,5
2022,883061400354955264,4,waiver,complete,1664900753633,2022-10-04,10,cc5597,drop,2307,Marcus Mariota,QB,
2022,883052562302115840,4,waiver,failed,1664898646477,2022-10-04,2,Erjohnson14,add,2749,Raheem Mostert,RB,16
2022,883012875139129344,4,waiver,complete,1664889184320,2022-10-04,4,jdrobny,add,MIA,Miami Dolphins,DEF,1
2022,883012875139129344,4,waiver,complete,1664889184320,2022-10-04,4,jdrobny,drop,PIT,Pittsburgh Steelers,DEF,
2022,883011655699750912,4,waiver,complete,1664888893583,2022-10-04,3,MaxSirianni,add,JAX,Jacksonville Jaguars,DEF,1
2022,883011655699750912,4,waiver,complete,1664888893583,2022-10-04,3,MaxSirianni,drop,4381,Taysom Hill,TE,
2022,882289663648743424,4,waiver,complete,1664716757264,2022-10-02,7,KingTowsk,add,8154,Brian Robinson,RB,1
2022,881733785455087616,4,waiver,complete,1664584225575,2022-09-30,1,bgreenblatt,add,MIN,Minnesota Vikings,DEF,2
2022,881733785455087616,4,waiver,complete,1664584225575,2022-09-30,1,bgreenblatt,drop,CLE,Cleveland Browns,DEF,
2022,881661814126153728,4,waiver,complete,1664567066273,2022-09-30,1,bgreenblatt,add,5038,Michael Gallup,WR,1
2022,881661814126153728,4,waiver,complete,1664567066273,2022-09-30,1,bgreenblatt,drop,8119,Jahan Dotson,WR,
2022,881573417038692352,4,waiver,complete,1664545990765,2022-09-30,3,MaxSirianni,add,4381,Taysom Hill,TE,5
2022,881573417038692352,4,waiver,complete,1664545990765,2022-09-30,3,MaxSirianni,drop,5001,Dalton Schultz,TE,
2022,881323061440544768,4,free_agent,complete,1664486301339,2022-09-29,8,TylerWicks,drop,3225,Tyler Boyd,WR,
2022,881209015064182784,4,trade,complete,1664459110564,2022-09-29,2,Erjohnson14,add,167,Tom Brady,QB,
2022,881209015064182784,4,trade,complete,1664459110564,2022-09-29,7,KingTowsk,add,3161,Carson Wentz,QB,
2022,881209015064182784,4,trade,complete,1664459110564,2022-09-29,7,KingTowsk,add,4037,Chris Godwin,WR,
2022,881209015064182784,4,trade,complete,1664459110564,2022-09-29,2,Erjohnson14,add,7571,Rashod Bateman,WR,
2022,881209015064182784,4,trade,complete,1664459110564,2022-09-29,7,KingTowsk,drop,167,Tom Brady,QB,
2022,881209015064182784,4,trade,complete,1664459110564,2022-09-29,2,Erjohnson14,drop,3161,Carson Wentz,QB,
2022,881209015064182784,4,trade,complete,1664459110564,2022-09-29,2,Erjohnson14,drop,4037,Chris Godwin,WR,
2022,881209015064182784,4,trade,complete,1664459110564,2022-09-29,7,KingTowsk,drop,7571,Rashod Bateman,WR,
2022,880929270959218688,4,waiver,complete,1664392414372,2022-09-28,10,cc5597,add,6945,Antonio Gibson,RB,1
2022,880929270959218688,4,waiver,complete,1664392414372,2022-09-28,10,cc5597,drop,7567,Kenny Gainwell,RB,
2022,880894875795746816,4,waiver,complete,1664384213926,2022-09-28,4,jdrobny,add,PIT,Pittsburgh Steelers,DEF,1
2022,880894875795746816,4,waiver,complete,1664384213926,2022-09-28,4,jdrobny,drop,CHI,Chicago Bears,DEF,
2022,880883851277418496,4,free_agent,complete,1664381585476,2022-09-28,3,MaxSirianni,drop,8138,James Cook,RB,
2022,880883458665488384,4,waiver,failed,1664381491870,2022-09-28,1,bgreenblatt,add,PIT,Pittsburgh Steelers,DEF,1
2022,880883458665488384,4,waiver,failed,1664381491870,2022-09-28,1,bgreenblatt,drop,CLE,Cleveland Browns,DEF,
2022,880859560196358144,4,waiver,complete,1664375794031,2022-09-28,9,brockhusk,add,7538,Zach Wilson,QB,10
2022,880859560196358144,4,waiver,complete,1664375794031,2022-09-28,9,brockhusk,drop,19,Joe Flacco,QB,
2022,880819579247681536,4,free_agent,complete,1664366261830,2022-09-28,2,Erjohnson14,drop,4066,Evan Engram,TE,
2022,885711386074869760,5,waiver,failed,1665532559463,2022-10-11,7,KingTowsk,add,5947,Jakobi Meyers,WR,11
2022,885711258568110080,5,free_agent,complete,1665532529063,2022-10-11,7,KingTowsk,drop,7606,Kadarius Toney,WR,
2022,885653043298021376,5,waiver,complete,1665518649461,2022-10-11,10,cc5597,add,2307,Marcus Mariota,QB,2
2022,885653043298021376,5,waiver,complete,1665518649461,2022-10-11,10,cc5597,drop,2152,Teddy Bridgewater,QB,
2022,885640585724456960,5,waiver,failed,1665515679344,2022-10-11,10,cc5597,add,4381,Taysom Hill,TE,11
2022,885640585724456960,5,waiver,failed,1665515679344,2022-10-11,10,cc5597,drop,5133,Tyler Conklin,TE,
2022,885637177453891584,5,waiver,failed,1665514866749,2022-10-11,10,cc5597,add,8151,Kenneth Walker,RB,41
2022,885637177453891584,5,waiver,failed,1665514866749,2022-10-11,10,cc5597,drop,4985,Rashaad Penny,RB,
2022,885589774638063616,5,waiver,failed,1665503565037,2022-10-11,10,cc5597,add,503,Graham Gano,K,1
2022,885589774638063616,5,waiver,failed,1665503565037,2022-10-11,10,cc5597,drop,7042,Tyler Bass,K,
2022,885585656225759232,5,waiver,complete,1665502583131,2022-10-11,6,JSanDusky69,add,5870,Daniel Jones,QB,11
2022,885585656225759232,5,waiver,complete,1665502583131,2022-10-11,6,JSanDusky69,drop,4892,Baker Mayfield,QB,
2022,885585571970895872,5,waiver,failed,1665502563043,2022-10-11,6,JSanDusky69,add,8151,Kenneth Walker,RB,31
2022,885585571970895872,5,waiver,failed,1665502563043,2022-10-11,6,JSanDusky69,drop,5890,Damien Harris,RB,
2022,885553357014814720,5,waiver,failed,1665494882399,2022-10-11,2,Erjohnson14,add,503,Graham Gano,K,0
2022,885553357014814720,5,waiver,failed,1665494882399,2022-10-11,2,Erjohnson14,drop,6083,Matt Gay,K,
2022,885547250070249472,5,waiver,failed,1665493426390,2022-10-11,7,KingTowsk,add,8151,Kenneth Walker,RB,53
2022,885547250070249472,5,waiver,failed,1665493426390,2022-10-11,7,KingTowsk,drop,TEN,Tennessee Titans,DEF,
2022,885543337564798976,5,waiver,failed,1665492493576,2022-10-11,4,jdrobny,add,5947,Jakobi Meyers,WR,18
2022,885543337564798976,5,waiver,failed,1665492493576,2022-10-11,4,jdrobny,drop,4080,Zay Jones,WR,
2022,885543168840683520,5,waiver,complete,1665492453349,2022-10-11,4,jdrobny,add,WAS,Washington Commanders,DEF,2
2022,885543168840683520,5,waiver,complete,1665492453349,2022-10-11,4,jdrobny,drop,MIA,Miami Dolphins,DEF,
2022,885508983929200640,5,waiver,complete,1665484303031,2022-10-11,3,MaxSirianni,add,4973,Hayden Hurst,TE,2
2022,885508983929200640,5,waiver,complete,1665484303031,2022-10-11,3,MaxSirianni,drop,8132,Tyler Allgeier,RB,
2022,885442280004349952,5,waiver,complete,1665468399576,2022-10-11,9,brockhusk,add,503,Graham Gano,K,1
2022,885442280004349952,5,waiver,complete,1665468399576,2022-10-11,9,brockhusk,drop,8259,Cameron Dicker,K,
2022,885441816592322560,5,waiver,complete,1665468289090,2022-10-11,9,brockhusk,add,4381,Taysom Hill,TE,25
2022,885441816592322560,5,waiver,complete,1665468289090,2022-10-11,9,brockhusk,drop,6938,Cam Akers,RB,
2022,885441560291020800,5,waiver,failed,1665468227983,2022-10-11,9,brockhusk,add,8151,Kenneth Walker,RB,30
2022,885441560291020800,5,waiver,failed,1665468227983,2022-10-11,9,brockhusk,drop,6938,Cam Akers,RB,
2022,885430652613517312,5,waiver,failed,1665465627390,2022-10-11,10,cc5597,add,5870,Daniel Jones,QB,2
2022,885430652613517312,5,waiver,failed,1665465627390,2022-10-11,10,cc5597,drop,2152,Teddy Bridgewater,QB,
2022,885296076696113152,5,waiver,complete,1665433541991,2022-10-10,1,bgreenblatt,add,8136,Rachaad White,RB,2
2022,885280001421971456,5,free_agent,complete,1665429709347,2022-10-10,5,kaufmannc,drop,5970,Greg Dortch,WR,
2022,885279554216845312,5,trade,complete,1665429602725,2022-10-10,8,TylerWicks,add,5846,DK Metcalf,WR,
2022,885279554216845312,5,trade,complete,1665429602725,2022-10-10,2,Erjohnson14,add,6151,Miles Sanders,RB,
2022,885279554216845312,5,trade,complete,1665429602725,2022-10-10,2,Erjohnson14,drop,5846,DK Metcalf,WR,
2022,885279554216845312,5,trade,complete,1665429602725,2022-10-10,8,TylerWicks,drop,6151,Miles Sanders,RB,
2022,885236764825120768,5,trade,complete,1665419400939,2022-10-10,5,kaufmannc,add,1426,DeAndre Hopkins,WR,
2022,885236764825120768,5,trade,complete,1665419400939,2022-10-10,1,bgreenblatt,add,2216,Mike Evans,WR,
2022,885236764825120768,5,trade,complete,1665419400939,2022-10-10,5,kaufmannc,add,7543,Travis Etienne,RB,
2022,885236764825120768,5,trade,complete,1665419400939,2022-10-10,1,bgreenblatt,drop,1426,DeAndre Hopkins,WR,
2022,885236764825120768,5,trade,complete,1665419400939,2022-10-10,5,kaufmannc,drop,2216,Mike Evans,WR,
2022,885236764825120768,5,trade,complete,1665419400939,2022-10-10,1,bgreenblatt,drop,7543,Travis Etienne,RB,
2022,885215596088844288,5,waiver,complete,1665414353919,2022-10-10,2,Erjohnson14,add,8151,Kenneth Walker,RB,99
2022,885215596088844288,5,waiver,complete,1665414353919,2022-10-10,2,Erjohnson14,drop,5916,Darrell Henderson,RB,
2022,884986651561271296,5,waiver,failed,1665359769290,2022-10-09,1,bgreenblatt,add,5870,Daniel Jones,QB,6
2022,884986651561271296,5,waiver,failed,1665359769290,2022-10-09,1,bgreenblatt,drop,1049,Ryan Tannehill,QB,
2022,884913638597861376,5,waiver,complete,1665342361643,2022-10-09,1,bgreenblatt,add,5947,Jakobi Meyers,WR,21
2022,884913638597861376,5,waiver,complete,1665342361643,2022-10-09,1,bgreenblatt,drop,7596,Elijah Moore,WR,
2022,884880795993686016,5,free_agent,complete,1665334531356,2022-10-09,7,KingTowsk,add,TEN,Tennessee Titans,DEF,
2022,884880795993686016,5,free_agent,complete,1665334531356,2022-10-09,7,KingTowsk,drop,7608,Khalil Herbert,RB,
2022,884654161768185856,5,waiver,complete,1665280497546,2022-10-08,9,brockhusk,add,8259,Cameron Dicker,K,1
2022,884654161768185856,5,waiver,complete,1665280497546,2022-10-08,9,brockhusk,drop,4227,Harrison Butker,K,
2022,884506202938433536,5,waiver,complete,1665245221412,2022-10-08,8,TylerWicks,add,5086,Marquez Valdes-Scantling,WR,1
2022,883907662801620992,5,waiver,complete,1665102518323,2022-10-06,2,Erjohnson14,add,5987,Alexander Mattison,RB,5
2022,883893090065604608,5,free_agent,complete,1665099043912,2022-10-06,9,brockhusk,drop,5906,Dawson Knox,TE,
2022,883816838876889088,5,trade,complete,1665080864212,2022-10-06,9,brockhusk,add,4033,David Njoku,TE,
2022,883816838876889088,5,trade,complete,1665080864212,2022-10-06,2,Erjohnson14,add,5937,Diontae Johnson,WR,
2022,883816838876889088,5,trade,complete,1665080864212,2022-10-06,9,brockhusk,add,6943,Gabe Davis,WR,
2022,883816838876889088,5,trade,complete,1665080864212,2022-10-06,2,Erjohnson14,drop,4033,David Njoku,TE,
2022,883816838876889088,5,trade,complete,1665080864212,2022-10-06,9,brockhusk,drop,5937,Diontae Johnson,WR,
2022,883816838876889088,5,trade,complete,1665080864212,2022-10-06,2,Erjohnson14,drop,6943,Gabe Davis,WR,
2022,883499778275790848,5,waiver,complete,1665005271074,2022-10-05,10,cc5597,add,5133,Tyler Conklin,TE,1
2022,883499778275790848,5,waiver,complete,1665005271074,2022-10-05,10,cc5597,drop,947,Julio Jones,WR,
2022,883428105728135168,5,waiver,complete,1664988183007,2022-10-05,9,brockhusk,add,4227,Harrison Butker,K,2
2022,883428105728135168,5,waiver,complete,1664988183007,2022-10-05,9,brockhusk,drop,17,Matt Prater,K,
2022,883421642330824704,5,waiver,complete,1664986642013,2022-10-05,3,MaxSirianni,add,8132,Tyler Allgeier,RB,5
2022,883421642330824704,5,waiver,complete,1664986642013,2022-10-05,3,MaxSirianni,drop,5987,Alexander Mattison,RB,
2022,883371967015899136,5,waiver,failed,1664974798495,2022-10-05,6,JSanDusky69,add,2749,Raheem Mostert,RB,1
2022,883371907372789760,5,waiver,failed,1664974784275,2022-10-05,6,JSanDusky69,add,2152,Teddy Bridgewater,QB,1
2022,883371593659912192,5,waiver,complete,1664974709480,2022-10-05,6,JSanDusky69,add,1352,Robert Woods,WR,1
2022,888182846014070784,6,waiver,failed,1666121801430,2022-10-18,10,cc5597,add,4958,Brett Maher,K,0
2022,888182846014070784,6,waiver,failed,1666121801430,2022-10-18,10,cc5597,drop,7042,Tyler Bass,K,
2022,888180133024952320,6,waiver,complete,1666121154603,2022-10-18,7,KingTowsk,add,8157,Bailey Zappe,QB,0
2022,888180133024952320,6,waiver,complete,1666121154603,2022-10-18,7,KingTowsk,drop,3161,Carson Wentz,QB,
2022,888179824462790656,6,waiver,failed,1666121081036,2022-10-18,7,KingTowsk,add,2307,Marcus Mariota,QB,19
2022,888179824462790656,6,waiver,failed,1666121081036,2022-10-18,7,KingTowsk,drop,3161,Carson Wentz,QB,
2022,888178054592245760,6,waiver,failed,1666120659066,2022-10-18,7,KingTowsk,add,KC,Kansas City Chiefs,DEF,0
2022,888178054592245760,6,waiver,failed,1666120659066,2022-10-18,7,KingTowsk,drop,6951,Eno Benjamin,RB,
2022,888177998115811328,6,waiver,failed,1666120645601,2022-10-18,7,KingTowsk,add,LV,Las Vegas Raiders,DEF,0
2022,888177998115811328,6,waiver,failed,1666120645601,2022-10-18,7,KingTowsk,drop,6951,Eno Benjamin,RB,
2022,888177953387798528,6,waiver,failed,1666120634937,2022-10-18,7,KingTowsk,add,CIN,Cincinnati Bengals,DEF,0
2022,888177953387798528,6,waiver,failed,1666120634937,2022-10-18,7,KingTowsk,drop,6951,Eno Benjamin,RB,
2022,888177896554975232,6,waiver,failed,1666120621387,2022-10-18,7,KingTowsk,add,TEN,Tennessee Titans,DEF,0
2022,888177896554975232,6,waiver,failed,1666120621387,2022-10-18,7,KingTowsk,drop,6951,Eno Benjamin,RB,
2022,888177836949839872,6,waiver,complete,1666120607176,2022-10-18,7,KingTowsk,add,NYJ,New York Jets,DEF,0
2022,888177836949839872,6,waiver,complete,1666120607176,2022-10-18,7,KingTowsk,drop,6951,Eno Benjamin,RB,
2022,888177778070261760,6,waiver,failed,1666120593138,2022-10-18,7,KingTowsk,add,MIA,Miami Dolphins,DEF,0
2022,888177778070261760,6,waiver,failed,1666120593138,2022-10-18,7,KingTowsk,drop,6951,Eno Benjamin,RB,
2022,888177409936113664,6,waiver,failed,1666120505368,2022-10-18,7,KingTowsk,add,DEN,Denver Broncos,DEF,0
2022,888177409936113664,6,waiver,failed,1666120505368,2022-10-18,7,KingTowsk,drop,6951,Eno Benjamin,RB,
2022,888177160639184896,6,waiver,failed,1666120445931,2022-10-18,7,KingTowsk,add,NE,New England Patriots,DEF,3
2022,888177160639184896,6,waiver,failed,1666120445931,2022-10-18,7,KingTowsk,drop,6951,Eno Benjamin,RB,
2022,888151525522960384,6,waiver,complete,1666114334043,2022-10-18,2,Erjohnson14,add,4958,Brett Maher,K,0
2022,888138974600933376,6,waiver,complete,1666111341670,2022-10-18,6,JSanDusky69,add,MIA,Miami Dolphins,DEF,0
2022,888138974600933376,6,waiver,complete,1666111341670,2022-10-18,6,JSanDusky69,drop,5870,Daniel Jones,QB,
2022,888118605844324352,6,waiver,failed,1666106485380,2022-10-18,6,JSanDusky69,add,NE,New England Patriots,DEF,1
2022,888118605844324352,6,waiver,failed,1666106485380,2022-10-18,6,JSanDusky69,drop,5870,Daniel Jones,QB,
2022,888101487077863424,6,waiver,failed,1666102403948,2022-10-18,2,Erjohnson14,add,NE,New England Patriots,DEF,1
2022,888101487077863424,6,waiver,failed,1666102403948,2022-10-18,2,Erjohnson14,drop,GB,Green Bay Packers,DEF,
2022,888101218310991872,6,free_agent,complete,1666102339869,2022-10-18,2,Erjohnson14,drop,6083,Matt Gay,K,
2022,888090465470304256,6,waiver,complete,1666099776192,2022-10-18,5,kaufmannc,add,4602,Robert Tonyan,TE,4
2022,888090465470304256,6,waiver,complete,1666099776192,2022-10-18,5,kaufmannc,drop,7527,Mac Jones,QB,
2022,887837821841481728,6,waiver,complete,1666039541257,2022-10-17,1,bgreenblatt,add,7601,Rondale Moore,WR,0
2022,887837821841481728,6,waiver,complete,1666039541257,2022-10-17,1,bgreenblatt,drop,4227,Harrison Butker,K,
2022,887781473724452864,6,free_agent,complete,1666026106819,2022-10-17,4,jdrobny,add,4171,Josh Reynolds,WR,
2022,887781473724452864,6,free_agent,complete,1666026106819,2022-10-17,4,jdrobny,drop,5347,Nyheim Miller-Hines,RB,
2022,887510471338012672,6,waiver,failed,1665961494815,2022-10-16,1,bgreenblatt,add,NE,New England Patriots,DEF,3
2022,887510471338012672,6,waiver,failed,1665961494815,2022-10-16,1,bgreenblatt,drop,MIN,Minnesota Vikings,DEF,
2022,887413824599576576,6,free_agent,complete,1665938452437,2022-10-16,7,KingTowsk,add,6951,Eno Benjamin,RB,
2022,887413824599576576,6,free_agent,complete,1665938452437,2022-10-16,7,KingTowsk,drop,8168,Skyy Moore,WR,
2022,887055240091090944,6,waiver,complete,1665852959228,2022-10-15,4,jdrobny,add,3225,Tyler Boyd,WR,2
2022,887019103481806848,6,waiver,complete,1665844343589,2022-10-15,2,Erjohnson14,add,8142,Alec Pierce,WR,0
2022,887018846161416192,6,waiver,failed,1665844282239,2022-10-15,2,Erjohnson14,add,5916,Darrell Henderson,RB,0
2022,887018799310942208,6,free_agent,complete,1665844271069,2022-10-15,2,Erjohnson14,drop,7588,Javonte Williams,RB,
2022,886823033308999680,6,waiver,complete,1665797596817,2022-10-14,10,cc5597,add,6126,Irv Smith,TE,0
2022,886823033308999680,6,waiver,complete,1665797596817,2022-10-14,10,cc5597,drop,5133,Tyler Conklin,TE,
2022,886751153885822976,6,waiver,complete,1665780459427,2022-10-14,1,bgreenblatt,add,5916,Darrell Henderson,RB,5
2022,886751153885822976,6,waiver,complete,1665780459427,2022-10-14,1,bgreenblatt,drop,5038,Michael Gallup,WR,
2022,886389085562929152,6,waiver,complete,1665694135612,2022-10-13,4,jdrobny,add,BAL,Baltimore Ravens,DEF,0
2022,886389056198832128,6,free_agent,complete,1665694128611,2022-10-13,4,jdrobny,drop,WAS,Washington Commanders,DEF,
2022,886365717484756992,6,waiver,complete,1665688564228,2022-10-13,7,KingTowsk,add,7606,Kadarius Toney,WR,0
2022,886365717484756992,6,waiver,complete,1665688564228,2022-10-13,7,KingTowsk,drop,8126,Wan'Dale Robinson,WR,
2022,886361924466614272,6,waiver,complete,1665687659902,2022-10-13,10,cc5597,add,3257,Jacoby Brissett,QB,0
2022,886361924466614272,6,waiver,complete,1665687659902,2022-10-13,10,cc5597,drop,2307,Marcus Mariota,QB,
2022,886361139150327808,6,waiver,complete,1665687472668,2022-10-13,10,cc5597,add,4197,Isaiah McKenzie,WR,2
2022,886361139150327808,6,waiver,complete,1665687472668,2022-10-13,10,cc5597,drop,6945,Antonio Gibson,RB,
2022,886341127262015488,6,free_agent,complete,1665682701462,2022-10-13,9,brockhusk,drop,7610,Trey Lance,QB,
2022,886327547754065920,6,waiver,complete,1665679463855,2022-10-13,6,JSanDusky69,add,6938,Cam Akers,RB,1
2022,886327547754065920,6,waiver,complete,1665679463855,2022-10-13,6,JSanDusky69,drop,1352,Robert Woods,WR,
2022,886260969083527168,6,waiver,complete,1665663590263,2022-10-13,1,bgreenblatt,add,4227,Harrison Butker,K,0
2022,886260969083527168,6,waiver,complete,1665663590263,2022-10-13,1,bgreenblatt,drop,1049,Ryan Tannehill,QB,
2022,885980135495532544,6,waiver,complete,1665596634318,2022-10-12,7,KingTowsk,add,8168,Skyy Moore,WR,0
2022,885980135495532544,6,waiver,complete,1665596634318,2022-10-12,7,KingTowsk,drop,TEN,Tennessee Titans,DEF,
2022,885979059698536448,6,waiver,failed,1665596377828,2022-10-12,7,KingTowsk,add,7601,Rondale Moore,WR,0
2022,885979059698536448,6,waiver,failed,1665596377828,2022-10-12,7,KingTowsk,drop,TEN,Tennessee Titans,DEF,
2022,885965442299211776,6,waiver,failed,1665593131187,2022-10-12,10,cc5597,add,4066,Evan Engram,TE,0
2022,885965442299211776,6,waiver,failed,1665593131187,2022-10-12,10,cc5597,drop,5133,Tyler Conklin,TE,
2022,885960148219428864,6,waiver,complete,1665591868980,2022-10-12,10,cc5597,add,7608,Khalil Herbert,RB,1
2022,885960148219428864,6,waiver,complete,1665591868980,2022-10-12,10,cc5597,drop,4985,Rashaad Penny,RB,
2022,885958421998948352,6,waiver,complete,1665591457417,2022-10-12,7,KingTowsk,add,8126,Wan'Dale Robinson,WR,0
2022,885955926178484224,6,waiver,complete,1665590862367,2022-10-12,2,Erjohnson14,add,4066,Evan Engram,TE,0
2022,885955926178484224,6,waiver,complete,1665590862367,2022-10-12,2,Erjohnson14,drop,5987,Alexander Mattison,RB,
2022,885916025705779200,6,waiver,failed,1665581349353,2022-10-12,2,Erjohnson14,add,4381,Taysom Hill,TE,1
2022,885916025705779200,6,waiver,failed,1665581349353,2022-10-12,2,Erjohnson14,drop,5987,Alexander Mattison,RB,
2022,885912892401377280,6,waiver,failed,1665580602315,2022-10-12,2,Erjohnson14,add,4973,Hayden Hurst,TE,0
2022,885912892401377280,6,waiver,failed,1665580602315,2022-10-12,2,Erjohnson14,drop,5987,Alexander Mattison,RB,
2022,890859038496256000,7,waiver,complete,1666759855439,2022-10-25,10,cc5597,add,5248,Gus Edwards,RB,36
2022,890859038496256000,7,waiver,complete,1666759855439,2022-10-25,10,cc5597,drop,4197,Isaiah McKenzie,WR,
2022,890796346670735360,7,waiver,complete,1666744908543,2022-10-25,1,bgreenblatt,add,2306,Jameis Winston,QB,15
2022,890796346670735360,7,waiver,complete,1666744908543,2022-10-25,1,bgreenblatt,drop,2078,Odell Beckham,WR,
2022,890794710594347008,7,waiver,complete,1666744518472,2022-10-25,1,bgreenblatt,add,6126,Irv Smith,TE,3
2022,890771040492642304,7,waiver,complete,1666738875080,2022-10-25,8,TylerWicks,add,4993,Mike Gesicki,TE,0
2022,890771040492642304,7,waiver,complete,1666738875080,2022-10-25,8,TylerWicks,drop,NE,New England Patriots,DEF,
2022,890765061235486720,7,waiver,complete,1666737449514,2022-10-25,2,Erjohnson14,add,IND,Indianapolis Colts,DEF,0
2022,890765061235486720,7,waiver,complete,1666737449514,2022-10-25,2,Erjohnson14,drop,GB,Green Bay Packers,DEF,
2022,890762713259790336,7,trade,complete,1666736889713,2022-10-25,1,bgreenblatt,add,1992,Allen Robinson,WR,
2022,890762713259790336,7,trade,complete,1666736889713,2022-10-25,8,TylerWicks,add,3969,Leonard Fournette,RB,
2022,890762713259790336,7,trade,complete,1666736889713,2022-10-25,8,TylerWicks,add,5916,Darrell Henderson,RB,
2022,890762713259790336,7,trade,complete,1666736889713,2022-10-25,8,TylerWicks,add,5947,Jakobi Meyers,WR,
2022,890762713259790336,7,trade,complete,1666736889713,2022-10-25,1,bgreenblatt,add,6813,Jonathan Taylor,RB,
2022,890762713259790336,7,trade,complete,1666736889713,2022-10-25,8,TylerWicks,drop,1992,Allen Robinson,WR,
2022,890762713259790336,7,trade,complete,1666736889713,2022-10-25,1,bgreenblatt,drop,3969,Leonard Fournette,RB,
2022,890762713259790336,7,trade,complete,1666736889713,2022-10-25,1,bgreenblatt,drop,5916,Darrell Henderson,RB,
2022,890762713259790336,7,trade,complete,1666736889713,2022-10-25,1,bgreenblatt,drop,5947,Jakobi Meyers,WR,
2022,890762713259790336,7,trade,complete,1666736889713,2022-10-25,8,TylerWicks,drop,6813,Jonathan Taylor,RB,
2022,890742456600375296,7,waiver,complete,1666732060149,2022-10-25,6,JSanDusky69,add,4227,Harrison Butker,K,4
2022,890742456600375296,7,waiver,complete,1666732060149,2022-10-25,6,JSanDusky69,drop,1433,Brandon McManus,K,
2022,890698761788104704,7,waiver,failed,1666721642494,2022-10-25,10,cc5597,add,6083,Matt Gay,K,1
2022,890698761788104704,7,waiver,failed,1666721642494,2022-10-25,10,cc5597,drop,3467,Taylor Bertolet,K,
2022,890698713763500032,7,waiver,complete,1666721631044,2022-10-25,10,cc5597,add,7042,Tyler Bass,K,2
2022,890698713763500032,7,waiver,complete,1666721631044,2022-10-25,10,cc5597,drop,3467,Taylor Bertolet,K,
2022,890697788034498560,7,free_agent,complete,1666721410333,2022-10-25,10,cc5597,drop,8155,Breece Hall,RB,
2022,890694975682199552,7,waiver,complete,1666720739816,2022-10-25,9,brockhusk,add,5906,Dawson Knox,TE,0
2022,890694975682199552,7,waiver,complete,1666720739816,2022-10-25,9,brockhusk,drop,LV,Las Vegas Raiders,DEF,
2022,890670483220312064,7,waiver,failed,1666714900358,2022-10-25,7,KingTowsk,add,2306,Jameis Winston,QB,9
2022,890670483220312064,7,waiver,failed,1666714900358,2022-10-25,7,KingTowsk,drop,7585,Davis Mills,QB,
2022,890670276956913664,7,waiver,failed,1666714851181,2022-10-25,7,KingTowsk,add,5272,Greg Joseph,K,0
2022,890670276956913664,7,waiver,failed,1666714851181,2022-10-25,7,KingTowsk,drop,650,Nick Folk,K,
2022,890670212142342144,7,waiver,failed,1666714835728,2022-10-25,7,KingTowsk,add,6650,Chase McLaughlin,K,0
2022,890670212142342144,7,waiver,failed,1666714835728,2022-10-25,7,KingTowsk,drop,650,Nick Folk,K,
2022,890670092218753024,7,waiver,complete,1666714807136,2022-10-25,7,KingTowsk,add,5119,Jason Sanders,K,0
2022,890670092218753024,7,waiver,complete,1666714807136,2022-10-25,7,KingTowsk,drop,650,Nick Folk,K,
2022,890670034551250944,7,waiver,failed,1666714793387,2022-10-25,7,KingTowsk,add,7042,Tyler Bass,K,0
2022,890670034551250944,7,waiver,failed,1666714793387,2022-10-25,7,KingTowsk,drop,650,Nick Folk,K,
2022,890669975583600640,7,waiver,failed,1666714779328,2022-10-25,7,KingTowsk,add,6083,Matt Gay,K,0
2022,890669975583600640,7,waiver,failed,1666714779328,2022-10-25,7,KingTowsk,drop,650,Nick Folk,K,
2022,890642521511051264,7,waiver,complete,1666708233767,2022-10-25,8,TylerWicks,add,2711,Taylor Heinicke,QB,3
2022,890642521511051264,7,waiver,complete,1666708233767,2022-10-25,8,TylerWicks,drop,24,Matt Ryan,QB,
2022,890621089959653376,7,waiver,failed,1666703124087,2022-10-25,3,MaxSirianni,add,2306,Jameis Winston,QB,0
2022,890621089959653376,7,waiver,failed,1666703124087,2022-10-25,3,MaxSirianni,drop,2307,Marcus Mariota,QB,
2022,890621024062857216,7,waiver,failed,1666703108376,2022-10-25,3,MaxSirianni,add,5248,Gus Edwards,RB,0
2022,890621024062857216,7,waiver,failed,1666703108376,2022-10-25,3,MaxSirianni,drop,LAC,Los Angeles Chargers,DEF,
2022,890619451861561344,7,free_agent,complete,1666702733534,2022-10-25,2,Erjohnson14,drop,7527,Mac Jones,QB,
2022,890613602506280960,7,waiver,complete,1666701338939,2022-10-25,5,kaufmannc,add,5917,Mecole Hardman,WR,0
2022,890613602506280960,7,waiver,complete,1666701338939,2022-10-25,5,kaufmannc,drop,4602,Robert Tonyan,TE,
2022,890597749349883904,7,waiver,complete,1666697559252,2022-10-25,1,bgreenblatt,add,TEN,Tennessee Titans,DEF,0
2022,890597749349883904,7,waiver,complete,1666697559252,2022-10-25,1,bgreenblatt,drop,CIN,Cincinnati Bengals,DEF,
2022,890432834597593088,7,trade,complete,1666658240511,2022-10-24,7,KingTowsk,add,2133,Davante Adams,WR,
2022,890432834597593088,7,trade,complete,1666658240511,2022-10-24,10,cc5597,add,3164,Ezekiel Elliott,RB,
2022,890432834597593088,7,trade,complete,1666658240511,2022-10-24,10,cc5597,add,7526,Jaylen Waddle,WR,
2022,890432834597593088,7,trade,complete,1666658240511,2022-10-24,10,cc5597,drop,2133,Davante Adams,WR,
2022,890432834597593088,7,trade,complete,1666658240511,2022-10-24,7,KingTowsk,drop,3164,Ezekiel Elliott,RB,
2022,890432834597593088,7,trade,complete,1666658240511,2022-10-24,7,KingTowsk,drop,7526,Jaylen Waddle,WR,
2022,890112071801745408,7,waiver,failed,1666581764701,2022-10-23,5,kaufmannc,add,5248,Gus Edwards,RB,5
2022,890112071801745408,7,waiver,failed,1666581764701,2022-10-23,5,kaufmannc,drop,3242,Kenyan Drake,RB,
2022,889948806517886976,7,free_agent,complete,1666542839224,2022-10-23,7,KingTowsk,add,7585,Davis Mills,QB,
2022,889948765212360704,7,free_agent,complete,1666542829376,2022-10-23,7,KingTowsk,drop,7606,Kadarius Toney,WR,
2022,889912731262750720,7,waiver,complete,1666534238213,2022-10-23,2,Erjohnson14,add,7527,Mac Jones,QB,0
2022,889611602243153920,7,waiver,complete,1666462443460,2022-10-22,10,cc5597,add,1049,Ryan Tannehill,QB,0
2022,889611602243153920,7,waiver,complete,1666462443460,2022-10-22,10,cc5597,drop,3257,Jacoby Brissett,QB,
2022,889591197885337600,7,waiver,complete,1666457578682,2022-10-22,1,bgreenblatt,add,CIN,Cincinnati Bengals,DEF,0
2022,889591197885337600,7,waiver,complete,1666457578682,2022-10-22,1,bgreenblatt,drop,DEN,Denver Broncos,DEF,
2022,889309741405569024,7,waiver,complete,1666390474228,2022-10-21,7,KingTowsk,add,8126,Wan'Dale Robinson,WR,0
2022,889292868110647296,7,trade,complete,1666386451321,2022-10-21,9,brockhusk,add,6820,Clyde Edwards-Helaire,RB,
2022,889292868110647296,7,trade,complete,1666386451321,2022-10-21,4,jdrobny,add,7525,DeVonta Smith,WR,
2022,889292868110647296,7,trade,complete,1666386451321,2022-10-21,4,jdrobny,drop,6820,Clyde Edwards-Helaire,RB,
2022,889292868110647296,7,trade,complete,1666386451321,2022-10-21,9,brockhusk,drop,7525,DeVonta Smith,WR,
2022,889292021804859392,7,waiver,complete,1666386249546,2022-10-21,9,brockhusk,add,4111,D'Onta Foreman,RB,3
2022,889292021804859392,7,waiver,complete,1666386249546,2022-10-21,9,brockhusk,drop,5284,Jeff Wilson,RB,
2022,889266851111292928,7,waiver,complete,1666380248385,2022-10-21,3,MaxSirianni,add,7594,Chuba Hubbard,RB,11
2022,889266851111292928,7,waiver,complete,1666380248385,2022-10-21,3,MaxSirianni,drop,4973,Hayden Hurst,TE,
2022,889266833658900480,7,waiver,complete,1666380244224,2022-10-21,5,kaufmannc,add,3242,Kenyan Drake,RB,5
2022,889266295915311104,7,free_agent,complete,1666380116016,2022-10-21,5,kaufmannc,drop,6806,J.K. Dobbins,RB,
2022,889219332524208128,7,waiver,complete,1666368919071,2022-10-21,6,JSanDusky69,add,8142,Alec Pierce,WR,0
2022,889219332524208128,7,waiver,complete,1666368919071,2022-10-21,6,JSanDusky69,drop,LAR,Los Angeles Rams,DEF,
2022,889212131231551488,7,waiver,complete,1666367202149,2022-10-21,2,Erjohnson14,add,4066,Evan Engram,TE,0
2022,889212131231551488,7,waiver,complete,1666367202149,2022-10-21,2,Erjohnson14,drop,8142,Alec Pierce,WR,
2022,889150664905834496,7,waiver,complete,1666352547435,2022-10-21,1,bgreenblatt,add,2078,Odell Beckham,WR,0
2022,889150664905834496,7,waiver,complete,1666352547435,2022-10-21,1,bgreenblatt,drop,7601,Rondale Moore,WR,
2022,888903185790603264,7,waiver,complete,1666293543816,2022-10-20,10,cc5597,add,5001,Dalton Schultz,TE,1
2022,888903185790603264,7,waiver,complete,1666293543816,2022-10-20,10,cc5597,drop,6126,Irv Smith,TE,
2022,888862796006350848,7,waiver,failed,1666283914141,2022-10-20,6,JSanDusky69,add,5870,Daniel Jones,QB,0
2022,888862796006350848,7,waiver,failed,1666283914141,2022-10-20,6,JSanDusky69,drop,LAR,Los Angeles Rams,DEF,
2022,888647154762305536,7,waiver,complete,1666232501262,2022-10-19,9,brockhusk,add,LV,Las Vegas Raiders,DEF,3
2022,888647154762305536,7,waiver,complete,1666232501262,2022-10-19,9,brockhusk,drop,4381,Taysom Hill,TE,
2022,888647024315183104,7,waiver,complete,1666232470161,2022-10-19,9,brockhusk,add,5870,Daniel Jones,QB,3
2022,888647024315183104,7,waiver,complete,1666232470161,2022-10-19,9,brockhusk,drop,7538,Zach Wilson,QB,
2022,888559557297979392,7,waiver,failed,1666211616399,2022-10-19,10,cc5597,add,5870,Daniel Jones,QB,3
2022,888559557297979392,7,waiver,failed,1666211616399,2022-10-19,10,cc5597,drop,3257,Jacoby Brissett,QB,
2022,888521231064879104,7,waiver,complete,1666202478713,2022-10-19,10,cc5597,add,3467,Taylor Bertolet,K,0
2022,888521231064879104,7,waiver,complete,1666202478713,2022-10-19,10,cc5597,drop,7042,Tyler Bass,K,
2022,888505145154166784,7,waiver,complete,1666198643533,2022-10-19,7,KingTowsk,add,650,Nick Folk,K,0
2022,888505145154166784,7,waiver,complete,1666198643533,2022-10-19,7,KingTowsk,drop,8157,Bailey Zappe,QB,
2022,888504033357438976,7,waiver,failed,1666198378460,2022-10-19,2,Erjohnson14,add,DEN,Denver Broncos,DEF,0
2022,888504033357438976,7,waiver,failed,1666198378460,2022-10-19,2,Erjohnson14,drop,GB,Green Bay Packers,DEF,
2022,888494916567855104,7,waiver,complete,1666196204848,2022-10-19,1,bgreenblatt,add,DEN,Denver Broncos,DEF,0
2022,888494916567855104,7,waiver,complete,1666196204848,2022-10-19,1,bgreenblatt,drop,MIN,Minnesota Vikings,DEF,
2022,888453272049106944,7,free_agent,complete,1666186276021,2022-10-19,4,jdrobny,drop,4080,Zay Jones,WR,
2022,888452761245798400,7,free_agent,complete,1666186154236,2022-10-19,2,Erjohnson14,drop,4066,Evan Engram,TE,
2022,888435922402795520,7,waiver,complete,1666182139543,2022-10-19,8,TylerWicks,add,NE,New England Patriots,DEF,5
2022,888435922402795520,7,waiver,complete,1666182139543,2022-10-19,8,TylerWicks,drop,5086,Marquez Valdes-Scantling,WR,
2022,888434931620057088,7,waiver,complete,1666181903322,2022-10-19,3,MaxSirianni,add,2307,Marcus Mariota,QB,20
2022,888434931620057088,7,waiver,complete,1666181903322,2022-10-19,3,MaxSirianni,drop,2306,Jameis Winston,QB,
2022,888433997804490752,7,free_agent,complete,1666181680683,2022-10-19,8,TylerWicks,drop,1825,Jarvis Landry,WR,
2022,888433690257059840,7,free_agent,complete,1666181607358,2022-10-19,7,KingTowsk,drop,5272,Greg Joseph,K,
2022,893336782291251200,8,waiver,complete,1667350595594,2022-11-01,6,JSanDusky69,add,4066,Evan Engram,TE,5
2022,893294188727451648,8,waiver,complete,1667340440497,2022-11-01,9,brockhusk,add,1049,Ryan Tannehill,QB,6
2022,893294188727451648,8,waiver,complete,1667340440497,2022-11-01,9,brockhusk,drop,5870,Daniel Jones,QB,
2022,893294054438391808,8,waiver,complete,1667340408480,2022-11-01,9,brockhusk,add,CIN,Cincinnati Bengals,DEF,3
2022,893294054438391808,8,waiver,complete,1667340408480,2022-11-01,9,brockhusk,drop,1352,Robert Woods,WR,
2022,893293936632889344,8,waiver,complete,1667340380393,2022-11-01,9,brockhusk,add,17,Matt Prater,K,1
2022,893293936632889344,8,waiver,complete,1667340380393,2022-11-01,9,brockhusk,drop,503,Graham Gano,K,
2022,893288505151782912,8,waiver,complete,1667339085427,2022-11-01,7,KingTowsk,add,8131,Isaiah Likely,TE,0
2022,893288505151782912,8,waiver,complete,1667339085427,2022-11-01,7,KingTowsk,drop,5119,Jason Sanders,K,
2022,893286846610853888,8,waiver,complete,1667338690000,2022-11-01,7,KingTowsk,add,8205,Isiah Pacheco,RB,2
2022,893286846610853888,8,waiver,complete,1667338690000,2022-11-01,7,KingTowsk,drop,8154,Brian Robinson,RB,
2022,893286400953479168,8,waiver,failed,1667338583747,2022-11-01,7,KingTowsk,add,7601,Rondale Moore,WR,3
2022,893286400953479168,8,waiver,failed,1667338583747,2022-11-01,7,KingTowsk,drop,7090,Darnell Mooney,WR,
2022,893285605965213696,8,waiver,failed,1667338394207,2022-11-01,7,KingTowsk,add,5272,Greg Joseph,K,0
2022,893285605965213696,8,waiver,failed,1667338394207,2022-11-01,7,KingTowsk,drop,5119,Jason Sanders,K,
2022,893285561803141120,8,waiver,failed,1667338383678,2022-11-01,7,KingTowsk,add,59,Mason Crosby,K,0
2022,893285561803141120,8,waiver,failed,1667338383678,2022-11-01,7,KingTowsk,drop,5119,Jason Sanders,K,
2022,893280860009385984,8,waiver,failed,1667337262683,2022-11-01,2,Erjohnson14,add,CIN,Cincinnati Bengals,DEF,0
2022,893280860009385984,8,waiver,failed,1667337262683,2022-11-01,2,Erjohnson14,drop,IND,Indianapolis Colts,DEF,
2022,893271768259981312,8,free_agent,complete,1667335095041,2022-11-01,6,JSanDusky69,drop,6083,Matt Gay,K,
2022,893252740732837888,8,waiver,failed,1667330558525,2022-11-01,2,Erjohnson14,add,7601,Rondale Moore,WR,1
2022,893252740732837888,8,waiver,failed,1667330558525,2022-11-01,2,Erjohnson14,drop,7571,Rashod Bateman,WR,
2022,893252628652462080,8,waiver,complete,1667330531803,2022-11-01,2,Erjohnson14,add,6945,Antonio Gibson,RB,0
2022,893252628652462080,8,waiver,complete,1667330531803,2022-11-01,2,Erjohnson14,drop,5890,Damien Harris,RB,
2022,893250126712557568,8,waiver,failed,1667329935294,2022-11-01,9,brockhusk,add,4335,P.J. Walker,QB,5
2022,893250126712557568,8,waiver,failed,1667329935294,2022-11-01,9,brockhusk,drop,5870,Daniel Jones,QB,
2022,893170871160725504,8,waiver,complete,1667311039298,2022-11-01,3,MaxSirianni,add,7601,Rondale Moore,WR,6
2022,893170871160725504,8,waiver,complete,1667311039298,2022-11-01,3,MaxSirianni,drop,7594,Chuba Hubbard,RB,
2022,893170197337485312,8,waiver,complete,1667310878646,2022-11-01,3,MaxSirianni,add,8132,Tyler Allgeier,RB,9
2022,893170197337485312,8,waiver,complete,1667310878646,2022-11-01,3,MaxSirianni,drop,4973,Hayden Hurst,TE,
2022,893149998274109440,8,waiver,failed,1667306062814,2022-11-01,1,bgreenblatt,add,MIN,Minnesota Vikings,DEF,0
2022,893149998274109440,8,waiver,failed,1667306062814,2022-11-01,1,bgreenblatt,drop,TEN,Tennessee Titans,DEF,
2022,893149953164390400,8,waiver,complete,1667306052059,2022-11-01,1,bgreenblatt,add,KC,Kansas City Chiefs,DEF,0
2022,893149953164390400,8,waiver,complete,1667306052059,2022-11-01,1,bgreenblatt,drop,TEN,Tennessee Titans,DEF,
2022,893149864920477696,8,waiver,failed,1667306031020,2022-11-01,1,bgreenblatt,add,6847,Devin Duvernay,WR,0
2022,893149864920477696,8,waiver,failed,1667306031020,2022-11-01,1,bgreenblatt,drop,6126,Irv Smith,TE,
2022,892958068873609216,8,waiver,complete,1667260303279,2022-10-31,2,Erjohnson14,add,6847,Devin Duvernay,WR,1
2022,892958068873609216,8,waiver,complete,1667260303279,2022-10-31,2,Erjohnson14,drop,7571,Rashod Bateman,WR,
2022,892857018707419136,8,waiver,failed,1667236211042,2022-10-31,1,bgreenblatt,add,7601,Rondale Moore,WR,0
2022,892857018707419136,8,waiver,failed,1667236211042,2022-10-31,1,bgreenblatt,drop,6126,Irv Smith,TE,
2022,892856988961480704,8,free_agent,complete,1667236203950,2022-10-31,1,bgreenblatt,add,7670,Joshua Palmer,WR,
2022,892856988961480704,8,free_agent,complete,1667236203950,2022-10-31,1,bgreenblatt,drop,8161,Malik Willis,QB,
2022,892479743311044608,8,free_agent,complete,1667146261578,2022-10-30,2,Erjohnson14,add,8195,Ronnie Rivers,RB,
2022,892479743311044608,8,free_agent,complete,1667146261578,2022-10-30,2,Erjohnson14,drop,5038,Michael Gallup,WR,
2022,892219863727357952,8,waiver,complete,1667084301457,2022-10-29,1,bgreenblatt,add,8161,Malik Willis,QB,0
2022,892219863727357952,8,waiver,complete,1667084301457,2022-10-29,1,bgreenblatt,drop,2306,Jameis Winston,QB,
2022,892143305788481536,8,waiver,complete,1667066048622,2022-10-29,2,Erjohnson14,add,5038,Michael Gallup,WR,0
2022,891890705541271552,8,waiver,complete,1667005824030,2022-10-28,10,cc5597,add,6951,Eno Benjamin,RB,1
2022,891890705541271552,8,waiver,complete,1667005824030,2022-10-28,10,cc5597,drop,1049,Ryan Tannehill,QB,
2022,891825522022260736,8,waiver,failed,1666990283068,2022-10-28,2,Erjohnson14,add,6951,Eno Benjamin,RB,0
2022,891800862559969280,8,waiver,complete,1666984403794,2022-10-28,6,JSanDusky69,add,5347,Nyheim Miller-Hines,RB,0
2022,891710781568393216,8,waiver,complete,1666962926812,2022-10-28,7,KingTowsk,add,7090,Darnell Mooney,WR,0
2022,891710781568393216,8,waiver,complete,1666962926812,2022-10-28,7,KingTowsk,drop,NYJ,New York Jets,DEF,
2022,891639163307438080,8,waiver,complete,1666945851688,2022-10-28,6,JSanDusky69,add,6083,Matt Gay,K,0
2022,891639163307438080,8,waiver,complete,1666945851688,2022-10-28,6,JSanDusky69,drop,8142,Alec Pierce,WR,
2022,891638843957305344,8,free_agent,complete,1666945775549,2022-10-28,6,JSanDusky69,drop,4066,Evan Engram,TE,
2022,891597336525082624,8,waiver,failed,1666935879406,2022-10-28,9,brockhusk,add,7606,Kadarius Toney,WR,10
2022,891597336525082624,8,waiver,failed,1666935879406,2022-10-28,9,brockhusk,drop,1352,Robert Woods,WR,
2022,891507688377749504,8,waiver,failed,1666914505622,2022-10-27,7,KingTowsk,add,7090,Darnell Mooney,WR,0
2022,891507688377749504,8,waiver,failed,1666914505622,2022-10-27,7,KingTowsk,drop,7585,Davis Mills,QB,
2022,891507213540548608,8,waiver,complete,1666914392412,2022-10-27,7,KingTowsk,add,829,Andy Dalton,QB,0
2022,891507213540548608,8,waiver,complete,1666914392412,2022-10-27,7,KingTowsk,drop,7585,Davis Mills,QB,
2022,891466269478735872,8,waiver,complete,1666904630587,2022-10-27,1,bgreenblatt,add,6126,Irv Smith,TE,0
2022,891466269478735872,8,waiver,complete,1666904630587,2022-10-27,1,bgreenblatt,drop,8131,Isaiah Likely,TE,
2022,891463137940373504,8,free_agent,complete,1666903883970,2022-10-27,8,TylerWicks,drop,5955,Hunter Renfrow,WR,
2022,891415810961338368,8,waiver,complete,1666892600340,2022-10-27,10,cc5597,add,NE,New England Patriots,DEF,0
2022,891415810961338368,8,waiver,complete,1666892600340,2022-10-27,10,cc5597,drop,TB,Tampa Bay Buccaneers,DEF,
2022,891403319548006400,8,waiver,complete,1666889622154,2022-10-27,1,bgreenblatt,add,7606,Kadarius Toney,WR,27
2022,891403319548006400,8,waiver,complete,1666889622154,2022-10-27,1,bgreenblatt,drop,1992,Allen Robinson,WR,
2022,891398471297744896,8,waiver,failed,1666888466241,2022-10-27,7,KingTowsk,add,7606,Kadarius Toney,WR,9
2022,891398471297744896,8,waiver,failed,1666888466241,2022-10-27,7,KingTowsk,drop,NYJ,New York Jets,DEF,
2022,891365192754372608,8,waiver,complete,1666880532018,2022-10-27,1,bgreenblatt,add,8131,Isaiah Likely,TE,0
2022,891365192754372608,8,waiver,complete,1666880532018,2022-10-27,1,bgreenblatt,drop,6126,Irv Smith,TE,
2022,891186009788915712,8,waiver,failed,1666837811470,2022-10-26,9,brockhusk,add,4973,Hayden Hurst,TE,0
2022,891186009788915712,8,waiver,failed,1666837811470,2022-10-26,9,brockhusk,drop,5906,Dawson Knox,TE,
2022,891185721535504384,8,waiver,complete,1666837742745,2022-10-26,9,brockhusk,add,1352,Robert Woods,WR,0
2022,891176278676467712,8,waiver,complete,1666835491392,2022-10-26,2,Erjohnson14,add,2747,Jason Myers,K,0
2022,891176278676467712,8,waiver,complete,1666835491392,2022-10-26,2,Erjohnson14,drop,4958,Brett Maher,K,
2022,891096990874906624,8,waiver,complete,1666816587707,2022-10-26,3,MaxSirianni,add,4973,Hayden Hurst,TE,0
2022,891096990874906624,8,waiver,complete,1666816587707,2022-10-26,3,MaxSirianni,drop,LAC,Los Angeles Chargers,DEF,
2022,891065268426727424,8,trade,complete,1666809024486,2022-10-26,6,JSanDusky69,add,4066,Evan Engram,TE,
2022,891065268426727424,8,trade,complete,1666809024486,2022-10-26,2,Erjohnson14,add,5022,Dallas Goedert,TE,
2022,891065268426727424,8,trade,complete,1666809024486,2022-10-26,2,Erjohnson14,add,5890,Damien Harris,RB,
2022,891065268426727424,8,trade,complete,1666809024486,2022-10-26,6,JSanDusky69,add,6151,Miles Sanders,RB,
2022,891065268426727424,8,trade,complete,1666809024486,2022-10-26,2,Erjohnson14,drop,4066,Evan Engram,TE,
2022,891065268426727424,8,trade,complete,1666809024486,2022-10-26,6,JSanDusky69,drop,5022,Dallas Goedert,TE,
2022,891065268426727424,8,trade,complete,1666809024486,2022-10-26,6,JSanDusky69,drop,5890,Damien Harris,RB,
2022,891065268426727424,8,trade,complete,1666809024486,2022-10-26,2,Erjohnson14,drop,6151,Miles Sanders,RB,
2022,891029012888195072,8,waiver,failed,1666800380492,2022-10-26,2,Erjohnson14,add,NE,New England Patriots,DEF,0
2022,891029012888195072,8,waiver,failed,1666800380492,2022-10-26,2,Erjohnson14,drop,IND,Indianapolis Colts,DEF,
2022,891026830180659200,8,waiver,failed,1666799860094,2022-10-26,7,KingTowsk,add,4993,Mike Gesicki,TE,0
2022,891026830180659200,8,waiver,failed,1666799860094,2022-10-26,7,KingTowsk,drop,NYJ,New York Jets,DEF,
2022,890980422547361792,8,waiver,failed,1666788795652,2022-10-26,2,Erjohnson14,add,DEN,Denver Broncos,DEF,0
2022,890980422547361792,8,waiver,failed,1666788795652,2022-10-26,2,Erjohnson14,drop,GB,Green Bay Packers,DEF,
2022,890963811417403392,8,waiver,failed,1666784835250,2022-10-26,7,KingTowsk,add,5248,Gus Edwards,RB,10
2022,890963811417403392,8,waiver,failed,1666784835250,2022-10-26,7,KingTowsk,drop,NYJ,New York Jets,DEF,
2022,895889991425761280,9,waiver,complete,1667959328088,2022-11-08,2,Erjohnson14,add,5917,Mecole Hardman,WR,0
2022,895889991425761280,9,waiver,complete,1667959328088,2022-11-08,2,Erjohnson14,drop,4066,Evan Engram,TE,
2022,895889925105438720,9,waiver,failed,1667959312276,2022-11-08,2,Erjohnson14,add,5284,Jeff Wilson,RB,11
2022,895889925105438720,9,waiver,failed,1667959312276,2022-11-08,2,Erjohnson14,drop,4066,Evan Engram,TE,
2022,895799934635376640,9,waiver,complete,1667937856876,2022-11-08,4,jdrobny,add,7565,Terrace Marshall,WR,3
2022,895799692934524928,9,waiver,failed,1667937799250,2022-11-08,4,jdrobny,add,5284,Jeff Wilson,RB,17
2022,895797762854281216,9,waiver,complete,1667937339083,2022-11-08,7,KingTowsk,add,5284,Jeff Wilson,RB,21
2022,895797762854281216,9,waiver,complete,1667937339083,2022-11-08,7,KingTowsk,drop,4381,Taysom Hill,TE,
2022,895797243750510592,9,waiver,complete,1667937215319,2022-11-08,7,KingTowsk,add,503,Graham Gano,K,1
2022,895797243750510592,9,waiver,complete,1667937215319,2022-11-08,7,KingTowsk,drop,6083,Matt Gay,K,
2022,895707196707708928,9,waiver,complete,1667915746431,2022-11-08,4,jdrobny,add,650,Nick Folk,K,4
2022,895707196707708928,9,waiver,complete,1667915746431,2022-11-08,4,jdrobny,drop,7839,Evan McPherson,K,
2022,895706920890134528,9,waiver,complete,1667915680671,2022-11-08,2,Erjohnson14,add,TEN,Tennessee Titans,DEF,1
2022,895706920890134528,9,waiver,complete,1667915680671,2022-11-08,2,Erjohnson14,drop,TB,Tampa Bay Buccaneers,DEF,
2022,895706687686725632,9,free_agent,complete,1667915625071,2022-11-08,2,Erjohnson14,drop,6847,Devin Duvernay,WR,
2022,895703451601059840,9,waiver,complete,1667914853528,2022-11-08,3,MaxSirianni,add,ARI,Arizona Cardinals,DEF,0
2022,895703451601059840,9,waiver,complete,1667914853528,2022-11-08,3,MaxSirianni,drop,JAX,Jacksonville Jaguars,DEF,
2022,895703126240518144,9,waiver,failed,1667914775956,2022-11-08,3,MaxSirianni,add,503,Graham Gano,K,0
2022,895703126240518144,9,waiver,failed,1667914775956,2022-11-08,3,MaxSirianni,drop,8154,Brian Robinson,RB,
2022,895692503968301056,9,waiver,complete,1667912243409,2022-11-08,6,JSanDusky69,add,NYG,New York Giants,DEF,5
2022,895692503968301056,9,waiver,complete,1667912243409,2022-11-08,6,JSanDusky69,drop,MIA,Miami Dolphins,DEF,
2022,895142473964445696,9,free_agent,complete,1667781106037,2022-11-06,7,KingTowsk,add,8205,Isiah Pacheco,RB,
2022,895031743319621632,9,free_agent,complete,1667754705794,2022-11-06,9,brockhusk,add,5985,Foster Moreau,TE,
2022,895031743319621632,9,free_agent,complete,1667754705794,2022-11-06,9,brockhusk,drop,5906,Dawson Knox,TE,
2022,895031223657938944,9,free_agent,complete,1667754581897,2022-11-06,9,brockhusk,add,7538,Zach Wilson,QB,
2022,895031223657938944,9,free_agent,complete,1667754581897,2022-11-06,9,brockhusk,drop,1049,Ryan Tannehill,QB,
2022,895025577034297344,9,waiver,complete,1667753235637,2022-11-06,3,MaxSirianni,add,8154,Brian Robinson,RB,0
2022,895025577034297344,9,waiver,complete,1667753235637,2022-11-06,3,MaxSirianni,drop,8132,Tyler Allgeier,RB,
2022,895010899407319040,9,waiver,complete,1667749736218,2022-11-06,1,bgreenblatt,add,5870,Daniel Jones,QB,0
2022,895010899407319040,9,waiver,complete,1667749736218,2022-11-06,1,bgreenblatt,drop,8136,Rachaad White,RB,
2022,894279929037103104,9,waiver,complete,1667575459301,2022-11-04,2,Erjohnson14,add,7090,Darnell Mooney,WR,0
2022,894279929037103104,9,waiver,complete,1667575459301,2022-11-04,2,Erjohnson14,drop,8195,Ronnie Rivers,RB,
2022,893991946337796096,9,waiver,complete,1667506798875,2022-11-03,7,KingTowsk,add,6083,Matt Gay,K,0
2022,893991946337796096,9,waiver,complete,1667506798875,2022-11-03,7,KingTowsk,drop,5133,Tyler Conklin,TE,
2022,893983822260092928,9,free_agent,complete,1667504861944,2022-11-03,4,jdrobny,drop,3199,Michael Thomas,WR,
2022,893927179908587520,9,waiver,complete,1667491357355,2022-11-03,7,KingTowsk,add,4381,Taysom Hill,TE,0
2022,893927179908587520,9,waiver,complete,1667491357355,2022-11-03,7,KingTowsk,drop,8205,Isiah Pacheco,RB,
2022,893622205546762240,9,waiver,complete,1667418645801,2022-11-02,1,bgreenblatt,add,7551,Deon Jackson,RB,2
2022,893622205546762240,9,waiver,complete,1667418645801,2022-11-02,1,bgreenblatt,drop,6126,Irv Smith,TE,
2022,893601249537228800,9,trade,complete,1667413649499,2022-11-02,6,JSanDusky69,add,2505,Darren Waller,TE,
2022,893601249537228800,9,trade,complete,1667413649499,2022-11-02,2,Erjohnson14,add,4066,Evan Engram,TE,
2022,893601249537228800,9,trade,complete,1667413649499,2022-11-02,2,Erjohnson14,drop,2505,Darren Waller,TE,
2022,893601249537228800,9,trade,complete,1667413649499,2022-11-02,6,JSanDusky69,drop,4066,Evan Engram,TE,
2022,893588348319686656,9,free_agent,complete,1667410573609,2022-11-02,4,jdrobny,drop,4171,Josh Reynolds,WR,
2022,893584711589699584,9,waiver,complete,1667409706545,2022-11-02,7,KingTowsk,add,5133,Tyler Conklin,TE,0
2022,893584711589699584,9,waiver,complete,1667409706545,2022-11-02,7,KingTowsk,drop,7090,Darnell Mooney,WR,
2022,893581194884009984,9,waiver,failed,1667408868098,2022-11-02,7,KingTowsk,add,59,Mason Crosby,K,0
2022,893581194884009984,9,waiver,failed,1667408868098,2022-11-02,7,KingTowsk,drop,7090,Darnell Mooney,WR,
2022,893570643222847488,9,free_agent,complete,1667406352385,2022-11-02,6,JSanDusky69,drop,6938,Cam Akers,RB,
2022,893567292766633984,9,waiver,complete,1667405553574,2022-11-02,10,cc5597,add,4973,Hayden Hurst,TE,0
2022,893567292766633984,9,waiver,complete,1667405553574,2022-11-02,10,cc5597,drop,5001,Dalton Schultz,TE,
2022,893567130665156608,9,trade,complete,1667405514926,2022-11-02,4,jdrobny,add,8131,Isaiah Likely,TE,
2022,893567130665156608,9,trade,complete,1667405514926,2022-11-02,7,KingTowsk,drop,8131,Isaiah Likely,TE,
2022,893550494977740800,9,waiver,failed,1667401548669,2022-11-02,10,cc5597,add,1049,Ryan Tannehill,QB,0
2022,893550494977740800,9,waiver,failed,1667401548669,2022-11-02,10,cc5597,drop,5000,Chase Edmonds,RB,
2022,893550464334168064,9,waiver,complete,1667401541363,2022-11-02,10,cc5597,add,7527,Mac Jones,QB,1
2022,893550464334168064,9,waiver,complete,1667401541363,2022-11-02,10,cc5597,drop,5000,Chase Edmonds,RB,
2022,893550214093443072,9,waiver,failed,1667401481701,2022-11-02,10,cc5597,add,4066,Evan Engram,TE,1
2022,893550214093443072,9,waiver,failed,1667401481701,2022-11-02,10,cc5597,drop,6951,Eno Benjamin,RB,
2022,893543080807010304,9,waiver,complete,1667399780993,2022-11-02,2,Erjohnson14,add,TB,Tampa Bay Buccaneers,DEF,0
2022,893543080807010304,9,waiver,complete,1667399780993,2022-11-02,2,Erjohnson14,drop,IND,Indianapolis Colts,DEF,
2022,893542513456283648,9,waiver,failed,1667399645726,2022-11-02,2,Erjohnson14,add,8132,Tyler Allgeier,RB,0
2022,893542513456283648,9,waiver,failed,1667399645726,2022-11-02,2,Erjohnson14,drop,8195,Ronnie Rivers,RB,
2022,893541923485421568,9,waiver,failed,1667399505066,2022-11-02,2,Erjohnson14,add,KC,Kansas City Chiefs,DEF,0
2022,893541923485421568,9,waiver,failed,1667399505066,2022-11-02,2,Erjohnson14,drop,IND,Indianapolis Colts,DEF,
2022,893518130964635648,9,waiver,complete,1667393832487,2022-11-02,5,kaufmannc,add,MIN,Minnesota Vikings,DEF,0
2022,893518130964635648,9,waiver,complete,1667393832487,2022-11-02,5,kaufmannc,drop,5917,Mecole Hardman,WR,
2022,893518080171552768,9,waiver,failed,1667393820377,2022-11-02,5,kaufmannc,add,CIN,Cincinnati Bengals,DEF,2
2022,893518080171552768,9,waiver,failed,1667393820377,2022-11-02,5,kaufmannc,drop,5917,Mecole Hardman,WR,
2022,898503225672732672,10,waiver,failed,1668582371684,2022-11-16,10,cc5597,add,2197,Brandin Cooks,WR,1
2022,898503225672732672,10,waiver,failed,1668582371684,2022-11-16,10,cc5597,drop,6951,Eno Benjamin,RB,
2022,898372798924480512,10,waiver,complete,1668551275524,2022-11-15,10,cc5597,add,2078,Odell Beckham,WR,2
2022,898372798924480512,10,waiver,complete,1668551275524,2022-11-15,10,cc5597,drop,7608,Khalil Herbert,RB,
2022,898365561455861760,10,waiver,failed,1668549549977,2022-11-15,5,kaufmannc,add,4958,Brett Maher,K,2
2022,898365561455861760,10,waiver,failed,1668549549977,2022-11-15,5,kaufmannc,drop,4666,Younghoe Koo,K,
2022,898363296170844160,10,waiver,complete,1668549009891,2022-11-15,10,cc5597,add,6806,J.K. Dobbins,RB,0
2022,898363296170844160,10,waiver,complete,1668549009891,2022-11-15,10,cc5597,drop,3257,Jacoby Brissett,QB,
2022,898361915930198016,10,free_agent,complete,1668548680816,2022-11-15,10,cc5597,drop,LV,Las Vegas Raiders,DEF,
2022,898308186405400576,10,waiver,failed,1668535870699,2022-11-15,8,TylerWicks,add,8167,Christian Watson,WR,5
2022,898308186405400576,10,waiver,failed,1668535870699,2022-11-15,8,TylerWicks,drop,391,Ryan Succop,K,
2022,898288716508971008,10,free_agent,complete,1668531228714,2022-11-15,2,Erjohnson14,drop,5917,Mecole Hardman,WR,
2022,898282460184563712,10,waiver,complete,1668529737090,2022-11-15,5,kaufmannc,add,7839,Evan McPherson,K,2
2022,898282460184563712,10,waiver,complete,1668529737090,2022-11-15,5,kaufmannc,drop,4666,Younghoe Koo,K,
2022,898276772804743168,10,waiver,complete,1668528381113,2022-11-15,6,JSanDusky69,add,1992,Allen Robinson,WR,2
2022,898276772804743168,10,waiver,complete,1668528381113,2022-11-15,6,JSanDusky69,drop,2320,Melvin Gordon,RB,
2022,898276525382881280,10,waiver,complete,1668528322123,2022-11-15,6,JSanDusky69,add,7585,Davis Mills,QB,0
2022,898276439835779072,10,waiver,complete,1668528301727,2022-11-15,6,JSanDusky69,add,7553,Kyle Pitts,TE,11
2022,898276439835779072,10,waiver,complete,1668528301727,2022-11-15,6,JSanDusky69,drop,NYG,New York Giants,DEF,
2022,898276252543238144,10,free_agent,complete,1668528257073,2022-11-15,6,JSanDusky69,drop,1339,Zach Ertz,TE,
2022,898254623763263488,10,waiver,failed,1668523100370,2022-11-15,1,bgreenblatt,add,1992,Allen Robinson,WR,0
2022,898254623763263488,10,waiver,failed,1668523100370,2022-11-15,1,bgreenblatt,drop,7670,Joshua Palmer,WR,
2022,898076247639748608,10,waiver,complete,1668480572188,2022-11-14,1,bgreenblatt,add,WAS,Washington Commanders,DEF,3
2022,898076247639748608,10,waiver,complete,1668480572188,2022-11-14,1,bgreenblatt,drop,KC,Kansas City Chiefs,DEF,
2022,897901686021087232,10,waiver,complete,1668438953455,2022-11-14,4,jdrobny,add,2197,Brandin Cooks,WR,21
2022,897901686021087232,10,waiver,complete,1668438953455,2022-11-14,4,jdrobny,drop,LAR,Los Angeles Rams,DEF,
2022,897561345728851968,10,waiver,complete,1668357810006,2022-11-13,9,brockhusk,add,5001,Dalton Schultz,TE,0
2022,897558733427851264,10,waiver,complete,1668357187185,2022-11-13,2,Erjohnson14,add,NO,New Orleans Saints,DEF,0
2022,897558733427851264,10,waiver,complete,1668357187185,2022-11-13,2,Erjohnson14,drop,TEN,Tennessee Titans,DEF,
2022,897539355265703936,10,waiver,failed,1668352567071,2022-11-13,3,MaxSirianni,add,8259,Cameron Dicker,K,0
2022,897525106686054400,10,waiver,complete,1668349169945,2022-11-13,3,MaxSirianni,add,3678,Wil Lutz,K,1
2022,897518619180187648,10,waiver,complete,1668347623203,2022-11-13,8,TylerWicks,add,49,Robbie Gould,K,3
2022,897518619180187648,10,waiver,complete,1668347623203,2022-11-13,8,TylerWicks,drop,8132,Tyler Allgeier,RB,
2022,897204787756716032,10,waiver,failed,1668272799961,2022-11-12,3,MaxSirianni,add,49,Robbie Gould,K,2
2022,896939519465734144,10,waiver,complete,1668209555072,2022-11-11,2,Erjohnson14,add,8150,Kyren Williams,RB,0
2022,896865500112637952,10,waiver,complete,1668191907483,2022-11-11,4,jdrobny,add,4195,Jake Elliott,K,2
2022,896865500112637952,10,waiver,complete,1668191907483,2022-11-11,4,jdrobny,drop,2197,Brandin Cooks,WR,
2022,896853628479193088,10,waiver,complete,1668189077065,2022-11-11,6,JSanDusky69,add,6824,Donovan Peoples-Jones,WR,0
2022,896843914743762944,10,waiver,complete,1668186761130,2022-11-11,4,jdrobny,add,LAR,Los Angeles Rams,DEF,0
2022,896843914743762944,10,waiver,complete,1668186761130,2022-11-11,4,jdrobny,drop,7565,Terrace Marshall,WR,
2022,896842415271489536,10,waiver,failed,1668186403628,2022-11-11,3,MaxSirianni,add,4195,Jake Elliott,K,1
2022,896552833367851008,10,waiver,complete,1668117361922,2022-11-10,4,jdrobny,add,6826,Cole Kmet,TE,6
2022,896550388000583680,10,waiver,failed,1668116778901,2022-11-10,4,jdrobny,add,5985,Foster Moreau,TE,0
2022,896550306857500672,10,free_agent,complete,1668116759555,2022-11-10,4,jdrobny,drop,7553,Kyle Pitts,TE,
2022,896474963815718912,10,waiver,complete,1668098796374,2022-11-10,8,TylerWicks,add,8172,Greg Dulcich,TE,2
2022,896474963815718912,10,waiver,complete,1668098796374,2022-11-10,8,TylerWicks,drop,4993,Mike Gesicki,TE,
2022,896183811816194048,10,waiver,complete,1668029380328,2022-11-09,1,bgreenblatt,add,8136,Rachaad White,RB,0
2022,896183811816194048,10,waiver,complete,1668029380328,2022-11-09,1,bgreenblatt,drop,7551,Deon Jackson,RB,
2022,896132184585519104,10,waiver,complete,1668017071437,2022-11-09,8,TylerWicks,add,8132,Tyler Allgeier,RB,2
2022,896123456494845952,10,waiver,complete,1668014990498,2022-11-09,9,brockhusk,add,6083,Matt Gay,K,2
2022,896123456494845952,10,waiver,complete,1668014990498,2022-11-09,9,brockhusk,drop,17,Matt Prater,K,
2022,896120096794230784,10,free_agent,complete,1668014189483,2022-11-09,9,brockhusk,drop,CIN,Cincinnati Bengals,DEF,
2022,896120035154739200,10,free_agent,complete,1668014174787,2022-11-09,9,brockhusk,drop,5985,Foster Moreau,TE,
2022,896119095362519040,10,waiver,failed,1668013950723,2022-11-09,3,MaxSirianni,add,6083,Matt Gay,K,1
2022,896114319572680704,10,waiver,complete,1668012812086,2022-11-09,4,jdrobny,add,5038,Michael Gallup,WR,7
2022,896111201178763264,10,free_agent,complete,1668012068603,2022-11-09,5,kaufmannc,drop,MIN,Minnesota Vikings,DEF,
2022,896109022317543424,10,waiver,complete,1668011549122,2022-11-09,10,cc5597,add,3257,Jacoby Brissett,QB,0
2022,896109022317543424,10,waiver,complete,1668011549122,2022-11-09,10,cc5597,drop,7527,Mac Jones,QB,
2022,896108437807894528,10,waiver,failed,1668011409764,2022-11-09,10,cc5597,add,NO,New Orleans Saints,DEF,0
2022,896108437807894528,10,waiver,failed,1668011409764,2022-11-09,10,cc5597,drop,4973,Hayden Hurst,TE,
2022,896108294656307200,10,waiver,failed,1668011375634,2022-11-09,10,cc5597,add,NYG,New York Giants,DEF,0
2022,896108294656307200,10,waiver,failed,1668011375634,2022-11-09,10,cc5597,drop,4973,Hayden Hurst,TE,
2022,896108192113840128,10,waiver,complete,1668011351186,2022-11-09,10,cc5597,add,LV,Las Vegas Raiders,DEF,0
2022,896108192113840128,10,waiver,complete,1668011351186,2022-11-09,10,cc5597,drop,4973,Hayden Hurst,TE,
2022,901004626428645376,11,waiver,failed,1669178752098,2022-11-22,2,Erjohnson14,add,5906,Dawson Knox,TE,9
2022,901004626428645376,11,waiver,failed,1669178752098,2022-11-22,2,Erjohnson14,drop,5985,Foster Moreau,TE,
2022,900907670398214144,11,waiver,failed,1669155635979,2022-11-22,7,KingTowsk,add,6528,Joey Slye,K,0
2022,900907645173694464,11,waiver,failed,1669155629965,2022-11-22,7,KingTowsk,add,6650,Chase McLaughlin,K,0
2022,900907536436375552,11,waiver,failed,1669155604040,2022-11-22,7,KingTowsk,add,17,Matt Prater,K,0
2022,900907422036869120,11,waiver,failed,1669155576765,2022-11-22,7,KingTowsk,add,503,Graham Gano,K,0
2022,900907386569859072,11,waiver,failed,1669155568309,2022-11-22,7,KingTowsk,add,391,Ryan Succop,K,0
2022,900907333235097600,11,waiver,failed,1669155555593,2022-11-22,7,KingTowsk,add,1433,Brandon McManus,K,0
2022,900907333235097600,11,waiver,failed,1669155555593,2022-11-22,7,KingTowsk,drop,2020,Cairo Santos,K,
2022,900907101055004672,11,waiver,complete,1669155500237,2022-11-22,7,KingTowsk,add,5119,Jason Sanders,K,1
2022,900907101055004672,11,waiver,complete,1669155500237,2022-11-22,7,KingTowsk,drop,2020,Cairo Santos,K,
2022,900907012920098816,11,waiver,failed,1669155479224,2022-11-22,7,KingTowsk,add,IND,Indianapolis Colts,DEF,0
2022,900906852651659264,11,waiver,failed,1669155441013,2022-11-22,7,KingTowsk,add,CAR,Carolina Panthers,DEF,0
2022,900906771357757440,11,waiver,failed,1669155421631,2022-11-22,7,KingTowsk,add,TB,Tampa Bay Buccaneers,DEF,0
2022,900906658824454144,11,waiver,failed,1669155394801,2022-11-22,7,KingTowsk,add,NYJ,New York Jets,DEF,0
2022,900906639182512128,11,waiver,complete,1669155390118,2022-11-22,7,KingTowsk,add,MIA,Miami Dolphins,DEF,1
2022,900906560048594944,11,waiver,failed,1669155371251,2022-11-22,7,KingTowsk,add,KC,Kansas City Chiefs,DEF,3
2022,900905962217549824,11,free_agent,complete,1669155228717,2022-11-22,7,KingTowsk,drop,8126,Wan'Dale Robinson,WR,
2022,900856727690600448,11,waiver,failed,1669143490291,2022-11-22,2,Erjohnson14,add,NYJ,New York Jets,DEF,0
2022,900856727690600448,11,waiver,failed,1669143490291,2022-11-22,2,Erjohnson14,drop,NO,New Orleans Saints,DEF,
2022,900856702063431680,11,waiver,complete,1669143484181,2022-11-22,2,Erjohnson14,add,KC,Kansas City Chiefs,DEF,5
2022,900856702063431680,11,waiver,complete,1669143484181,2022-11-22,2,Erjohnson14,drop,NO,New Orleans Saints,DEF,
2022,900821224056410112,11,waiver,complete,1669135025565,2022-11-22,9,brockhusk,add,1049,Ryan Tannehill,QB,5
2022,900821224056410112,11,waiver,complete,1669135025565,2022-11-22,9,brockhusk,drop,7538,Zach Wilson,QB,
2022,900821075729121280,11,waiver,complete,1669134990201,2022-11-22,9,brockhusk,add,1476,Latavius Murray,RB,15
2022,900821075729121280,11,waiver,complete,1669134990201,2022-11-22,9,brockhusk,drop,6820,Clyde Edwards-Helaire,RB,
2022,900793521777385472,11,waiver,complete,1669128420827,2022-11-22,6,JSanDusky69,add,5906,Dawson Knox,TE,11
2022,900793464772550656,11,waiver,failed,1669128407236,2022-11-22,3,MaxSirianni,add,1476,Latavius Murray,RB,5
2022,900793023573741568,11,waiver,complete,1669128302046,2022-11-22,6,JSanDusky69,add,4147,Samaje Perine,RB,16
2022,900792941981872128,11,free_agent,complete,1669128282593,2022-11-22,6,JSanDusky69,drop,7585,Davis Mills,QB,
2022,900792331056328704,11,free_agent,complete,1669128136937,2022-11-22,6,JSanDusky69,drop,7553,Kyle Pitts,TE,
2022,900259366040002560,11,waiver,complete,1669001068175,2022-11-20,1,bgreenblatt,add,8135,Treylon Burks,WR,10
2022,900259366040002560,11,waiver,complete,1669001068175,2022-11-20,1,bgreenblatt,drop,7606,Kadarius Toney,WR,
2022,900109827144130560,11,free_agent,complete,1668965415324,2022-11-20,10,cc5597,add,5880,Parris Campbell,WR,
2022,900109827144130560,11,free_agent,complete,1668965415324,2022-11-20,10,cc5597,drop,6951,Eno Benjamin,RB,
2022,900107918182162432,11,free_agent,complete,1668964960192,2022-11-20,2,Erjohnson14,add,5985,Foster Moreau,TE,
2022,900107918182162432,11,free_agent,complete,1668964960192,2022-11-20,2,Erjohnson14,drop,4973,Hayden Hurst,TE,
2022,900056973343842304,11,waiver,complete,1668952813996,2022-11-20,8,TylerWicks,add,5086,Marquez Valdes-Scantling,WR,3
2022,900056973343842304,11,waiver,complete,1668952813996,2022-11-20,8,TylerWicks,drop,391,Ryan Succop,K,
2022,899079932129517568,11,waiver,complete,1668719869218,2022-11-17,10,cc5597,add,5890,Damien Harris,RB,0
2022,898735576210173952,11,waiver,complete,1668637768369,2022-11-16,6,JSanDusky69,add,DEN,Denver Broncos,DEF,0
2022,898735576210173952,11,waiver,complete,1668637768369,2022-11-16,6,JSanDusky69,drop,5347,Nyheim Miller-Hines,RB,
2022,898675676717195264,11,waiver,complete,1668623487217,2022-11-16,2,Erjohnson14,add,8130,Trey McBride,TE,0
2022,898663255831216128,11,waiver,complete,1668620525847,2022-11-16,9,brockhusk,add,4666,Younghoe Koo,K,1
2022,898663255831216128,11,waiver,complete,1668620525847,2022-11-16,9,brockhusk,drop,6083,Matt Gay,K,
2022,898645675812937728,11,waiver,failed,1668616334444,2022-11-16,7,KingTowsk,add,6528,Joey Slye,K,0
2022,898645675812937728,11,waiver,failed,1668616334444,2022-11-16,7,KingTowsk,drop,503,Graham Gano,K,
2022,898645555767693312,11,waiver,failed,1668616305823,2022-11-16,7,KingTowsk,add,4958,Brett Maher,K,0
2022,898645555767693312,11,waiver,failed,1668616305823,2022-11-16,7,KingTowsk,drop,503,Graham Gano,K,
2022,898645361827241984,11,waiver,complete,1668616259584,2022-11-16,7,KingTowsk,add,2020,Cairo Santos,K,0
2022,898645361827241984,11,waiver,complete,1668616259584,2022-11-16,7,KingTowsk,drop,503,Graham Gano,K,
2022,898641089492488192,11,waiver,complete,1668615240980,2022-11-16,2,Erjohnson14,add,4958,Brett Maher,K,1
2022,898641089492488192,11,waiver,complete,1668615240980,2022-11-16,2,Erjohnson14,drop,2747,Jason Myers,K,
2022,898640873439588352,11,waiver,failed,1668615189469,2022-11-16,2,Erjohnson14,add,8130,Trey McBride,TE,1
2022,898640873439588352,11,waiver,failed,1668615189469,2022-11-16,2,Erjohnson14,drop,8150,Kyren Williams,RB,
2022,898640838182268928,11,waiver,failed,1668615181063,2022-11-16,2,Erjohnson14,add,7553,Kyle Pitts,TE,5
2022,898640838182268928,11,waiver,failed,1668615181063,2022-11-16,2,Erjohnson14,drop,8150,Kyren Williams,RB,
2022,898637986705629184,11,waiver,complete,1668614501218,2022-11-16,7,KingTowsk,add,8167,Christian Watson,WR,21
2022,898637986705629184,11,waiver,complete,1668614501218,2022-11-16,7,KingTowsk,drop,6828,AJ Dillon,RB,
2022,898636370833293312,11,waiver,complete,1668614115964,2022-11-16,2,Erjohnson14,add,4973,Hayden Hurst,TE,2
2022,898636370833293312,11,waiver,complete,1668614115964,2022-11-16,2,Erjohnson14,drop,8150,Kyren Williams,RB,
2022,898606658018746368,11,free_agent,complete,1668607031877,2022-11-16,4,jdrobny,drop,4195,Jake Elliott,K,
2022,898601216966307840,11,waiver,complete,1668605734629,2022-11-16,3,MaxSirianni,add,CIN,Cincinnati Bengals,DEF,3
2022,898601125111013376,11,free_agent,complete,1668605712729,2022-11-16,3,MaxSirianni,drop,3678,Wil Lutz,K,
2022,898600963693223936,11,free_agent,complete,1668605674244,2022-11-16,3,MaxSirianni,drop,ARI,Arizona Cardinals,DEF,
2022,903558638080430080,12,waiver,failed,1669787675927,2022-11-29,10,cc5597,add,TB,Tampa Bay Buccaneers,DEF,3
2022,903558638080430080,12,waiver,failed,1669787675927,2022-11-29,10,cc5597,drop,5890,Damien Harris,RB,
2022,903558594312884224,12,waiver,complete,1669787665492,2022-11-29,10,cc5597,add,SEA,Seattle Seahawks,DEF,5
2022,903558594312884224,12,waiver,complete,1669787665492,2022-11-29,10,cc5597,drop,5890,Damien Harris,RB,
2022,903515803721465856,12,waiver,complete,1669777463420,2022-11-29,6,JSanDusky69,add,8150,Kyren Williams,RB,4
2022,903515765976846336,12,waiver,complete,1669777454421,2022-11-29,6,JSanDusky69,add,6828,AJ Dillon,RB,0
2022,903468421268881408,12,waiver,complete,1669766166563,2022-11-29,7,KingTowsk,add,TEN,Tennessee Titans,DEF,0
2022,903468421268881408,12,waiver,complete,1669766166563,2022-11-29,7,KingTowsk,drop,MIA,Miami Dolphins,DEF,
2022,903467607573872640,12,waiver,failed,1669765972563,2022-11-29,7,KingTowsk,add,5089,Mike White,QB,1
2022,903467607573872640,12,waiver,failed,1669765972563,2022-11-29,7,KingTowsk,drop,829,Andy Dalton,QB,
2022,903467044853596160,12,waiver,failed,1669765838400,2022-11-29,7,KingTowsk,add,391,Ryan Succop,K,0
2022,903467044853596160,12,waiver,failed,1669765838400,2022-11-29,7,KingTowsk,drop,5119,Jason Sanders,K,
2022,903466995025088512,12,waiver,failed,1669765826520,2022-11-29,7,KingTowsk,add,7922,Riley Patterson,K,0
2022,903466995025088512,12,waiver,failed,1669765826520,2022-11-29,7,KingTowsk,drop,5119,Jason Sanders,K,
2022,903466668377112576,12,waiver,complete,1669765748641,2022-11-29,7,KingTowsk,add,8258,Cade York,K,0
2022,903466668377112576,12,waiver,complete,1669765748641,2022-11-29,7,KingTowsk,drop,5119,Jason Sanders,K,
2022,903432715465084928,12,waiver,complete,1669757653636,2022-11-29,2,Erjohnson14,add,8408,Jordan Mason,RB,0
2022,903412689118863360,12,waiver,complete,1669752878983,2022-11-29,2,Erjohnson14,add,5906,Dawson Knox,TE,1
2022,903412689118863360,12,waiver,complete,1669752878983,2022-11-29,2,Erjohnson14,drop,4066,Evan Engram,TE,
2022,903331973978796032,12,free_agent,complete,1669733634994,2022-11-29,5,kaufmannc,drop,3242,Kenyan Drake,RB,
2022,903330718670012416,12,waiver,failed,1669733335705,2022-11-29,5,kaufmannc,add,4080,Zay Jones,WR,7
2022,903330059463766016,12,waiver,complete,1669733178539,2022-11-29,5,kaufmannc,add,6996,JaMycal Hasty,RB,5
2022,903330059463766016,12,waiver,complete,1669733178539,2022-11-29,5,kaufmannc,drop,7561,Elijah Mitchell,RB,
2022,903324317008568320,12,waiver,failed,1669731809430,2022-11-29,2,Erjohnson14,add,SEA,Seattle Seahawks,DEF,1
2022,903324317008568320,12,waiver,failed,1669731809430,2022-11-29,2,Erjohnson14,drop,8130,Trey McBride,TE,
2022,903146494411550720,12,trade,complete,1669689413219,2022-11-28,1,bgreenblatt,add,2449,Stefon Diggs,WR,
2022,903146494411550720,12,trade,complete,1669689413219,2022-11-28,5,kaufmannc,add,5870,Daniel Jones,QB,
2022,903146494411550720,12,trade,complete,1669689413219,2022-11-28,5,kaufmannc,add,7564,Ja'Marr Chase,WR,
2022,903146494411550720,12,trade,complete,1669689413219,2022-11-28,5,kaufmannc,drop,2449,Stefon Diggs,WR,
2022,903146494411550720,12,trade,complete,1669689413219,2022-11-28,1,bgreenblatt,drop,5870,Daniel Jones,QB,
2022,903146494411550720,12,trade,complete,1669689413219,2022-11-28,1,bgreenblatt,drop,7564,Ja'Marr Chase,WR,
2022,903083524356329472,12,waiver,complete,1669674399988,2022-11-28,2,Erjohnson14,add,2747,Jason Myers,K,0
2022,903083524356329472,12,waiver,complete,1669674399988,2022-11-28,2,Erjohnson14,drop,4958,Brett Maher,K,
2022,903067376663277568,12,free_agent,complete,1669670550078,2022-11-28,2,Erjohnson14,drop,7090,Darnell Mooney,WR,
2022,903034262868078592,12,free_agent,complete,1669662655134,2022-11-28,6,JSanDusky69,drop,4039,Cooper Kupp,WR,
2022,903034084635500544,12,waiver,failed,1669662612640,2022-11-28,6,JSanDusky69,add,CLE,Cleveland Browns,DEF,0
2022,903034084635500544,12,waiver,failed,1669662612640,2022-11-28,6,JSanDusky69,drop,DEN,Denver Broncos,DEF,
2022,903033971544473600,12,waiver,complete,1669662585677,2022-11-28,6,JSanDusky69,add,MIN,Minnesota Vikings,DEF,0
2022,903033971544473600,12,waiver,complete,1669662585677,2022-11-28,6,JSanDusky69,drop,DEN,Denver Broncos,DEF,
2022,902968106387906560,12,free_agent,complete,1669646882200,2022-11-28,6,JSanDusky69,drop,1992,Allen Robinson,WR,
2022,902841539645071360,12,waiver,failed,1669616706337,2022-11-28,9,brockhusk,add,5089,Mike White,QB,3
2022,902841539645071360,12,waiver,failed,1669616706337,2022-11-28,9,brockhusk,drop,1049,Ryan Tannehill,QB,
2022,902787302098206720,12,waiver,complete,1669603775098,2022-11-27,1,bgreenblatt,add,CLE,Cleveland Browns,DEF,0
2022,902787302098206720,12,waiver,complete,1669603775098,2022-11-27,1,bgreenblatt,drop,WAS,Washington Commanders,DEF,
2022,902680331403145216,12,waiver,complete,1669578271297,2022-11-27,2,Erjohnson14,add,5089,Mike White,QB,21
2022,902680331403145216,12,waiver,complete,1669578271297,2022-11-27,2,Erjohnson14,drop,1234,Russell Wilson,QB,
2022,902632747649642496,12,waiver,failed,1669566926446,2022-11-27,5,kaufmannc,add,4381,Taysom Hill,TE,0
2022,902632747649642496,12,waiver,failed,1669566926446,2022-11-27,5,kaufmannc,drop,6955,James Robinson,RB,
2022,902632378194251776,12,waiver,failed,1669566838361,2022-11-27,5,kaufmannc,add,2251,Logan Thomas,TE,0
2022,902632378194251776,12,waiver,failed,1669566838361,2022-11-27,5,kaufmannc,drop,6955,James Robinson,RB,
2022,902632286682677248,12,waiver,failed,1669566816543,2022-11-27,5,kaufmannc,add,4993,Mike Gesicki,TE,0
2022,902632286682677248,12,waiver,failed,1669566816543,2022-11-27,5,kaufmannc,drop,6955,James Robinson,RB,
2022,902631826009972736,12,waiver,complete,1669566706710,2022-11-27,8,TylerWicks,add,2161,Jerick McKinnon,RB,0
2022,902624541409550336,12,waiver,complete,1669564969926,2022-11-27,5,kaufmannc,add,5985,Foster Moreau,TE,0
2022,902624541409550336,12,waiver,complete,1669564969926,2022-11-27,5,kaufmannc,drop,6955,James Robinson,RB,
2022,902302085201313792,12,waiver,complete,1669488090375,2022-11-26,9,brockhusk,add,8259,Cameron Dicker,K,0
2022,902302085201313792,12,waiver,complete,1669488090375,2022-11-26,9,brockhusk,drop,4666,Younghoe Koo,K,
2022,901595501580521472,12,waiver,complete,1669319627712,2022-11-24,6,JSanDusky69,add,4973,Hayden Hurst,TE,0
2022,901595501580521472,12,waiver,complete,1669319627712,2022-11-24,6,JSanDusky69,drop,5906,Dawson Knox,TE,
2022,901187258961645568,12,waiver,complete,1669222295087,2022-11-23,2,Erjohnson14,add,4066,Evan Engram,TE,0
2022,901187258961645568,12,waiver,complete,1669222295087,2022-11-23,2,Erjohnson14,drop,5985,Foster Moreau,TE,
2022,901183663910383616,12,waiver,failed,1669221437960,2022-11-23,8,TylerWicks,add,1476,Latavius Murray,RB,15
2022,901183663910383616,12,waiver,failed,1669221437960,2022-11-23,8,TylerWicks,drop,5916,Darrell Henderson,RB,
2022,901183580473012224,12,free_agent,complete,1669221418067,2022-11-23,3,MaxSirianni,drop,7601,Rondale Moore,WR,
2022,901183513716469760,12,free_agent,complete,1669221402151,2022-11-23,8,TylerWicks,drop,5086,Marquez Valdes-Scantling,WR,
2022,906080990764707840,13,waiver,complete,1670389051671,2022-12-06,8,TylerWicks,add,8138,James Cook,RB,10
2022,906079805429182464,13,waiver,complete,1670388769064,2022-12-06,8,TylerWicks,add,6149,Darius Slayton,WR,10
2022,905961469181796352,13,waiver,complete,1670360555504,2022-12-06,10,cc5597,add,6828,AJ Dillon,RB,16
2022,905961469181796352,13,waiver,complete,1670360555504,2022-12-06,10,cc5597,drop,5248,Gus Edwards,RB,
2022,905919358549909504,13,waiver,failed,1670350515547,2022-12-06,7,KingTowsk,add,LAR,Los Angeles Rams,DEF,0
2022,905919358549909504,13,waiver,failed,1670350515547,2022-12-06,7,KingTowsk,drop,WAS,Washington Commanders,DEF,
2022,905919115913613312,13,waiver,failed,1670350457698,2022-12-06,7,KingTowsk,add,1266,Greg Zuerlein,K,0
2022,905919115913613312,13,waiver,failed,1670350457698,2022-12-06,7,KingTowsk,drop,8258,Cade York,K,
2022,905919018647810048,13,waiver,complete,1670350434508,2022-12-06,7,KingTowsk,add,4958,Brett Maher,K,1
2022,905919018647810048,13,waiver,complete,1670350434508,2022-12-06,7,KingTowsk,drop,8258,Cade York,K,
2022,905918742226374656,13,waiver,complete,1670350368604,2022-12-06,7,KingTowsk,add,TEN,Tennessee Titans,DEF,1
2022,905918742226374656,13,waiver,complete,1670350368604,2022-12-06,7,KingTowsk,drop,WAS,Washington Commanders,DEF,
2022,905917103381729280,13,waiver,failed,1670349977873,2022-12-06,6,JSanDusky69,add,TEN,Tennessee Titans,DEF,0
2022,905917031780638720,13,waiver,complete,1670349960802,2022-12-06,6,JSanDusky69,add,LV,Las Vegas Raiders,DEF,1
2022,905916709158924288,13,free_agent,complete,1670349883883,2022-12-06,6,JSanDusky69,drop,MIN,Minnesota Vikings,DEF,
2022,905852440677629952,13,waiver,complete,1670334561083,2022-12-06,2,Erjohnson14,add,4066,Evan Engram,TE,3
2022,905852440677629952,13,waiver,complete,1670334561083,2022-12-06,2,Erjohnson14,drop,5906,Dawson Knox,TE,
2022,905836733172686848,13,free_agent,complete,1670330816122,2022-12-06,6,JSanDusky69,drop,8150,Kyren Williams,RB,
2022,905830539217625088,13,waiver,failed,1670329339368,2022-12-06,1,bgreenblatt,add,LV,Las Vegas Raiders,DEF,0
2022,905830539217625088,13,waiver,failed,1670329339368,2022-12-06,1,bgreenblatt,drop,CLE,Cleveland Browns,DEF,
2022,905828309554831360,13,free_agent,complete,1670328807775,2022-12-06,8,TylerWicks,drop,5916,Darrell Henderson,RB,
2022,905205574890373120,13,waiver,complete,1670180336261,2022-12-04,1,bgreenblatt,add,7083,Tyler Huntley,QB,0
2022,905205574890373120,13,waiver,complete,1670180336261,2022-12-04,1,bgreenblatt,drop,8135,Treylon Burks,WR,
2022,905171694892204032,13,waiver,complete,1670172258640,2022-12-04,4,jdrobny,add,4147,Samaje Perine,RB,6
2022,905159301562560512,13,waiver,failed,1670169303840,2022-12-04,2,Erjohnson14,add,4147,Samaje Perine,RB,6
2022,905159301562560512,13,waiver,failed,1670169303840,2022-12-04,2,Erjohnson14,drop,8408,Jordan Mason,RB,
2022,904493362491641856,13,waiver,complete,1670010531593,2022-12-02,6,JSanDusky69,add,2161,Jerick McKinnon,RB,0
2022,904493362491641856,13,waiver,complete,1670010531593,2022-12-02,6,JSanDusky69,drop,6828,AJ Dillon,RB,
2022,904203777161670656,13,waiver,complete,1669941489071,2022-12-01,2,Erjohnson14,add,PIT,Pittsburgh Steelers,DEF,0
2022,904203777161670656,13,waiver,complete,1669941489071,2022-12-01,2,Erjohnson14,drop,8130,Trey McBride,TE,
2022,904132533116223488,13,waiver,complete,1669924503166,2022-12-01,9,brockhusk,add,GB,Green Bay Packers,DEF,3
2022,904132533116223488,13,waiver,complete,1669924503166,2022-12-01,9,brockhusk,drop,4147,Samaje Perine,RB,
2022,904113410479083520,13,waiver,failed,1669919943974,2022-12-01,2,Erjohnson14,add,WAS,Washington Commanders,DEF,0
2022,904113410479083520,13,waiver,failed,1669919943974,2022-12-01,2,Erjohnson14,drop,8130,Trey McBride,TE,
2022,904100547492241408,13,waiver,complete,1669916877199,2022-12-01,7,KingTowsk,add,WAS,Washington Commanders,DEF,0
2022,904100547492241408,13,waiver,complete,1669916877199,2022-12-01,7,KingTowsk,drop,TEN,Tennessee Titans,DEF,
2022,904092683751186432,13,waiver,failed,1669915002337,2022-12-01,1,bgreenblatt,add,PIT,Pittsburgh Steelers,DEF,0
2022,904092683751186432,13,waiver,failed,1669915002337,2022-12-01,1,bgreenblatt,drop,7670,Joshua Palmer,WR,
2022,903773140860403712,13,waiver,complete,1669838817375,2022-11-30,5,kaufmannc,add,4080,Zay Jones,WR,2
2022,903773039978762240,13,free_agent,complete,1669838793323,2022-11-30,5,kaufmannc,drop,421,Matthew Stafford,QB,
2022,903768307310735360,13,waiver,complete,1669837664967,2022-11-30,3,MaxSirianni,add,TB,Tampa Bay Buccaneers,DEF,2
2022,903745596094140416,13,waiver,failed,1669832250191,2022-11-30,9,brockhusk,add,TB,Tampa Bay Buccaneers,DEF,1
2022,903745596094140416,13,waiver,failed,1669832250191,2022-11-30,9,brockhusk,drop,4147,Samaje Perine,RB,
2022,903736597235945472,13,waiver,failed,1669830104696,2022-11-30,2,Erjohnson14,add,TB,Tampa Bay Buccaneers,DEF,0
2022,903736597235945472,13,waiver,failed,1669830104696,2022-11-30,2,Erjohnson14,drop,8130,Trey McBride,TE,
2022,903733306263269376,13,trade,complete,1669829320067,2022-11-30,6,JSanDusky69,add,1049,Ryan Tannehill,QB,
2022,903733306263269376,13,trade,complete,1669829320067,2022-11-30,6,JSanDusky69,add,4111,D'Onta Foreman,RB,
2022,903733306263269376,13,trade,complete,1669829320067,2022-11-30,9,brockhusk,add,4147,Samaje Perine,RB,
2022,903733306263269376,13,trade,complete,1669829320067,2022-11-30,9,brockhusk,add,6151,Miles Sanders,RB,
2022,903733306263269376,13,trade,complete,1669829320067,2022-11-30,9,brockhusk,drop,1049,Ryan Tannehill,QB,
2022,903733306263269376,13,trade,complete,1669829320067,2022-11-30,9,brockhusk,drop,4111,D'Onta Foreman,RB,
2022,903733306263269376,13,trade,complete,1669829320067,2022-11-30,6,JSanDusky69,drop,4147,Samaje Perine,RB,
2022,903733306263269376,13,trade,complete,1669829320067,2022-11-30,6,JSanDusky69,drop,6151,Miles Sanders,RB,
2022,903726186893799424,13,waiver,failed,1669827622677,2022-11-30,6,JSanDusky69,add,2161,Jerick McKinnon,RB,0
2022,903715801398439936,13,waiver,failed,1669825146582,2022-11-30,1,bgreenblatt,add,SEA,Seattle Seahawks,DEF,0
2022,903715801398439936,13,waiver,failed,1669825146582,2022-11-30,1,bgreenblatt,drop,WAS,Washington Commanders,DEF,
2022,903715631826919424,13,waiver,complete,1669825106153,2022-11-30,1,bgreenblatt,add,4039,Cooper Kupp,WR,5
2022,903706821494276096,13,waiver,failed,1669823005606,2022-11-30,8,TylerWicks,add,8150,Kyren Williams,RB,3
2022,903706821494276096,13,waiver,failed,1669823005606,2022-11-30,8,TylerWicks,drop,5916,Darrell Henderson,RB,
2022,903706461945872384,13,free_agent,complete,1669822919883,2022-11-30,8,TylerWicks,drop,2161,Jerick McKinnon,RB,
2022,903681920049799168,13,waiver,failed,1669817068639,2022-11-30,7,KingTowsk,add,8150,Kyren Williams,RB,0
2022,903681920049799168,13,waiver,failed,1669817068639,2022-11-30,7,KingTowsk,drop,4082,Curtis Samuel,WR,
2022,903681768912220160,13,waiver,complete,1669817032605,2022-11-30,7,KingTowsk,add,8122,Zonovan Knight,RB,21
2022,903681768912220160,13,waiver,complete,1669817032605,2022-11-30,7,KingTowsk,drop,4082,Curtis Samuel,WR,
2022,908579732650602496,14,free_agent,complete,1670984798160,2022-12-13,1,bgreenblatt,drop,4039,Cooper Kupp,WR,
2022,908502210093326336,14,waiver,complete,1670966315342,2022-12-13,5,kaufmannc,add,8172,Greg Dulcich,TE,7
2022,908502210093326336,14,waiver,complete,1670966315342,2022-12-13,5,kaufmannc,drop,5985,Foster Moreau,TE,
2022,908472975903412224,14,waiver,complete,1670959345368,2022-12-13,2,Erjohnson14,add,7594,Chuba Hubbard,RB,3
2022,908472975903412224,14,waiver,complete,1670959345368,2022-12-13,2,Erjohnson14,drop,6012,Travis Homer,RB,
2022,908465500365922304,14,free_agent,complete,1670957563061,2022-12-13,6,JSanDusky69,drop,5849,Kyler Murray,QB,
2022,908448562508111872,14,waiver,complete,1670953524761,2022-12-13,2,Erjohnson14,add,7596,Elijah Moore,WR,3
2022,908447945563709440,14,free_agent,complete,1670953377670,2022-12-13,2,Erjohnson14,drop,PIT,Pittsburgh Steelers,DEF,
2022,908415606284591104,14,waiver,complete,1670945667385,2022-12-13,6,JSanDusky69,add,GB,Green Bay Packers,DEF,3
2022,908415606284591104,14,waiver,complete,1670945667385,2022-12-13,6,JSanDusky69,drop,MIN,Minnesota Vikings,DEF,
2022,908398520564981760,14,waiver,complete,1670941593832,2022-12-13,3,MaxSirianni,add,4943,Sam Darnold,QB,5
2022,908398520564981760,14,waiver,complete,1670941593832,2022-12-13,3,MaxSirianni,drop,2307,Marcus Mariota,QB,
2022,908397285963079680,14,free_agent,complete,1670941299480,2022-12-13,8,TylerWicks,drop,8138,James Cook,RB,
2022,908390137002725376,14,waiver,failed,1670939595035,2022-12-13,1,bgreenblatt,add,GB,Green Bay Packers,DEF,0
2022,908390137002725376,14,waiver,failed,1670939595035,2022-12-13,1,bgreenblatt,drop,ARI,Arizona Cardinals,DEF,
2022,907912781142040576,14,free_agent,complete,1670825784529,2022-12-12,9,brockhusk,add,NO,New Orleans Saints,DEF,
2022,907912781142040576,14,free_agent,complete,1670825784529,2022-12-12,9,brockhusk,drop,GB,Green Bay Packers,DEF,
2022,907792594523410432,14,waiver,complete,1670797129806,2022-12-11,1,bgreenblatt,add,8183,Brock Purdy,QB,0
2022,907792594523410432,14,waiver,complete,1670797129806,2022-12-11,1,bgreenblatt,drop,7083,Tyler Huntley,QB,
2022,907715415143325696,14,free_agent,complete,1670778728808,2022-12-11,4,jdrobny,add,7527,Mac Jones,QB,
2022,907715415143325696,14,free_agent,complete,1670778728808,2022-12-11,4,jdrobny,drop,2197,Brandin Cooks,WR,
2022,907677612875554816,14,waiver,complete,1670769716045,2022-12-11,8,TylerWicks,add,4951,DJ Chark,WR,2
2022,907677612875554816,14,waiver,complete,1670769716045,2022-12-11,8,TylerWicks,drop,8172,Greg Dulcich,TE,
2022,907393346140512256,14,free_agent,complete,1670701941574,2022-12-10,10,cc5597,drop,2078,Odell Beckham,WR,
2022,907363228961652736,14,waiver,complete,1670694761079,2022-12-10,6,JSanDusky69,add,MIN,Minnesota Vikings,DEF,0
2022,907363228961652736,14,waiver,complete,1670694761079,2022-12-10,6,JSanDusky69,drop,4973,Hayden Hurst,TE,
2022,906934051020238848,14,waiver,failed,1670592437084,2022-12-09,6,JSanDusky69,add,2214,Cameron Brate,TE,0
2022,906933936607899648,14,waiver,failed,1670592409806,2022-12-09,6,JSanDusky69,add,8210,Chig Okonkwo,TE,0
2022,906398809385562112,14,waiver,complete,1670464825534,2022-12-07,2,Erjohnson14,add,6012,Travis Homer,RB,0
2022,906398809385562112,14,waiver,complete,1670464825534,2022-12-07,2,Erjohnson14,drop,8408,Jordan Mason,RB,
2022,906279137612894208,14,waiver,complete,1670436293561,2022-12-07,6,JSanDusky69,add,5906,Dawson Knox,TE,0
2022,906265466144751616,14,waiver,complete,1670433034028,2022-12-07,1,bgreenblatt,add,ARI,Arizona Cardinals,DEF,0
2022,906265466144751616,14,waiver,complete,1670433034028,2022-12-07,1,bgreenblatt,drop,CLE,Cleveland Browns,DEF,
2022,906242972667019264,14,waiver,failed,1670427671165,2022-12-07,6,JSanDusky69,add,4066,Evan Engram,TE,1
2022,906242972667019264,14,waiver,failed,1670427671165,2022-12-07,6,JSanDusky69,drop,4973,Hayden Hurst,TE,
2022,906235623873171456,14,waiver,failed,1670425919076,2022-12-07,10,cc5597,add,1234,Russell Wilson,QB,5
2022,906235623873171456,14,waiver,failed,1670425919076,2022-12-07,10,cc5597,drop,5880,Parris Campbell,WR,
2022,906235543795597312,14,waiver,complete,1670425899984,2022-12-07,10,cc5597,add,1234,Russell Wilson,QB,5
2022,906235543795597312,14,waiver,complete,1670425899984,2022-12-07,10,cc5597,drop,5880,Parris Campbell,WR,
2022,906224053398974464,14,waiver,failed,1670423160460,2022-12-07,2,Erjohnson14,add,6149,Darius Slayton,WR,3
2022,906224053398974464,14,waiver,failed,1670423160460,2022-12-07,2,Erjohnson14,drop,8408,Jordan Mason,RB,
2022,906207238438645760,14,waiver,failed,1670419151461,2022-12-07,5,kaufmannc,add,8138,James Cook,RB,5
2022,906207238438645760,14,waiver,failed,1670419151461,2022-12-07,5,kaufmannc,drop,6996,JaMycal Hasty,RB,
2022,911035748349194240,15,waiver,complete,1671570357933,2022-12-20,5,kaufmannc,add,6845,Zack Moss,RB,15
2022,911035748349194240,15,waiver,complete,1671570357933,2022-12-20,5,kaufmannc,drop,6996,JaMycal Hasty,RB,
2022,910979326412402688,15,waiver,complete,1671556905895,2022-12-20,7,KingTowsk,add,6011,Gardner Minshew,QB,9
2022,910979326412402688,15,waiver,complete,1671556905895,2022-12-20,7,KingTowsk,drop,829,Andy Dalton,QB,
2022,910964902947274752,15,free_agent,complete,1671553467074,2022-12-20,1,bgreenblatt,drop,6813,Jonathan Taylor,RB,
2022,910893606989328384,15,waiver,complete,1671536468792,2022-12-20,1,bgreenblatt,add,8119,Jahan Dotson,WR,0
2022,910893554761932800,15,waiver,failed,1671536456341,2022-12-20,1,bgreenblatt,add,5045,Courtland Sutton,WR,0
2022,910602936693174272,15,waiver,complete,1671467167593,2022-12-19,4,jdrobny,add,6938,Cam Akers,RB,1
2022,910602936693174272,15,waiver,complete,1671467167593,2022-12-19,4,jdrobny,drop,5045,Courtland Sutton,WR,
2022,910602724495056896,15,waiver,complete,1671467117001,2022-12-19,4,jdrobny,add,8138,James Cook,RB,1
2022,910602724495056896,15,waiver,complete,1671467117001,2022-12-19,4,jdrobny,drop,8135,Treylon Burks,WR,
2022,910341082599309312,15,free_agent,complete,1671404736712,2022-12-18,6,JSanDusky69,drop,533,Colt McCoy,QB,
2022,910299590082084864,15,free_agent,complete,1671394844125,2022-12-18,1,bgreenblatt,drop,5890,Damien Harris,RB,
2022,909828557965438976,15,waiver,failed,1671282541317,2022-12-17,1,bgreenblatt,add,3269,Chris Moore,WR,0
2022,909828557965438976,15,waiver,failed,1671282541317,2022-12-17,1,bgreenblatt,drop,5890,Damien Harris,RB,
2022,909665311178248192,15,waiver,complete,1671243620250,2022-12-16,2,Erjohnson14,add,3269,Chris Moore,WR,0
2022,909665311178248192,15,waiver,complete,1671243620250,2022-12-16,2,Erjohnson14,drop,7596,Elijah Moore,WR,
2022,909576192989376512,15,waiver,complete,1671222372818,2022-12-16,1,bgreenblatt,add,DEN,Denver Broncos,DEF,0
2022,909576192989376512,15,waiver,complete,1671222372818,2022-12-16,1,bgreenblatt,drop,PIT,Pittsburgh Steelers,DEF,
2022,909312499672227840,15,waiver,complete,1671159503432,2022-12-15,1,bgreenblatt,add,5890,Damien Harris,RB,0
2022,909132417011458048,15,waiver,complete,1671116568380,2022-12-15,4,jdrobny,add,8135,Treylon Burks,WR,1
2022,909132417011458048,15,waiver,complete,1671116568380,2022-12-15,4,jdrobny,drop,8131,Isaiah Likely,TE,
2022,908871492593676288,15,waiver,complete,1671054359151,2022-12-14,6,JSanDusky69,add,533,Colt McCoy,QB,0
2022,908805690385240064,15,waiver,complete,1671038670682,2022-12-14,1,bgreenblatt,add,PIT,Pittsburgh Steelers,DEF,0
2022,908805690385240064,15,waiver,complete,1671038670682,2022-12-14,1,bgreenblatt,drop,ARI,Arizona Cardinals,DEF,
2022,908787610678534144,15,waiver,complete,1671034360144,2022-12-14,10,cc5597,add,LAC,Los Angeles Chargers,DEF,0
2022,908787610678534144,15,waiver,complete,1671034360144,2022-12-14,10,cc5597,drop,SEA,Seattle Seahawks,DEF,
2022,908787485176393728,15,waiver,failed,1671034330222,2022-12-14,10,cc5597,add,8172,Greg Dulcich,TE,6
2022,908787485176393728,15,waiver,failed,1671034330222,2022-12-14,10,cc5597,drop,NE,New England Patriots,DEF,
2022,908783111377293312,15,waiver,failed,1671033287427,2022-12-14,2,Erjohnson14,add,5890,Damien Harris,RB,3
2022,908783111377293312,15,waiver,failed,1671033287427,2022-12-14,2,Erjohnson14,drop,6012,Travis Homer,RB,
2022,913548872562294784,16,waiver,complete,1672169533437,2022-12-27,10,cc5597,add,49,Robbie Gould,K,12
2022,913548872562294784,16,waiver,complete,1672169533437,2022-12-27,10,cc5597,drop,7042,Tyler Bass,K,
2022,913542382342242304,16,waiver,complete,1672167986048,2022-12-27,7,KingTowsk,add,536,Antonio Brown,WR,0
2022,913542382342242304,16,waiver,complete,1672167986048,2022-12-27,7,KingTowsk,drop,TEN,Tennessee Titans,DEF,
2022,913542282773651456,16,waiver,failed,1672167962309,2022-12-27,7,KingTowsk,add,8223,Velus Jones,WR,0
2022,913542282773651456,16,waiver,failed,1672167962309,2022-12-27,7,KingTowsk,drop,TEN,Tennessee Titans,DEF,
2022,913538446285725696,16,waiver,complete,1672167047619,2022-12-27,7,KingTowsk,add,7922,Riley Patterson,K,0
2022,913538446285725696,16,waiver,complete,1672167047619,2022-12-27,7,KingTowsk,drop,4958,Brett Maher,K,
2022,912493147983544320,16,waiver,complete,1671917829083,2022-12-24,1,bgreenblatt,add,JAX,Jacksonville Jaguars,DEF,0
2022,912493147983544320,16,waiver,complete,1671917829083,2022-12-24,1,bgreenblatt,drop,4381,Taysom Hill,TE,
2022,912390900310188032,16,waiver,complete,1671893451338,2022-12-24,1,bgreenblatt,add,503,Graham Gano,K,0
2022,912390900310188032,16,waiver,complete,1671893451338,2022-12-24,1,bgreenblatt,drop,5095,Daniel Carlson,K,
2022,912059266989715456,16,waiver,complete,1671814383793,2022-12-23,1,bgreenblatt,add,4381,Taysom Hill,TE,0
2022,911926204834582528,16,waiver,complete,1671782659303,2022-12-23,6,JSanDusky69,add,DET,Detroit Lions,DEF,0
2022,911926037695676416,16,waiver,complete,1671782619454,2022-12-23,6,JSanDusky69,add,7066,K.J. Osborn,WR,0
2022,911925633020706816,16,free_agent,complete,1671782522972,2022-12-23,6,JSanDusky69,drop,GB,Green Bay Packers,DEF,
2022,911925610069475328,16,free_agent,complete,1671782517500,2022-12-23,6,JSanDusky69,drop,1049,Ryan Tannehill,QB,
2022,911696655773249536,16,waiver,complete,1671727930542,2022-12-22,8,TylerWicks,add,5230,Michael Badgley,K,0
2022,911696655773249536,16,waiver,complete,1671727930542,2022-12-22,8,TylerWicks,drop,49,Robbie Gould,K,
2022,911521220135038976,16,waiver,complete,1671686103426,2022-12-21,6,JSanDusky69,add,515,Rob Gronkowski,TE,7
2022,911521220135038976,16,waiver,complete,1671686103426,2022-12-21,6,JSanDusky69,drop,4111,D'Onta Foreman,RB,
2022,911361015663656960,16,free_agent,complete,1671647907704,2022-12-21,5,kaufmannc,drop,8172,Greg Dulcich,TE,
2022,914239653845274624,17,waiver,complete,1672334228529,2022-12-29,4,jdrobny,add,2197,Brandin Cooks,WR,0
2022,914239653845274624,17,waiver,complete,1672334228529,2022-12-29,4,jdrobny,drop,4147,Samaje Perine,RB,
2022,914220021289791488,17,waiver,failed,1672329547763,2022-12-29,7,KingTowsk,add,NYG,New York Giants,DEF,0
2022,914220021289791488,17,waiver,failed,1672329547763,2022-12-29,7,KingTowsk,drop,536,Antonio Brown,WR,
2022,914012119849406464,17,waiver,complete,1672279980197,2022-12-28,10,cc5597,add,8123,Hassan Haskins,RB,0
2022,913949838503469056,17,waiver,complete,1672265131167,2022-12-28,4,jdrobny,add,7045,Joshua Kelley,RB,27
2022,913949838503469056,17,waiver,complete,1672265131167,2022-12-28,4,jdrobny,drop,6826,Cole Kmet,TE,
2022,913946120676700160,17,waiver,complete,1672264244768,2022-12-28,1,bgreenblatt,add,NYG,New York Giants,DEF,0
2022,913946120676700160,17,waiver,complete,1672264244768,2022-12-28,1,bgreenblatt,drop,7670,Joshua Palmer,WR,
2022,913945671999242240,17,free_agent,complete,1672264137795,2022-12-28,1,bgreenblatt,drop,DEN,Denver Broncos,DEF,
2022,913866938336702464,17,waiver,complete,1672245366227,2022-12-28,10,cc5597,add,8155,Breece Hall,RB,0
2022,913866938336702464,17,waiver,complete,1672245366227,2022-12-28,10,cc5597,drop,NE,New England Patriots,DEF,
2022,913866726104879104,17,waiver,complete,1672245315627,2022-12-28,10,cc5597,add,2152,Teddy Bridgewater,QB,5
2022,913866726104879104,17,waiver,complete,1672245315627,2022-12-28,10,cc5597,drop,1234,Russell Wilson,QB,
2023,1007528387286945792,1,waiver,complete,1694575995802,2023-09-12,9,brockhusk,add,5995,Justice Hill,RB,15
2023,1007528387286945792,1,waiver,complete,1694575995802,2023-09-12,9,brockhusk,drop,5890,Damien Harris,RB,
2023,1007528256680550400,1,waiver,failed,1694575964663,2023-09-12,9,brockhusk,add,9493,Puka Nacua,WR,25
2023,1007528256680550400,1,waiver,failed,1694575964663,2023-09-12,9,brockhusk,drop,5890,Damien Harris,RB,
2023,1007497474248855552,1,trade,complete,1694568625559,2023-09-12,7,KingTowsk,add,8183,Brock Purdy,QB,
2023,1007497474248855552,1,trade,complete,1694568625559,2023-09-12,10,cc5597,add,9488,Jaxon Smith-Njigba,WR,
2023,1007497474248855552,1,trade,complete,1694568625559,2023-09-12,10,cc5597,add,9758,C.J. Stroud,QB,
2023,1007497474248855552,1,trade,complete,1694568625559,2023-09-12,10,cc5597,drop,8183,Brock Purdy,QB,
2023,1007497474248855552,1,trade,complete,1694568625559,2023-09-12,7,KingTowsk,drop,9488,Jaxon Smith-Njigba,WR,
2023,1007497474248855552,1,trade,complete,1694568625559,2023-09-12,7,KingTowsk,drop,9758,C.J. Stroud,QB,
2023,1007478533479776256,1,waiver,failed,1694564109728,2023-09-12,1,bgreenblatt,add,9493,Puka Nacua,WR,25
2023,1007478533479776256,1,waiver,failed,1694564109728,2023-09-12,1,bgreenblatt,drop,9482,Michael Mayer,TE,
2023,1007466813539659776,1,waiver,failed,1694561315477,2023-09-12,1,bgreenblatt,add,5995,Justice Hill,RB,0
2023,1007466813539659776,1,waiver,failed,1694561315477,2023-09-12,1,bgreenblatt,drop,6945,Antonio Gibson,RB,
2023,1007442444771815424,1,waiver,failed,1694555505510,2023-09-12,7,KingTowsk,add,8188,Tyquan Thornton,WR,0
2023,1007442444771815424,1,waiver,failed,1694555505510,2023-09-12,7,KingTowsk,drop,4029,Dalvin Cook,RB,
2023,1007442417521418240,1,waiver,failed,1694555499013,2023-09-12,7,KingTowsk,add,8188,Tyquan Thornton,WR,0
2023,1007442000699867136,1,waiver,complete,1694555399635,2023-09-12,7,KingTowsk,add,9493,Puka Nacua,WR,41
2023,1007440132867252224,1,waiver,failed,1694554954309,2023-09-12,7,KingTowsk,add,4454,Kendrick Bourne,WR,0
2023,1007440132867252224,1,waiver,failed,1694554954309,2023-09-12,7,KingTowsk,drop,4029,Dalvin Cook,RB,
2023,1007439581853151232,1,waiver,failed,1694554822937,2023-09-12,7,KingTowsk,add,5947,Jakobi Meyers,WR,6
2023,1007439581853151232,1,waiver,failed,1694554822937,2023-09-12,7,KingTowsk,drop,4029,Dalvin Cook,RB,
2023,1007376623923998720,1,waiver,complete,1694539812597,2023-09-12,6,JSanDusky69,add,4080,Zay Jones,WR,0
2023,1007376584539570176,1,waiver,failed,1694539803207,2023-09-12,6,JSanDusky69,add,2749,Raheem Mostert,RB,0
2023,1007376485541416960,1,waiver,failed,1694539779604,2023-09-12,6,JSanDusky69,add,7567,Kenny Gainwell,RB,0
2023,1007376263469682688,1,free_agent,complete,1694539726658,2023-09-12,6,JSanDusky69,drop,7551,Deon Jackson,RB,
2023,1007367780007604224,1,waiver,failed,1694537704043,2023-09-12,7,KingTowsk,add,7922,Riley Patterson,K,0
2023,1007367780007604224,1,waiver,failed,1694537704043,2023-09-12,7,KingTowsk,drop,4666,Younghoe Koo,K,
2023,1007367712449929216,1,waiver,complete,1694537687936,2023-09-12,7,KingTowsk,add,6083,Matt Gay,K,0
2023,1007367712449929216,1,waiver,complete,1694537687936,2023-09-12,7,KingTowsk,drop,4666,Younghoe Koo,K,
2023,1007367453060534272,1,waiver,failed,1694537626092,2023-09-12,7,KingTowsk,add,TB,Tampa Bay Buccaneers,DEF,0
2023,1007367453060534272,1,waiver,failed,1694537626092,2023-09-12,7,KingTowsk,drop,ATL,Atlanta Falcons,DEF,
2023,1007367320471236608,1,waiver,failed,1694537594481,2023-09-12,7,KingTowsk,add,NYG,New York Giants,DEF,0
2023,1007367320471236608,1,waiver,failed,1694537594481,2023-09-12,7,KingTowsk,drop,ATL,Atlanta Falcons,DEF,
2023,1007367280734441472,1,waiver,complete,1694537585007,2023-09-12,7,KingTowsk,add,DEN,Denver Broncos,DEF,5
2023,1007367280734441472,1,waiver,complete,1694537585007,2023-09-12,7,KingTowsk,drop,ATL,Atlanta Falcons,DEF,
2023,1007349362852192256,1,free_agent,complete,1694533313051,2023-09-12,7,KingTowsk,drop,96,Aaron Rodgers,QB,
2023,1007330168075595776,1,waiver,complete,1694528736659,2023-09-12,1,bgreenblatt,add,7045,Joshua Kelley,RB,0
2023,1007330168075595776,1,waiver,complete,1694528736659,2023-09-12,1,bgreenblatt,drop,6945,Antonio Gibson,RB,
2023,1007305988968947712,1,waiver,failed,1694522971911,2023-09-12,4,jdrobny,add,9493,Puka Nacua,WR,23
2023,1007305988968947712,1,waiver,failed,1694522971911,2023-09-12,4,jdrobny,drop,2078,Odell Beckham,WR,
2023,1007305051133530112,1,free_agent,complete,1694522748314,2023-09-12,7,KingTowsk,drop,7828,Noah Gray,TE,
2023,1007130816751120384,1,waiver,failed,1694481207600,2023-09-11,8,TylerWicks,add,9493,Puka Nacua,WR,30
2023,1007130816751120384,1,waiver,failed,1694481207600,2023-09-11,8,TylerWicks,drop,5848,Marquise Brown,WR,
2023,1007130609066020864,1,waiver,complete,1694481158084,2023-09-11,8,TylerWicks,add,7567,Kenny Gainwell,RB,25
2023,1007130609066020864,1,waiver,complete,1694481158084,2023-09-11,8,TylerWicks,drop,4985,Rashaad Penny,RB,
2023,1006978774619004928,1,waiver,complete,1694444957931,2023-09-11,1,bgreenblatt,add,NYG,New York Giants,DEF,2
2023,1006978774619004928,1,waiver,complete,1694444957931,2023-09-11,1,bgreenblatt,drop,WAS,Washington Commanders,DEF,
2023,1006976220661190656,1,waiver,complete,1694444349020,2023-09-11,1,bgreenblatt,add,5947,Jakobi Meyers,WR,0
2023,1006976220661190656,1,waiver,complete,1694444349020,2023-09-11,1,bgreenblatt,drop,8131,Isaiah Likely,TE,
2023,1006959566262755328,1,waiver,complete,1694440378302,2023-09-11,5,kaufmannc,add,4973,Hayden Hurst,TE,5
2023,1006959566262755328,1,waiver,complete,1694440378302,2023-09-11,5,kaufmannc,drop,5001,Dalton Schultz,TE,
2023,1006949038261911552,1,waiver,complete,1694437868231,2023-09-11,1,bgreenblatt,add,7569,Nico Collins,WR,10
2023,1006949038261911552,1,waiver,complete,1694437868231,2023-09-11,1,bgreenblatt,drop,9482,Michael Mayer,TE,
2023,1006638981112569856,1,free_agent,complete,1694363944846,2023-09-10,4,jdrobny,drop,5185,Allen Lazard,WR,
2023,1006638147533058048,1,commissioner,complete,1694363746105,2023-09-10,4,jdrobny,add,3271,Tyler Higbee,TE,
2023,1006631335181590528,1,free_agent,complete,1694362121914,2023-09-10,7,KingTowsk,add,ATL,Atlanta Falcons,DEF,
2023,1006631335181590528,1,free_agent,complete,1694362121914,2023-09-10,7,KingTowsk,drop,PIT,Pittsburgh Steelers,DEF,
2023,1006627752063651840,1,waiver,complete,1694361267632,2023-09-10,10,cc5597,add,5119,Jason Sanders,K,0
2023,1006627752063651840,1,waiver,complete,1694361267632,2023-09-10,10,cc5597,drop,3271,Tyler Higbee,TE,
2023,1006626622948700160,1,waiver,complete,1694360998430,2023-09-10,1,bgreenblatt,add,8131,Isaiah Likely,TE,5
2023,1006626622948700160,1,waiver,complete,1694360998430,2023-09-10,1,bgreenblatt,drop,8148,Jameson Williams,WR,
2023,1006560621334216704,1,waiver,failed,1694345262419,2023-09-10,1,bgreenblatt,add,8131,Isaiah Likely,TE,0
2023,1006560621334216704,1,waiver,failed,1694345262419,2023-09-10,1,bgreenblatt,drop,8148,Jameson Williams,WR,
2023,1005657595178762240,1,commissioner,complete,1694129964206,2023-09-07,7,KingTowsk,add,7828,Noah Gray,TE,
2023,1005257853135036416,1,waiver,complete,1694034658276,2023-09-06,10,cc5597,add,3271,Tyler Higbee,TE,1
2023,1005257853135036416,1,waiver,complete,1694034658276,2023-09-06,10,cc5597,drop,7606,Kadarius Toney,WR,
2023,1004859872887861248,1,waiver,complete,1693939772391,2023-09-05,6,JSanDusky69,add,7551,Deon Jackson,RB,0
2023,1004839687665659904,1,waiver,complete,1693934959859,2023-09-05,8,TylerWicks,add,2747,Jason Myers,K,1
2023,1004839687665659904,1,waiver,complete,1693934959859,2023-09-05,8,TylerWicks,drop,3225,Tyler Boyd,WR,
2023,1004468420445806592,1,free_agent,complete,1693846442856,2023-09-04,6,JSanDusky69,add,NO,New Orleans Saints,DEF,
2023,1004468420445806592,1,free_agent,complete,1693846442856,2023-09-04,6,JSanDusky69,drop,MIA,Miami Dolphins,DEF,
2023,1004268427571175424,1,free_agent,complete,1693798760839,2023-09-03,1,bgreenblatt,add,WAS,Washington Commanders,DEF,
2023,987020059165880320,1,free_agent,complete,1689686429352,2023-07-18,7,KingTowsk,drop,7922,Riley Patterson,K,
2023,987020031907098624,1,free_agent,complete,1689686422853,2023-07-18,7,KingTowsk,drop,536,Antonio Brown,WR,
2023,987017661454315520,1,trade,complete,1689685857693,2023-07-18,7,KingTowsk,add,4950,Christian Kirk,WR,
2023,987017661454315520,1,trade,complete,1689685857693,2023-07-18,3,MaxSirianni,drop,4950,Christian Kirk,WR,
2023,986852839748091904,1,trade,complete,1689646561136,2023-07-17,7,KingTowsk,add,6803,Brandon Aiyuk,WR,
2023,986852839748091904,1,trade,complete,1689646561136,2023-07-17,1,bgreenblatt,drop,6803,Brandon Aiyuk,WR,
2023,1010047838822195200,2,waiver,complete,1695176679857,2023-09-19,8,TylerWicks,add,3214,Hunter Henry,TE,10
2023,1010047838822195200,2,waiver,complete,1695176679857,2023-09-19,8,TylerWicks,drop,7600,Pat Freiermuth,TE,
2023,1009953769435541504,2,waiver,complete,1695154251968,2023-09-19,4,jdrobny,add,8143,Jerome Ford,RB,76
2023,1009953769435541504,2,waiver,complete,1695154251968,2023-09-19,4,jdrobny,drop,2078,Odell Beckham,WR,
2023,1009936346967875584,2,waiver,failed,1695150098128,2023-09-19,7,KingTowsk,add,8143,Jerome Ford,RB,51
2023,1009936346967875584,2,waiver,failed,1695150098128,2023-09-19,7,KingTowsk,drop,9225,Tank Bigsby,RB,
2023,1009936203182981120,2,waiver,complete,1695150063847,2023-09-19,7,KingTowsk,add,8159,Desmond Ridder,QB,2
2023,1009936203182981120,2,waiver,complete,1695150063847,2023-09-19,7,KingTowsk,drop,7527,Mac Jones,QB,
2023,1009935679733710848,2,free_agent,complete,1695149939047,2023-09-19,7,KingTowsk,drop,5248,Gus Edwards,RB,
2023,1009935463211278336,2,waiver,complete,1695149887424,2023-09-19,7,KingTowsk,add,CLE,Cleveland Browns,DEF,0
2023,1009935463211278336,2,waiver,complete,1695149887424,2023-09-19,7,KingTowsk,drop,DEN,Denver Broncos,DEF,
2023,1009935231035576320,2,waiver,failed,1695149832069,2023-09-19,7,KingTowsk,add,10937,Jake Moody,K,0
2023,1009935231035576320,2,waiver,failed,1695149832069,2023-09-19,7,KingTowsk,drop,6083,Matt Gay,K,
2023,1009935142254751744,2,waiver,complete,1695149810902,2023-09-19,7,KingTowsk,add,1433,Brandon McManus,K,1
2023,1009935142254751744,2,waiver,complete,1695149810902,2023-09-19,7,KingTowsk,drop,6083,Matt Gay,K,
2023,1009932645838553088,2,waiver,failed,1695149215710,2023-09-19,7,KingTowsk,add,KC,Kansas City Chiefs,DEF,0
2023,1009932645838553088,2,waiver,failed,1695149215710,2023-09-19,7,KingTowsk,drop,DEN,Denver Broncos,DEF,
2023,1009932479492419584,2,waiver,failed,1695149176050,2023-09-19,7,KingTowsk,add,MIA,Miami Dolphins,DEF,0
2023,1009932479492419584,2,waiver,failed,1695149176050,2023-09-19,7,KingTowsk,drop,DEN,Denver Broncos,DEF,
2023,1009932360206352384,2,waiver,failed,1695149147610,2023-09-19,7,KingTowsk,add,JAX,Jacksonville Jaguars,DEF,1
2023,1009932360206352384,2,waiver,failed,1695149147610,2023-09-19,7,KingTowsk,drop,DEN,Denver Broncos,DEF,
2023,1009891341259669504,2,waiver,complete,1695139367931,2023-09-19,8,TylerWicks,add,11533,Brandon Aubrey,K,0
2023,1009891341259669504,2,waiver,complete,1695139367931,2023-09-19,8,TylerWicks,drop,2747,Jason Myers,K,
2023,1009887979571269632,2,waiver,complete,1695138566442,2023-09-19,9,brockhusk,add,4666,Younghoe Koo,K,3
2023,1009887979571269632,2,waiver,complete,1695138566442,2023-09-19,9,brockhusk,drop,503,Graham Gano,K,
2023,1009887752441298944,2,waiver,failed,1695138512290,2023-09-19,9,brockhusk,add,4455,Matt Breida,RB,20
2023,1009887612359774208,2,waiver,failed,1695138478892,2023-09-19,9,brockhusk,add,8143,Jerome Ford,RB,75
2023,1009884639126794240,2,waiver,failed,1695137770018,2023-09-19,3,MaxSirianni,add,8143,Jerome Ford,RB,13
2023,1009884639126794240,2,waiver,failed,1695137770018,2023-09-19,3,MaxSirianni,drop,8132,Tyler Allgeier,RB,
2023,1009684072081793024,2,waiver,complete,1695089951108,2023-09-18,1,bgreenblatt,add,JAX,Jacksonville Jaguars,DEF,2
2023,1009684072081793024,2,waiver,complete,1695089951108,2023-09-18,1,bgreenblatt,drop,NYG,New York Giants,DEF,
2023,1009576093529100288,2,waiver,complete,1695064207015,2023-09-18,6,JSanDusky69,add,2161,Jerick McKinnon,RB,0
2023,1009576093529100288,2,waiver,complete,1695064207015,2023-09-18,6,JSanDusky69,drop,4080,Zay Jones,WR,
2023,1009501204197572608,2,waiver,complete,1695046352007,2023-09-18,1,bgreenblatt,add,5848,Marquise Brown,WR,0
2023,1009501204197572608,2,waiver,complete,1695046352007,2023-09-18,1,bgreenblatt,drop,9481,Luke Musgrave,TE,
2023,1009292525301624832,2,waiver,complete,1694996599081,2023-09-17,1,bgreenblatt,add,10937,Jake Moody,K,0
2023,1009292525301624832,2,waiver,complete,1694996599081,2023-09-17,1,bgreenblatt,drop,4227,Harrison Butker,K,
2023,1009179788784926720,2,free_agent,complete,1694969720601,2023-09-17,7,KingTowsk,add,5248,Gus Edwards,RB,
2023,1009165084964450304,2,waiver,complete,1694966214937,2023-09-17,10,cc5597,add,6845,Zack Moss,RB,0
2023,1009150518607855616,2,waiver,complete,1694962742047,2023-09-17,1,bgreenblatt,add,10235,Roschon Johnson,RB,0
2023,1009150518607855616,2,waiver,complete,1694962742047,2023-09-17,1,bgreenblatt,drop,8135,Treylon Burks,WR,
2023,1008874073162960896,2,waiver,complete,1694896832316,2023-09-16,1,bgreenblatt,add,9481,Luke Musgrave,TE,0
2023,1008874073162960896,2,waiver,complete,1694896832316,2023-09-16,1,bgreenblatt,drop,5848,Marquise Brown,WR,
2023,1008579312309673984,2,waiver,failed,1694826555853,2023-09-15,1,bgreenblatt,add,9481,Luke Musgrave,TE,0
2023,1008579312309673984,2,waiver,failed,1694826555853,2023-09-15,1,bgreenblatt,drop,5947,Jakobi Meyers,WR,
2023,1008501357562642432,2,free_agent,complete,1694807969993,2023-09-15,10,cc5597,drop,6853,Van Jefferson,WR,
2023,1008442977787686912,2,waiver,complete,1694794051170,2023-09-15,1,bgreenblatt,add,5848,Marquise Brown,WR,0
2023,1008442977787686912,2,waiver,complete,1694794051170,2023-09-15,1,bgreenblatt,drop,5947,Jakobi Meyers,WR,
2023,1008162260805685248,2,waiver,complete,1694727123026,2023-09-14,6,JSanDusky69,add,4029,Dalvin Cook,RB,7
2023,1008162260805685248,2,waiver,complete,1694727123026,2023-09-14,6,JSanDusky69,drop,6806,J.K. Dobbins,RB,
2023,1007783140120756224,2,waiver,complete,1694636733611,2023-09-13,8,TylerWicks,add,4454,Kendrick Bourne,WR,8
2023,1007783140120756224,2,waiver,complete,1694636733611,2023-09-13,8,TylerWicks,drop,5848,Marquise Brown,WR,
2023,1007705208329175040,2,waiver,failed,1694618153224,2023-09-13,7,KingTowsk,add,5947,Jakobi Meyers,WR,3
2023,1007701777975812096,2,waiver,complete,1694617335364,2023-09-13,5,kaufmannc,add,8150,Kyren Williams,RB,13
2023,1007701777975812096,2,waiver,complete,1694617335364,2023-09-13,5,kaufmannc,drop,9497,Jalin Hyatt,WR,
2023,1007701493543284736,2,waiver,complete,1694617267550,2023-09-13,7,KingTowsk,add,2749,Raheem Mostert,RB,8
2023,1007701493543284736,2,waiver,complete,1694617267550,2023-09-13,7,KingTowsk,drop,4029,Dalvin Cook,RB,
2023,1007699727187607552,2,waiver,complete,1694616846418,2023-09-13,7,KingTowsk,add,7527,Mac Jones,QB,4
2023,1012545052586967040,3,waiver,failed,1695772062015,2023-09-26,7,KingTowsk,add,9226,De'Von Achane,RB,42
2023,1012545052586967040,3,waiver,failed,1695772062015,2023-09-26,7,KingTowsk,drop,CLE,Cleveland Browns,DEF,
2023,1012544914044862464,3,waiver,complete,1695772028984,2023-09-26,7,KingTowsk,add,3451,Ka'imi Fairbairn,K,0
2023,1012544914044862464,3,waiver,complete,1695772028984,2023-09-26,7,KingTowsk,drop,1433,Brandon McManus,K,
2023,1012540712526626816,3,free_agent,complete,1695771027264,2023-09-26,5,kaufmannc,drop,1339,Zach Ertz,TE,
2023,1012535695711346688,3,waiver,complete,1695769831162,2023-09-26,1,bgreenblatt,add,9481,Luke Musgrave,TE,0
2023,1012535695711346688,3,waiver,complete,1695769831162,2023-09-26,1,bgreenblatt,drop,4033,David Njoku,TE,
2023,1012534483301625856,3,trade,complete,1695769542101,2023-09-26,5,kaufmannc,add,1466,Travis Kelce,TE,
2023,1012534483301625856,3,trade,complete,1695769542101,2023-09-26,7,KingTowsk,add,3321,Tyreek Hill,WR,
2023,1012534483301625856,3,trade,complete,1695769542101,2023-09-26,5,kaufmannc,add,6803,Brandon Aiyuk,WR,
2023,1012534483301625856,3,trade,complete,1695769542101,2023-09-26,7,KingTowsk,drop,1466,Travis Kelce,TE,
2023,1012534483301625856,3,trade,complete,1695769542101,2023-09-26,5,kaufmannc,drop,3321,Tyreek Hill,WR,
2023,1012534483301625856,3,trade,complete,1695769542101,2023-09-26,7,KingTowsk,drop,6803,Brandon Aiyuk,WR,
2023,1012446779473817600,3,waiver,failed,1695748631879,2023-09-26,3,MaxSirianni,add,9502,Tank Dell,WR,5
2023,1012446733881737216,3,waiver,failed,1695748621009,2023-09-26,3,MaxSirianni,add,9226,De'Von Achane,RB,5
2023,1012430766644498432,3,waiver,complete,1695744814123,2023-09-26,9,brockhusk,add,CIN,Cincinnati Bengals,DEF,7
2023,1012430766644498432,3,waiver,complete,1695744814123,2023-09-26,9,brockhusk,drop,5995,Justice Hill,RB,
2023,1012430725657821184,3,waiver,complete,1695744804351,2023-09-26,10,cc5597,add,MIN,Minnesota Vikings,DEF,1
2023,1012430725657821184,3,waiver,complete,1695744804351,2023-09-26,10,cc5597,drop,NE,New England Patriots,DEF,
2023,1012430659253571584,3,waiver,failed,1695744788519,2023-09-26,9,brockhusk,add,9226,De'Von Achane,RB,17
2023,1012430659253571584,3,waiver,failed,1695744788519,2023-09-26,9,brockhusk,drop,5995,Justice Hill,RB,
2023,1012430580513984512,3,waiver,failed,1695744769746,2023-09-26,9,brockhusk,add,9502,Tank Dell,WR,31
2023,1012430580513984512,3,waiver,failed,1695744769746,2023-09-26,9,brockhusk,drop,4040,JuJu Smith-Schuster,WR,
2023,1012378719631073280,3,waiver,failed,1695732405148,2023-09-26,2,Erjohnson14,add,9502,Tank Dell,WR,35
2023,1012097142481158144,3,waiver,complete,1695665271924,2023-09-25,1,bgreenblatt,add,4179,Joshua Dobbs,QB,8
2023,1012097142481158144,3,waiver,complete,1695665271924,2023-09-25,1,bgreenblatt,drop,7045,Joshua Kelley,RB,
2023,1012093036127449088,3,waiver,failed,1695664292893,2023-09-25,1,bgreenblatt,add,9502,Tank Dell,WR,16
2023,1012093036127449088,3,waiver,failed,1695664292893,2023-09-25,1,bgreenblatt,drop,JAX,Jacksonville Jaguars,DEF,
2023,1012052460145324032,3,waiver,failed,1695654618825,2023-09-25,6,JSanDusky69,add,2078,Odell Beckham,WR,0
2023,1012052460145324032,3,waiver,failed,1695654618825,2023-09-25,6,JSanDusky69,drop,7090,Darnell Mooney,WR,
2023,1012052229592850432,3,waiver,complete,1695654563857,2023-09-25,6,JSanDusky69,add,9226,De'Von Achane,RB,51
2023,1012052229592850432,3,waiver,complete,1695654563857,2023-09-25,6,JSanDusky69,drop,7090,Darnell Mooney,WR,
2023,1011752393027063808,3,free_agent,complete,1695583077249,2023-09-24,1,bgreenblatt,add,PIT,Pittsburgh Steelers,DEF,
2023,1011752393027063808,3,free_agent,complete,1695583077249,2023-09-24,1,bgreenblatt,drop,10235,Roschon Johnson,RB,
2023,1011499958819766272,3,waiver,complete,1695522892244,2023-09-23,10,cc5597,add,5248,Gus Edwards,RB,0
2023,1011499958819766272,3,waiver,complete,1695522892244,2023-09-23,10,cc5597,drop,4149,Jamaal Williams,RB,
2023,1011037260545908736,3,waiver,complete,1695412576379,2023-09-22,7,KingTowsk,add,CLE,Cleveland Browns,DEF,0
2023,1011037260545908736,3,waiver,complete,1695412576379,2023-09-22,7,KingTowsk,drop,9225,Tank Bigsby,RB,
2023,1010723848456732672,3,free_agent,complete,1695337853115,2023-09-21,7,KingTowsk,add,KC,Kansas City Chiefs,DEF,
2023,1010723848456732672,3,free_agent,complete,1695337853115,2023-09-21,7,KingTowsk,drop,CLE,Cleveland Browns,DEF,
2023,1010722496779354112,3,free_agent,complete,1695337530849,2023-09-21,7,KingTowsk,add,5947,Jakobi Meyers,WR,
2023,1010347994367066112,3,waiver,complete,1695248242516,2023-09-20,1,bgreenblatt,add,7600,Pat Freiermuth,TE,0
2023,1010347994367066112,3,waiver,complete,1695248242516,2023-09-20,1,bgreenblatt,drop,5937,Diontae Johnson,WR,
2023,1010251841147355136,3,waiver,failed,1695225317802,2023-09-20,7,KingTowsk,add,TEN,Tennessee Titans,DEF,0
2023,1010251841147355136,3,waiver,failed,1695225317802,2023-09-20,7,KingTowsk,drop,DEN,Denver Broncos,DEF,
2023,1010251509763350528,3,waiver,failed,1695225238793,2023-09-20,7,KingTowsk,add,5272,Greg Joseph,K,0
2023,1010251509763350528,3,waiver,failed,1695225238793,2023-09-20,7,KingTowsk,drop,6083,Matt Gay,K,
2023,1010239495704264704,3,waiver,complete,1695222374419,2023-09-20,9,brockhusk,add,4098,Kareem Hunt,RB,25
2023,1010236326311989248,3,waiver,complete,1695221618777,2023-09-20,2,Erjohnson14,add,8228,Jaylen Warren,RB,6
2023,1010236326311989248,3,waiver,complete,1695221618777,2023-09-20,2,Erjohnson14,drop,4147,Samaje Perine,RB,
2023,1010232599635181568,3,waiver,complete,1695220730268,2023-09-20,8,TylerWicks,add,4892,Baker Mayfield,QB,15
2023,1010232599635181568,3,waiver,complete,1695220730268,2023-09-20,8,TylerWicks,drop,4454,Kendrick Bourne,WR,
2023,1010229714285338624,3,waiver,failed,1695220042347,2023-09-20,3,MaxSirianni,add,4098,Kareem Hunt,RB,16
2023,1010229714285338624,3,waiver,failed,1695220042347,2023-09-20,3,MaxSirianni,drop,6828,AJ Dillon,RB,
2023,1010218509776932864,3,waiver,complete,1695217370984,2023-09-20,2,Erjohnson14,add,8259,Cameron Dicker,K,0
2023,1010218509776932864,3,waiver,complete,1695217370984,2023-09-20,2,Erjohnson14,drop,5095,Daniel Carlson,K,
2023,1010202453293256704,3,waiver,failed,1695213542820,2023-09-20,5,kaufmannc,add,3214,Hunter Henry,TE,4
2023,1010202453293256704,3,waiver,failed,1695213542820,2023-09-20,5,kaufmannc,drop,4973,Hayden Hurst,TE,
2023,1010199995288494080,3,waiver,failed,1695212956786,2023-09-20,1,bgreenblatt,add,8143,Jerome Ford,RB,38
2023,1010199995288494080,3,waiver,failed,1695212956786,2023-09-20,1,bgreenblatt,drop,5937,Diontae Johnson,WR,
2023,1010187631520559104,3,waiver,complete,1695210009034,2023-09-20,5,kaufmannc,add,1339,Zach Ertz,TE,2
2023,1010187631520559104,3,waiver,complete,1695210009034,2023-09-20,5,kaufmannc,drop,4973,Hayden Hurst,TE,
2023,1015117533969502208,4,waiver,failed,1696385389371,2023-10-03,9,brockhusk,add,10232,Michael Wilson,WR,13
2023,1015117533969502208,4,waiver,failed,1696385389371,2023-10-03,9,brockhusk,drop,4040,JuJu Smith-Schuster,WR,
2023,1015117177738956800,4,waiver,complete,1696385304439,2023-10-03,9,brockhusk,add,11439,Jaleel McLaughlin,RB,13
2023,1015117177738956800,4,waiver,complete,1696385304439,2023-10-03,9,brockhusk,drop,4040,JuJu Smith-Schuster,WR,
2023,1015081506974330880,4,waiver,failed,1696376799866,2023-10-03,7,KingTowsk,add,17,Matt Prater,K,0
2023,1015081506974330880,4,waiver,failed,1696376799866,2023-10-03,7,KingTowsk,drop,3451,Ka'imi Fairbairn,K,
2023,1015081476964171776,4,waiver,failed,1696376792711,2023-10-03,7,KingTowsk,add,5095,Daniel Carlson,K,0
2023,1015081476964171776,4,waiver,failed,1696376792711,2023-10-03,7,KingTowsk,drop,3451,Ka'imi Fairbairn,K,
2023,1015081436782673920,4,waiver,complete,1696376783131,2023-10-03,7,KingTowsk,add,7922,Riley Patterson,K,2
2023,1015081436782673920,4,waiver,complete,1696376783131,2023-10-03,7,KingTowsk,drop,3451,Ka'imi Fairbairn,K,
2023,1015078881956642816,4,waiver,complete,1696376174013,2023-10-03,5,kaufmannc,add,10232,Michael Wilson,WR,17
2023,1015078881956642816,4,waiver,complete,1696376174013,2023-10-03,5,kaufmannc,drop,8168,Skyy Moore,WR,
2023,1015033316547858432,4,waiver,failed,1696365310373,2023-10-03,9,brockhusk,add,DET,Detroit Lions,DEF,3
2023,1015033316547858432,4,waiver,failed,1696365310373,2023-10-03,9,brockhusk,drop,CIN,Cincinnati Bengals,DEF,
2023,1015019093541474304,4,waiver,failed,1696361919344,2023-10-03,6,JSanDusky69,add,DET,Detroit Lions,DEF,0
2023,1015019093541474304,4,waiver,failed,1696361919344,2023-10-03,6,JSanDusky69,drop,NO,New Orleans Saints,DEF,
2023,1015019054840582144,4,waiver,complete,1696361910117,2023-10-03,6,JSanDusky69,add,MIA,Miami Dolphins,DEF,5
2023,1015019054840582144,4,waiver,complete,1696361910117,2023-10-03,6,JSanDusky69,drop,NO,New Orleans Saints,DEF,
2023,1014973168076935168,4,waiver,failed,1696350969860,2023-10-03,2,Erjohnson14,add,DET,Detroit Lions,DEF,4
2023,1014957172104450048,4,free_agent,complete,1696347156123,2023-10-03,10,cc5597,drop,7045,Joshua Kelley,RB,
2023,1014954329301716992,4,waiver,failed,1696346478346,2023-10-03,7,KingTowsk,add,MIA,Miami Dolphins,DEF,0
2023,1014954329301716992,4,waiver,failed,1696346478346,2023-10-03,7,KingTowsk,drop,CLE,Cleveland Browns,DEF,
2023,1014954283479019520,4,waiver,failed,1696346467421,2023-10-03,7,KingTowsk,add,NE,New England Patriots,DEF,0
2023,1014954283479019520,4,waiver,failed,1696346467421,2023-10-03,7,KingTowsk,drop,CLE,Cleveland Browns,DEF,
2023,1014954220413403136,4,waiver,failed,1696346452385,2023-10-03,7,KingTowsk,add,DET,Detroit Lions,DEF,0
2023,1014954220413403136,4,waiver,failed,1696346452385,2023-10-03,7,KingTowsk,drop,CLE,Cleveland Browns,DEF,
2023,1014954178252230656,4,waiver,complete,1696346442333,2023-10-03,7,KingTowsk,add,WAS,Washington Commanders,DEF,0
2023,1014954178252230656,4,waiver,complete,1696346442333,2023-10-03,7,KingTowsk,drop,CLE,Cleveland Browns,DEF,
2023,1014952534651322368,4,waiver,failed,1696346050468,2023-10-03,1,bgreenblatt,add,DET,Detroit Lions,DEF,3
2023,1014952534651322368,4,waiver,failed,1696346050468,2023-10-03,1,bgreenblatt,drop,PIT,Pittsburgh Steelers,DEF,
2023,1014950977510166528,4,waiver,failed,1696345679216,2023-10-03,2,Erjohnson14,add,7922,Riley Patterson,K,1
2023,1014950977510166528,4,waiver,failed,1696345679216,2023-10-03,2,Erjohnson14,drop,8259,Cameron Dicker,K,
2023,1014949381235101696,4,free_agent,complete,1696345298635,2023-10-03,2,Erjohnson14,drop,4068,Mike Williams,WR,
2023,1014916143477338112,4,waiver,complete,1696337374136,2023-10-03,6,JSanDusky69,add,1339,Zach Ertz,TE,0
2023,1014916143477338112,4,waiver,complete,1696337374136,2023-10-03,6,JSanDusky69,drop,2161,Jerick McKinnon,RB,
2023,1014900823018598400,4,waiver,complete,1696333721454,2023-10-03,3,MaxSirianni,add,7538,Zach Wilson,QB,5
2023,1014532883924529152,4,waiver,complete,1696245997938,2023-10-02,1,bgreenblatt,add,8148,Jameson Williams,WR,8
2023,1014532883924529152,4,waiver,complete,1696245997938,2023-10-02,1,bgreenblatt,drop,7596,Elijah Moore,WR,
2023,1014289381722660864,4,free_agent,complete,1696187942489,2023-10-01,10,cc5597,add,7045,Joshua Kelley,RB,
2023,1014010540475187200,4,waiver,complete,1696121461555,2023-09-30,1,bgreenblatt,add,8110,Jake Ferguson,TE,0
2023,1014010540475187200,4,waiver,complete,1696121461555,2023-09-30,1,bgreenblatt,drop,9481,Luke Musgrave,TE,
2023,1013924511437209600,4,waiver,complete,1696100950634,2023-09-30,9,brockhusk,add,4227,Harrison Butker,K,0
2023,1013924511437209600,4,waiver,complete,1696100950634,2023-09-30,9,brockhusk,drop,4666,Younghoe Koo,K,
2023,1013268702281834496,4,free_agent,complete,1695944593547,2023-09-28,1,bgreenblatt,add,10235,Roschon Johnson,RB,
2023,1013268702281834496,4,free_agent,complete,1695944593547,2023-09-28,1,bgreenblatt,drop,7600,Pat Freiermuth,TE,
2023,1013193569667993600,4,free_agent,complete,1695926680536,2023-09-28,10,cc5597,drop,5248,Gus Edwards,RB,
2023,1012796524398600192,4,waiver,complete,1695832017567,2023-09-27,6,JSanDusky69,add,2078,Odell Beckham,WR,0
2023,1012796524398600192,4,waiver,complete,1695832017567,2023-09-27,6,JSanDusky69,drop,6826,Cole Kmet,TE,
2023,1012775750627340288,4,waiver,failed,1695827064714,2023-09-27,7,KingTowsk,add,1945,Chris Boswell,K,0
2023,1012775750627340288,4,waiver,failed,1695827064714,2023-09-27,7,KingTowsk,drop,1433,Brandon McManus,K,
2023,1012773926285508608,4,waiver,failed,1695826629757,2023-09-27,7,KingTowsk,add,9502,Tank Dell,WR,14
2023,1012773926285508608,4,waiver,failed,1695826629757,2023-09-27,7,KingTowsk,drop,8159,Desmond Ridder,QB,
2023,1012773892475281408,4,waiver,failed,1695826621696,2023-09-27,7,KingTowsk,add,9502,Tank Dell,WR,14
2023,1012773892475281408,4,waiver,failed,1695826621696,2023-09-27,7,KingTowsk,drop,CLE,Cleveland Browns,DEF,
2023,1012773862485975040,4,waiver,failed,1695826614546,2023-09-27,7,KingTowsk,add,7670,Joshua Palmer,WR,0
2023,1012773862485975040,4,waiver,failed,1695826614546,2023-09-27,7,KingTowsk,drop,8159,Desmond Ridder,QB,
2023,1012765412926283776,4,waiver,complete,1695824600014,2023-09-27,2,Erjohnson14,add,7562,Tutu Atwell,WR,11
2023,1012755170448551936,4,waiver,failed,1695822158017,2023-09-27,1,bgreenblatt,add,7562,Tutu Atwell,WR,11
2023,1012755170448551936,4,waiver,failed,1695822158017,2023-09-27,1,bgreenblatt,drop,4033,David Njoku,TE,
2023,1012755089158717440,4,waiver,complete,1695822138636,2023-09-27,1,bgreenblatt,add,7670,Joshua Palmer,WR,10
2023,1012755089158717440,4,waiver,complete,1695822138636,2023-09-27,1,bgreenblatt,drop,JAX,Jacksonville Jaguars,DEF,
2023,1012732301614141440,4,waiver,complete,1695816705662,2023-09-27,4,jdrobny,add,9502,Tank Dell,WR,49
2023,1012732301614141440,4,waiver,complete,1695816705662,2023-09-27,4,jdrobny,drop,1837,Jimmy Garoppolo,QB,
2023,1012732216515952640,4,waiver,failed,1695816685373,2023-09-27,4,jdrobny,add,9226,De'Von Achane,RB,49
2023,1012732216515952640,4,waiver,failed,1695816685373,2023-09-27,4,jdrobny,drop,1837,Jimmy Garoppolo,QB,
2023,1017724520108535808,5,waiver,failed,1697006943302,2023-10-11,6,JSanDusky69,add,11199,Emari Demercado,RB,0
2023,1017724382560591872,5,waiver,failed,1697006910508,2023-10-11,6,JSanDusky69,add,2078,Odell Beckham,WR,0
2023,1017724232643534848,5,waiver,complete,1697006874765,2023-10-11,6,JSanDusky69,add,7066,K.J. Osborn,WR,1
2023,1017660047620456448,5,waiver,failed,1696991571863,2023-10-10,2,Erjohnson14,add,9508,Tyjae Spears,RB,5
2023,1017660047620456448,5,waiver,failed,1696991571863,2023-10-10,2,Erjohnson14,drop,7608,Khalil Herbert,RB,
2023,1017653418032185344,5,free_agent,complete,1696989991246,2023-10-10,2,Erjohnson14,drop,3225,Tyler Boyd,WR,
2023,1017639358247075840,5,waiver,complete,1696986639132,2023-10-10,10,cc5597,add,NO,New Orleans Saints,DEF,6
2023,1017639358247075840,5,waiver,complete,1696986639132,2023-10-10,10,cc5597,drop,DET,Detroit Lions,DEF,
2023,1017625241046069248,5,waiver,complete,1696983273329,2023-10-10,7,KingTowsk,add,KC,Kansas City Chiefs,DEF,7
2023,1017624714321178624,5,waiver,failed,1696983147748,2023-10-10,5,kaufmannc,add,KC,Kansas City Chiefs,DEF,9
2023,1017622109239017472,5,trade,complete,1696982526648,2023-10-10,2,Erjohnson14,add,4046,Patrick Mahomes,QB,
2023,1017622109239017472,5,trade,complete,1696982526648,2023-10-10,4,jdrobny,add,6904,Jalen Hurts,QB,
2023,1017622109239017472,5,trade,complete,1696982526648,2023-10-10,2,Erjohnson14,add,7525,DeVonta Smith,WR,
2023,1017622109239017472,5,trade,complete,1696982526648,2023-10-10,2,Erjohnson14,add,BAL,Baltimore Ravens,DEF,
2023,1017622109239017472,5,trade,complete,1696982526648,2023-10-10,4,jdrobny,add,DAL,Dallas Cowboys,DEF,
2023,1017622109239017472,5,trade,complete,1696982526648,2023-10-10,4,jdrobny,drop,4046,Patrick Mahomes,QB,
2023,1017622109239017472,5,trade,complete,1696982526648,2023-10-10,2,Erjohnson14,drop,6904,Jalen Hurts,QB,
2023,1017622109239017472,5,trade,complete,1696982526648,2023-10-10,4,jdrobny,drop,7525,DeVonta Smith,WR,
2023,1017622109239017472,5,trade,complete,1696982526648,2023-10-10,4,jdrobny,drop,BAL,Baltimore Ravens,DEF,
2023,1017622109239017472,5,trade,complete,1696982526648,2023-10-10,2,Erjohnson14,drop,DAL,Dallas Cowboys,DEF,
2023,1017620861001605120,5,waiver,failed,1696982229045,2023-10-10,9,brockhusk,add,11199,Emari Demercado,RB,26
2023,1017620861001605120,5,waiver,failed,1696982229045,2023-10-10,9,brockhusk,drop,4098,Kareem Hunt,RB,
2023,1017609613715378176,5,trade,complete,1696979547483,2023-10-10,6,JSanDusky69,add,10235,Roschon Johnson,RB,
2023,1017609613715378176,5,trade,complete,1696979547483,2023-10-10,6,JSanDusky69,add,4983,DJ Moore,WR,
2023,1017609613715378176,5,trade,complete,1696979547483,2023-10-10,1,bgreenblatt,add,6794,Justin Jefferson,WR,
2023,1017609613715378176,5,trade,complete,1696979547483,2023-10-10,1,bgreenblatt,add,6813,Jonathan Taylor,RB,
2023,1017609613715378176,5,trade,complete,1696979547483,2023-10-10,1,bgreenblatt,drop,10235,Roschon Johnson,RB,
2023,1017609613715378176,5,trade,complete,1696979547483,2023-10-10,1,bgreenblatt,drop,4983,DJ Moore,WR,
2023,1017609613715378176,5,trade,complete,1696979547483,2023-10-10,6,JSanDusky69,drop,6794,Justin Jefferson,WR,
2023,1017609613715378176,5,trade,complete,1696979547483,2023-10-10,6,JSanDusky69,drop,6813,Jonathan Taylor,RB,
2023,1017589642612260864,5,free_agent,complete,1696974786001,2023-10-10,7,KingTowsk,drop,2359,Ameer Abdullah,RB,
2023,1017589587012567040,5,free_agent,complete,1696974772745,2023-10-10,7,KingTowsk,drop,TEN,Tennessee Titans,DEF,
2023,1017586104184217600,5,trade,complete,1696973942374,2023-10-10,10,cc5597,add,1166,Kirk Cousins,QB,
2023,1017586104184217600,5,trade,complete,1696973942374,2023-10-10,10,cc5597,add,2449,Stefon Diggs,WR,
2023,1017586104184217600,5,trade,complete,1696973942374,2023-10-10,7,KingTowsk,add,4881,Lamar Jackson,QB,
2023,1017586104184217600,5,trade,complete,1696973942374,2023-10-10,7,KingTowsk,add,5119,Jason Sanders,K,
2023,1017586104184217600,5,trade,complete,1696973942374,2023-10-10,10,cc5597,add,7922,Riley Patterson,K,
2023,1017586104184217600,5,trade,complete,1696973942374,2023-10-10,10,cc5597,add,8183,Brock Purdy,QB,
2023,1017586104184217600,5,trade,complete,1696973942374,2023-10-10,7,KingTowsk,add,9221,Jahmyr Gibbs,RB,
2023,1017586104184217600,5,trade,complete,1696973942374,2023-10-10,7,KingTowsk,add,9229,Anthony Richardson,QB,
2023,1017586104184217600,5,trade,complete,1696973942374,2023-10-10,7,KingTowsk,add,9488,Jaxon Smith-Njigba,WR,
2023,1017586104184217600,5,trade,complete,1696973942374,2023-10-10,7,KingTowsk,drop,1166,Kirk Cousins,QB,
2023,1017586104184217600,5,trade,complete,1696973942374,2023-10-10,7,KingTowsk,drop,2449,Stefon Diggs,WR,
2023,1017586104184217600,5,trade,complete,1696973942374,2023-10-10,10,cc5597,drop,4881,Lamar Jackson,QB,
2023,1017586104184217600,5,trade,complete,1696973942374,2023-10-10,10,cc5597,drop,5119,Jason Sanders,K,
2023,1017586104184217600,5,trade,complete,1696973942374,2023-10-10,7,KingTowsk,drop,7922,Riley Patterson,K,
2023,1017586104184217600,5,trade,complete,1696973942374,2023-10-10,7,KingTowsk,drop,8183,Brock Purdy,QB,
2023,1017586104184217600,5,trade,complete,1696973942374,2023-10-10,10,cc5597,drop,9221,Jahmyr Gibbs,RB,
2023,1017586104184217600,5,trade,complete,1696973942374,2023-10-10,10,cc5597,drop,9229,Anthony Richardson,QB,
2023,1017586104184217600,5,trade,complete,1696973942374,2023-10-10,10,cc5597,drop,9488,Jaxon Smith-Njigba,WR,
2023,1017548755396132864,5,waiver,complete,1696965037729,2023-10-10,2,Erjohnson14,add,5284,Jeff Wilson,RB,21
2023,1017548755396132864,5,waiver,complete,1696965037729,2023-10-10,2,Erjohnson14,drop,7608,Khalil Herbert,RB,
2023,1017546683367899136,5,free_agent,complete,1696964543719,2023-10-10,2,Erjohnson14,drop,7562,Tutu Atwell,WR,
2023,1017520487045439488,5,waiver,complete,1696958298029,2023-10-10,3,MaxSirianni,add,11199,Emari Demercado,RB,52
2023,1017520487045439488,5,waiver,complete,1696958298029,2023-10-10,3,MaxSirianni,drop,6828,AJ Dillon,RB,
2023,1017477572285898752,5,waiver,failed,1696948066353,2023-10-10,9,brockhusk,add,KC,Kansas City Chiefs,DEF,2
2023,1017477572285898752,5,waiver,failed,1696948066353,2023-10-10,9,brockhusk,drop,CIN,Cincinnati Bengals,DEF,
2023,1017251159884660736,5,free_agent,complete,1696894085430,2023-10-09,7,KingTowsk,add,2359,Ameer Abdullah,RB,
2023,1016595146521075712,5,waiver,complete,1696737679656,2023-10-07,7,KingTowsk,add,TEN,Tennessee Titans,DEF,0
2023,1016595146521075712,5,waiver,complete,1696737679656,2023-10-07,7,KingTowsk,drop,NO,New Orleans Saints,DEF,
2023,1016593341401735168,5,waiver,complete,1696737249282,2023-10-07,10,cc5597,add,7594,Chuba Hubbard,RB,0
2023,1015862154840473600,5,free_agent,complete,1696562920821,2023-10-05,6,JSanDusky69,drop,2078,Odell Beckham,WR,
2023,1015823323764326400,5,free_agent,complete,1696553662771,2023-10-05,1,bgreenblatt,add,4455,Matt Breida,RB,
2023,1015823323764326400,5,free_agent,complete,1696553662771,2023-10-05,1,bgreenblatt,drop,7594,Chuba Hubbard,RB,
2023,1015767770937507840,5,free_agent,complete,1696540417945,2023-10-05,7,KingTowsk,drop,8126,Wan'Dale Robinson,WR,
2023,1015759550487617536,5,trade,complete,1696538458037,2023-10-05,4,jdrobny,add,2749,Raheem Mostert,RB,
2023,1015759550487617536,5,trade,complete,1696538458037,2023-10-05,7,KingTowsk,add,6819,Michael Pittman,WR,
2023,1015759550487617536,5,trade,complete,1696538458037,2023-10-05,7,KingTowsk,add,8143,Jerome Ford,RB,
2023,1015759550487617536,5,trade,complete,1696538458037,2023-10-05,4,jdrobny,add,9493,Puka Nacua,WR,
2023,1015759550487617536,5,trade,complete,1696538458037,2023-10-05,7,KingTowsk,add,9502,Tank Dell,WR,
2023,1015759550487617536,5,trade,complete,1696538458037,2023-10-05,7,KingTowsk,drop,2749,Raheem Mostert,RB,
2023,1015759550487617536,5,trade,complete,1696538458037,2023-10-05,4,jdrobny,drop,6819,Michael Pittman,WR,
2023,1015759550487617536,5,trade,complete,1696538458037,2023-10-05,4,jdrobny,drop,8143,Jerome Ford,RB,
2023,1015759550487617536,5,trade,complete,1696538458037,2023-10-05,7,KingTowsk,drop,9493,Puka Nacua,WR,
2023,1015759550487617536,5,trade,complete,1696538458037,2023-10-05,4,jdrobny,drop,9502,Tank Dell,WR,
2023,1015702489020055552,5,free_agent,complete,1696524853523,2023-10-05,4,jdrobny,add,6945,Antonio Gibson,RB,
2023,1015702489020055552,5,free_agent,complete,1696524853523,2023-10-05,4,jdrobny,drop,3271,Tyler Higbee,TE,
2023,1015699565168320512,5,waiver,complete,1696524156422,2023-10-05,7,KingTowsk,add,NO,New Orleans Saints,DEF,1
2023,1015699565168320512,5,waiver,complete,1696524156422,2023-10-05,7,KingTowsk,drop,TEN,Tennessee Titans,DEF,
2023,1015699499240472576,5,free_agent,complete,1696524140704,2023-10-05,7,KingTowsk,add,TEN,Tennessee Titans,DEF,
2023,1015699499240472576,5,free_agent,complete,1696524140704,2023-10-05,7,KingTowsk,drop,WAS,Washington Commanders,DEF,
2023,1015692701632643072,5,free_agent,complete,1696522520028,2023-10-05,1,bgreenblatt,add,7594,Chuba Hubbard,RB,
2023,1015692701632643072,5,free_agent,complete,1696522520028,2023-10-05,1,bgreenblatt,drop,PIT,Pittsburgh Steelers,DEF,
2023,1015683873553891328,5,waiver,failed,1696520415250,2023-10-05,5,kaufmannc,add,7594,Chuba Hubbard,RB,1
2023,1015473812122521600,5,waiver,complete,1696470332702,2023-10-04,5,kaufmannc,add,5248,Gus Edwards,RB,1
2023,1015369113885032449,5,free_agent,complete,1696445370697,2023-10-04,3,MaxSirianni,drop,8160,Kenny Pickett,QB,
2023,1015335539249106944,5,waiver,complete,1696437365880,2023-10-04,2,Erjohnson14,add,3225,Tyler Boyd,WR,0
2023,1015335463424512000,5,waiver,complete,1696437347802,2023-10-04,2,Erjohnson14,add,4958,Brett Maher,K,1
2023,1015335463424512000,5,waiver,complete,1696437347802,2023-10-04,2,Erjohnson14,drop,8259,Cameron Dicker,K,
2023,1015334646459514880,5,waiver,failed,1696437153022,2023-10-04,4,jdrobny,add,5248,Gus Edwards,RB,0
2023,1015334646459514880,5,waiver,failed,1696437153022,2023-10-04,4,jdrobny,drop,3271,Tyler Higbee,TE,
2023,1015328719486959616,5,waiver,complete,1696435739922,2023-10-04,1,bgreenblatt,add,NE,New England Patriots,DEF,3
2023,1015311766208335872,5,waiver,complete,1696431697945,2023-10-04,10,cc5597,add,DET,Detroit Lions,DEF,5
2023,1015311766208335872,5,waiver,complete,1696431697945,2023-10-04,10,cc5597,drop,MIN,Minnesota Vikings,DEF,
2023,1015305982441791488,5,waiver,failed,1696430318988,2023-10-04,5,kaufmannc,add,DET,Detroit Lions,DEF,3
2023,1015302079348404224,5,waiver,failed,1696429388418,2023-10-04,7,KingTowsk,add,8148,Jameson Williams,WR,0
2023,1015302079348404224,5,waiver,failed,1696429388418,2023-10-04,7,KingTowsk,drop,KC,Kansas City Chiefs,DEF,
2023,1015301950667091968,5,waiver,complete,1696429357738,2023-10-04,7,KingTowsk,add,8126,Wan'Dale Robinson,WR,0
2023,1015301950667091968,5,waiver,complete,1696429357738,2023-10-04,7,KingTowsk,drop,KC,Kansas City Chiefs,DEF,
2023,1015299811806957568,5,waiver,failed,1696428847794,2023-10-04,1,bgreenblatt,add,7553,Kyle Pitts,TE,0
2023,1015299761626345472,5,waiver,complete,1696428835830,2023-10-04,6,JSanDusky69,add,7553,Kyle Pitts,TE,11
2023,1015299761626345472,5,waiver,complete,1696428835830,2023-10-04,6,JSanDusky69,drop,4029,Dalvin Cook,RB,
2023,1015298053839863808,5,free_agent,complete,1696428428662,2023-10-04,5,kaufmannc,drop,7553,Kyle Pitts,TE,
2023,1015297873598038016,5,free_agent,complete,1696428385689,2023-10-04,5,kaufmannc,drop,6938,Cam Akers,RB,
2023,1015296486646689792,5,trade,complete,1696428055014,2023-10-04,1,bgreenblatt,add,6797,Justin Herbert,QB,
2023,1015296486646689792,5,trade,complete,1696428055014,2023-10-04,5,kaufmannc,add,7591,Justin Fields,QB,
2023,1015296486646689792,5,trade,complete,1696428055014,2023-10-04,5,kaufmannc,add,7611,Rhamondre Stevenson,RB,
2023,1015296486646689792,5,trade,complete,1696428055014,2023-10-04,5,kaufmannc,drop,6797,Justin Herbert,QB,
2023,1015296486646689792,5,trade,complete,1696428055014,2023-10-04,1,bgreenblatt,drop,7591,Justin Fields,QB,
2023,1015296486646689792,5,trade,complete,1696428055014,2023-10-04,1,bgreenblatt,drop,7611,Rhamondre Stevenson,RB,
2023,1020218602244382720,6,waiver,failed,1697601578821,2023-10-17,9,brockhusk,add,CLE,Cleveland Browns,DEF,3
2023,1020218602244382720,6,waiver,failed,1697601578821,2023-10-17,9,brockhusk,drop,ATL,Atlanta Falcons,DEF,
2023,1020145344958599168,6,waiver,complete,1697584112923,2023-10-17,1,bgreenblatt,add,2251,Logan Thomas,TE,5
2023,1020145344958599168,6,waiver,complete,1697584112923,2023-10-17,1,bgreenblatt,drop,6826,Cole Kmet,TE,
2023,1020145122261979136,6,waiver,failed,1697584059828,2023-10-17,1,bgreenblatt,add,CLE,Cleveland Browns,DEF,5
2023,1020145122261979136,6,waiver,failed,1697584059828,2023-10-17,1,bgreenblatt,drop,LV,Las Vegas Raiders,DEF,
2023,1020032829389996032,6,waiver,complete,1697557287121,2023-10-17,2,Erjohnson14,add,4082,Curtis Samuel,WR,0
2023,1020031695237660672,6,waiver,complete,1697557016718,2023-10-17,3,MaxSirianni,add,5095,Daniel Carlson,K,0
2023,1020031695237660672,6,waiver,complete,1697557016718,2023-10-17,3,MaxSirianni,drop,8132,Tyler Allgeier,RB,
2023,1020031423295664128,6,waiver,failed,1697556951882,2023-10-17,3,MaxSirianni,add,9222,Zach Evans,RB,10
2023,1020031423295664128,6,waiver,failed,1697556951882,2023-10-17,3,MaxSirianni,drop,11199,Emari Demercado,RB,
2023,1020026114573463552,6,waiver,failed,1697555686184,2023-10-17,6,JSanDusky69,add,11439,Jaleel McLaughlin,RB,3
2023,1020026114573463552,6,waiver,failed,1697555686184,2023-10-17,6,JSanDusky69,drop,7066,K.J. Osborn,WR,
2023,1020025944406335488,6,waiver,failed,1697555645613,2023-10-17,6,JSanDusky69,add,9222,Zach Evans,RB,5
2023,1020025944406335488,6,waiver,failed,1697555645613,2023-10-17,6,JSanDusky69,drop,7066,K.J. Osborn,WR,
2023,1020025764919488512,6,waiver,failed,1697555602820,2023-10-17,6,JSanDusky69,add,CHI,Chicago Bears,DEF,0
2023,1020025764919488512,6,waiver,failed,1697555602820,2023-10-17,6,JSanDusky69,drop,1339,Zach Ertz,TE,
2023,1020025672011472896,6,waiver,failed,1697555580669,2023-10-17,6,JSanDusky69,add,CLE,Cleveland Browns,DEF,2
2023,1020025672011472896,6,waiver,failed,1697555580669,2023-10-17,6,JSanDusky69,drop,1339,Zach Ertz,TE,
2023,1020025606790086656,6,waiver,complete,1697555565119,2023-10-17,6,JSanDusky69,add,LAR,Los Angeles Rams,DEF,2
2023,1020025606790086656,6,waiver,complete,1697555565119,2023-10-17,6,JSanDusky69,drop,1339,Zach Ertz,TE,
2023,1020010911991414784,6,free_agent,complete,1697552061606,2023-10-17,2,Erjohnson14,drop,2251,Logan Thomas,TE,
2023,1019823507595051008,6,waiver,complete,1697507380916,2023-10-16,1,bgreenblatt,add,3969,Leonard Fournette,RB,0
2023,1019823507595051008,6,waiver,complete,1697507380916,2023-10-16,1,bgreenblatt,drop,7594,Chuba Hubbard,RB,
2023,1019803405822525440,6,waiver,complete,1697502588280,2023-10-16,6,JSanDusky69,add,4098,Kareem Hunt,RB,17
2023,1019803405822525440,6,waiver,complete,1697502588280,2023-10-16,6,JSanDusky69,drop,7066,K.J. Osborn,WR,
2023,1019322476897210368,6,free_agent,complete,1697387925889,2023-10-15,10,cc5597,add,5937,Diontae Johnson,WR,
2023,1019320068347498496,6,free_agent,complete,1697387351647,2023-10-15,9,brockhusk,add,4111,D'Onta Foreman,RB,
2023,1019320068347498496,6,free_agent,complete,1697387351647,2023-10-15,9,brockhusk,drop,11439,Jaleel McLaughlin,RB,
2023,1018600060776464384,6,waiver,complete,1697215688464,2023-10-13,1,bgreenblatt,add,7594,Chuba Hubbard,RB,5
2023,1018600060776464384,6,waiver,complete,1697215688464,2023-10-13,1,bgreenblatt,drop,8110,Jake Ferguson,TE,
2023,1018311152448655360,6,free_agent,complete,1697146807351,2023-10-12,9,brockhusk,add,ATL,Atlanta Falcons,DEF,
2023,1018311152448655360,6,free_agent,complete,1697146807351,2023-10-12,9,brockhusk,drop,JAX,Jacksonville Jaguars,DEF,
2023,1018297866483224576,6,free_agent,complete,1697143639730,2023-10-12,9,brockhusk,add,JAX,Jacksonville Jaguars,DEF,
2023,1018297866483224576,6,free_agent,complete,1697143639730,2023-10-12,9,brockhusk,drop,CIN,Cincinnati Bengals,DEF,
2023,1018276429311594496,6,free_agent,complete,1697138528710,2023-10-12,4,jdrobny,add,7596,Elijah Moore,WR,
2023,1017949424879779840,6,trade,complete,1697060564778,2023-10-11,7,KingTowsk,add,7526,Jaylen Waddle,WR,
2023,1017949424879779840,6,trade,complete,1697060564778,2023-10-11,10,cc5597,add,9221,Jahmyr Gibbs,RB,
2023,1017949424879779840,6,trade,complete,1697060564778,2023-10-11,10,cc5597,drop,7526,Jaylen Waddle,WR,
2023,1017949424879779840,6,trade,complete,1697060564778,2023-10-11,7,KingTowsk,drop,9221,Jahmyr Gibbs,RB,
2023,1017914134152806400,6,waiver,failed,1697052150813,2023-10-11,5,kaufmannc,add,8221,Keaontay Ingram,RB,21
2023,1017914134152806400,6,waiver,failed,1697052150813,2023-10-11,5,kaufmannc,drop,1837,Jimmy Garoppolo,QB,
2023,1017907492820557824,6,waiver,complete,1697050567396,2023-10-11,2,Erjohnson14,add,2251,Logan Thomas,TE,3
2023,1017904385369784320,6,waiver,failed,1697049826522,2023-10-11,3,MaxSirianni,add,8221,Keaontay Ingram,RB,13
2023,1017904385369784320,6,waiver,failed,1697049826522,2023-10-11,3,MaxSirianni,drop,8132,Tyler Allgeier,RB,
2023,1017902650098122752,6,waiver,complete,1697049412801,2023-10-11,9,brockhusk,add,8221,Keaontay Ingram,RB,22
2023,1017902650098122752,6,waiver,complete,1697049412801,2023-10-11,9,brockhusk,drop,4098,Kareem Hunt,RB,
2023,1017865431719202816,6,waiver,complete,1697040539248,2023-10-11,1,bgreenblatt,add,6826,Cole Kmet,TE,5
2023,1017865431719202816,6,waiver,complete,1697040539248,2023-10-11,1,bgreenblatt,drop,4455,Matt Breida,RB,
2023,1017865056106688512,6,waiver,complete,1697040449695,2023-10-11,1,bgreenblatt,add,LV,Las Vegas Raiders,DEF,2
2023,1017865056106688512,6,waiver,complete,1697040449695,2023-10-11,1,bgreenblatt,drop,NE,New England Patriots,DEF,
2023,1017862845607862272,6,waiver,failed,1697039922671,2023-10-11,10,cc5597,add,11199,Emari Demercado,RB,16
2023,1017862845607862272,6,waiver,failed,1697039922671,2023-10-11,10,cc5597,drop,7594,Chuba Hubbard,RB,
2023,1017856566348996608,6,waiver,complete,1697038425579,2023-10-11,3,MaxSirianni,add,6011,Gardner Minshew,QB,6
2023,1017856566348996608,6,waiver,complete,1697038425579,2023-10-11,3,MaxSirianni,drop,7538,Zach Wilson,QB,
2023,1017855666314203136,6,waiver,complete,1697038210994,2023-10-11,3,MaxSirianni,add,9508,Tyjae Spears,RB,3
2023,1017847713464954880,6,waiver,complete,1697036314887,2023-10-11,10,cc5597,add,4171,Josh Reynolds,WR,1
2023,1017847713464954880,6,waiver,complete,1697036314887,2023-10-11,10,cc5597,drop,7594,Chuba Hubbard,RB,
2023,1017842063435481088,6,waiver,failed,1697034967815,2023-10-11,7,KingTowsk,add,CHI,Chicago Bears,DEF,0
2023,1017841607179165696,6,waiver,failed,1697034859035,2023-10-11,7,KingTowsk,add,JAX,Jacksonville Jaguars,DEF,0
2023,1017841530427543552,6,waiver,failed,1697034840736,2023-10-11,7,KingTowsk,add,MIN,Minnesota Vikings,DEF,0
2023,1017817473434980352,6,waiver,failed,1697029105102,2023-10-11,4,jdrobny,add,7066,K.J. Osborn,WR,0
2023,1017817473434980352,6,waiver,failed,1697029105102,2023-10-11,4,jdrobny,drop,6945,Antonio Gibson,RB,
2023,1017810379575029760,6,waiver,failed,1697027413794,2023-10-11,5,kaufmannc,add,5284,Jeff Wilson,RB,14
2023,1017810379575029760,6,waiver,failed,1697027413794,2023-10-11,5,kaufmannc,drop,10232,Michael Wilson,WR,
2023,1017810201111531520,6,waiver,complete,1697027371245,2023-10-11,5,kaufmannc,add,1837,Jimmy Garoppolo,QB,2
2023,1017810201111531520,6,waiver,complete,1697027371245,2023-10-11,5,kaufmannc,drop,5248,Gus Edwards,RB,
2023,1022740770849210368,7,waiver,failed,1698202910676,2023-10-24,6,JSanDusky69,add,PIT,Pittsburgh Steelers,DEF,0
2023,1022739862899777536,7,waiver,complete,1698202694204,2023-10-24,6,JSanDusky69,add,5248,Gus Edwards,RB,1
2023,1022739793886732288,7,waiver,failed,1698202677750,2023-10-24,6,JSanDusky69,add,4454,Kendrick Bourne,WR,0
2023,1022739719760850944,7,waiver,failed,1698202660077,2023-10-24,6,JSanDusky69,add,9500,Josh Downs,WR,0
2023,1022739637963517952,7,waiver,complete,1698202640575,2023-10-24,6,JSanDusky69,add,11199,Emari Demercado,RB,0
2023,1022739094897508352,7,free_agent,complete,1698202511098,2023-10-24,6,JSanDusky69,drop,LAR,Los Angeles Rams,DEF,
2023,1022605571876405248,7,waiver,complete,1698170676729,2023-10-24,3,MaxSirianni,add,9500,Josh Downs,WR,6
2023,1022605571876405248,7,waiver,complete,1698170676729,2023-10-24,3,MaxSirianni,drop,7562,Tutu Atwell,WR,
2023,1022547828360429568,7,free_agent,complete,1698156909602,2023-10-24,6,JSanDusky69,drop,5046,Royce Freeman,RB,
2023,1022538514413498368,7,waiver,failed,1698154688984,2023-10-24,7,KingTowsk,add,JAX,Jacksonville Jaguars,DEF,0
2023,1022538514413498368,7,waiver,failed,1698154688984,2023-10-24,7,KingTowsk,drop,SEA,Seattle Seahawks,DEF,
2023,1022538426924539904,7,waiver,complete,1698154668125,2023-10-24,7,KingTowsk,add,PHI,Philadelphia Eagles,DEF,3
2023,1022538426924539904,7,waiver,complete,1698154668125,2023-10-24,7,KingTowsk,drop,SEA,Seattle Seahawks,DEF,
2023,1022527374442754048,7,waiver,failed,1698152033008,2023-10-24,2,Erjohnson14,add,11533,Brandon Aubrey,K,6
2023,1022527374442754048,7,waiver,failed,1698152033008,2023-10-24,2,Erjohnson14,drop,4958,Brett Maher,K,
2023,1022438541567086592,7,waiver,complete,1698130853600,2023-10-24,1,bgreenblatt,add,PIT,Pittsburgh Steelers,DEF,0
2023,1022438541567086592,7,waiver,complete,1698130853600,2023-10-24,1,bgreenblatt,drop,LV,Las Vegas Raiders,DEF,
2023,1022348057058861056,7,waiver,complete,1698109280412,2023-10-23,1,bgreenblatt,add,11533,Brandon Aubrey,K,8
2023,1022348057058861056,7,waiver,complete,1698109280412,2023-10-23,1,bgreenblatt,drop,10937,Jake Moody,K,
2023,1021903261932158976,7,free_agent,complete,1698003232990,2023-10-22,2,Erjohnson14,add,5916,Darrell Henderson,RB,
2023,1021883823669530624,7,waiver,failed,1697998598547,2023-10-22,1,bgreenblatt,add,9500,Josh Downs,WR,0
2023,1021883823669530624,7,waiver,failed,1697998598547,2023-10-22,1,bgreenblatt,drop,7670,Joshua Palmer,WR,
2023,1021883120947265536,7,free_agent,complete,1697998431005,2023-10-22,3,MaxSirianni,add,7562,Tutu Atwell,WR,
2023,1021882468045541376,7,waiver,failed,1697998275341,2023-10-22,3,MaxSirianni,add,9500,Josh Downs,WR,0
2023,1021810630803767296,7,waiver,complete,1697981148008,2023-10-22,1,bgreenblatt,add,KC,Kansas City Chiefs,DEF,0
2023,1021810240628539392,7,free_agent,complete,1697981054983,2023-10-22,5,kaufmannc,drop,1837,Jimmy Garoppolo,QB,
2023,1021809960725983232,7,trade,complete,1697980988249,2023-10-22,5,kaufmannc,add,4179,Joshua Dobbs,QB,
2023,1021809960725983232,7,trade,complete,1697980988249,2023-10-22,1,bgreenblatt,drop,4179,Joshua Dobbs,QB,
2023,1021798271381098496,7,waiver,complete,1697978201292,2023-10-22,6,JSanDusky69,add,5046,Royce Freeman,RB,0
2023,1021798271381098496,7,waiver,complete,1697978201292,2023-10-22,6,JSanDusky69,drop,9222,Zach Evans,RB,
2023,1021502742507950080,7,waiver,complete,1697907741718,2023-10-21,10,cc5597,add,7066,K.J. Osborn,WR,0
2023,1021252614731677696,7,free_agent,complete,1697848106609,2023-10-20,2,Erjohnson14,drop,4082,Curtis Samuel,WR,
2023,1021176702866677760,7,trade,complete,1697830007810,2023-10-20,10,cc5597,add,10235,Roschon Johnson,RB,
2023,1021176702866677760,7,trade,complete,1697830007810,2023-10-20,6,JSanDusky69,add,9222,Zach Evans,RB,
2023,1021176702866677760,7,trade,complete,1697830007810,2023-10-20,6,JSanDusky69,drop,10235,Roschon Johnson,RB,
2023,1021176702866677760,7,trade,complete,1697830007810,2023-10-20,10,cc5597,drop,9222,Zach Evans,RB,
2023,1020937870145720320,7,free_agent,complete,1697773065652,2023-10-19,8,TylerWicks,add,2747,Jason Myers,K,
2023,1020937870145720320,7,free_agent,complete,1697773065652,2023-10-19,8,TylerWicks,drop,11533,Brandon Aubrey,K,
2023,1020937627052249088,7,free_agent,complete,1697773007694,2023-10-19,8,TylerWicks,add,4033,David Njoku,TE,
2023,1020937627052249088,7,free_agent,complete,1697773007694,2023-10-19,8,TylerWicks,drop,7567,Kenny Gainwell,RB,
2023,1020839059662393344,7,free_agent,complete,1697749507397,2023-10-19,10,cc5597,drop,8119,Jahan Dotson,WR,
2023,1020694915585593344,7,waiver,complete,1697715140771,2023-10-19,3,MaxSirianni,add,8160,Kenny Pickett,QB,0
2023,1020694915585593344,7,waiver,complete,1697715140771,2023-10-19,3,MaxSirianni,drop,6011,Gardner Minshew,QB,
2023,1020518684420354048,7,waiver,complete,1697673123987,2023-10-18,1,bgreenblatt,add,9482,Michael Mayer,TE,0
2023,1020518684420354048,7,waiver,complete,1697673123987,2023-10-18,1,bgreenblatt,drop,3969,Leonard Fournette,RB,
2023,1020429475370057728,7,free_agent,complete,1697651854892,2023-10-18,3,MaxSirianni,drop,11199,Emari Demercado,RB,
2023,1020411212586196992,7,waiver,complete,1697647500705,2023-10-18,9,brockhusk,add,6659,Craig Reynolds,RB,6
2023,1020409851752562688,7,free_agent,complete,1697647176257,2023-10-18,9,brockhusk,drop,4988,Nick Chubb,RB,
2023,1020400152982528000,7,waiver,complete,1697644863890,2023-10-18,5,kaufmannc,add,CLE,Cleveland Browns,DEF,13
2023,1020400152982528000,7,waiver,complete,1697644863890,2023-10-18,5,kaufmannc,drop,PHI,Philadelphia Eagles,DEF,
2023,1020399518338187264,7,waiver,complete,1697644712579,2023-10-18,7,KingTowsk,add,10229,Rashee Rice,WR,9
2023,1020399469780725760,7,waiver,complete,1697644701002,2023-10-18,7,KingTowsk,add,5001,Dalton Schultz,TE,0
2023,1020399363895537664,7,waiver,failed,1697644675757,2023-10-18,7,KingTowsk,add,CLE,Cleveland Browns,DEF,0
2023,1020399300687265792,7,waiver,failed,1697644660687,2023-10-18,7,KingTowsk,add,WAS,Washington Commanders,DEF,0
2023,1020399242600419328,7,waiver,failed,1697644646838,2023-10-18,7,KingTowsk,add,1348,Dustin Hopkins,K,0
2023,1020399091844497408,7,waiver,complete,1697644610895,2023-10-18,7,KingTowsk,add,SEA,Seattle Seahawks,DEF,6
2023,1020399091844497408,7,waiver,complete,1697644610895,2023-10-18,7,KingTowsk,drop,KC,Kansas City Chiefs,DEF,
2023,1020398976215891968,7,free_agent,complete,1697644583327,2023-10-18,5,kaufmannc,drop,10232,Michael Wilson,WR,
2023,1020397844802437120,7,trade,complete,1697644313577,2023-10-18,5,kaufmannc,add,10859,Sam LaPorta,TE,
2023,1020397844802437120,7,trade,complete,1697644313577,2023-10-18,7,KingTowsk,add,1466,Travis Kelce,TE,
2023,1020397844802437120,7,trade,complete,1697644313577,2023-10-18,5,kaufmannc,add,4950,Christian Kirk,WR,
2023,1020397844802437120,7,trade,complete,1697644313577,2023-10-18,7,KingTowsk,add,7588,Javonte Williams,RB,
2023,1020397844802437120,7,trade,complete,1697644313577,2023-10-18,5,kaufmannc,add,8112,Drake London,WR,
2023,1020397844802437120,7,trade,complete,1697644313577,2023-10-18,7,KingTowsk,drop,10859,Sam LaPorta,TE,
2023,1020397844802437120,7,trade,complete,1697644313577,2023-10-18,5,kaufmannc,drop,1466,Travis Kelce,TE,
2023,1020397844802437120,7,trade,complete,1697644313577,2023-10-18,7,KingTowsk,drop,4950,Christian Kirk,WR,
2023,1020397844802437120,7,trade,complete,1697644313577,2023-10-18,5,kaufmannc,drop,7588,Javonte Williams,RB,
2023,1020397844802437120,7,trade,complete,1697644313577,2023-10-18,7,KingTowsk,drop,8112,Drake London,WR,
2023,1020393837857947648,7,free_agent,complete,1697643358247,2023-10-18,7,KingTowsk,drop,9229,Anthony Richardson,QB,
2023,1020392478584745984,7,waiver,complete,1697643034171,2023-10-18,10,cc5597,add,9222,Zach Evans,RB,11
2023,1020392478584745984,7,waiver,complete,1697643034171,2023-10-18,10,cc5597,drop,4171,Josh Reynolds,WR,
2023,1020371616204713984,7,waiver,failed,1697638060192,2023-10-18,2,Erjohnson14,add,CLE,Cleveland Browns,DEF,6
2023,1020371616204713984,7,waiver,failed,1697638060192,2023-10-18,2,Erjohnson14,drop,BAL,Baltimore Ravens,DEF,
2023,1020345826419359744,7,waiver,complete,1697631911428,2023-10-18,4,jdrobny,add,WAS,Washington Commanders,DEF,0
2023,1020345781838073856,7,waiver,failed,1697631900799,2023-10-18,4,jdrobny,add,CLE,Cleveland Browns,DEF,0
2023,1020345763156672512,7,waiver,failed,1697631896345,2023-10-18,4,jdrobny,add,LAR,Los Angeles Rams,DEF,0
2023,1025253919926165504,8,waiver,complete,1698802092108,2023-10-31,3,MaxSirianni,add,MIN,Minnesota Vikings,DEF,0
2023,1025253919926165504,8,waiver,complete,1698802092108,2023-10-31,3,MaxSirianni,drop,5095,Daniel Carlson,K,
2023,1025252628923564032,8,waiver,complete,1698801784309,2023-10-31,3,MaxSirianni,add,9999,Will Levis,QB,7
2023,1025252628923564032,8,waiver,complete,1698801784309,2023-10-31,3,MaxSirianni,drop,8160,Kenny Pickett,QB,
2023,1025232077106528256,8,free_agent,complete,1698796884374,2023-10-31,9,brockhusk,drop,8221,Keaontay Ingram,RB,
2023,1025221853226340352,8,trade,complete,1698794446811,2023-10-31,9,brockhusk,add,1837,Jimmy Garoppolo,QB,
2023,1025221853226340352,8,trade,complete,1698794446811,2023-10-31,9,brockhusk,add,5937,Diontae Johnson,WR,
2023,1025221853226340352,8,trade,complete,1698794446811,2023-10-31,10,cc5597,add,6151,Miles Sanders,RB,
2023,1025221853226340352,8,trade,complete,1698794446811,2023-10-31,10,cc5597,add,6804,Jordan Love,QB,
2023,1025221853226340352,8,trade,complete,1698794446811,2023-10-31,9,brockhusk,add,6845,Zack Moss,RB,
2023,1025221853226340352,8,trade,complete,1698794446811,2023-10-31,10,cc5597,drop,1837,Jimmy Garoppolo,QB,
2023,1025221853226340352,8,trade,complete,1698794446811,2023-10-31,10,cc5597,drop,5937,Diontae Johnson,WR,
2023,1025221853226340352,8,trade,complete,1698794446811,2023-10-31,9,brockhusk,drop,6151,Miles Sanders,RB,
2023,1025221853226340352,8,trade,complete,1698794446811,2023-10-31,9,brockhusk,drop,6804,Jordan Love,QB,
2023,1025221853226340352,8,trade,complete,1698794446811,2023-10-31,10,cc5597,drop,6845,Zack Moss,RB,
2023,1025111805271678976,8,waiver,complete,1698768209334,2023-10-31,6,JSanDusky69,add,LV,Las Vegas Raiders,DEF,0
2023,1025111805271678976,8,waiver,complete,1698768209334,2023-10-31,6,JSanDusky69,drop,MIA,Miami Dolphins,DEF,
2023,1025085173311856640,8,waiver,complete,1698761859780,2023-10-31,1,bgreenblatt,add,3969,Leonard Fournette,RB,12
2023,1025084264586506240,8,free_agent,complete,1698761643124,2023-10-31,10,cc5597,drop,1166,Kirk Cousins,QB,
2023,1025061396955938816,8,trade,complete,1698756191055,2023-10-31,10,cc5597,add,1837,Jimmy Garoppolo,QB,
2023,1025061396955938816,8,trade,complete,1698756191055,2023-10-31,1,bgreenblatt,drop,1837,Jimmy Garoppolo,QB,
2023,1025050523247943680,8,waiver,complete,1698753598561,2023-10-31,5,kaufmannc,add,8110,Jake Ferguson,TE,14
2023,1024794688085123072,8,free_agent,complete,1698692602705,2023-10-30,1,bgreenblatt,add,1837,Jimmy Garoppolo,QB,
2023,1024794688085123072,8,free_agent,complete,1698692602705,2023-10-30,1,bgreenblatt,drop,9482,Michael Mayer,TE,
2023,1024495822215798784,8,waiver,complete,1698621347529,2023-10-29,1,bgreenblatt,add,10235,Roschon Johnson,RB,0
2023,1024495822215798784,8,waiver,complete,1698621347529,2023-10-29,1,bgreenblatt,drop,8148,Jameson Williams,WR,
2023,1024445099801169920,8,waiver,failed,1698609254363,2023-10-29,4,jdrobny,add,9999,Will Levis,QB,0
2023,1024445099801169920,8,waiver,failed,1698609254363,2023-10-29,4,jdrobny,drop,WAS,Washington Commanders,DEF,
2023,1024403349963251712,8,free_agent,complete,1698599300426,2023-10-29,10,cc5597,add,1348,Dustin Hopkins,K,
2023,1024403349963251712,8,free_agent,complete,1698599300426,2023-10-29,10,cc5597,drop,5119,Jason Sanders,K,
2023,1024392778408763392,8,free_agent,complete,1698596779971,2023-10-29,7,KingTowsk,add,7922,Riley Patterson,K,
2023,1024392778408763392,8,free_agent,complete,1698596779971,2023-10-29,7,KingTowsk,drop,5001,Dalton Schultz,TE,
2023,1024053100442714112,8,waiver,complete,1698515794433,2023-10-28,10,cc5597,add,5119,Jason Sanders,K,0
2023,1024053100442714112,8,waiver,complete,1698515794433,2023-10-28,10,cc5597,drop,10235,Roschon Johnson,RB,
2023,1022983298894610432,8,free_agent,complete,1698260733868,2023-10-25,10,cc5597,drop,7922,Riley Patterson,K,
2023,1022973754864910336,8,free_agent,complete,1698258458394,2023-10-25,10,cc5597,drop,7066,K.J. Osborn,WR,
2023,1022958331142557696,8,waiver,complete,1698254781092,2023-10-25,2,Erjohnson14,add,10229,Rashee Rice,WR,5
2023,1022950062890094592,8,trade,complete,1698252809787,2023-10-25,2,Erjohnson14,add,4663,Austin Ekeler,RB,
2023,1022950062890094592,8,trade,complete,1698252809787,2023-10-25,10,cc5597,add,9509,Bijan Robinson,RB,
2023,1022950062890094592,8,trade,complete,1698252809787,2023-10-25,10,cc5597,add,9756,Jordan Addison,WR,
2023,1022950062890094592,8,trade,complete,1698252809787,2023-10-25,10,cc5597,drop,4663,Austin Ekeler,RB,
2023,1022950062890094592,8,trade,complete,1698252809787,2023-10-25,2,Erjohnson14,drop,9509,Bijan Robinson,RB,
2023,1022950062890094592,8,trade,complete,1698252809787,2023-10-25,2,Erjohnson14,drop,9756,Jordan Addison,WR,
2023,1022949036640256000,8,free_agent,complete,1698252565110,2023-10-25,9,brockhusk,drop,6659,Craig Reynolds,RB,
2023,1022932217203486720,8,waiver,complete,1698248555043,2023-10-25,2,Erjohnson14,add,8259,Cameron Dicker,K,2
2023,1022932217203486720,8,waiver,complete,1698248555043,2023-10-25,2,Erjohnson14,drop,4958,Brett Maher,K,
2023,1022928445805887488,8,waiver,complete,1698247655872,2023-10-25,7,KingTowsk,add,6011,Gardner Minshew,QB,2
2023,1022928445805887488,8,waiver,complete,1698247655872,2023-10-25,7,KingTowsk,drop,10229,Rashee Rice,WR,
2023,1022925543353696256,8,free_agent,complete,1698246963874,2023-10-25,7,KingTowsk,drop,5119,Jason Sanders,K,
2023,1022892574895448064,8,waiver,complete,1698239103581,2023-10-25,5,kaufmannc,add,4666,Younghoe Koo,K,0
2023,1022892574895448064,8,waiver,complete,1698239103581,2023-10-25,5,kaufmannc,drop,7042,Tyler Bass,K,
2023,1022892500954062848,8,waiver,failed,1698239085952,2023-10-25,5,kaufmannc,add,11533,Brandon Aubrey,K,3
2023,1022892500954062848,8,waiver,failed,1698239085952,2023-10-25,5,kaufmannc,drop,7042,Tyler Bass,K,
2023,1022891829651390464,8,free_agent,complete,1698238925901,2023-10-25,2,Erjohnson14,drop,5284,Jeff Wilson,RB,
2023,1027769222300094464,9,waiver,complete,1699401786926,2023-11-07,9,brockhusk,add,7042,Tyler Bass,K,0
2023,1027769222300094464,9,waiver,complete,1699401786926,2023-11-07,9,brockhusk,drop,ATL,Atlanta Falcons,DEF,
2023,1027768917680340992,9,waiver,complete,1699401714299,2023-11-07,9,brockhusk,add,9511,Keaton Mitchell,RB,16
2023,1027768917680340992,9,waiver,complete,1699401714299,2023-11-07,9,brockhusk,drop,7538,Zach Wilson,QB,
2023,1027749538934636544,9,free_agent,complete,1699397094046,2023-11-07,2,Erjohnson14,drop,2505,Darren Waller,TE,
2023,1027657660948103168,9,free_agent,complete,1699375188627,2023-11-07,5,kaufmannc,drop,5870,Daniel Jones,QB,
2023,1027655914305835008,9,waiver,complete,1699374772195,2023-11-07,10,cc5597,add,7608,Khalil Herbert,RB,16
2023,1027655914305835008,9,waiver,complete,1699374772195,2023-11-07,10,cc5597,drop,6151,Miles Sanders,RB,
2023,1027644349863043072,9,waiver,failed,1699372015017,2023-11-07,7,KingTowsk,add,5001,Dalton Schultz,TE,4
2023,1027644349863043072,9,waiver,failed,1699372015017,2023-11-07,7,KingTowsk,drop,6011,Gardner Minshew,QB,
2023,1027594567442317312,9,free_agent,complete,1699360145963,2023-11-07,1,bgreenblatt,drop,7527,Mac Jones,QB,
2023,1027274698335309824,9,waiver,complete,1699283883225,2023-11-06,9,brockhusk,add,7538,Zach Wilson,QB,0
2023,1027274698335309824,9,waiver,complete,1699283883225,2023-11-06,9,brockhusk,drop,5127,Kyle Allen,QB,
2023,1027051325680484352,9,free_agent,complete,1699230627034,2023-11-05,9,brockhusk,add,5127,Kyle Allen,QB,
2023,1027051325680484352,9,free_agent,complete,1699230627034,2023-11-05,9,brockhusk,drop,7538,Zach Wilson,QB,
2023,1027027585785626624,9,free_agent,complete,1699224967002,2023-11-05,9,brockhusk,add,7538,Zach Wilson,QB,
2023,1027027585785626624,9,free_agent,complete,1699224967002,2023-11-05,9,brockhusk,drop,1837,Jimmy Garoppolo,QB,
2023,1026966566476734464,9,waiver,complete,1699210418865,2023-11-05,1,bgreenblatt,add,6826,Cole Kmet,TE,11
2023,1026966566476734464,9,waiver,complete,1699210418865,2023-11-05,1,bgreenblatt,drop,10235,Roschon Johnson,RB,
2023,1026962256883580928,9,free_agent,complete,1699209391378,2023-11-05,1,bgreenblatt,add,CIN,Cincinnati Bengals,DEF,
2023,1026962256883580928,9,free_agent,complete,1699209391378,2023-11-05,1,bgreenblatt,drop,7670,Joshua Palmer,WR,
2023,1026603249941565440,9,waiver,complete,1699123797453,2023-11-04,1,bgreenblatt,add,7527,Mac Jones,QB,0
2023,1026603249941565440,9,waiver,complete,1699123797453,2023-11-04,1,bgreenblatt,drop,KC,Kansas City Chiefs,DEF,
2023,1026557138669289472,9,waiver,complete,1699112803669,2023-11-04,6,JSanDusky69,add,8119,Jahan Dotson,WR,0
2023,1026260193933344768,9,free_agent,complete,1699042006527,2023-11-03,6,JSanDusky69,drop,11199,Emari Demercado,RB,
2023,1025899432258125824,9,free_agent,complete,1698955994241,2023-11-02,2,Erjohnson14,add,7594,Chuba Hubbard,RB,
2023,1025480025635827712,9,waiver,complete,1698855999910,2023-11-01,4,jdrobny,add,10866,Aidan O'Connell,QB,0
2023,1025480025635827712,9,waiver,complete,1698855999910,2023-11-01,4,jdrobny,drop,WAS,Washington Commanders,DEF,
2023,1025478246080634880,9,waiver,complete,1698855575631,2023-11-01,10,cc5597,add,4381,Taysom Hill,TE,0
2023,1025472401020325888,9,waiver,complete,1698854182060,2023-11-01,7,KingTowsk,add,2711,Taylor Heinicke,QB,11
2023,1025472401020325888,9,waiver,complete,1698854182060,2023-11-01,7,KingTowsk,drop,8159,Desmond Ridder,QB,
2023,1025469995674980352,9,waiver,failed,1698853608581,2023-11-01,1,bgreenblatt,add,2711,Taylor Heinicke,QB,0
2023,1025469995674980352,9,waiver,failed,1698853608581,2023-11-01,1,bgreenblatt,drop,KC,Kansas City Chiefs,DEF,
2023,1025459639464435713,9,waiver,complete,1698851139468,2023-11-01,2,Erjohnson14,add,8130,Trey McBride,TE,16
2023,1025459639464435713,9,waiver,complete,1698851139468,2023-11-01,2,Erjohnson14,drop,5916,Darrell Henderson,RB,
2023,1025454340632412160,9,waiver,complete,1698849876128,2023-11-01,8,TylerWicks,add,8676,Rashid Shaheed,WR,5
2023,1025454340632412160,9,waiver,complete,1698849876128,2023-11-01,8,TylerWicks,drop,2197,Brandin Cooks,WR,
2023,1025453881796497408,9,waiver,complete,1698849766733,2023-11-01,8,TylerWicks,add,7066,K.J. Osborn,WR,20
2023,1025453881796497408,9,waiver,complete,1698849766733,2023-11-01,8,TylerWicks,drop,3214,Hunter Henry,TE,
2023,1025447228170678272,9,waiver,failed,1698848180385,2023-11-01,7,KingTowsk,add,NE,New England Patriots,DEF,0
2023,1025447228170678272,9,waiver,failed,1698848180385,2023-11-01,7,KingTowsk,drop,PHI,Philadelphia Eagles,DEF,
2023,1025447170255822848,9,waiver,failed,1698848166577,2023-11-01,7,KingTowsk,add,GB,Green Bay Packers,DEF,0
2023,1025447170255822848,9,waiver,failed,1698848166577,2023-11-01,7,KingTowsk,drop,PHI,Philadelphia Eagles,DEF,
2023,1025447023732019200,9,waiver,complete,1698848131643,2023-11-01,7,KingTowsk,add,LAC,Los Angeles Chargers,DEF,6
2023,1025447023732019200,9,waiver,complete,1698848131643,2023-11-01,7,KingTowsk,drop,PHI,Philadelphia Eagles,DEF,
2023,1025445493620498432,9,waiver,failed,1698847766836,2023-11-01,7,KingTowsk,add,5189,Eddy Pineiro,K,0
2023,1025445493620498432,9,waiver,failed,1698847766836,2023-11-01,7,KingTowsk,drop,7922,Riley Patterson,K,
2023,1025445420023062528,9,waiver,complete,1698847749289,2023-11-01,7,KingTowsk,add,6083,Matt Gay,K,2
2023,1025445420023062528,9,waiver,complete,1698847749289,2023-11-01,7,KingTowsk,drop,7922,Riley Patterson,K,
2023,1030350290307989504,10,waiver,complete,1700017161493,2023-11-14,5,kaufmannc,add,1433,Brandon McManus,K,0
2023,1030350290307989504,10,waiver,complete,1700017161493,2023-11-14,5,kaufmannc,drop,SEA,Seattle Seahawks,DEF,
2023,1030244538536816640,10,waiver,complete,1699991948306,2023-11-14,7,KingTowsk,add,5119,Jason Sanders,K,1
2023,1030244538536816640,10,waiver,complete,1699991948306,2023-11-14,7,KingTowsk,drop,5095,Daniel Carlson,K,
2023,1030244409612369920,10,waiver,failed,1699991917568,2023-11-14,7,KingTowsk,add,LAC,Los Angeles Chargers,DEF,0
2023,1030244409612369920,10,waiver,failed,1699991917568,2023-11-14,7,KingTowsk,drop,CHI,Chicago Bears,DEF,
2023,1030244365035319296,10,waiver,failed,1699991906940,2023-11-14,7,KingTowsk,add,DET,Detroit Lions,DEF,0
2023,1030244365035319296,10,waiver,failed,1699991906940,2023-11-14,7,KingTowsk,drop,CHI,Chicago Bears,DEF,
2023,1030244176761409536,10,waiver,complete,1699991862052,2023-11-14,7,KingTowsk,add,WAS,Washington Commanders,DEF,10
2023,1030244176761409536,10,waiver,complete,1699991862052,2023-11-14,7,KingTowsk,drop,CHI,Chicago Bears,DEF,
2023,1030226029740163072,10,waiver,complete,1699987535465,2023-11-14,10,cc5597,add,4234,Noah Brown,WR,31
2023,1030226029740163072,10,waiver,complete,1699987535465,2023-11-14,10,cc5597,drop,NO,New Orleans Saints,DEF,
2023,1030143648962273280,10,free_agent,complete,1699967894357,2023-11-14,1,bgreenblatt,drop,2251,Logan Thomas,TE,
2023,1030019342056587264,10,waiver,failed,1699938257281,2023-11-13,6,JSanDusky69,add,MIN,Minnesota Vikings,DEF,0
2023,1030019342056587264,10,waiver,failed,1699938257281,2023-11-13,6,JSanDusky69,drop,LV,Las Vegas Raiders,DEF,
2023,1030019254827671552,10,waiver,complete,1699938236484,2023-11-13,6,JSanDusky69,add,DET,Detroit Lions,DEF,6
2023,1030019254827671552,10,waiver,complete,1699938236484,2023-11-13,6,JSanDusky69,drop,LV,Las Vegas Raiders,DEF,
2023,1030019186984669184,10,waiver,failed,1699938220309,2023-11-13,6,JSanDusky69,add,WAS,Washington Commanders,DEF,5
2023,1030019186984669184,10,waiver,failed,1699938220309,2023-11-13,6,JSanDusky69,drop,LV,Las Vegas Raiders,DEF,
2023,1029487694616952832,10,free_agent,complete,1699811502654,2023-11-12,6,JSanDusky69,add,7922,Riley Patterson,K,
2023,1029487607908106240,10,free_agent,complete,1699811481981,2023-11-12,6,JSanDusky69,drop,4098,Kareem Hunt,RB,
2023,1029438646237233152,10,free_agent,complete,1699799808609,2023-11-12,3,MaxSirianni,drop,MIN,Minnesota Vikings,DEF,
2023,1028800257934680064,10,waiver,complete,1699647604977,2023-11-10,1,bgreenblatt,add,6130,Devin Singletary,RB,0
2023,1028533577455206400,10,free_agent,complete,1699584023396,2023-11-09,1,bgreenblatt,add,MIA,Miami Dolphins,DEF,
2023,1028533577455206400,10,free_agent,complete,1699584023396,2023-11-09,1,bgreenblatt,drop,CIN,Cincinnati Bengals,DEF,
2023,1028355345405554688,10,waiver,complete,1699541529564,2023-11-09,4,jdrobny,add,3225,Tyler Boyd,WR,0
2023,1028355345405554688,10,waiver,complete,1699541529564,2023-11-09,4,jdrobny,drop,7596,Elijah Moore,WR,
2023,1028091236181250048,10,waiver,complete,1699478561018,2023-11-08,5,kaufmannc,add,SEA,Seattle Seahawks,DEF,0
2023,1028060662544642048,10,waiver,complete,1699471271695,2023-11-08,10,cc5597,add,JAX,Jacksonville Jaguars,DEF,0
2023,1028015996520513536,10,waiver,complete,1699460622485,2023-11-08,7,KingTowsk,add,3214,Hunter Henry,TE,0
2023,1028015996520513536,10,waiver,complete,1699460622485,2023-11-08,7,KingTowsk,drop,6011,Gardner Minshew,QB,
2023,1028015894301147136,10,waiver,failed,1699460598114,2023-11-08,7,KingTowsk,add,6826,Cole Kmet,TE,0
2023,1028015894301147136,10,waiver,failed,1699460598114,2023-11-08,7,KingTowsk,drop,6011,Gardner Minshew,QB,
2023,1028014946413563904,10,waiver,failed,1699460372120,2023-11-08,7,KingTowsk,add,10955,Chad Ryland,K,0
2023,1028014946413563904,10,waiver,failed,1699460372120,2023-11-08,7,KingTowsk,drop,6083,Matt Gay,K,
2023,1028014874758062080,10,waiver,complete,1699460355036,2023-11-08,7,KingTowsk,add,5095,Daniel Carlson,K,0
2023,1028014874758062080,10,waiver,complete,1699460355036,2023-11-08,7,KingTowsk,drop,6083,Matt Gay,K,
2023,1028014507085430784,10,waiver,failed,1699460267376,2023-11-08,7,KingTowsk,add,SEA,Seattle Seahawks,DEF,0
2023,1028014507085430784,10,waiver,failed,1699460267376,2023-11-08,7,KingTowsk,drop,LAC,Los Angeles Chargers,DEF,
2023,1028014416652075008,10,waiver,failed,1699460245815,2023-11-08,7,KingTowsk,add,TEN,Tennessee Titans,DEF,0
2023,1028014416652075008,10,waiver,failed,1699460245815,2023-11-08,7,KingTowsk,drop,LAC,Los Angeles Chargers,DEF,
2023,1028014364189634560,10,waiver,complete,1699460233307,2023-11-08,7,KingTowsk,add,CHI,Chicago Bears,DEF,1
2023,1028014364189634560,10,waiver,complete,1699460233307,2023-11-08,7,KingTowsk,drop,LAC,Los Angeles Chargers,DEF,
2023,1028000570117931008,10,waiver,complete,1699456944544,2023-11-08,2,Erjohnson14,add,5001,Dalton Schultz,TE,18
2023,1028000570117931008,10,waiver,complete,1699456944544,2023-11-08,2,Erjohnson14,drop,8129,Dameon Pierce,RB,
2023,1032716584600629248,11,trade,complete,1700581330016,2023-11-21,6,JSanDusky69,add,5947,Jakobi Meyers,WR,
2023,1032716584600629248,11,trade,complete,1700581330016,2023-11-21,6,JSanDusky69,add,8138,James Cook,RB,
2023,1032716584600629248,11,trade,complete,1700581330016,2023-11-21,7,KingTowsk,add,9226,De'Von Achane,RB,
2023,1032716584600629248,11,trade,complete,1700581330016,2023-11-21,7,KingTowsk,drop,5947,Jakobi Meyers,WR,
2023,1032716584600629248,11,trade,complete,1700581330016,2023-11-21,7,KingTowsk,drop,8138,James Cook,RB,
2023,1032716584600629248,11,trade,complete,1700581330016,2023-11-21,6,JSanDusky69,drop,9226,De'Von Achane,RB,
2023,1032701902519201792,11,trade,complete,1700577829535,2023-11-21,3,MaxSirianni,add,4866,Saquon Barkley,RB,
2023,1032701902519201792,11,trade,complete,1700577829535,2023-11-21,3,MaxSirianni,add,7523,Trevor Lawrence,QB,
2023,1032701902519201792,11,trade,complete,1700577829535,2023-11-21,1,bgreenblatt,add,7543,Travis Etienne,RB,
2023,1032701902519201792,11,trade,complete,1700577829535,2023-11-21,1,bgreenblatt,add,9999,Will Levis,QB,
2023,1032701902519201792,11,trade,complete,1700577829535,2023-11-21,1,bgreenblatt,drop,4866,Saquon Barkley,RB,
2023,1032701902519201792,11,trade,complete,1700577829535,2023-11-21,1,bgreenblatt,drop,7523,Trevor Lawrence,QB,
2023,1032701902519201792,11,trade,complete,1700577829535,2023-11-21,3,MaxSirianni,drop,7543,Travis Etienne,RB,
2023,1032701902519201792,11,trade,complete,1700577829535,2023-11-21,3,MaxSirianni,drop,9999,Will Levis,QB,
2023,1032699927207526400,11,waiver,complete,1700577358584,2023-11-21,2,Erjohnson14,add,KC,Kansas City Chiefs,DEF,18
2023,1032699927207526400,11,waiver,complete,1700577358584,2023-11-21,2,Erjohnson14,drop,7594,Chuba Hubbard,RB,
2023,1032698717154918400,11,free_agent,complete,1700577070085,2023-11-21,6,JSanDusky69,drop,7922,Riley Patterson,K,
2023,1032695682953506816,11,waiver,complete,1700576346675,2023-11-21,3,MaxSirianni,add,6111,Jake Browning,QB,2
2023,1032695682953506816,11,waiver,complete,1700576346675,2023-11-21,3,MaxSirianni,drop,6770,Joe Burrow,QB,
2023,1032418123858706432,11,waiver,complete,1700510171430,2023-11-20,1,bgreenblatt,add,5012,Mark Andrews,TE,9
2023,1032418123858706432,11,waiver,complete,1700510171430,2023-11-20,1,bgreenblatt,drop,3969,Leonard Fournette,RB,
2023,1032405771411079168,11,free_agent,complete,1700507226377,2023-11-20,10,cc5597,drop,6943,Gabe Davis,WR,
2023,1032189353138941952,11,waiver,complete,1700455628240,2023-11-19,6,JSanDusky69,add,4098,Kareem Hunt,RB,0
2023,1032189246494609408,11,waiver,complete,1700455602814,2023-11-19,6,JSanDusky69,add,2078,Odell Beckham,WR,0
2023,1032188098836398080,11,free_agent,complete,1700455329191,2023-11-19,6,JSanDusky69,drop,9228,Bryce Young,QB,
2023,1032063911836745728,11,free_agent,complete,1700425720703,2023-11-19,6,JSanDusky69,drop,8119,Jahan Dotson,WR,
2023,1032017648579739648,11,free_agent,complete,1700414690683,2023-11-19,7,KingTowsk,drop,2711,Taylor Heinicke,QB,
2023,1031980278052438016,11,waiver,complete,1700405780855,2023-11-19,7,KingTowsk,add,8159,Desmond Ridder,QB,0
2023,1031980278052438016,11,waiver,complete,1700405780855,2023-11-19,7,KingTowsk,drop,10235,Roschon Johnson,RB,
2023,1031108875271528448,11,waiver,complete,1700198022242,2023-11-16,4,jdrobny,add,7553,Kyle Pitts,TE,0
2023,1031108875271528448,11,waiver,complete,1700198022242,2023-11-16,4,jdrobny,drop,5012,Mark Andrews,TE,
2023,1030928358441304064,11,free_agent,complete,1700154983676,2023-11-16,9,brockhusk,add,LAC,Los Angeles Chargers,DEF,
2023,1030928358441304064,11,free_agent,complete,1700154983676,2023-11-16,9,brockhusk,drop,7042,Tyler Bass,K,
2023,1030906723315318784,11,waiver,complete,1700149825460,2023-11-16,8,TylerWicks,add,10862,Dorian Thompson-Robinson,QB,0
2023,1030906723315318784,11,waiver,complete,1700149825460,2023-11-16,8,TylerWicks,drop,4335,P.J. Walker,QB,
2023,1030573712199876608,11,waiver,complete,1700070429423,2023-11-15,2,Erjohnson14,add,2197,Brandin Cooks,WR,0
2023,1030571737232015360,11,waiver,complete,1700069958554,2023-11-15,6,JSanDusky69,add,2251,Logan Thomas,TE,0
2023,1030571737232015360,11,waiver,complete,1700069958554,2023-11-15,6,JSanDusky69,drop,7553,Kyle Pitts,TE,
2023,1030569326509637632,11,free_agent,complete,1700069383793,2023-11-15,8,TylerWicks,drop,8676,Rashid Shaheed,WR,
2023,1030563769006571520,11,trade,complete,1700068058781,2023-11-15,8,TylerWicks,add,2216,Mike Evans,WR,
2023,1030563769006571520,11,trade,complete,1700068058781,2023-11-15,2,Erjohnson14,add,5859,A.J. Brown,WR,
2023,1030563769006571520,11,trade,complete,1700068058781,2023-11-15,8,TylerWicks,add,7525,DeVonta Smith,WR,
2023,1030563769006571520,11,trade,complete,1700068058781,2023-11-15,2,Erjohnson14,drop,2216,Mike Evans,WR,
2023,1030563769006571520,11,trade,complete,1700068058781,2023-11-15,8,TylerWicks,drop,5859,A.J. Brown,WR,
2023,1030563769006571520,11,trade,complete,1700068058781,2023-11-15,2,Erjohnson14,drop,7525,DeVonta Smith,WR,
2023,1030536661362384896,11,waiver,complete,1700061595815,2023-11-15,7,KingTowsk,add,10235,Roschon Johnson,RB,0
2023,1030536661362384896,11,waiver,complete,1700061595815,2023-11-15,7,KingTowsk,drop,3214,Hunter Henry,TE,
2023,1030536577707024384,11,waiver,failed,1700061575870,2023-11-15,7,KingTowsk,add,8230,Ty Chandler,RB,0
2023,1030536577707024384,11,waiver,failed,1700061575870,2023-11-15,7,KingTowsk,drop,3214,Hunter Henry,TE,
2023,1030536445523558400,11,waiver,failed,1700061544355,2023-11-15,9,brockhusk,add,WAS,Washington Commanders,DEF,1
2023,1030536445523558400,11,waiver,failed,1700061544355,2023-11-15,9,brockhusk,drop,7042,Tyler Bass,K,
2023,1030536108041523200,11,waiver,failed,1700061463893,2023-11-15,7,KingTowsk,add,10235,Roschon Johnson,RB,0
2023,1030536044351004672,11,waiver,complete,1700061448708,2023-11-15,7,KingTowsk,add,8230,Ty Chandler,RB,0
2023,1030535228055527424,11,waiver,failed,1700061254088,2023-11-15,7,KingTowsk,add,KC,Kansas City Chiefs,DEF,0
2023,1030535228055527424,11,waiver,failed,1700061254088,2023-11-15,7,KingTowsk,drop,CHI,Chicago Bears,DEF,
2023,1030516195339894784,11,waiver,complete,1700056716335,2023-11-15,8,TylerWicks,add,4335,P.J. Walker,QB,3
2023,1030516195339894784,11,waiver,complete,1700056716335,2023-11-15,8,TylerWicks,drop,4017,Deshaun Watson,QB,
2023,1035412268466417664,12,waiver,complete,1701224031133,2023-11-28,7,KingTowsk,add,4089,Gerald Everett,TE,0
2023,1035412268466417664,12,waiver,complete,1701224031133,2023-11-28,7,KingTowsk,drop,8230,Ty Chandler,RB,
2023,1035411025471815680,12,free_agent,complete,1701223734780,2023-11-28,7,KingTowsk,drop,NE,New England Patriots,DEF,
2023,1035391718868291584,12,waiver,failed,1701219131727,2023-11-28,9,brockhusk,add,7600,Pat Freiermuth,TE,1
2023,1035375868689993728,12,waiver,failed,1701215352751,2023-11-28,4,jdrobny,add,6083,Matt Gay,K,0
2023,1035375821889859584,12,waiver,failed,1701215341592,2023-11-28,4,jdrobny,add,7922,Riley Patterson,K,0
2023,1035375794757009408,12,waiver,failed,1701215335123,2023-11-28,4,jdrobny,add,5119,Jason Sanders,K,0
2023,1035372565369511936,12,waiver,complete,1701214565177,2023-11-28,9,brockhusk,add,TB,Tampa Bay Buccaneers,DEF,2
2023,1035372565369511936,12,waiver,complete,1701214565177,2023-11-28,9,brockhusk,drop,TEN,Tennessee Titans,DEF,
2023,1035372509048410112,12,waiver,complete,1701214551749,2023-11-28,9,brockhusk,add,8160,Kenny Pickett,QB,0
2023,1035329282354065408,12,waiver,failed,1701204245702,2023-11-28,10,cc5597,add,8119,Jahan Dotson,WR,26
2023,1035312657676496896,12,waiver,failed,1701200282071,2023-11-28,2,Erjohnson14,add,5119,Jason Sanders,K,0
2023,1035312657676496896,12,waiver,failed,1701200282071,2023-11-28,2,Erjohnson14,drop,8259,Cameron Dicker,K,
2023,1035269158449074176,12,waiver,complete,1701189911046,2023-11-28,5,kaufmannc,add,5119,Jason Sanders,K,3
2023,1035269158449074176,12,waiver,complete,1701189911046,2023-11-28,5,kaufmannc,drop,4666,Younghoe Koo,K,
2023,1035268432058572800,12,waiver,complete,1701189737861,2023-11-28,5,kaufmannc,add,8159,Desmond Ridder,QB,0
2023,1035268432058572800,12,waiver,complete,1701189737861,2023-11-28,5,kaufmannc,drop,8110,Jake Ferguson,TE,
2023,1035263242895036416,12,waiver,complete,1701188500668,2023-11-28,10,cc5597,add,8119,Jahan Dotson,WR,26
2023,1035254329780920320,12,waiver,complete,1701186375616,2023-11-28,6,JSanDusky69,add,LAC,Los Angeles Chargers,DEF,0
2023,1035254329780920320,12,waiver,complete,1701186375616,2023-11-28,6,JSanDusky69,drop,DET,Detroit Lions,DEF,
2023,1035254244347060224,12,waiver,failed,1701186355247,2023-11-28,6,JSanDusky69,add,TB,Tampa Bay Buccaneers,DEF,2
2023,1035254244347060224,12,waiver,failed,1701186355247,2023-11-28,6,JSanDusky69,drop,DET,Detroit Lions,DEF,
2023,1035086831409004544,12,waiver,complete,1701146440892,2023-11-27,1,bgreenblatt,add,7600,Pat Freiermuth,TE,5
2023,1035086831409004544,12,waiver,complete,1701146440892,2023-11-27,1,bgreenblatt,drop,8131,Isaiah Likely,TE,
2023,1034523935389507584,12,waiver,complete,1701012236023,2023-11-26,7,KingTowsk,add,ATL,Atlanta Falcons,DEF,0
2023,1034523935389507584,12,waiver,complete,1701012236023,2023-11-26,7,KingTowsk,drop,6421,Jalen Guyton,WR,
2023,1033598130505359360,12,free_agent,complete,1700791506938,2023-11-23,9,brockhusk,add,TEN,Tennessee Titans,DEF,
2023,1033598130505359360,12,free_agent,complete,1700791506938,2023-11-23,9,brockhusk,drop,LAC,Los Angeles Chargers,DEF,
2023,1033408969869578240,12,waiver,failed,1700746407528,2023-11-23,7,KingTowsk,add,10222,Jayden Reed,WR,0
2023,1033408940870107136,12,waiver,complete,1700746400614,2023-11-23,7,KingTowsk,add,6943,Gabe Davis,WR,0
2023,1033133313180999680,12,waiver,complete,1700680685852,2023-11-22,7,KingTowsk,add,1433,Brandon McManus,K,0
2023,1033133313180999680,12,waiver,complete,1700680685852,2023-11-22,7,KingTowsk,drop,5119,Jason Sanders,K,
2023,1033102211854749696,12,waiver,complete,1700673270718,2023-11-22,1,bgreenblatt,add,8131,Isaiah Likely,TE,5
2023,1033092266392436736,12,trade,complete,1700670899535,2023-11-22,2,Erjohnson14,add,6804,Jordan Love,QB,
2023,1033092266392436736,12,trade,complete,1700670899535,2023-11-22,10,cc5597,add,8162,Sam Howell,QB,
2023,1033092266392436736,12,trade,complete,1700670899535,2023-11-22,10,cc5597,add,8228,Jaylen Warren,RB,
2023,1033092266392436736,12,trade,complete,1700670899535,2023-11-22,2,Erjohnson14,add,9509,Bijan Robinson,RB,
2023,1033092266392436736,12,trade,complete,1700670899535,2023-11-22,10,cc5597,drop,6804,Jordan Love,QB,
2023,1033092266392436736,12,trade,complete,1700670899535,2023-11-22,2,Erjohnson14,drop,8162,Sam Howell,QB,
2023,1033092266392436736,12,trade,complete,1700670899535,2023-11-22,2,Erjohnson14,drop,8228,Jaylen Warren,RB,
2023,1033092266392436736,12,trade,complete,1700670899535,2023-11-22,10,cc5597,drop,9509,Bijan Robinson,RB,
2023,1033061878794117120,12,free_agent,complete,1700663654567,2023-11-22,5,kaufmannc,drop,1433,Brandon McManus,K,
2023,1033056289070477312,12,waiver,failed,1700662321873,2023-11-22,7,KingTowsk,add,8131,Isaiah Likely,TE,0
2023,1033056102423953408,12,waiver,failed,1700662277373,2023-11-22,7,KingTowsk,add,8148,Jameson Williams,WR,0
2023,1033056059923050496,12,waiver,complete,1700662267240,2023-11-22,7,KingTowsk,add,6421,Jalen Guyton,WR,0
2023,1033056007506800640,12,waiver,failed,1700662254743,2023-11-22,7,KingTowsk,add,10222,Jayden Reed,WR,0
2023,1033055452529049600,12,waiver,complete,1700662122426,2023-11-22,7,KingTowsk,add,6011,Gardner Minshew,QB,2
2023,1033055452529049600,12,waiver,complete,1700662122426,2023-11-22,7,KingTowsk,drop,8159,Desmond Ridder,QB,
2023,1033054740919234560,12,waiver,failed,1700661952765,2023-11-22,7,KingTowsk,add,KC,Kansas City Chiefs,DEF,0
2023,1033054740919234560,12,waiver,failed,1700661952765,2023-11-22,7,KingTowsk,drop,WAS,Washington Commanders,DEF,
2023,1033054692647055360,12,waiver,failed,1700661941256,2023-11-22,7,KingTowsk,add,CIN,Cincinnati Bengals,DEF,0
2023,1033054692647055360,12,waiver,failed,1700661941256,2023-11-22,7,KingTowsk,drop,WAS,Washington Commanders,DEF,
2023,1033054620903464960,12,waiver,failed,1700661924151,2023-11-22,7,KingTowsk,add,TEN,Tennessee Titans,DEF,0
2023,1033054620903464960,12,waiver,failed,1700661924151,2023-11-22,7,KingTowsk,drop,WAS,Washington Commanders,DEF,
2023,1033054569519038464,12,waiver,failed,1700661911900,2023-11-22,7,KingTowsk,add,DEN,Denver Broncos,DEF,1
2023,1033054569519038464,12,waiver,failed,1700661911900,2023-11-22,7,KingTowsk,drop,WAS,Washington Commanders,DEF,
2023,1033054502972248064,12,waiver,complete,1700661896034,2023-11-22,7,KingTowsk,add,NE,New England Patriots,DEF,3
2023,1033054502972248064,12,waiver,complete,1700661896034,2023-11-22,7,KingTowsk,drop,WAS,Washington Commanders,DEF,
2023,1037984313733689344,13,waiver,complete,1701837254511,2023-12-05,10,cc5597,add,HOU,Houston Texans,DEF,20
2023,1037984313733689344,13,waiver,complete,1701837254511,2023-12-05,10,cc5597,drop,LAR,Los Angeles Rams,DEF,
2023,1037956855416459264,13,waiver,failed,1701830707938,2023-12-05,9,brockhusk,add,HOU,Houston Texans,DEF,4
2023,1037956855416459264,13,waiver,failed,1701830707938,2023-12-05,9,brockhusk,drop,TB,Tampa Bay Buccaneers,DEF,
2023,1037884805205041152,13,waiver,complete,1701813529829,2023-12-05,2,Erjohnson14,add,4381,Taysom Hill,TE,3
2023,1037884805205041152,13,waiver,complete,1701813529829,2023-12-05,2,Erjohnson14,drop,5001,Dalton Schultz,TE,
2023,1037819727021854720,13,waiver,complete,1701798013981,2023-12-05,2,Erjohnson14,add,6083,Matt Gay,K,2
2023,1037819727021854720,13,waiver,complete,1701798013981,2023-12-05,2,Erjohnson14,drop,8259,Cameron Dicker,K,
2023,1037818914677276672,13,free_agent,complete,1701797820303,2023-12-05,7,KingTowsk,drop,9502,Tank Dell,WR,
2023,1037818832749936640,13,free_agent,complete,1701797800770,2023-12-05,7,KingTowsk,drop,ATL,Atlanta Falcons,DEF,
2023,1037784100108582912,13,free_agent,complete,1701789519863,2023-12-05,5,kaufmannc,drop,8159,Desmond Ridder,QB,
2023,1037773292825821184,13,free_agent,complete,1701786943206,2023-12-05,2,Erjohnson14,drop,10222,Jayden Reed,WR,
2023,1037087990323052544,13,free_agent,complete,1701623554357,2023-12-03,9,brockhusk,add,8111,Cade Otton,TE,
2023,1037087990323052544,13,free_agent,complete,1701623554357,2023-12-03,9,brockhusk,drop,4111,D'Onta Foreman,RB,
2023,1037070925134548992,13,waiver,complete,1701619485699,2023-12-03,4,jdrobny,add,7568,Brevin Jordan,TE,0
2023,1037070925134548992,13,waiver,complete,1701619485699,2023-12-03,4,jdrobny,drop,7553,Kyle Pitts,TE,
2023,1037066059544764416,13,waiver,complete,1701618325652,2023-12-03,7,KingTowsk,add,8148,Jameson Williams,WR,0
2023,1037066059544764416,13,waiver,complete,1701618325652,2023-12-03,7,KingTowsk,drop,96,Aaron Rodgers,QB,
2023,1036683894554333184,13,waiver,complete,1701527210418,2023-12-02,2,Erjohnson14,add,10222,Jayden Reed,WR,0
2023,1036330580100775936,13,waiver,complete,1701442973688,2023-12-01,4,jdrobny,add,8110,Jake Ferguson,TE,0
2023,1036330580100775936,13,waiver,complete,1701442973688,2023-12-01,4,jdrobny,drop,3225,Tyler Boyd,WR,
2023,1036003925725372416,13,free_agent,complete,1701365093216,2023-11-30,7,KingTowsk,add,GB,Green Bay Packers,DEF,
2023,1035989688248688640,13,waiver,complete,1701361698737,2023-11-30,10,cc5597,add,LAR,Los Angeles Rams,DEF,2
2023,1035989688248688640,13,waiver,complete,1701361698737,2023-11-30,10,cc5597,drop,4381,Taysom Hill,TE,
2023,1035984565485158400,13,waiver,complete,1701360477375,2023-11-30,8,TylerWicks,add,IND,Indianapolis Colts,DEF,0
2023,1035984565485158400,13,waiver,complete,1701360477375,2023-11-30,8,TylerWicks,drop,10862,Dorian Thompson-Robinson,QB,
2023,1035654632611221504,13,waiver,complete,1701281815248,2023-11-29,4,jdrobny,add,7922,Riley Patterson,K,0
2023,1035654632611221504,13,waiver,complete,1701281815248,2023-11-29,4,jdrobny,drop,6945,Antonio Gibson,RB,
2023,1035654590026301440,13,free_agent,complete,1701281805095,2023-11-29,10,cc5597,drop,7608,Khalil Herbert,RB,
2023,1035646292237901824,13,waiver,complete,1701279826748,2023-11-29,7,KingTowsk,add,96,Aaron Rodgers,QB,0
2023,1035646292237901824,13,waiver,complete,1701279826748,2023-11-29,7,KingTowsk,drop,4089,Gerald Everett,TE,
2023,1035585065373421568,13,waiver,complete,1701265229126,2023-11-29,6,JSanDusky69,add,NO,New Orleans Saints,DEF,0
2023,1035584863090327552,13,free_agent,complete,1701265180898,2023-11-29,6,JSanDusky69,drop,4098,Kareem Hunt,RB,
2023,1035584640829964288,13,free_agent,complete,1701265127907,2023-11-29,6,JSanDusky69,drop,2078,Odell Beckham,WR,
2023,1040510750147637248,14,waiver,failed,1702439603891,2023-12-12,4,jdrobny,add,ATL,Atlanta Falcons,DEF,0
2023,1040510750147637248,14,waiver,failed,1702439603891,2023-12-12,4,jdrobny,drop,NE,New England Patriots,DEF,
2023,1040372335594807296,14,waiver,failed,1702406603290,2023-12-12,7,KingTowsk,add,DEN,Denver Broncos,DEF,0
2023,1040372335594807296,14,waiver,failed,1702406603290,2023-12-12,7,KingTowsk,drop,8148,Jameson Williams,WR,
2023,1040358771916206080,14,waiver,complete,1702403369457,2023-12-12,4,jdrobny,add,CIN,Cincinnati Bengals,DEF,0
2023,1040358771916206080,14,waiver,complete,1702403369457,2023-12-12,4,jdrobny,drop,NE,New England Patriots,DEF,
2023,1040358709924302848,14,waiver,complete,1702403354677,2023-12-12,4,jdrobny,add,19,Joe Flacco,QB,0
2023,1040324774083424256,14,waiver,complete,1702395263742,2023-12-12,6,JSanDusky69,add,11292,Tommy DeVito,QB,1
2023,1040324774083424256,14,waiver,complete,1702395263742,2023-12-12,6,JSanDusky69,drop,5248,Gus Edwards,RB,
2023,1040324599860551680,14,waiver,complete,1702395222204,2023-12-12,6,JSanDusky69,add,DEN,Denver Broncos,DEF,8
2023,1040324599860551680,14,waiver,complete,1702395222204,2023-12-12,6,JSanDusky69,drop,2251,Logan Thomas,TE,
2023,1040324151711453184,14,free_agent,complete,1702395115357,2023-12-12,2,Erjohnson14,drop,6820,Clyde Edwards-Helaire,RB,
2023,1040290975567925248,14,free_agent,complete,1702387205548,2023-12-12,4,jdrobny,drop,10866,Aidan O'Connell,QB,
2023,1040235892738428928,14,waiver,complete,1702374072778,2023-12-12,1,bgreenblatt,add,2078,Odell Beckham,WR,5
2023,1040235762156916736,14,free_agent,complete,1702374041645,2023-12-12,1,bgreenblatt,drop,5012,Mark Andrews,TE,
2023,1039677431285780481,14,free_agent,complete,1702240925192,2023-12-10,2,Erjohnson14,add,6820,Clyde Edwards-Helaire,RB,
2023,1039677351761776640,14,free_agent,complete,1702240906232,2023-12-10,2,Erjohnson14,drop,4381,Taysom Hill,TE,
2023,1039624954150621184,14,free_agent,complete,1702228413668,2023-12-10,2,Erjohnson14,add,8131,Isaiah Likely,TE,
2023,1038937345216815104,14,waiver,complete,1702064474923,2023-12-08,1,bgreenblatt,add,2161,Jerick McKinnon,RB,10
2023,1038937345216815104,14,waiver,complete,1702064474923,2023-12-08,1,bgreenblatt,drop,7600,Pat Freiermuth,TE,
2023,1038897682703888384,14,waiver,complete,1702055018643,2023-12-08,5,kaufmannc,add,4080,Zay Jones,WR,1
2023,1038552327847759872,14,free_agent,complete,1701972679629,2023-12-07,9,brockhusk,add,7594,Chuba Hubbard,RB,
2023,1038552327847759872,14,free_agent,complete,1701972679629,2023-12-07,9,brockhusk,drop,7596,Elijah Moore,WR,
2023,1038551965799632896,14,free_agent,complete,1701972593310,2023-12-07,9,brockhusk,add,PHI,Philadelphia Eagles,DEF,
2023,1038551965799632896,14,free_agent,complete,1701972593310,2023-12-07,9,brockhusk,drop,TB,Tampa Bay Buccaneers,DEF,
2023,1038551659917430784,14,free_agent,complete,1701972520382,2023-12-07,9,brockhusk,add,7596,Elijah Moore,WR,
2023,1038551659917430784,14,free_agent,complete,1701972520382,2023-12-07,9,brockhusk,drop,8111,Cade Otton,TE,
2023,1038482490425700352,14,waiver,complete,1701956029090,2023-12-07,7,KingTowsk,add,8159,Desmond Ridder,QB,9
2023,1038183013445918720,14,waiver,complete,1701884628214,2023-12-06,9,brockhusk,add,7538,Zach Wilson,QB,1
2023,1038183013445918720,14,waiver,complete,1701884628214,2023-12-06,9,brockhusk,drop,8160,Kenny Pickett,QB,
2023,1038174059386740736,14,waiver,complete,1701882493400,2023-12-06,4,jdrobny,add,3164,Ezekiel Elliott,RB,0
2023,1038173923374022656,14,waiver,complete,1701882460972,2023-12-06,4,jdrobny,add,NE,New England Patriots,DEF,0
2023,1038173672873213952,14,free_agent,complete,1701882401248,2023-12-06,4,jdrobny,drop,7922,Riley Patterson,K,
2023,1038173633836826624,14,free_agent,complete,1701882391941,2023-12-06,4,jdrobny,drop,7568,Brevin Jordan,TE,
2023,1038164067560697856,14,waiver,complete,1701880111163,2023-12-06,7,KingTowsk,add,4666,Younghoe Koo,K,0
2023,1038164067560697856,14,waiver,complete,1701880111163,2023-12-06,7,KingTowsk,drop,1433,Brandon McManus,K,
2023,1038163886194712576,14,waiver,failed,1701880067922,2023-12-06,7,KingTowsk,add,HOU,Houston Texans,DEF,8
2023,1042901530237587456,15,waiver,failed,1703009610283,2023-12-19,7,KingTowsk,add,5001,Dalton Schultz,TE,0
2023,1042901530237587456,15,waiver,failed,1703009610283,2023-12-19,7,KingTowsk,drop,WAS,Washington Commanders,DEF,
2023,1042900467686170624,15,waiver,complete,1703009356951,2023-12-19,7,KingTowsk,add,2711,Taylor Heinicke,QB,9
2023,1042875504501538816,15,free_agent,complete,1703003405264,2023-12-19,7,KingTowsk,drop,8159,Desmond Ridder,QB,
2023,1042830687683846144,15,waiver,failed,1702992720102,2023-12-19,1,bgreenblatt,add,2711,Taylor Heinicke,QB,5
2023,1042830687683846144,15,waiver,failed,1702992720102,2023-12-19,1,bgreenblatt,drop,9999,Will Levis,QB,
2023,1042691892749766656,15,free_agent,complete,1702959628811,2023-12-18,1,bgreenblatt,drop,2078,Odell Beckham,WR,
2023,1042345119808757760,15,waiver,complete,1702876951699,2023-12-17,9,brockhusk,add,6820,Clyde Edwards-Helaire,RB,6
2023,1042345119808757760,15,waiver,complete,1702876951699,2023-12-17,9,brockhusk,drop,9511,Keaton Mitchell,RB,
2023,1042175612905033728,15,free_agent,complete,1702836538104,2023-12-17,5,kaufmannc,add,5854,Drew Lock,QB,
2023,1042170753262784512,15,free_agent,complete,1702835379475,2023-12-17,8,TylerWicks,add,2307,Marcus Mariota,QB,
2023,1041917133720444928,15,waiver,complete,1702774911864,2023-12-16,7,KingTowsk,add,10222,Jayden Reed,WR,0
2023,1041917133720444928,15,waiver,complete,1702774911864,2023-12-16,7,KingTowsk,drop,6943,Gabe Davis,WR,
2023,1041456088849211392,15,waiver,complete,1702664990201,2023-12-15,1,bgreenblatt,add,6945,Antonio Gibson,RB,0
2023,1041456088849211392,15,waiver,complete,1702664990201,2023-12-15,1,bgreenblatt,drop,7670,Joshua Palmer,WR,
2023,1041431730328084480,15,waiver,complete,1702659182677,2023-12-15,10,cc5597,add,7553,Kyle Pitts,TE,0
2023,1041405642562424832,15,free_agent,complete,1702652962869,2023-12-15,6,JSanDusky69,drop,LAC,Los Angeles Chargers,DEF,
2023,1041194770326065152,15,free_agent,complete,1702602687010,2023-12-14,10,cc5597,drop,JAX,Jacksonville Jaguars,DEF,
2023,1041194208834588672,15,free_agent,complete,1702602553140,2023-12-14,10,cc5597,add,8230,Ty Chandler,RB,
2023,1040800376993292288,15,waiver,complete,1702508656312,2023-12-13,1,bgreenblatt,add,7670,Joshua Palmer,WR,0
2023,1040800376993292288,15,waiver,complete,1702508656312,2023-12-13,1,bgreenblatt,drop,PIT,Pittsburgh Steelers,DEF,
2023,1040800309574057984,15,waiver,complete,1702508640238,2023-12-13,1,bgreenblatt,add,4464,Nick Mullens,QB,0
2023,1040800236597231616,15,free_agent,complete,1702508622839,2023-12-13,1,bgreenblatt,drop,6797,Justin Herbert,QB,
2023,1040719092669337600,15,waiver,complete,1702489276619,2023-12-13,7,KingTowsk,add,WAS,Washington Commanders,DEF,0
2023,1040719092669337600,15,waiver,complete,1702489276619,2023-12-13,7,KingTowsk,drop,8148,Jameson Williams,WR,
2023,1040667451509436416,15,waiver,failed,1702476964407,2023-12-13,1,bgreenblatt,add,7670,Joshua Palmer,WR,0
2023,1040667385348468736,15,waiver,failed,1702476948633,2023-12-13,1,bgreenblatt,add,19,Joe Flacco,QB,0
2023,1040667385348468736,15,waiver,failed,1702476948633,2023-12-13,1,bgreenblatt,drop,9999,Will Levis,QB,
2023,1040666323417669632,15,waiver,complete,1702476695449,2023-12-13,5,kaufmannc,add,9224,Chase Brown,RB,0
2023,1040666096480636928,15,free_agent,complete,1702476641343,2023-12-13,5,kaufmannc,drop,4179,Joshua Dobbs,QB,
2023,1045573433297399808,16,waiver,failed,1703646641614,2023-12-26,1,bgreenblatt,add,LAR,Los Angeles Rams,DEF,0
2023,1045573433297399808,16,waiver,failed,1703646641614,2023-12-26,1,bgreenblatt,drop,6943,Gabe Davis,WR,
2023,1045573089062617088,16,waiver,complete,1703646559542,2023-12-26,1,bgreenblatt,add,5001,Dalton Schultz,TE,0
2023,1045573089062617088,16,waiver,complete,1703646559542,2023-12-26,1,bgreenblatt,drop,4082,Curtis Samuel,WR,
2023,1045479122862149632,16,waiver,failed,1703624156254,2023-12-26,7,KingTowsk,add,ATL,Atlanta Falcons,DEF,10
2023,1045479122862149632,16,waiver,failed,1703624156254,2023-12-26,7,KingTowsk,drop,GB,Green Bay Packers,DEF,
2023,1045478988925370368,16,waiver,complete,1703624124321,2023-12-26,7,KingTowsk,add,LAR,Los Angeles Rams,DEF,10
2023,1045478988925370368,16,waiver,complete,1703624124321,2023-12-26,7,KingTowsk,drop,GB,Green Bay Packers,DEF,
2023,1045478947422601216,16,waiver,failed,1703624114426,2023-12-26,7,KingTowsk,add,JAX,Jacksonville Jaguars,DEF,10
2023,1045478947422601216,16,waiver,failed,1703624114426,2023-12-26,7,KingTowsk,drop,GB,Green Bay Packers,DEF,
2023,1045478305132003328,16,free_agent,complete,1703623961293,2023-12-26,7,KingTowsk,drop,7670,Joshua Palmer,WR,
2023,1044428141781389312,16,waiver,complete,1703373582838,2023-12-23,7,KingTowsk,add,9486,Dontayvion Wicks,WR,0
2023,1044377126356897792,16,waiver,failed,1703361419813,2023-12-23,1,bgreenblatt,add,9486,Dontayvion Wicks,WR,0
2023,1044377126356897792,16,waiver,failed,1703361419813,2023-12-23,1,bgreenblatt,drop,6943,Gabe Davis,WR,
2023,1043695047918567424,16,free_agent,complete,1703198799641,2023-12-21,1,bgreenblatt,add,4082,Curtis Samuel,WR,
2023,1043307929363075072,16,waiver,complete,1703106503385,2023-12-20,1,bgreenblatt,add,6943,Gabe Davis,WR,0
2023,1043307929363075072,16,waiver,complete,1703106503385,2023-12-20,1,bgreenblatt,drop,MIA,Miami Dolphins,DEF,
2023,1043307316210409472,16,waiver,complete,1703106357198,2023-12-20,1,bgreenblatt,add,3225,Tyler Boyd,WR,0
2023,1043307316210409472,16,waiver,complete,1703106357198,2023-12-20,1,bgreenblatt,drop,6945,Antonio Gibson,RB,
2023,1043241716809170944,16,waiver,complete,1703090717082,2023-12-20,7,KingTowsk,add,7670,Joshua Palmer,WR,0
2023,1043241716809170944,16,waiver,complete,1703090717082,2023-12-20,7,KingTowsk,drop,WAS,Washington Commanders,DEF,
2023,1043241686228500480,16,waiver,failed,1703090709791,2023-12-20,7,KingTowsk,add,7670,Joshua Palmer,WR,0
2023,1043241301086547968,16,waiver,failed,1703090617966,2023-12-20,7,KingTowsk,add,7593,Trey Sermon,RB,0
2023,1043241301086547968,16,waiver,failed,1703090617966,2023-12-20,7,KingTowsk,drop,WAS,Washington Commanders,DEF,
2023,1043225644345147392,16,free_agent,complete,1703086885108,2023-12-20,8,TylerWicks,drop,2307,Marcus Mariota,QB,
2023,1043221607168163840,16,free_agent,complete,1703085922570,2023-12-20,6,JSanDusky69,drop,NO,New Orleans Saints,DEF,
2023,1043221206075330560,16,waiver,complete,1703085826942,2023-12-20,6,JSanDusky69,add,515,Rob Gronkowski,TE,0
2023,1043216004769202176,16,free_agent,complete,1703084586854,2023-12-20,10,cc5597,drop,7553,Kyle Pitts,TE,
2023,1043202853298462720,16,waiver,complete,1703081451299,2023-12-20,1,bgreenblatt,add,CHI,Chicago Bears,DEF,0
2023,1043202853298462720,16,waiver,complete,1703081451299,2023-12-20,1,bgreenblatt,drop,2161,Jerick McKinnon,RB,
2023,1047233063039762432,17,free_agent,complete,1704042328179,2023-12-31,1,bgreenblatt,add,9231,Jaren Hall,QB,
2023,1047233063039762432,17,free_agent,complete,1704042328179,2023-12-31,1,bgreenblatt,drop,3257,Jacoby Brissett,QB,
2023,1047220204789014528,17,waiver,complete,1704039262533,2023-12-31,7,KingTowsk,add,10937,Jake Moody,K,0
2023,1047220204789014528,17,waiver,complete,1704039262533,2023-12-31,7,KingTowsk,drop,5095,Daniel Carlson,K,
2023,1046980064539893760,17,waiver,complete,1703982008636,2023-12-30,7,KingTowsk,add,8139,Zamir White,RB,0
2023,1046506512769798144,17,waiver,complete,1703869105096,2023-12-29,1,bgreenblatt,add,2505,Darren Waller,TE,0
2023,1046506512769798144,17,waiver,complete,1703869105096,2023-12-29,1,bgreenblatt,drop,5001,Dalton Schultz,TE,
2023,1046506117406384128,17,waiver,complete,1703869010834,2023-12-29,1,bgreenblatt,add,8676,Rashid Shaheed,WR,0
2023,1046506061219315712,17,free_agent,complete,1703868997438,2023-12-29,1,bgreenblatt,drop,5848,Marquise Brown,WR,
2023,1046229437756522496,17,waiver,complete,1703803045265,2023-12-28,7,KingTowsk,add,CHI,Chicago Bears,DEF,0
2023,1046229437756522496,17,waiver,complete,1703803045265,2023-12-28,7,KingTowsk,drop,536,Antonio Brown,WR,
2023,1046227942533054464,17,free_agent,complete,1703802688776,2023-12-28,2,Erjohnson14,add,184,Adrian Peterson,RB,
2023,1046227942533054464,17,free_agent,complete,1703802688776,2023-12-28,2,Erjohnson14,drop,BAL,Baltimore Ravens,DEF,
2023,1046213476013654016,17,free_agent,complete,1703799239689,2023-12-28,1,bgreenblatt,add,559,Tim Tebow,TE,
2023,1046213476013654016,17,free_agent,complete,1703799239689,2023-12-28,1,bgreenblatt,drop,CHI,Chicago Bears,DEF,
2023,1046202820929601536,17,free_agent,complete,1703796699319,2023-12-28,9,brockhusk,drop,3199,Michael Thomas,WR,
2023,1046202591316623360,17,free_agent,complete,1703796644575,2023-12-28,9,brockhusk,add,7553,Kyle Pitts,TE,
2023,1046202591316623360,17,free_agent,complete,1703796644575,2023-12-28,9,brockhusk,drop,7538,Zach Wilson,QB,
2023,1046170039348436992,17,free_agent,complete,1703788883581,2023-12-28,1,bgreenblatt,add,827,Tyrod Taylor,QB,
2023,1046169571163455488,17,free_agent,complete,1703788771957,2023-12-28,1,bgreenblatt,drop,4464,Nick Mullens,QB,
2023,1046150665203957760,17,free_agent,complete,1703784264425,2023-12-28,1,bgreenblatt,add,3257,Jacoby Brissett,QB,
2023,1046150665203957760,17,free_agent,complete,1703784264425,2023-12-28,1,bgreenblatt,drop,9999,Will Levis,QB,
2023,1045815741527932928,17,waiver,complete,1703704412398,2023-12-27,10,cc5597,add,7042,Tyler Bass,K,0
2023,1045815741527932928,17,waiver,complete,1703704412398,2023-12-27,10,cc5597,drop,1348,Dustin Hopkins,K,
2023,1045815141553537024,17,waiver,complete,1703704269353,2023-12-27,7,KingTowsk,add,536,Antonio Brown,WR,0
2023,1045815141553537024,17,waiver,complete,1703704269353,2023-12-27,7,KingTowsk,drop,2711,Taylor Heinicke,QB,
2023,1045771614551404544,17,waiver,complete,1703693891707,2023-12-27,7,KingTowsk,add,5095,Daniel Carlson,K,0
2023,1045771614551404544,17,waiver,complete,1703693891707,2023-12-27,7,KingTowsk,drop,4666,Younghoe Koo,K,
2023,1045771218886000640,17,waiver,failed,1703693797373,2023-12-27,7,KingTowsk,add,JAX,Jacksonville Jaguars,DEF,0
2023,1045771218886000640,17,waiver,failed,1703693797373,2023-12-27,7,KingTowsk,drop,2711,Taylor Heinicke,QB,
2023,1045771186996699136,17,waiver,failed,1703693789770,2023-12-27,7,KingTowsk,add,LAR,Los Angeles Rams,DEF,0
2023,1045771186996699136,17,waiver,failed,1703693789770,2023-12-27,7,KingTowsk,drop,2711,Taylor Heinicke,QB,
2023,1045703448400019456,17,waiver,complete,1703677639630,2023-12-27,1,bgreenblatt,add,JAX,Jacksonville Jaguars,DEF,5
2023,1045703448400019456,17,waiver,complete,1703677639630,2023-12-27,1,bgreenblatt,drop,6943,Gabe Davis,WR,
2023,1045703259727413248,17,free_agent,complete,1703677594647,2023-12-27,1,bgreenblatt,drop,3225,Tyler Boyd,WR,
2024,1139340746290737152,1,waiver,failed,1726002511144,2024-09-10,7,KingTowsk,add,8131,Isaiah Likely,TE,28
2024,1139340746290737152,1,waiver,failed,1726002511144,2024-09-10,7,KingTowsk,drop,5133,Tyler Conklin,TE,
2024,1139340423161319424,1,waiver,complete,1726002434104,2024-09-10,7,KingTowsk,add,11584,Bucky Irving,RB,3
2024,1139340423161319424,1,waiver,complete,1726002434104,2024-09-10,7,KingTowsk,drop,11626,Xavier Legette,WR,
2024,1139288069749911552,1,waiver,complete,1725989952078,2024-09-10,5,kaufmannc,add,9753,Zach Charbonnet,RB,9
2024,1139288069749911552,1,waiver,complete,1725989952078,2024-09-10,5,kaufmannc,drop,8139,Zamir White,RB,
2024,1139263379014651904,1,waiver,failed,1725984065348,2024-09-10,6,JSanDusky69,add,LAC,Los Angeles Chargers,DEF,2
2024,1139263379014651904,1,waiver,failed,1725984065348,2024-09-10,6,JSanDusky69,drop,9228,Bryce Young,QB,
2024,1139230283620003840,1,waiver,complete,1725976174791,2024-09-10,2,Erjohnson14,add,PIT,Pittsburgh Steelers,DEF,6
2024,1139230283620003840,1,waiver,complete,1725976174791,2024-09-10,2,Erjohnson14,drop,CHI,Chicago Bears,DEF,
2024,1139228665629302784,1,waiver,failed,1725975789032,2024-09-10,2,Erjohnson14,add,6865,Colby Parkinson,TE,5
2024,1139228665629302784,1,waiver,failed,1725975789032,2024-09-10,2,Erjohnson14,drop,4033,David Njoku,TE,
2024,1139213192426545152,1,waiver,complete,1725972099933,2024-09-10,1,bgreenblatt,add,10937,Jake Moody,K,0
2024,1139213192426545152,1,waiver,complete,1725972099933,2024-09-10,1,bgreenblatt,drop,7042,Tyler Bass,K,
2024,1138917009384652800,1,free_agent,complete,1725901484393,2024-09-09,7,KingTowsk,add,5133,Tyler Conklin,TE,
2024,1138917009384652800,1,free_agent,complete,1725901484393,2024-09-09,7,KingTowsk,drop,11564,Drake Maye,QB,
2024,1138685223724785664,1,waiver,complete,1725846222385,2024-09-08,2,Erjohnson14,add,8131,Isaiah Likely,TE,31
2024,1138685223724785664,1,waiver,complete,1725846222385,2024-09-08,2,Erjohnson14,drop,4033,David Njoku,TE,
2024,1134559924325027840,1,waiver,complete,1724862674364,2024-08-28,5,kaufmannc,add,NO,New Orleans Saints,DEF,0
2024,1134559924325027840,1,waiver,complete,1724862674364,2024-08-28,5,kaufmannc,drop,PIT,Pittsburgh Steelers,DEF,
2024,1134296835033542656,1,waiver,complete,1724799948989,2024-08-27,3,MaxSirianni,add,8408,Jordan Mason,RB,5
2024,1133859168860893184,1,free_agent,complete,1724695601242,2024-08-26,9,brockhusk,add,3451,Ka'imi Fairbairn,K,
2024,1133859168860893184,1,free_agent,complete,1724695601242,2024-08-26,9,brockhusk,drop,7594,Chuba Hubbard,RB,
2024,1133857807305928704,1,free_agent,complete,1724695276622,2024-08-26,10,cc5597,drop,5022,Dallas Goedert,TE,
2024,1133831202500112384,1,free_agent,complete,1724688933542,2024-08-26,1,bgreenblatt,add,7042,Tyler Bass,K,
2024,1133831202500112384,1,free_agent,complete,1724688933542,2024-08-26,1,bgreenblatt,drop,10937,Jake Moody,K,
2024,1133281608380903424,1,waiver,complete,1724557900093,2024-08-24,2,Erjohnson14,add,CHI,Chicago Bears,DEF,0
2024,1133273899552247808,1,waiver,complete,1724556062166,2024-08-24,1,bgreenblatt,add,SEA,Seattle Seahawks,DEF,0
2024,1133273637286473728,1,waiver,complete,1724555999636,2024-08-24,7,KingTowsk,add,2747,Jason Myers,K,0
2024,1121607261626896384,1,free_agent,complete,1721774518928,2024-07-23,1,bgreenblatt,drop,2505,Darren Waller,TE,
2024,1121607222322073600,1,free_agent,complete,1721774509557,2024-07-23,1,bgreenblatt,drop,559,Tim Tebow,TE,
2024,1121607169855524864,1,free_agent,complete,1721774497048,2024-07-23,1,bgreenblatt,drop,9231,Jaren Hall,QB,
2024,1120820060567752704,1,trade,complete,1721586835570,2024-07-21,7,KingTowsk,add,9997,Zay Flowers,WR,
2024,1120820060567752704,1,trade,complete,1721586835570,2024-07-21,3,MaxSirianni,drop,9997,Zay Flowers,WR,
2024,1117664976229081088,1,trade,complete,1720834604845,2024-07-12,2,Erjohnson14,add,9756,Jordan Addison,WR,
2024,1117664976229081088,1,trade,complete,1720834604845,2024-07-12,10,cc5597,drop,9756,Jordan Addison,WR,
2024,1141959223480397824,2,waiver,failed,1726626804755,2024-09-17,9,brockhusk,add,7049,Jauan Jennings,WR,6
2024,1141959170241994752,2,waiver,failed,1726626792062,2024-09-17,9,brockhusk,add,11582,Carson Steele,RB,15
2024,1141959170241994752,2,waiver,failed,1726626792062,2024-09-17,9,brockhusk,drop,8167,Christian Watson,WR,
2024,1141945521817538560,2,waiver,failed,1726623538024,2024-09-17,10,cc5597,add,4943,Sam Darnold,QB,16
2024,1141945521817538560,2,waiver,failed,1726623538024,2024-09-17,10,cc5597,drop,9999,Will Levis,QB,
2024,1141945402204360704,2,waiver,failed,1726623509506,2024-09-17,10,cc5597,add,2028,Derek Carr,QB,26
2024,1141945402204360704,2,waiver,failed,1726623509506,2024-09-17,10,cc5597,drop,9999,Will Levis,QB,
2024,1141866560605507584,2,waiver,complete,1726604712204,2024-09-17,9,brockhusk,add,9754,Quentin Johnston,WR,26
2024,1141858078544072704,2,waiver,complete,1726602689923,2024-09-17,6,JSanDusky69,add,11638,Ricky Pearsall,WR,0
2024,1141844437270761472,2,waiver,complete,1726599437590,2024-09-17,7,KingTowsk,add,5095,Daniel Carlson,K,0
2024,1141844437270761472,2,waiver,complete,1726599437590,2024-09-17,7,KingTowsk,drop,11058,Blake Grupe,K,
2024,1141844390605021184,2,waiver,failed,1726599426464,2024-09-17,7,KingTowsk,add,6650,Chase McLaughlin,K,0
2024,1141844390605021184,2,waiver,failed,1726599426464,2024-09-17,7,KingTowsk,drop,11058,Blake Grupe,K,
2024,1141794904755212288,2,waiver,complete,1726587628118,2024-09-17,4,jdrobny,add,8676,Rashid Shaheed,WR,21
2024,1141794904755212288,2,waiver,complete,1726587628118,2024-09-17,4,jdrobny,drop,6826,Cole Kmet,TE,
2024,1141751013758717952,2,waiver,failed,1726577163689,2024-09-17,4,jdrobny,add,2028,Derek Carr,QB,46
2024,1141751013758717952,2,waiver,failed,1726577163689,2024-09-17,4,jdrobny,drop,1689,Adam Thielen,WR,
2024,1141750910931247104,2,waiver,complete,1726577139173,2024-09-17,4,jdrobny,add,4943,Sam Darnold,QB,36
2024,1141750910931247104,2,waiver,complete,1726577139173,2024-09-17,4,jdrobny,drop,1689,Adam Thielen,WR,
2024,1141495331725774848,2,waiver,failed,1726516204342,2024-09-16,5,kaufmannc,add,9754,Quentin Johnston,WR,9
2024,1141495331725774848,2,waiver,failed,1726516204342,2024-09-16,5,kaufmannc,drop,4082,Curtis Samuel,WR,
2024,1141489157651644416,2,waiver,failed,1726514732328,2024-09-16,6,JSanDusky69,add,4943,Sam Darnold,QB,5
2024,1141489108070748160,2,waiver,failed,1726514720507,2024-09-16,6,JSanDusky69,add,2028,Derek Carr,QB,8
2024,1141488962364624896,2,free_agent,complete,1726514685768,2024-09-16,6,JSanDusky69,drop,9228,Bryce Young,QB,
2024,1141477984747114496,2,waiver,failed,1726512068501,2024-09-16,5,kaufmannc,add,TB,Tampa Bay Buccaneers,DEF,4
2024,1141477984747114496,2,waiver,failed,1726512068501,2024-09-16,5,kaufmannc,drop,JAX,Jacksonville Jaguars,DEF,
2024,1141411356789518336,2,waiver,complete,1726496183157,2024-09-16,1,bgreenblatt,add,CIN,Cincinnati Bengals,DEF,7
2024,1141411356789518336,2,waiver,complete,1726496183157,2024-09-16,1,bgreenblatt,drop,SEA,Seattle Seahawks,DEF,
2024,1141102961257111552,2,waiver,complete,1726422655932,2024-09-15,1,bgreenblatt,add,2028,Derek Carr,QB,48
2024,1141102961257111552,2,waiver,complete,1726422655932,2024-09-15,1,bgreenblatt,drop,7670,Joshua Palmer,WR,
2024,1141079011280560128,2,free_agent,complete,1726416945813,2024-09-15,8,TylerWicks,add,6865,Colby Parkinson,TE,
2024,1141069969804320768,2,waiver,complete,1726414790157,2024-09-15,7,KingTowsk,add,11058,Blake Grupe,K,0
2024,1141069969804320768,2,waiver,complete,1726414790157,2024-09-15,7,KingTowsk,drop,1945,Chris Boswell,K,
2024,1140378694926700544,2,waiver,complete,1726249977383,2024-09-13,7,KingTowsk,add,4033,David Njoku,TE,0
2024,1140378694926700544,2,waiver,complete,1726249977383,2024-09-13,7,KingTowsk,drop,5848,Marquise Brown,WR,
2024,1139843816934141952,2,waiver,complete,1726122452532,2024-09-12,10,cc5597,add,8139,Zamir White,RB,6
2024,1139621647612403712,2,waiver,failed,1726069483238,2024-09-11,7,KingTowsk,add,5001,Dalton Schultz,TE,0
2024,1139621647612403712,2,waiver,failed,1726069483238,2024-09-11,7,KingTowsk,drop,5133,Tyler Conklin,TE,
2024,1139621446248009728,2,waiver,complete,1726069435229,2024-09-11,7,KingTowsk,add,5022,Dallas Goedert,TE,6
2024,1139621446248009728,2,waiver,complete,1726069435229,2024-09-11,7,KingTowsk,drop,5133,Tyler Conklin,TE,
2024,1139610612306268160,2,waiver,failed,1726066852216,2024-09-11,7,KingTowsk,add,WAS,Washington Commanders,DEF,0
2024,1139610612306268160,2,waiver,failed,1726066852216,2024-09-11,7,KingTowsk,drop,CIN,Cincinnati Bengals,DEF,
2024,1139610583474708480,2,waiver,failed,1726066845342,2024-09-11,7,KingTowsk,add,HOU,Houston Texans,DEF,0
2024,1139610583474708480,2,waiver,failed,1726066845342,2024-09-11,7,KingTowsk,drop,CIN,Cincinnati Bengals,DEF,
2024,1139610539371442176,2,waiver,failed,1726066834827,2024-09-11,7,KingTowsk,add,IND,Indianapolis Colts,DEF,0
2024,1139610539371442176,2,waiver,failed,1726066834827,2024-09-11,7,KingTowsk,drop,CIN,Cincinnati Bengals,DEF,
2024,1139610501136314368,2,waiver,failed,1726066825711,2024-09-11,7,KingTowsk,add,JAX,Jacksonville Jaguars,DEF,0
2024,1139610501136314368,2,waiver,failed,1726066825711,2024-09-11,7,KingTowsk,drop,CIN,Cincinnati Bengals,DEF,
2024,1139610438565552128,2,waiver,complete,1726066810793,2024-09-11,7,KingTowsk,add,LAC,Los Angeles Chargers,DEF,6
2024,1139610438565552128,2,waiver,complete,1726066810793,2024-09-11,7,KingTowsk,drop,CIN,Cincinnati Bengals,DEF,
2024,1139610401504645120,2,waiver,complete,1726066801957,2024-09-11,7,KingTowsk,add,1945,Chris Boswell,K,0
2024,1139610401504645120,2,waiver,complete,1726066801957,2024-09-11,7,KingTowsk,drop,2747,Jason Myers,K,
2024,1139610343623368704,2,waiver,failed,1726066788157,2024-09-11,7,KingTowsk,add,1266,Greg Zuerlein,K,0
2024,1139610343623368704,2,waiver,failed,1726066788157,2024-09-11,7,KingTowsk,drop,2747,Jason Myers,K,
2024,1139559902692642816,2,waiver,failed,1726054762102,2024-09-11,4,jdrobny,add,8131,Isaiah Likely,TE,26
2024,1139559902692642816,2,waiver,failed,1726054762102,2024-09-11,4,jdrobny,drop,6826,Cole Kmet,TE,
2024,1139511892558368768,2,waiver,complete,1726043315594,2024-09-11,5,kaufmannc,add,JAX,Jacksonville Jaguars,DEF,2
2024,1139511892558368768,2,waiver,complete,1726043315594,2024-09-11,5,kaufmannc,drop,NO,New Orleans Saints,DEF,
2024,1139511777659748352,2,waiver,failed,1726043288200,2024-09-11,5,kaufmannc,add,LAC,Los Angeles Chargers,DEF,3
2024,1139511777659748352,2,waiver,failed,1726043288200,2024-09-11,5,kaufmannc,drop,NO,New Orleans Saints,DEF,
2024,1144457386506174464,3,free_agent,complete,1727222413234,2024-09-24,2,Erjohnson14,drop,6938,Cam Akers,RB,
2024,1144452483616722944,3,trade,complete,1727221244294,2024-09-24,2,Erjohnson14,add,11584,Bucky Irving,RB,
2024,1144452483616722944,3,trade,complete,1727221244294,2024-09-24,7,KingTowsk,add,4137,James Conner,RB,
2024,1144452483616722944,3,trade,complete,1727221244294,2024-09-24,2,Erjohnson14,add,8110,Jake Ferguson,TE,
2024,1144452483616722944,3,trade,complete,1727221244294,2024-09-24,7,KingTowsk,drop,11584,Bucky Irving,RB,
2024,1144452483616722944,3,trade,complete,1727221244294,2024-09-24,2,Erjohnson14,drop,4137,James Conner,RB,
2024,1144452483616722944,3,trade,complete,1727221244294,2024-09-24,7,KingTowsk,drop,8110,Jake Ferguson,TE,
2024,1144410732982083584,3,waiver,failed,1727211290167,2024-09-24,10,cc5597,add,7049,Jauan Jennings,WR,26
2024,1144410732982083584,3,waiver,failed,1727211290167,2024-09-24,10,cc5597,drop,8139,Zamir White,RB,
2024,1144351764901318656,3,waiver,failed,1727197231081,2024-09-24,6,JSanDusky69,add,11626,Xavier Legette,WR,0
2024,1144327049981812736,3,waiver,failed,1727191338585,2024-09-24,7,KingTowsk,add,HOU,Houston Texans,DEF,0
2024,1144327049981812736,3,waiver,failed,1727191338585,2024-09-24,7,KingTowsk,drop,TEN,Tennessee Titans,DEF,
2024,1144327000631521280,3,waiver,failed,1727191326819,2024-09-24,7,KingTowsk,add,MIA,Miami Dolphins,DEF,0
2024,1144327000631521280,3,waiver,failed,1727191326819,2024-09-24,7,KingTowsk,drop,TEN,Tennessee Titans,DEF,
2024,1144326957006651392,3,waiver,complete,1727191316418,2024-09-24,7,KingTowsk,add,KC,Kansas City Chiefs,DEF,6
2024,1144326957006651392,3,waiver,complete,1727191316418,2024-09-24,7,KingTowsk,drop,TEN,Tennessee Titans,DEF,
2024,1144302872360849408,3,waiver,complete,1727185574191,2024-09-24,6,JSanDusky69,add,7594,Chuba Hubbard,RB,23
2024,1144302303692840960,3,free_agent,complete,1727185438610,2024-09-24,10,cc5597,drop,3164,Ezekiel Elliott,RB,
2024,1144299693376184320,3,waiver,failed,1727184816262,2024-09-24,6,JSanDusky69,add,7021,Rico Dowdle,RB,21
2024,1144299010916737024,3,free_agent,complete,1727184653551,2024-09-24,6,JSanDusky69,drop,11638,Ricky Pearsall,WR,
2024,1144027951789486080,3,waiver,complete,1727120028019,2024-09-23,6,JSanDusky69,add,829,Andy Dalton,QB,41
2024,1144027951789486080,3,waiver,complete,1727120028019,2024-09-23,6,JSanDusky69,drop,5248,Gus Edwards,RB,
2024,1143965281359048704,3,waiver,complete,1727105086224,2024-09-23,5,kaufmannc,add,6826,Cole Kmet,TE,9
2024,1143965281359048704,3,waiver,complete,1727105086224,2024-09-23,5,kaufmannc,drop,4082,Curtis Samuel,WR,
2024,1143676103920836608,3,waiver,failed,1727036140950,2024-09-22,4,jdrobny,add,1689,Adam Thielen,WR,0
2024,1143676103920836608,3,waiver,failed,1727036140950,2024-09-22,4,jdrobny,drop,TB,Tampa Bay Buccaneers,DEF,
2024,1143617614015635456,3,free_agent,complete,1727022195870,2024-09-22,7,KingTowsk,add,TEN,Tennessee Titans,DEF,
2024,1143617614015635456,3,free_agent,complete,1727022195870,2024-09-22,7,KingTowsk,drop,LAC,Los Angeles Chargers,DEF,
2024,1143606008218349568,3,waiver,complete,1727019428832,2024-09-22,4,jdrobny,add,TB,Tampa Bay Buccaneers,DEF,0
2024,1143606008218349568,3,waiver,complete,1727019428832,2024-09-22,4,jdrobny,drop,1689,Adam Thielen,WR,
2024,1143605306795704320,3,waiver,complete,1727019261600,2024-09-22,4,jdrobny,add,5001,Dalton Schultz,TE,0
2024,1143605290850037760,3,waiver,failed,1727019257798,2024-09-22,4,jdrobny,add,7600,Pat Freiermuth,TE,0
2024,1143360271981924352,3,waiver,complete,1726960840748,2024-09-21,8,TylerWicks,add,7600,Pat Freiermuth,TE,0
2024,1143288070352175104,3,waiver,failed,1726943626538,2024-09-21,4,jdrobny,add,9480,Brenton Strange,TE,0
2024,1143235742311804928,3,waiver,failed,1726931150561,2024-09-21,7,KingTowsk,add,6938,Cam Akers,RB,0
2024,1143235742311804928,3,waiver,failed,1726931150561,2024-09-21,7,KingTowsk,drop,11584,Bucky Irving,RB,
2024,1142948885057470464,3,waiver,complete,1726862758462,2024-09-20,6,JSanDusky69,add,CHI,Chicago Bears,DEF,0
2024,1142929893777567744,3,waiver,complete,1726858230588,2024-09-20,2,Erjohnson14,add,6938,Cam Akers,RB,5
2024,1142242280510795776,3,waiver,complete,1726694290810,2024-09-18,7,KingTowsk,add,11635,Ladd McConkey,WR,1
2024,1142242280510795776,3,waiver,complete,1726694290810,2024-09-18,7,KingTowsk,drop,4033,David Njoku,TE,
2024,1142168321459109888,3,waiver,complete,1726676657598,2024-09-18,4,jdrobny,add,1689,Adam Thielen,WR,0
2024,1142168321459109888,3,waiver,complete,1726676657598,2024-09-18,4,jdrobny,drop,1426,DeAndre Hopkins,WR,
2024,1142164551602073600,3,waiver,complete,1726675758794,2024-09-18,1,bgreenblatt,add,SEA,Seattle Seahawks,DEF,0
2024,1142164551602073600,3,waiver,complete,1726675758794,2024-09-18,1,bgreenblatt,drop,11625,Adonai Mitchell,WR,
2024,1142152119500378112,3,trade,complete,1726672794750,2024-09-18,8,TylerWicks,add,6806,J.K. Dobbins,RB,
2024,1142152119500378112,3,trade,complete,1726672794750,2024-09-18,2,Erjohnson14,add,9488,Jaxon Smith-Njigba,WR,
2024,1142152119500378112,3,trade,complete,1726672794750,2024-09-18,2,Erjohnson14,drop,6806,J.K. Dobbins,RB,
2024,1142152119500378112,3,trade,complete,1726672794750,2024-09-18,8,TylerWicks,drop,9488,Jaxon Smith-Njigba,WR,
2024,1142151066671464448,3,waiver,failed,1726672543736,2024-09-18,7,KingTowsk,add,11582,Carson Steele,RB,12
2024,1142151066671464448,3,waiver,failed,1726672543736,2024-09-18,7,KingTowsk,drop,5022,Dallas Goedert,TE,
2024,1142150296018391040,3,waiver,failed,1726672359998,2024-09-18,7,KingTowsk,add,9754,Quentin Johnston,WR,0
2024,1142150296018391040,3,waiver,failed,1726672359998,2024-09-18,7,KingTowsk,drop,11589,Trey Benson,RB,
2024,1142150253030998016,3,waiver,failed,1726672349749,2024-09-18,7,KingTowsk,add,8676,Rashid Shaheed,WR,6
2024,1142150253030998016,3,waiver,failed,1726672349749,2024-09-18,7,KingTowsk,drop,11589,Trey Benson,RB,
2024,1142150219413655552,3,waiver,complete,1726672341734,2024-09-18,7,KingTowsk,add,8134,Khalil Shakir,WR,18
2024,1142150219413655552,3,waiver,complete,1726672341734,2024-09-18,7,KingTowsk,drop,11589,Trey Benson,RB,
2024,1142140730434207744,3,waiver,complete,1726670079385,2024-09-18,8,TylerWicks,add,11582,Carson Steele,RB,30
2024,1142140730434207744,3,waiver,complete,1726670079385,2024-09-18,8,TylerWicks,drop,11635,Ladd McConkey,WR,
2024,1142134509752680448,3,waiver,failed,1726668596259,2024-09-18,3,MaxSirianni,add,4943,Sam Darnold,QB,9
2024,1142134509752680448,3,waiver,failed,1726668596259,2024-09-18,3,MaxSirianni,drop,6768,Tua Tagovailoa,QB,
2024,1142133702982492160,3,free_agent,complete,1726668403910,2024-09-18,8,TylerWicks,drop,6865,Colby Parkinson,TE,
2024,1142127623993356288,3,waiver,complete,1726666954566,2024-09-18,5,kaufmannc,add,LV,Las Vegas Raiders,DEF,5
2024,1142127623993356288,3,waiver,complete,1726666954566,2024-09-18,5,kaufmannc,drop,JAX,Jacksonville Jaguars,DEF,
2024,1142096295964946432,3,waiver,failed,1726659485382,2024-09-18,4,jdrobny,add,8134,Khalil Shakir,WR,11
2024,1142096295964946432,3,waiver,failed,1726659485382,2024-09-18,4,jdrobny,drop,8228,Jaylen Warren,RB,
2024,1147055808921001984,4,waiver,failed,1727841925414,2024-10-01,4,jdrobny,add,4098,Kareem Hunt,RB,6
2024,1147055808921001984,4,waiver,failed,1727841925414,2024-10-01,4,jdrobny,drop,LV,Las Vegas Raiders,DEF,
2024,1147047178607812608,4,waiver,failed,1727839867787,2024-10-01,2,Erjohnson14,add,7593,Trey Sermon,RB,16
2024,1147029302463033344,4,waiver,failed,1727835605782,2024-10-01,1,bgreenblatt,add,SEA,Seattle Seahawks,DEF,0
2024,1147029302463033344,4,waiver,failed,1727835605782,2024-10-01,1,bgreenblatt,drop,MIA,Miami Dolphins,DEF,
2024,1146906878849662976,4,waiver,failed,1727806417718,2024-10-01,10,cc5597,add,8126,Wan'Dale Robinson,WR,13
2024,1146906878849662976,4,waiver,failed,1727806417718,2024-10-01,10,cc5597,drop,5947,Jakobi Meyers,WR,
2024,1146829336708927488,4,waiver,complete,1727787930231,2024-10-01,2,Erjohnson14,add,4098,Kareem Hunt,RB,36
2024,1146829241796005888,4,waiver,complete,1727787907602,2024-10-01,2,Erjohnson14,add,DEN,Denver Broncos,DEF,3
2024,1146829241796005888,4,waiver,complete,1727787907602,2024-10-01,2,Erjohnson14,drop,PIT,Pittsburgh Steelers,DEF,
2024,1146812983008579584,4,waiver,complete,1727784031205,2024-10-01,5,kaufmannc,add,SEA,Seattle Seahawks,DEF,7
2024,1146812983008579584,4,waiver,complete,1727784031205,2024-10-01,5,kaufmannc,drop,CLE,Cleveland Browns,DEF,
2024,1146491043521638400,4,free_agent,complete,1727707274850,2024-09-30,2,Erjohnson14,drop,8131,Isaiah Likely,TE,
2024,1146197470121742336,4,waiver,complete,1727637281497,2024-09-29,1,bgreenblatt,add,8132,Tyler Allgeier,RB,0
2024,1146197470121742336,4,waiver,complete,1727637281497,2024-09-29,1,bgreenblatt,drop,7600,Pat Freiermuth,TE,
2024,1145870814227742720,4,waiver,complete,1727559400663,2024-09-28,10,cc5597,add,5947,Jakobi Meyers,WR,0
2024,1145870540851396608,4,waiver,failed,1727559335485,2024-09-28,10,cc5597,add,1426,DeAndre Hopkins,WR,0
2024,1145488935389491200,4,waiver,complete,1727468353653,2024-09-27,8,TylerWicks,add,4993,Mike Gesicki,TE,0
2024,1145486892897660928,4,waiver,complete,1727467866685,2024-09-27,4,jdrobny,add,LV,Las Vegas Raiders,DEF,0
2024,1145486892897660928,4,waiver,complete,1727467866685,2024-09-27,4,jdrobny,drop,8228,Jaylen Warren,RB,
2024,1145419083261825024,4,waiver,complete,1727451699608,2024-09-27,1,bgreenblatt,add,7600,Pat Freiermuth,TE,0
2024,1145419083261825024,4,waiver,complete,1727451699608,2024-09-27,1,bgreenblatt,drop,4033,David Njoku,TE,
2024,1145390422903279616,4,waiver,complete,1727444866446,2024-09-27,6,JSanDusky69,add,10235,Roschon Johnson,RB,0
2024,1145236974308192256,4,free_agent,complete,1727408281450,2024-09-26,1,bgreenblatt,add,MIA,Miami Dolphins,DEF,
2024,1145236974308192256,4,free_agent,complete,1727408281450,2024-09-26,1,bgreenblatt,drop,CIN,Cincinnati Bengals,DEF,
2024,1145143357757333504,4,free_agent,complete,1727385961525,2024-09-26,8,TylerWicks,drop,7600,Pat Freiermuth,TE,
2024,1145015608199847936,4,waiver,complete,1727355503657,2024-09-26,5,kaufmannc,add,CLE,Cleveland Browns,DEF,2
2024,1145015608199847936,4,waiver,complete,1727355503657,2024-09-26,5,kaufmannc,drop,LV,Las Vegas Raiders,DEF,
2024,1144762786208456704,4,waiver,complete,1727295226197,2024-09-25,10,cc5597,add,5870,Daniel Jones,QB,0
2024,1144762786208456704,4,waiver,complete,1727295226197,2024-09-25,10,cc5597,drop,9999,Will Levis,QB,
2024,1144762530120798208,4,waiver,complete,1727295165141,2024-09-25,10,cc5597,add,7042,Tyler Bass,K,0
2024,1144762530120798208,4,waiver,complete,1727295165141,2024-09-25,10,cc5597,drop,5119,Jason Sanders,K,
2024,1144720306633072640,4,waiver,complete,1727285098277,2024-09-25,1,bgreenblatt,add,4033,David Njoku,TE,0
2024,1144720306633072640,4,waiver,complete,1727285098277,2024-09-25,1,bgreenblatt,drop,SEA,Seattle Seahawks,DEF,
2024,1144699714772774912,4,free_agent,complete,1727280188795,2024-09-25,6,JSanDusky69,drop,CLE,Cleveland Browns,DEF,
2024,1144685177986420736,4,waiver,complete,1727276722955,2024-09-25,7,KingTowsk,add,7090,Darnell Mooney,WR,0
2024,1144685153927913472,4,waiver,failed,1727276717219,2024-09-25,7,KingTowsk,add,8126,Wan'Dale Robinson,WR,0
2024,1144685121858084864,4,waiver,failed,1727276709573,2024-09-25,7,KingTowsk,add,5870,Daniel Jones,QB,0
2024,1144669004896956416,4,waiver,failed,1727272866990,2024-09-25,10,cc5597,add,829,Andy Dalton,QB,6
2024,1144669004896956416,4,waiver,failed,1727272866990,2024-09-25,10,cc5597,drop,9999,Will Levis,QB,
2024,1144651758506233856,4,waiver,failed,1727268755130,2024-09-25,10,cc5597,add,7594,Chuba Hubbard,RB,16
2024,1144651758506233856,4,waiver,failed,1727268755130,2024-09-25,10,cc5597,drop,2749,Raheem Mostert,RB,
2024,1144649818732634112,4,waiver,failed,1727268292652,2024-09-25,5,kaufmannc,add,7049,Jauan Jennings,WR,11
2024,1144649818732634112,4,waiver,failed,1727268292652,2024-09-25,5,kaufmannc,drop,4082,Curtis Samuel,WR,
2024,1144649601727889408,4,waiver,complete,1727268240914,2024-09-25,10,cc5597,add,11576,Braelon Allen,RB,36
2024,1144649601727889408,4,waiver,complete,1727268240914,2024-09-25,10,cc5597,drop,8139,Zamir White,RB,
2024,1144645528945397760,4,waiver,failed,1727267269887,2024-09-25,4,jdrobny,add,7594,Chuba Hubbard,RB,6
2024,1144645528945397760,4,waiver,failed,1727267269887,2024-09-25,4,jdrobny,drop,8228,Jaylen Warren,RB,
2024,1144645021422219264,4,waiver,complete,1727267148884,2024-09-25,4,jdrobny,add,7049,Jauan Jennings,WR,26
2024,1144645021422219264,4,waiver,complete,1727267148884,2024-09-25,4,jdrobny,drop,TB,Tampa Bay Buccaneers,DEF,
2024,1149534284194324480,5,waiver,complete,1728432839967,2024-10-08,9,brockhusk,add,HOU,Houston Texans,DEF,13
2024,1149534284194324480,5,waiver,complete,1728432839967,2024-10-08,9,brockhusk,drop,WAS,Washington Commanders,DEF,
2024,1149534137351561216,5,waiver,complete,1728432804957,2024-10-08,9,brockhusk,add,7588,Javonte Williams,RB,31
2024,1149534137351561216,5,waiver,complete,1728432804957,2024-10-08,9,brockhusk,drop,9508,Tyjae Spears,RB,
2024,1149490125278146560,5,waiver,failed,1728422311661,2024-10-08,2,Erjohnson14,add,4040,JuJu Smith-Schuster,WR,11
2024,1149490027794161664,5,waiver,failed,1728422288419,2024-10-08,2,Erjohnson14,add,1426,DeAndre Hopkins,WR,0
2024,1149489963386429440,5,waiver,complete,1728422273063,2024-10-08,2,Erjohnson14,add,7090,Darnell Mooney,WR,21
2024,1149444014098378752,5,waiver,failed,1728411317899,2024-10-08,7,KingTowsk,add,7588,Javonte Williams,RB,18
2024,1149444014098378752,5,waiver,failed,1728411317899,2024-10-08,7,KingTowsk,drop,8143,Jerome Ford,RB,
2024,1149443646312378368,5,waiver,complete,1728411230212,2024-10-08,7,KingTowsk,add,4195,Jake Elliott,K,1
2024,1149443646312378368,5,waiver,complete,1728411230212,2024-10-08,7,KingTowsk,drop,5095,Daniel Carlson,K,
2024,1149443437226369024,5,waiver,failed,1728411180362,2024-10-08,7,KingTowsk,add,IND,Indianapolis Colts,DEF,0
2024,1149443437226369024,5,waiver,failed,1728411180362,2024-10-08,7,KingTowsk,drop,NE,New England Patriots,DEF,
2024,1149443365935730688,5,waiver,failed,1728411163366,2024-10-08,7,KingTowsk,add,PHI,Philadelphia Eagles,DEF,0
2024,1149443365935730688,5,waiver,failed,1728411163366,2024-10-08,7,KingTowsk,drop,NE,New England Patriots,DEF,
2024,1149443334310727680,5,waiver,complete,1728411155825,2024-10-08,7,KingTowsk,add,LAC,Los Angeles Chargers,DEF,3
2024,1149443334310727680,5,waiver,complete,1728411155825,2024-10-08,7,KingTowsk,drop,NE,New England Patriots,DEF,
2024,1149443291713310720,5,waiver,failed,1728411145669,2024-10-08,7,KingTowsk,add,HOU,Houston Texans,DEF,0
2024,1149443291713310720,5,waiver,failed,1728411145669,2024-10-08,7,KingTowsk,drop,NE,New England Patriots,DEF,
2024,1149429549051248640,5,waiver,failed,1728407869163,2024-10-08,10,cc5597,add,7588,Javonte Williams,RB,23
2024,1149370676319498240,5,waiver,failed,1728393832810,2024-10-08,2,Erjohnson14,add,5947,Jakobi Meyers,WR,9
2024,1149370403551281152,5,free_agent,complete,1728393767777,2024-10-08,2,Erjohnson14,drop,10229,Rashee Rice,WR,
2024,1149351062676250624,5,waiver,complete,1728389156553,2024-10-08,1,bgreenblatt,add,PIT,Pittsburgh Steelers,DEF,12
2024,1149351062676250624,5,waiver,complete,1728389156553,2024-10-08,1,bgreenblatt,drop,MIA,Miami Dolphins,DEF,
2024,1149350963589873664,5,waiver,complete,1728389132929,2024-10-08,1,bgreenblatt,add,1945,Chris Boswell,K,0
2024,1149350963589873664,5,waiver,complete,1728389132929,2024-10-08,1,bgreenblatt,drop,10937,Jake Moody,K,
2024,1149046648572579840,5,free_agent,complete,1728316578575,2024-10-07,10,cc5597,drop,5947,Jakobi Meyers,WR,
2024,1148679911352397824,5,waiver,complete,1728229141608,2024-10-06,5,kaufmannc,add,19,Joe Flacco,QB,7
2024,1148678739296894976,5,waiver,complete,1728228862168,2024-10-06,8,TylerWicks,add,1339,Zach Ertz,TE,0
2024,1148678739296894976,5,waiver,complete,1728228862168,2024-10-06,8,TylerWicks,drop,4993,Mike Gesicki,TE,
2024,1148092992444743680,5,waiver,complete,1728089209236,2024-10-04,1,bgreenblatt,add,9500,Josh Downs,WR,0
2024,1148092992444743680,5,waiver,complete,1728089209236,2024-10-04,1,bgreenblatt,drop,7588,Javonte Williams,RB,
2024,1147637486445756416,5,free_agent,complete,1727980608143,2024-10-03,9,brockhusk,add,WAS,Washington Commanders,DEF,
2024,1147637486445756416,5,free_agent,complete,1727980608143,2024-10-03,9,brockhusk,drop,8167,Christian Watson,WR,
2024,1147291045588709376,5,waiver,complete,1727898010206,2024-10-02,1,bgreenblatt,add,8126,Wan'Dale Robinson,WR,0
2024,1147291045588709376,5,waiver,complete,1727898010206,2024-10-02,1,bgreenblatt,drop,8132,Tyler Allgeier,RB,
2024,1147235558029193216,5,waiver,failed,1727884780941,2024-10-02,5,kaufmannc,add,4098,Kareem Hunt,RB,14
2024,1147235558029193216,5,waiver,failed,1727884780941,2024-10-02,5,kaufmannc,drop,9753,Zach Charbonnet,RB,
2024,1147213479682785280,5,waiver,complete,1727879517053,2024-10-02,8,TylerWicks,add,2020,Cairo Santos,K,0
2024,1147213479682785280,5,waiver,complete,1727879517053,2024-10-02,8,TylerWicks,drop,4195,Jake Elliott,K,
2024,1147206219632017408,5,waiver,complete,1727877786122,2024-10-02,7,KingTowsk,add,NE,New England Patriots,DEF,0
2024,1147206219632017408,5,waiver,complete,1727877786122,2024-10-02,7,KingTowsk,drop,KC,Kansas City Chiefs,DEF,
2024,1147205853242683392,5,waiver,failed,1727877698768,2024-10-02,7,KingTowsk,add,DEN,Denver Broncos,DEF,3
2024,1147205853242683392,5,waiver,failed,1727877698768,2024-10-02,7,KingTowsk,drop,KC,Kansas City Chiefs,DEF,
2024,1147205285262569472,5,waiver,failed,1727877563351,2024-10-02,8,TylerWicks,add,9484,Tucker Kraft,TE,9
2024,1147205285262569472,5,waiver,failed,1727877563351,2024-10-02,8,TylerWicks,drop,4993,Mike Gesicki,TE,
2024,1147204550764396544,5,waiver,complete,1727877388233,2024-10-02,7,KingTowsk,add,9484,Tucker Kraft,TE,9
2024,1147204550764396544,5,waiver,complete,1727877388233,2024-10-02,7,KingTowsk,drop,7090,Darnell Mooney,WR,
2024,1152020679475277824,6,waiver,failed,1729025642797,2024-10-15,2,Erjohnson14,add,11564,Drake Maye,QB,16
2024,1152020679475277824,6,waiver,failed,1729025642797,2024-10-15,2,Erjohnson14,drop,7090,Darnell Mooney,WR,
2024,1152018362122444800,6,waiver,complete,1729025090297,2024-10-15,10,cc5597,add,4040,JuJu Smith-Schuster,WR,22
2024,1152018362122444800,6,waiver,complete,1729025090297,2024-10-15,10,cc5597,drop,4981,Calvin Ridley,WR,
2024,1152005263700926464,6,waiver,complete,1729021967390,2024-10-15,1,bgreenblatt,add,11564,Drake Maye,QB,18
2024,1152005263700926464,6,waiver,complete,1729021967390,2024-10-15,1,bgreenblatt,drop,11562,Spencer Rattler,QB,
2024,1151951917929906176,6,waiver,failed,1729009248767,2024-10-15,7,KingTowsk,add,NO,New Orleans Saints,DEF,0
2024,1151951917929906176,6,waiver,failed,1729009248767,2024-10-15,7,KingTowsk,drop,6149,Darius Slayton,WR,
2024,1151951813609119744,6,waiver,failed,1729009223895,2024-10-15,7,KingTowsk,add,LAR,Los Angeles Rams,DEF,0
2024,1151951813609119744,6,waiver,failed,1729009223895,2024-10-15,7,KingTowsk,drop,6149,Darius Slayton,WR,
2024,1151951766456885248,6,waiver,complete,1729009212653,2024-10-15,7,KingTowsk,add,JAX,Jacksonville Jaguars,DEF,0
2024,1151951766456885248,6,waiver,complete,1729009212653,2024-10-15,7,KingTowsk,drop,6149,Darius Slayton,WR,
2024,1151949217527975936,6,waiver,failed,1729008604941,2024-10-15,6,JSanDusky69,add,LAR,Los Angeles Rams,DEF,6
2024,1151949217527975936,6,waiver,failed,1729008604941,2024-10-15,6,JSanDusky69,drop,CHI,Chicago Bears,DEF,
2024,1151949145918304256,6,waiver,complete,1729008587868,2024-10-15,6,JSanDusky69,add,NO,New Orleans Saints,DEF,7
2024,1151949145918304256,6,waiver,complete,1729008587868,2024-10-15,6,JSanDusky69,drop,CHI,Chicago Bears,DEF,
2024,1151923282992545792,6,free_agent,complete,1729002421666,2024-10-15,10,cc5597,drop,6945,Antonio Gibson,RB,
2024,1151286320351506432,6,waiver,failed,1728850557938,2024-10-13,1,bgreenblatt,add,11564,Drake Maye,QB,8
2024,1151286320351506432,6,waiver,failed,1728850557938,2024-10-13,1,bgreenblatt,drop,11562,Spencer Rattler,QB,
2024,1151199416231206912,6,waiver,complete,1728829838381,2024-10-13,4,jdrobny,add,CIN,Cincinnati Bengals,DEF,0
2024,1151199416231206912,6,waiver,complete,1728829838381,2024-10-13,4,jdrobny,drop,LV,Las Vegas Raiders,DEF,
2024,1151198075425570816,6,waiver,failed,1728829518708,2024-10-13,4,jdrobny,add,9508,Tyjae Spears,RB,0
2024,1151198075425570816,6,waiver,failed,1728829518708,2024-10-13,4,jdrobny,drop,5001,Dalton Schultz,TE,
2024,1151198030637993984,6,waiver,failed,1728829508030,2024-10-13,4,jdrobny,add,5987,Alexander Mattison,RB,0
2024,1151198030637993984,6,waiver,failed,1728829508030,2024-10-13,4,jdrobny,drop,5001,Dalton Schultz,TE,
2024,1151197267493601280,6,waiver,complete,1728829326082,2024-10-13,4,jdrobny,add,7593,Trey Sermon,RB,0
2024,1151197267493601280,6,waiver,complete,1728829326082,2024-10-13,4,jdrobny,drop,5001,Dalton Schultz,TE,
2024,1150858060882350080,6,waiver,complete,1728748452924,2024-10-12,10,cc5597,add,6945,Antonio Gibson,RB,1
2024,1150858060882350080,6,waiver,complete,1728748452924,2024-10-12,10,cc5597,drop,8117,Jalen Tolbert,WR,
2024,1150502428391972864,6,waiver,complete,1728663663531,2024-10-11,7,KingTowsk,add,6149,Darius Slayton,WR,2
2024,1150502428391972864,6,waiver,complete,1728663663531,2024-10-11,7,KingTowsk,drop,10218,Xavier Hutchinson,WR,
2024,1150197957526917120,6,free_agent,complete,1728591072020,2024-10-10,10,cc5597,add,8117,Jalen Tolbert,WR,
2024,1150180393438511104,6,free_agent,complete,1728586884415,2024-10-10,6,JSanDusky69,add,6650,Chase McLaughlin,K,
2024,1150180393438511104,6,free_agent,complete,1728586884415,2024-10-10,6,JSanDusky69,drop,4227,Harrison Butker,K,
2024,1150179402437726208,6,free_agent,complete,1728586648142,2024-10-10,9,brockhusk,add,7600,Pat Freiermuth,TE,
2024,1150179402437726208,6,free_agent,complete,1728586648142,2024-10-10,9,brockhusk,drop,9754,Quentin Johnston,WR,
2024,1150178989642715136,6,free_agent,complete,1728586549724,2024-10-10,6,JSanDusky69,drop,829,Andy Dalton,QB,
2024,1150166806674370560,6,free_agent,complete,1728583645078,2024-10-10,3,MaxSirianni,add,TB,Tampa Bay Buccaneers,DEF,
2024,1150166806674370560,6,free_agent,complete,1728583645078,2024-10-10,3,MaxSirianni,drop,DAL,Dallas Cowboys,DEF,
2024,1150165922410455040,6,trade,complete,1728583434253,2024-10-10,2,Erjohnson14,add,4983,DJ Moore,WR,
2024,1150165922410455040,6,trade,complete,1728583434253,2024-10-10,6,JSanDusky69,add,6804,Jordan Love,QB,
2024,1150165922410455040,6,trade,complete,1728583434253,2024-10-10,6,JSanDusky69,drop,4983,DJ Moore,WR,
2024,1150165922410455040,6,trade,complete,1728583434253,2024-10-10,2,Erjohnson14,drop,6804,Jordan Love,QB,
2024,1150163711617765376,6,free_agent,complete,1728582907159,2024-10-10,7,KingTowsk,add,10218,Xavier Hutchinson,WR,
2024,1150163300575973376,6,free_agent,complete,1728582809159,2024-10-10,8,TylerWicks,drop,11582,Carson Steele,RB,
2024,1150158526812319744,6,trade,complete,1728581671005,2024-10-10,8,TylerWicks,add,11628,Marvin Harrison,WR,
2024,1150158526812319744,6,trade,complete,1728581671005,2024-10-10,8,TylerWicks,add,4137,James Conner,RB,
2024,1150158526812319744,6,trade,complete,1728581671005,2024-10-10,7,KingTowsk,add,6794,Justin Jefferson,WR,
2024,1150158526812319744,6,trade,complete,1728581671005,2024-10-10,7,KingTowsk,add,6806,J.K. Dobbins,RB,
2024,1150158526812319744,6,trade,complete,1728581671005,2024-10-10,8,TylerWicks,add,9484,Tucker Kraft,TE,
2024,1150158526812319744,6,trade,complete,1728581671005,2024-10-10,7,KingTowsk,drop,11628,Marvin Harrison,WR,
2024,1150158526812319744,6,trade,complete,1728581671005,2024-10-10,7,KingTowsk,drop,4137,James Conner,RB,
2024,1150158526812319744,6,trade,complete,1728581671005,2024-10-10,8,TylerWicks,drop,6794,Justin Jefferson,WR,
2024,1150158526812319744,6,trade,complete,1728581671005,2024-10-10,8,TylerWicks,drop,6806,J.K. Dobbins,RB,
2024,1150158526812319744,6,trade,complete,1728581671005,2024-10-10,7,KingTowsk,drop,9484,Tucker Kraft,TE,
2024,1150139783969083392,6,free_agent,complete,1728577202363,2024-10-10,1,bgreenblatt,add,11562,Spencer Rattler,QB,
2024,1149925883407335424,6,free_agent,complete,1728526204495,2024-10-09,1,bgreenblatt,drop,2028,Derek Carr,QB,
2024,1149826667297374208,6,waiver,complete,1728502549531,2024-10-09,5,kaufmannc,add,PHI,Philadelphia Eagles,DEF,1
2024,1149826667297374208,6,waiver,complete,1728502549531,2024-10-09,5,kaufmannc,drop,SEA,Seattle Seahawks,DEF,
2024,1149769988035796992,6,waiver,failed,1728489036142,2024-10-09,10,cc5597,add,7090,Darnell Mooney,WR,17
2024,1149769988035796992,6,waiver,failed,1728489036142,2024-10-09,10,cc5597,drop,7042,Tyler Bass,K,
2024,1149764443828719616,6,waiver,failed,1728487714300,2024-10-09,7,KingTowsk,add,9225,Tank Bigsby,RB,15
2024,1149764443828719616,6,waiver,failed,1728487714300,2024-10-09,7,KingTowsk,drop,8143,Jerome Ford,RB,
2024,1149764399540932608,6,waiver,complete,1728487703741,2024-10-09,7,KingTowsk,add,5947,Jakobi Meyers,WR,16
2024,1149764399540932608,6,waiver,complete,1728487703741,2024-10-09,7,KingTowsk,drop,8143,Jerome Ford,RB,
2024,1149764364875116544,6,waiver,failed,1728487695476,2024-10-09,7,KingTowsk,add,7090,Darnell Mooney,WR,17
2024,1149764364875116544,6,waiver,failed,1728487695476,2024-10-09,7,KingTowsk,drop,8143,Jerome Ford,RB,
2024,1149760291555659776,6,waiver,failed,1728486724321,2024-10-09,3,MaxSirianni,add,7588,Javonte Williams,RB,0
2024,1149760291555659776,6,waiver,failed,1728486724321,2024-10-09,3,MaxSirianni,drop,11586,Blake Corum,RB,
2024,1149759193457602560,6,waiver,complete,1728486462514,2024-10-09,5,kaufmannc,add,9225,Tank Bigsby,RB,17
2024,1149759193457602560,6,waiver,complete,1728486462514,2024-10-09,5,kaufmannc,drop,9753,Zach Charbonnet,RB,
2024,1149757948151951360,6,waiver,failed,1728486165610,2024-10-09,2,Erjohnson14,add,PIT,Pittsburgh Steelers,DEF,0
2024,1149757948151951360,6,waiver,failed,1728486165610,2024-10-09,2,Erjohnson14,drop,DEN,Denver Broncos,DEF,
2024,1149756316089597952,6,waiver,failed,1728485776496,2024-10-09,4,jdrobny,add,5947,Jakobi Meyers,WR,13
2024,1149756316089597952,6,waiver,failed,1728485776496,2024-10-09,4,jdrobny,drop,LV,Las Vegas Raiders,DEF,
2024,1149752828320284672,6,waiver,failed,1728484944947,2024-10-09,8,TylerWicks,add,7588,Javonte Williams,RB,25
2024,1149752828320284672,6,waiver,failed,1728484944947,2024-10-09,8,TylerWicks,drop,11582,Carson Steele,RB,
2024,1149752572526342144,6,waiver,failed,1728484883961,2024-10-09,3,MaxSirianni,add,PIT,Pittsburgh Steelers,DEF,0
2024,1149752572526342144,6,waiver,failed,1728484883961,2024-10-09,3,MaxSirianni,drop,DAL,Dallas Cowboys,DEF,
2024,1149752240601661440,6,free_agent,complete,1728484804824,2024-10-09,8,TylerWicks,drop,1339,Zach Ertz,TE,
2024,1149748122734825472,6,waiver,failed,1728483823048,2024-10-09,1,bgreenblatt,add,7588,Javonte Williams,RB,15
2024,1149748122734825472,6,waiver,failed,1728483823048,2024-10-09,1,bgreenblatt,drop,2028,Derek Carr,QB,
2024,1149727317401407488,6,waiver,failed,1728478862670,2024-10-09,5,kaufmannc,add,PIT,Pittsburgh Steelers,DEF,6
2024,1149727317401407488,6,waiver,failed,1728478862670,2024-10-09,5,kaufmannc,drop,SEA,Seattle Seahawks,DEF,
2024,1149726314333569024,6,free_agent,complete,1728478623520,2024-10-09,5,kaufmannc,drop,4017,Deshaun Watson,QB,
2024,1154629595728330752,7,waiver,complete,1729647656903,2024-10-22,9,brockhusk,add,DET,Detroit Lions,DEF,6
2024,1154629595728330752,7,waiver,complete,1729647656903,2024-10-22,9,brockhusk,drop,LAR,Los Angeles Rams,DEF,
2024,1154620009768071168,7,waiver,complete,1729645371432,2024-10-22,2,Erjohnson14,add,1234,Russell Wilson,QB,17
2024,1154620009768071168,7,waiver,complete,1729645371432,2024-10-22,2,Erjohnson14,drop,9756,Jordan Addison,WR,
2024,1154527466313359360,7,waiver,failed,1729623307353,2024-10-22,7,KingTowsk,add,2307,Marcus Mariota,QB,0
2024,1154527466313359360,7,waiver,failed,1729623307353,2024-10-22,7,KingTowsk,drop,JAX,Jacksonville Jaguars,DEF,
2024,1154527353306034176,7,waiver,failed,1729623280410,2024-10-22,7,KingTowsk,add,11618,Jalen McMillan,WR,21
2024,1154527353306034176,7,waiver,failed,1729623280410,2024-10-22,7,KingTowsk,drop,JAX,Jacksonville Jaguars,DEF,
2024,1154527284360142848,7,waiver,failed,1729623263972,2024-10-22,7,KingTowsk,add,1234,Russell Wilson,QB,0
2024,1154527284360142848,7,waiver,failed,1729623263972,2024-10-22,7,KingTowsk,drop,JAX,Jacksonville Jaguars,DEF,
2024,1154527240357789696,7,waiver,failed,1729623253481,2024-10-22,7,KingTowsk,add,3200,Sterling Shepard,WR,0
2024,1154527240357789696,7,waiver,failed,1729623253481,2024-10-22,7,KingTowsk,drop,JAX,Jacksonville Jaguars,DEF,
2024,1154527214445342720,7,waiver,failed,1729623247303,2024-10-22,7,KingTowsk,add,11638,Ricky Pearsall,WR,16
2024,1154527214445342720,7,waiver,failed,1729623247303,2024-10-22,7,KingTowsk,drop,JAX,Jacksonville Jaguars,DEF,
2024,1154527055774789632,7,waiver,complete,1729623209473,2024-10-22,7,KingTowsk,add,1433,Brandon McManus,K,0
2024,1154527055774789632,7,waiver,complete,1729623209473,2024-10-22,7,KingTowsk,drop,4195,Jake Elliott,K,
2024,1154406086393393152,7,waiver,complete,1729594368125,2024-10-22,5,kaufmannc,add,2306,Jameis Winston,QB,32
2024,1154406086393393152,7,waiver,complete,1729594368125,2024-10-22,5,kaufmannc,drop,9753,Zach Charbonnet,RB,
2024,1154405740350681088,7,waiver,failed,1729594285622,2024-10-22,5,kaufmannc,add,DET,Detroit Lions,DEF,2
2024,1154405740350681088,7,waiver,failed,1729594285622,2024-10-22,5,kaufmannc,drop,PHI,Philadelphia Eagles,DEF,
2024,1154405624696995840,7,waiver,failed,1729594258048,2024-10-22,5,kaufmannc,add,KC,Kansas City Chiefs,DEF,4
2024,1154405624696995840,7,waiver,failed,1729594258048,2024-10-22,5,kaufmannc,drop,PHI,Philadelphia Eagles,DEF,
2024,1154112147497058304,7,waiver,failed,1729524287631,2024-10-21,6,JSanDusky69,add,KC,Kansas City Chiefs,DEF,6
2024,1154112147497058304,7,waiver,failed,1729524287631,2024-10-21,6,JSanDusky69,drop,NO,New Orleans Saints,DEF,
2024,1154112110461546496,7,waiver,failed,1729524278801,2024-10-21,6,JSanDusky69,add,DET,Detroit Lions,DEF,7
2024,1154112110461546496,7,waiver,failed,1729524278801,2024-10-21,6,JSanDusky69,drop,NO,New Orleans Saints,DEF,
2024,1154112068879015936,7,waiver,complete,1729524268887,2024-10-21,6,JSanDusky69,add,BAL,Baltimore Ravens,DEF,5
2024,1154112068879015936,7,waiver,complete,1729524268887,2024-10-21,6,JSanDusky69,drop,NO,New Orleans Saints,DEF,
2024,1154103207644299264,7,waiver,failed,1729522156205,2024-10-21,1,bgreenblatt,add,11655,Tyrone Tracy,RB,0
2024,1154103207644299264,7,waiver,failed,1729522156205,2024-10-21,1,bgreenblatt,drop,11620,Rome Odunze,WR,
2024,1153746505179701248,7,waiver,complete,1729437111709,2024-10-20,4,jdrobny,add,11623,Jordan Whittington,WR,0
2024,1153588849248059392,7,waiver,complete,1729399523606,2024-10-19,5,kaufmannc,add,9753,Zach Charbonnet,RB,2
2024,1153588849248059392,7,waiver,complete,1729399523606,2024-10-19,5,kaufmannc,drop,19,Joe Flacco,QB,
2024,1153095798872633344,7,waiver,failed,1729281971236,2024-10-18,7,KingTowsk,add,3214,Hunter Henry,TE,0
2024,1153095798872633344,7,waiver,failed,1729281971236,2024-10-18,7,KingTowsk,drop,5022,Dallas Goedert,TE,
2024,1153095453933010944,7,waiver,complete,1729281888996,2024-10-18,7,KingTowsk,add,4033,David Njoku,TE,0
2024,1153095453933010944,7,waiver,complete,1729281888996,2024-10-18,7,KingTowsk,drop,5022,Dallas Goedert,TE,
2024,1152745498533539840,7,free_agent,complete,1729198453127,2024-10-17,3,MaxSirianni,add,IND,Indianapolis Colts,DEF,
2024,1152745498533539840,7,free_agent,complete,1729198453127,2024-10-17,3,MaxSirianni,drop,TB,Tampa Bay Buccaneers,DEF,
2024,1152690308472221696,7,free_agent,complete,1729185294791,2024-10-17,8,TylerWicks,add,6083,Matt Gay,K,
2024,1152690308472221696,7,free_agent,complete,1729185294791,2024-10-17,8,TylerWicks,drop,2020,Cairo Santos,K,
2024,1152323387256061952,7,free_agent,complete,1729097813956,2024-10-16,4,jdrobny,drop,7593,Trey Sermon,RB,
2024,1152323157605335040,7,free_agent,complete,1729097759203,2024-10-16,4,jdrobny,drop,BAL,Baltimore Ravens,DEF,
2024,1152291834958487552,7,waiver,complete,1729090291302,2024-10-16,6,JSanDusky69,add,4227,Harrison Butker,K,0
2024,1152291834958487552,7,waiver,complete,1729090291302,2024-10-16,6,JSanDusky69,drop,6650,Chase McLaughlin,K,
2024,1152286724085850112,7,waiver,complete,1729089072775,2024-10-16,9,brockhusk,add,LAR,Los Angeles Rams,DEF,3
2024,1152286724085850112,7,waiver,complete,1729089072775,2024-10-16,9,brockhusk,drop,HOU,Houston Texans,DEF,
2024,1157129148582883328,8,waiver,failed,1730243596743,2024-10-29,10,cc5597,add,MIN,Minnesota Vikings,DEF,0
2024,1157129148582883328,8,waiver,failed,1730243596743,2024-10-29,10,cc5597,drop,2749,Raheem Mostert,RB,
2024,1157104509764833280,8,waiver,failed,1730237722391,2024-10-29,2,Erjohnson14,add,MIN,Minnesota Vikings,DEF,0
2024,1157104509764833280,8,waiver,failed,1730237722391,2024-10-29,2,Erjohnson14,drop,DEN,Denver Broncos,DEF,
2024,1157087121216360448,8,waiver,complete,1730233576638,2024-10-29,1,bgreenblatt,add,19,Joe Flacco,QB,20
2024,1157087121216360448,8,waiver,complete,1730233576638,2024-10-29,1,bgreenblatt,drop,9229,Anthony Richardson,QB,
2024,1157060446978150400,8,waiver,failed,1730227217004,2024-10-29,9,brockhusk,add,4981,Calvin Ridley,WR,16
2024,1157060446978150400,8,waiver,failed,1730227217004,2024-10-29,9,brockhusk,drop,6803,Brandon Aiyuk,WR,
2024,1157059567025676288,8,waiver,complete,1730227007207,2024-10-29,9,brockhusk,add,10444,Cedric Tillman,WR,16
2024,1157059567025676288,8,waiver,complete,1730227007207,2024-10-29,9,brockhusk,drop,6803,Brandon Aiyuk,WR,
2024,1157046559113351168,8,waiver,complete,1730223905879,2024-10-29,6,JSanDusky69,add,7571,Rashod Bateman,WR,0
2024,1157046135014412288,8,free_agent,complete,1730223804766,2024-10-29,6,JSanDusky69,drop,2449,Stefon Diggs,WR,
2024,1157044470777864192,8,waiver,failed,1730223407981,2024-10-29,2,Erjohnson14,add,19,Joe Flacco,QB,6
2024,1157044470777864192,8,waiver,failed,1730223407981,2024-10-29,2,Erjohnson14,drop,7591,Justin Fields,QB,
2024,1156979969659244544,8,waiver,complete,1730208029716,2024-10-29,5,kaufmannc,add,PHI,Philadelphia Eagles,DEF,6
2024,1156979969659244544,8,waiver,complete,1730208029716,2024-10-29,5,kaufmannc,drop,HOU,Houston Texans,DEF,
2024,1156975032485388288,8,waiver,failed,1730206852602,2024-10-29,2,Erjohnson14,add,2028,Derek Carr,QB,0
2024,1156975032485388288,8,waiver,failed,1730206852602,2024-10-29,2,Erjohnson14,drop,7591,Justin Fields,QB,
2024,1156834694971027456,8,waiver,complete,1730173393531,2024-10-28,1,bgreenblatt,add,CIN,Cincinnati Bengals,DEF,0
2024,1156834694971027456,8,waiver,complete,1730173393531,2024-10-28,1,bgreenblatt,drop,PIT,Pittsburgh Steelers,DEF,
2024,1156833086828093440,8,waiver,complete,1730173010120,2024-10-28,2,Erjohnson14,add,8111,Cade Otton,TE,1
2024,1156833086828093440,8,waiver,complete,1730173010120,2024-10-28,2,Erjohnson14,drop,7591,Justin Fields,QB,
2024,1156530645359820800,8,waiver,complete,1730100902455,2024-10-28,6,JSanDusky69,add,MIN,Minnesota Vikings,DEF,0
2024,1156530645359820800,8,waiver,complete,1730100902455,2024-10-28,6,JSanDusky69,drop,BAL,Baltimore Ravens,DEF,
2024,1156340795721646080,8,free_agent,complete,1730055638774,2024-10-27,7,KingTowsk,add,3678,Wil Lutz,K,
2024,1156340795721646080,8,free_agent,complete,1730055638774,2024-10-27,7,KingTowsk,drop,2307,Marcus Mariota,QB,
2024,1155364129415364608,8,free_agent,complete,1729822783381,2024-10-24,4,jdrobny,drop,CIN,Cincinnati Bengals,DEF,
2024,1155364046015823872,8,free_agent,complete,1729822763497,2024-10-24,4,jdrobny,add,CHI,Chicago Bears,DEF,
2024,1155224959254380544,8,free_agent,complete,1729789602629,2024-10-24,5,kaufmannc,add,HOU,Houston Texans,DEF,
2024,1155224959254380544,8,free_agent,complete,1729789602629,2024-10-24,5,kaufmannc,drop,PHI,Philadelphia Eagles,DEF,
2024,1155212762730053632,8,free_agent,complete,1729786694751,2024-10-24,7,KingTowsk,add,2307,Marcus Mariota,QB,
2024,1155212762730053632,8,free_agent,complete,1729786694751,2024-10-24,7,KingTowsk,drop,3678,Wil Lutz,K,
2024,1155210742388342784,8,free_agent,complete,1729786213064,2024-10-24,7,KingTowsk,add,3678,Wil Lutz,K,
2024,1155210742388342784,8,free_agent,complete,1729786213064,2024-10-24,7,KingTowsk,drop,1433,Brandon McManus,K,
2024,1154978713814024192,8,free_agent,complete,1729730893141,2024-10-23,4,jdrobny,drop,11623,Jordan Whittington,WR,
2024,1154937039763378176,8,trade,complete,1729720957273,2024-10-23,5,kaufmannc,add,11564,Drake Maye,QB,
2024,1154937039763378176,8,trade,complete,1729720957273,2024-10-23,1,bgreenblatt,add,9229,Anthony Richardson,QB,
2024,1154937039763378176,8,trade,complete,1729720957273,2024-10-23,1,bgreenblatt,drop,11564,Drake Maye,QB,
2024,1154937039763378176,8,trade,complete,1729720957273,2024-10-23,5,kaufmannc,drop,9229,Anthony Richardson,QB,
2024,1154883240256360448,8,trade,complete,1729708130471,2024-10-23,7,KingTowsk,add,7611,Rhamondre Stevenson,RB,
2024,1154883240256360448,8,trade,complete,1729708130471,2024-10-23,10,cc5597,add,8134,Khalil Shakir,WR,
2024,1154883240256360448,8,trade,complete,1729708130471,2024-10-23,7,KingTowsk,add,9502,Tank Dell,WR,
2024,1154883240256360448,8,trade,complete,1729708130471,2024-10-23,10,cc5597,add,9997,Zay Flowers,WR,
2024,1154883240256360448,8,trade,complete,1729708130471,2024-10-23,10,cc5597,drop,7611,Rhamondre Stevenson,RB,
2024,1154883240256360448,8,trade,complete,1729708130471,2024-10-23,7,KingTowsk,drop,8134,Khalil Shakir,WR,
2024,1154883240256360448,8,trade,complete,1729708130471,2024-10-23,10,cc5597,drop,9502,Tank Dell,WR,
2024,1154883240256360448,8,trade,complete,1729708130471,2024-10-23,7,KingTowsk,drop,9997,Zay Flowers,WR,
2024,1154841239821545472,8,waiver,complete,1729698116787,2024-10-23,10,cc5597,add,5987,Alexander Mattison,RB,17
2024,1154841239821545472,8,waiver,complete,1729698116787,2024-10-23,10,cc5597,drop,11576,Braelon Allen,RB,
2024,1154830652982857728,8,waiver,failed,1729695592688,2024-10-23,8,TylerWicks,add,11618,Jalen McMillan,WR,30
2024,1154830152325586944,8,waiver,complete,1729695473323,2024-10-23,7,KingTowsk,add,1426,DeAndre Hopkins,WR,19
2024,1154830152325586944,8,waiver,complete,1729695473323,2024-10-23,7,KingTowsk,drop,JAX,Jacksonville Jaguars,DEF,
2024,1154820669394255872,8,waiver,failed,1729693212415,2024-10-23,2,Erjohnson14,add,2306,Jameis Winston,QB,11
2024,1154820669394255872,8,waiver,failed,1729693212415,2024-10-23,2,Erjohnson14,drop,9756,Jordan Addison,WR,
2024,1154812991205105664,8,waiver,complete,1729691381792,2024-10-23,10,cc5597,add,11655,Tyrone Tracy,RB,11
2024,1154802291506188288,8,waiver,failed,1729688830785,2024-10-23,9,brockhusk,add,1426,DeAndre Hopkins,WR,17
2024,1154802291506188288,8,waiver,failed,1729688830785,2024-10-23,9,brockhusk,drop,6803,Brandon Aiyuk,WR,
2024,1154789399784337408,8,waiver,complete,1729685757159,2024-10-23,4,jdrobny,add,11618,Jalen McMillan,WR,31
2024,1154789399784337408,8,waiver,complete,1729685757159,2024-10-23,4,jdrobny,drop,8676,Rashid Shaheed,WR,
2024,1154717224570171392,8,waiver,complete,1729668549247,2024-10-23,3,MaxSirianni,add,KC,Kansas City Chiefs,DEF,5
2024,1154717224570171392,8,waiver,complete,1729668549247,2024-10-23,3,MaxSirianni,drop,IND,Indianapolis Colts,DEF,
2024,1159708391112118272,9,trade,complete,1730858536082,2024-11-05,8,TylerWicks,add,7526,Jaylen Waddle,WR,
2024,1159708391112118272,9,trade,complete,1730858536082,2024-11-05,2,Erjohnson14,drop,7526,Jaylen Waddle,WR,
2024,1159673364563476480,9,waiver,complete,1730850185102,2024-11-05,7,KingTowsk,add,9511,Keaton Mitchell,RB,0
2024,1159673364563476480,9,waiver,complete,1730850185102,2024-11-05,7,KingTowsk,drop,6819,Michael Pittman,WR,
2024,1159573288365006848,9,waiver,failed,1730826325077,2024-11-05,6,JSanDusky69,add,NYG,New York Giants,DEF,0
2024,1159572977449807872,9,waiver,failed,1730826250950,2024-11-05,6,JSanDusky69,add,6149,Darius Slayton,WR,0
2024,1159572856653840384,9,waiver,failed,1730826222149,2024-11-05,6,JSanDusky69,add,8126,Wan'Dale Robinson,WR,0
2024,1159572821606326272,9,waiver,complete,1730826213793,2024-11-05,6,JSanDusky69,add,9756,Jordan Addison,WR,0
2024,1159506298988265472,9,waiver,complete,1730810353565,2024-11-05,1,bgreenblatt,add,NYG,New York Giants,DEF,0
2024,1159506298988265472,9,waiver,complete,1730810353565,2024-11-05,1,bgreenblatt,drop,CIN,Cincinnati Bengals,DEF,
2024,1159205735054553088,9,free_agent,complete,1730738693539,2024-11-04,6,JSanDusky69,drop,TEN,Tennessee Titans,DEF,
2024,1158894412286652416,9,free_agent,complete,1730664468407,2024-11-03,1,bgreenblatt,add,6650,Chase McLaughlin,K,
2024,1158894412286652416,9,free_agent,complete,1730664468407,2024-11-03,1,bgreenblatt,drop,8126,Wan'Dale Robinson,WR,
2024,1158837056261656576,9,waiver,complete,1730650793665,2024-11-03,6,JSanDusky69,add,TEN,Tennessee Titans,DEF,0
2024,1158837056261656576,9,waiver,complete,1730650793665,2024-11-03,6,JSanDusky69,drop,8142,Alec Pierce,WR,
2024,1158817917937532928,9,waiver,complete,1730646230733,2024-11-03,4,jdrobny,add,4381,Taysom Hill,TE,0
2024,1158817834345246720,9,waiver,failed,1730646210803,2024-11-03,4,jdrobny,add,4993,Mike Gesicki,TE,0
2024,1158817762232348672,9,free_agent,complete,1730646193610,2024-11-03,4,jdrobny,drop,5022,Dallas Goedert,TE,
2024,1158184629950672896,9,trade,complete,1730495243111,2024-11-01,5,kaufmannc,add,6813,Jonathan Taylor,RB,
2024,1158184629950672896,9,trade,complete,1730495243111,2024-11-01,2,Erjohnson14,add,8112,Drake London,WR,
2024,1158184629950672896,9,trade,complete,1730495243111,2024-11-01,2,Erjohnson14,drop,6813,Jonathan Taylor,RB,
2024,1158184629950672896,9,trade,complete,1730495243111,2024-11-01,5,kaufmannc,drop,8112,Drake London,WR,
2024,1158128829651820544,9,waiver,complete,1730481939283,2024-11-01,10,cc5597,add,11792,Will Reichard,K,0
2024,1158128829651820544,9,waiver,complete,1730481939283,2024-11-01,10,cc5597,drop,7042,Tyler Bass,K,
2024,1157854706052624384,9,free_agent,complete,1730416583124,2024-10-31,4,jdrobny,add,5022,Dallas Goedert,TE,
2024,1157731522217177088,9,waiver,complete,1730387213809,2024-10-31,7,KingTowsk,add,6219,Austin Seibert,K,0
2024,1157731522217177088,9,waiver,complete,1730387213809,2024-10-31,7,KingTowsk,drop,3678,Wil Lutz,K,
2024,1157400118853939200,9,waiver,complete,1730308201090,2024-10-30,6,JSanDusky69,add,8142,Alec Pierce,WR,0
2024,1157400118853939200,9,waiver,complete,1730308201090,2024-10-30,6,JSanDusky69,drop,7571,Rashod Bateman,WR,
2024,1157387004053852160,9,waiver,complete,1730305074278,2024-10-30,10,cc5597,add,PIT,Pittsburgh Steelers,DEF,0
2024,1157387004053852160,9,waiver,complete,1730305074278,2024-10-30,10,cc5597,drop,SF,San Francisco 49ers,DEF,
2024,1157386375931559936,9,waiver,complete,1730304924522,2024-10-30,2,Erjohnson14,add,WAS,Washington Commanders,DEF,0
2024,1157386375931559936,9,waiver,complete,1730304924522,2024-10-30,2,Erjohnson14,drop,DEN,Denver Broncos,DEF,
2024,1157349264151011328,9,waiver,complete,1730296076384,2024-10-30,10,cc5597,add,NO,New Orleans Saints,DEF,0
2024,1157349264151011328,9,waiver,complete,1730296076384,2024-10-30,10,cc5597,drop,2749,Raheem Mostert,RB,
2024,1157336534027239424,9,waiver,failed,1730293041286,2024-10-30,10,cc5597,add,19,Joe Flacco,QB,3
2024,1157336534027239424,9,waiver,failed,1730293041286,2024-10-30,10,cc5597,drop,5870,Daniel Jones,QB,
2024,1157336430558138368,9,waiver,complete,1730293016617,2024-10-30,10,cc5597,add,2028,Derek Carr,QB,1
2024,1157336430558138368,9,waiver,complete,1730293016617,2024-10-30,10,cc5597,drop,5870,Daniel Jones,QB,
2024,1157335862191968256,9,free_agent,complete,1730292881108,2024-10-30,10,cc5597,drop,4040,JuJu Smith-Schuster,WR,
2024,1162273989520130048,10,waiver,complete,1731470222409,2024-11-12,2,Erjohnson14,add,HOU,Houston Texans,DEF,17
2024,1162273989520130048,10,waiver,complete,1731470222409,2024-11-12,2,Erjohnson14,drop,WAS,Washington Commanders,DEF,
2024,1162273650301755392,10,waiver,complete,1731470141533,2024-11-12,2,Erjohnson14,add,4993,Mike Gesicki,TE,0
2024,1162273650301755392,10,waiver,complete,1731470141533,2024-11-12,2,Erjohnson14,drop,8110,Jake Ferguson,TE,
2024,1162225621964017664,10,free_agent,complete,1731458690685,2024-11-12,8,TylerWicks,drop,4574,Cooper Rush,QB,
2024,1162178272621355008,10,free_agent,complete,1731447401722,2024-11-12,10,cc5597,drop,11792,Will Reichard,K,
2024,1162178198809993216,10,free_agent,complete,1731447384124,2024-11-12,10,cc5597,drop,7527,Mac Jones,QB,
2024,1162110219560816640,10,waiver,complete,1731431176608,2024-11-12,3,MaxSirianni,add,GB,Green Bay Packers,DEF,5
2024,1162110219560816640,10,waiver,complete,1731431176608,2024-11-12,3,MaxSirianni,drop,KC,Kansas City Chiefs,DEF,
2024,1162096939438194688,10,waiver,complete,1731428010380,2024-11-12,5,kaufmannc,add,5119,Jason Sanders,K,3
2024,1162096939438194688,10,waiver,complete,1731428010380,2024-11-12,5,kaufmannc,drop,4666,Younghoe Koo,K,
2024,1162047155193044992,10,waiver,complete,1731416140891,2024-11-12,3,MaxSirianni,add,5086,Marquez Valdes-Scantling,WR,11
2024,1162047155193044992,10,waiver,complete,1731416140891,2024-11-12,3,MaxSirianni,drop,8408,Jordan Mason,RB,
2024,1161918864348463104,10,waiver,failed,1731385553970,2024-11-11,6,JSanDusky69,add,HOU,Houston Texans,DEF,6
2024,1161918864348463104,10,waiver,failed,1731385553970,2024-11-11,6,JSanDusky69,drop,3286,Demarcus Robinson,WR,
2024,1161798467690373120,10,waiver,complete,1731356849170,2024-11-11,1,bgreenblatt,add,11579,Audric Estime,RB,0
2024,1161798467690373120,10,waiver,complete,1731356849170,2024-11-11,1,bgreenblatt,drop,NYG,New York Giants,DEF,
2024,1161560387553333248,10,free_agent,complete,1731300086442,2024-11-10,6,JSanDusky69,add,3286,Demarcus Robinson,WR,
2024,1161560387553333248,10,free_agent,complete,1731300086442,2024-11-10,6,JSanDusky69,drop,9756,Jordan Addison,WR,
2024,1161534045197701120,10,free_agent,complete,1731293805935,2024-11-10,1,bgreenblatt,add,MIA,Miami Dolphins,DEF,
2024,1161534045197701120,10,free_agent,complete,1731293805935,2024-11-10,1,bgreenblatt,drop,2749,Raheem Mostert,RB,
2024,1161440443322863616,10,free_agent,complete,1731271489509,2024-11-10,1,bgreenblatt,add,5022,Dallas Goedert,TE,
2024,1161440443322863616,10,free_agent,complete,1731271489509,2024-11-10,1,bgreenblatt,drop,11620,Rome Odunze,WR,
2024,1161398952063930368,10,free_agent,complete,1731261597222,2024-11-10,10,cc5597,add,7527,Mac Jones,QB,
2024,1161398952063930368,10,free_agent,complete,1731261597222,2024-11-10,10,cc5597,drop,2028,Derek Carr,QB,
2024,1161092651848945664,10,free_agent,complete,1731188569560,2024-11-09,2,Erjohnson14,drop,DEN,Denver Broncos,DEF,
2024,1160652414035685376,10,waiver,complete,1731083608686,2024-11-08,5,kaufmannc,add,4981,Calvin Ridley,WR,0
2024,1160652206761218048,10,waiver,complete,1731083559268,2024-11-08,1,bgreenblatt,add,2749,Raheem Mostert,RB,0
2024,1160652206761218048,10,waiver,complete,1731083559268,2024-11-08,1,bgreenblatt,drop,6650,Chase McLaughlin,K,
2024,1160359814195687424,10,free_agent,complete,1731013847448,2024-11-07,2,Erjohnson14,add,DEN,Denver Broncos,DEF,
2024,1160315694240604160,10,free_agent,complete,1731003328431,2024-11-07,7,KingTowsk,add,4195,Jake Elliott,K,
2024,1160315694240604160,10,free_agent,complete,1731003328431,2024-11-07,7,KingTowsk,drop,6219,Austin Seibert,K,
2024,1159936020172201984,10,waiver,complete,1730912807079,2024-11-06,5,kaufmannc,add,7608,Khalil Herbert,RB,4
2024,1159936020172201984,10,waiver,complete,1730912807079,2024-11-06,5,kaufmannc,drop,6130,Devin Singletary,RB,
2024,1159919842644877312,10,waiver,complete,1730908950056,2024-11-06,8,TylerWicks,add,4574,Cooper Rush,QB,7
2024,1159919842644877312,10,waiver,complete,1730908950056,2024-11-06,8,TylerWicks,drop,6845,Zack Moss,RB,
2024,1159896629554610176,10,waiver,complete,1730903415624,2024-11-06,10,cc5597,add,8259,Cameron Dicker,K,0
2024,1159896248514621440,10,free_agent,complete,1730903324777,2024-11-06,10,cc5597,drop,NO,New Orleans Saints,DEF,
2024,1164845827538472960,11,waiver,complete,1732083396375,2024-11-20,3,MaxSirianni,add,1339,Zach Ertz,TE,5
2024,1164845827538472960,11,waiver,complete,1732083396375,2024-11-20,3,MaxSirianni,drop,8110,Jake Ferguson,TE,
2024,1164845703206752256,11,waiver,complete,1732083366732,2024-11-20,3,MaxSirianni,add,6650,Chase McLaughlin,K,0
2024,1164845703206752256,11,waiver,complete,1732083366732,2024-11-20,3,MaxSirianni,drop,7839,Evan McPherson,K,
2024,1164813142317244416,11,waiver,complete,1732075603611,2024-11-19,6,JSanDusky69,add,KC,Kansas City Chiefs,DEF,9
2024,1164813142317244416,11,waiver,complete,1732075603611,2024-11-19,6,JSanDusky69,drop,11638,Ricky Pearsall,WR,
2024,1164812153375887360,11,waiver,complete,1732075367829,2024-11-19,2,Erjohnson14,add,9999,Will Levis,QB,6
2024,1164812153375887360,11,waiver,complete,1732075367829,2024-11-19,2,Erjohnson14,drop,5906,Dawson Knox,TE,
2024,1164777342112223232,11,free_agent,complete,1732067068177,2024-11-19,9,brockhusk,drop,7600,Pat Freiermuth,TE,
2024,1164774350415929344,11,waiver,failed,1732066354901,2024-11-19,2,Erjohnson14,add,7596,Elijah Moore,WR,2
2024,1164774350415929344,11,waiver,failed,1732066354901,2024-11-19,2,Erjohnson14,drop,5906,Dawson Knox,TE,
2024,1164773980096675840,11,waiver,failed,1732066266610,2024-11-19,2,Erjohnson14,add,8126,Wan'Dale Robinson,WR,0
2024,1164773980096675840,11,waiver,failed,1732066266610,2024-11-19,2,Erjohnson14,drop,5906,Dawson Knox,TE,
2024,1164706538624372736,11,trade,complete,1732050187310,2024-11-19,9,brockhusk,add,1426,DeAndre Hopkins,WR,
2024,1164706538624372736,11,trade,complete,1732050187310,2024-11-19,7,KingTowsk,drop,1426,DeAndre Hopkins,WR,
2024,1164624119602819072,11,waiver,failed,1732030537084,2024-11-19,7,KingTowsk,add,CLE,Cleveland Browns,DEF,0
2024,1164624119602819072,11,waiver,failed,1732030537084,2024-11-19,7,KingTowsk,drop,LAR,Los Angeles Rams,DEF,
2024,1164623996428656640,11,waiver,failed,1732030507717,2024-11-19,7,KingTowsk,add,DEN,Denver Broncos,DEF,0
2024,1164623996428656640,11,waiver,failed,1732030507717,2024-11-19,7,KingTowsk,drop,LAR,Los Angeles Rams,DEF,
2024,1164623914014953472,11,waiver,failed,1732030488068,2024-11-19,7,KingTowsk,add,WAS,Washington Commanders,DEF,0
2024,1164623914014953472,11,waiver,failed,1732030488068,2024-11-19,7,KingTowsk,drop,LAR,Los Angeles Rams,DEF,
2024,1164623855059767296,11,waiver,complete,1732030474012,2024-11-19,7,KingTowsk,add,TB,Tampa Bay Buccaneers,DEF,0
2024,1164623855059767296,11,waiver,complete,1732030474012,2024-11-19,7,KingTowsk,drop,LAR,Los Angeles Rams,DEF,
2024,1164623814702215168,11,waiver,failed,1732030464390,2024-11-19,7,KingTowsk,add,KC,Kansas City Chiefs,DEF,0
2024,1164623814702215168,11,waiver,failed,1732030464390,2024-11-19,7,KingTowsk,drop,LAR,Los Angeles Rams,DEF,
2024,1164607434128818176,11,waiver,failed,1732026558957,2024-11-19,2,Erjohnson14,add,9754,Quentin Johnston,WR,3
2024,1164607434128818176,11,waiver,failed,1732026558957,2024-11-19,2,Erjohnson14,drop,5906,Dawson Knox,TE,
2024,1164427876063064064,11,waiver,failed,1731983748978,2024-11-18,6,JSanDusky69,add,ARI,Arizona Cardinals,DEF,0
2024,1164427876063064064,11,waiver,failed,1731983748978,2024-11-18,6,JSanDusky69,drop,11638,Ricky Pearsall,WR,
2024,1164326467627499520,11,free_agent,complete,1731959571323,2024-11-18,8,TylerWicks,drop,3294,Dak Prescott,QB,
2024,1164237970430484480,11,waiver,complete,1731938471947,2024-11-18,1,bgreenblatt,add,11292,Tommy DeVito,QB,0
2024,1164237970430484480,11,waiver,complete,1731938471947,2024-11-18,1,bgreenblatt,drop,5870,Daniel Jones,QB,
2024,1163922288258052096,11,free_agent,complete,1731863207452,2024-11-17,8,TylerWicks,add,IND,Indianapolis Colts,DEF,
2024,1163905639324749824,11,waiver,failed,1731859238037,2024-11-17,3,MaxSirianni,add,4144,Jonnu Smith,TE,0
2024,1163905639324749824,11,waiver,failed,1731859238037,2024-11-17,3,MaxSirianni,drop,11586,Blake Corum,RB,
2024,1163893532445425664,11,waiver,complete,1731856351532,2024-11-17,5,kaufmannc,add,4144,Jonnu Smith,TE,4
2024,1163893532445425664,11,waiver,complete,1731856351532,2024-11-17,5,kaufmannc,drop,6826,Cole Kmet,TE,
2024,1163857557585289216,11,waiver,complete,1731847774457,2024-11-17,3,MaxSirianni,add,8110,Jake Ferguson,TE,5
2024,1163857557585289216,11,waiver,complete,1731847774457,2024-11-17,3,MaxSirianni,drop,11586,Blake Corum,RB,
2024,1163550561053237248,11,waiver,complete,1731774580780,2024-11-16,2,Erjohnson14,add,5906,Dawson Knox,TE,1
2024,1163550561053237248,11,waiver,complete,1731774580780,2024-11-16,2,Erjohnson14,drop,4993,Mike Gesicki,TE,
2024,1163166288198422528,11,waiver,complete,1731682962992,2024-11-15,4,jdrobny,add,5987,Alexander Mattison,RB,0
2024,1163166288198422528,11,waiver,complete,1731682962992,2024-11-15,4,jdrobny,drop,4950,Christian Kirk,WR,
2024,1162912526242570240,11,waiver,complete,1731622461427,2024-11-14,6,JSanDusky69,add,11533,Brandon Aubrey,K,0
2024,1162912526242570240,11,waiver,complete,1731622461427,2024-11-14,6,JSanDusky69,drop,4227,Harrison Butker,K,
2024,1162881622920777728,11,free_agent,complete,1731615093501,2024-11-14,1,bgreenblatt,add,5870,Daniel Jones,QB,
2024,1162803126429167616,11,waiver,complete,1731596378479,2024-11-14,2,Erjohnson14,add,11539,Jake Bates,K,1
2024,1162803126429167616,11,waiver,complete,1731596378479,2024-11-14,2,Erjohnson14,drop,11533,Brandon Aubrey,K,
2024,1162568133035544576,11,free_agent,complete,1731540351688,2024-11-13,1,bgreenblatt,drop,19,Joe Flacco,QB,
2024,1162475387960602624,11,waiver,complete,1731518239539,2024-11-13,10,cc5597,add,SF,San Francisco 49ers,DEF,0
2024,1162469343964430336,11,waiver,complete,1731516798538,2024-11-13,6,JSanDusky69,add,11638,Ricky Pearsall,WR,0
2024,1162469343964430336,11,waiver,complete,1731516798538,2024-11-13,6,JSanDusky69,drop,3286,Demarcus Robinson,WR,
2024,1162469025679556608,11,waiver,complete,1731516722653,2024-11-13,10,cc5597,add,8228,Jaylen Warren,RB,2
2024,1162469025679556608,11,waiver,complete,1731516722653,2024-11-13,10,cc5597,drop,5987,Alexander Mattison,RB,
2024,1162468654374780928,11,waiver,complete,1731516634127,2024-11-13,10,cc5597,add,6819,Michael Pittman,WR,6
2024,1162467254660100096,11,waiver,failed,1731516300409,2024-11-13,8,TylerWicks,add,5119,Jason Sanders,K,0
2024,1162467254660100096,11,waiver,failed,1731516300409,2024-11-13,8,TylerWicks,drop,6083,Matt Gay,K,
2024,1162467042843549696,11,waiver,failed,1731516249908,2024-11-13,8,TylerWicks,add,HOU,Houston Texans,DEF,5
2024,1162465653912145920,11,waiver,failed,1731515918761,2024-11-13,7,KingTowsk,add,11579,Audric Estime,RB,0
2024,1162465653912145920,11,waiver,failed,1731515918761,2024-11-13,7,KingTowsk,drop,9511,Keaton Mitchell,RB,
2024,1162465503848439808,11,waiver,complete,1731515882983,2024-11-13,7,KingTowsk,add,9229,Anthony Richardson,QB,40
2024,1162465503848439808,11,waiver,complete,1731515882983,2024-11-13,7,KingTowsk,drop,9511,Keaton Mitchell,RB,
2024,1162464777348886528,11,waiver,failed,1731515709772,2024-11-13,1,bgreenblatt,add,9229,Anthony Richardson,QB,20
2024,1162464777348886528,11,waiver,failed,1731515709772,2024-11-13,1,bgreenblatt,drop,19,Joe Flacco,QB,
2024,1162459456391835648,11,waiver,failed,1731514441157,2024-11-13,5,kaufmannc,add,HOU,Houston Texans,DEF,4
2024,1162459456391835648,11,waiver,failed,1731514441157,2024-11-13,5,kaufmannc,drop,PHI,Philadelphia Eagles,DEF,
2024,1162458468503343104,11,waiver,failed,1731514205626,2024-11-13,7,KingTowsk,add,11579,Audric Estime,RB,20
2024,1162458468503343104,11,waiver,failed,1731514205626,2024-11-13,7,KingTowsk,drop,9511,Keaton Mitchell,RB,
2024,1162450649276100608,11,waiver,complete,1731512341377,2024-11-13,1,bgreenblatt,add,2028,Derek Carr,QB,0
2024,1162450649276100608,11,waiver,complete,1731512341377,2024-11-13,1,bgreenblatt,drop,7523,Trevor Lawrence,QB,
2024,1162444599970013184,11,waiver,failed,1731510899110,2024-11-13,7,KingTowsk,add,DEN,Denver Broncos,DEF,0
2024,1162444599970013184,11,waiver,failed,1731510899110,2024-11-13,7,KingTowsk,drop,LAC,Los Angeles Chargers,DEF,
2024,1162444520940797952,11,waiver,failed,1731510880268,2024-11-13,7,KingTowsk,add,SF,San Francisco 49ers,DEF,0
2024,1162444520940797952,11,waiver,failed,1731510880268,2024-11-13,7,KingTowsk,drop,LAC,Los Angeles Chargers,DEF,
2024,1162444445271449600,11,waiver,failed,1731510862227,2024-11-13,7,KingTowsk,add,HOU,Houston Texans,DEF,0
2024,1162444445271449600,11,waiver,failed,1731510862227,2024-11-13,7,KingTowsk,drop,LAC,Los Angeles Chargers,DEF,
2024,1162444401306677248,11,waiver,complete,1731510851745,2024-11-13,7,KingTowsk,add,LAR,Los Angeles Rams,DEF,0
2024,1162444401306677248,11,waiver,complete,1731510851745,2024-11-13,7,KingTowsk,drop,LAC,Los Angeles Chargers,DEF,
2024,1162443814506860544,11,waiver,failed,1731510711841,2024-11-13,7,KingTowsk,add,GB,Green Bay Packers,DEF,0
2024,1162443814506860544,11,waiver,failed,1731510711841,2024-11-13,7,KingTowsk,drop,LAC,Los Angeles Chargers,DEF,
2024,1162435400762384384,11,waiver,failed,1731508705848,2024-11-13,10,cc5597,add,HOU,Houston Texans,DEF,2
2024,1167251490092740608,12,waiver,complete,1732656951023,2024-11-26,1,bgreenblatt,add,GB,Green Bay Packers,DEF,0
2024,1167245013328183296,12,free_agent,complete,1732655406842,2024-11-26,1,bgreenblatt,drop,11292,Tommy DeVito,QB,
2024,1167243682509271040,12,trade,complete,1732655089550,2024-11-26,3,MaxSirianni,add,2133,Davante Adams,WR,
2024,1167243682509271040,12,trade,complete,1732655089550,2024-11-26,1,bgreenblatt,add,6768,Tua Tagovailoa,QB,
2024,1167243682509271040,12,trade,complete,1732655089550,2024-11-26,1,bgreenblatt,drop,2133,Davante Adams,WR,
2024,1167243682509271040,12,trade,complete,1732655089550,2024-11-26,3,MaxSirianni,drop,6768,Tua Tagovailoa,QB,
2024,1167138266576105472,12,waiver,failed,1732629956433,2024-11-26,5,kaufmannc,add,5248,Gus Edwards,RB,7
2024,1167138266576105472,12,waiver,failed,1732629956433,2024-11-26,5,kaufmannc,drop,9225,Tank Bigsby,RB,
2024,1167111248018784256,12,free_agent,complete,1732623514707,2024-11-26,10,cc5597,drop,6011,Gardner Minshew,QB,
2024,1166955794149294080,12,waiver,failed,1732586451616,2024-11-25,1,bgreenblatt,add,DAL,Dallas Cowboys,DEF,0
2024,1166955794149294080,12,waiver,failed,1732586451616,2024-11-25,1,bgreenblatt,drop,MIA,Miami Dolphins,DEF,
2024,1166878283598893056,12,waiver,complete,1732567971661,2024-11-25,1,bgreenblatt,add,IND,Indianapolis Colts,DEF,11
2024,1166878283598893056,12,waiver,complete,1732567971661,2024-11-25,1,bgreenblatt,drop,MIA,Miami Dolphins,DEF,
2024,1166819830008373248,12,waiver,complete,1732554035239,2024-11-25,2,Erjohnson14,add,7523,Trevor Lawrence,QB,6
2024,1166819830008373248,12,waiver,complete,1732554035239,2024-11-25,2,Erjohnson14,drop,3357,Brandon Allen,QB,
2024,1166570875794231296,12,free_agent,complete,1732494679929,2024-11-24,1,bgreenblatt,add,8132,Tyler Allgeier,RB,
2024,1166570875794231296,12,free_agent,complete,1732494679929,2024-11-24,1,bgreenblatt,drop,5022,Dallas Goedert,TE,
2024,1166441530828222464,12,waiver,complete,1732463841686,2024-11-24,10,cc5597,add,6011,Gardner Minshew,QB,0
2024,1166441530828222464,12,waiver,complete,1732463841686,2024-11-24,10,cc5597,drop,6819,Michael Pittman,WR,
2024,1166439816956039168,12,waiver,failed,1732463433067,2024-11-24,10,cc5597,add,9999,Will Levis,QB,0
2024,1166439816956039168,12,waiver,failed,1732463433067,2024-11-24,10,cc5597,drop,6819,Michael Pittman,WR,
2024,1165819603818389504,12,waiver,complete,1732315562732,2024-11-22,2,Erjohnson14,add,3357,Brandon Allen,QB,1
2024,1165819603818389504,12,waiver,complete,1732315562732,2024-11-22,2,Erjohnson14,drop,9999,Will Levis,QB,
2024,1165786768487100416,12,waiver,complete,1732307734179,2024-11-22,1,bgreenblatt,add,2359,Ameer Abdullah,RB,0
2024,1165786768487100416,12,waiver,complete,1732307734179,2024-11-22,1,bgreenblatt,drop,5995,Justice Hill,RB,
2024,1165781160098656256,12,waiver,complete,1732306397035,2024-11-22,7,KingTowsk,add,6219,Austin Seibert,K,0
2024,1165781160098656256,12,waiver,complete,1732306397035,2024-11-22,7,KingTowsk,drop,4195,Jake Elliott,K,
2024,1165437751995527168,12,free_agent,complete,1732224522163,2024-11-21,1,bgreenblatt,add,5995,Justice Hill,RB,
2024,1165437751995527168,12,free_agent,complete,1732224522163,2024-11-21,1,bgreenblatt,drop,9753,Zach Charbonnet,RB,
2024,1165376279214936064,12,free_agent,complete,1732209865910,2024-11-21,1,bgreenblatt,add,9753,Zach Charbonnet,RB,
2024,1165376279214936064,12,free_agent,complete,1732209865910,2024-11-21,1,bgreenblatt,drop,11579,Audric Estime,RB,
2024,1165153656346521600,12,waiver,complete,1732156788482,2024-11-20,10,cc5597,add,5010,Will Dissly,TE,0
2024,1165153656346521600,12,waiver,complete,1732156788482,2024-11-20,10,cc5597,drop,SF,San Francisco 49ers,DEF,
2024,1165034140312444928,12,waiver,complete,1732128293639,2024-11-20,3,MaxSirianni,add,WAS,Washington Commanders,DEF,3
2024,1165034140312444928,12,waiver,complete,1732128293639,2024-11-20,3,MaxSirianni,drop,GB,Green Bay Packers,DEF,
2024,1165034089553096704,12,waiver,failed,1732128281537,2024-11-20,3,MaxSirianni,add,WAS,Washington Commanders,DEF,0
2024,1165034089553096704,12,waiver,failed,1732128281537,2024-11-20,3,MaxSirianni,drop,GB,Green Bay Packers,DEF,
2024,1164978916327591936,12,waiver,complete,1732115127215,2024-11-20,8,TylerWicks,add,DEN,Denver Broncos,DEF,17
2024,1164978916327591936,12,waiver,complete,1732115127215,2024-11-20,8,TylerWicks,drop,IND,Indianapolis Colts,DEF,
2024,1164977565677871104,12,waiver,complete,1732114805195,2024-11-20,8,TylerWicks,add,3678,Wil Lutz,K,0
2024,1164977565677871104,12,waiver,complete,1732114805195,2024-11-20,8,TylerWicks,drop,6083,Matt Gay,K,
2024,1164951042824536064,12,waiver,complete,1732108481654,2024-11-20,4,jdrobny,add,1689,Adam Thielen,WR,3
2024,1169833943454277632,13,waiver,complete,1733272655884,2024-12-03,1,bgreenblatt,add,2749,Raheem Mostert,RB,0
2024,1169833943454277632,13,waiver,complete,1733272655884,2024-12-03,1,bgreenblatt,drop,IND,Indianapolis Colts,DEF,
2024,1169761060958773248,13,waiver,complete,1733255279343,2024-12-03,3,MaxSirianni,add,5010,Will Dissly,TE,5
2024,1169761060958773248,13,waiver,complete,1733255279343,2024-12-03,3,MaxSirianni,drop,1339,Zach Ertz,TE,
2024,1169760958416343040,13,waiver,complete,1733255254895,2024-12-03,3,MaxSirianni,add,TEN,Tennessee Titans,DEF,0
2024,1169760958416343040,13,waiver,complete,1733255254895,2024-12-03,3,MaxSirianni,drop,WAS,Washington Commanders,DEF,
2024,1169750094003011584,13,waiver,complete,1733252664618,2024-12-03,3,MaxSirianni,add,11651,Isaac Guerendo,RB,37
2024,1169750094003011584,13,waiver,complete,1733252664618,2024-12-03,3,MaxSirianni,drop,4034,Christian McCaffrey,RB,
2024,1169730045426954240,13,waiver,failed,1733247884664,2024-12-03,5,kaufmannc,add,11651,Isaac Guerendo,RB,7
2024,1169730045426954240,13,waiver,failed,1733247884664,2024-12-03,5,kaufmannc,drop,DAL,Dallas Cowboys,DEF,
2024,1169714280527585280,13,waiver,failed,1733244126019,2024-12-03,7,KingTowsk,add,8143,Jerome Ford,RB,0
2024,1169714080597577728,13,waiver,complete,1733244078352,2024-12-03,7,KingTowsk,add,5987,Alexander Mattison,RB,0
2024,1169711963178438656,13,waiver,complete,1733243573520,2024-12-03,7,KingTowsk,add,9508,Tyjae Spears,RB,0
2024,1169711963178438656,13,waiver,complete,1733243573520,2024-12-03,7,KingTowsk,drop,5248,Gus Edwards,RB,
2024,1169710429564858368,13,waiver,failed,1733243207878,2024-12-03,7,KingTowsk,add,6963,Patrick Taylor,RB,0
2024,1169710269761720320,13,waiver,failed,1733243169778,2024-12-03,7,KingTowsk,add,7496,Nick Westbrook-Ikhine,WR,0
2024,1169708733430161408,13,waiver,failed,1733242803488,2024-12-03,7,KingTowsk,add,11651,Isaac Guerendo,RB,0
2024,1169693324941328384,13,waiver,failed,1733239129818,2024-12-03,2,Erjohnson14,add,11651,Isaac Guerendo,RB,10
2024,1169693324941328384,13,waiver,failed,1733239129818,2024-12-03,2,Erjohnson14,drop,4098,Kareem Hunt,RB,
2024,1169525838350643200,13,free_agent,complete,1733199197903,2024-12-02,10,cc5597,drop,5010,Will Dissly,TE,
2024,1169508310639742976,13,trade,complete,1733195018971,2024-12-02,10,cc5597,add,11565,J.J. McCarthy,QB,
2024,1169508310639742976,13,trade,complete,1733195018971,2024-12-02,10,cc5597,add,5967,Tony Pollard,RB,
2024,1169508310639742976,13,trade,complete,1733195018971,2024-12-02,1,bgreenblatt,add,9226,De'Von Achane,RB,
2024,1169508310639742976,13,trade,complete,1733195018971,2024-12-02,1,bgreenblatt,drop,11565,J.J. McCarthy,QB,
2024,1169508310639742976,13,trade,complete,1733195018971,2024-12-02,1,bgreenblatt,drop,5967,Tony Pollard,RB,
2024,1169508310639742976,13,trade,complete,1733195018971,2024-12-02,10,cc5597,drop,9226,De'Von Achane,RB,
2024,1169354135918002176,13,waiver,complete,1733158260853,2024-12-02,6,JSanDusky69,add,BAL,Baltimore Ravens,DEF,5
2024,1169354135918002176,13,waiver,complete,1733158260853,2024-12-02,6,JSanDusky69,drop,KC,Kansas City Chiefs,DEF,
2024,1169351651375820800,13,free_agent,complete,1733157668492,2024-12-02,6,JSanDusky69,drop,4663,Austin Ekeler,RB,
2024,1169350192165097472,13,trade,complete,1733157320589,2024-12-02,7,KingTowsk,add,4943,Sam Darnold,QB,
2024,1169350192165097472,13,trade,complete,1733157320589,2024-12-02,4,jdrobny,add,6806,J.K. Dobbins,RB,
2024,1169350192165097472,13,trade,complete,1733157320589,2024-12-02,4,jdrobny,add,9229,Anthony Richardson,QB,
2024,1169350192165097472,13,trade,complete,1733157320589,2024-12-02,4,jdrobny,add,9502,Tank Dell,WR,
2024,1169350192165097472,13,trade,complete,1733157320589,2024-12-02,4,jdrobny,drop,4943,Sam Darnold,QB,
2024,1169350192165097472,13,trade,complete,1733157320589,2024-12-02,7,KingTowsk,drop,6806,J.K. Dobbins,RB,
2024,1169350192165097472,13,trade,complete,1733157320589,2024-12-02,7,KingTowsk,drop,9229,Anthony Richardson,QB,
2024,1169350192165097472,13,trade,complete,1733157320589,2024-12-02,7,KingTowsk,drop,9502,Tank Dell,WR,
2024,1169349824970338304,13,free_agent,complete,1733157233043,2024-12-02,4,jdrobny,drop,11618,Jalen McMillan,WR,
2024,1169349795559878656,13,free_agent,complete,1733157226031,2024-12-02,4,jdrobny,drop,5987,Alexander Mattison,RB,
2024,1169348300995190784,13,waiver,complete,1733156869699,2024-12-02,2,Erjohnson14,add,ARI,Arizona Cardinals,DEF,6
2024,1169348300995190784,13,waiver,complete,1733156869699,2024-12-02,2,Erjohnson14,drop,HOU,Houston Texans,DEF,
2024,1169039002746490880,13,free_agent,complete,1733083127250,2024-12-01,1,bgreenblatt,add,NO,New Orleans Saints,DEF,
2024,1169039002746490880,13,free_agent,complete,1733083127250,2024-12-01,1,bgreenblatt,drop,6819,Michael Pittman,WR,
2024,1168428861076541440,13,waiver,complete,1732937658140,2024-11-29,7,KingTowsk,add,8670,Parker Romo,K,0
2024,1168328973655547904,13,waiver,complete,1732913843123,2024-11-29,6,JSanDusky69,add,11620,Rome Odunze,WR,5
2024,1167997575681806336,13,free_agent,complete,1732834831689,2024-11-28,4,jdrobny,add,SEA,Seattle Seahawks,DEF,
2024,1167997575681806336,13,free_agent,complete,1732834831689,2024-11-28,4,jdrobny,drop,NYG,New York Giants,DEF,
2024,1167898278160289792,13,waiver,failed,1732811157315,2024-11-28,4,jdrobny,add,NYG,New York Giants,DEF,0
2024,1167682810656878592,13,waiver,complete,1732759785859,2024-11-27,4,jdrobny,add,NYG,New York Giants,DEF,0
2024,1167682663784763392,13,free_agent,complete,1732759750842,2024-11-27,4,jdrobny,drop,CHI,Chicago Bears,DEF,
2024,1167644848116072448,13,waiver,complete,1732750734884,2024-11-27,1,bgreenblatt,add,6819,Michael Pittman,WR,0
2024,1167644848116072448,13,waiver,complete,1732750734884,2024-11-27,1,bgreenblatt,drop,GB,Green Bay Packers,DEF,
2024,1167529366554009600,13,waiver,complete,1732723201934,2024-11-27,10,cc5597,add,9756,Jordan Addison,WR,7
2024,1167528083260571648,13,waiver,complete,1732722895973,2024-11-27,1,bgreenblatt,add,11576,Braelon Allen,RB,0
2024,1167528083260571648,13,waiver,complete,1732722895973,2024-11-27,1,bgreenblatt,drop,2359,Ameer Abdullah,RB,
2024,1167525435505233920,13,free_agent,complete,1732722264699,2024-11-27,9,brockhusk,drop,2374,Tyler Lockett,WR,
2024,1167525100900573184,13,waiver,failed,1732722184923,2024-11-27,9,brockhusk,add,IND,Indianapolis Colts,DEF,3
2024,1167525100900573184,13,waiver,failed,1732722184923,2024-11-27,9,brockhusk,drop,NYJ,New York Jets,DEF,
2024,1167520853567926272,13,waiver,failed,1732721172280,2024-11-27,4,jdrobny,add,DAL,Dallas Cowboys,DEF,0
2024,1167520853567926272,13,waiver,failed,1732721172280,2024-11-27,4,jdrobny,drop,CHI,Chicago Bears,DEF,
2024,1167520822500892672,13,waiver,failed,1732721164873,2024-11-27,4,jdrobny,add,IND,Indianapolis Colts,DEF,0
2024,1167520822500892672,13,waiver,failed,1732721164873,2024-11-27,4,jdrobny,drop,CHI,Chicago Bears,DEF,
2024,1167518914360872960,13,waiver,failed,1732720709937,2024-11-27,7,KingTowsk,add,DAL,Dallas Cowboys,DEF,2
2024,1167518914360872960,13,waiver,failed,1732720709937,2024-11-27,7,KingTowsk,drop,6219,Austin Seibert,K,
2024,1167518842143412224,13,waiver,complete,1732720692719,2024-11-27,7,KingTowsk,add,5248,Gus Edwards,RB,6
2024,1167518842143412224,13,waiver,complete,1732720692719,2024-11-27,7,KingTowsk,drop,6219,Austin Seibert,K,
2024,1167493336920576000,13,waiver,complete,1732714611800,2024-11-27,5,kaufmannc,add,DAL,Dallas Cowboys,DEF,8
2024,1167493336920576000,13,waiver,complete,1732714611800,2024-11-27,5,kaufmannc,drop,9225,Tank Bigsby,RB,
2024,1167492965749608448,13,free_agent,complete,1732714523306,2024-11-27,5,kaufmannc,drop,7608,Khalil Herbert,RB,
2024,1172390967740080128,14,waiver,complete,1733882297981,2024-12-10,1,bgreenblatt,add,GB,Green Bay Packers,DEF,9
2024,1172259817726164992,14,waiver,failed,1733851029381,2024-12-10,2,Erjohnson14,add,3214,Hunter Henry,TE,0
2024,1172259817726164992,14,waiver,failed,1733851029381,2024-12-10,2,Erjohnson14,drop,8110,Jake Ferguson,TE,
2024,1172259639925559296,14,waiver,complete,1733850986990,2024-12-10,2,Erjohnson14,add,1339,Zach Ertz,TE,0
2024,1172259639925559296,14,waiver,complete,1733850986990,2024-12-10,2,Erjohnson14,drop,8110,Jake Ferguson,TE,
2024,1172254528750641152,14,waiver,complete,1733849768391,2024-12-10,8,TylerWicks,add,3678,Wil Lutz,K,0
2024,1172254528750641152,14,waiver,complete,1733849768391,2024-12-10,8,TylerWicks,drop,4195,Jake Elliott,K,
2024,1172245967635103744,14,waiver,failed,1733847727262,2024-12-10,7,KingTowsk,add,11586,Blake Corum,RB,0
2024,1172245910114549760,14,waiver,complete,1733847713548,2024-12-10,7,KingTowsk,add,11589,Trey Benson,RB,0
2024,1172245292624760832,14,free_agent,complete,1733847566327,2024-12-10,7,KingTowsk,drop,9508,Tyjae Spears,RB,
2024,1172243855387889664,14,waiver,failed,1733847223663,2024-12-10,7,KingTowsk,add,JAX,Jacksonville Jaguars,DEF,0
2024,1172243855387889664,14,waiver,failed,1733847223663,2024-12-10,7,KingTowsk,drop,TB,Tampa Bay Buccaneers,DEF,
2024,1172243804762619904,14,waiver,failed,1733847211593,2024-12-10,7,KingTowsk,add,IND,Indianapolis Colts,DEF,0
2024,1172243804762619904,14,waiver,failed,1733847211593,2024-12-10,7,KingTowsk,drop,TB,Tampa Bay Buccaneers,DEF,
2024,1172243737586675712,14,waiver,complete,1733847195577,2024-12-10,7,KingTowsk,add,KC,Kansas City Chiefs,DEF,0
2024,1172243737586675712,14,waiver,complete,1733847195577,2024-12-10,7,KingTowsk,drop,TB,Tampa Bay Buccaneers,DEF,
2024,1172243655923994624,14,waiver,failed,1733847176107,2024-12-10,7,KingTowsk,add,GB,Green Bay Packers,DEF,0
2024,1172243655923994624,14,waiver,failed,1733847176107,2024-12-10,7,KingTowsk,drop,TB,Tampa Bay Buccaneers,DEF,
2024,1172039708164980736,14,waiver,complete,1733798551172,2024-12-09,6,JSanDusky69,add,ATL,Atlanta Falcons,DEF,13
2024,1172039708164980736,14,waiver,complete,1733798551172,2024-12-09,6,JSanDusky69,drop,8121,Romeo Doubs,WR,
2024,1171937901127520256,14,free_agent,complete,1733774278483,2024-12-09,7,KingTowsk,drop,11583,Jonathon Brooks,RB,
2024,1171636371824578560,14,free_agent,complete,1733702388295,2024-12-08,7,KingTowsk,add,9754,Quentin Johnston,WR,
2024,1171594391480438784,14,free_agent,complete,1733692379401,2024-12-08,1,bgreenblatt,drop,2028,Derek Carr,QB,
2024,1171536710430363648,14,free_agent,complete,1733678627167,2024-12-08,7,KingTowsk,add,8220,Sincere McCormick,RB,
2024,1171536710430363648,14,free_agent,complete,1733678627167,2024-12-08,7,KingTowsk,drop,2359,Ameer Abdullah,RB,
2024,1171505364899098624,14,waiver,failed,1733671153810,2024-12-08,4,jdrobny,add,2359,Ameer Abdullah,RB,0
2024,1171505232900116480,14,free_agent,complete,1733671122339,2024-12-08,4,jdrobny,drop,4381,Taysom Hill,TE,
2024,1171502587863031808,14,waiver,complete,1733670491713,2024-12-08,1,bgreenblatt,add,7596,Elijah Moore,WR,0
2024,1171502587863031808,14,waiver,complete,1733670491713,2024-12-08,1,bgreenblatt,drop,2749,Raheem Mostert,RB,
2024,1171360506520014848,14,waiver,complete,1733636616881,2024-12-07,7,KingTowsk,add,11792,Will Reichard,K,0
2024,1171360506520014848,14,waiver,complete,1733636616881,2024-12-07,7,KingTowsk,drop,8670,Parker Romo,K,
2024,1171360203783557120,14,waiver,complete,1733636544703,2024-12-07,7,KingTowsk,add,2359,Ameer Abdullah,RB,0
2024,1171360203783557120,14,waiver,complete,1733636544703,2024-12-07,7,KingTowsk,drop,5987,Alexander Mattison,RB,
2024,1171339911161692160,14,waiver,complete,1733631706565,2024-12-07,4,jdrobny,add,7042,Tyler Bass,K,0
2024,1171339911161692160,14,waiver,complete,1733631706565,2024-12-07,4,jdrobny,drop,1264,Justin Tucker,K,
2024,1171159972106092544,14,waiver,complete,1733588805751,2024-12-07,5,kaufmannc,add,9753,Zach Charbonnet,RB,2
2024,1170891405904986112,14,waiver,failed,1733524774579,2024-12-06,7,KingTowsk,add,9753,Zach Charbonnet,RB,0
2024,1170891405904986112,14,waiver,failed,1733524774579,2024-12-06,7,KingTowsk,drop,8670,Parker Romo,K,
2024,1170810294793482240,14,waiver,complete,1733505436183,2024-12-06,2,Erjohnson14,add,8110,Jake Ferguson,TE,0
2024,1170810294793482240,14,waiver,complete,1733505436183,2024-12-06,2,Erjohnson14,drop,4098,Kareem Hunt,RB,
2024,1170566111235149824,14,free_agent,complete,1733447218286,2024-12-05,9,brockhusk,add,7600,Pat Freiermuth,TE,
2024,1170566111235149824,14,free_agent,complete,1733447218286,2024-12-05,9,brockhusk,drop,7588,Javonte Williams,RB,
2024,1170565766090063872,14,free_agent,complete,1733447135997,2024-12-05,9,brockhusk,add,SF,San Francisco 49ers,DEF,
2024,1170565766090063872,14,free_agent,complete,1733447135997,2024-12-05,9,brockhusk,drop,5937,Diontae Johnson,WR,
2024,1170565642261626881,14,free_agent,complete,1733447106474,2024-12-05,9,brockhusk,add,8258,Cade York,K,
2024,1170565642261626881,14,free_agent,complete,1733447106474,2024-12-05,9,brockhusk,drop,NYJ,New York Jets,DEF,
2024,1170440395919048704,14,free_agent,complete,1733417245419,2024-12-05,5,kaufmannc,drop,DAL,Dallas Cowboys,DEF,
2024,1170429349032628224,14,waiver,complete,1733414611636,2024-12-05,8,TylerWicks,add,4195,Jake Elliott,K,0
2024,1170429349032628224,14,waiver,complete,1733414611636,2024-12-05,8,TylerWicks,drop,3678,Wil Lutz,K,
2024,1170027339737288704,14,waiver,complete,1733318765151,2024-12-04,2,Erjohnson14,add,9999,Will Levis,QB,2
2024,1170027339737288704,14,waiver,complete,1733318765151,2024-12-04,2,Erjohnson14,drop,7523,Trevor Lawrence,QB,
2024,1174979425996627968,15,waiver,failed,1734499434520,2024-12-17,9,brockhusk,add,JAX,Jacksonville Jaguars,DEF,0
2024,1174979425996627968,15,waiver,failed,1734499434520,2024-12-17,9,brockhusk,drop,SF,San Francisco 49ers,DEF,
2024,1174979398533042176,15,waiver,complete,1734499427972,2024-12-17,9,brockhusk,add,CIN,Cincinnati Bengals,DEF,0
2024,1174979398533042176,15,waiver,complete,1734499427972,2024-12-17,9,brockhusk,drop,SF,San Francisco 49ers,DEF,
2024,1174936603444543488,15,waiver,complete,1734489224828,2024-12-17,5,kaufmannc,add,11559,Michael Penix,QB,5
2024,1174932804492365824,15,waiver,failed,1734488319087,2024-12-17,1,bgreenblatt,add,11559,Michael Penix,QB,0
2024,1174932804492365824,15,waiver,failed,1734488319087,2024-12-17,1,bgreenblatt,drop,LAC,Los Angeles Chargers,DEF,
2024,1174932765380165632,15,waiver,failed,1734488309762,2024-12-17,2,Erjohnson14,add,11559,Michael Penix,QB,2
2024,1174800832531947520,15,waiver,complete,1734456854520,2024-12-17,6,JSanDusky69,add,344,Julian Edelman,WR,0
2024,1174800832531947520,15,waiver,complete,1734456854520,2024-12-17,6,JSanDusky69,drop,BAL,Baltimore Ravens,DEF,
2024,1174800183758458880,15,waiver,complete,1734456699840,2024-12-17,6,JSanDusky69,add,515,Rob Gronkowski,TE,0
2024,1174798497250357248,15,free_agent,complete,1734456297746,2024-12-17,5,kaufmannc,drop,2306,Jameis Winston,QB,
2024,1174798011654811648,15,free_agent,complete,1734456181971,2024-12-17,7,KingTowsk,drop,6938,Cam Akers,RB,
2024,1174795890743959552,15,waiver,complete,1734455676306,2024-12-17,7,KingTowsk,add,IND,Indianapolis Colts,DEF,0
2024,1174795890743959552,15,waiver,complete,1734455676306,2024-12-17,7,KingTowsk,drop,KC,Kansas City Chiefs,DEF,
2024,1174795750335217664,15,waiver,failed,1734455642830,2024-12-17,7,KingTowsk,add,CIN,Cincinnati Bengals,DEF,0
2024,1174795750335217664,15,waiver,failed,1734455642830,2024-12-17,7,KingTowsk,drop,KC,Kansas City Chiefs,DEF,
2024,1174599444679143424,15,waiver,complete,1734408839914,2024-12-16,1,bgreenblatt,add,7543,Travis Etienne,RB,0
2024,1174599444679143424,15,waiver,complete,1734408839914,2024-12-16,1,bgreenblatt,drop,8132,Tyler Allgeier,RB,
2024,1174512887428100096,15,free_agent,complete,1734388203058,2024-12-16,7,KingTowsk,add,6938,Cam Akers,RB,
2024,1174512887428100096,15,free_agent,complete,1734388203058,2024-12-16,7,KingTowsk,drop,11589,Trey Benson,RB,
2024,1174446097914277888,15,waiver,complete,1734372279197,2024-12-16,1,bgreenblatt,add,8143,Jerome Ford,RB,0
2024,1174446097914277888,15,waiver,complete,1734372279197,2024-12-16,1,bgreenblatt,drop,11576,Braelon Allen,RB,
2024,1174117746347888640,15,waiver,complete,1734293994083,2024-12-15,1,bgreenblatt,add,9757,Kendre Miller,RB,0
2024,1174117746347888640,15,waiver,complete,1734293994083,2024-12-15,1,bgreenblatt,drop,7596,Elijah Moore,WR,
2024,1174104890822459392,15,free_agent,complete,1734290929087,2024-12-15,2,Erjohnson14,drop,9999,Will Levis,QB,
2024,1174082734760419328,15,waiver,complete,1734285646670,2024-12-15,3,MaxSirianni,add,NYJ,New York Jets,DEF,0
2024,1174082734760419328,15,waiver,complete,1734285646670,2024-12-15,3,MaxSirianni,drop,TEN,Tennessee Titans,DEF,
2024,1174065437077196800,15,waiver,complete,1734281522581,2024-12-15,7,KingTowsk,add,3214,Hunter Henry,TE,0
2024,1173732915025440768,15,waiver,complete,1734202243146,2024-12-14,1,bgreenblatt,add,LAC,Los Angeles Chargers,DEF,0
2024,1173732915025440768,15,waiver,complete,1734202243146,2024-12-14,1,bgreenblatt,drop,NO,New Orleans Saints,DEF,
2024,1172974121001664512,15,waiver,complete,1734021332553,2024-12-12,5,kaufmannc,add,9225,Tank Bigsby,RB,0
2024,1172974121001664512,15,waiver,complete,1734021332553,2024-12-12,5,kaufmannc,drop,7543,Travis Etienne,RB,
2024,1172973721213267968,15,waiver,failed,1734021237236,2024-12-12,5,kaufmannc,add,WAS,Washington Commanders,DEF,1
2024,1172973721213267968,15,waiver,failed,1734021237236,2024-12-12,5,kaufmannc,drop,PHI,Philadelphia Eagles,DEF,
2024,1172623081978978304,15,waiver,complete,1733937638328,2024-12-11,4,jdrobny,add,WAS,Washington Commanders,DEF,8
2024,1172623081978978304,15,waiver,complete,1733937638328,2024-12-11,4,jdrobny,drop,SEA,Seattle Seahawks,DEF,
2024,1177395525266505728,16,waiver,failed,1735075477475,2024-12-24,1,bgreenblatt,add,MIA,Miami Dolphins,DEF,0
2024,1177395525266505728,16,waiver,failed,1735075477475,2024-12-24,1,bgreenblatt,drop,7543,Travis Etienne,RB,
2024,1177312551925366784,16,waiver,complete,1735055695089,2024-12-24,7,KingTowsk,add,9508,Tyjae Spears,RB,0
2024,1177312551925366784,16,waiver,complete,1735055695089,2024-12-24,7,KingTowsk,drop,6083,Matt Gay,K,
2024,1177312521841541120,16,waiver,complete,1735055687916,2024-12-24,7,KingTowsk,add,5248,Gus Edwards,RB,0
2024,1177312521841541120,16,waiver,complete,1735055687916,2024-12-24,7,KingTowsk,drop,5937,Diontae Johnson,WR,
2024,1177304671135645696,16,waiver,complete,1735053816162,2024-12-24,7,KingTowsk,add,MIA,Miami Dolphins,DEF,0
2024,1177304671135645696,16,waiver,complete,1735053816162,2024-12-24,7,KingTowsk,drop,NO,New Orleans Saints,DEF,
2024,1177038450780872704,16,free_agent,complete,1734990344284,2024-12-23,7,KingTowsk,add,5937,Diontae Johnson,WR,
2024,1177038450780872704,16,free_agent,complete,1734990344284,2024-12-23,7,KingTowsk,drop,9480,Brenton Strange,TE,
2024,1176977071487131648,16,free_agent,complete,1734975710320,2024-12-23,7,KingTowsk,add,NO,New Orleans Saints,DEF,
2024,1176977071487131648,16,free_agent,complete,1734975710320,2024-12-23,7,KingTowsk,drop,7567,Kenny Gainwell,RB,
2024,1176618034572632064,16,free_agent,complete,1734890109249,2024-12-22,7,KingTowsk,add,9480,Brenton Strange,TE,
2024,1176618034572632064,16,free_agent,complete,1734890109249,2024-12-22,7,KingTowsk,drop,3214,Hunter Henry,TE,
2024,1176304596858269696,16,waiver,complete,1734815379874,2024-12-21,1,bgreenblatt,add,11618,Jalen McMillan,WR,0
2024,1176230037736017920,16,waiver,complete,1734797603594,2024-12-21,10,cc5597,add,KC,Kansas City Chiefs,DEF,0
2024,1175690415949824000,16,free_agent,complete,1734668947735,2024-12-19,7,KingTowsk,add,7567,Kenny Gainwell,RB,
2024,1175690415949824000,16,free_agent,complete,1734668947735,2024-12-19,7,KingTowsk,drop,9754,Quentin Johnston,WR,
2024,1175488767175499776,16,waiver,complete,1734620870920,2024-12-19,5,kaufmannc,add,1433,Brandon McManus,K,0
2024,1175488767175499776,16,waiver,complete,1734620870920,2024-12-19,5,kaufmannc,drop,5119,Jason Sanders,K,
2024,1175488622464086016,16,waiver,complete,1734620836418,2024-12-19,5,kaufmannc,add,JAX,Jacksonville Jaguars,DEF,0
2024,1175488622464086016,16,waiver,complete,1734620836418,2024-12-19,5,kaufmannc,drop,9225,Tank Bigsby,RB,
2024,1175157588075888640,16,waiver,failed,1734541911670,2024-12-18,7,KingTowsk,add,8132,Tyler Allgeier,RB,0
2024,1175157588075888640,16,waiver,failed,1734541911670,2024-12-18,7,KingTowsk,drop,8220,Sincere McCormick,RB,
2024,1175157529450057728,16,waiver,complete,1734541897692,2024-12-18,7,KingTowsk,add,5987,Alexander Mattison,RB,0
2024,1175157529450057728,16,waiver,complete,1734541897692,2024-12-18,7,KingTowsk,drop,8220,Sincere McCormick,RB,
2024,1175156890039037952,16,waiver,complete,1734541745245,2024-12-18,7,KingTowsk,add,6083,Matt Gay,K,0
2024,1175156890039037952,16,waiver,complete,1734541745245,2024-12-18,7,KingTowsk,drop,11792,Will Reichard,K,
2024,1175105348485496832,16,waiver,failed,1734529456781,2024-12-18,5,kaufmannc,add,CIN,Cincinnati Bengals,DEF,0
2024,1178804528421625856,17,waiver,complete,1735411410005,2024-12-28,1,bgreenblatt,add,19,Joe Flacco,QB,0
2024,1178804528421625856,17,waiver,complete,1735411410005,2024-12-28,1,bgreenblatt,drop,8160,Kenny Pickett,QB,
2024,1178783392834330624,17,free_agent,complete,1735406370889,2024-12-28,1,bgreenblatt,drop,4233,Zane Gonzalez,K,
2024,1178783372118663168,17,free_agent,complete,1735406365950,2024-12-28,1,bgreenblatt,drop,4195,Jake Elliott,K,
2024,1178763506508546048,17,waiver,complete,1735401629619,2024-12-28,7,KingTowsk,add,8255,Raheem Blackshear,RB,0
2024,1178763506508546048,17,waiver,complete,1735401629619,2024-12-28,7,KingTowsk,drop,11647,Kimani Vidal,RB,
2024,1178498306032418816,17,waiver,complete,1735338400898,2024-12-27,1,bgreenblatt,add,4195,Jake Elliott,K,0
2024,1178498148934979584,17,waiver,complete,1735338363443,2024-12-27,1,bgreenblatt,add,8160,Kenny Pickett,QB,0
2024,1178498148934979584,17,waiver,complete,1735338363443,2024-12-27,1,bgreenblatt,drop,167,Tom Brady,QB,
2024,1178451227334569984,17,waiver,complete,1735327176462,2024-12-27,7,KingTowsk,add,11792,Will Reichard,K,0
2024,1178451227334569984,17,waiver,complete,1735327176462,2024-12-27,7,KingTowsk,drop,4033,David Njoku,TE,
2024,1178124309324177408,17,free_agent,complete,1735249233135,2024-12-26,1,bgreenblatt,add,167,Tom Brady,QB,
2024,1178124309324177408,17,free_agent,complete,1735249233135,2024-12-26,1,bgreenblatt,drop,9228,Bryce Young,QB,
2024,1178116966632988672,17,free_agent,complete,1735247482501,2024-12-26,7,KingTowsk,add,11647,Kimani Vidal,RB,
2024,1178116966632988672,17,free_agent,complete,1735247482501,2024-12-26,7,KingTowsk,drop,5248,Gus Edwards,RB,
2024,1177788810507472896,17,waiver,complete,1735169243983,2024-12-25,1,bgreenblatt,add,4233,Zane Gonzalez,K,0
2024,1177788810507472896,17,waiver,complete,1735169243983,2024-12-25,1,bgreenblatt,drop,7543,Travis Etienne,RB,
2024,1177671856209715200,17,waiver,complete,1735141359906,2024-12-25,1,bgreenblatt,add,9228,Bryce Young,QB,0
2024,1177671856209715200,17,waiver,complete,1735141359906,2024-12-25,1,bgreenblatt,drop,9757,Kendre Miller,RB,
2024,1177671566188945408,17,free_agent,complete,1735141290760,2024-12-25,1,bgreenblatt,drop,GB,Green Bay Packers,DEF,
2025,1271335508647096320,1,waiver,complete,1757472514834,2025-09-09,2,Erjohnson14,add,12711,Tyler Loop,K,1
2025,1271335508647096320,1,waiver,complete,1757472514834,2025-09-09,2,Erjohnson14,drop,7839,Evan McPherson,K,
2025,1271313659297030144,1,waiver,complete,1757467305543,2025-09-09,6,JSanDusky69,add,4144,Jonnu Smith,TE,20
2025,1271313659297030144,1,waiver,complete,1757467305543,2025-09-09,6,JSanDusky69,drop,12519,Luther Burden,WR,
2025,1271313153468145664,1,waiver,failed,1757467184944,2025-09-09,6,JSanDusky69,add,5848,Marquise Brown,WR,31
2025,1271313153468145664,1,waiver,failed,1757467184944,2025-09-09,6,JSanDusky69,drop,12519,Luther Burden,WR,
2025,1271305063817555969,1,waiver,failed,1757465256222,2025-09-09,3,MaxSirianni,add,9754,Quentin Johnston,WR,2
2025,1271305063817555969,1,waiver,failed,1757465256222,2025-09-09,3,MaxSirianni,drop,9225,Tank Bigsby,RB,
2025,1271303657408700417,1,waiver,complete,1757464920908,2025-09-09,2,Erjohnson14,add,7002,Juwan Johnson,TE,6
2025,1271303657408700417,1,waiver,complete,1757464920908,2025-09-09,2,Erjohnson14,drop,12499,Elic Ayomanor,WR,
2025,1271215853911695360,1,waiver,complete,1757443986923,2025-09-09,9,brockhusk,add,DAL,Dallas Cowboys,DEF,6
2025,1271215853911695360,1,waiver,complete,1757443986923,2025-09-09,9,brockhusk,drop,NE,New England Patriots,DEF,
2025,1271164112549740544,1,waiver,failed,1757431650821,2025-09-09,7,KingTowsk,add,SEA,Seattle Seahawks,DEF,1
2025,1271164112549740544,1,waiver,failed,1757431650821,2025-09-09,7,KingTowsk,drop,WAS,Washington Commanders,DEF,
2025,1271164034460155904,1,waiver,failed,1757431632202,2025-09-09,7,KingTowsk,add,MIA,Miami Dolphins,DEF,1
2025,1271164034460155904,1,waiver,failed,1757431632202,2025-09-09,7,KingTowsk,drop,WAS,Washington Commanders,DEF,
2025,1271163923021709312,1,waiver,complete,1757431605634,2025-09-09,7,KingTowsk,add,DET,Detroit Lions,DEF,5
2025,1271163923021709312,1,waiver,complete,1757431605634,2025-09-09,7,KingTowsk,drop,WAS,Washington Commanders,DEF,
2025,1271163807489617920,1,waiver,failed,1757431578089,2025-09-09,7,KingTowsk,add,DAL,Dallas Cowboys,DEF,6
2025,1271163807489617920,1,waiver,failed,1757431578089,2025-09-09,7,KingTowsk,drop,WAS,Washington Commanders,DEF,
2025,1271157844678311936,1,waiver,failed,1757430156443,2025-09-09,5,charliekaufmann,add,9504,Kayshon Boutte,WR,9
2025,1271150873472434176,1,waiver,failed,1757428494379,2025-09-09,5,charliekaufmann,add,9754,Quentin Johnston,WR,8
2025,1271150480113803264,1,waiver,failed,1757428400595,2025-09-09,5,charliekaufmann,add,5848,Marquise Brown,WR,21
2025,1271150302791229440,1,free_agent,complete,1757428358317,2025-09-09,5,charliekaufmann,drop,9508,Tyjae Spears,RB,
2025,1271149092956835840,1,waiver,failed,1757428069870,2025-09-09,2,Erjohnson14,add,5848,Marquise Brown,WR,21
2025,1271149092956835840,1,waiver,failed,1757428069870,2025-09-09,2,Erjohnson14,drop,12499,Elic Ayomanor,WR,
2025,1270616962380070912,1,waiver,failed,1757301200055,2025-09-07,4,jdrobny,add,8698,Jake Tonges,TE,16
2025,1270086503925559296,1,waiver,complete,1757174728904,2025-09-06,8,TylerWicks,add,8143,Jerome Ford,RB,0
2025,1270086503925559296,1,waiver,complete,1757174728904,2025-09-06,8,TylerWicks,drop,11626,Xavier Legette,WR,
2025,1269827341731770369,1,waiver,complete,1757112939822,2025-09-05,7,KingTowsk,add,12185,Spencer Shrader,K,0
2025,1269471044159156224,1,free_agent,complete,1757027991860,2025-09-04,2,Erjohnson14,add,12499,Elic Ayomanor,WR,
2025,1269411903617126400,1,free_agent,complete,1757013891656,2025-09-04,1,bgreenblatt,add,12541,Dont'e Thornton,WR,
2025,1269411903617126400,1,free_agent,complete,1757013891656,2025-09-04,1,bgreenblatt,drop,10444,Cedric Tillman,WR,
2025,1268725331779407872,1,waiver,complete,1756850200175,2025-09-02,10,cc5597,add,3214,Hunter Henry,TE,0
2025,1268725331779407872,1,waiver,complete,1756850200175,2025-09-02,10,cc5597,drop,11575,Ray Davis,RB,
2025,1268351847366672384,1,free_agent,complete,1756761154551,2025-09-01,6,JSanDusky69,add,7021,Rico Dowdle,RB,
2025,1268351111106920448,1,free_agent,complete,1756760979013,2025-09-01,9,brockhusk,add,NE,New England Patriots,DEF,
2025,1268351111106920448,1,free_agent,complete,1756760979013,2025-09-01,9,brockhusk,drop,11589,Trey Benson,RB,
2025,1268342127834710017,1,free_agent,complete,1756758837235,2025-09-01,2,Erjohnson14,add,LAR,Los Angeles Rams,DEF,
2025,1268341945462181888,1,free_agent,complete,1756758793753,2025-09-01,2,Erjohnson14,drop,12474,Woody Marks,RB,
2025,1268278579175641088,1,free_agent,complete,1756743686053,2025-09-01,5,charliekaufmann,add,1234,Russell Wilson,QB,
2025,1268234507660570624,1,waiver,complete,1756733178585,2025-09-01,10,cc5597,add,3678,Wil Lutz,K,0
2025,1254958493673201664,1,free_agent,complete,1753567930194,2025-07-26,1,bgreenblatt,drop,6768,Tua Tagovailoa,QB,
2025,1254902397159882752,1,trade,complete,1753554555743,2025-07-26,1,bgreenblatt,add,11565,J.J. McCarthy,QB,
2025,1254902397159882752,1,trade,complete,1753554555743,2025-07-26,10,cc5597,drop,11565,J.J. McCarthy,QB,
2025,1235319961870663680,1,free_agent,complete,1748885739346,2025-06-02,10,cc5597,drop,7553,Kyle Pitts,TE,
2025,1207132631242641408,1,commissioner,complete,1742165356029,2025-03-16,11,Jacktaco98,add,8154,Brian Robinson,RB,
2025,1207132631242641408,1,commissioner,complete,1742165356029,2025-03-16,4,jdrobny,drop,8154,Brian Robinson,RB,
2025,1204126333655846912,1,commissioner,complete,1741448598831,2025-03-08,12,akepple9,add,9224,Chase Brown,RB,
2025,1204126333655846912,1,commissioner,complete,1741448598831,2025-03-08,2,Erjohnson14,drop,9224,Chase Brown,RB,
2025,1273874844391325696,2,waiver,complete,1758077939655,2025-09-16,1,bgreenblatt,add,6111,Jake Browning,QB,85
2025,1273874844391325696,2,waiver,complete,1758077939655,2025-09-16,1,bgreenblatt,drop,9504,Kayshon Boutte,WR,
2025,1273850592019615745,2,waiver,failed,1758072157438,2025-09-16,7,KingTowsk,add,JAX,Jacksonville Jaguars,DEF,0
2025,1273850592019615745,2,waiver,failed,1758072157438,2025-09-16,7,KingTowsk,drop,DET,Detroit Lions,DEF,
2025,1273850542833045504,2,waiver,failed,1758072145711,2025-09-16,7,KingTowsk,add,KC,Kansas City Chiefs,DEF,0
2025,1273850542833045504,2,waiver,failed,1758072145711,2025-09-16,7,KingTowsk,drop,DET,Detroit Lions,DEF,
2025,1273850488231591936,2,waiver,failed,1758072132693,2025-09-16,7,KingTowsk,add,IND,Indianapolis Colts,DEF,0
2025,1273850488231591936,2,waiver,failed,1758072132693,2025-09-16,7,KingTowsk,drop,DET,Detroit Lions,DEF,
2025,1273850456229023744,2,waiver,failed,1758072125063,2025-09-16,7,KingTowsk,add,TB,Tampa Bay Buccaneers,DEF,0
2025,1273850456229023744,2,waiver,failed,1758072125063,2025-09-16,7,KingTowsk,drop,DET,Detroit Lions,DEF,
2025,1273850402210586624,2,waiver,complete,1758072112184,2025-09-16,7,KingTowsk,add,GB,Green Bay Packers,DEF,13
2025,1273850402210586624,2,waiver,complete,1758072112184,2025-09-16,7,KingTowsk,drop,DET,Detroit Lions,DEF,
2025,1273850139370336256,2,waiver,complete,1758072049518,2025-09-16,7,KingTowsk,add,8210,Chig Okonkwo,TE,2
2025,1273850139370336256,2,waiver,complete,1758072049518,2025-09-16,7,KingTowsk,drop,1689,Adam Thielen,WR,
2025,1273846615978811392,2,waiver,complete,1758071209476,2025-09-16,11,Jacktaco98,add,1339,Zach Ertz,TE,16
2025,1273693108504104960,2,waiver,complete,1758034610442,2025-09-16,6,JSanDusky69,add,ATL,Atlanta Falcons,DEF,0
2025,1273693108504104960,2,waiver,complete,1758034610442,2025-09-16,6,JSanDusky69,drop,PIT,Pittsburgh Steelers,DEF,
2025,1273692902953861120,2,waiver,failed,1758034561436,2025-09-16,6,JSanDusky69,add,SEA,Seattle Seahawks,DEF,2
2025,1273692902953861120,2,waiver,failed,1758034561436,2025-09-16,6,JSanDusky69,drop,PIT,Pittsburgh Steelers,DEF,
2025,1273692728525340672,2,waiver,failed,1758034519848,2025-09-16,6,JSanDusky69,add,5095,Daniel Carlson,K,0
2025,1273692728525340672,2,waiver,failed,1758034519848,2025-09-16,6,JSanDusky69,drop,6650,Chase McLaughlin,K,
2025,1273692463344672768,2,waiver,complete,1758034456624,2025-09-16,6,JSanDusky69,add,11627,Troy Franklin,WR,8
2025,1273692463344672768,2,waiver,complete,1758034456624,2025-09-16,6,JSanDusky69,drop,4144,Jonnu Smith,TE,
2025,1273679324133752832,2,waiver,complete,1758031323993,2025-09-16,2,Erjohnson14,add,SEA,Seattle Seahawks,DEF,4
2025,1273679324133752832,2,waiver,complete,1758031323993,2025-09-16,2,Erjohnson14,drop,LAR,Los Angeles Rams,DEF,
2025,1273657480139788288,2,free_agent,complete,1758026115978,2025-09-16,11,Jacktaco98,drop,4663,Austin Ekeler,RB,
2025,1273641214473670656,2,waiver,complete,1758022237942,2025-09-16,3,MaxSirianni,add,7611,Rhamondre Stevenson,RB,5
2025,1273641214473670656,2,waiver,complete,1758022237942,2025-09-16,3,MaxSirianni,drop,9225,Tank Bigsby,RB,
2025,1273494710425485312,2,waiver,complete,1757987308655,2025-09-15,6,JSanDusky69,add,3451,Ka'imi Fairbairn,K,3
2025,1273494710425485312,2,waiver,complete,1757987308655,2025-09-15,6,JSanDusky69,drop,6650,Chase McLaughlin,K,
2025,1273403081991651328,2,waiver,complete,1757965462734,2025-09-15,6,JSanDusky69,add,3161,Carson Wentz,QB,23
2025,1273403081991651328,2,waiver,complete,1757965462734,2025-09-15,6,JSanDusky69,drop,11576,Braelon Allen,RB,
2025,1273347122825007104,2,waiver,failed,1757952121028,2025-09-15,6,JSanDusky69,add,6111,Jake Browning,QB,25
2025,1273347122825007104,2,waiver,failed,1757952121028,2025-09-15,6,JSanDusky69,drop,11576,Braelon Allen,RB,
2025,1272987518576390144,2,free_agent,complete,1757866384694,2025-09-14,2,Erjohnson14,add,12499,Elic Ayomanor,WR,
2025,1272984337087729664,2,waiver,failed,1757865626169,2025-09-14,12,akepple9,add,8210,Chig Okonkwo,TE,0
2025,1272983713268903936,2,waiver,complete,1757865477439,2025-09-14,12,akepple9,add,12506,Harold Fannin,TE,2
2025,1272981557010776064,2,waiver,complete,1757864963347,2025-09-14,12,akepple9,add,17,Matt Prater,K,1
2025,1272979508865011712,2,free_agent,complete,1757864475031,2025-09-14,12,akepple9,drop,4666,Younghoe Koo,K,
2025,1272948404548308992,2,free_agent,complete,1757857059183,2025-09-14,2,Erjohnson14,drop,12547,Kyle Williams,WR,
2025,1271887983502430208,2,waiver,complete,1757604235104,2025-09-11,5,charliekaufmann,add,10444,Cedric Tillman,WR,3
2025,1271532243692556288,2,waiver,failed,1757519420124,2025-09-10,6,JSanDusky69,add,11589,Trey Benson,RB,18
2025,1271532243692556288,2,waiver,failed,1757519420124,2025-09-10,6,JSanDusky69,drop,7021,Rico Dowdle,RB,
2025,1271531555948335104,2,waiver,failed,1757519256153,2025-09-10,6,JSanDusky69,add,9501,DeMario Douglas,WR,0
2025,1271531555948335104,2,waiver,failed,1757519256153,2025-09-10,6,JSanDusky69,drop,12519,Luther Burden,WR,
2025,1271531486918496256,2,waiver,failed,1757519239696,2025-09-10,6,JSanDusky69,add,8121,Romeo Doubs,WR,0
2025,1271531486918496256,2,waiver,failed,1757519239696,2025-09-10,6,JSanDusky69,drop,12519,Luther Burden,WR,
2025,1271531191685636096,2,waiver,complete,1757519169306,2025-09-10,6,JSanDusky69,add,4098,Kareem Hunt,RB,21
2025,1271531191685636096,2,waiver,complete,1757519169306,2025-09-10,6,JSanDusky69,drop,7021,Rico Dowdle,RB,
2025,1271526504064356352,2,waiver,complete,1757518051691,2025-09-10,8,TylerWicks,add,8125,Calvin Austin,WR,15
2025,1271526504064356352,2,waiver,complete,1757518051691,2025-09-10,8,TylerWicks,drop,8143,Jerome Ford,RB,
2025,1271526067844169728,2,waiver,complete,1757517947688,2025-09-10,4,jdrobny,add,9754,Quentin Johnston,WR,31
2025,1271526067844169728,2,waiver,complete,1757517947688,2025-09-10,4,jdrobny,drop,7611,Rhamondre Stevenson,RB,
2025,1271515330857930752,2,waiver,complete,1757515387790,2025-09-10,1,bgreenblatt,add,9504,Kayshon Boutte,WR,10
2025,1271515330857930752,2,waiver,complete,1757515387790,2025-09-10,1,bgreenblatt,drop,12541,Dont'e Thornton,WR,
2025,1271512101512290304,2,waiver,complete,1757514617854,2025-09-10,7,KingTowsk,add,11589,Trey Benson,RB,0
2025,1271512101512290304,2,waiver,complete,1757514617854,2025-09-10,7,KingTowsk,drop,12504,Kaleb Johnson,RB,
2025,1271471419741437952,2,waiver,complete,1757504918565,2025-09-10,4,jdrobny,add,5848,Marquise Brown,WR,31
2025,1276448131818459136,3,waiver,complete,1758691459186,2025-09-24,9,brockhusk,add,6528,Joey Slye,K,4
2025,1276448131818459136,3,waiver,complete,1758691459186,2025-09-24,9,brockhusk,drop,4227,Harrison Butker,K,
2025,1276447667337068544,3,waiver,complete,1758691348445,2025-09-24,9,brockhusk,add,8188,Tyquan Thornton,WR,16
2025,1276447667337068544,3,waiver,complete,1758691348445,2025-09-24,9,brockhusk,drop,12498,Mason Taylor,TE,
2025,1276447603239682048,3,waiver,failed,1758691333163,2025-09-24,9,brockhusk,add,10213,Tre Tucker,WR,12
2025,1276447603239682048,3,waiver,failed,1758691333163,2025-09-24,9,brockhusk,drop,11562,Spencer Rattler,QB,
2025,1276376991221710848,3,waiver,failed,1758674497946,2025-09-23,7,KingTowsk,add,NYJ,New York Jets,DEF,0
2025,1276376991221710848,3,waiver,failed,1758674497946,2025-09-23,7,KingTowsk,drop,12484,Jayden Higgins,WR,
2025,1276376927355023360,3,waiver,failed,1758674482719,2025-09-23,7,KingTowsk,add,NE,New England Patriots,DEF,0
2025,1276376927355023360,3,waiver,failed,1758674482719,2025-09-23,7,KingTowsk,drop,12484,Jayden Higgins,WR,
2025,1276376771385651200,3,waiver,failed,1758674445534,2025-09-23,7,KingTowsk,add,DET,Detroit Lions,DEF,0
2025,1276376771385651200,3,waiver,failed,1758674445534,2025-09-23,7,KingTowsk,drop,12484,Jayden Higgins,WR,
2025,1276376710257836032,3,waiver,complete,1758674430959,2025-09-23,7,KingTowsk,add,LAC,Los Angeles Chargers,DEF,0
2025,1276376710257836032,3,waiver,complete,1758674430959,2025-09-23,7,KingTowsk,drop,12484,Jayden Higgins,WR,
2025,1276376480917495808,3,free_agent,complete,1758674376280,2025-09-23,7,KingTowsk,drop,7042,Tyler Bass,K,
2025,1276371043082047489,3,waiver,failed,1758673079799,2025-09-23,9,brockhusk,add,DET,Detroit Lions,DEF,7
2025,1276371043082047489,3,waiver,failed,1758673079799,2025-09-23,9,brockhusk,drop,DAL,Dallas Cowboys,DEF,
2025,1276273512541077504,3,waiver,failed,1758649826707,2025-09-23,9,brockhusk,add,12497,Tory Horton,WR,11
2025,1276273512541077504,3,waiver,failed,1758649826707,2025-09-23,9,brockhusk,drop,12498,Mason Taylor,TE,
2025,1276271517088378880,3,free_agent,complete,1758649350954,2025-09-23,2,Erjohnson14,drop,7527,Mac Jones,QB,
2025,1276228805903523840,3,trade,complete,1758639167814,2025-09-23,7,KingTowsk,add,11631,Brian Thomas,WR,
2025,1276228805903523840,3,trade,complete,1758639167814,2025-09-23,2,Erjohnson14,add,7564,Ja'Marr Chase,WR,
2025,1276228805903523840,3,trade,complete,1758639167814,2025-09-23,2,Erjohnson14,add,7588,Javonte Williams,RB,
2025,1276228805903523840,3,trade,complete,1758639167814,2025-09-23,7,KingTowsk,add,9488,Jaxon Smith-Njigba,WR,
2025,1276228805903523840,3,trade,complete,1758639167814,2025-09-23,2,Erjohnson14,drop,11631,Brian Thomas,WR,
2025,1276228805903523840,3,trade,complete,1758639167814,2025-09-23,7,KingTowsk,drop,7564,Ja'Marr Chase,WR,
2025,1276228805903523840,3,trade,complete,1758639167814,2025-09-23,7,KingTowsk,drop,7588,Javonte Williams,RB,
2025,1276228805903523840,3,trade,complete,1758639167814,2025-09-23,2,Erjohnson14,drop,9488,Jaxon Smith-Njigba,WR,
2025,1276219432342949888,3,waiver,complete,1758636932983,2025-09-23,2,Erjohnson14,add,12474,Woody Marks,RB,16
2025,1276218263298142208,3,waiver,failed,1758636654260,2025-09-23,1,bgreenblatt,add,12474,Woody Marks,RB,0
2025,1276218263298142208,3,waiver,failed,1758636654260,2025-09-23,1,bgreenblatt,drop,11655,Tyrone Tracy,RB,
2025,1276187231261851648,3,free_agent,complete,1758629255646,2025-09-23,5,charliekaufmann,drop,BAL,Baltimore Ravens,DEF,
2025,1276058207550205952,3,waiver,complete,1758598493996,2025-09-22,6,JSanDusky69,add,11792,Will Reichard,K,4
2025,1276058207550205952,3,waiver,complete,1758598493996,2025-09-22,6,JSanDusky69,drop,3451,Ka'imi Fairbairn,K,
2025,1276057885314383872,3,waiver,failed,1758598417170,2025-09-22,6,JSanDusky69,add,10213,Tre Tucker,WR,0
2025,1276057885314383872,3,waiver,failed,1758598417170,2025-09-22,6,JSanDusky69,drop,6770,Joe Burrow,QB,
2025,1276057817270210560,3,waiver,failed,1758598400947,2025-09-22,6,JSanDusky69,add,5095,Daniel Carlson,K,0
2025,1276057817270210560,3,waiver,failed,1758598400947,2025-09-22,6,JSanDusky69,drop,3451,Ka'imi Fairbairn,K,
2025,1276057688232435713,3,waiver,complete,1758598370181,2025-09-22,6,JSanDusky69,add,NE,New England Patriots,DEF,0
2025,1276057688232435713,3,waiver,complete,1758598370181,2025-09-22,6,JSanDusky69,drop,ATL,Atlanta Falcons,DEF,
2025,1276057643667972096,3,waiver,failed,1758598359556,2025-09-22,6,JSanDusky69,add,LAC,Los Angeles Chargers,DEF,0
2025,1276057643667972096,3,waiver,failed,1758598359556,2025-09-22,6,JSanDusky69,drop,ATL,Atlanta Falcons,DEF,
2025,1276057421567000576,3,waiver,failed,1758598306603,2025-09-22,6,JSanDusky69,add,DET,Detroit Lions,DEF,3
2025,1276057421567000576,3,waiver,failed,1758598306603,2025-09-22,6,JSanDusky69,drop,ATL,Atlanta Falcons,DEF,
2025,1275959883841146880,3,free_agent,complete,1758575051797,2025-09-22,2,Erjohnson14,drop,4137,James Conner,RB,
2025,1275519548417658880,3,waiver,complete,1758470067652,2025-09-21,5,charliekaufmann,add,2307,Marcus Mariota,QB,22
2025,1275519548417658880,3,waiver,complete,1758470067652,2025-09-21,5,charliekaufmann,drop,1234,Russell Wilson,QB,
2025,1275511554766282752,3,waiver,failed,1758468161817,2025-09-21,2,Erjohnson14,add,2307,Marcus Mariota,QB,0
2025,1275511554766282752,3,waiver,failed,1758468161817,2025-09-21,2,Erjohnson14,drop,7527,Mac Jones,QB,
2025,1275205751572303872,3,waiver,failed,1758395252653,2025-09-20,6,JSanDusky69,add,2307,Marcus Mariota,QB,1
2025,1275205751572303872,3,waiver,failed,1758395252653,2025-09-20,6,JSanDusky69,drop,6770,Joe Burrow,QB,
2025,1274540001668915200,3,waiver,complete,1758236525508,2025-09-18,10,cc5597,add,6650,Chase McLaughlin,K,0
2025,1274540001668915200,3,waiver,complete,1758236525508,2025-09-18,10,cc5597,drop,3678,Wil Lutz,K,
2025,1274405621898178560,3,waiver,complete,1758204486873,2025-09-18,2,Erjohnson14,add,7527,Mac Jones,QB,0
2025,1274405621898178560,3,waiver,complete,1758204486873,2025-09-18,2,Erjohnson14,drop,12457,Jaydon Blue,RB,
2025,1274148590482096128,3,free_agent,complete,1758143205808,2025-09-17,5,charliekaufmann,drop,7090,Darnell Mooney,WR,
2025,1274076144777326592,3,waiver,complete,1758125933406,2025-09-17,9,brockhusk,add,IND,Indianapolis Colts,DEF,2
2025,1274071329032667136,3,waiver,failed,1758124785244,2025-09-17,11,Jacktaco98,add,9480,Brenton Strange,TE,1
2025,1274071234845380608,3,waiver,failed,1758124762787,2025-09-17,11,Jacktaco98,add,5857,Noah Fant,TE,1
2025,1274071193816698880,3,waiver,failed,1758124753006,2025-09-17,11,Jacktaco98,add,8210,Chig Okonkwo,TE,1
2025,1274063068946534400,3,waiver,complete,1758122815886,2025-09-17,1,bgreenblatt,add,TB,Tampa Bay Buccaneers,DEF,0
2025,1274063068946534400,3,waiver,complete,1758122815886,2025-09-17,1,bgreenblatt,drop,ARI,Arizona Cardinals,DEF,
2025,1274033930474913792,3,waiver,failed,1758115868733,2025-09-17,10,cc5597,add,1339,Zach Ertz,TE,6
2025,1274033930474913792,3,waiver,failed,1758115868733,2025-09-17,10,cc5597,drop,3214,Hunter Henry,TE,
2025,1278962100340801536,4,waiver,failed,1759290835989,2025-09-30,12,akepple9,add,4227,Harrison Butker,K,2
2025,1278961564203909120,4,free_agent,complete,1759290708164,2025-09-30,12,akepple9,drop,12517,Colston Loveland,TE,
2025,1278935517332795392,4,waiver,failed,1759284498106,2025-09-30,5,charliekaufmann,add,6083,Matt Gay,K,5
2025,1278935517332795392,4,waiver,failed,1759284498106,2025-09-30,5,charliekaufmann,drop,8259,Cameron Dicker,K,
2025,1278935231428063232,4,waiver,complete,1759284429942,2025-09-30,5,charliekaufmann,add,2747,Jason Myers,K,9
2025,1278935231428063232,4,waiver,complete,1759284429942,2025-09-30,5,charliekaufmann,drop,8259,Cameron Dicker,K,
2025,1278929071320883200,4,waiver,complete,1759282961257,2025-09-30,9,brockhusk,add,4227,Harrison Butker,K,3
2025,1278929071320883200,4,waiver,complete,1759282961257,2025-09-30,9,brockhusk,drop,DAL,Dallas Cowboys,DEF,
2025,1278924608468164608,4,waiver,complete,1759281897230,2025-09-30,5,charliekaufmann,add,12503,Isaiah Bond,WR,8
2025,1278924608468164608,4,waiver,complete,1759281897230,2025-09-30,5,charliekaufmann,drop,10444,Cedric Tillman,WR,
2025,1278892645304778752,4,waiver,failed,1759274276618,2025-09-30,1,bgreenblatt,add,12503,Isaiah Bond,WR,0
2025,1278892645304778752,4,waiver,failed,1759274276618,2025-09-30,1,bgreenblatt,drop,4981,Calvin Ridley,WR,
2025,1278857637961666560,4,free_agent,complete,1759265930218,2025-09-30,8,TylerWicks,drop,3321,Tyreek Hill,WR,
2025,1278789992453271552,4,waiver,complete,1759249802271,2025-09-30,1,bgreenblatt,add,KC,Kansas City Chiefs,DEF,0
2025,1278789992453271552,4,waiver,complete,1759249802271,2025-09-30,1,bgreenblatt,drop,PIT,Pittsburgh Steelers,DEF,
2025,1278781497041489920,4,waiver,complete,1759247776808,2025-09-30,1,bgreenblatt,add,12455,Brashard Smith,RB,0
2025,1278781497041489920,4,waiver,complete,1759247776808,2025-09-30,1,bgreenblatt,drop,12493,Oronde Gadsden,TE,
2025,1278743551227748352,4,waiver,failed,1759238729820,2025-09-30,7,KingTowsk,add,12503,Isaiah Bond,WR,0
2025,1278743517308395520,4,waiver,failed,1759238721733,2025-09-30,7,KingTowsk,add,6149,Darius Slayton,WR,0
2025,1278743486312497152,4,waiver,complete,1759238714343,2025-09-30,7,KingTowsk,add,11610,Malik Washington,WR,16
2025,1278738363951611904,4,waiver,failed,1759237493077,2025-09-30,7,KingTowsk,add,CLE,Cleveland Browns,DEF,0
2025,1278738337384890368,4,waiver,failed,1759237486743,2025-09-30,7,KingTowsk,add,NO,New Orleans Saints,DEF,0
2025,1278738256166412288,4,waiver,complete,1759237467379,2025-09-30,7,KingTowsk,add,ARI,Arizona Cardinals,DEF,6
2025,1278737719513595904,4,free_agent,complete,1759237339431,2025-09-30,7,KingTowsk,drop,LAC,Los Angeles Chargers,DEF,
2025,1278735243691438080,4,free_agent,complete,1759236749149,2025-09-30,7,KingTowsk,drop,11632,Malik Nabers,WR,
2025,1278733015278702592,4,waiver,complete,1759236217854,2025-09-30,3,MaxSirianni,add,7567,Kenny Gainwell,RB,11
2025,1278733015278702592,4,waiver,complete,1759236217854,2025-09-30,3,MaxSirianni,drop,7611,Rhamondre Stevenson,RB,
2025,1278731202370486272,4,free_agent,complete,1759235785623,2025-09-30,2,Erjohnson14,drop,3200,Sterling Shepard,WR,
2025,1278729640185171968,4,waiver,failed,1759235413169,2025-09-30,3,MaxSirianni,add,2505,Darren Waller,TE,5
2025,1278729640185171968,4,waiver,failed,1759235413169,2025-09-30,3,MaxSirianni,drop,7611,Rhamondre Stevenson,RB,
2025,1278071106518933505,4,free_agent,complete,1759078406509,2025-09-28,10,cc5597,add,11655,Tyrone Tracy,RB,
2025,1278060422926200832,4,free_agent,complete,1759075859342,2025-09-28,9,brockhusk,add,1433,Brandon McManus,K,
2025,1278060422926200832,4,free_agent,complete,1759075859342,2025-09-28,9,brockhusk,drop,6528,Joey Slye,K,
2025,1278033906758590464,4,waiver,failed,1759069537394,2025-09-28,10,cc5597,add,9500,Josh Downs,WR,0
2025,1277900140916510720,4,waiver,complete,1759037645133,2025-09-28,4,jdrobny,add,9500,Josh Downs,WR,0
2025,1277899595174653952,4,free_agent,complete,1759037515017,2025-09-28,4,jdrobny,drop,4018,Joe Mixon,RB,
2025,1277346495200235520,4,waiver,complete,1758905645708,2025-09-26,2,Erjohnson14,add,3200,Sterling Shepard,WR,0
2025,1277308672258621440,4,waiver,complete,1758896628015,2025-09-26,2,Erjohnson14,add,11586,Blake Corum,RB,0
2025,1277308672258621440,4,waiver,complete,1758896628015,2025-09-26,2,Erjohnson14,drop,7021,Rico Dowdle,RB,
2025,1277104716995657728,4,free_agent,complete,1758848001292,2025-09-25,12,akepple9,add,8121,Romeo Doubs,WR,
2025,1277101681183584256,4,free_agent,complete,1758847277497,2025-09-25,2,Erjohnson14,add,7021,Rico Dowdle,RB,
2025,1277101681183584256,4,free_agent,complete,1758847277497,2025-09-25,2,Erjohnson14,drop,12469,Dylan Sampson,RB,
2025,1277086276960391168,4,free_agent,complete,1758843604844,2025-09-25,12,akepple9,drop,12536,Jaylin Noel,WR,
2025,1277085721798115328,4,free_agent,complete,1758843472483,2025-09-25,1,bgreenblatt,add,PIT,Pittsburgh Steelers,DEF,
2025,1277085721798115328,4,free_agent,complete,1758843472483,2025-09-25,1,bgreenblatt,drop,TB,Tampa Bay Buccaneers,DEF,
2025,1276990543838060544,4,free_agent,complete,1758820780289,2025-09-25,11,Jacktaco98,add,10219,Chris Rodriguez,RB,
2025,1276988771409084416,4,free_agent,complete,1758820357709,2025-09-25,11,Jacktaco98,drop,7528,Najee Harris,RB,
2025,1276665860303392768,4,waiver,complete,1758743369702,2025-09-24,1,bgreenblatt,add,12493,Oronde Gadsden,TE,0
2025,1276665860303392768,4,waiver,complete,1758743369702,2025-09-24,1,bgreenblatt,drop,11655,Tyrone Tracy,RB,
2025,1276570648340107264,4,waiver,failed,1758720669402,2025-09-24,2,Erjohnson14,add,7021,Rico Dowdle,RB,1
2025,1276570567197077504,4,waiver,complete,1758720650055,2025-09-24,10,cc5597,add,10213,Tre Tucker,WR,22
2025,1276570567197077504,4,waiver,complete,1758720650055,2025-09-24,10,cc5597,drop,9500,Josh Downs,WR,
2025,1276570562126168064,4,waiver,failed,1758720648846,2025-09-24,2,Erjohnson14,add,11586,Blake Corum,RB,4
2025,1276570438159339520,4,waiver,failed,1758720619290,2025-09-24,10,cc5597,add,12519,Luther Burden,WR,11
2025,1276570438159339520,4,waiver,failed,1758720619290,2025-09-24,10,cc5597,drop,9500,Josh Downs,WR,
2025,1276542495756419072,4,waiver,failed,1758713957303,2025-09-24,5,charliekaufmann,add,10213,Tre Tucker,WR,15
2025,1276542495756419072,4,waiver,failed,1758713957303,2025-09-24,5,charliekaufmann,drop,2307,Marcus Mariota,QB,
2025,1276542162745425920,4,waiver,complete,1758713877906,2025-09-24,5,charliekaufmann,add,DET,Detroit Lions,DEF,8
2025,1276542101441490944,4,waiver,failed,1758713863290,2025-09-24,5,charliekaufmann,add,NE,New England Patriots,DEF,7
2025,1281502632317325312,5,waiver,failed,1759896546013,2025-10-07,1,bgreenblatt,add,7611,Rhamondre Stevenson,RB,0
2025,1281502632317325312,5,waiver,failed,1759896546013,2025-10-07,1,bgreenblatt,drop,8148,Jameson Williams,WR,
2025,1281502526985768960,5,waiver,complete,1759896520900,2025-10-07,1,bgreenblatt,add,LAR,Los Angeles Rams,DEF,0
2025,1281502526985768960,5,waiver,complete,1759896520900,2025-10-07,1,bgreenblatt,drop,KC,Kansas City Chiefs,DEF,
2025,1281502413282381824,5,waiver,failed,1759896493791,2025-10-07,1,bgreenblatt,add,PIT,Pittsburgh Steelers,DEF,5
2025,1281502413282381824,5,waiver,failed,1759896493791,2025-10-07,1,bgreenblatt,drop,KC,Kansas City Chiefs,DEF,
2025,1281421997733056512,5,waiver,complete,1759877321231,2025-10-07,2,Erjohnson14,add,11597,Theo Johnson,TE,3
2025,1281421997733056512,5,waiver,complete,1759877321231,2025-10-07,2,Erjohnson14,drop,7002,Juwan Johnson,TE,
2025,1281391916524535808,5,waiver,complete,1759870149312,2025-10-07,7,KingTowsk,add,4033,David Njoku,TE,16
2025,1281391813730533376,5,free_agent,complete,1759870124803,2025-10-07,7,KingTowsk,drop,9480,Brenton Strange,TE,
2025,1281325142118510592,5,waiver,complete,1759854229053,2025-10-07,2,Erjohnson14,add,LAC,Los Angeles Chargers,DEF,0
2025,1281325142118510592,5,waiver,complete,1759854229053,2025-10-07,2,Erjohnson14,drop,SEA,Seattle Seahawks,DEF,
2025,1281325091526836224,5,waiver,failed,1759854216990,2025-10-07,2,Erjohnson14,add,PIT,Pittsburgh Steelers,DEF,3
2025,1281325091526836224,5,waiver,failed,1759854216990,2025-10-07,2,Erjohnson14,drop,SEA,Seattle Seahawks,DEF,
2025,1281319634041049088,5,waiver,failed,1759852915824,2025-10-07,7,KingTowsk,add,6083,Matt Gay,K,0
2025,1281319464373088256,5,waiver,complete,1759852875373,2025-10-07,7,KingTowsk,add,12497,Tory Horton,WR,1
2025,1281315154922852352,5,waiver,complete,1759851847919,2025-10-07,2,Erjohnson14,add,6083,Matt Gay,K,1
2025,1281315154922852352,5,waiver,complete,1759851847919,2025-10-07,2,Erjohnson14,drop,12711,Tyler Loop,K,
2025,1281314349142544384,5,waiver,complete,1759851655806,2025-10-07,2,Erjohnson14,add,7611,Rhamondre Stevenson,RB,9
2025,1281312013229785088,5,trade,complete,1759851098882,2025-10-07,2,Erjohnson14,add,12507,Omarion Hampton,RB,
2025,1281312013229785088,5,trade,complete,1759851098882,2025-10-07,6,JSanDusky69,add,6790,D'Andre Swift,RB,
2025,1281312013229785088,5,trade,complete,1759851098882,2025-10-07,2,Erjohnson14,add,7523,Trevor Lawrence,QB,
2025,1281312013229785088,5,trade,complete,1759851098882,2025-10-07,6,JSanDusky69,add,7591,Justin Fields,QB,
2025,1281312013229785088,5,trade,complete,1759851098882,2025-10-07,6,JSanDusky69,drop,12507,Omarion Hampton,RB,
2025,1281312013229785088,5,trade,complete,1759851098882,2025-10-07,2,Erjohnson14,drop,6790,D'Andre Swift,RB,
2025,1281312013229785088,5,trade,complete,1759851098882,2025-10-07,6,JSanDusky69,drop,7523,Trevor Lawrence,QB,
2025,1281312013229785088,5,trade,complete,1759851098882,2025-10-07,2,Erjohnson14,drop,7591,Justin Fields,QB,
2025,1281309147995836416,5,waiver,failed,1759850415756,2025-10-07,3,MaxSirianni,add,PIT,Pittsburgh Steelers,DEF,5
2025,1281309147995836416,5,waiver,failed,1759850415756,2025-10-07,3,MaxSirianni,drop,MIN,Minnesota Vikings,DEF,
2025,1281296423735820288,5,free_agent,complete,1759847382056,2025-10-07,7,KingTowsk,drop,ARI,Arizona Cardinals,DEF,
2025,1281295821547008000,5,free_agent,complete,1759847238484,2025-10-07,7,KingTowsk,drop,12185,Spencer Shrader,K,
2025,1281275849311531008,5,waiver,complete,1759842476732,2025-10-07,5,charliekaufmann,add,PIT,Pittsburgh Steelers,DEF,7
2025,1281275849311531008,5,waiver,complete,1759842476732,2025-10-07,5,charliekaufmann,drop,DET,Detroit Lions,DEF,
2025,1280972577321259008,5,waiver,failed,1759770171054,2025-10-06,6,JSanDusky69,add,7611,Rhamondre Stevenson,RB,5
2025,1280972577321259008,5,waiver,failed,1759770171054,2025-10-06,6,JSanDusky69,drop,CLE,Cleveland Browns,DEF,
2025,1280972265269231616,5,waiver,complete,1759770096656,2025-10-06,6,JSanDusky69,add,4098,Kareem Hunt,RB,1
2025,1280972265269231616,5,waiver,complete,1759770096656,2025-10-06,6,JSanDusky69,drop,CLE,Cleveland Browns,DEF,
2025,1280928706130382848,5,waiver,complete,1759759711347,2025-10-06,6,JSanDusky69,add,5189,Eddy Pineiro,K,0
2025,1280928706130382848,5,waiver,complete,1759759711347,2025-10-06,6,JSanDusky69,drop,11792,Will Reichard,K,
2025,1280928634051252224,5,waiver,failed,1759759694163,2025-10-06,6,JSanDusky69,add,6083,Matt Gay,K,0
2025,1280928634051252224,5,waiver,failed,1759759694163,2025-10-06,6,JSanDusky69,drop,11792,Will Reichard,K,
2025,1280724667681734656,5,waiver,complete,1759711064791,2025-10-05,1,bgreenblatt,add,11647,Kimani Vidal,RB,0
2025,1280724667681734656,5,waiver,complete,1759711064791,2025-10-05,1,bgreenblatt,drop,12455,Brashard Smith,RB,
2025,1280595804947517440,5,free_agent,complete,1759680341521,2025-10-05,6,JSanDusky69,add,2505,Darren Waller,TE,
2025,1280595804947517440,5,free_agent,complete,1759680341521,2025-10-05,6,JSanDusky69,drop,4098,Kareem Hunt,RB,
2025,1280055863918202880,5,waiver,complete,1759551609547,2025-10-03,2,Erjohnson14,add,9757,Kendre Miller,RB,0
2025,1280055863918202880,5,waiver,complete,1759551609547,2025-10-03,2,Erjohnson14,drop,11586,Blake Corum,RB,
2025,1279871744504520704,5,waiver,complete,1759507712058,2025-10-03,8,TylerWicks,add,3451,Ka'imi Fairbairn,K,3
2025,1279673420698615808,5,free_agent,complete,1759460427978,2025-10-02,4,jdrobny,add,5001,Dalton Schultz,TE,
2025,1279673420698615808,5,free_agent,complete,1759460427978,2025-10-02,4,jdrobny,drop,4033,David Njoku,TE,
2025,1279654661262946304,5,waiver,complete,1759455955380,2025-10-02,12,akepple9,add,8259,Cameron Dicker,K,6
2025,1279603375054262272,5,free_agent,complete,1759443727795,2025-10-02,7,KingTowsk,add,9480,Brenton Strange,TE,
2025,1279603375054262272,5,free_agent,complete,1759443727795,2025-10-02,7,KingTowsk,drop,8210,Chig Okonkwo,TE,
2025,1279579804022104064,5,free_agent,complete,1759438108023,2025-10-02,1,bgreenblatt,add,7021,Rico Dowdle,RB,
2025,1279579804022104064,5,free_agent,complete,1759438108023,2025-10-02,1,bgreenblatt,drop,2505,Darren Waller,TE,
2025,1279531220560023552,5,free_agent,complete,1759426524823,2025-10-02,1,bgreenblatt,add,2505,Darren Waller,TE,
2025,1279496222419197952,5,waiver,failed,1759418180616,2025-10-02,8,TylerWicks,add,8259,Cameron Dicker,K,0
2025,1279455810996428800,5,waiver,complete,1759408545783,2025-10-02,5,charliekaufmann,add,7607,Michael Carter,RB,11
2025,1279455810996428800,5,waiver,complete,1759408545783,2025-10-02,5,charliekaufmann,drop,12509,Tre' Harris,WR,
2025,1279422278148304896,5,waiver,failed,1759400550928,2025-10-02,7,KingTowsk,add,7607,Michael Carter,RB,5
2025,1279215836074090496,5,waiver,failed,1759351331303,2025-10-01,2,Erjohnson14,add,7607,Michael Carter,RB,8
2025,1279215836074090496,5,waiver,failed,1759351331303,2025-10-01,2,Erjohnson14,drop,11586,Blake Corum,RB,
2025,1279211774259793920,5,waiver,complete,1759350362890,2025-10-01,5,charliekaufmann,add,3161,Carson Wentz,QB,0
2025,1279211774259793920,5,waiver,complete,1759350362890,2025-10-01,5,charliekaufmann,drop,2307,Marcus Mariota,QB,
2025,1279187669905051648,5,waiver,complete,1759344615965,2025-10-01,7,KingTowsk,add,6149,Darius Slayton,WR,3
2025,1279172441582608384,5,waiver,failed,1759340985249,2025-10-01,7,KingTowsk,add,11199,Emari Demercado,RB,1
2025,1279157164153274368,5,waiver,complete,1759337342827,2025-10-01,9,brockhusk,add,11199,Emari Demercado,RB,11
2025,1279157164153274368,5,waiver,complete,1759337342827,2025-10-01,9,brockhusk,drop,1433,Brandon McManus,K,
2025,1279148961931743232,5,waiver,failed,1759335387264,2025-10-01,2,Erjohnson14,add,8259,Cameron Dicker,K,0
2025,1279148961931743232,5,waiver,failed,1759335387264,2025-10-01,2,Erjohnson14,drop,12711,Tyler Loop,K,
2025,1279141832537681920,5,waiver,failed,1759333687484,2025-10-01,6,JSanDusky69,add,NYG,New York Giants,DEF,1
2025,1279141832537681920,5,waiver,failed,1759333687484,2025-10-01,6,JSanDusky69,drop,6770,Joe Burrow,QB,
2025,1279141662341222400,5,waiver,complete,1759333646907,2025-10-01,6,JSanDusky69,add,12486,Dillon Gabriel,QB,5
2025,1279141662341222400,5,waiver,complete,1759333646907,2025-10-01,6,JSanDusky69,drop,3161,Carson Wentz,QB,
2025,1279141583358291968,5,waiver,failed,1759333628075,2025-10-01,6,JSanDusky69,add,2747,Jason Myers,K,0
2025,1279141583358291968,5,waiver,failed,1759333628075,2025-10-01,6,JSanDusky69,drop,11792,Will Reichard,K,
2025,1279141424171864064,5,waiver,complete,1759333590123,2025-10-01,6,JSanDusky69,add,CLE,Cleveland Browns,DEF,1
2025,1279141424171864064,5,waiver,complete,1759333590123,2025-10-01,6,JSanDusky69,drop,6770,Joe Burrow,QB,
2025,1279141382497247232,5,waiver,failed,1759333580187,2025-10-01,6,JSanDusky69,add,ARI,Arizona Cardinals,DEF,1
2025,1279141382497247232,5,waiver,failed,1759333580187,2025-10-01,6,JSanDusky69,drop,6770,Joe Burrow,QB,
2025,1279131346337271808,5,waiver,failed,1759331187379,2025-10-01,8,TylerWicks,add,2747,Jason Myers,K,2
2025,1279126472149209088,5,waiver,failed,1759330025283,2025-10-01,5,charliekaufmann,add,12486,Dillon Gabriel,QB,3
2025,1279126472149209088,5,waiver,failed,1759330025283,2025-10-01,5,charliekaufmann,drop,2307,Marcus Mariota,QB,
2025,1279125838859620352,5,waiver,failed,1759329874295,2025-10-01,5,charliekaufmann,add,7567,Kenny Gainwell,RB,8
2025,1279125838859620352,5,waiver,failed,1759329874295,2025-10-01,5,charliekaufmann,drop,12509,Tre' Harris,WR,
2025,1279120585229631488,5,free_agent,complete,1759328621731,2025-10-01,1,bgreenblatt,drop,6111,Jake Browning,QB,
2025,1279090908226146304,5,waiver,complete,1759321546183,2025-10-01,8,TylerWicks,add,8167,Christian Watson,WR,0
2025,1279090908226146304,5,waiver,complete,1759321546183,2025-10-01,8,TylerWicks,drop,4950,Christian Kirk,WR,
2025,1279085065971716096,5,waiver,failed,1759320153280,2025-10-01,4,jdrobny,add,ARI,Arizona Cardinals,DEF,3
2025,1279085065971716096,5,waiver,failed,1759320153280,2025-10-01,4,jdrobny,drop,HOU,Houston Texans,DEF,
2025,1283876628216156160,6,waiver,failed,1760462550743,2025-10-14,2,Erjohnson14,add,CLE,Cleveland Browns,DEF,1
2025,1283876628216156160,6,waiver,failed,1760462550743,2025-10-14,2,Erjohnson14,drop,LAC,Los Angeles Chargers,DEF,
2025,1283876601594916864,6,waiver,complete,1760462544396,2025-10-14,2,Erjohnson14,add,SEA,Seattle Seahawks,DEF,2
2025,1283876601594916864,6,waiver,complete,1760462544396,2025-10-14,2,Erjohnson14,drop,LAC,Los Angeles Chargers,DEF,
2025,1283813455752630272,6,free_agent,complete,1760447489254,2025-10-14,3,MaxSirianni,drop,DET,Detroit Lions,DEF,
2025,1283132723795337216,6,free_agent,complete,1760285190107,2025-10-12,2,Erjohnson14,add,8122,Zonovan Knight,RB,
2025,1283132723795337216,6,free_agent,complete,1760285190107,2025-10-12,2,Erjohnson14,drop,11597,Theo Johnson,TE,
2025,1283131672845352960,6,waiver,complete,1760284939542,2025-10-12,10,cc5597,add,4454,Kendrick Bourne,WR,0
2025,1282482660064649216,6,waiver,complete,1760130202837,2025-10-10,7,KingTowsk,add,12457,Jaydon Blue,RB,2
2025,1282482660064649216,6,waiver,complete,1760130202837,2025-10-10,7,KingTowsk,drop,11610,Malik Washington,WR,
2025,1282432493772886016,6,waiver,complete,1760118242261,2025-10-10,7,KingTowsk,add,5230,Michael Badgley,K,0
2025,1282432493772886016,6,waiver,complete,1760118242261,2025-10-10,7,KingTowsk,drop,6528,Joey Slye,K,
2025,1282424401999986688,6,free_agent,complete,1760116313031,2025-10-10,5,charliekaufmann,drop,7527,Mac Jones,QB,
2025,1282350303269646336,6,waiver,complete,1760098646518,2025-10-10,10,cc5597,add,6770,Joe Burrow,QB,0
2025,1282350303269646336,6,waiver,complete,1760098646518,2025-10-10,10,cc5597,drop,4454,Kendrick Bourne,WR,
2025,1282153991332970496,6,free_agent,complete,1760051842104,2025-10-09,10,cc5597,add,9508,Tyjae Spears,RB,
2025,1282153808297734144,6,free_agent,complete,1760051798465,2025-10-09,10,cc5597,add,4454,Kendrick Bourne,WR,
2025,1282153465119776768,6,waiver,failed,1760051716646,2025-10-09,10,cc5597,add,CLE,Cleveland Browns,DEF,1
2025,1282153207950233600,6,waiver,complete,1760051655332,2025-10-09,9,brockhusk,add,KC,Kansas City Chiefs,DEF,0
2025,1282152562992103424,6,free_agent,complete,1760051501562,2025-10-09,5,charliekaufmann,drop,12503,Isaiah Bond,WR,
2025,1282152496155873280,6,free_agent,complete,1760051485627,2025-10-09,5,charliekaufmann,drop,8132,Tyler Allgeier,RB,
2025,1282140322960265216,6,trade,complete,1760048583311,2025-10-09,5,charliekaufmann,add,5967,Tony Pollard,RB,
2025,1282140322960265216,6,trade,complete,1760048583311,2025-10-09,5,charliekaufmann,add,7526,Jaylen Waddle,WR,
2025,1282140322960265216,6,trade,complete,1760048583311,2025-10-09,10,cc5597,add,9509,Bijan Robinson,RB,
2025,1282140322960265216,6,trade,complete,1760048583311,2025-10-09,5,charliekaufmann,add,96,Aaron Rodgers,QB,
2025,1282140322960265216,6,trade,complete,1760048583311,2025-10-09,10,cc5597,drop,5967,Tony Pollard,RB,
2025,1282140322960265216,6,trade,complete,1760048583311,2025-10-09,10,cc5597,drop,7526,Jaylen Waddle,WR,
2025,1282140322960265216,6,trade,complete,1760048583311,2025-10-09,5,charliekaufmann,drop,9509,Bijan Robinson,RB,
2025,1282140322960265216,6,trade,complete,1760048583311,2025-10-09,10,cc5597,drop,96,Aaron Rodgers,QB,
2025,1282052226021343232,6,free_agent,complete,1760027579364,2025-10-09,4,jdrobny,add,LV,Las Vegas Raiders,DEF,
2025,1282052226021343232,6,free_agent,complete,1760027579364,2025-10-09,4,jdrobny,drop,HOU,Houston Texans,DEF,
2025,1282038787374870528,6,trade,complete,1760024375341,2025-10-09,9,brockhusk,add,12527,Ashton Jeanty,RB,
2025,1282038787374870528,6,trade,complete,1760024375341,2025-10-09,5,charliekaufmann,add,12529,TreVeyon Henderson,RB,
2025,1282038787374870528,6,trade,complete,1760024375341,2025-10-09,5,charliekaufmann,add,9756,Jordan Addison,WR,
2025,1282038787374870528,6,trade,complete,1760024375341,2025-10-09,5,charliekaufmann,drop,12527,Ashton Jeanty,RB,
2025,1282038787374870528,6,trade,complete,1760024375341,2025-10-09,9,brockhusk,drop,12529,TreVeyon Henderson,RB,
2025,1282038787374870528,6,trade,complete,1760024375341,2025-10-09,9,brockhusk,drop,9756,Jordan Addison,WR,
2025,1282029107839778816,6,waiver,complete,1760022067560,2025-10-09,9,brockhusk,add,7090,Darnell Mooney,WR,1
2025,1282029107839778816,6,waiver,complete,1760022067560,2025-10-09,9,brockhusk,drop,11199,Emari Demercado,RB,
2025,1281982468630511616,6,waiver,complete,1760010947906,2025-10-09,4,jdrobny,add,8698,Jake Tonges,TE,6
2025,1281982468630511616,6,waiver,complete,1760010947906,2025-10-09,4,jdrobny,drop,5001,Dalton Schultz,TE,
2025,1281766689335148544,6,free_agent,complete,1759959502112,2025-10-08,10,cc5597,drop,11655,Tyrone Tracy,RB,
2025,1281735729017294848,6,waiver,complete,1759952120598,2025-10-08,3,MaxSirianni,add,DET,Detroit Lions,DEF,1
2025,1281735729017294848,6,waiver,complete,1759952120598,2025-10-08,3,MaxSirianni,drop,12495,Ollie Gordon,RB,
2025,1281690236941762560,6,waiver,complete,1759941274442,2025-10-08,7,KingTowsk,add,6528,Joey Slye,K,0
2025,1281690236941762560,6,waiver,complete,1759941274442,2025-10-08,7,KingTowsk,drop,6149,Darius Slayton,WR,
2025,1281660373736378368,6,waiver,complete,1759934154499,2025-10-08,7,KingTowsk,add,8123,Hassan Haskins,RB,0
2025,1281660349451341824,6,waiver,failed,1759934148709,2025-10-08,7,KingTowsk,add,11647,Kimani Vidal,RB,0
2025,1281615247257370624,6,waiver,complete,1759923395508,2025-10-08,5,charliekaufmann,add,7527,Mac Jones,QB,0
2025,1281615247257370624,6,waiver,complete,1759923395508,2025-10-08,5,charliekaufmann,drop,3161,Carson Wentz,QB,
2025,1286537108026064896,7,waiver,complete,1761096858559,2025-10-21,2,Erjohnson14,add,12711,Tyler Loop,K,3
2025,1286536656421146624,7,waiver,failed,1761096750887,2025-10-21,2,Erjohnson14,add,827,Tyrod Taylor,QB,6
2025,1286498715158196224,7,waiver,complete,1761087704986,2025-10-21,3,MaxSirianni,add,827,Tyrod Taylor,QB,11
2025,1286498715158196224,7,waiver,complete,1761087704986,2025-10-21,3,MaxSirianni,drop,1373,Geno Smith,QB,
2025,1286495546810331136,7,waiver,failed,1761086949592,2025-10-21,7,KingTowsk,add,LAC,Los Angeles Chargers,DEF,0
2025,1286495546810331136,7,waiver,failed,1761086949592,2025-10-21,7,KingTowsk,drop,GB,Green Bay Packers,DEF,
2025,1286495505035071488,7,waiver,failed,1761086939632,2025-10-21,7,KingTowsk,add,ATL,Atlanta Falcons,DEF,0
2025,1286495505035071488,7,waiver,failed,1761086939632,2025-10-21,7,KingTowsk,drop,GB,Green Bay Packers,DEF,
2025,1286495437926195200,7,waiver,complete,1761086923633,2025-10-21,7,KingTowsk,add,CIN,Cincinnati Bengals,DEF,0
2025,1286495437926195200,7,waiver,complete,1761086923633,2025-10-21,7,KingTowsk,drop,GB,Green Bay Packers,DEF,
2025,1286494762081226752,7,free_agent,complete,1761086762498,2025-10-21,7,KingTowsk,drop,12519,Luther Burden,WR,
2025,1286494578970497024,7,waiver,complete,1761086718842,2025-10-21,7,KingTowsk,add,11627,Troy Franklin,WR,1
2025,1286494509852545024,7,waiver,failed,1761086702362,2025-10-21,7,KingTowsk,add,8142,Alec Pierce,WR,0
2025,1286494420031537152,7,free_agent,complete,1761086680947,2025-10-21,7,KingTowsk,drop,4033,David Njoku,TE,
2025,1286493383342166016,7,waiver,complete,1761086433783,2025-10-21,7,KingTowsk,add,11626,Xavier Legette,WR,16
2025,1286493337305493504,7,waiver,complete,1761086422805,2025-10-21,7,KingTowsk,add,12485,Tez Johnson,WR,26
2025,1286490823105449984,7,waiver,complete,1761085823374,2025-10-21,2,Erjohnson14,add,ATL,Atlanta Falcons,DEF,2
2025,1286490823105449984,7,waiver,complete,1761085823374,2025-10-21,2,Erjohnson14,drop,11646,Jalen Coker,WR,
2025,1286448765883920384,7,waiver,failed,1761075796151,2025-10-21,6,JSanDusky69,add,12534,Kyle Monangai,RB,0
2025,1286448765883920384,7,waiver,failed,1761075796151,2025-10-21,6,JSanDusky69,drop,4098,Kareem Hunt,RB,
2025,1286430641608491008,7,waiver,failed,1761071474987,2025-10-21,9,brockhusk,add,5001,Dalton Schultz,TE,0
2025,1286430641608491008,7,waiver,failed,1761071474987,2025-10-21,9,brockhusk,drop,9482,Michael Mayer,TE,
2025,1286430493725700096,7,waiver,complete,1761071439728,2025-10-21,9,brockhusk,add,4144,Jonnu Smith,TE,3
2025,1286430493725700096,7,waiver,complete,1761071439728,2025-10-21,9,brockhusk,drop,9482,Michael Mayer,TE,
2025,1286424642063433728,7,waiver,complete,1761070044583,2025-10-21,6,JSanDusky69,add,829,Andy Dalton,QB,1
2025,1286424642063433728,7,waiver,complete,1761070044583,2025-10-21,6,JSanDusky69,drop,7591,Justin Fields,QB,
2025,1286367070790901760,7,waiver,complete,1761056318522,2025-10-21,6,JSanDusky69,add,LAR,Los Angeles Rams,DEF,0
2025,1286367070790901760,7,waiver,complete,1761056318522,2025-10-21,6,JSanDusky69,drop,4098,Kareem Hunt,RB,
2025,1286359359734968320,7,waiver,complete,1761054480063,2025-10-21,5,charliekaufmann,add,12534,Kyle Monangai,RB,9
2025,1286359359734968320,7,waiver,complete,1761054480063,2025-10-21,5,charliekaufmann,drop,7607,Michael Carter,RB,
2025,1286356429980061696,7,waiver,complete,1761053781556,2025-10-21,5,charliekaufmann,add,TB,Tampa Bay Buccaneers,DEF,7
2025,1286356429980061696,7,waiver,complete,1761053781556,2025-10-21,5,charliekaufmann,drop,PIT,Pittsburgh Steelers,DEF,
2025,1286355881163784192,7,free_agent,complete,1761053650707,2025-10-21,2,Erjohnson14,drop,6083,Matt Gay,K,
2025,1286355349183406080,7,free_agent,complete,1761053523873,2025-10-21,11,Jacktaco98,drop,11786,Cam Little,K,
2025,1286355002452881408,7,free_agent,complete,1761053441206,2025-10-21,7,KingTowsk,drop,8123,Hassan Haskins,RB,
2025,1286354882630000640,7,waiver,complete,1761053412638,2025-10-21,1,bgreenblatt,add,12498,Mason Taylor,TE,0
2025,1286354882630000640,7,waiver,complete,1761053412638,2025-10-21,1,bgreenblatt,drop,8148,Jameson Williams,WR,
2025,1286354653335810048,7,waiver,failed,1761053357970,2025-10-21,1,bgreenblatt,add,TB,Tampa Bay Buccaneers,DEF,0
2025,1286354653335810048,7,waiver,failed,1761053357970,2025-10-21,1,bgreenblatt,drop,CLE,Cleveland Browns,DEF,
2025,1286354552374722560,7,waiver,failed,1761053333900,2025-10-21,1,bgreenblatt,add,ATL,Atlanta Falcons,DEF,0
2025,1286354552374722560,7,waiver,failed,1761053333900,2025-10-21,1,bgreenblatt,drop,CLE,Cleveland Browns,DEF,
2025,1286306507914252288,7,waiver,failed,1761041879208,2025-10-21,1,bgreenblatt,add,829,Andy Dalton,QB,0
2025,1286193461824851968,7,free_agent,complete,1761014926920,2025-10-20,1,bgreenblatt,drop,8132,Tyler Allgeier,RB,
2025,1286051392770830336,7,free_agent,complete,1760981055017,2025-10-20,2,Erjohnson14,drop,9757,Kendre Miller,RB,
2025,1286010146610221056,7,waiver,complete,1760971221166,2025-10-20,6,JSanDusky69,add,8142,Alec Pierce,WR,1
2025,1286010146610221056,7,waiver,complete,1760971221166,2025-10-20,6,JSanDusky69,drop,11650,Luke McCaffrey,WR,
2025,1285762133849550848,7,free_agent,complete,1760912090316,2025-10-19,1,bgreenblatt,add,8132,Tyler Allgeier,RB,
2025,1285762133849550848,7,free_agent,complete,1760912090316,2025-10-19,1,bgreenblatt,drop,3269,Chris Moore,WR,
2025,1285663703609401344,7,waiver,complete,1760888622718,2025-10-19,6,JSanDusky69,add,11650,Luke McCaffrey,WR,1
2025,1285663703609401344,7,waiver,complete,1760888622718,2025-10-19,6,JSanDusky69,drop,11627,Troy Franklin,WR,
2025,1285663601440350208,7,waiver,failed,1760888598359,2025-10-19,6,JSanDusky69,add,3269,Chris Moore,WR,0
2025,1285663601440350208,7,waiver,failed,1760888598359,2025-10-19,6,JSanDusky69,drop,11627,Troy Franklin,WR,
2025,1285495661445255168,7,waiver,complete,1760848558345,2025-10-18,1,bgreenblatt,add,3269,Chris Moore,WR,0
2025,1285495661445255168,7,waiver,complete,1760848558345,2025-10-18,1,bgreenblatt,drop,12534,Kyle Monangai,RB,
2025,1285389347188654080,7,waiver,complete,1760823211051,2025-10-18,2,Erjohnson14,add,11646,Jalen Coker,WR,0
2025,1285389347188654080,7,waiver,complete,1760823211051,2025-10-18,2,Erjohnson14,drop,12485,Tez Johnson,WR,
2025,1285365717025193984,7,waiver,failed,1760817577181,2025-10-18,12,akepple9,add,4144,Jonnu Smith,TE,0
2025,1285365717025193984,7,waiver,failed,1760817577181,2025-10-18,12,akepple9,drop,12541,Dont'e Thornton,WR,
2025,1285335657450860544,7,waiver,complete,1760810410420,2025-10-18,6,JSanDusky69,add,3161,Carson Wentz,QB,2
2025,1285335657450860544,7,waiver,complete,1760810410420,2025-10-18,6,JSanDusky69,drop,3257,Jacoby Brissett,QB,
2025,1284967096207282176,7,waiver,complete,1760722538572,2025-10-17,12,akepple9,add,12541,Dont'e Thornton,WR,0
2025,1284967096207282176,7,waiver,complete,1760722538572,2025-10-17,12,akepple9,drop,17,Matt Prater,K,
2025,1284945881463799808,7,waiver,failed,1760717480583,2025-10-17,6,JSanDusky69,add,7527,Mac Jones,QB,0
2025,1284945881463799808,7,waiver,failed,1760717480583,2025-10-17,6,JSanDusky69,drop,12486,Dillon Gabriel,QB,
2025,1284944966245715968,7,waiver,failed,1760717262377,2025-10-17,6,JSanDusky69,add,3161,Carson Wentz,QB,0
2025,1284944966245715968,7,waiver,failed,1760717262377,2025-10-17,6,JSanDusky69,drop,12486,Dillon Gabriel,QB,
2025,1284944820195856384,7,waiver,complete,1760717227556,2025-10-17,6,JSanDusky69,add,3257,Jacoby Brissett,QB,0
2025,1284944820195856384,7,waiver,complete,1760717227556,2025-10-17,6,JSanDusky69,drop,12486,Dillon Gabriel,QB,
2025,1284678593602949120,7,free_agent,complete,1760653754190,2025-10-16,1,bgreenblatt,add,12534,Kyle Monangai,RB,
2025,1284678593602949120,7,free_agent,complete,1760653754190,2025-10-16,1,bgreenblatt,drop,12498,Mason Taylor,TE,
2025,1284675325812305920,7,free_agent,complete,1760652975089,2025-10-16,7,KingTowsk,add,12519,Luther Burden,WR,
2025,1284675325812305920,7,free_agent,complete,1760652975089,2025-10-16,7,KingTowsk,drop,12457,Jaydon Blue,RB,
2025,1284670500643024896,7,free_agent,complete,1760651824678,2025-10-16,2,Erjohnson14,add,12485,Tez Johnson,WR,
2025,1284670500643024896,7,free_agent,complete,1760651824678,2025-10-16,2,Erjohnson14,drop,8122,Zonovan Knight,RB,
2025,1284661119222292480,7,free_agent,complete,1760649587973,2025-10-16,11,Jacktaco98,add,CAR,Carolina Panthers,DEF,
2025,1284661119222292480,7,free_agent,complete,1760649587973,2025-10-16,11,Jacktaco98,drop,SF,San Francisco 49ers,DEF,
2025,1284594348322746368,7,free_agent,complete,1760633668550,2025-10-16,4,jdrobny,add,CHI,Chicago Bears,DEF,
2025,1284594348322746368,7,free_agent,complete,1760633668550,2025-10-16,4,jdrobny,drop,LV,Las Vegas Raiders,DEF,
2025,1284594228378230784,7,free_agent,complete,1760633639954,2025-10-16,4,jdrobny,add,12493,Oronde Gadsden,TE,
2025,1284594228378230784,7,free_agent,complete,1760633639954,2025-10-16,4,jdrobny,drop,8698,Jake Tonges,TE,
2025,1284361528862052352,7,waiver,complete,1760578160065,2025-10-15,1,bgreenblatt,add,CLE,Cleveland Browns,DEF,0
2025,1284361528862052352,7,waiver,complete,1760578160065,2025-10-15,1,bgreenblatt,drop,LAR,Los Angeles Rams,DEF,
2025,1284259470913859584,7,waiver,complete,1760553827554,2025-10-15,7,KingTowsk,add,8111,Cade Otton,TE,2
2025,1284259470913859584,7,waiver,complete,1760553827554,2025-10-15,7,KingTowsk,drop,12497,Tory Horton,WR,
2025,1284197737310453760,7,waiver,complete,1760539109116,2025-10-15,8,TylerWicks,add,9504,Kayshon Boutte,WR,12
2025,1284197737310453760,7,waiver,complete,1760539109116,2025-10-15,8,TylerWicks,drop,8125,Calvin Austin,WR,
2025,1284196749644144640,7,waiver,complete,1760538873639,2025-10-15,8,TylerWicks,add,HOU,Houston Texans,DEF,5
2025,1284187882755489792,7,waiver,complete,1760536759608,2025-10-15,1,bgreenblatt,add,12498,Mason Taylor,TE,0
2025,1284187882755489792,7,waiver,complete,1760536759608,2025-10-15,1,bgreenblatt,drop,12490,Bhayshul Tuten,RB,
2025,1284160090126970880,7,waiver,complete,1760530133328,2025-10-15,9,brockhusk,add,9482,Michael Mayer,TE,7
2025,1284160090126970880,7,waiver,complete,1760530133328,2025-10-15,9,brockhusk,drop,8188,Tyquan Thornton,WR,
2025,1289097043305832448,8,waiver,complete,1761707194690,2025-10-28,11,Jacktaco98,add,4147,Samaje Perine,RB,9
2025,1289097043305832448,8,waiver,complete,1761707194690,2025-10-28,11,Jacktaco98,drop,8154,Brian Robinson,RB,
2025,1289096799633575936,8,waiver,complete,1761707136594,2025-10-28,11,Jacktaco98,add,12540,Chimere Dike,WR,9
2025,1289096799633575936,8,waiver,complete,1761707136594,2025-10-28,11,Jacktaco98,drop,7571,Rashod Bateman,WR,
2025,1289076509608251392,8,waiver,failed,1761702299075,2025-10-28,2,Erjohnson14,add,JAX,Jacksonville Jaguars,DEF,1
2025,1289076487785312257,8,waiver,failed,1761702293873,2025-10-28,2,Erjohnson14,add,LAC,Los Angeles Chargers,DEF,5
2025,1289018198032666624,8,waiver,failed,1761688396513,2025-10-28,4,jdrobny,add,4098,Kareem Hunt,RB,0
2025,1289018069628235776,8,waiver,failed,1761688365899,2025-10-28,4,jdrobny,add,11655,Tyrone Tracy,RB,57
2025,1289012179034464256,8,free_agent,complete,1761686961472,2025-10-28,4,jdrobny,drop,NYJ,New York Jets,DEF,
2025,1289012028425396224,8,free_agent,complete,1761686925563,2025-10-28,4,jdrobny,drop,2216,Mike Evans,WR,
2025,1289008506359267328,8,free_agent,complete,1761686085837,2025-10-28,12,akepple9,drop,4171,Josh Reynolds,WR,
2025,1288976430985662464,8,waiver,complete,1761678438473,2025-10-28,7,KingTowsk,add,JAX,Jacksonville Jaguars,DEF,0
2025,1288976430985662464,8,waiver,complete,1761678438473,2025-10-28,7,KingTowsk,drop,5844,T.J. Hockenson,TE,
2025,1288976404746100736,8,waiver,failed,1761678432216,2025-10-28,7,KingTowsk,add,LAR,Los Angeles Rams,DEF,0
2025,1288976404746100736,8,waiver,failed,1761678432216,2025-10-28,7,KingTowsk,drop,5844,T.J. Hockenson,TE,
2025,1288976354632564736,8,waiver,failed,1761678420268,2025-10-28,7,KingTowsk,add,DET,Detroit Lions,DEF,0
2025,1288976354632564736,8,waiver,failed,1761678420268,2025-10-28,7,KingTowsk,drop,5844,T.J. Hockenson,TE,
2025,1288976319383605248,8,waiver,failed,1761678411865,2025-10-28,7,KingTowsk,add,LAC,Los Angeles Chargers,DEF,0
2025,1288976319383605248,8,waiver,failed,1761678411865,2025-10-28,7,KingTowsk,drop,5844,T.J. Hockenson,TE,
2025,1288975724547424256,8,waiver,failed,1761678270045,2025-10-28,7,KingTowsk,add,6149,Darius Slayton,WR,0
2025,1288975724547424256,8,waiver,failed,1761678270045,2025-10-28,7,KingTowsk,drop,12501,Matthew Golden,WR,
2025,1288975665978146816,8,waiver,complete,1761678256081,2025-10-28,7,KingTowsk,add,6149,Darius Slayton,WR,0
2025,1288975475430916096,8,free_agent,complete,1761678210650,2025-10-28,7,KingTowsk,drop,5230,Michael Badgley,K,
2025,1288975329628545024,8,waiver,complete,1761678175889,2025-10-28,7,KingTowsk,add,12476,Devin Neal,RB,0
2025,1288975151118979072,8,waiver,failed,1761678133329,2025-10-28,7,KingTowsk,add,4147,Samaje Perine,RB,0
2025,1288964590582898688,8,waiver,failed,1761675615500,2025-10-28,6,JSanDusky69,add,CLE,Cleveland Browns,DEF,0
2025,1288964590582898688,8,waiver,failed,1761675615500,2025-10-28,6,JSanDusky69,drop,8142,Alec Pierce,WR,
2025,1288963785641439244,8,waiver,complete,1761675423587,2025-10-28,6,JSanDusky69,add,1373,Geno Smith,QB,1
2025,1288963785641439244,8,waiver,complete,1761675423587,2025-10-28,6,JSanDusky69,drop,8142,Alec Pierce,WR,
2025,1288950827557359616,8,waiver,complete,1761672334140,2025-10-28,2,Erjohnson14,add,DET,Detroit Lions,DEF,5
2025,1288939235646144512,8,waiver,complete,1761669570412,2025-10-28,10,cc5597,add,11655,Tyrone Tracy,RB,76
2025,1288939235646144512,8,waiver,complete,1761669570412,2025-10-28,10,cc5597,drop,4454,Kendrick Bourne,WR,
2025,1288938695449145344,8,waiver,complete,1761669441619,2025-10-28,10,cc5597,add,12545,Tyler Shough,QB,11
2025,1288938695449145344,8,waiver,complete,1761669441619,2025-10-28,10,cc5597,drop,6783,Jerry Jeudy,WR,
2025,1288919713295929344,8,free_agent,complete,1761664915921,2025-10-28,7,KingTowsk,drop,CIN,Cincinnati Bengals,DEF,
2025,1288901450461626368,8,waiver,failed,1761660561723,2025-10-28,6,JSanDusky69,add,DET,Detroit Lions,DEF,1
2025,1288901259499155456,8,waiver,complete,1761660516194,2025-10-28,6,JSanDusky69,add,LAC,Los Angeles Chargers,DEF,1
2025,1288901213051437056,8,waiver,failed,1761660505120,2025-10-28,6,JSanDusky69,add,LAR,Los Angeles Rams,DEF,2
2025,1288900810733809664,8,free_agent,complete,1761660409199,2025-10-28,6,JSanDusky69,drop,3161,Carson Wentz,QB,
2025,1288898416134332416,8,waiver,failed,1761659838282,2025-10-28,7,KingTowsk,add,11655,Tyrone Tracy,RB,16
2025,1288898258843738112,8,waiver,complete,1761659800782,2025-10-28,7,KingTowsk,add,11435,Emanuel Wilson,RB,0
2025,1288898058397966336,8,waiver,failed,1761659752991,2025-10-28,1,bgreenblatt,add,11655,Tyrone Tracy,RB,30
2025,1288898058397966336,8,waiver,failed,1761659752991,2025-10-28,1,bgreenblatt,drop,5001,Dalton Schultz,TE,
2025,1288898055348699136,8,free_agent,complete,1761659752265,2025-10-28,7,KingTowsk,drop,8111,Cade Otton,TE,
2025,1288890556356771840,8,waiver,complete,1761657964366,2025-10-28,3,MaxSirianni,add,2747,Jason Myers,K,1
2025,1288890556356771840,8,waiver,complete,1761657964366,2025-10-28,3,MaxSirianni,drop,827,Tyrod Taylor,QB,
2025,1288880808567787520,8,free_agent,complete,1761655640311,2025-10-28,2,Erjohnson14,drop,ATL,Atlanta Falcons,DEF,
2025,1288874235841769472,8,waiver,failed,1761654073252,2025-10-28,5,charliekaufmann,add,DET,Detroit Lions,DEF,0
2025,1288874235841769472,8,waiver,failed,1761654073252,2025-10-28,5,charliekaufmann,drop,TB,Tampa Bay Buccaneers,DEF,
2025,1288874193944842240,8,waiver,complete,1761654063263,2025-10-28,5,charliekaufmann,add,LAR,Los Angeles Rams,DEF,5
2025,1288874193944842240,8,waiver,complete,1761654063263,2025-10-28,5,charliekaufmann,drop,TB,Tampa Bay Buccaneers,DEF,
2025,1288660919907274752,8,waiver,failed,1761603214769,2025-10-27,6,JSanDusky69,add,11655,Tyrone Tracy,RB,3
2025,1288660919907274752,8,waiver,failed,1761603214769,2025-10-27,6,JSanDusky69,drop,8142,Alec Pierce,WR,
2025,1288611445545668608,8,waiver,failed,1761591419162,2025-10-27,5,charliekaufmann,add,11655,Tyrone Tracy,RB,18
2025,1288611445545668608,8,waiver,failed,1761591419162,2025-10-27,5,charliekaufmann,drop,12534,Kyle Monangai,RB,
2025,1288577106850091008,8,free_agent,complete,1761583232179,2025-10-27,6,JSanDusky69,add,8122,Zonovan Knight,RB,
2025,1288377842467373056,8,free_agent,complete,1761535723848,2025-10-26,7,KingTowsk,drop,11626,Xavier Legette,WR,
2025,1288286180382609408,8,trade,complete,1761513869904,2025-10-26,6,JSanDusky69,add,11560,Caleb Williams,QB,
2025,1288286180382609408,8,trade,complete,1761513869904,2025-10-26,7,KingTowsk,add,11604,Brock Bowers,TE,
2025,1288286180382609408,8,trade,complete,1761513869904,2025-10-26,7,KingTowsk,add,8148,Jameson Williams,WR,
2025,1288286180382609408,8,trade,complete,1761513869904,2025-10-26,7,KingTowsk,drop,11560,Caleb Williams,QB,
2025,1288286180382609408,8,trade,complete,1761513869904,2025-10-26,6,JSanDusky69,drop,11604,Brock Bowers,TE,
2025,1288286180382609408,8,trade,complete,1761513869904,2025-10-26,6,JSanDusky69,drop,8148,Jameson Williams,WR,
2025,1288174811872243712,8,free_agent,complete,1761487317583,2025-10-26,8,TylerWicks,drop,3451,Ka'imi Fairbairn,K,
2025,1288168032744525824,8,waiver,failed,1761485701313,2025-10-26,11,Jacktaco98,add,8125,Calvin Austin,WR,0
2025,1288167950703931392,8,waiver,complete,1761485681753,2025-10-26,11,Jacktaco98,add,8125,Calvin Austin,WR,0
2025,1287811871197372416,8,waiver,complete,1761400785782,2025-10-25,1,bgreenblatt,add,1166,Kirk Cousins,QB,0
2025,1287811871197372416,8,waiver,complete,1761400785782,2025-10-25,1,bgreenblatt,drop,12498,Mason Taylor,TE,
2025,1287485139483377664,8,waiver,complete,1761322886872,2025-10-24,6,JSanDusky69,add,7591,Justin Fields,QB,1
2025,1287485139483377664,8,waiver,complete,1761322886872,2025-10-24,6,JSanDusky69,drop,829,Andy Dalton,QB,
2025,1287448632357814272,8,waiver,complete,1761314182894,2025-10-24,6,JSanDusky69,add,12489,RJ Harvey,RB,1
2025,1287448632357814272,8,waiver,complete,1761314182894,2025-10-24,6,JSanDusky69,drop,8132,Tyler Allgeier,RB,
2025,1287447083342647296,8,waiver,complete,1761313813580,2025-10-24,11,Jacktaco98,add,11610,Malik Washington,WR,1
2025,1287446898982019072,8,free_agent,complete,1761313769625,2025-10-24,11,Jacktaco98,drop,10219,Chris Rodriguez,RB,
2025,1287248423476555776,8,free_agent,complete,1761266449378,2025-10-23,12,akepple9,add,4171,Josh Reynolds,WR,
2025,1287248423476555776,8,free_agent,complete,1761266449378,2025-10-23,12,akepple9,drop,12541,Dont'e Thornton,WR,
2025,1287233170059558912,8,free_agent,complete,1761262812679,2025-10-23,7,KingTowsk,add,11571,Isaiah Davis,RB,
2025,1287233170059558912,8,free_agent,complete,1761262812679,2025-10-23,7,KingTowsk,drop,12489,RJ Harvey,RB,
2025,1287230000138817536,8,free_agent,complete,1761262056912,2025-10-23,11,Jacktaco98,add,SF,San Francisco 49ers,DEF,
2025,1287230000138817536,8,free_agent,complete,1761262056912,2025-10-23,11,Jacktaco98,drop,CAR,Carolina Panthers,DEF,
2025,1287228847296622592,8,free_agent,complete,1761261782053,2025-10-23,4,jdrobny,add,7839,Evan McPherson,K,
2025,1287228847296622592,8,free_agent,complete,1761261782053,2025-10-23,4,jdrobny,drop,11539,Jake Bates,K,
2025,1287228440897945600,8,free_agent,complete,1761261685160,2025-10-23,11,Jacktaco98,add,17,Matt Prater,K,
2025,1287221116586196992,8,free_agent,complete,1761259938908,2025-10-23,9,brockhusk,drop,KC,Kansas City Chiefs,DEF,
2025,1287209366751023104,8,free_agent,complete,1761257137528,2025-10-23,1,bgreenblatt,add,5001,Dalton Schultz,TE,
2025,1287190981870891008,8,free_agent,complete,1761252754231,2025-10-23,4,jdrobny,add,NYJ,New York Jets,DEF,
2025,1287137043301793792,8,waiver,complete,1761239894275,2025-10-23,1,bgreenblatt,add,GB,Green Bay Packers,DEF,0
2025,1287137043301793792,8,waiver,complete,1761239894275,2025-10-23,1,bgreenblatt,drop,CLE,Cleveland Browns,DEF,
2025,1287121359792525312,8,free_agent,complete,1761236155034,2025-10-23,4,jdrobny,drop,CHI,Chicago Bears,DEF,
2025,1287092378645057536,8,waiver,failed,1761229245391,2025-10-23,6,JSanDusky69,add,7591,Justin Fields,QB,4
2025,1287087010263097344,8,waiver,failed,1761227965468,2025-10-23,1,bgreenblatt,add,2307,Marcus Mariota,QB,0
2025,1287087010263097344,8,waiver,failed,1761227965468,2025-10-23,1,bgreenblatt,drop,11565,J.J. McCarthy,QB,
2025,1286946921017020416,8,waiver,complete,1761194565590,2025-10-22,3,MaxSirianni,add,12455,Brashard Smith,RB,5
2025,1286924170063519744,8,waiver,complete,1761189141340,2025-10-22,6,JSanDusky69,add,8148,Jameson Williams,WR,1
2025,1286924170063519744,8,waiver,complete,1761189141340,2025-10-22,6,JSanDusky69,drop,LAR,Los Angeles Rams,DEF,
2025,1286856342350368768,8,waiver,failed,1761172969952,2025-10-22,2,Erjohnson14,add,8148,Jameson Williams,WR,0
2025,1286856342350368768,8,waiver,failed,1761172969952,2025-10-22,2,Erjohnson14,drop,SEA,Seattle Seahawks,DEF,
2025,1286856240223236096,8,waiver,complete,1761172945604,2025-10-22,2,Erjohnson14,add,2307,Marcus Mariota,QB,0
2025,1286770035183845376,8,waiver,complete,1761152392720,2025-10-22,6,JSanDusky69,add,8132,Tyler Allgeier,RB,0
2025,1286769833127460864,8,free_agent,complete,1761152344547,2025-10-22,6,JSanDusky69,drop,2505,Darren Waller,TE,
2025,1286757860641865728,8,waiver,complete,1761149490084,2025-10-22,5,charliekaufmann,add,3678,Wil Lutz,K,0
2025,1286757291739070464,8,free_agent,complete,1761149354446,2025-10-22,5,charliekaufmann,drop,2747,Jason Myers,K,
2025,1291655779220193280,9,waiver,complete,1762317244871,2025-11-04,9,brockhusk,add,6130,Devin Singletary,RB,11
2025,1291655779220193280,9,waiver,complete,1762317244871,2025-11-04,9,brockhusk,drop,7090,Darnell Mooney,WR,
2025,1291655365242400768,9,waiver,complete,1762317146172,2025-11-04,9,brockhusk,add,6650,Chase McLaughlin,K,4
2025,1291655365242400768,9,waiver,complete,1762317146172,2025-11-04,9,brockhusk,drop,4227,Harrison Butker,K,
2025,1291655221562310656,9,waiver,failed,1762317111915,2025-11-04,9,brockhusk,add,11565,J.J. McCarthy,QB,16
2025,1291655221562310656,9,waiver,failed,1762317111915,2025-11-04,9,brockhusk,drop,4144,Jonnu Smith,TE,
2025,1291651021101096960,9,free_agent,complete,1762316110447,2025-11-04,4,jdrobny,drop,7607,Michael Carter,RB,
2025,1291572146622988288,9,waiver,failed,1762297305306,2025-11-04,2,Erjohnson14,add,2307,Marcus Mariota,QB,25
2025,1291572146622988288,9,waiver,failed,1762297305306,2025-11-04,2,Erjohnson14,drop,DET,Detroit Lions,DEF,
2025,1291572106009509888,9,waiver,complete,1762297295623,2025-11-04,2,Erjohnson14,add,11565,J.J. McCarthy,QB,60
2025,1291572106009509888,9,waiver,complete,1762297295623,2025-11-04,2,Erjohnson14,drop,DET,Detroit Lions,DEF,
2025,1291548950796460032,9,waiver,failed,1762291774991,2025-11-04,7,KingTowsk,add,3451,Ka'imi Fairbairn,K,0
2025,1291548950796460032,9,waiver,failed,1762291774991,2025-11-04,7,KingTowsk,drop,11789,Joshua Karty,K,
2025,1291548634646609920,9,waiver,failed,1762291699615,2025-11-04,7,KingTowsk,add,NYJ,New York Jets,DEF,0
2025,1291548634646609920,9,waiver,failed,1762291699615,2025-11-04,7,KingTowsk,drop,JAX,Jacksonville Jaguars,DEF,
2025,1291548556418646016,9,waiver,failed,1762291680964,2025-11-04,7,KingTowsk,add,CAR,Carolina Panthers,DEF,0
2025,1291548556418646016,9,waiver,failed,1762291680964,2025-11-04,7,KingTowsk,drop,JAX,Jacksonville Jaguars,DEF,
2025,1291548526777491456,9,waiver,complete,1762291673897,2025-11-04,7,KingTowsk,add,BAL,Baltimore Ravens,DEF,0
2025,1291548526777491456,9,waiver,complete,1762291673897,2025-11-04,7,KingTowsk,drop,JAX,Jacksonville Jaguars,DEF,
2025,1291548511958999040,9,waiver,failed,1762291670363,2025-11-04,7,KingTowsk,add,BAL,Baltimore Ravens,DEF,8
2025,1291548511958999040,9,waiver,failed,1762291670363,2025-11-04,7,KingTowsk,drop,JAX,Jacksonville Jaguars,DEF,
2025,1291548299458772992,9,waiver,failed,1762291619699,2025-11-04,7,KingTowsk,add,9481,Luke Musgrave,TE,0
2025,1291548299458772992,9,waiver,failed,1762291619699,2025-11-04,7,KingTowsk,drop,12501,Matthew Golden,WR,
2025,1291547925062639616,9,waiver,failed,1762291530436,2025-11-04,7,KingTowsk,add,11565,J.J. McCarthy,QB,16
2025,1291547925062639616,9,waiver,failed,1762291530436,2025-11-04,7,KingTowsk,drop,11435,Emanuel Wilson,RB,
2025,1291547880682708992,9,waiver,complete,1762291519855,2025-11-04,7,KingTowsk,add,2307,Marcus Mariota,QB,16
2025,1291547880682708992,9,waiver,complete,1762291519855,2025-11-04,7,KingTowsk,drop,11435,Emanuel Wilson,RB,
2025,1291547756963315712,9,waiver,failed,1762291490359,2025-11-04,7,KingTowsk,add,9481,Luke Musgrave,TE,2
2025,1291547756963315712,9,waiver,failed,1762291490359,2025-11-04,7,KingTowsk,drop,12501,Matthew Golden,WR,
2025,1291492476539908096,9,waiver,complete,1762278310479,2025-11-04,3,MaxSirianni,add,9481,Luke Musgrave,TE,2
2025,1291492476539908096,9,waiver,complete,1762278310479,2025-11-04,3,MaxSirianni,drop,2747,Jason Myers,K,
2025,1291449896297062400,9,waiver,complete,1762268158558,2025-11-04,6,JSanDusky69,add,CAR,Carolina Panthers,DEF,1
2025,1291449896297062400,9,waiver,complete,1762268158558,2025-11-04,6,JSanDusky69,drop,8122,Zonovan Knight,RB,
2025,1291422348628484096,9,waiver,complete,1762261590682,2025-11-04,1,bgreenblatt,add,3451,Ka'imi Fairbairn,K,0
2025,1291422348628484096,9,waiver,complete,1762261590682,2025-11-04,1,bgreenblatt,drop,LAR,Los Angeles Rams,DEF,
2025,1291422144747565056,9,waiver,failed,1762261542073,2025-11-04,1,bgreenblatt,add,6650,Chase McLaughlin,K,0
2025,1291422144747565056,9,waiver,failed,1762261542073,2025-11-04,1,bgreenblatt,drop,LAR,Los Angeles Rams,DEF,
2025,1290861925718061057,9,free_agent,complete,1762127975447,2025-11-02,8,TylerWicks,add,12497,Tory Horton,WR,
2025,1290796358948634624,9,free_agent,complete,1762112343111,2025-11-02,9,brockhusk,add,9487,Parker Washington,WR,
2025,1290796358948634624,9,free_agent,complete,1762112343111,2025-11-02,9,brockhusk,drop,11562,Spencer Rattler,QB,
2025,1290767402346246144,9,free_agent,complete,1762105439320,2025-11-02,7,KingTowsk,add,11789,Joshua Karty,K,
2025,1290767402346246144,9,free_agent,complete,1762105439320,2025-11-02,7,KingTowsk,drop,12476,Devin Neal,RB,
2025,1290760825572712448,9,free_agent,complete,1762103871295,2025-11-02,5,charliekaufmann,add,7527,Mac Jones,QB,
2025,1290477293029822464,9,waiver,complete,1762036271869,2025-11-01,4,jdrobny,add,7607,Michael Carter,RB,0
2025,1290477293029822464,9,waiver,complete,1762036271869,2025-11-01,4,jdrobny,drop,12412,Terrell Jennings,RB,
2025,1290391253581598720,9,waiver,failed,1762015758465,2025-11-01,9,brockhusk,add,3257,Jacoby Brissett,QB,1
2025,1290391253581598720,9,waiver,failed,1762015758465,2025-11-01,9,brockhusk,drop,11562,Spencer Rattler,QB,
2025,1290387113925148672,9,waiver,failed,1762014771495,2025-11-01,7,KingTowsk,add,3257,Jacoby Brissett,QB,2
2025,1290387113925148672,9,waiver,failed,1762014771495,2025-11-01,7,KingTowsk,drop,12476,Devin Neal,RB,
2025,1290382219856072704,9,waiver,complete,1762013604658,2025-11-01,1,bgreenblatt,add,3257,Jacoby Brissett,QB,5
2025,1290382219856072704,9,waiver,complete,1762013604658,2025-11-01,1,bgreenblatt,drop,11565,J.J. McCarthy,QB,
2025,1290205408090165248,9,waiver,complete,1761971449447,2025-10-31,11,Jacktaco98,add,4177,Mack Hollins,WR,1
2025,1290047810342764544,9,waiver,complete,1761933875216,2025-10-31,4,jdrobny,add,LV,Las Vegas Raiders,DEF,0
2025,1290047720735645696,9,waiver,complete,1761933853852,2025-10-31,4,jdrobny,add,12412,Terrell Jennings,RB,0
2025,1289819794727501824,9,free_agent,complete,1761879512057,2025-10-30,11,Jacktaco98,drop,8125,Calvin Austin,WR,
2025,1289779867608416256,9,free_agent,complete,1761869992691,2025-10-30,12,akepple9,add,CHI,Chicago Bears,DEF,
2025,1289779867608416256,9,free_agent,complete,1761869992691,2025-10-30,12,akepple9,drop,BAL,Baltimore Ravens,DEF,
2025,1289655658739687424,9,trade,complete,1761840378988,2025-10-30,5,charliekaufmann,add,GB,Green Bay Packers,DEF,
2025,1289655658739687424,9,trade,complete,1761840378988,2025-10-30,1,bgreenblatt,add,LAR,Los Angeles Rams,DEF,
2025,1289655658739687424,9,trade,complete,1761840378988,2025-10-30,1,bgreenblatt,drop,GB,Green Bay Packers,DEF,
2025,1289655658739687424,9,trade,complete,1761840378988,2025-10-30,5,charliekaufmann,drop,LAR,Los Angeles Rams,DEF,
2025,1289655537071296512,9,waiver,complete,1761840349981,2025-10-30,2,Erjohnson14,add,5844,T.J. Hockenson,TE,0
2025,1289655537071296512,9,waiver,complete,1761840349981,2025-10-30,2,Erjohnson14,drop,7002,Juwan Johnson,TE,
2025,1289612462575882240,9,waiver,complete,1761830080221,2025-10-30,12,akepple9,add,BAL,Baltimore Ravens,DEF,0
2025,1289612462575882240,9,waiver,complete,1761830080221,2025-10-30,12,akepple9,drop,PHI,Philadelphia Eagles,DEF,
2025,1289465800784093184,9,waiver,complete,1761795113325,2025-10-29,2,Erjohnson14,add,7002,Juwan Johnson,TE,1
2025,1289465683637211136,9,free_agent,complete,1761795085394,2025-10-29,2,Erjohnson14,drop,12499,Elic Ayomanor,WR,
2025,1289454783123443712,9,trade,complete,1761792486510,2025-10-29,2,Erjohnson14,add,7049,Jauan Jennings,WR,
2025,1289454783123443712,9,trade,complete,1761792486510,2025-10-29,4,jdrobny,add,7611,Rhamondre Stevenson,RB,
2025,1289454783123443712,9,trade,complete,1761792486510,2025-10-29,4,jdrobny,drop,7049,Jauan Jennings,WR,
2025,1289454783123443712,9,trade,complete,1761792486510,2025-10-29,2,Erjohnson14,drop,7611,Rhamondre Stevenson,RB,
2025,1289298635292422144,9,trade,complete,1761755257965,2025-10-29,2,Erjohnson14,add,11627,Troy Franklin,WR,
2025,1289298635292422144,9,trade,complete,1761755257965,2025-10-29,7,KingTowsk,add,4098,Kareem Hunt,RB,
2025,1289298635292422144,9,trade,complete,1761755257965,2025-10-29,7,KingTowsk,drop,11627,Troy Franklin,WR,
2025,1289298635292422144,9,trade,complete,1761755257965,2025-10-29,2,Erjohnson14,drop,4098,Kareem Hunt,RB,
2025,1289298100401225728,9,waiver,complete,1761755130437,2025-10-29,1,bgreenblatt,add,CLE,Cleveland Browns,DEF,0
2025,1289298100401225728,9,waiver,complete,1761755130437,2025-10-29,1,bgreenblatt,drop,5001,Dalton Schultz,TE,
2025,1289279154876874752,9,waiver,complete,1761750613473,2025-10-29,12,akepple9,add,11597,Theo Johnson,TE,5
2025,1289274671014887424,9,waiver,complete,1761749544436,2025-10-29,2,Erjohnson14,add,4098,Kareem Hunt,RB,6
2025,1289264130942865408,9,waiver,complete,1761747031488,2025-10-29,1,bgreenblatt,add,12490,Bhayshul Tuten,RB,0
2025,1289264028996104192,9,free_agent,complete,1761747007182,2025-10-29,1,bgreenblatt,drop,1166,Kirk Cousins,QB,
2025,1289261053988859904,9,free_agent,complete,1761746297884,2025-10-29,2,Erjohnson14,drop,2307,Marcus Mariota,QB,
2025,1289256432381755392,9,waiver,complete,1761745196008,2025-10-29,10,cc5597,add,11539,Jake Bates,K,2
2025,1289256432381755392,9,waiver,complete,1761745196008,2025-10-29,10,cc5597,drop,6650,Chase McLaughlin,K,
2025,1294179086549139456,10,waiver,failed,1762918848220,2025-11-11,2,Erjohnson14,add,5001,Dalton Schultz,TE,0
2025,1294179086549139456,10,waiver,failed,1762918848220,2025-11-11,2,Erjohnson14,drop,5844,T.J. Hockenson,TE,
2025,1294049772079951872,10,waiver,complete,1762888017248,2025-11-11,7,KingTowsk,add,12486,Dillon Gabriel,QB,0
2025,1294049772079951872,10,waiver,complete,1762888017248,2025-11-11,7,KingTowsk,drop,11571,Isaiah Davis,RB,
2025,1294049326787469312,10,waiver,complete,1762887911082,2025-11-11,7,KingTowsk,add,11199,Emari Demercado,RB,0
2025,1294049326787469312,10,waiver,complete,1762887911082,2025-11-11,7,KingTowsk,drop,11435,Emanuel Wilson,RB,
2025,1294049137586622464,10,waiver,failed,1762887865973,2025-11-11,6,JSanDusky69,add,5927,Terry McLaurin,WR,1
2025,1294048761382707200,10,free_agent,complete,1762887776278,2025-11-11,6,JSanDusky69,drop,CAR,Carolina Panthers,DEF,
2025,1293993544473661440,10,waiver,complete,1762874611541,2025-11-11,1,bgreenblatt,add,KC,Kansas City Chiefs,DEF,5
2025,1293993544473661440,10,waiver,complete,1762874611541,2025-11-11,1,bgreenblatt,drop,CLE,Cleveland Browns,DEF,
2025,1293987038244143104,10,waiver,complete,1762873060336,2025-11-11,9,brockhusk,add,PIT,Pittsburgh Steelers,DEF,3
2025,1293987038244143104,10,waiver,complete,1762873060336,2025-11-11,9,brockhusk,drop,4144,Jonnu Smith,TE,
2025,1293986510088990720,10,waiver,failed,1762872934414,2025-11-11,10,cc5597,add,3451,Ka'imi Fairbairn,K,0
2025,1293986510088990720,10,waiver,failed,1762872934414,2025-11-11,10,cc5597,drop,5230,Michael Badgley,K,
2025,1293986429721927680,10,waiver,complete,1762872915253,2025-11-11,10,cc5597,add,11539,Jake Bates,K,0
2025,1293986429721927680,10,waiver,complete,1762872915253,2025-11-11,10,cc5597,drop,5230,Michael Badgley,K,
2025,1293985667327467520,10,waiver,failed,1762872733484,2025-11-11,3,MaxSirianni,add,6783,Jerry Jeudy,WR,3
2025,1293985667327467520,10,waiver,failed,1762872733484,2025-11-11,3,MaxSirianni,drop,12455,Brashard Smith,RB,
2025,1293967885772783616,10,free_agent,complete,1762868494030,2025-11-11,5,charliekaufmann,drop,6271,Olamide Zaccheaus,WR,
2025,1293851881981870080,10,waiver,complete,1762840836571,2025-11-11,1,bgreenblatt,add,11586,Blake Corum,RB,0
2025,1293851881981870080,10,waiver,complete,1762840836571,2025-11-11,1,bgreenblatt,drop,2747,Jason Myers,K,
2025,1293725628381532160,10,waiver,failed,1762810735367,2025-11-10,6,JSanDusky69,add,11786,Cam Little,K,0
2025,1293725628381532160,10,waiver,failed,1762810735367,2025-11-10,6,JSanDusky69,drop,11792,Will Reichard,K,
2025,1293725362118742016,10,waiver,complete,1762810671885,2025-11-10,6,JSanDusky69,add,5095,Daniel Carlson,K,0
2025,1293725362118742016,10,waiver,complete,1762810671885,2025-11-10,6,JSanDusky69,drop,11792,Will Reichard,K,
2025,1293724948476473344,10,waiver,failed,1762810573265,2025-11-10,6,JSanDusky69,add,5001,Dalton Schultz,TE,4
2025,1293724948476473344,10,waiver,failed,1762810573265,2025-11-10,6,JSanDusky69,drop,5189,Eddy Pineiro,K,
2025,1293444821704265728,10,waiver,complete,1762743785838,2025-11-09,1,bgreenblatt,add,8132,Tyler Allgeier,RB,0
2025,1293444821704265728,10,waiver,complete,1762743785838,2025-11-09,1,bgreenblatt,drop,12490,Bhayshul Tuten,RB,
2025,1293421467500810240,10,waiver,failed,1762738217763,2025-11-09,1,bgreenblatt,add,PIT,Pittsburgh Steelers,DEF,0
2025,1293421467500810240,10,waiver,failed,1762738217763,2025-11-09,1,bgreenblatt,drop,CLE,Cleveland Browns,DEF,
2025,1293396331582222336,10,free_agent,complete,1762732224892,2025-11-09,7,KingTowsk,add,11435,Emanuel Wilson,RB,
2025,1293396331582222336,10,free_agent,complete,1762732224892,2025-11-09,7,KingTowsk,drop,11575,Ray Davis,RB,
2025,1293254989086466048,10,waiver,complete,1762698526216,2025-11-09,5,charliekaufmann,add,6271,Olamide Zaccheaus,WR,3
2025,1293254989086466048,10,waiver,complete,1762698526216,2025-11-09,5,charliekaufmann,drop,5927,Terry McLaurin,WR,
2025,1293167980779155456,10,waiver,complete,1762677781819,2025-11-09,12,akepple9,add,BUF,Buffalo Bills,DEF,5
2025,1293167980779155456,10,waiver,complete,1762677781819,2025-11-09,12,akepple9,drop,JAX,Jacksonville Jaguars,DEF,
2025,1292315920168935424,10,waiver,failed,1762474634739,2025-11-06,4,jdrobny,add,JAX,Jacksonville Jaguars,DEF,0
2025,1292315920168935424,10,waiver,failed,1762474634739,2025-11-06,4,jdrobny,drop,LV,Las Vegas Raiders,DEF,
2025,1292315833187438592,10,free_agent,complete,1762474614000,2025-11-06,4,jdrobny,add,1433,Brandon McManus,K,
2025,1292213397944799232,10,waiver,complete,1762450191536,2025-11-06,12,akepple9,add,JAX,Jacksonville Jaguars,DEF,0
2025,1292213397944799232,10,waiver,complete,1762450191536,2025-11-06,12,akepple9,drop,CHI,Chicago Bears,DEF,
2025,1292207787601850368,10,waiver,complete,1762448853925,2025-11-06,1,bgreenblatt,add,2747,Jason Myers,K,0
2025,1292207787601850368,10,waiver,complete,1762448853925,2025-11-06,1,bgreenblatt,drop,3451,Ka'imi Fairbairn,K,
2025,1292207281802317824,10,free_agent,complete,1762448733334,2025-11-06,7,KingTowsk,add,2020,Cairo Santos,K,
2025,1292207281802317824,10,free_agent,complete,1762448733334,2025-11-06,7,KingTowsk,drop,11789,Joshua Karty,K,
2025,1292158840472633344,10,waiver,complete,1762437184021,2025-11-06,11,Jacktaco98,add,NYJ,New York Jets,DEF,1
2025,1292158840472633344,10,waiver,complete,1762437184021,2025-11-06,11,Jacktaco98,drop,SF,San Francisco 49ers,DEF,
2025,1292021732818849792,10,waiver,complete,1762404495009,2025-11-05,10,cc5597,add,5230,Michael Badgley,K,0
2025,1292021732818849792,10,waiver,complete,1762404495009,2025-11-05,10,cc5597,drop,11539,Jake Bates,K,
2025,1292021482955755520,10,waiver,complete,1762404435437,2025-11-05,10,cc5597,add,7527,Mac Jones,QB,1
2025,1292021482955755520,10,waiver,complete,1762404435437,2025-11-05,10,cc5597,drop,12545,Tyler Shough,QB,
2025,1291977697764868096,10,waiver,complete,1762393996233,2025-11-05,7,KingTowsk,add,11575,Ray Davis,RB,0
2025,1291977697764868096,10,waiver,complete,1762393996233,2025-11-05,7,KingTowsk,drop,12501,Matthew Golden,WR,
2025,1291940205284065280,10,waiver,failed,1762385057330,2025-11-05,1,bgreenblatt,add,5230,Michael Badgley,K,0
2025,1291940205284065280,10,waiver,failed,1762385057330,2025-11-05,1,bgreenblatt,drop,3451,Ka'imi Fairbairn,K,
2025,1291899893169786880,10,waiver,complete,1762375446173,2025-11-05,8,TylerWicks,add,7585,Davis Mills,QB,5
2025,1291850516539654144,10,waiver,failed,1762363673867,2025-11-05,6,JSanDusky69,add,2747,Jason Myers,K,1
2025,1291850345986662400,10,waiver,complete,1762363633204,2025-11-05,6,JSanDusky69,add,11792,Will Reichard,K,0
2025,1291849078035996672,10,free_agent,complete,1762363330901,2025-11-05,6,JSanDusky69,drop,LAC,Los Angeles Chargers,DEF,
2025,1291848324353130496,10,waiver,failed,1762363151208,2025-11-05,12,akepple9,add,NYJ,New York Jets,DEF,0
2025,1291848324353130496,10,waiver,failed,1762363151208,2025-11-05,12,akepple9,drop,CHI,Chicago Bears,DEF,
2025,1291820426602762240,10,free_agent,complete,1762356499866,2025-11-05,8,TylerWicks,drop,BUF,Buffalo Bills,DEF,
2025,1291814726661083136,10,waiver,complete,1762355140895,2025-11-05,8,TylerWicks,add,8142,Alec Pierce,WR,18
2025,1291814569362083840,10,waiver,failed,1762355103391,2025-11-05,8,TylerWicks,add,11565,J.J. McCarthy,QB,45
2025,1291814480065335296,10,free_agent,complete,1762355082101,2025-11-05,8,TylerWicks,drop,9494,Marvin Mims,WR,
2025,1291775255634788352,10,waiver,failed,1762345730269,2025-11-05,5,charliekaufmann,add,CAR,Carolina Panthers,DEF,0
2025,1291774822069567488,10,waiver,failed,1762345626898,2025-11-05,5,charliekaufmann,add,9481,Luke Musgrave,TE,0
2025,1291774569593475072,10,waiver,complete,1762345566704,2025-11-05,5,charliekaufmann,add,12517,Colston Loveland,TE,9
2025,1291774073654763520,10,free_agent,complete,1762345448462,2025-11-05,5,charliekaufmann,drop,7527,Mac Jones,QB,
2025,1296725107770679296,11,waiver,failed,1763525866982,2025-11-18,2,Erjohnson14,add,11435,Emanuel Wilson,RB,6
2025,1296725107770679296,11,waiver,failed,1763525866982,2025-11-18,2,Erjohnson14,drop,8111,Cade Otton,TE,
2025,1296693406835163136,11,waiver,failed,1763518308889,2025-11-18,2,Erjohnson14,add,7002,Juwan Johnson,TE,0
2025,1296693406835163136,11,waiver,failed,1763518308889,2025-11-18,2,Erjohnson14,drop,8111,Cade Otton,TE,
2025,1296577234814894080,11,waiver,complete,1763490611322,2025-11-18,6,JSanDusky69,add,1166,Kirk Cousins,QB,22
2025,1296577024277610496,11,waiver,failed,1763490561126,2025-11-18,6,JSanDusky69,add,12524,Shedeur Sanders,QB,19
2025,1296576188235403264,11,waiver,complete,1763490361798,2025-11-18,6,JSanDusky69,add,2020,Cairo Santos,K,0
2025,1296576065040322560,11,free_agent,complete,1763490332425,2025-11-18,6,JSanDusky69,drop,5189,Eddy Pineiro,K,
2025,1296575400314433536,11,free_agent,complete,1763490173943,2025-11-18,6,JSanDusky69,drop,7591,Justin Fields,QB,
2025,1296573387837026304,11,waiver,failed,1763489694130,2025-11-18,7,KingTowsk,add,1166,Kirk Cousins,QB,0
2025,1296573387837026304,11,waiver,failed,1763489694130,2025-11-18,7,KingTowsk,drop,2306,Jameis Winston,QB,
2025,1296573233532764160,11,waiver,failed,1763489657342,2025-11-18,7,KingTowsk,add,LV,Las Vegas Raiders,DEF,0
2025,1296573233532764160,11,waiver,failed,1763489657342,2025-11-18,7,KingTowsk,drop,2306,Jameis Winston,QB,
2025,1296573210166296576,11,waiver,failed,1763489651771,2025-11-18,7,KingTowsk,add,LV,Las Vegas Raiders,DEF,0
2025,1296573210166296576,11,waiver,failed,1763489651771,2025-11-18,7,KingTowsk,drop,11199,Emari Demercado,RB,
2025,1296572860688535552,11,waiver,failed,1763489568449,2025-11-18,7,KingTowsk,add,CLE,Cleveland Browns,DEF,0
2025,1296572860688535552,11,waiver,failed,1763489568449,2025-11-18,7,KingTowsk,drop,2306,Jameis Winston,QB,
2025,1296572836483182592,11,waiver,failed,1763489562678,2025-11-18,7,KingTowsk,add,CLE,Cleveland Browns,DEF,0
2025,1296572836483182592,11,waiver,failed,1763489562678,2025-11-18,7,KingTowsk,drop,11199,Emari Demercado,RB,
2025,1296568894315565056,11,waiver,failed,1763488622791,2025-11-18,7,KingTowsk,add,12545,Tyler Shough,QB,0
2025,1296568894315565056,11,waiver,failed,1763488622791,2025-11-18,7,KingTowsk,drop,2306,Jameis Winston,QB,
2025,1296568865152565248,11,waiver,failed,1763488615839,2025-11-18,7,KingTowsk,add,827,Tyrod Taylor,QB,0
2025,1296568865152565248,11,waiver,failed,1763488615839,2025-11-18,7,KingTowsk,drop,2306,Jameis Winston,QB,
2025,1296568777827176448,11,waiver,complete,1763488595019,2025-11-18,7,KingTowsk,add,4972,Mason Rudolph,QB,0
2025,1296568777827176448,11,waiver,complete,1763488595019,2025-11-18,7,KingTowsk,drop,2306,Jameis Winston,QB,
2025,1296562943923593216,11,waiver,failed,1763487204107,2025-11-18,7,KingTowsk,add,12490,Bhayshul Tuten,RB,0
2025,1296562943923593216,11,waiver,failed,1763487204107,2025-11-18,7,KingTowsk,drop,11199,Emari Demercado,RB,
2025,1296562903431798784,11,waiver,failed,1763487194454,2025-11-18,7,KingTowsk,add,11435,Emanuel Wilson,RB,0
2025,1296562903431798784,11,waiver,failed,1763487194454,2025-11-18,7,KingTowsk,drop,11199,Emari Demercado,RB,
2025,1296485573262868480,11,waiver,failed,1763468757504,2025-11-18,3,MaxSirianni,add,11435,Emanuel Wilson,RB,7
2025,1296485573262868480,11,waiver,failed,1763468757504,2025-11-18,3,MaxSirianni,drop,12455,Brashard Smith,RB,
2025,1296485518682357760,11,waiver,failed,1763468744491,2025-11-18,3,MaxSirianni,add,1166,Kirk Cousins,QB,21
2025,1296485518682357760,11,waiver,failed,1763468744491,2025-11-18,3,MaxSirianni,drop,9481,Luke Musgrave,TE,
2025,1296357264151576576,11,waiver,failed,1763438166229,2025-11-17,1,bgreenblatt,add,10219,Chris Rodriguez,RB,0
2025,1296357264151576576,11,waiver,failed,1763438166229,2025-11-17,1,bgreenblatt,drop,4981,Calvin Ridley,WR,
2025,1296357205095780352,11,waiver,complete,1763438152148,2025-11-17,12,akepple9,add,11786,Cam Little,K,11
2025,1296357205095780352,11,waiver,complete,1763438152148,2025-11-17,12,akepple9,drop,11597,Theo Johnson,TE,
2025,1296356491107786752,11,waiver,complete,1763437981921,2025-11-17,12,akepple9,add,PHI,Philadelphia Eagles,DEF,0
2025,1296356491107786752,11,waiver,complete,1763437981921,2025-11-17,12,akepple9,drop,LAC,Los Angeles Chargers,DEF,
2025,1296264960397041664,11,waiver,complete,1763416159299,2025-11-17,1,bgreenblatt,add,12490,Bhayshul Tuten,RB,20
2025,1296264960397041664,11,waiver,complete,1763416159299,2025-11-17,1,bgreenblatt,drop,5844,T.J. Hockenson,TE,
2025,1296264792608104448,11,waiver,failed,1763416119295,2025-11-17,1,bgreenblatt,add,12484,Jayden Higgins,WR,0
2025,1296264792608104448,11,waiver,failed,1763416119295,2025-11-17,1,bgreenblatt,drop,4981,Calvin Ridley,WR,
2025,1296264693513469952,11,waiver,failed,1763416095669,2025-11-17,1,bgreenblatt,add,11435,Emanuel Wilson,RB,0
2025,1296264693513469952,11,waiver,failed,1763416095669,2025-11-17,1,bgreenblatt,drop,8132,Tyler Allgeier,RB,
2025,1295968608953856000,11,waiver,complete,1763345503609,2025-11-16,1,bgreenblatt,add,12519,Luther Burden,WR,0
2025,1295968608953856000,11,waiver,complete,1763345503609,2025-11-16,1,bgreenblatt,drop,4981,Calvin Ridley,WR,
2025,1295925088083771392,11,waiver,failed,1763335127424,2025-11-16,1,bgreenblatt,add,CLE,Cleveland Browns,DEF,0
2025,1295925088083771392,11,waiver,failed,1763335127424,2025-11-16,1,bgreenblatt,drop,KC,Kansas City Chiefs,DEF,
2025,1295901692834910208,11,waiver,failed,1763329549563,2025-11-16,1,bgreenblatt,add,7090,Darnell Mooney,WR,0
2025,1295901692834910208,11,waiver,failed,1763329549563,2025-11-16,1,bgreenblatt,drop,8132,Tyler Allgeier,RB,
2025,1295834703189786624,11,free_agent,complete,1763313577986,2025-11-16,4,jdrobny,add,BUF,Buffalo Bills,DEF,
2025,1295834703189786624,11,free_agent,complete,1763313577986,2025-11-16,4,jdrobny,drop,LV,Las Vegas Raiders,DEF,
2025,1295834584205783040,11,free_agent,complete,1763313549618,2025-11-16,4,jdrobny,add,9506,Sean Tucker,RB,
2025,1295831157732040704,11,free_agent,complete,1763312732683,2025-11-16,9,brockhusk,add,4144,Jonnu Smith,TE,
2025,1295831157732040704,11,free_agent,complete,1763312732683,2025-11-16,9,brockhusk,drop,7891,Brock Wright,TE,
2025,1295826427811233792,11,waiver,complete,1763311604982,2025-11-16,1,bgreenblatt,add,5844,T.J. Hockenson,TE,0
2025,1295826427811233792,11,waiver,complete,1763311604982,2025-11-16,1,bgreenblatt,drop,11586,Blake Corum,RB,
2025,1295786807539040256,11,waiver,failed,1763302158773,2025-11-16,9,brockhusk,add,4144,Jonnu Smith,TE,0
2025,1295786807539040256,11,waiver,failed,1763302158773,2025-11-16,9,brockhusk,drop,IND,Indianapolis Colts,DEF,
2025,1295786455615946752,11,waiver,complete,1763302074869,2025-11-16,9,brockhusk,add,7891,Brock Wright,TE,2
2025,1295786455615946752,11,waiver,complete,1763302074869,2025-11-16,9,brockhusk,drop,IND,Indianapolis Colts,DEF,
2025,1295554934380462080,11,waiver,complete,1763246875905,2025-11-15,6,JSanDusky69,add,8122,Zonovan Knight,RB,0
2025,1295554387225116673,11,free_agent,complete,1763246745452,2025-11-15,6,JSanDusky69,drop,12511,Will Howard,QB,
2025,1295537008969535488,11,free_agent,complete,1763242602153,2025-11-15,4,jdrobny,drop,6806,J.K. Dobbins,RB,
2025,1295112090767331328,11,waiver,complete,1763141293760,2025-11-14,5,charliekaufmann,add,4227,Harrison Butker,K,0
2025,1295112090767331328,11,waiver,complete,1763141293760,2025-11-14,5,charliekaufmann,drop,3678,Wil Lutz,K,
2025,1295094235745255424,11,waiver,complete,1763137036791,2025-11-14,6,JSanDusky69,add,8125,Calvin Austin,WR,0
2025,1295094235745255424,11,waiver,complete,1763137036791,2025-11-14,6,JSanDusky69,drop,5095,Daniel Carlson,K,
2025,1294849739212218368,11,free_agent,complete,1763078744274,2025-11-13,11,Jacktaco98,add,8180,Jalen Nailor,WR,
2025,1294796950918430720,11,waiver,complete,1763066158565,2025-11-13,7,KingTowsk,add,2747,Jason Myers,K,0
2025,1294796950918430720,11,waiver,complete,1763066158565,2025-11-13,7,KingTowsk,drop,2020,Cairo Santos,K,
2025,1294769483725955072,11,free_agent,complete,1763059609875,2025-11-13,12,akepple9,add,LAC,Los Angeles Chargers,DEF,
2025,1294769483725955072,11,free_agent,complete,1763059609875,2025-11-13,12,akepple9,drop,BUF,Buffalo Bills,DEF,
2025,1294757281879064576,11,free_agent,complete,1763056700729,2025-11-13,2,Erjohnson14,add,8111,Cade Otton,TE,
2025,1294757281879064576,11,free_agent,complete,1763056700729,2025-11-13,2,Erjohnson14,drop,5844,T.J. Hockenson,TE,
2025,1294451475879067648,11,waiver,complete,1762983790897,2025-11-12,7,KingTowsk,add,2306,Jameis Winston,QB,0
2025,1294451475879067648,11,waiver,complete,1762983790897,2025-11-12,7,KingTowsk,drop,12486,Dillon Gabriel,QB,
2025,1294445421459968000,11,waiver,complete,1762982347410,2025-11-12,8,TylerWicks,add,10232,Michael Wilson,WR,2
2025,1294398587098112000,11,waiver,failed,1762971181229,2025-11-12,4,jdrobny,add,ATL,Atlanta Falcons,DEF,0
2025,1294398587098112000,11,waiver,failed,1762971181229,2025-11-12,4,jdrobny,drop,LV,Las Vegas Raiders,DEF,
2025,1294387104477908992,11,waiver,complete,1762968443558,2025-11-12,11,Jacktaco98,add,ATL,Atlanta Falcons,DEF,1
2025,1294387104477908992,11,waiver,complete,1762968443558,2025-11-12,11,Jacktaco98,drop,NYJ,New York Jets,DEF,
2025,1294379130795601920,11,waiver,complete,1762966542485,2025-11-12,11,Jacktaco98,add,6783,Jerry Jeudy,WR,11
2025,1294379130795601920,11,waiver,complete,1762966542485,2025-11-12,11,Jacktaco98,drop,12540,Chimere Dike,WR,
2025,1294378174213279744,11,waiver,complete,1762966314418,2025-11-12,11,Jacktaco98,add,5001,Dalton Schultz,TE,7
2025,1294378174213279744,11,waiver,complete,1762966314418,2025-11-12,11,Jacktaco98,drop,4066,Evan Engram,TE,
2025,1294377846885613568,11,waiver,failed,1762966236377,2025-11-12,7,KingTowsk,add,9506,Sean Tucker,RB,0
2025,1294377846885613568,11,waiver,failed,1762966236377,2025-11-12,7,KingTowsk,drop,11435,Emanuel Wilson,RB,
2025,1294377795769606144,11,waiver,failed,1762966224189,2025-11-12,7,KingTowsk,add,9506,Sean Tucker,RB,0
2025,1294377795769606144,11,waiver,failed,1762966224189,2025-11-12,7,KingTowsk,drop,11571,Isaiah Davis,RB,
2025,1294377787636879360,11,waiver,failed,1762966222250,2025-11-12,11,Jacktaco98,add,PIT,Pittsburgh Steelers,DEF,3
2025,1294377787636879360,11,waiver,failed,1762966222250,2025-11-12,11,Jacktaco98,drop,NYJ,New York Jets,DEF,
2025,1294377443796213760,11,free_agent,complete,1762966140273,2025-11-12,11,Jacktaco98,drop,4147,Samaje Perine,RB,
2025,1294369025857429504,11,waiver,failed,1762964133280,2025-11-12,9,brockhusk,add,ATL,Atlanta Falcons,DEF,0
2025,1294369025857429504,11,waiver,failed,1762964133280,2025-11-12,9,brockhusk,drop,4144,Jonnu Smith,TE,
2025,1294353152111288320,11,waiver,complete,1762960348684,2025-11-12,10,cc5597,add,2216,Mike Evans,WR,0
2025,1294353152111288320,11,waiver,complete,1762960348684,2025-11-12,10,cc5597,drop,7527,Mac Jones,QB,
2025,1294351588785156096,11,waiver,complete,1762959975958,2025-11-12,10,cc5597,add,5927,Terry McLaurin,WR,11
2025,1294351588785156096,11,waiver,complete,1762959975958,2025-11-12,10,cc5597,drop,7594,Chuba Hubbard,RB,
2025,1294348197782646784,11,free_agent,complete,1762959167479,2025-11-12,8,TylerWicks,drop,12530,Travis Hunter,WR,
2025,1299228791335313408,12,waiver,complete,1764122791659,2025-11-25,2,Erjohnson14,add,3451,Ka'imi Fairbairn,K,0
2025,1299228791335313408,12,waiver,complete,1764122791659,2025-11-25,2,Erjohnson14,drop,12711,Tyler Loop,K,
2025,1299075769770704896,12,waiver,complete,1764086308476,2025-11-25,7,KingTowsk,add,827,Tyrod Taylor,QB,0
2025,1299075769770704896,12,waiver,complete,1764086308476,2025-11-25,7,KingTowsk,drop,10226,Andrei Iosivas,WR,
2025,1299075325480701952,12,waiver,failed,1764086202548,2025-11-25,7,KingTowsk,add,12476,Devin Neal,RB,0
2025,1299075129736699904,12,waiver,complete,1764086155880,2025-11-25,7,KingTowsk,add,8147,John Metchie,WR,0
2025,1299075092986212352,12,waiver,failed,1764086147118,2025-11-25,7,KingTowsk,add,9480,Brenton Strange,TE,0
2025,1299074987981824000,12,free_agent,complete,1764086122082,2025-11-25,7,KingTowsk,drop,4972,Mason Rudolph,QB,
2025,1299074941563449344,12,free_agent,complete,1764086111015,2025-11-25,7,KingTowsk,drop,8154,Brian Robinson,RB,
2025,1299074746905817088,12,waiver,failed,1764086064605,2025-11-25,7,KingTowsk,add,NO,New Orleans Saints,DEF,0
2025,1299074746905817088,12,waiver,failed,1764086064605,2025-11-25,7,KingTowsk,drop,BAL,Baltimore Ravens,DEF,
2025,1299074687816441856,12,waiver,failed,1764086050517,2025-11-25,7,KingTowsk,add,MIA,Miami Dolphins,DEF,0
2025,1299074687816441856,12,waiver,failed,1764086050517,2025-11-25,7,KingTowsk,drop,BAL,Baltimore Ravens,DEF,
2025,1299074623450656768,12,waiver,complete,1764086035171,2025-11-25,7,KingTowsk,add,TB,Tampa Bay Buccaneers,DEF,0
2025,1299074623450656768,12,waiver,complete,1764086035171,2025-11-25,7,KingTowsk,drop,BAL,Baltimore Ravens,DEF,
2025,1299074599450857472,12,waiver,failed,1764086029449,2025-11-25,7,KingTowsk,add,LAC,Los Angeles Chargers,DEF,0
2025,1299074599450857472,12,waiver,failed,1764086029449,2025-11-25,7,KingTowsk,drop,BAL,Baltimore Ravens,DEF,
2025,1299068929502638080,12,free_agent,complete,1764084677628,2025-11-25,8,TylerWicks,drop,12545,Tyler Shough,QB,
2025,1298890727257800704,12,waiver,complete,1764042190902,2025-11-24,1,bgreenblatt,add,10219,Chris Rodriguez,RB,0
2025,1298890727257800704,12,waiver,complete,1764042190902,2025-11-24,1,bgreenblatt,drop,GB,Green Bay Packers,DEF,
2025,1298890660673249280,12,waiver,failed,1764042175027,2025-11-24,1,bgreenblatt,add,12476,Devin Neal,RB,0
2025,1298890660673249280,12,waiver,failed,1764042175027,2025-11-24,1,bgreenblatt,drop,4035,Alvin Kamara,RB,
2025,1298537957883392000,12,free_agent,complete,1763958084129,2025-11-23,7,KingTowsk,add,8154,Brian Robinson,RB,
2025,1298537957883392000,12,free_agent,complete,1763958084129,2025-11-23,7,KingTowsk,drop,11586,Blake Corum,RB,
2025,1298448347069173760,12,waiver,complete,1763936719246,2025-11-23,11,Jacktaco98,add,8146,Garrett Wilson,WR,7
2025,1298448347069173760,12,waiver,complete,1763936719246,2025-11-23,11,Jacktaco98,drop,4177,Mack Hollins,WR,
2025,1298442374585815040,12,free_agent,complete,1763935295295,2025-11-23,7,KingTowsk,add,11586,Blake Corum,RB,
2025,1298442374585815040,12,free_agent,complete,1763935295295,2025-11-23,7,KingTowsk,drop,11571,Isaiah Davis,RB,
2025,1298365353889398784,12,waiver,complete,1763916932131,2025-11-23,7,KingTowsk,add,4972,Mason Rudolph,QB,0
2025,1298365353889398784,12,waiver,complete,1763916932131,2025-11-23,7,KingTowsk,drop,827,Tyrod Taylor,QB,
2025,1298362785670909952,12,waiver,complete,1763916319819,2025-11-23,7,KingTowsk,add,11571,Isaiah Davis,RB,0
2025,1298362785670909952,12,waiver,complete,1763916319819,2025-11-23,7,KingTowsk,drop,11199,Emari Demercado,RB,
2025,1298341833952202752,12,waiver,complete,1763911324540,2025-11-23,4,jdrobny,add,2306,Jameis Winston,QB,1
2025,1298341314647064576,12,free_agent,complete,1763911200728,2025-11-23,4,jdrobny,drop,11559,Michael Penix,QB,
2025,1298341262847414272,12,free_agent,complete,1763911188378,2025-11-23,4,jdrobny,drop,8146,Garrett Wilson,WR,
2025,1298341176608292864,12,free_agent,complete,1763911167817,2025-11-23,4,jdrobny,drop,1433,Brandon McManus,K,
2025,1298178219593179136,12,waiver,failed,1763872315837,2025-11-22,1,bgreenblatt,add,LAC,Los Angeles Chargers,DEF,0
2025,1298178219593179136,12,waiver,failed,1763872315837,2025-11-22,1,bgreenblatt,drop,TB,Tampa Bay Buccaneers,DEF,
2025,1298178009634734080,12,waiver,complete,1763872265779,2025-11-22,1,bgreenblatt,add,LAR,Los Angeles Rams,DEF,0
2025,1298178009634734080,12,waiver,complete,1763872265779,2025-11-22,1,bgreenblatt,drop,TB,Tampa Bay Buccaneers,DEF,
2025,1297654151513128960,12,waiver,complete,1763747368271,2025-11-21,6,JSanDusky69,add,9504,Kayshon Boutte,WR,1
2025,1297654151513128960,12,waiver,complete,1763747368271,2025-11-21,6,JSanDusky69,drop,10219,Chris Rodriguez,RB,
2025,1297654089240309760,12,waiver,failed,1763747353424,2025-11-21,6,JSanDusky69,add,8111,Cade Otton,TE,0
2025,1297654089240309760,12,waiver,failed,1763747353424,2025-11-21,6,JSanDusky69,drop,10219,Chris Rodriguez,RB,
2025,1297416566794616832,12,waiver,complete,1763690723660,2025-11-20,11,Jacktaco98,add,8122,Zonovan Knight,RB,6
2025,1297369509992095744,12,waiver,complete,1763679504444,2025-11-20,1,bgreenblatt,add,GB,Green Bay Packers,DEF,0
2025,1297369509992095744,12,waiver,complete,1763679504444,2025-11-20,1,bgreenblatt,drop,NO,New Orleans Saints,DEF,
2025,1297363790077124608,12,free_agent,complete,1763678140709,2025-11-20,1,bgreenblatt,add,TB,Tampa Bay Buccaneers,DEF,
2025,1297363790077124608,12,free_agent,complete,1763678140709,2025-11-20,1,bgreenblatt,drop,8132,Tyler Allgeier,RB,
2025,1297338265015177216,12,free_agent,complete,1763672055061,2025-11-20,2,Erjohnson14,add,SF,San Francisco 49ers,DEF,
2025,1297338265015177216,12,free_agent,complete,1763672055061,2025-11-20,2,Erjohnson14,drop,8111,Cade Otton,TE,
2025,1297271666010767360,12,waiver,complete,1763656176621,2025-11-20,7,KingTowsk,add,827,Tyrod Taylor,QB,0
2025,1297271666010767360,12,waiver,complete,1763656176621,2025-11-20,7,KingTowsk,drop,4972,Mason Rudolph,QB,
2025,1297271444035637248,12,waiver,complete,1763656123698,2025-11-20,7,KingTowsk,add,10226,Andrei Iosivas,WR,0
2025,1297271444035637248,12,waiver,complete,1763656123698,2025-11-20,7,KingTowsk,drop,12533,Jacory Croskey-Merritt,RB,
2025,1296937608890318848,12,free_agent,complete,1763576531197,2025-11-19,3,MaxSirianni,drop,9481,Luke Musgrave,TE,
2025,1296931731378569216,12,waiver,complete,1763575129889,2025-11-19,6,JSanDusky69,add,10219,Chris Rodriguez,RB,0
2025,1296927540438376448,12,waiver,complete,1763574130691,2025-11-19,1,bgreenblatt,add,NO,New Orleans Saints,DEF,0
2025,1296927540438376448,12,waiver,complete,1763574130691,2025-11-19,1,bgreenblatt,drop,KC,Kansas City Chiefs,DEF,
2025,1296922167019057152,12,waiver,complete,1763572849568,2025-11-19,6,JSanDusky69,add,12524,Shedeur Sanders,QB,0
2025,1296922167019057152,12,waiver,complete,1763572849568,2025-11-19,6,JSanDusky69,drop,1373,Geno Smith,QB,
2025,1296919788286672896,12,waiver,failed,1763572282434,2025-11-19,10,cc5597,add,GB,Green Bay Packers,DEF,0
2025,1296919788286672896,12,waiver,failed,1763572282434,2025-11-19,10,cc5597,drop,9508,Tyjae Spears,RB,
2025,1296918824095846400,12,waiver,complete,1763572052552,2025-11-19,10,cc5597,add,DET,Detroit Lions,DEF,0
2025,1296918824095846400,12,waiver,complete,1763572052552,2025-11-19,10,cc5597,drop,9508,Tyjae Spears,RB,
2025,1296918269759864832,12,waiver,failed,1763571920388,2025-11-19,7,KingTowsk,add,8122,Zonovan Knight,RB,0
2025,1296918269759864832,12,waiver,failed,1763571920388,2025-11-19,7,KingTowsk,drop,11199,Emari Demercado,RB,
2025,1296915429905674240,12,waiver,failed,1763571243315,2025-11-19,10,cc5597,add,LV,Las Vegas Raiders,DEF,0
2025,1296915429905674240,12,waiver,failed,1763571243315,2025-11-19,10,cc5597,drop,9508,Tyjae Spears,RB,
2025,1296915360347361280,12,waiver,failed,1763571226731,2025-11-19,10,cc5597,add,CLE,Cleveland Browns,DEF,0
2025,1296915360347361280,12,waiver,failed,1763571226731,2025-11-19,10,cc5597,drop,9508,Tyjae Spears,RB,
2025,1296914221165989888,12,waiver,failed,1763570955129,2025-11-19,10,cc5597,add,11435,Emanuel Wilson,RB,2
2025,1296914221165989888,12,waiver,failed,1763570955129,2025-11-19,10,cc5597,drop,9508,Tyjae Spears,RB,
2025,1296913919067045888,12,free_agent,complete,1763570883103,2025-11-19,6,JSanDusky69,drop,8122,Zonovan Knight,RB,
2025,1296913855074541568,12,waiver,failed,1763570867845,2025-11-19,6,JSanDusky69,add,CLE,Cleveland Browns,DEF,0
2025,1296913804617064448,12,waiver,failed,1763570855815,2025-11-19,6,JSanDusky69,add,11786,Cam Little,K,2
2025,1296913627038613504,12,waiver,complete,1763570813478,2025-11-19,6,JSanDusky69,add,JAX,Jacksonville Jaguars,DEF,3
2025,1296913457089626112,12,free_agent,complete,1763570772958,2025-11-19,6,JSanDusky69,drop,8125,Calvin Austin,WR,
2025,1296910829827948544,12,waiver,failed,1763570146571,2025-11-19,11,Jacktaco98,add,11435,Emanuel Wilson,RB,16
2025,1296910829827948544,12,waiver,failed,1763570146571,2025-11-19,11,Jacktaco98,drop,1339,Zach Ertz,TE,
2025,1296910122022338560,12,waiver,complete,1763569977816,2025-11-19,9,brockhusk,add,LV,Las Vegas Raiders,DEF,5
2025,1296910122022338560,12,waiver,complete,1763569977816,2025-11-19,9,brockhusk,drop,PIT,Pittsburgh Steelers,DEF,
2025,1296909977159491584,12,waiver,complete,1763569943279,2025-11-19,9,brockhusk,add,7002,Juwan Johnson,TE,6
2025,1296909582613884928,12,waiver,complete,1763569849211,2025-11-19,11,Jacktaco98,add,7090,Darnell Mooney,WR,17
2025,1296909582613884928,12,waiver,complete,1763569849211,2025-11-19,11,Jacktaco98,drop,8180,Jalen Nailor,WR,
2025,1296908287849033728,12,free_agent,complete,1763569540516,2025-11-19,11,Jacktaco98,drop,11610,Malik Washington,WR,
2025,1296900535810555904,12,waiver,complete,1763567692286,2025-11-19,8,TylerWicks,add,11435,Emanuel Wilson,RB,20
2025,1296900535810555904,12,waiver,complete,1763567692286,2025-11-19,8,TylerWicks,drop,9504,Kayshon Boutte,WR,
2025,1296900366482276352,12,waiver,complete,1763567651914,2025-11-19,8,TylerWicks,add,12545,Tyler Shough,QB,18
2025,1296900366482276352,12,waiver,complete,1763567651914,2025-11-19,8,TylerWicks,drop,12497,Tory Horton,WR,
2025,1296852231970123776,12,waiver,complete,1763556175753,2025-11-19,5,charliekaufmann,add,CLE,Cleveland Browns,DEF,3
2025,1296852231970123776,12,waiver,complete,1763556175753,2025-11-19,5,charliekaufmann,drop,GB,Green Bay Packers,DEF,
2025,1296852012389892096,12,waiver,failed,1763556123400,2025-11-19,5,charliekaufmann,add,11786,Cam Little,K,0
2025,1296852012389892096,12,waiver,failed,1763556123400,2025-11-19,5,charliekaufmann,drop,4227,Harrison Butker,K,
2025,1301789369706766336,13,waiver,complete,1764733281116,2025-12-02,1,bgreenblatt,add,2505,Darren Waller,TE,0
2025,1301789369706766336,13,waiver,complete,1764733281116,2025-12-02,1,bgreenblatt,drop,6920,Isaiah Hodgins,WR,
2025,1301715504339099648,13,waiver,failed,1764715670241,2025-12-02,7,KingTowsk,add,11603,AJ Barner,TE,0
2025,1301715504339099648,13,waiver,failed,1764715670241,2025-12-02,7,KingTowsk,drop,8111,Cade Otton,TE,
2025,1301715489877135360,13,waiver,complete,1764715666792,2025-12-02,7,KingTowsk,add,11603,AJ Barner,TE,1
2025,1301715489877135360,13,waiver,complete,1764715666792,2025-12-02,7,KingTowsk,drop,8111,Cade Otton,TE,
2025,1301714674496061440,13,waiver,failed,1764715472390,2025-12-02,7,KingTowsk,add,11586,Blake Corum,RB,1
2025,1301714674496061440,13,waiver,failed,1764715472390,2025-12-02,7,KingTowsk,drop,8132,Tyler Allgeier,RB,
2025,1301714582238150656,13,waiver,failed,1764715450395,2025-12-02,7,KingTowsk,add,10219,Chris Rodriguez,RB,1
2025,1301714582238150656,13,waiver,failed,1764715450395,2025-12-02,7,KingTowsk,drop,8132,Tyler Allgeier,RB,
2025,1301714421105590272,13,waiver,complete,1764715411978,2025-12-02,7,KingTowsk,add,PIT,Pittsburgh Steelers,DEF,0
2025,1301714421105590272,13,waiver,complete,1764715411978,2025-12-02,7,KingTowsk,drop,12485,Tez Johnson,WR,
2025,1301667185751527424,13,waiver,failed,1764704150192,2025-12-02,6,JSanDusky69,add,12015,Harrison Mevis,K,0
2025,1301667185751527424,13,waiver,failed,1764704150192,2025-12-02,6,JSanDusky69,drop,2020,Cairo Santos,K,
2025,1301666945065549824,13,waiver,failed,1764704092807,2025-12-02,6,JSanDusky69,add,12711,Tyler Loop,K,0
2025,1301666945065549824,13,waiver,failed,1764704092807,2025-12-02,6,JSanDusky69,drop,2020,Cairo Santos,K,
2025,1301666776639107072,13,waiver,complete,1764704052651,2025-12-02,6,JSanDusky69,add,3678,Wil Lutz,K,0
2025,1301666776639107072,13,waiver,complete,1764704052651,2025-12-02,6,JSanDusky69,drop,2020,Cairo Santos,K,
2025,1301588052195418112,13,waiver,complete,1764685283282,2025-12-02,8,TylerWicks,add,10219,Chris Rodriguez,RB,27
2025,1301585737308712960,13,waiver,failed,1764684731370,2025-12-02,3,MaxSirianni,add,11586,Blake Corum,RB,5
2025,1301585737308712960,13,waiver,failed,1764684731370,2025-12-02,3,MaxSirianni,drop,5970,Greg Dortch,WR,
2025,1301335681473212416,13,waiver,failed,1764625113413,2025-12-01,1,bgreenblatt,add,11625,Adonai Mitchell,WR,0
2025,1301335681473212416,13,waiver,failed,1764625113413,2025-12-01,1,bgreenblatt,drop,12490,Bhayshul Tuten,RB,
2025,1301059355071741952,13,waiver,complete,1764559232065,2025-11-30,1,bgreenblatt,add,7594,Chuba Hubbard,RB,0
2025,1301059355071741952,13,waiver,complete,1764559232065,2025-11-30,1,bgreenblatt,drop,12490,Bhayshul Tuten,RB,
2025,1301059235949326336,13,waiver,failed,1764559203664,2025-11-30,1,bgreenblatt,add,10219,Chris Rodriguez,RB,0
2025,1301059235949326336,13,waiver,failed,1764559203664,2025-11-30,1,bgreenblatt,drop,6920,Isaiah Hodgins,WR,
2025,1301041115964653568,13,waiver,complete,1764554883522,2025-11-30,6,JSanDusky69,add,KC,Kansas City Chiefs,DEF,2
2025,1301041115964653568,13,waiver,complete,1764554883522,2025-11-30,6,JSanDusky69,drop,JAX,Jacksonville Jaguars,DEF,
2025,1300902149386948608,13,waiver,failed,1764521751308,2025-11-30,7,KingTowsk,add,11586,Blake Corum,RB,0
2025,1300902149386948608,13,waiver,failed,1764521751308,2025-11-30,7,KingTowsk,drop,6149,Darius Slayton,WR,
2025,1300902073503596544,13,waiver,complete,1764521733216,2025-11-30,7,KingTowsk,add,8132,Tyler Allgeier,RB,0
2025,1300902073503596544,13,waiver,complete,1764521733216,2025-11-30,7,KingTowsk,drop,6149,Darius Slayton,WR,
2025,1300901910051557376,13,waiver,complete,1764521694247,2025-11-30,1,bgreenblatt,add,6920,Isaiah Hodgins,WR,0
2025,1300901910051557376,13,waiver,complete,1764521694247,2025-11-30,1,bgreenblatt,drop,10219,Chris Rodriguez,RB,
2025,1299817481463922688,13,free_agent,complete,1764263146324,2025-11-27,4,jdrobny,add,IND,Indianapolis Colts,DEF,
2025,1299814747310428160,13,waiver,complete,1764262494451,2025-11-27,9,brockhusk,add,MIA,Miami Dolphins,DEF,0
2025,1299814747310428160,13,waiver,complete,1764262494451,2025-11-27,9,brockhusk,drop,LV,Las Vegas Raiders,DEF,
2025,1299549049883480064,13,waiver,complete,1764199147248,2025-11-26,10,cc5597,add,12484,Jayden Higgins,WR,0
2025,1299549049883480064,13,waiver,complete,1764199147248,2025-11-26,10,cc5597,drop,DET,Detroit Lions,DEF,
2025,1299535038169219072,13,waiver,complete,1764195806595,2025-11-26,7,KingTowsk,add,8111,Cade Otton,TE,0
2025,1299505649406713856,13,trade,complete,1764188799767,2025-11-26,7,KingTowsk,add,10236,Dalton Kincaid,TE,
2025,1299505649406713856,13,trade,complete,1764188799767,2025-11-26,10,cc5597,add,11604,Brock Bowers,TE,
2025,1299505649406713856,13,trade,complete,1764188799767,2025-11-26,10,cc5597,add,2307,Marcus Mariota,QB,
2025,1299505649406713856,13,trade,complete,1764188799767,2025-11-26,7,KingTowsk,add,6770,Joe Burrow,QB,
2025,1299505649406713856,13,trade,complete,1764188799767,2025-11-26,7,KingTowsk,add,6786,CeeDee Lamb,WR,
2025,1299505649406713856,13,trade,complete,1764188799767,2025-11-26,10,cc5597,add,9488,Jaxon Smith-Njigba,WR,
2025,1299505649406713856,13,trade,complete,1764188799767,2025-11-26,10,cc5597,drop,10236,Dalton Kincaid,TE,
2025,1299505649406713856,13,trade,complete,1764188799767,2025-11-26,7,KingTowsk,drop,11604,Brock Bowers,TE,
2025,1299505649406713856,13,trade,complete,1764188799767,2025-11-26,7,KingTowsk,drop,2307,Marcus Mariota,QB,
2025,1299505649406713856,13,trade,complete,1764188799767,2025-11-26,10,cc5597,drop,6770,Joe Burrow,QB,
2025,1299505649406713856,13,trade,complete,1764188799767,2025-11-26,10,cc5597,drop,6786,CeeDee Lamb,WR,
2025,1299505649406713856,13,trade,complete,1764188799767,2025-11-26,7,KingTowsk,drop,9488,Jaxon Smith-Njigba,WR,
2025,1299457214062301184,13,waiver,failed,1764177251881,2025-11-26,1,bgreenblatt,add,12484,Jayden Higgins,WR,0
2025,1299457214062301184,13,waiver,failed,1764177251881,2025-11-26,1,bgreenblatt,drop,4035,Alvin Kamara,RB,
2025,1299421303073161216,13,waiver,complete,1764168690035,2025-11-26,2,Erjohnson14,add,9480,Brenton Strange,TE,3
2025,1299420909110558720,13,free_agent,complete,1764168596106,2025-11-26,2,Erjohnson14,drop,11565,J.J. McCarthy,QB,
2025,1299416840358875136,13,waiver,complete,1764167626041,2025-11-26,3,MaxSirianni,add,LAC,Los Angeles Chargers,DEF,2
2025,1299416840358875136,13,waiver,complete,1764167626041,2025-11-26,3,MaxSirianni,drop,MIN,Minnesota Vikings,DEF,
2025,1299416669520683008,13,waiver,complete,1764167585309,2025-11-26,3,MaxSirianni,add,5970,Greg Dortch,WR,0
2025,1299416669520683008,13,waiver,complete,1764167585309,2025-11-26,3,MaxSirianni,drop,12455,Brashard Smith,RB,
2025,1299388564978548736,13,waiver,failed,1764160884664,2025-11-26,5,charliekaufmann,add,8146,Garrett Wilson,WR,0
2025,1299387689669267456,13,waiver,complete,1764160675974,2025-11-26,5,charliekaufmann,add,12476,Devin Neal,RB,9
2025,1304320608879792128,14,waiver,complete,1765336775563,2025-12-09,1,bgreenblatt,add,CHI,Chicago Bears,DEF,0
2025,1304320608879792128,14,waiver,complete,1765336775563,2025-12-09,1,bgreenblatt,drop,LAR,Los Angeles Rams,DEF,
2025,1304320560829857792,14,waiver,failed,1765336764108,2025-12-09,1,bgreenblatt,add,JAX,Jacksonville Jaguars,DEF,0
2025,1304320560829857792,14,waiver,failed,1765336764108,2025-12-09,1,bgreenblatt,drop,LAR,Los Angeles Rams,DEF,
2025,1304186029820882944,14,waiver,complete,1765304689415,2025-12-09,10,cc5597,add,DET,Detroit Lions,DEF,1
2025,1304162706105839616,14,waiver,failed,1765299128608,2025-12-09,7,KingTowsk,add,11783,Ryan Flournoy,WR,0
2025,1304162706105839616,14,waiver,failed,1765299128608,2025-12-09,7,KingTowsk,drop,8132,Tyler Allgeier,RB,
2025,1304162446818152448,14,waiver,failed,1765299066790,2025-12-09,7,KingTowsk,add,4035,Alvin Kamara,RB,0
2025,1304162446818152448,14,waiver,failed,1765299066790,2025-12-09,7,KingTowsk,drop,4147,Samaje Perine,RB,
2025,1304162093519351808,14,waiver,failed,1765298982557,2025-12-09,7,KingTowsk,add,7591,Justin Fields,QB,0
2025,1304162020018364416,14,waiver,complete,1765298965032,2025-12-09,7,KingTowsk,add,11565,J.J. McCarthy,QB,0
2025,1304161807543341056,14,waiver,complete,1765298914375,2025-12-09,7,KingTowsk,add,DAL,Dallas Cowboys,DEF,0
2025,1304161807543341056,14,waiver,complete,1765298914375,2025-12-09,7,KingTowsk,drop,4147,Samaje Perine,RB,
2025,1304161602982912000,14,waiver,failed,1765298865603,2025-12-09,7,KingTowsk,add,CHI,Chicago Bears,DEF,0
2025,1304161602982912000,14,waiver,failed,1765298865603,2025-12-09,7,KingTowsk,drop,4147,Samaje Perine,RB,
2025,1304161521848295424,14,waiver,failed,1765298846259,2025-12-09,7,KingTowsk,add,JAX,Jacksonville Jaguars,DEF,0
2025,1304161521848295424,14,waiver,failed,1765298846259,2025-12-09,7,KingTowsk,drop,4147,Samaje Perine,RB,
2025,1304160397405753344,14,free_agent,complete,1765298578171,2025-12-09,7,KingTowsk,drop,5849,Kyler Murray,QB,
2025,1304137690509242368,14,waiver,complete,1765293164426,2025-12-09,6,JSanDusky69,add,GB,Green Bay Packers,DEF,0
2025,1304137690509242368,14,waiver,complete,1765293164426,2025-12-09,6,JSanDusky69,drop,KC,Kansas City Chiefs,DEF,
2025,1304137586960261120,14,waiver,failed,1765293139738,2025-12-09,6,JSanDusky69,add,JAX,Jacksonville Jaguars,DEF,0
2025,1304137586960261120,14,waiver,failed,1765293139738,2025-12-09,6,JSanDusky69,drop,KC,Kansas City Chiefs,DEF,
2025,1304128593151934464,14,waiver,complete,1765290995446,2025-12-09,1,bgreenblatt,add,11596,Ben Sinnott,TE,0
2025,1304128593151934464,14,waiver,complete,1765290995446,2025-12-09,1,bgreenblatt,drop,11834,Devaughn Vele,WR,
2025,1304127962878066688,14,free_agent,complete,1765290845177,2025-12-09,10,cc5597,drop,10213,Tre Tucker,WR,
2025,1304107365133484032,14,waiver,failed,1765285934292,2025-12-09,3,MaxSirianni,add,JAX,Jacksonville Jaguars,DEF,3
2025,1304107365133484032,14,waiver,failed,1765285934292,2025-12-09,3,MaxSirianni,drop,LAC,Los Angeles Chargers,DEF,
2025,1304107250045943808,14,waiver,complete,1765285906853,2025-12-09,3,MaxSirianni,add,11783,Ryan Flournoy,WR,2
2025,1304104525514182656,14,free_agent,complete,1765285257274,2025-12-09,2,Erjohnson14,drop,11627,Troy Franklin,WR,
2025,1304053769062846464,14,free_agent,complete,1765273155993,2025-12-09,11,Jacktaco98,drop,1339,Zach Ertz,TE,
2025,1303773573998985216,14,waiver,complete,1765206352284,2025-12-08,6,JSanDusky69,add,5189,Eddy Pineiro,K,0
2025,1303773573998985216,14,waiver,complete,1765206352284,2025-12-08,6,JSanDusky69,drop,3678,Wil Lutz,K,
2025,1303436047916494848,14,waiver,complete,1765125879795,2025-12-07,7,KingTowsk,add,8132,Tyler Allgeier,RB,0
2025,1303436047916494848,14,waiver,complete,1765125879795,2025-12-07,7,KingTowsk,drop,11603,AJ Barner,TE,
2025,1303050471673446400,14,waiver,complete,1765033951256,2025-12-06,11,Jacktaco98,add,BAL,Baltimore Ravens,DEF,1
2025,1303050471673446400,14,waiver,complete,1765033951256,2025-12-06,11,Jacktaco98,drop,ATL,Atlanta Falcons,DEF,
2025,1302657974065438720,14,waiver,complete,1764940372534,2025-12-05,10,cc5597,add,12545,Tyler Shough,QB,0
2025,1302657974065438720,14,waiver,complete,1764940372534,2025-12-05,10,cc5597,drop,2307,Marcus Mariota,QB,
2025,1302455330826899456,14,free_agent,complete,1764892058620,2025-12-04,4,jdrobny,add,9508,Tyjae Spears,RB,
2025,1302453939689500672,14,free_agent,complete,1764891726947,2025-12-04,1,bgreenblatt,add,11834,Devaughn Vele,WR,
2025,1302453939689500672,14,free_agent,complete,1764891726947,2025-12-04,1,bgreenblatt,drop,12535,Isaac TeSlaa,WR,
2025,1302436078258507776,14,free_agent,complete,1764887468450,2025-12-04,1,bgreenblatt,add,12535,Isaac TeSlaa,WR,
2025,1302436078258507776,14,free_agent,complete,1764887468450,2025-12-04,1,bgreenblatt,drop,4035,Alvin Kamara,RB,
2025,1302355967492489216,14,free_agent,complete,1764868368555,2025-12-04,7,KingTowsk,add,4147,Samaje Perine,RB,
2025,1302355967492489216,14,free_agent,complete,1764868368555,2025-12-04,7,KingTowsk,drop,8132,Tyler Allgeier,RB,
2025,1302148353689137152,14,free_agent,complete,1764818869567,2025-12-03,5,charliekaufmann,drop,8205,Isiah Pacheco,RB,
2025,1301993864139149312,14,waiver,complete,1764782036389,2025-12-03,1,bgreenblatt,add,11625,Adonai Mitchell,WR,0
2025,1301993864139149312,14,waiver,complete,1764782036389,2025-12-03,1,bgreenblatt,drop,2505,Darren Waller,TE,
2025,1301979134276149248,14,waiver,complete,1764778524516,2025-12-03,11,Jacktaco98,add,11586,Blake Corum,RB,20
2025,1301977450032402432,14,free_agent,complete,1764778122960,2025-12-03,11,Jacktaco98,drop,8136,Rachaad White,RB,
2025,1306809046862397440,15,waiver,complete,1765930065411,2025-12-16,7,KingTowsk,add,9229,Anthony Richardson,QB,0
2025,1306809046862397440,15,waiver,complete,1765930065411,2025-12-16,7,KingTowsk,drop,PIT,Pittsburgh Steelers,DEF,
2025,1306765305824964608,15,waiver,complete,1765919636735,2025-12-16,5,charliekaufmann,add,7607,Michael Carter,RB,7
2025,1306765305824964608,15,waiver,complete,1765919636735,2025-12-16,5,charliekaufmann,drop,12534,Kyle Monangai,RB,
2025,1306762737224777728,15,waiver,complete,1765919024334,2025-12-16,10,cc5597,add,11627,Troy Franklin,WR,0
2025,1306762737224777728,15,waiver,complete,1765919024334,2025-12-16,10,cc5597,drop,3214,Hunter Henry,TE,
2025,1306674875867369472,15,waiver,failed,1765898076553,2025-12-16,5,charliekaufmann,add,NO,New Orleans Saints,DEF,0
2025,1306674875867369472,15,waiver,failed,1765898076553,2025-12-16,5,charliekaufmann,drop,JAX,Jacksonville Jaguars,DEF,
2025,1306673651264790528,15,waiver,failed,1765897784586,2025-12-16,1,bgreenblatt,add,7607,Michael Carter,RB,0
2025,1306673651264790528,15,waiver,failed,1765897784586,2025-12-16,1,bgreenblatt,drop,7594,Chuba Hubbard,RB,
2025,1306672290250895360,15,waiver,complete,1765897460094,2025-12-16,7,KingTowsk,add,11199,Emari Demercado,RB,0
2025,1306672290250895360,15,waiver,complete,1765897460094,2025-12-16,7,KingTowsk,drop,TB,Tampa Bay Buccaneers,DEF,
2025,1306672222705836032,15,waiver,failed,1765897443990,2025-12-16,7,KingTowsk,add,7607,Michael Carter,RB,0
2025,1306672222705836032,15,waiver,failed,1765897443990,2025-12-16,7,KingTowsk,drop,TB,Tampa Bay Buccaneers,DEF,
2025,1306671819478016000,15,waiver,failed,1765897347853,2025-12-16,7,KingTowsk,add,6768,Tua Tagovailoa,QB,0
2025,1306671819478016000,15,waiver,failed,1765897347853,2025-12-16,7,KingTowsk,drop,PIT,Pittsburgh Steelers,DEF,
2025,1306671432595423232,15,waiver,failed,1765897255614,2025-12-16,7,KingTowsk,add,NO,New Orleans Saints,DEF,0
2025,1306671432595423232,15,waiver,failed,1765897255614,2025-12-16,7,KingTowsk,drop,DAL,Dallas Cowboys,DEF,
2025,1306641522518667264,15,free_agent,complete,1765890124495,2025-12-16,4,jdrobny,drop,IND,Indianapolis Colts,DEF,
2025,1306641160227262464,15,waiver,complete,1765890038118,2025-12-16,4,jdrobny,add,11646,Jalen Coker,WR,42
2025,1306641160227262464,15,waiver,complete,1765890038118,2025-12-16,4,jdrobny,drop,2306,Jameis Winston,QB,
2025,1306514393747427328,15,waiver,complete,1765859814635,2025-12-15,11,Jacktaco98,add,11625,Adonai Mitchell,WR,7
2025,1306514393747427328,15,waiver,complete,1765859814635,2025-12-15,11,Jacktaco98,drop,8160,Kenny Pickett,QB,
2025,1306512939603197952,15,waiver,complete,1765859467940,2025-12-15,11,Jacktaco98,add,4227,Harrison Butker,K,2
2025,1306512939603197952,15,waiver,complete,1765859467940,2025-12-15,11,Jacktaco98,drop,17,Matt Prater,K,
2025,1306420278212984832,15,free_agent,complete,1765837375743,2025-12-15,2,Erjohnson14,drop,11566,Jayden Daniels,QB,
2025,1306353871412555776,15,free_agent,complete,1765821543128,2025-12-15,10,cc5597,drop,12484,Jayden Higgins,WR,
2025,1306342446904385536,15,waiver,failed,1765818819313,2025-12-15,1,bgreenblatt,add,NO,New Orleans Saints,DEF,0
2025,1306342446904385536,15,waiver,failed,1765818819313,2025-12-15,1,bgreenblatt,drop,CHI,Chicago Bears,DEF,
2025,1306341185412927488,15,waiver,failed,1765818518550,2025-12-15,1,bgreenblatt,add,11625,Adonai Mitchell,WR,0
2025,1306341185412927488,15,waiver,failed,1765818518550,2025-12-15,1,bgreenblatt,drop,8131,Isaiah Likely,TE,
2025,1306332293060640768,15,waiver,complete,1765816398447,2025-12-15,2,Erjohnson14,add,2505,Darren Waller,TE,0
2025,1306332293060640768,15,waiver,complete,1765816398447,2025-12-15,2,Erjohnson14,drop,9480,Brenton Strange,TE,
2025,1306296864487792640,15,waiver,failed,1765807951618,2025-12-15,2,Erjohnson14,add,NO,New Orleans Saints,DEF,0
2025,1306296864487792640,15,waiver,failed,1765807951618,2025-12-15,2,Erjohnson14,drop,SF,San Francisco 49ers,DEF,
2025,1305980546945421312,15,free_agent,complete,1765732535638,2025-12-14,1,bgreenblatt,add,8131,Isaiah Likely,TE,
2025,1305980546945421312,15,free_agent,complete,1765732535638,2025-12-14,1,bgreenblatt,drop,11625,Adonai Mitchell,WR,
2025,1305812594082213888,15,free_agent,complete,1765692492555,2025-12-14,1,bgreenblatt,drop,11596,Ben Sinnott,TE,
2025,1305718203078447104,15,waiver,failed,1765669987987,2025-12-13,7,KingTowsk,add,8154,Brian Robinson,RB,0
2025,1305718203078447104,15,waiver,failed,1765669987987,2025-12-13,7,KingTowsk,drop,4035,Alvin Kamara,RB,
2025,1305675825433026560,15,waiver,complete,1765659884368,2025-12-13,2,Erjohnson14,add,8154,Brian Robinson,RB,0
2025,1305675825433026560,15,waiver,complete,1765659884368,2025-12-13,2,Erjohnson14,drop,331,Philip Rivers,QB,
2025,1305352826901270528,15,waiver,complete,1765582875518,2025-12-12,7,KingTowsk,add,12533,Jacory Croskey-Merritt,RB,0
2025,1305352826901270528,15,waiver,complete,1765582875518,2025-12-12,7,KingTowsk,drop,8147,John Metchie,WR,
2025,1305250477499240448,15,waiver,complete,1765558473518,2025-12-12,7,KingTowsk,add,KC,Kansas City Chiefs,DEF,0
2025,1305250477499240448,15,waiver,complete,1765558473518,2025-12-12,7,KingTowsk,drop,7591,Justin Fields,QB,
2025,1305065994888159232,15,free_agent,complete,1765514489437,2025-12-11,7,KingTowsk,add,6149,Darius Slayton,WR,
2025,1305065994888159232,15,free_agent,complete,1765514489437,2025-12-11,7,KingTowsk,drop,8132,Tyler Allgeier,RB,
2025,1305038760991264768,15,waiver,complete,1765507996370,2025-12-11,3,MaxSirianni,add,CLE,Cleveland Browns,DEF,3
2025,1305038760991264768,15,waiver,complete,1765507996370,2025-12-11,3,MaxSirianni,drop,LAC,Los Angeles Chargers,DEF,
2025,1304969916918558720,15,free_agent,complete,1765491582663,2025-12-11,2,Erjohnson14,add,331,Philip Rivers,QB,
2025,1304969916918558720,15,free_agent,complete,1765491582663,2025-12-11,2,Erjohnson14,drop,6768,Tua Tagovailoa,QB,
2025,1304896921852207104,15,free_agent,complete,1765474179283,2025-12-11,11,Jacktaco98,add,8160,Kenny Pickett,QB,
2025,1304555855366082560,15,waiver,failed,1765392862697,2025-12-10,11,Jacktaco98,add,2307,Marcus Mariota,QB,1
2025,1304540303142707200,15,waiver,complete,1765389154758,2025-12-10,2,Erjohnson14,add,2307,Marcus Mariota,QB,3
2025,1304537897575141376,15,waiver,failed,1765388581225,2025-12-10,7,KingTowsk,add,2307,Marcus Mariota,QB,0
2025,1304537897575141376,15,waiver,failed,1765388581225,2025-12-10,7,KingTowsk,drop,7591,Justin Fields,QB,
2025,1304537414135468032,15,waiver,complete,1765388465964,2025-12-10,7,KingTowsk,add,PIT,Pittsburgh Steelers,DEF,0
2025,1304537414135468032,15,waiver,complete,1765388465964,2025-12-10,7,KingTowsk,drop,11589,Trey Benson,RB,
2025,1304530946854223872,15,free_agent,complete,1765386924045,2025-12-10,12,akepple9,drop,19,Joe Flacco,QB,
2025,1304530236343353344,15,waiver,complete,1765386754645,2025-12-10,5,charliekaufmann,add,12711,Tyler Loop,K,0
2025,1304530236343353344,15,waiver,complete,1765386754645,2025-12-10,5,charliekaufmann,drop,4227,Harrison Butker,K,
2025,1304523339707981824,15,waiver,complete,1765385110359,2025-12-10,7,KingTowsk,add,7591,Justin Fields,QB,0
2025,1304523339707981824,15,waiver,complete,1765385110359,2025-12-10,7,KingTowsk,drop,827,Tyrod Taylor,QB,
2025,1304523197428817920,15,waiver,failed,1765385076438,2025-12-10,7,KingTowsk,add,11783,Ryan Flournoy,WR,0
2025,1304523197428817920,15,waiver,failed,1765385076438,2025-12-10,7,KingTowsk,drop,PIT,Pittsburgh Steelers,DEF,
2025,1304523010614497280,15,waiver,complete,1765385031897,2025-12-10,7,KingTowsk,add,4035,Alvin Kamara,RB,0
2025,1304523010614497280,15,waiver,complete,1765385031897,2025-12-10,7,KingTowsk,drop,PIT,Pittsburgh Steelers,DEF,
2025,1304522520208084992,15,waiver,failed,1765384914975,2025-12-10,7,KingTowsk,add,CHI,Chicago Bears,DEF,0
2025,1304522520208084992,15,waiver,failed,1765384914975,2025-12-10,7,KingTowsk,drop,PIT,Pittsburgh Steelers,DEF,
2025,1304480623062163456,15,waiver,complete,1765374925918,2025-12-10,5,charliekaufmann,add,JAX,Jacksonville Jaguars,DEF,5
2025,1304480623062163456,15,waiver,complete,1765374925918,2025-12-10,5,charliekaufmann,drop,CLE,Cleveland Browns,DEF,
2025,1309312086341357568,16,waiver,complete,1766526836527,2025-12-23,2,Erjohnson14,add,8161,Malik Willis,QB,0
2025,1309312086341357568,16,waiver,complete,1766526836527,2025-12-23,2,Erjohnson14,drop,12534,Kyle Monangai,RB,
2025,1309223404439601152,16,waiver,failed,1766505693114,2025-12-23,7,KingTowsk,add,4381,Taysom Hill,TE,0
2025,1309223404439601152,16,waiver,failed,1766505693114,2025-12-23,7,KingTowsk,drop,11597,Theo Johnson,TE,
2025,1309223186310647808,16,waiver,failed,1766505641109,2025-12-23,7,KingTowsk,add,9480,Brenton Strange,TE,0
2025,1309223186310647808,16,waiver,failed,1766505641109,2025-12-23,7,KingTowsk,drop,11597,Theo Johnson,TE,
2025,1309222770990682112,16,waiver,complete,1766505542089,2025-12-23,7,KingTowsk,add,10222,Jayden Reed,WR,0
2025,1309222770990682112,16,waiver,complete,1766505542089,2025-12-23,7,KingTowsk,drop,6149,Darius Slayton,WR,
2025,1309222431281405952,16,waiver,failed,1766505461095,2025-12-23,7,KingTowsk,add,12472,Raheim Sanders,RB,0
2025,1309222431281405952,16,waiver,failed,1766505461095,2025-12-23,7,KingTowsk,drop,12533,Jacory Croskey-Merritt,RB,
2025,1309222403427041280,16,waiver,failed,1766505454454,2025-12-23,7,KingTowsk,add,12472,Raheim Sanders,RB,0
2025,1309222403427041280,16,waiver,failed,1766505454454,2025-12-23,7,KingTowsk,drop,11653,Charlie Smyth,K,
2025,1309222268370452480,16,waiver,complete,1766505422254,2025-12-23,7,KingTowsk,add,12469,Dylan Sampson,RB,0
2025,1309222268370452480,16,waiver,complete,1766505422254,2025-12-23,7,KingTowsk,drop,12533,Jacory Croskey-Merritt,RB,
2025,1309222059875774464,16,waiver,complete,1766505372545,2025-12-23,7,KingTowsk,add,4147,Samaje Perine,RB,0
2025,1309222059875774464,16,waiver,complete,1766505372545,2025-12-23,7,KingTowsk,drop,11653,Charlie Smyth,K,
2025,1309221046452252672,16,waiver,failed,1766505130927,2025-12-23,7,KingTowsk,add,TB,Tampa Bay Buccaneers,DEF,0
2025,1309221046452252672,16,waiver,failed,1766505130927,2025-12-23,7,KingTowsk,drop,KC,Kansas City Chiefs,DEF,
2025,1309220957029683200,16,waiver,complete,1766505109607,2025-12-23,7,KingTowsk,add,DAL,Dallas Cowboys,DEF,0
2025,1309220957029683200,16,waiver,complete,1766505109607,2025-12-23,7,KingTowsk,drop,KC,Kansas City Chiefs,DEF,
2025,1309212881698459648,16,waiver,complete,1766503184297,2025-12-23,2,Erjohnson14,add,PIT,Pittsburgh Steelers,DEF,0
2025,1309212881698459648,16,waiver,complete,1766503184297,2025-12-23,2,Erjohnson14,drop,MIN,Minnesota Vikings,DEF,
2025,1308882799842856960,16,free_agent,complete,1766424486651,2025-12-22,7,KingTowsk,add,331,Philip Rivers,QB,
2025,1308882799842856960,16,free_agent,complete,1766424486651,2025-12-22,7,KingTowsk,drop,4098,Kareem Hunt,RB,
2025,1308515885773774848,16,free_agent,complete,1766337007519,2025-12-21,1,bgreenblatt,add,TEN,Tennessee Titans,DEF,
2025,1308515885773774848,16,free_agent,complete,1766337007519,2025-12-21,1,bgreenblatt,drop,TB,Tampa Bay Buccaneers,DEF,
2025,1308512392157601792,16,waiver,complete,1766336174576,2025-12-21,7,KingTowsk,add,11597,Theo Johnson,TE,0
2025,1308512392157601792,16,waiver,complete,1766336174576,2025-12-21,7,KingTowsk,drop,5906,Dawson Knox,TE,
2025,1308491200285671424,16,waiver,complete,1766331122040,2025-12-21,4,jdrobny,add,12509,Tre' Harris,WR,0
2025,1308322011826634752,16,free_agent,complete,1766290784368,2025-12-20,12,akepple9,drop,10222,Jayden Reed,WR,
2025,1308321213373759488,16,free_agent,complete,1766290594002,2025-12-20,12,akepple9,drop,8121,Romeo Doubs,WR,
2025,1308265796576739329,16,waiver,complete,1766277381608,2025-12-20,5,charliekaufmann,add,11608,Isaiah Williams,WR,0
2025,1308260602933694464,16,free_agent,complete,1766276143347,2025-12-20,5,charliekaufmann,drop,12476,Devin Neal,RB,
2025,1308186779265806336,16,waiver,complete,1766258542414,2025-12-20,7,KingTowsk,add,11653,Charlie Smyth,K,0
2025,1308186779265806336,16,waiver,complete,1766258542414,2025-12-20,7,KingTowsk,drop,9229,Anthony Richardson,QB,
2025,1308167508200554496,16,free_agent,complete,1766253947833,2025-12-20,11,Jacktaco98,drop,8146,Garrett Wilson,WR,
2025,1307775188808499200,16,waiver,complete,1766160411602,2025-12-19,2,Erjohnson14,add,12534,Kyle Monangai,RB,0
2025,1307775188808499200,16,waiver,complete,1766160411602,2025-12-19,2,Erjohnson14,drop,8154,Brian Robinson,RB,
2025,1307619304933445632,16,free_agent,complete,1766123245989,2025-12-18,4,jdrobny,add,9220,Evan Hull,RB,
2025,1307619304933445632,16,free_agent,complete,1766123245989,2025-12-18,4,jdrobny,drop,9506,Sean Tucker,RB,
2025,1307548936331862016,16,free_agent,complete,1766106468807,2025-12-18,9,brockhusk,add,CIN,Cincinnati Bengals,DEF,
2025,1307548936331862016,16,free_agent,complete,1766106468807,2025-12-18,9,brockhusk,drop,MIA,Miami Dolphins,DEF,
2025,1307482590248206336,16,free_agent,complete,1766090650669,2025-12-18,1,bgreenblatt,add,11588,Jawhar Jordan,RB,
2025,1307482590248206336,16,free_agent,complete,1766090650669,2025-12-18,1,bgreenblatt,drop,12519,Luther Burden,WR,
2025,1307427659755589632,16,waiver,complete,1766077554218,2025-12-18,6,JSanDusky69,add,11786,Cam Little,K,0
2025,1307427659755589632,16,waiver,complete,1766077554218,2025-12-18,6,JSanDusky69,drop,5189,Eddy Pineiro,K,
2025,1307398884040900608,16,waiver,complete,1766070693553,2025-12-18,11,Jacktaco98,add,8800,Malik Davis,RB,2
2025,1307398884040900608,16,waiver,complete,1766070693553,2025-12-18,11,Jacktaco98,drop,7090,Darnell Mooney,WR,
2025,1307157338116874240,16,waiver,complete,1766013104518,2025-12-17,7,KingTowsk,add,5906,Dawson Knox,TE,0
2025,1307157338116874240,16,waiver,complete,1766013104518,2025-12-17,7,KingTowsk,drop,11199,Emari Demercado,RB,
2025,1307149879054704640,16,waiver,failed,1766011326138,2025-12-17,2,Erjohnson14,add,8800,Malik Davis,RB,0
2025,1307149879054704640,16,waiver,failed,1766011326138,2025-12-17,2,Erjohnson14,drop,8154,Brian Robinson,RB,
2025,1307114826274725888,16,waiver,failed,1766002968904,2025-12-17,1,bgreenblatt,add,12534,Kyle Monangai,RB,0
2025,1307114826274725888,16,waiver,failed,1766002968904,2025-12-17,1,bgreenblatt,drop,8131,Isaiah Likely,TE,
2025,1307108894685814784,16,waiver,failed,1766001554703,2025-12-17,5,charliekaufmann,add,SF,San Francisco 49ers,DEF,0
2025,1307108894685814784,16,waiver,failed,1766001554703,2025-12-17,5,charliekaufmann,drop,JAX,Jacksonville Jaguars,DEF,
2025,1307080756580843520,16,waiver,complete,1765994846056,2025-12-17,12,akepple9,add,6011,Gardner Minshew,QB,0
2025,1307080756580843520,16,waiver,complete,1765994846056,2025-12-17,12,akepple9,drop,11786,Cam Little,K,
2025,1307076342143016960,16,waiver,complete,1765993793572,2025-12-17,6,JSanDusky69,add,SF,San Francisco 49ers,DEF,0
2025,1307076342143016960,16,waiver,complete,1765993793572,2025-12-17,6,JSanDusky69,drop,GB,Green Bay Packers,DEF,
2025,1307066352502075392,16,waiver,complete,1765991411856,2025-12-17,1,bgreenblatt,add,TB,Tampa Bay Buccaneers,DEF,0
2025,1307066352502075392,16,waiver,complete,1765991411856,2025-12-17,1,bgreenblatt,drop,CHI,Chicago Bears,DEF,
2025,1307066263083708416,16,waiver,failed,1765991390538,2025-12-17,1,bgreenblatt,add,SF,San Francisco 49ers,DEF,0
2025,1307066263083708416,16,waiver,failed,1765991390538,2025-12-17,1,bgreenblatt,drop,CHI,Chicago Bears,DEF,
2025,1307062771279486976,16,waiver,failed,1765990558027,2025-12-17,11,Jacktaco98,add,MIN,Minnesota Vikings,DEF,1
2025,1307062771279486976,16,waiver,failed,1765990558027,2025-12-17,11,Jacktaco98,drop,BAL,Baltimore Ravens,DEF,
2025,1307061310902501376,16,waiver,failed,1765990209845,2025-12-17,10,cc5597,add,NO,New Orleans Saints,DEF,0
2025,1307061310902501376,16,waiver,failed,1765990209845,2025-12-17,10,cc5597,drop,3214,Hunter Henry,TE,
2025,1307045039007879168,16,waiver,failed,1765986330324,2025-12-17,7,KingTowsk,add,6865,Colby Parkinson,TE,0
2025,1307045039007879168,16,waiver,failed,1765986330324,2025-12-17,7,KingTowsk,drop,TB,Tampa Bay Buccaneers,DEF,
2025,1307045015981137920,16,waiver,failed,1765986324833,2025-12-17,7,KingTowsk,add,6865,Colby Parkinson,TE,0
2025,1307045015981137920,16,waiver,failed,1765986324833,2025-12-17,7,KingTowsk,drop,PIT,Pittsburgh Steelers,DEF,
2025,1307044997631057920,16,waiver,failed,1765986320459,2025-12-17,7,KingTowsk,add,6865,Colby Parkinson,TE,0
2025,1307044997631057920,16,waiver,failed,1765986320459,2025-12-17,7,KingTowsk,drop,DAL,Dallas Cowboys,DEF,
2025,1307044853690961920,16,waiver,failed,1765986286140,2025-12-17,7,KingTowsk,add,11579,Audric Estime,RB,0
2025,1307044853690961920,16,waiver,failed,1765986286140,2025-12-17,7,KingTowsk,drop,TB,Tampa Bay Buccaneers,DEF,
2025,1307044831700201472,16,waiver,failed,1765986280898,2025-12-17,7,KingTowsk,add,11579,Audric Estime,RB,0
2025,1307044831700201472,16,waiver,failed,1765986280898,2025-12-17,7,KingTowsk,drop,PIT,Pittsburgh Steelers,DEF,
2025,1307044817838018560,16,waiver,failed,1765986277592,2025-12-17,2,Erjohnson14,add,LAR,Los Angeles Rams,DEF,0
2025,1307044817838018560,16,waiver,failed,1765986277592,2025-12-17,2,Erjohnson14,drop,SF,San Francisco 49ers,DEF,
2025,1307044807608127488,16,waiver,complete,1765986275154,2025-12-17,7,KingTowsk,add,11579,Audric Estime,RB,0
2025,1307044807608127488,16,waiver,complete,1765986275154,2025-12-17,7,KingTowsk,drop,DAL,Dallas Cowboys,DEF,
2025,1307044800058396672,16,waiver,complete,1765986273353,2025-12-17,2,Erjohnson14,add,MIN,Minnesota Vikings,DEF,0
2025,1307044800058396672,16,waiver,complete,1765986273353,2025-12-17,2,Erjohnson14,drop,SF,San Francisco 49ers,DEF,
2025,1307038376095911936,16,waiver,complete,1765984741761,2025-12-17,11,Jacktaco98,add,NO,New Orleans Saints,DEF,3
2025,1307038376095911936,16,waiver,complete,1765984741761,2025-12-17,11,Jacktaco98,drop,BAL,Baltimore Ravens,DEF,
2025,1307037641702641664,16,waiver,complete,1765984566668,2025-12-17,11,Jacktaco98,add,6865,Colby Parkinson,TE,3
2025,1307037480175828992,16,free_agent,complete,1765984528157,2025-12-17,11,Jacktaco98,drop,8122,Zonovan Knight,RB,
2025,1311058604572299264,17,free_agent,complete,1766943238922,2025-12-28,5,charliekaufmann,add,12519,Luther Burden,WR,
2025,1311058604572299264,17,free_agent,complete,1766943238922,2025-12-28,5,charliekaufmann,drop,11608,Isaiah Williams,WR,
2025,1310739088575307776,17,waiver,complete,1766867060372,2025-12-27,7,KingTowsk,add,12472,Raheim Sanders,RB,0
2025,1310739088575307776,17,waiver,complete,1766867060372,2025-12-27,7,KingTowsk,drop,4035,Alvin Kamara,RB,
2025,1310689127775096832,17,free_agent,complete,1766855148789,2025-12-27,2,Erjohnson14,drop,4381,Taysom Hill,TE,
2025,1310683006247108608,17,waiver,complete,1766853689303,2025-12-27,2,Erjohnson14,add,9480,Brenton Strange,TE,0
2025,1310683006247108608,17,waiver,complete,1766853689303,2025-12-27,2,Erjohnson14,drop,11603,AJ Barner,TE,
2025,1310638459454513152,17,waiver,complete,1766843068520,2025-12-27,5,charliekaufmann,add,12713,Andy Borregales,K,0
2025,1310638459454513152,17,waiver,complete,1766843068520,2025-12-27,5,charliekaufmann,drop,12711,Tyler Loop,K,
2025,1310085401880326144,17,free_agent,complete,1766711209319,2025-12-25,9,brockhusk,add,12538,Brady Cook,QB,
2025,1310085401880326144,17,free_agent,complete,1766711209319,2025-12-25,9,brockhusk,drop,4988,Nick Chubb,RB,
2025,1310085248490405888,17,free_agent,complete,1766711172749,2025-12-25,9,brockhusk,add,TB,Tampa Bay Buccaneers,DEF,
2025,1310085248490405888,17,free_agent,complete,1766711172749,2025-12-25,9,brockhusk,drop,CIN,Cincinnati Bengals,DEF,
2025,1310010271611228160,17,waiver,failed,1766693296867,2025-12-25,7,KingTowsk,add,9480,Brenton Strange,TE,0
2025,1310010271611228160,17,waiver,failed,1766693296867,2025-12-25,7,KingTowsk,drop,4035,Alvin Kamara,RB,
2025,1310009742013263872,17,waiver,failed,1766693170602,2025-12-25,7,KingTowsk,add,12534,Kyle Monangai,RB,0
2025,1310009742013263872,17,waiver,failed,1766693170602,2025-12-25,7,KingTowsk,drop,4035,Alvin Kamara,RB,
2025,1309964681359675392,17,free_agent,complete,1766682427305,2025-12-25,11,Jacktaco98,drop,9480,Brenton Strange,TE,
2025,1309652429758820352,17,waiver,complete,1766607980722,2025-12-24,5,charliekaufmann,add,LAR,Los Angeles Rams,DEF,0
2025,1309652429758820352,17,waiver,complete,1766607980722,2025-12-24,5,charliekaufmann,drop,JAX,Jacksonville Jaguars,DEF,
2025,1309636846636003328,17,waiver,complete,1766604265416,2025-12-24,2,Erjohnson14,add,11603,AJ Barner,TE,0
2025,1309636846636003328,17,waiver,complete,1766604265416,2025-12-24,2,Erjohnson14,drop,2505,Darren Waller,TE,
2025,1309630483738406912,17,waiver,complete,1766602748383,2025-12-24,2,Erjohnson14,add,4381,Taysom Hill,TE,0
2025,1309607320086401024,17,waiver,failed,1766597225738,2025-12-24,7,KingTowsk,add,4381,Taysom Hill,TE,0
2025,1309607320086401024,17,waiver,failed,1766597225738,2025-12-24,7,KingTowsk,drop,4147,Samaje Perine,RB,
2025,1309601989688061952,17,waiver,complete,1766595954872,2025-12-24,7,KingTowsk,add,12534,Kyle Monangai,RB,0
2025,1309601989688061952,17,waiver,complete,1766595954872,2025-12-24,7,KingTowsk,drop,4147,Samaje Perine,RB,
2025,1309599163658293248,17,waiver,failed,1766595281094,2025-12-24,2,Erjohnson14,add,3214,Hunter Henry,TE,0
2025,1309599163658293248,17,waiver,failed,1766595281094,2025-12-24,2,Erjohnson14,drop,12474,Woody Marks,RB,
2025,1309598813077372928,17,waiver,failed,1766595197508,2025-12-24,10,cc5597,add,4381,Taysom Hill,TE,0
2025,1309598813077372928,17,waiver,failed,1766595197508,2025-12-24,10,cc5597,drop,11604,Brock Bowers,TE,
2025,1309597965450510336,17,waiver,failed,1766594995418,2025-12-24,7,KingTowsk,add,9482,Michael Mayer,TE,0
2025,1309597965450510336,17,waiver,failed,1766594995418,2025-12-24,7,KingTowsk,drop,11653,Charlie Smyth,K,
2025,1309597920768561152,17,waiver,failed,1766594984765,2025-12-24,7,KingTowsk,add,9482,Michael Mayer,TE,0
2025,1309597920768561152,17,waiver,failed,1766594984765,2025-12-24,7,KingTowsk,drop,6149,Darius Slayton,WR,
2025,1309597878628413440,17,waiver,failed,1766594974718,2025-12-24,7,KingTowsk,add,4381,Taysom Hill,TE,0
2025,1309597878628413440,17,waiver,failed,1766594974718,2025-12-24,7,KingTowsk,drop,6149,Darius Slayton,WR,
2025,1309597840082739200,17,waiver,failed,1766594965529,2025-12-24,7,KingTowsk,add,4381,Taysom Hill,TE,0
2025,1309597840082739200,17,waiver,failed,1766594965529,2025-12-24,7,KingTowsk,drop,11653,Charlie Smyth,K,
2025,1309597263466618880,17,waiver,complete,1766594828052,2025-12-24,11,Jacktaco98,add,9480,Brenton Strange,TE,1
2025,1309597263466618880,17,waiver,complete,1766594828052,2025-12-24,11,Jacktaco98,drop,8800,Malik Davis,RB,
2025,1309595248208388096,17,waiver,failed,1766594347577,2025-12-24,7,KingTowsk,add,9482,Michael Mayer,TE,0
2025,1309595248208388096,17,waiver,failed,1766594347577,2025-12-24,7,KingTowsk,drop,11653,Charlie Smyth,K,
2025,1309594750067671040,17,waiver,complete,1766594228812,2025-12-24,7,KingTowsk,add,1373,Geno Smith,QB,0
2025,1309594750067671040,17,waiver,complete,1766594228812,2025-12-24,7,KingTowsk,drop,11565,J.J. McCarthy,QB,
2025,1309593556284874752,17,waiver,complete,1766593944191,2025-12-24,7,KingTowsk,add,9482,Michael Mayer,TE,0
2025,1309593556284874752,17,waiver,complete,1766593944191,2025-12-24,7,KingTowsk,drop,11597,Theo Johnson,TE,
2025,1309592418550554624,17,waiver,complete,1766593672935,2025-12-24,10,cc5597,add,3214,Hunter Henry,TE,0
2025,1309592418550554624,17,waiver,complete,1766593672935,2025-12-24,10,cc5597,drop,11604,Brock Bowers,TE,
2025,1309591249598058496,17,waiver,failed,1766593394234,2025-12-24,10,cc5597,add,9480,Brenton Strange,TE,0
2025,1309591249598058496,17,waiver,failed,1766593394234,2025-12-24,10,cc5597,drop,11604,Brock Bowers,TE,
2025,1309570309635989504,17,waiver,failed,1766588401759,2025-12-24,2,Erjohnson14,add,1373,Geno Smith,QB,0
2025,1309570309635989504,17,waiver,failed,1766588401759,2025-12-24,2,Erjohnson14,drop,12534,Kyle Monangai,RB,
2025,1309569635263184896,17,waiver,failed,1766588240976,2025-12-24,2,Erjohnson14,add,9480,Brenton Strange,TE,0
2025,1309569635263184896,17,waiver,failed,1766588240976,2025-12-24,2,Erjohnson14,drop,2505,Darren Waller,TE,
